WIDTH=16;
DEPTH=16384;

ADDRESS_RADIX=UNS;
DATA_RADIX=UNS;

CONTENT BEGIN
0 : 65535;
1 : 65535;
2 : 65535;
3 : 65535;
4 : 65535;
5 : 65535;
6 : 65535;
7 : 65535;
8 : 65535;
9 : 65535;
10 : 65535;
11 : 65535;
12 : 65535;
13 : 65535;
14 : 65535;
15 : 65535;
16 : 65535;
17 : 65535;
18 : 65535;
19 : 65535;
20 : 65535;
21 : 65535;
22 : 65535;
23 : 65535;
24 : 65535;
25 : 65535;
26 : 65535;
27 : 65535;
28 : 65535;
29 : 65535;
30 : 65535;
31 : 65535;
32 : 65535;
33 : 65535;
34 : 65535;
35 : 65535;
36 : 65535;
37 : 65535;
38 : 65535;
39 : 65535;
40 : 65535;
41 : 65535;
42 : 65535;
43 : 65535;
44 : 65535;
45 : 65535;
46 : 65535;
47 : 65535;
48 : 65535;
49 : 65535;
50 : 65535;
51 : 65535;
52 : 59196;
53 : 65535;
54 : 65535;
55 : 65535;
56 : 65535;
57 : 65535;
58 : 65535;
59 : 65535;
60 : 65535;
61 : 65535;
62 : 65535;
63 : 65535;
64 : 65535;
65 : 65535;
66 : 65535;
67 : 65535;
68 : 65535;
69 : 65535;
70 : 65535;
71 : 65535;
72 : 65535;
73 : 65535;
74 : 65535;
75 : 65535;
76 : 65535;
77 : 65535;
78 : 65535;
79 : 65535;
80 : 65535;
81 : 65535;
82 : 65535;
83 : 65535;
84 : 65535;
85 : 65535;
86 : 65535;
87 : 65535;
88 : 65535;
89 : 65535;
90 : 65535;
91 : 65535;
92 : 65535;
93 : 65535;
94 : 65535;
95 : 65535;
96 : 65535;
97 : 65535;
98 : 65535;
99 : 65535;
100 : 65535;
101 : 65535;
102 : 65535;
103 : 65535;
104 : 65535;
105 : 65535;
106 : 65535;
107 : 65535;
108 : 65535;
109 : 65535;
110 : 65535;
111 : 65535;
112 : 65535;
113 : 65535;
114 : 65535;
115 : 65535;
116 : 65535;
117 : 65535;
118 : 65535;
119 : 65535;
120 : 65535;
121 : 65535;
122 : 65535;
123 : 65535;
124 : 65535;
125 : 65535;
126 : 65535;
127 : 65535;
128 : 65535;
129 : 65535;
130 : 65535;
131 : 65535;
132 : 65535;
133 : 65535;
134 : 65535;
135 : 65535;
136 : 65535;
137 : 65535;
138 : 65535;
139 : 65535;
140 : 65535;
141 : 65535;
142 : 65535;
143 : 65535;
144 : 65535;
145 : 65535;
146 : 65535;
147 : 65535;
148 : 65535;
149 : 65535;
150 : 65535;
151 : 65535;
152 : 65535;
153 : 65535;
154 : 65535;
155 : 65535;
156 : 65535;
157 : 65535;
158 : 65535;
159 : 65535;
160 : 65535;
161 : 65535;
162 : 65535;
163 : 65535;
164 : 65535;
165 : 65535;
166 : 65535;
167 : 65535;
168 : 65535;
169 : 65535;
170 : 65535;
171 : 65535;
172 : 65535;
173 : 65535;
174 : 65535;
175 : 65535;
176 : 65535;
177 : 65535;
178 : 61342;
179 : 40114;
180 : 44076;
181 : 44208;
182 : 61309;
183 : 65535;
184 : 65535;
185 : 65535;
186 : 65535;
187 : 65535;
188 : 65535;
189 : 65535;
190 : 65535;
191 : 65535;
192 : 65535;
193 : 65535;
194 : 65535;
195 : 65535;
196 : 65535;
197 : 65535;
198 : 65535;
199 : 65535;
200 : 65535;
201 : 65535;
202 : 65535;
203 : 65535;
204 : 65535;
205 : 65535;
206 : 65535;
207 : 65535;
208 : 65535;
209 : 65535;
210 : 65535;
211 : 65535;
212 : 65535;
213 : 65535;
214 : 65535;
215 : 65535;
216 : 65535;
217 : 65535;
218 : 65535;
219 : 65535;
220 : 65535;
221 : 65535;
222 : 65535;
223 : 65535;
224 : 65535;
225 : 65535;
226 : 65535;
227 : 65535;
228 : 65535;
229 : 65535;
230 : 65535;
231 : 65535;
232 : 65535;
233 : 65535;
234 : 65535;
235 : 65535;
236 : 65535;
237 : 65535;
238 : 65535;
239 : 65535;
240 : 65535;
241 : 65535;
242 : 65535;
243 : 65535;
244 : 65535;
245 : 65535;
246 : 65535;
247 : 65535;
248 : 65535;
249 : 65535;
250 : 65535;
251 : 65535;
252 : 65535;
253 : 65535;
254 : 65535;
255 : 65535;
256 : 65535;
257 : 65535;
258 : 65535;
259 : 65535;
260 : 65535;
261 : 65535;
262 : 65535;
263 : 65535;
264 : 65535;
265 : 65535;
266 : 65535;
267 : 65535;
268 : 65535;
269 : 65535;
270 : 65535;
271 : 65535;
272 : 65535;
273 : 65535;
274 : 65535;
275 : 65535;
276 : 65535;
277 : 65535;
278 : 65535;
279 : 65535;
280 : 65535;
281 : 65535;
282 : 65535;
283 : 65535;
284 : 65535;
285 : 65535;
286 : 65535;
287 : 65535;
288 : 65535;
289 : 65535;
290 : 65535;
291 : 65535;
292 : 65535;
293 : 65535;
294 : 65535;
295 : 65535;
296 : 65535;
297 : 65535;
298 : 65535;
299 : 65535;
300 : 65535;
301 : 65535;
302 : 65535;
303 : 65535;
304 : 65535;
305 : 61342;
306 : 46419;
307 : 58736;
308 : 64942;
309 : 62732;
310 : 48335;
311 : 61309;
312 : 65535;
313 : 65535;
314 : 65535;
315 : 65535;
316 : 65535;
317 : 65535;
318 : 65535;
319 : 65535;
320 : 65535;
321 : 65535;
322 : 65535;
323 : 65535;
324 : 65535;
325 : 65535;
326 : 65535;
327 : 65535;
328 : 65535;
329 : 65535;
330 : 65535;
331 : 65535;
332 : 65535;
333 : 65535;
334 : 65535;
335 : 65535;
336 : 65535;
337 : 65535;
338 : 65535;
339 : 65535;
340 : 65535;
341 : 65535;
342 : 65535;
343 : 65535;
344 : 65535;
345 : 65535;
346 : 65535;
347 : 65535;
348 : 65535;
349 : 65535;
350 : 65535;
351 : 65535;
352 : 65535;
353 : 65535;
354 : 65535;
355 : 65535;
356 : 65535;
357 : 65535;
358 : 65535;
359 : 65535;
360 : 65535;
361 : 65535;
362 : 65535;
363 : 65535;
364 : 65535;
365 : 65535;
366 : 65535;
367 : 65535;
368 : 65535;
369 : 65535;
370 : 65535;
371 : 65535;
372 : 65535;
373 : 65535;
374 : 65535;
375 : 65535;
376 : 65535;
377 : 65535;
378 : 65535;
379 : 65535;
380 : 65535;
381 : 65535;
382 : 65535;
383 : 65535;
384 : 65535;
385 : 65535;
386 : 65535;
387 : 65535;
388 : 65535;
389 : 65535;
390 : 65535;
391 : 65535;
392 : 65535;
393 : 65535;
394 : 65535;
395 : 65535;
396 : 65535;
397 : 65535;
398 : 65535;
399 : 65535;
400 : 65535;
401 : 65535;
402 : 65535;
403 : 65535;
404 : 65535;
405 : 65535;
406 : 65535;
407 : 65535;
408 : 65535;
409 : 65535;
410 : 65535;
411 : 65535;
412 : 65535;
413 : 65535;
414 : 65535;
415 : 65535;
416 : 65535;
417 : 65535;
418 : 65535;
419 : 65535;
420 : 65535;
421 : 65535;
422 : 65535;
423 : 65535;
424 : 65535;
425 : 65535;
426 : 65535;
427 : 65535;
428 : 65535;
429 : 63390;
430 : 44307;
431 : 52693;
432 : 46420;
433 : 44273;
434 : 60816;
435 : 37640;
436 : 48138;
437 : 64878;
438 : 62764;
439 : 46222;
440 : 59229;
441 : 65535;
442 : 65535;
443 : 65535;
444 : 65535;
445 : 65535;
446 : 65535;
447 : 65535;
448 : 65535;
449 : 65535;
450 : 65535;
451 : 65535;
452 : 65535;
453 : 65535;
454 : 65535;
455 : 65535;
456 : 65535;
457 : 65535;
458 : 65535;
459 : 65535;
460 : 65535;
461 : 65535;
462 : 65535;
463 : 65535;
464 : 65535;
465 : 65535;
466 : 65535;
467 : 65535;
468 : 65535;
469 : 65535;
470 : 65535;
471 : 65535;
472 : 65535;
473 : 65535;
474 : 65535;
475 : 65535;
476 : 65535;
477 : 65535;
478 : 65535;
479 : 65535;
480 : 65535;
481 : 65535;
482 : 65535;
483 : 65535;
484 : 65535;
485 : 65535;
486 : 65535;
487 : 65535;
488 : 65535;
489 : 65535;
490 : 65535;
491 : 65535;
492 : 65535;
493 : 65535;
494 : 65535;
495 : 65535;
496 : 65535;
497 : 65535;
498 : 65535;
499 : 65535;
500 : 65535;
501 : 65535;
502 : 65535;
503 : 65535;
504 : 65535;
505 : 65535;
506 : 65535;
507 : 65535;
508 : 65535;
509 : 65535;
510 : 65535;
511 : 65535;
512 : 65535;
513 : 65535;
514 : 65535;
515 : 65535;
516 : 65535;
517 : 65535;
518 : 65535;
519 : 65535;
520 : 65535;
521 : 65535;
522 : 65535;
523 : 65535;
524 : 65535;
525 : 65535;
526 : 65535;
527 : 65535;
528 : 65535;
529 : 65535;
530 : 65535;
531 : 65535;
532 : 65535;
533 : 65535;
534 : 65535;
535 : 65535;
536 : 65535;
537 : 65535;
538 : 65535;
539 : 65535;
540 : 65535;
541 : 65535;
542 : 65535;
543 : 65535;
544 : 65535;
545 : 65535;
546 : 65535;
547 : 65535;
548 : 65535;
549 : 65535;
550 : 65535;
551 : 65535;
552 : 65535;
553 : 65535;
554 : 65535;
555 : 65535;
556 : 65535;
557 : 54905;
558 : 56688;
559 : 62929;
560 : 54608;
561 : 62929;
562 : 54411;
563 : 48106;
564 : 58604;
565 : 64845;
566 : 64845;
567 : 62732;
568 : 48269;
569 : 44307;
570 : 50744;
571 : 52857;
572 : 50712;
573 : 50744;
574 : 52857;
575 : 54971;
576 : 63423;
577 : 65535;
578 : 65535;
579 : 65535;
580 : 65535;
581 : 65535;
582 : 65535;
583 : 65535;
584 : 65535;
585 : 65535;
586 : 65535;
587 : 65535;
588 : 65535;
589 : 65535;
590 : 65535;
591 : 65535;
592 : 65535;
593 : 65535;
594 : 65535;
595 : 65535;
596 : 65535;
597 : 65535;
598 : 65535;
599 : 65535;
600 : 65535;
601 : 65535;
602 : 65535;
603 : 65535;
604 : 65535;
605 : 65535;
606 : 65535;
607 : 65535;
608 : 65535;
609 : 65535;
610 : 65535;
611 : 65535;
612 : 65535;
613 : 65535;
614 : 65535;
615 : 65535;
616 : 65535;
617 : 65535;
618 : 65535;
619 : 65535;
620 : 65535;
621 : 65535;
622 : 65535;
623 : 65535;
624 : 65535;
625 : 65535;
626 : 65535;
627 : 65535;
628 : 65535;
629 : 65535;
630 : 65535;
631 : 65535;
632 : 65535;
633 : 65535;
634 : 65535;
635 : 65535;
636 : 65535;
637 : 65535;
638 : 65535;
639 : 65535;
640 : 65535;
641 : 65535;
642 : 65535;
643 : 65535;
644 : 65535;
645 : 65535;
646 : 65535;
647 : 65535;
648 : 65535;
649 : 65535;
650 : 65535;
651 : 65535;
652 : 65535;
653 : 65535;
654 : 65535;
655 : 65535;
656 : 65535;
657 : 65535;
658 : 65535;
659 : 65535;
660 : 65535;
661 : 65535;
662 : 65535;
663 : 65535;
664 : 65535;
665 : 65535;
666 : 65535;
667 : 65535;
668 : 65535;
669 : 65535;
670 : 65535;
671 : 65535;
672 : 65535;
673 : 65535;
674 : 65535;
675 : 65535;
676 : 65535;
677 : 65535;
678 : 65535;
679 : 65535;
680 : 65535;
681 : 65535;
682 : 65535;
683 : 65535;
684 : 65535;
685 : 54839;
686 : 60750;
687 : 65075;
688 : 65009;
689 : 64878;
690 : 64845;
691 : 64878;
692 : 64877;
693 : 64845;
694 : 64845;
695 : 64845;
696 : 64845;
697 : 58571;
698 : 50218;
699 : 48138;
700 : 46025;
701 : 52331;
702 : 54477;
703 : 52397;
704 : 37836;
705 : 57083;
706 : 65535;
707 : 65535;
708 : 65535;
709 : 65535;
710 : 65535;
711 : 65535;
712 : 65535;
713 : 65535;
714 : 65535;
715 : 65535;
716 : 65535;
717 : 65535;
718 : 65535;
719 : 65535;
720 : 65535;
721 : 65535;
722 : 65535;
723 : 65535;
724 : 65535;
725 : 65535;
726 : 65535;
727 : 65535;
728 : 65535;
729 : 65535;
730 : 65535;
731 : 65535;
732 : 65535;
733 : 65535;
734 : 65535;
735 : 65535;
736 : 65535;
737 : 65535;
738 : 65535;
739 : 65535;
740 : 65535;
741 : 65535;
742 : 65535;
743 : 65535;
744 : 65535;
745 : 65535;
746 : 65535;
747 : 65535;
748 : 65535;
749 : 65535;
750 : 65535;
751 : 65535;
752 : 65535;
753 : 65535;
754 : 65535;
755 : 65535;
756 : 65535;
757 : 65535;
758 : 65535;
759 : 65535;
760 : 65535;
761 : 65535;
762 : 65535;
763 : 65535;
764 : 65535;
765 : 65535;
766 : 65535;
767 : 65535;
768 : 65535;
769 : 65535;
770 : 65535;
771 : 65535;
772 : 65535;
773 : 65535;
774 : 65535;
775 : 65535;
776 : 65535;
777 : 65535;
778 : 65535;
779 : 65535;
780 : 65535;
781 : 65535;
782 : 65535;
783 : 65535;
784 : 65535;
785 : 65535;
786 : 65535;
787 : 65535;
788 : 65535;
789 : 65535;
790 : 65535;
791 : 65535;
792 : 65535;
793 : 65535;
794 : 65535;
795 : 65535;
796 : 65535;
797 : 65535;
798 : 65535;
799 : 65535;
800 : 65535;
801 : 65535;
802 : 65535;
803 : 65535;
804 : 65535;
805 : 65535;
806 : 65535;
807 : 65535;
808 : 65535;
809 : 65535;
810 : 65535;
811 : 65535;
812 : 65535;
813 : 52759;
814 : 58572;
815 : 64910;
816 : 64878;
817 : 64845;
818 : 64845;
819 : 62732;
820 : 60651;
821 : 62732;
822 : 64845;
823 : 64845;
824 : 64845;
825 : 64845;
826 : 64877;
827 : 56491;
828 : 29318;
829 : 23209;
830 : 31596;
831 : 39917;
832 : 45960;
833 : 39949;
834 : 63422;
835 : 65535;
836 : 65535;
837 : 65535;
838 : 65535;
839 : 65535;
840 : 65535;
841 : 65535;
842 : 65535;
843 : 65535;
844 : 65535;
845 : 65535;
846 : 65535;
847 : 65535;
848 : 65535;
849 : 65535;
850 : 65535;
851 : 65535;
852 : 65535;
853 : 65535;
854 : 65535;
855 : 65535;
856 : 65535;
857 : 65535;
858 : 65535;
859 : 65535;
860 : 65535;
861 : 65535;
862 : 65535;
863 : 65535;
864 : 65535;
865 : 65535;
866 : 65535;
867 : 65535;
868 : 65535;
869 : 65535;
870 : 65535;
871 : 65535;
872 : 65535;
873 : 65535;
874 : 65535;
875 : 65535;
876 : 65535;
877 : 65535;
878 : 65535;
879 : 65535;
880 : 65535;
881 : 65535;
882 : 65535;
883 : 65535;
884 : 65535;
885 : 65535;
886 : 65535;
887 : 65535;
888 : 65535;
889 : 65535;
890 : 65535;
891 : 65535;
892 : 65535;
893 : 65535;
894 : 65535;
895 : 65535;
896 : 65535;
897 : 65535;
898 : 65535;
899 : 65535;
900 : 65535;
901 : 65535;
902 : 65535;
903 : 65535;
904 : 65535;
905 : 65535;
906 : 65535;
907 : 65535;
908 : 65535;
909 : 65535;
910 : 65535;
911 : 65535;
912 : 65535;
913 : 65535;
914 : 65535;
915 : 65535;
916 : 65535;
917 : 65535;
918 : 65535;
919 : 65535;
920 : 65535;
921 : 65535;
922 : 65535;
923 : 65535;
924 : 65535;
925 : 65535;
926 : 65535;
927 : 65535;
928 : 65535;
929 : 65535;
930 : 65535;
931 : 65535;
932 : 65535;
933 : 65535;
934 : 65535;
935 : 65535;
936 : 65535;
937 : 65535;
938 : 65535;
939 : 65535;
940 : 65535;
941 : 52824;
942 : 58572;
943 : 64845;
944 : 64845;
945 : 62764;
946 : 52298;
947 : 37671;
948 : 33545;
949 : 41931;
950 : 58539;
951 : 62764;
952 : 64844;
953 : 64844;
954 : 64845;
955 : 64845;
956 : 52331;
957 : 23274;
958 : 23570;
959 : 50909;
960 : 33775;
961 : 48072;
962 : 50580;
963 : 65535;
964 : 65535;
965 : 65535;
966 : 65535;
967 : 65535;
968 : 65535;
969 : 65535;
970 : 65535;
971 : 65535;
972 : 65535;
973 : 65535;
974 : 65535;
975 : 65535;
976 : 65535;
977 : 65535;
978 : 65535;
979 : 65535;
980 : 65535;
981 : 65535;
982 : 65535;
983 : 65535;
984 : 65535;
985 : 65535;
986 : 65535;
987 : 65535;
988 : 65535;
989 : 65535;
990 : 65535;
991 : 65535;
992 : 65535;
993 : 65535;
994 : 65535;
995 : 65535;
996 : 65535;
997 : 65535;
998 : 65535;
999 : 65535;
1000 : 65535;
1001 : 65535;
1002 : 65535;
1003 : 65535;
1004 : 65535;
1005 : 65535;
1006 : 65535;
1007 : 65535;
1008 : 65535;
1009 : 65535;
1010 : 65535;
1011 : 65535;
1012 : 65535;
1013 : 65535;
1014 : 65535;
1015 : 65535;
1016 : 65535;
1017 : 65535;
1018 : 65535;
1019 : 65535;
1020 : 65535;
1021 : 65535;
1022 : 65535;
1023 : 65535;
1024 : 65535;
1025 : 65535;
1026 : 65535;
1027 : 65535;
1028 : 65535;
1029 : 65535;
1030 : 65535;
1031 : 65535;
1032 : 65535;
1033 : 65535;
1034 : 65535;
1035 : 65535;
1036 : 65535;
1037 : 65535;
1038 : 65535;
1039 : 65535;
1040 : 65535;
1041 : 65535;
1042 : 65535;
1043 : 65535;
1044 : 65535;
1045 : 65535;
1046 : 65535;
1047 : 65535;
1048 : 65535;
1049 : 65535;
1050 : 65535;
1051 : 65535;
1052 : 65535;
1053 : 65535;
1054 : 65535;
1055 : 65535;
1056 : 65535;
1057 : 65535;
1058 : 65535;
1059 : 65535;
1060 : 65535;
1061 : 65535;
1062 : 65503;
1063 : 61277;
1064 : 65535;
1065 : 65535;
1066 : 65535;
1067 : 65535;
1068 : 65535;
1069 : 57051;
1070 : 48138;
1071 : 64844;
1072 : 60652;
1073 : 54346;
1074 : 37639;
1075 : 48073;
1076 : 40081;
1077 : 46684;
1078 : 33610;
1079 : 54378;
1080 : 62732;
1081 : 64812;
1082 : 64844;
1083 : 64845;
1084 : 64877;
1085 : 64812;
1086 : 43978;
1087 : 52825;
1088 : 52857;
1089 : 41865;
1090 : 50218;
1091 : 54937;
1092 : 65535;
1093 : 65535;
1094 : 65535;
1095 : 65535;
1096 : 65535;
1097 : 65535;
1098 : 65535;
1099 : 65535;
1100 : 65535;
1101 : 65535;
1102 : 65535;
1103 : 65535;
1104 : 65535;
1105 : 65535;
1106 : 65535;
1107 : 65535;
1108 : 65535;
1109 : 65535;
1110 : 65535;
1111 : 65535;
1112 : 65535;
1113 : 65535;
1114 : 65535;
1115 : 65535;
1116 : 65535;
1117 : 65535;
1118 : 65535;
1119 : 65535;
1120 : 65535;
1121 : 65535;
1122 : 65535;
1123 : 65535;
1124 : 65535;
1125 : 65535;
1126 : 65535;
1127 : 65535;
1128 : 65535;
1129 : 65535;
1130 : 65535;
1131 : 65535;
1132 : 65535;
1133 : 65535;
1134 : 65535;
1135 : 65535;
1136 : 65535;
1137 : 65535;
1138 : 65535;
1139 : 65535;
1140 : 65535;
1141 : 65535;
1142 : 65535;
1143 : 65535;
1144 : 65535;
1145 : 65535;
1146 : 65535;
1147 : 65535;
1148 : 65535;
1149 : 65535;
1150 : 65535;
1151 : 65535;
1152 : 65535;
1153 : 65535;
1154 : 65535;
1155 : 65535;
1156 : 65535;
1157 : 65535;
1158 : 65535;
1159 : 65535;
1160 : 65535;
1161 : 65535;
1162 : 65535;
1163 : 65535;
1164 : 65535;
1165 : 65535;
1166 : 65535;
1167 : 65535;
1168 : 65535;
1169 : 65535;
1170 : 65535;
1171 : 65535;
1172 : 65535;
1173 : 65535;
1174 : 65535;
1175 : 65535;
1176 : 65535;
1177 : 65535;
1178 : 65535;
1179 : 65535;
1180 : 65535;
1181 : 65535;
1182 : 65535;
1183 : 65535;
1184 : 65535;
1185 : 65535;
1186 : 65535;
1187 : 65535;
1188 : 65535;
1189 : 65535;
1190 : 46289;
1191 : 41866;
1192 : 48566;
1193 : 65535;
1194 : 65535;
1195 : 65535;
1196 : 65535;
1197 : 65535;
1198 : 35888;
1199 : 41833;
1200 : 52266;
1201 : 39752;
1202 : 52298;
1203 : 56458;
1204 : 42094;
1205 : 46617;
1206 : 46026;
1207 : 41832;
1208 : 43945;
1209 : 56459;
1210 : 60652;
1211 : 62732;
1212 : 60652;
1213 : 60652;
1214 : 62732;
1215 : 52331;
1216 : 44307;
1217 : 41898;
1218 : 52266;
1219 : 50284;
1220 : 59164;
1221 : 65535;
1222 : 65535;
1223 : 65535;
1224 : 65535;
1225 : 65535;
1226 : 65535;
1227 : 65535;
1228 : 65535;
1229 : 65535;
1230 : 65535;
1231 : 65535;
1232 : 65535;
1233 : 65535;
1234 : 65535;
1235 : 65535;
1236 : 65535;
1237 : 65535;
1238 : 65535;
1239 : 65535;
1240 : 65535;
1241 : 65535;
1242 : 65535;
1243 : 65535;
1244 : 65535;
1245 : 65535;
1246 : 65535;
1247 : 65535;
1248 : 65535;
1249 : 65535;
1250 : 65535;
1251 : 65535;
1252 : 65535;
1253 : 65535;
1254 : 65535;
1255 : 65535;
1256 : 65535;
1257 : 65535;
1258 : 65535;
1259 : 65535;
1260 : 65535;
1261 : 65535;
1262 : 65535;
1263 : 65535;
1264 : 65535;
1265 : 65535;
1266 : 65535;
1267 : 65535;
1268 : 65535;
1269 : 65535;
1270 : 65535;
1271 : 65535;
1272 : 65535;
1273 : 65535;
1274 : 65535;
1275 : 65535;
1276 : 65535;
1277 : 65535;
1278 : 65535;
1279 : 65535;
1280 : 65535;
1281 : 65535;
1282 : 65535;
1283 : 65535;
1284 : 65535;
1285 : 65535;
1286 : 65535;
1287 : 65535;
1288 : 65535;
1289 : 65535;
1290 : 65535;
1291 : 65535;
1292 : 65535;
1293 : 65535;
1294 : 65535;
1295 : 65535;
1296 : 65535;
1297 : 65535;
1298 : 65535;
1299 : 65535;
1300 : 65535;
1301 : 65535;
1302 : 65535;
1303 : 65535;
1304 : 65535;
1305 : 65535;
1306 : 65535;
1307 : 65535;
1308 : 65535;
1309 : 65535;
1310 : 65535;
1311 : 65535;
1312 : 65535;
1313 : 65535;
1314 : 65535;
1315 : 65535;
1316 : 65535;
1317 : 48500;
1318 : 50121;
1319 : 50122;
1320 : 41965;
1321 : 65535;
1322 : 65535;
1323 : 65535;
1324 : 65535;
1325 : 65535;
1326 : 48599;
1327 : 37672;
1328 : 46025;
1329 : 54346;
1330 : 56459;
1331 : 56459;
1332 : 41898;
1333 : 41997;
1334 : 54379;
1335 : 54379;
1336 : 46025;
1337 : 39752;
1338 : 46025;
1339 : 54379;
1340 : 54411;
1341 : 54379;
1342 : 54379;
1343 : 56459;
1344 : 48105;
1345 : 39752;
1346 : 52298;
1347 : 58507;
1348 : 44011;
1349 : 52857;
1350 : 65535;
1351 : 65535;
1352 : 65535;
1353 : 65535;
1354 : 65535;
1355 : 65535;
1356 : 65535;
1357 : 65535;
1358 : 65535;
1359 : 65535;
1360 : 65535;
1361 : 65535;
1362 : 65535;
1363 : 65535;
1364 : 65535;
1365 : 65535;
1366 : 65535;
1367 : 65535;
1368 : 65535;
1369 : 65535;
1370 : 65535;
1371 : 65535;
1372 : 65535;
1373 : 65535;
1374 : 65535;
1375 : 65535;
1376 : 65535;
1377 : 65535;
1378 : 65535;
1379 : 65535;
1380 : 65535;
1381 : 65535;
1382 : 65535;
1383 : 65535;
1384 : 65535;
1385 : 65535;
1386 : 65535;
1387 : 65535;
1388 : 65535;
1389 : 65535;
1390 : 65535;
1391 : 65535;
1392 : 65535;
1393 : 65535;
1394 : 65535;
1395 : 65535;
1396 : 65535;
1397 : 65535;
1398 : 65535;
1399 : 65535;
1400 : 65535;
1401 : 65535;
1402 : 65535;
1403 : 65535;
1404 : 65535;
1405 : 65535;
1406 : 65535;
1407 : 65535;
1408 : 65535;
1409 : 65535;
1410 : 65535;
1411 : 65535;
1412 : 65535;
1413 : 65535;
1414 : 65535;
1415 : 65535;
1416 : 65535;
1417 : 65535;
1418 : 65535;
1419 : 65535;
1420 : 65535;
1421 : 65535;
1422 : 65535;
1423 : 65535;
1424 : 65535;
1425 : 65535;
1426 : 65535;
1427 : 65535;
1428 : 65535;
1429 : 65535;
1430 : 65535;
1431 : 65535;
1432 : 65535;
1433 : 65535;
1434 : 65535;
1435 : 65535;
1436 : 65535;
1437 : 65535;
1438 : 65535;
1439 : 65535;
1440 : 65535;
1441 : 65535;
1442 : 65535;
1443 : 65535;
1444 : 54872;
1445 : 48074;
1446 : 54347;
1447 : 48041;
1448 : 39884;
1449 : 65503;
1450 : 65535;
1451 : 65535;
1452 : 65535;
1453 : 65535;
1454 : 59164;
1455 : 50219;
1456 : 58539;
1457 : 56459;
1458 : 56459;
1459 : 54379;
1460 : 54379;
1461 : 54346;
1462 : 54379;
1463 : 54379;
1464 : 54411;
1465 : 54379;
1466 : 50186;
1467 : 43945;
1468 : 43913;
1469 : 48138;
1470 : 54379;
1471 : 54411;
1472 : 54411;
1473 : 52266;
1474 : 54379;
1475 : 54379;
1476 : 58506;
1477 : 39817;
1478 : 50679;
1479 : 65535;
1480 : 65535;
1481 : 65535;
1482 : 65535;
1483 : 65535;
1484 : 65535;
1485 : 65535;
1486 : 65535;
1487 : 65535;
1488 : 65535;
1489 : 65535;
1490 : 65535;
1491 : 65535;
1492 : 65535;
1493 : 65535;
1494 : 65535;
1495 : 65535;
1496 : 65535;
1497 : 65535;
1498 : 65535;
1499 : 65535;
1500 : 65535;
1501 : 65535;
1502 : 65535;
1503 : 65535;
1504 : 65535;
1505 : 65535;
1506 : 65535;
1507 : 65535;
1508 : 65535;
1509 : 65535;
1510 : 65535;
1511 : 65535;
1512 : 65535;
1513 : 65535;
1514 : 65535;
1515 : 65535;
1516 : 65535;
1517 : 65535;
1518 : 65535;
1519 : 65535;
1520 : 65535;
1521 : 65535;
1522 : 65535;
1523 : 65535;
1524 : 65535;
1525 : 65535;
1526 : 65535;
1527 : 65535;
1528 : 65535;
1529 : 65535;
1530 : 65535;
1531 : 65535;
1532 : 65535;
1533 : 65535;
1534 : 65535;
1535 : 65535;
1536 : 65535;
1537 : 65535;
1538 : 65535;
1539 : 65535;
1540 : 65535;
1541 : 65535;
1542 : 65535;
1543 : 65535;
1544 : 65535;
1545 : 65535;
1546 : 65535;
1547 : 65535;
1548 : 65535;
1549 : 65535;
1550 : 65535;
1551 : 65535;
1552 : 65535;
1553 : 65535;
1554 : 65535;
1555 : 65535;
1556 : 65535;
1557 : 65535;
1558 : 65535;
1559 : 65535;
1560 : 65535;
1561 : 65535;
1562 : 65535;
1563 : 65535;
1564 : 65535;
1565 : 65535;
1566 : 65535;
1567 : 65535;
1568 : 65535;
1569 : 65535;
1570 : 65535;
1571 : 61277;
1572 : 48140;
1573 : 54314;
1574 : 50154;
1575 : 41834;
1576 : 54905;
1577 : 65535;
1578 : 65535;
1579 : 65535;
1580 : 65535;
1581 : 65535;
1582 : 63455;
1583 : 54511;
1584 : 60619;
1585 : 56459;
1586 : 54379;
1587 : 54379;
1588 : 54379;
1589 : 54379;
1590 : 54379;
1591 : 54379;
1592 : 54379;
1593 : 54379;
1594 : 54379;
1595 : 54379;
1596 : 48106;
1597 : 41832;
1598 : 33447;
1599 : 37673;
1600 : 54379;
1601 : 54379;
1602 : 54379;
1603 : 54379;
1604 : 54379;
1605 : 62732;
1606 : 54411;
1607 : 48500;
1608 : 65503;
1609 : 65535;
1610 : 65535;
1611 : 65535;
1612 : 65535;
1613 : 65535;
1614 : 65535;
1615 : 65535;
1616 : 65535;
1617 : 65535;
1618 : 65535;
1619 : 65535;
1620 : 65535;
1621 : 65535;
1622 : 65535;
1623 : 65535;
1624 : 65535;
1625 : 65535;
1626 : 65535;
1627 : 65535;
1628 : 65535;
1629 : 65535;
1630 : 65535;
1631 : 65535;
1632 : 65535;
1633 : 65535;
1634 : 65535;
1635 : 63455;
1636 : 65535;
1637 : 65535;
1638 : 65535;
1639 : 65535;
1640 : 65535;
1641 : 65535;
1642 : 65535;
1643 : 65535;
1644 : 65535;
1645 : 65535;
1646 : 65535;
1647 : 65535;
1648 : 65535;
1649 : 65535;
1650 : 65535;
1651 : 65535;
1652 : 65535;
1653 : 65535;
1654 : 65535;
1655 : 65535;
1656 : 65535;
1657 : 65535;
1658 : 65535;
1659 : 65535;
1660 : 65535;
1661 : 65535;
1662 : 65535;
1663 : 65535;
1664 : 65535;
1665 : 65535;
1666 : 65535;
1667 : 65535;
1668 : 65535;
1669 : 65535;
1670 : 65535;
1671 : 65535;
1672 : 65535;
1673 : 65535;
1674 : 65535;
1675 : 65535;
1676 : 65535;
1677 : 65535;
1678 : 65535;
1679 : 65535;
1680 : 65535;
1681 : 65535;
1682 : 65535;
1683 : 65535;
1684 : 65535;
1685 : 65535;
1686 : 65535;
1687 : 65535;
1688 : 65535;
1689 : 65535;
1690 : 65535;
1691 : 65535;
1692 : 65535;
1693 : 65535;
1694 : 65535;
1695 : 65535;
1696 : 65535;
1697 : 61342;
1698 : 50744;
1699 : 44078;
1700 : 56362;
1701 : 52234;
1702 : 43881;
1703 : 50646;
1704 : 65535;
1705 : 65535;
1706 : 65535;
1707 : 65535;
1708 : 65535;
1709 : 65535;
1710 : 65535;
1711 : 50481;
1712 : 64812;
1713 : 56491;
1714 : 54379;
1715 : 54379;
1716 : 54379;
1717 : 54379;
1718 : 54379;
1719 : 54379;
1720 : 54379;
1721 : 54379;
1722 : 54379;
1723 : 54379;
1724 : 54411;
1725 : 56459;
1726 : 52298;
1727 : 33482;
1728 : 43946;
1729 : 56459;
1730 : 54379;
1731 : 54379;
1732 : 54379;
1733 : 54379;
1734 : 60651;
1735 : 56458;
1736 : 44176;
1737 : 59229;
1738 : 65535;
1739 : 65535;
1740 : 65535;
1741 : 65535;
1742 : 65535;
1743 : 65535;
1744 : 65535;
1745 : 65535;
1746 : 65535;
1747 : 65535;
1748 : 65535;
1749 : 65535;
1750 : 65535;
1751 : 65535;
1752 : 65535;
1753 : 65535;
1754 : 65535;
1755 : 65535;
1756 : 65535;
1757 : 65535;
1758 : 65535;
1759 : 65535;
1760 : 65535;
1761 : 65535;
1762 : 48566;
1763 : 37837;
1764 : 54905;
1765 : 65535;
1766 : 65535;
1767 : 65535;
1768 : 65535;
1769 : 65535;
1770 : 65535;
1771 : 65535;
1772 : 65535;
1773 : 65535;
1774 : 65535;
1775 : 65535;
1776 : 65535;
1777 : 65535;
1778 : 65535;
1779 : 65535;
1780 : 65535;
1781 : 65535;
1782 : 65535;
1783 : 65535;
1784 : 65535;
1785 : 65535;
1786 : 65535;
1787 : 65535;
1788 : 65535;
1789 : 65535;
1790 : 65535;
1791 : 65535;
1792 : 65535;
1793 : 65535;
1794 : 65535;
1795 : 65535;
1796 : 65535;
1797 : 65535;
1798 : 65535;
1799 : 65535;
1800 : 65535;
1801 : 65535;
1802 : 65535;
1803 : 65535;
1804 : 65535;
1805 : 65535;
1806 : 65535;
1807 : 65535;
1808 : 65535;
1809 : 65535;
1810 : 65535;
1811 : 65535;
1812 : 65535;
1813 : 65535;
1814 : 65535;
1815 : 65535;
1816 : 65535;
1817 : 65535;
1818 : 65535;
1819 : 65535;
1820 : 61309;
1821 : 54970;
1822 : 52759;
1823 : 48435;
1824 : 46223;
1825 : 46092;
1826 : 37607;
1827 : 50121;
1828 : 54347;
1829 : 48009;
1830 : 46289;
1831 : 65535;
1832 : 65535;
1833 : 65535;
1834 : 65535;
1835 : 65535;
1836 : 65535;
1837 : 65535;
1838 : 65535;
1839 : 50613;
1840 : 62732;
1841 : 60652;
1842 : 54411;
1843 : 56459;
1844 : 54411;
1845 : 54411;
1846 : 54379;
1847 : 54379;
1848 : 54379;
1849 : 54379;
1850 : 54379;
1851 : 54379;
1852 : 54379;
1853 : 54379;
1854 : 54379;
1855 : 52298;
1856 : 39752;
1857 : 54379;
1858 : 54379;
1859 : 54379;
1860 : 54379;
1861 : 54379;
1862 : 54379;
1863 : 58539;
1864 : 58538;
1865 : 44076;
1866 : 52792;
1867 : 65535;
1868 : 65535;
1869 : 65535;
1870 : 65535;
1871 : 65535;
1872 : 65535;
1873 : 65535;
1874 : 65535;
1875 : 65535;
1876 : 65535;
1877 : 65535;
1878 : 65535;
1879 : 65535;
1880 : 65535;
1881 : 65535;
1882 : 65535;
1883 : 65535;
1884 : 65535;
1885 : 65535;
1886 : 65535;
1887 : 65535;
1888 : 65535;
1889 : 57083;
1890 : 46125;
1891 : 58573;
1892 : 46092;
1893 : 63390;
1894 : 65535;
1895 : 65535;
1896 : 65535;
1897 : 65535;
1898 : 65535;
1899 : 65535;
1900 : 65535;
1901 : 65535;
1902 : 65535;
1903 : 65535;
1904 : 65535;
1905 : 65535;
1906 : 65535;
1907 : 65535;
1908 : 65535;
1909 : 65535;
1910 : 65535;
1911 : 65535;
1912 : 65535;
1913 : 65535;
1914 : 65535;
1915 : 65535;
1916 : 65535;
1917 : 65535;
1918 : 65535;
1919 : 65535;
1920 : 65535;
1921 : 65535;
1922 : 65535;
1923 : 65535;
1924 : 65535;
1925 : 65535;
1926 : 65535;
1927 : 65535;
1928 : 65535;
1929 : 65535;
1930 : 65535;
1931 : 65535;
1932 : 65535;
1933 : 65535;
1934 : 65535;
1935 : 65535;
1936 : 65535;
1937 : 65535;
1938 : 65535;
1939 : 65535;
1940 : 65535;
1941 : 65535;
1942 : 65535;
1943 : 54938;
1944 : 48566;
1945 : 48467;
1946 : 46256;
1947 : 44110;
1948 : 43979;
1949 : 48041;
1950 : 50153;
1951 : 54282;
1952 : 56394;
1953 : 56394;
1954 : 48041;
1955 : 56395;
1956 : 50154;
1957 : 44012;
1958 : 61342;
1959 : 65535;
1960 : 65535;
1961 : 65535;
1962 : 65535;
1963 : 65535;
1964 : 65535;
1965 : 65535;
1966 : 65535;
1967 : 54937;
1968 : 56492;
1969 : 64813;
1970 : 56459;
1971 : 56459;
1972 : 56459;
1973 : 56459;
1974 : 56459;
1975 : 54379;
1976 : 54379;
1977 : 54379;
1978 : 54379;
1979 : 54379;
1980 : 54379;
1981 : 54379;
1982 : 54379;
1983 : 56459;
1984 : 46058;
1985 : 50186;
1986 : 54379;
1987 : 54379;
1988 : 50186;
1989 : 50185;
1990 : 56427;
1991 : 54379;
1992 : 56459;
1993 : 60619;
1994 : 50218;
1995 : 46354;
1996 : 61309;
1997 : 65535;
1998 : 65535;
1999 : 65535;
2000 : 65535;
2001 : 65535;
2002 : 65535;
2003 : 65535;
2004 : 65535;
2005 : 65535;
2006 : 65535;
2007 : 65535;
2008 : 65535;
2009 : 65535;
2010 : 65535;
2011 : 65535;
2012 : 65535;
2013 : 65535;
2014 : 65535;
2015 : 65535;
2016 : 65535;
2017 : 59196;
2018 : 46092;
2019 : 58475;
2020 : 52201;
2021 : 50646;
2022 : 65535;
2023 : 65535;
2024 : 65535;
2025 : 65535;
2026 : 65535;
2027 : 65535;
2028 : 65535;
2029 : 65535;
2030 : 65535;
2031 : 65535;
2032 : 65535;
2033 : 65535;
2034 : 65535;
2035 : 65535;
2036 : 65535;
2037 : 65535;
2038 : 65535;
2039 : 65535;
2040 : 65535;
2041 : 65535;
2042 : 65535;
2043 : 65535;
2044 : 65535;
2045 : 65535;
2046 : 65535;
2047 : 65535;
2048 : 65535;
2049 : 65535;
2050 : 65535;
2051 : 65535;
2052 : 65535;
2053 : 65535;
2054 : 65535;
2055 : 65535;
2056 : 65535;
2057 : 65535;
2058 : 65535;
2059 : 65535;
2060 : 65535;
2061 : 65535;
2062 : 65535;
2063 : 65535;
2064 : 65535;
2065 : 65535;
2066 : 65535;
2067 : 65535;
2068 : 65535;
2069 : 65535;
2070 : 44307;
2071 : 39851;
2072 : 52299;
2073 : 54314;
2074 : 56362;
2075 : 56394;
2076 : 58475;
2077 : 58475;
2078 : 56427;
2079 : 56427;
2080 : 56427;
2081 : 56427;
2082 : 56427;
2083 : 54315;
2084 : 41768;
2085 : 42226;
2086 : 65535;
2087 : 65535;
2088 : 65535;
2089 : 65535;
2090 : 65535;
2091 : 65535;
2092 : 65535;
2093 : 65535;
2094 : 65535;
2095 : 61310;
2096 : 44076;
2097 : 64877;
2098 : 60652;
2099 : 56459;
2100 : 56459;
2101 : 56459;
2102 : 56459;
2103 : 54379;
2104 : 54379;
2105 : 54379;
2106 : 54379;
2107 : 54379;
2108 : 54379;
2109 : 54379;
2110 : 54379;
2111 : 54379;
2112 : 52298;
2113 : 50186;
2114 : 54379;
2115 : 56459;
2116 : 43946;
2117 : 35789;
2118 : 37738;
2119 : 48073;
2120 : 54378;
2121 : 54379;
2122 : 58539;
2123 : 60652;
2124 : 44208;
2125 : 57083;
2126 : 65535;
2127 : 65535;
2128 : 65535;
2129 : 65535;
2130 : 65535;
2131 : 65535;
2132 : 65535;
2133 : 65535;
2134 : 65535;
2135 : 65535;
2136 : 65535;
2137 : 65535;
2138 : 65535;
2139 : 65535;
2140 : 65535;
2141 : 65535;
2142 : 65535;
2143 : 65535;
2144 : 65535;
2145 : 65535;
2146 : 48500;
2147 : 52233;
2148 : 56394;
2149 : 44044;
2150 : 63422;
2151 : 65535;
2152 : 65535;
2153 : 65535;
2154 : 65535;
2155 : 65535;
2156 : 65535;
2157 : 65535;
2158 : 65535;
2159 : 65535;
2160 : 65535;
2161 : 65535;
2162 : 65535;
2163 : 65535;
2164 : 65535;
2165 : 65535;
2166 : 65535;
2167 : 65535;
2168 : 65535;
2169 : 65535;
2170 : 65535;
2171 : 65535;
2172 : 65535;
2173 : 65535;
2174 : 65535;
2175 : 65535;
2176 : 65535;
2177 : 65535;
2178 : 65535;
2179 : 65535;
2180 : 65535;
2181 : 65535;
2182 : 65535;
2183 : 65535;
2184 : 65535;
2185 : 65535;
2186 : 65535;
2187 : 65535;
2188 : 65535;
2189 : 65535;
2190 : 65535;
2191 : 65535;
2192 : 65535;
2193 : 65535;
2194 : 65535;
2195 : 65535;
2196 : 65535;
2197 : 48566;
2198 : 46092;
2199 : 58671;
2200 : 58573;
2201 : 56427;
2202 : 56427;
2203 : 56427;
2204 : 56395;
2205 : 56395;
2206 : 56395;
2207 : 56395;
2208 : 56395;
2209 : 56395;
2210 : 56395;
2211 : 50154;
2212 : 33414;
2213 : 48566;
2214 : 65535;
2215 : 65535;
2216 : 65535;
2217 : 65535;
2218 : 65535;
2219 : 65535;
2220 : 65535;
2221 : 65535;
2222 : 65535;
2223 : 65535;
2224 : 44307;
2225 : 56459;
2226 : 64877;
2227 : 60652;
2228 : 56459;
2229 : 56459;
2230 : 56459;
2231 : 54411;
2232 : 54379;
2233 : 54379;
2234 : 54379;
2235 : 54379;
2236 : 54379;
2237 : 54379;
2238 : 54379;
2239 : 54379;
2240 : 54379;
2241 : 54379;
2242 : 54379;
2243 : 54379;
2244 : 46092;
2245 : 61374;
2246 : 59229;
2247 : 48566;
2248 : 44109;
2249 : 52234;
2250 : 54379;
2251 : 58539;
2252 : 60684;
2253 : 48434;
2254 : 65535;
2255 : 65535;
2256 : 65535;
2257 : 65535;
2258 : 65535;
2259 : 65535;
2260 : 65535;
2261 : 65535;
2262 : 65535;
2263 : 65535;
2264 : 65535;
2265 : 65535;
2266 : 65535;
2267 : 65535;
2268 : 65535;
2269 : 65535;
2270 : 65535;
2271 : 65535;
2272 : 65535;
2273 : 65535;
2274 : 61277;
2275 : 46059;
2276 : 58475;
2277 : 45961;
2278 : 52759;
2279 : 65535;
2280 : 65535;
2281 : 65535;
2282 : 65535;
2283 : 65535;
2284 : 65535;
2285 : 65535;
2286 : 65535;
2287 : 65535;
2288 : 65535;
2289 : 65535;
2290 : 65535;
2291 : 65535;
2292 : 65535;
2293 : 65535;
2294 : 65535;
2295 : 65535;
2296 : 65535;
2297 : 65535;
2298 : 65535;
2299 : 65535;
2300 : 65535;
2301 : 65535;
2302 : 65535;
2303 : 65535;
2304 : 65535;
2305 : 65535;
2306 : 65535;
2307 : 65535;
2308 : 65535;
2309 : 65535;
2310 : 65535;
2311 : 65535;
2312 : 65535;
2313 : 65535;
2314 : 65535;
2315 : 65535;
2316 : 65535;
2317 : 65535;
2318 : 65535;
2319 : 65535;
2320 : 65535;
2321 : 65535;
2322 : 65535;
2323 : 65535;
2324 : 54937;
2325 : 48172;
2326 : 56591;
2327 : 56460;
2328 : 54314;
2329 : 52234;
2330 : 52234;
2331 : 52234;
2332 : 52202;
2333 : 45961;
2334 : 37672;
2335 : 25224;
2336 : 33480;
2337 : 50154;
2338 : 50186;
2339 : 45961;
2340 : 35527;
2341 : 54905;
2342 : 65535;
2343 : 65535;
2344 : 65535;
2345 : 65535;
2346 : 65535;
2347 : 65535;
2348 : 65535;
2349 : 65535;
2350 : 65535;
2351 : 65535;
2352 : 63422;
2353 : 44241;
2354 : 58572;
2355 : 64877;
2356 : 60652;
2357 : 56459;
2358 : 56459;
2359 : 54411;
2360 : 54379;
2361 : 54379;
2362 : 54379;
2363 : 54379;
2364 : 54411;
2365 : 56459;
2366 : 54411;
2367 : 54379;
2368 : 54379;
2369 : 54379;
2370 : 54379;
2371 : 54379;
2372 : 46059;
2373 : 61277;
2374 : 65535;
2375 : 65535;
2376 : 63390;
2377 : 48500;
2378 : 48106;
2379 : 56426;
2380 : 58506;
2381 : 50416;
2382 : 65535;
2383 : 65535;
2384 : 65535;
2385 : 65535;
2386 : 65535;
2387 : 65535;
2388 : 65535;
2389 : 65535;
2390 : 65535;
2391 : 65535;
2392 : 65535;
2393 : 65535;
2394 : 65535;
2395 : 65535;
2396 : 65535;
2397 : 65535;
2398 : 65535;
2399 : 65535;
2400 : 65535;
2401 : 65535;
2402 : 65535;
2403 : 48369;
2404 : 56362;
2405 : 52234;
2406 : 39950;
2407 : 65535;
2408 : 65535;
2409 : 65535;
2410 : 65535;
2411 : 65535;
2412 : 65535;
2413 : 65535;
2414 : 65535;
2415 : 65535;
2416 : 65535;
2417 : 65535;
2418 : 65535;
2419 : 65535;
2420 : 65535;
2421 : 65535;
2422 : 65535;
2423 : 65535;
2424 : 65535;
2425 : 65535;
2426 : 65535;
2427 : 65535;
2428 : 65535;
2429 : 65535;
2430 : 65535;
2431 : 65535;
2432 : 65535;
2433 : 65535;
2434 : 65535;
2435 : 65535;
2436 : 65535;
2437 : 65535;
2438 : 65535;
2439 : 65535;
2440 : 65535;
2441 : 65535;
2442 : 65535;
2443 : 65535;
2444 : 65535;
2445 : 65535;
2446 : 65535;
2447 : 65535;
2448 : 65535;
2449 : 65535;
2450 : 65535;
2451 : 59229;
2452 : 41964;
2453 : 56460;
2454 : 54347;
2455 : 52234;
2456 : 50154;
2457 : 50122;
2458 : 45961;
2459 : 33480;
2460 : 16967;
2461 : 4714;
2462 : 781;
2463 : 815;
2464 : 684;
2465 : 25256;
2466 : 50122;
2467 : 48074;
2468 : 41801;
2469 : 57083;
2470 : 65535;
2471 : 65535;
2472 : 65535;
2473 : 65535;
2474 : 65535;
2475 : 65535;
2476 : 65535;
2477 : 65535;
2478 : 65535;
2479 : 65535;
2480 : 65535;
2481 : 63455;
2482 : 46387;
2483 : 52331;
2484 : 64910;
2485 : 62765;
2486 : 58571;
2487 : 56459;
2488 : 54379;
2489 : 54379;
2490 : 54379;
2491 : 56459;
2492 : 56459;
2493 : 56459;
2494 : 56459;
2495 : 54411;
2496 : 54379;
2497 : 54379;
2498 : 54379;
2499 : 54379;
2500 : 43978;
2501 : 57051;
2502 : 65535;
2503 : 65535;
2504 : 65535;
2505 : 65535;
2506 : 52824;
2507 : 41996;
2508 : 37737;
2509 : 52824;
2510 : 65535;
2511 : 65535;
2512 : 65535;
2513 : 65535;
2514 : 65535;
2515 : 65535;
2516 : 65535;
2517 : 65535;
2518 : 65535;
2519 : 65535;
2520 : 65535;
2521 : 65535;
2522 : 65535;
2523 : 65535;
2524 : 65535;
2525 : 65535;
2526 : 65535;
2527 : 65535;
2528 : 65535;
2529 : 65535;
2530 : 65535;
2531 : 54937;
2532 : 52234;
2533 : 56395;
2534 : 37607;
2535 : 38001;
2536 : 65535;
2537 : 65535;
2538 : 65535;
2539 : 65535;
2540 : 65535;
2541 : 65535;
2542 : 65535;
2543 : 65535;
2544 : 65535;
2545 : 65535;
2546 : 65535;
2547 : 65535;
2548 : 65535;
2549 : 65535;
2550 : 65535;
2551 : 65535;
2552 : 65535;
2553 : 65535;
2554 : 65535;
2555 : 65535;
2556 : 65535;
2557 : 65535;
2558 : 65535;
2559 : 65535;
2560 : 65535;
2561 : 65535;
2562 : 65535;
2563 : 65535;
2564 : 65535;
2565 : 65535;
2566 : 65535;
2567 : 65535;
2568 : 65535;
2569 : 65535;
2570 : 65535;
2571 : 65535;
2572 : 65535;
2573 : 65535;
2574 : 65535;
2575 : 65535;
2576 : 65535;
2577 : 65535;
2578 : 63390;
2579 : 39917;
2580 : 54314;
2581 : 54347;
2582 : 52234;
2583 : 48074;
2584 : 41768;
2585 : 23176;
2586 : 6794;
2587 : 814;
2588 : 3025;
2589 : 7251;
2590 : 11444;
2591 : 7218;
2592 : 847;
2593 : 2732;
2594 : 39721;
2595 : 50154;
2596 : 46026;
2597 : 57083;
2598 : 65535;
2599 : 65535;
2600 : 65535;
2601 : 65535;
2602 : 65535;
2603 : 65535;
2604 : 65535;
2605 : 65535;
2606 : 65535;
2607 : 65535;
2608 : 65535;
2609 : 65535;
2610 : 65535;
2611 : 44372;
2612 : 43978;
2613 : 60684;
2614 : 64877;
2615 : 62765;
2616 : 58571;
2617 : 56459;
2618 : 56459;
2619 : 56459;
2620 : 56459;
2621 : 56459;
2622 : 56459;
2623 : 56459;
2624 : 54379;
2625 : 54379;
2626 : 54379;
2627 : 54411;
2628 : 46025;
2629 : 33676;
2630 : 61342;
2631 : 65535;
2632 : 65535;
2633 : 65535;
2634 : 65535;
2635 : 63423;
2636 : 59229;
2637 : 65535;
2638 : 65535;
2639 : 65535;
2640 : 65535;
2641 : 65535;
2642 : 65535;
2643 : 65535;
2644 : 65535;
2645 : 65535;
2646 : 65535;
2647 : 65535;
2648 : 65535;
2649 : 65535;
2650 : 65535;
2651 : 65535;
2652 : 65535;
2653 : 65535;
2654 : 65535;
2655 : 65535;
2656 : 65535;
2657 : 65535;
2658 : 65535;
2659 : 63422;
2660 : 46092;
2661 : 56394;
2662 : 48074;
2663 : 31334;
2664 : 46388;
2665 : 65535;
2666 : 65535;
2667 : 65535;
2668 : 65535;
2669 : 65535;
2670 : 65535;
2671 : 65535;
2672 : 65535;
2673 : 65535;
2674 : 65535;
2675 : 65535;
2676 : 65535;
2677 : 65535;
2678 : 65535;
2679 : 65535;
2680 : 65535;
2681 : 65535;
2682 : 65535;
2683 : 65535;
2684 : 65535;
2685 : 65535;
2686 : 65535;
2687 : 65535;
2688 : 65535;
2689 : 65535;
2690 : 65535;
2691 : 65535;
2692 : 65535;
2693 : 65535;
2694 : 65535;
2695 : 65535;
2696 : 65535;
2697 : 65535;
2698 : 65535;
2699 : 65535;
2700 : 65535;
2701 : 65535;
2702 : 65535;
2703 : 65535;
2704 : 65535;
2705 : 63455;
2706 : 42063;
2707 : 52201;
2708 : 56395;
2709 : 52202;
2710 : 37640;
2711 : 14952;
2712 : 2797;
2713 : 3025;
2714 : 9364;
2715 : 15605;
2716 : 17654;
2717 : 17686;
2718 : 17686;
2719 : 7283;
2720 : 846;
2721 : 815;
2722 : 19113;
2723 : 50154;
2724 : 48041;
2725 : 50711;
2726 : 65535;
2727 : 65535;
2728 : 65535;
2729 : 65535;
2730 : 65535;
2731 : 65535;
2732 : 65535;
2733 : 65535;
2734 : 65535;
2735 : 65535;
2736 : 65535;
2737 : 65535;
2738 : 65535;
2739 : 65535;
2740 : 50777;
2741 : 37902;
2742 : 50284;
2743 : 56459;
2744 : 60684;
2745 : 64812;
2746 : 60652;
2747 : 56491;
2748 : 56459;
2749 : 56459;
2750 : 56459;
2751 : 56459;
2752 : 54379;
2753 : 54379;
2754 : 54379;
2755 : 54379;
2756 : 52266;
2757 : 35527;
2758 : 44274;
2759 : 65535;
2760 : 65535;
2761 : 65535;
2762 : 65535;
2763 : 65535;
2764 : 65535;
2765 : 65535;
2766 : 65535;
2767 : 65535;
2768 : 65535;
2769 : 65535;
2770 : 65535;
2771 : 65535;
2772 : 65535;
2773 : 65535;
2774 : 65535;
2775 : 65535;
2776 : 65535;
2777 : 65535;
2778 : 65535;
2779 : 65535;
2780 : 65535;
2781 : 65535;
2782 : 65535;
2783 : 65535;
2784 : 65535;
2785 : 65535;
2786 : 65535;
2787 : 65535;
2788 : 37805;
2789 : 52234;
2790 : 50154;
2791 : 43881;
2792 : 37640;
2793 : 50679;
2794 : 65535;
2795 : 65535;
2796 : 65535;
2797 : 65535;
2798 : 65535;
2799 : 65535;
2800 : 65535;
2801 : 65535;
2802 : 65535;
2803 : 65535;
2804 : 65535;
2805 : 65535;
2806 : 65535;
2807 : 65535;
2808 : 65535;
2809 : 65535;
2810 : 65535;
2811 : 65535;
2812 : 65535;
2813 : 65535;
2814 : 65535;
2815 : 65535;
2816 : 65535;
2817 : 65535;
2818 : 65535;
2819 : 65535;
2820 : 65535;
2821 : 65535;
2822 : 65535;
2823 : 65535;
2824 : 65535;
2825 : 65535;
2826 : 65535;
2827 : 65535;
2828 : 65535;
2829 : 65535;
2830 : 65535;
2831 : 65535;
2832 : 63455;
2833 : 44241;
2834 : 52201;
2835 : 56395;
2836 : 41768;
2837 : 16968;
2838 : 2829;
2839 : 7219;
2840 : 13525;
2841 : 17686;
2842 : 17654;
2843 : 17654;
2844 : 17653;
2845 : 17653;
2846 : 17654;
2847 : 5235;
2848 : 814;
2849 : 814;
2850 : 6860;
2851 : 45961;
2852 : 50121;
2853 : 44274;
2854 : 65535;
2855 : 65535;
2856 : 65535;
2857 : 65535;
2858 : 65535;
2859 : 65535;
2860 : 65535;
2861 : 65535;
2862 : 65535;
2863 : 65535;
2864 : 65535;
2865 : 65535;
2866 : 65535;
2867 : 65535;
2868 : 65535;
2869 : 65535;
2870 : 61277;
2871 : 50711;
2872 : 42161;
2873 : 50285;
2874 : 60652;
2875 : 58572;
2876 : 58539;
2877 : 56459;
2878 : 56459;
2879 : 54379;
2880 : 54379;
2881 : 54379;
2882 : 54379;
2883 : 54379;
2884 : 54379;
2885 : 37639;
2886 : 44208;
2887 : 65535;
2888 : 65535;
2889 : 65535;
2890 : 65535;
2891 : 65535;
2892 : 65535;
2893 : 65535;
2894 : 65535;
2895 : 65535;
2896 : 65535;
2897 : 65535;
2898 : 65535;
2899 : 65535;
2900 : 65535;
2901 : 65535;
2902 : 65535;
2903 : 65535;
2904 : 65535;
2905 : 65535;
2906 : 65535;
2907 : 65535;
2908 : 65535;
2909 : 65535;
2910 : 65535;
2911 : 65535;
2912 : 65535;
2913 : 65535;
2914 : 65535;
2915 : 65535;
2916 : 37804;
2917 : 45961;
2918 : 50154;
2919 : 48074;
2920 : 48074;
2921 : 39721;
2922 : 50744;
2923 : 65535;
2924 : 65535;
2925 : 65535;
2926 : 65535;
2927 : 65535;
2928 : 65535;
2929 : 65535;
2930 : 65535;
2931 : 65535;
2932 : 65535;
2933 : 65535;
2934 : 65535;
2935 : 65535;
2936 : 65535;
2937 : 65535;
2938 : 65535;
2939 : 65535;
2940 : 65535;
2941 : 65535;
2942 : 65535;
2943 : 65535;
2944 : 65535;
2945 : 65535;
2946 : 65535;
2947 : 65535;
2948 : 65535;
2949 : 65535;
2950 : 65535;
2951 : 65535;
2952 : 65535;
2953 : 65535;
2954 : 65535;
2955 : 65535;
2956 : 65535;
2957 : 65535;
2958 : 65535;
2959 : 61342;
2960 : 44176;
2961 : 54281;
2962 : 52202;
2963 : 23176;
2964 : 2732;
2965 : 5138;
2966 : 15605;
2967 : 17686;
2968 : 17654;
2969 : 17653;
2970 : 17653;
2971 : 17653;
2972 : 17653;
2973 : 17653;
2974 : 17653;
2975 : 3155;
2976 : 944;
2977 : 781;
2978 : 782;
2979 : 37673;
2980 : 52234;
2981 : 42030;
2982 : 65535;
2983 : 65535;
2984 : 65535;
2985 : 65535;
2986 : 65535;
2987 : 65535;
2988 : 65535;
2989 : 65535;
2990 : 65535;
2991 : 65535;
2992 : 65535;
2993 : 65535;
2994 : 65535;
2995 : 65535;
2996 : 65535;
2997 : 65535;
2998 : 65535;
2999 : 65535;
3000 : 65535;
3001 : 61277;
3002 : 44307;
3003 : 37704;
3004 : 48137;
3005 : 56459;
3006 : 56459;
3007 : 54379;
3008 : 54379;
3009 : 54379;
3010 : 54379;
3011 : 54379;
3012 : 56459;
3013 : 37704;
3014 : 52857;
3015 : 65535;
3016 : 65535;
3017 : 65535;
3018 : 65535;
3019 : 65535;
3020 : 65535;
3021 : 65535;
3022 : 65535;
3023 : 65535;
3024 : 65535;
3025 : 65535;
3026 : 65535;
3027 : 65535;
3028 : 65535;
3029 : 65535;
3030 : 65535;
3031 : 65535;
3032 : 65535;
3033 : 65535;
3034 : 65535;
3035 : 65535;
3036 : 65535;
3037 : 65535;
3038 : 65535;
3039 : 65535;
3040 : 65535;
3041 : 65535;
3042 : 65535;
3043 : 61342;
3044 : 37738;
3045 : 48042;
3046 : 50122;
3047 : 50154;
3048 : 50154;
3049 : 50122;
3050 : 41833;
3051 : 48565;
3052 : 65535;
3053 : 65535;
3054 : 65535;
3055 : 65535;
3056 : 65535;
3057 : 65535;
3058 : 65535;
3059 : 65535;
3060 : 65535;
3061 : 65535;
3062 : 65535;
3063 : 65535;
3064 : 65535;
3065 : 65535;
3066 : 65535;
3067 : 65535;
3068 : 65535;
3069 : 65535;
3070 : 65535;
3071 : 65535;
3072 : 65535;
3073 : 65535;
3074 : 65535;
3075 : 65535;
3076 : 65535;
3077 : 65535;
3078 : 65535;
3079 : 65535;
3080 : 65535;
3081 : 65535;
3082 : 65535;
3083 : 65535;
3084 : 65535;
3085 : 65535;
3086 : 57116;
3087 : 44077;
3088 : 56329;
3089 : 41833;
3090 : 8842;
3091 : 912;
3092 : 11444;
3093 : 17686;
3094 : 17654;
3095 : 17653;
3096 : 17653;
3097 : 17653;
3098 : 17653;
3099 : 17653;
3100 : 17653;
3101 : 17653;
3102 : 15605;
3103 : 3122;
3104 : 977;
3105 : 814;
3106 : 847;
3107 : 23208;
3108 : 54282;
3109 : 44011;
3110 : 61342;
3111 : 65535;
3112 : 65535;
3113 : 65535;
3114 : 65535;
3115 : 65535;
3116 : 65535;
3117 : 65535;
3118 : 65535;
3119 : 65535;
3120 : 65535;
3121 : 65535;
3122 : 65535;
3123 : 65535;
3124 : 65535;
3125 : 65535;
3126 : 65535;
3127 : 65535;
3128 : 65535;
3129 : 65535;
3130 : 65535;
3131 : 44306;
3132 : 48138;
3133 : 54411;
3134 : 56459;
3135 : 54379;
3136 : 54379;
3137 : 54379;
3138 : 54379;
3139 : 54379;
3140 : 54379;
3141 : 46058;
3142 : 59164;
3143 : 65535;
3144 : 65535;
3145 : 65535;
3146 : 65535;
3147 : 65535;
3148 : 65535;
3149 : 65535;
3150 : 65535;
3151 : 65535;
3152 : 65535;
3153 : 65535;
3154 : 65535;
3155 : 65535;
3156 : 65535;
3157 : 65535;
3158 : 65535;
3159 : 65535;
3160 : 65535;
3161 : 65535;
3162 : 65535;
3163 : 65535;
3164 : 65535;
3165 : 65535;
3166 : 65535;
3167 : 65535;
3168 : 65535;
3169 : 65535;
3170 : 65535;
3171 : 57083;
3172 : 43913;
3173 : 50154;
3174 : 43881;
3175 : 23111;
3176 : 23111;
3177 : 41800;
3178 : 50154;
3179 : 45961;
3180 : 42095;
3181 : 57083;
3182 : 65535;
3183 : 65535;
3184 : 65535;
3185 : 65535;
3186 : 65535;
3187 : 65535;
3188 : 65535;
3189 : 65535;
3190 : 65535;
3191 : 65535;
3192 : 65535;
3193 : 65535;
3194 : 65535;
3195 : 65535;
3196 : 65535;
3197 : 65535;
3198 : 65535;
3199 : 65535;
3200 : 65535;
3201 : 65535;
3202 : 65535;
3203 : 65535;
3204 : 65535;
3205 : 65535;
3206 : 65535;
3207 : 65535;
3208 : 65535;
3209 : 65535;
3210 : 65535;
3211 : 65535;
3212 : 65535;
3213 : 50679;
3214 : 43979;
3215 : 56329;
3216 : 33512;
3217 : 2732;
3218 : 5138;
3219 : 15605;
3220 : 17654;
3221 : 17653;
3222 : 17653;
3223 : 17653;
3224 : 17653;
3225 : 17653;
3226 : 17653;
3227 : 17653;
3228 : 17653;
3229 : 17653;
3230 : 13525;
3231 : 1042;
3232 : 1009;
3233 : 879;
3234 : 945;
3235 : 12937;
3236 : 52202;
3237 : 48074;
3238 : 57018;
3239 : 65535;
3240 : 65535;
3241 : 65535;
3242 : 65535;
3243 : 65535;
3244 : 65535;
3245 : 65535;
3246 : 65535;
3247 : 65535;
3248 : 65535;
3249 : 65535;
3250 : 65535;
3251 : 65535;
3252 : 65535;
3253 : 65535;
3254 : 65535;
3255 : 65535;
3256 : 65535;
3257 : 65535;
3258 : 65535;
3259 : 59196;
3260 : 50284;
3261 : 54444;
3262 : 50186;
3263 : 54379;
3264 : 54379;
3265 : 54379;
3266 : 54379;
3267 : 54379;
3268 : 54379;
3269 : 50153;
3270 : 50646;
3271 : 65535;
3272 : 65535;
3273 : 65535;
3274 : 65535;
3275 : 65535;
3276 : 65535;
3277 : 65535;
3278 : 65535;
3279 : 65535;
3280 : 65535;
3281 : 65535;
3282 : 65535;
3283 : 65535;
3284 : 65535;
3285 : 65535;
3286 : 65535;
3287 : 65535;
3288 : 65535;
3289 : 65535;
3290 : 65535;
3291 : 65535;
3292 : 65535;
3293 : 65535;
3294 : 65535;
3295 : 65535;
3296 : 65535;
3297 : 65535;
3298 : 65535;
3299 : 48435;
3300 : 50121;
3301 : 43849;
3302 : 8777;
3303 : 717;
3304 : 717;
3305 : 4682;
3306 : 31465;
3307 : 50122;
3308 : 52201;
3309 : 41833;
3310 : 42194;
3311 : 61309;
3312 : 65535;
3313 : 65535;
3314 : 65535;
3315 : 65535;
3316 : 65535;
3317 : 65535;
3318 : 65535;
3319 : 65535;
3320 : 65535;
3321 : 65535;
3322 : 65535;
3323 : 65535;
3324 : 65535;
3325 : 65535;
3326 : 65535;
3327 : 65535;
3328 : 65535;
3329 : 65535;
3330 : 65535;
3331 : 65535;
3332 : 65535;
3333 : 65535;
3334 : 65535;
3335 : 65535;
3336 : 65535;
3337 : 65535;
3338 : 65535;
3339 : 57083;
3340 : 44208;
3341 : 50153;
3342 : 54249;
3343 : 23176;
3344 : 782;
3345 : 9364;
3346 : 17654;
3347 : 17653;
3348 : 17653;
3349 : 17653;
3350 : 17653;
3351 : 17653;
3352 : 17653;
3353 : 17653;
3354 : 17653;
3355 : 17653;
3356 : 17653;
3357 : 17653;
3358 : 13525;
3359 : 1042;
3360 : 1010;
3361 : 7056;
3362 : 11379;
3363 : 4779;
3364 : 45961;
3365 : 52202;
3366 : 50613;
3367 : 65535;
3368 : 65535;
3369 : 65535;
3370 : 65535;
3371 : 65535;
3372 : 65535;
3373 : 65535;
3374 : 65535;
3375 : 65535;
3376 : 65535;
3377 : 65535;
3378 : 65535;
3379 : 65535;
3380 : 65535;
3381 : 65535;
3382 : 65535;
3383 : 65535;
3384 : 65535;
3385 : 65535;
3386 : 65535;
3387 : 63455;
3388 : 50415;
3389 : 52266;
3390 : 50218;
3391 : 54379;
3392 : 54379;
3393 : 54379;
3394 : 54379;
3395 : 54379;
3396 : 54379;
3397 : 52266;
3398 : 46354;
3399 : 65535;
3400 : 65535;
3401 : 65535;
3402 : 65535;
3403 : 65535;
3404 : 65535;
3405 : 65535;
3406 : 65535;
3407 : 65535;
3408 : 65535;
3409 : 65535;
3410 : 65535;
3411 : 65535;
3412 : 65535;
3413 : 65535;
3414 : 65535;
3415 : 65535;
3416 : 65535;
3417 : 65535;
3418 : 65535;
3419 : 65535;
3420 : 65535;
3421 : 65535;
3422 : 65535;
3423 : 65535;
3424 : 65535;
3425 : 65535;
3426 : 61277;
3427 : 43979;
3428 : 50121;
3429 : 12873;
3430 : 749;
3431 : 782;
3432 : 749;
3433 : 814;
3434 : 782;
3435 : 25256;
3436 : 50122;
3437 : 54314;
3438 : 50121;
3439 : 42030;
3440 : 63422;
3441 : 65535;
3442 : 65535;
3443 : 65535;
3444 : 65535;
3445 : 65535;
3446 : 65535;
3447 : 65535;
3448 : 65535;
3449 : 65535;
3450 : 65535;
3451 : 65535;
3452 : 65535;
3453 : 65535;
3454 : 65535;
3455 : 65535;
3456 : 65535;
3457 : 65535;
3458 : 65535;
3459 : 65535;
3460 : 65535;
3461 : 65535;
3462 : 65535;
3463 : 65535;
3464 : 65535;
3465 : 63422;
3466 : 46355;
3467 : 43978;
3468 : 54314;
3469 : 50121;
3470 : 12905;
3471 : 879;
3472 : 11444;
3473 : 17654;
3474 : 17653;
3475 : 17653;
3476 : 17653;
3477 : 17653;
3478 : 17653;
3479 : 17653;
3480 : 17653;
3481 : 17653;
3482 : 17653;
3483 : 17653;
3484 : 17653;
3485 : 17654;
3486 : 11444;
3487 : 1042;
3488 : 1010;
3489 : 7088;
3490 : 15540;
3491 : 2895;
3492 : 37673;
3493 : 54314;
3494 : 46223;
3495 : 65535;
3496 : 65535;
3497 : 65535;
3498 : 65535;
3499 : 65535;
3500 : 65535;
3501 : 65535;
3502 : 65535;
3503 : 65535;
3504 : 65535;
3505 : 65535;
3506 : 65535;
3507 : 65535;
3508 : 65535;
3509 : 65535;
3510 : 65535;
3511 : 65535;
3512 : 65535;
3513 : 65535;
3514 : 65535;
3515 : 65535;
3516 : 54740;
3517 : 60651;
3518 : 58539;
3519 : 54379;
3520 : 54379;
3521 : 54379;
3522 : 54411;
3523 : 54379;
3524 : 54379;
3525 : 54378;
3526 : 44109;
3527 : 65535;
3528 : 65535;
3529 : 65535;
3530 : 65535;
3531 : 65535;
3532 : 65535;
3533 : 65535;
3534 : 65535;
3535 : 65535;
3536 : 65535;
3537 : 65535;
3538 : 65535;
3539 : 65535;
3540 : 65535;
3541 : 65535;
3542 : 65535;
3543 : 65535;
3544 : 65535;
3545 : 65535;
3546 : 65535;
3547 : 65535;
3548 : 65535;
3549 : 65535;
3550 : 65535;
3551 : 65535;
3552 : 65535;
3553 : 65535;
3554 : 46387;
3555 : 50121;
3556 : 29384;
3557 : 750;
3558 : 652;
3559 : 750;
3560 : 749;
3561 : 847;
3562 : 977;
3563 : 814;
3564 : 23208;
3565 : 50122;
3566 : 52234;
3567 : 45961;
3568 : 50679;
3569 : 65535;
3570 : 65535;
3571 : 65535;
3572 : 65535;
3573 : 65535;
3574 : 65535;
3575 : 65535;
3576 : 65535;
3577 : 65535;
3578 : 65535;
3579 : 65535;
3580 : 65535;
3581 : 65535;
3582 : 65535;
3583 : 65535;
3584 : 65535;
3585 : 65535;
3586 : 65535;
3587 : 65535;
3588 : 65535;
3589 : 65535;
3590 : 65535;
3591 : 65535;
3592 : 63455;
3593 : 44175;
3594 : 52201;
3595 : 56395;
3596 : 45961;
3597 : 10890;
3598 : 3025;
3599 : 13524;
3600 : 17621;
3601 : 17653;
3602 : 17653;
3603 : 17653;
3604 : 17653;
3605 : 17653;
3606 : 17653;
3607 : 17653;
3608 : 17653;
3609 : 17653;
3610 : 17653;
3611 : 17653;
3612 : 17653;
3613 : 17654;
3614 : 9364;
3615 : 1010;
3616 : 977;
3617 : 9136;
3618 : 17588;
3619 : 5138;
3620 : 25289;
3621 : 54314;
3622 : 46026;
3623 : 59196;
3624 : 65535;
3625 : 65535;
3626 : 65535;
3627 : 65535;
3628 : 65535;
3629 : 65535;
3630 : 65535;
3631 : 65535;
3632 : 65535;
3633 : 65535;
3634 : 65535;
3635 : 65535;
3636 : 65535;
3637 : 65535;
3638 : 65535;
3639 : 65535;
3640 : 65535;
3641 : 65535;
3642 : 65535;
3643 : 65535;
3644 : 54872;
3645 : 58571;
3646 : 60652;
3647 : 54379;
3648 : 54379;
3649 : 54411;
3650 : 54411;
3651 : 56459;
3652 : 56459;
3653 : 56459;
3654 : 46091;
3655 : 61309;
3656 : 65535;
3657 : 65535;
3658 : 65535;
3659 : 65535;
3660 : 65535;
3661 : 65535;
3662 : 65535;
3663 : 65535;
3664 : 65535;
3665 : 65535;
3666 : 65535;
3667 : 65535;
3668 : 65535;
3669 : 65535;
3670 : 65535;
3671 : 65535;
3672 : 65535;
3673 : 65535;
3674 : 65535;
3675 : 65535;
3676 : 65535;
3677 : 65535;
3678 : 65535;
3679 : 65535;
3680 : 65535;
3681 : 61309;
3682 : 41899;
3683 : 43881;
3684 : 4747;
3685 : 945;
3686 : 814;
3687 : 717;
3688 : 749;
3689 : 879;
3690 : 945;
3691 : 912;
3692 : 814;
3693 : 29417;
3694 : 50122;
3695 : 48041;
3696 : 44143;
3697 : 65535;
3698 : 65535;
3699 : 65535;
3700 : 65535;
3701 : 65535;
3702 : 65535;
3703 : 65535;
3704 : 65535;
3705 : 65535;
3706 : 65535;
3707 : 65535;
3708 : 65535;
3709 : 65535;
3710 : 65535;
3711 : 65535;
3712 : 65535;
3713 : 65535;
3714 : 65535;
3715 : 65535;
3716 : 65535;
3717 : 65535;
3718 : 65535;
3719 : 65535;
3720 : 52825;
3721 : 48074;
3722 : 56395;
3723 : 43913;
3724 : 10923;
3725 : 3058;
3726 : 15605;
3727 : 17653;
3728 : 15573;
3729 : 17653;
3730 : 17653;
3731 : 17653;
3732 : 17653;
3733 : 17653;
3734 : 17653;
3735 : 17653;
3736 : 17653;
3737 : 17653;
3738 : 17653;
3739 : 17653;
3740 : 17653;
3741 : 17654;
3742 : 7284;
3743 : 1009;
3744 : 944;
3745 : 11184;
3746 : 17588;
3747 : 11412;
3748 : 15050;
3749 : 52202;
3750 : 50153;
3751 : 50678;
3752 : 65535;
3753 : 65535;
3754 : 65535;
3755 : 65535;
3756 : 65535;
3757 : 65535;
3758 : 65535;
3759 : 65535;
3760 : 65535;
3761 : 65535;
3762 : 65535;
3763 : 65535;
3764 : 65535;
3765 : 65535;
3766 : 65535;
3767 : 65535;
3768 : 65535;
3769 : 65535;
3770 : 65535;
3771 : 65535;
3772 : 57116;
3773 : 52363;
3774 : 62732;
3775 : 54379;
3776 : 54379;
3777 : 54411;
3778 : 56459;
3779 : 56459;
3780 : 56459;
3781 : 56459;
3782 : 48138;
3783 : 57018;
3784 : 65535;
3785 : 65535;
3786 : 65535;
3787 : 65535;
3788 : 65535;
3789 : 65535;
3790 : 65535;
3791 : 65535;
3792 : 65535;
3793 : 65535;
3794 : 65535;
3795 : 65535;
3796 : 65535;
3797 : 65535;
3798 : 65535;
3799 : 65535;
3800 : 65535;
3801 : 65535;
3802 : 65535;
3803 : 65535;
3804 : 65535;
3805 : 65535;
3806 : 65535;
3807 : 65535;
3808 : 65535;
3809 : 46420;
3810 : 50089;
3811 : 17066;
3812 : 847;
3813 : 944;
3814 : 847;
3815 : 717;
3816 : 750;
3817 : 879;
3818 : 944;
3819 : 912;
3820 : 945;
3821 : 4942;
3822 : 39753;
3823 : 50122;
3824 : 41834;
3825 : 54938;
3826 : 65535;
3827 : 65535;
3828 : 65535;
3829 : 65535;
3830 : 65535;
3831 : 65535;
3832 : 65535;
3833 : 65535;
3834 : 65535;
3835 : 65535;
3836 : 65535;
3837 : 65535;
3838 : 65535;
3839 : 65535;
3840 : 65535;
3841 : 65535;
3842 : 65535;
3843 : 65535;
3844 : 65535;
3845 : 65535;
3846 : 65535;
3847 : 65535;
3848 : 44241;
3849 : 54314;
3850 : 50154;
3851 : 12905;
3852 : 3090;
3853 : 15573;
3854 : 17653;
3855 : 17653;
3856 : 17653;
3857 : 17653;
3858 : 17653;
3859 : 17653;
3860 : 17653;
3861 : 17653;
3862 : 17653;
3863 : 17653;
3864 : 17653;
3865 : 17653;
3866 : 17653;
3867 : 17653;
3868 : 17653;
3869 : 17653;
3870 : 5203;
3871 : 1009;
3872 : 912;
3873 : 13329;
3874 : 17588;
3875 : 15573;
3876 : 9005;
3877 : 45961;
3878 : 56362;
3879 : 44143;
3880 : 65535;
3881 : 65535;
3882 : 65535;
3883 : 65535;
3884 : 65535;
3885 : 65535;
3886 : 65535;
3887 : 65535;
3888 : 65535;
3889 : 65535;
3890 : 65535;
3891 : 65535;
3892 : 65535;
3893 : 65535;
3894 : 65535;
3895 : 65535;
3896 : 65535;
3897 : 65535;
3898 : 65535;
3899 : 65535;
3900 : 61342;
3901 : 50317;
3902 : 64812;
3903 : 56459;
3904 : 54379;
3905 : 56459;
3906 : 56459;
3907 : 56459;
3908 : 56459;
3909 : 56459;
3910 : 52266;
3911 : 52726;
3912 : 65535;
3913 : 65535;
3914 : 65535;
3915 : 65535;
3916 : 65535;
3917 : 65535;
3918 : 65535;
3919 : 65535;
3920 : 65535;
3921 : 65535;
3922 : 65535;
3923 : 65535;
3924 : 65535;
3925 : 65535;
3926 : 65535;
3927 : 65535;
3928 : 65535;
3929 : 65535;
3930 : 65535;
3931 : 65535;
3932 : 65535;
3933 : 65535;
3934 : 65535;
3935 : 65535;
3936 : 61342;
3937 : 41931;
3938 : 39720;
3939 : 749;
3940 : 944;
3941 : 912;
3942 : 880;
3943 : 814;
3944 : 749;
3945 : 880;
3946 : 912;
3947 : 912;
3948 : 945;
3949 : 11380;
3950 : 19342;
3951 : 45961;
3952 : 45993;
3953 : 39950;
3954 : 65535;
3955 : 65535;
3956 : 65535;
3957 : 65535;
3958 : 65535;
3959 : 65535;
3960 : 65535;
3961 : 65535;
3962 : 65535;
3963 : 65535;
3964 : 65535;
3965 : 65535;
3966 : 65535;
3967 : 65535;
3968 : 65535;
3969 : 65535;
3970 : 65535;
3971 : 65535;
3972 : 65535;
3973 : 65535;
3974 : 65535;
3975 : 61342;
3976 : 44011;
3977 : 56427;
3978 : 35560;
3979 : 749;
3980 : 13525;
3981 : 17653;
3982 : 17653;
3983 : 17653;
3984 : 17653;
3985 : 17653;
3986 : 17653;
3987 : 17653;
3988 : 17653;
3989 : 17653;
3990 : 17653;
3991 : 17653;
3992 : 17653;
3993 : 17653;
3994 : 17653;
3995 : 17653;
3996 : 17653;
3997 : 17653;
3998 : 3123;
3999 : 1010;
4000 : 912;
4001 : 15475;
4002 : 17620;
4003 : 17588;
4004 : 7088;
4005 : 35592;
4006 : 56427;
4007 : 46026;
4008 : 59196;
4009 : 65535;
4010 : 65535;
4011 : 65535;
4012 : 65535;
4013 : 65535;
4014 : 65535;
4015 : 65535;
4016 : 65535;
4017 : 65535;
4018 : 65535;
4019 : 65535;
4020 : 65535;
4021 : 65535;
4022 : 65535;
4023 : 65535;
4024 : 65535;
4025 : 65535;
4026 : 65535;
4027 : 65535;
4028 : 65535;
4029 : 46222;
4030 : 64812;
4031 : 58539;
4032 : 54379;
4033 : 56459;
4034 : 56459;
4035 : 56459;
4036 : 56459;
4037 : 54411;
4038 : 56426;
4039 : 50514;
4040 : 65535;
4041 : 65535;
4042 : 65535;
4043 : 65535;
4044 : 65535;
4045 : 65535;
4046 : 65535;
4047 : 65535;
4048 : 65535;
4049 : 65535;
4050 : 65535;
4051 : 65535;
4052 : 65535;
4053 : 65535;
4054 : 65535;
4055 : 65535;
4056 : 65535;
4057 : 65535;
4058 : 65535;
4059 : 65535;
4060 : 65535;
4061 : 65535;
4062 : 65535;
4063 : 65535;
4064 : 48565;
4065 : 48008;
4066 : 12905;
4067 : 880;
4068 : 912;
4069 : 912;
4070 : 880;
4071 : 815;
4072 : 782;
4073 : 912;
4074 : 912;
4075 : 944;
4076 : 977;
4077 : 13492;
4078 : 15540;
4079 : 29547;
4080 : 50122;
4081 : 41801;
4082 : 48566;
4083 : 65535;
4084 : 65535;
4085 : 65535;
4086 : 65535;
4087 : 65535;
4088 : 65535;
4089 : 65535;
4090 : 65535;
4091 : 65535;
4092 : 65535;
4093 : 65535;
4094 : 65535;
4095 : 65535;
4096 : 65535;
4097 : 65535;
4098 : 65535;
4099 : 65535;
4100 : 65535;
4101 : 65535;
4102 : 65535;
4103 : 52825;
4104 : 48041;
4105 : 54314;
4106 : 14920;
4107 : 3058;
4108 : 17653;
4109 : 17653;
4110 : 17653;
4111 : 17653;
4112 : 17653;
4113 : 17653;
4114 : 17653;
4115 : 17653;
4116 : 17653;
4117 : 17653;
4118 : 17653;
4119 : 17653;
4120 : 17653;
4121 : 17653;
4122 : 17653;
4123 : 17653;
4124 : 17653;
4125 : 15605;
4126 : 3122;
4127 : 1010;
4128 : 2927;
4129 : 17621;
4130 : 17653;
4131 : 17588;
4132 : 9267;
4133 : 25321;
4134 : 56394;
4135 : 50153;
4136 : 50646;
4137 : 65535;
4138 : 65535;
4139 : 65535;
4140 : 65535;
4141 : 65535;
4142 : 65535;
4143 : 65535;
4144 : 65535;
4145 : 65535;
4146 : 65535;
4147 : 65535;
4148 : 65535;
4149 : 65535;
4150 : 65535;
4151 : 65535;
4152 : 65535;
4153 : 65535;
4154 : 65535;
4155 : 65535;
4156 : 65535;
4157 : 48401;
4158 : 64780;
4159 : 60652;
4160 : 54379;
4161 : 56459;
4162 : 56459;
4163 : 56459;
4164 : 54411;
4165 : 54411;
4166 : 56458;
4167 : 50383;
4168 : 65535;
4169 : 65535;
4170 : 65535;
4171 : 65535;
4172 : 65535;
4173 : 65535;
4174 : 65535;
4175 : 65535;
4176 : 65535;
4177 : 65535;
4178 : 65535;
4179 : 65535;
4180 : 65535;
4181 : 65535;
4182 : 65535;
4183 : 65535;
4184 : 65535;
4185 : 65535;
4186 : 65535;
4187 : 65535;
4188 : 65535;
4189 : 65535;
4190 : 65535;
4191 : 63422;
4192 : 44044;
4193 : 39688;
4194 : 717;
4195 : 945;
4196 : 912;
4197 : 912;
4198 : 879;
4199 : 847;
4200 : 815;
4201 : 912;
4202 : 945;
4203 : 1010;
4204 : 3090;
4205 : 15540;
4206 : 17621;
4207 : 15410;
4208 : 37705;
4209 : 48042;
4210 : 37739;
4211 : 59229;
4212 : 65535;
4213 : 65535;
4214 : 65535;
4215 : 65535;
4216 : 65535;
4217 : 65535;
4218 : 65535;
4219 : 65535;
4220 : 65535;
4221 : 65535;
4222 : 65535;
4223 : 65535;
4224 : 65535;
4225 : 65535;
4226 : 65535;
4227 : 65535;
4228 : 65535;
4229 : 65535;
4230 : 65535;
4231 : 44241;
4232 : 54314;
4233 : 41801;
4234 : 684;
4235 : 11412;
4236 : 17621;
4237 : 17621;
4238 : 17653;
4239 : 17653;
4240 : 17653;
4241 : 17653;
4242 : 17653;
4243 : 17653;
4244 : 17653;
4245 : 17653;
4246 : 17653;
4247 : 17653;
4248 : 17653;
4249 : 17653;
4250 : 17653;
4251 : 17653;
4252 : 17653;
4253 : 15605;
4254 : 1074;
4255 : 1010;
4256 : 6990;
4257 : 17653;
4258 : 17621;
4259 : 17588;
4260 : 13460;
4261 : 15115;
4262 : 52202;
4263 : 54314;
4264 : 44208;
4265 : 65535;
4266 : 65535;
4267 : 65535;
4268 : 65535;
4269 : 65535;
4270 : 65535;
4271 : 65535;
4272 : 65535;
4273 : 65535;
4274 : 65535;
4275 : 65535;
4276 : 65535;
4277 : 65535;
4278 : 65535;
4279 : 65535;
4280 : 65535;
4281 : 65535;
4282 : 65535;
4283 : 65535;
4284 : 65535;
4285 : 52693;
4286 : 62731;
4287 : 62732;
4288 : 56459;
4289 : 56459;
4290 : 56459;
4291 : 56459;
4292 : 56459;
4293 : 56459;
4294 : 56459;
4295 : 52365;
4296 : 61342;
4297 : 65535;
4298 : 65535;
4299 : 65535;
4300 : 65535;
4301 : 65535;
4302 : 65535;
4303 : 65535;
4304 : 65535;
4305 : 65535;
4306 : 65535;
4307 : 65535;
4308 : 65535;
4309 : 65535;
4310 : 65535;
4311 : 65535;
4312 : 65535;
4313 : 65535;
4314 : 65535;
4315 : 65535;
4316 : 65535;
4317 : 65535;
4318 : 65535;
4319 : 50679;
4320 : 50089;
4321 : 19081;
4322 : 847;
4323 : 944;
4324 : 944;
4325 : 944;
4326 : 879;
4327 : 847;
4328 : 880;
4329 : 977;
4330 : 1009;
4331 : 3123;
4332 : 5236;
4333 : 15573;
4334 : 17588;
4335 : 15573;
4336 : 19375;
4337 : 43881;
4338 : 45961;
4339 : 42096;
4340 : 65535;
4341 : 65535;
4342 : 65535;
4343 : 65535;
4344 : 65535;
4345 : 65535;
4346 : 65535;
4347 : 65535;
4348 : 65535;
4349 : 65535;
4350 : 65535;
4351 : 65535;
4352 : 65535;
4353 : 65535;
4354 : 65535;
4355 : 65535;
4356 : 65535;
4357 : 65535;
4358 : 61342;
4359 : 43979;
4360 : 58442;
4361 : 23176;
4362 : 977;
4363 : 15605;
4364 : 17653;
4365 : 17653;
4366 : 17653;
4367 : 17653;
4368 : 17653;
4369 : 17653;
4370 : 17653;
4371 : 17653;
4372 : 17653;
4373 : 17653;
4374 : 17653;
4375 : 17653;
4376 : 17653;
4377 : 17653;
4378 : 17653;
4379 : 17653;
4380 : 17653;
4381 : 13525;
4382 : 1075;
4383 : 977;
4384 : 9136;
4385 : 15573;
4386 : 15540;
4387 : 17620;
4388 : 15572;
4389 : 7022;
4390 : 45961;
4391 : 56426;
4392 : 41964;
4393 : 63423;
4394 : 65535;
4395 : 65535;
4396 : 65535;
4397 : 65535;
4398 : 65535;
4399 : 65535;
4400 : 65535;
4401 : 65535;
4402 : 65535;
4403 : 65535;
4404 : 65535;
4405 : 65535;
4406 : 65535;
4407 : 65535;
4408 : 65535;
4409 : 65535;
4410 : 65535;
4411 : 65535;
4412 : 65535;
4413 : 50646;
4414 : 58571;
4415 : 64812;
4416 : 56491;
4417 : 54379;
4418 : 54379;
4419 : 54411;
4420 : 56459;
4421 : 56459;
4422 : 56459;
4423 : 52331;
4424 : 57083;
4425 : 65535;
4426 : 65535;
4427 : 65535;
4428 : 65535;
4429 : 65535;
4430 : 65535;
4431 : 65535;
4432 : 65535;
4433 : 65535;
4434 : 65535;
4435 : 65535;
4436 : 65535;
4437 : 65535;
4438 : 65535;
4439 : 65535;
4440 : 65535;
4441 : 65535;
4442 : 65535;
4443 : 65535;
4444 : 65535;
4445 : 65535;
4446 : 65503;
4447 : 44078;
4448 : 48009;
4449 : 2732;
4450 : 880;
4451 : 880;
4452 : 944;
4453 : 977;
4454 : 2960;
4455 : 847;
4456 : 944;
4457 : 977;
4458 : 977;
4459 : 5171;
4460 : 9364;
4461 : 17653;
4462 : 15540;
4463 : 17620;
4464 : 15573;
4465 : 25452;
4466 : 48041;
4467 : 41800;
4468 : 46453;
4469 : 65535;
4470 : 65535;
4471 : 65535;
4472 : 65535;
4473 : 65535;
4474 : 65535;
4475 : 65535;
4476 : 65535;
4477 : 65535;
4478 : 65535;
4479 : 65535;
4480 : 65535;
4481 : 65535;
4482 : 65535;
4483 : 65535;
4484 : 65535;
4485 : 65535;
4486 : 50711;
4487 : 50153;
4488 : 50121;
4489 : 4779;
4490 : 11445;
4491 : 17686;
4492 : 17653;
4493 : 17653;
4494 : 17653;
4495 : 17653;
4496 : 17653;
4497 : 17653;
4498 : 17653;
4499 : 17653;
4500 : 17653;
4501 : 17653;
4502 : 17653;
4503 : 17653;
4504 : 17653;
4505 : 17653;
4506 : 17653;
4507 : 17653;
4508 : 17653;
4509 : 13525;
4510 : 3155;
4511 : 944;
4512 : 11314;
4513 : 13395;
4514 : 15540;
4515 : 17621;
4516 : 17621;
4517 : 7153;
4518 : 35625;
4519 : 56395;
4520 : 46026;
4521 : 57116;
4522 : 65535;
4523 : 65535;
4524 : 65535;
4525 : 65535;
4526 : 65535;
4527 : 65535;
4528 : 65535;
4529 : 65535;
4530 : 65535;
4531 : 65535;
4532 : 65535;
4533 : 65535;
4534 : 65535;
4535 : 65535;
4536 : 65535;
4537 : 65535;
4538 : 65535;
4539 : 65535;
4540 : 65535;
4541 : 54872;
4542 : 58571;
4543 : 64844;
4544 : 60619;
4545 : 54411;
4546 : 54379;
4547 : 56459;
4548 : 56459;
4549 : 56459;
4550 : 56459;
4551 : 54378;
4552 : 52759;
4553 : 65535;
4554 : 65535;
4555 : 65535;
4556 : 65535;
4557 : 65535;
4558 : 65535;
4559 : 65535;
4560 : 65535;
4561 : 65535;
4562 : 65535;
4563 : 65535;
4564 : 65535;
4565 : 65535;
4566 : 65535;
4567 : 65535;
4568 : 65535;
4569 : 65535;
4570 : 65535;
4571 : 65535;
4572 : 65535;
4573 : 65535;
4574 : 54938;
4575 : 50121;
4576 : 27336;
4577 : 782;
4578 : 912;
4579 : 912;
4580 : 977;
4581 : 1009;
4582 : 2895;
4583 : 880;
4584 : 977;
4585 : 1009;
4586 : 977;
4587 : 7251;
4588 : 11444;
4589 : 17653;
4590 : 15540;
4591 : 15573;
4592 : 17653;
4593 : 15475;
4594 : 27337;
4595 : 48041;
4596 : 37673;
4597 : 50744;
4598 : 65535;
4599 : 65535;
4600 : 65535;
4601 : 65535;
4602 : 65535;
4603 : 65535;
4604 : 65535;
4605 : 65535;
4606 : 65535;
4607 : 65535;
4608 : 65535;
4609 : 65535;
4610 : 65535;
4611 : 65535;
4612 : 65535;
4613 : 65535;
4614 : 46223;
4615 : 56362;
4616 : 29417;
4617 : 5073;
4618 : 17686;
4619 : 17653;
4620 : 17653;
4621 : 17653;
4622 : 17653;
4623 : 17653;
4624 : 17653;
4625 : 17653;
4626 : 17653;
4627 : 17653;
4628 : 17653;
4629 : 17653;
4630 : 17653;
4631 : 17653;
4632 : 17653;
4633 : 17653;
4634 : 17653;
4635 : 17653;
4636 : 17653;
4637 : 15605;
4638 : 3155;
4639 : 944;
4640 : 13427;
4641 : 15475;
4642 : 17588;
4643 : 15508;
4644 : 17588;
4645 : 9299;
4646 : 25322;
4647 : 56362;
4648 : 52234;
4649 : 54872;
4650 : 65535;
4651 : 65535;
4652 : 65535;
4653 : 65535;
4654 : 65535;
4655 : 65535;
4656 : 65535;
4657 : 65535;
4658 : 65535;
4659 : 65535;
4660 : 65535;
4661 : 65535;
4662 : 65535;
4663 : 65535;
4664 : 65535;
4665 : 65535;
4666 : 65535;
4667 : 65535;
4668 : 65535;
4669 : 54937;
4670 : 58539;
4671 : 64845;
4672 : 62732;
4673 : 56459;
4674 : 54379;
4675 : 56459;
4676 : 56459;
4677 : 56459;
4678 : 56459;
4679 : 56426;
4680 : 48434;
4681 : 65535;
4682 : 65535;
4683 : 65535;
4684 : 65535;
4685 : 65535;
4686 : 65535;
4687 : 65535;
4688 : 65535;
4689 : 65535;
4690 : 65535;
4691 : 65535;
4692 : 65535;
4693 : 65535;
4694 : 65535;
4695 : 65535;
4696 : 65535;
4697 : 65535;
4698 : 65535;
4699 : 65535;
4700 : 65535;
4701 : 65535;
4702 : 46289;
4703 : 52169;
4704 : 8810;
4705 : 912;
4706 : 977;
4707 : 944;
4708 : 977;
4709 : 3090;
4710 : 2895;
4711 : 912;
4712 : 1009;
4713 : 1010;
4714 : 1009;
4715 : 7283;
4716 : 15573;
4717 : 17621;
4718 : 17620;
4719 : 17621;
4720 : 15573;
4721 : 17653;
4722 : 13329;
4723 : 25191;
4724 : 48041;
4725 : 37706;
4726 : 54970;
4727 : 65535;
4728 : 65535;
4729 : 65535;
4730 : 65535;
4731 : 65535;
4732 : 65535;
4733 : 65535;
4734 : 65535;
4735 : 65535;
4736 : 65535;
4737 : 65535;
4738 : 65535;
4739 : 65535;
4740 : 65535;
4741 : 57083;
4742 : 48106;
4743 : 52202;
4744 : 8907;
4745 : 11477;
4746 : 17653;
4747 : 17621;
4748 : 17653;
4749 : 17653;
4750 : 17653;
4751 : 17653;
4752 : 17653;
4753 : 17653;
4754 : 17653;
4755 : 17653;
4756 : 17653;
4757 : 17653;
4758 : 17653;
4759 : 17653;
4760 : 17653;
4761 : 17653;
4762 : 17653;
4763 : 17653;
4764 : 17653;
4765 : 15605;
4766 : 3123;
4767 : 3025;
4768 : 15508;
4769 : 13395;
4770 : 17621;
4771 : 15508;
4772 : 15507;
4773 : 13492;
4774 : 15116;
4775 : 52202;
4776 : 56394;
4777 : 44143;
4778 : 65535;
4779 : 65535;
4780 : 65535;
4781 : 65535;
4782 : 65535;
4783 : 65535;
4784 : 65535;
4785 : 65535;
4786 : 65535;
4787 : 65535;
4788 : 65535;
4789 : 65535;
4790 : 65535;
4791 : 65535;
4792 : 65535;
4793 : 65535;
4794 : 65535;
4795 : 65535;
4796 : 65535;
4797 : 57018;
4798 : 56459;
4799 : 64845;
4800 : 62764;
4801 : 58571;
4802 : 54379;
4803 : 56459;
4804 : 56459;
4805 : 56459;
4806 : 56459;
4807 : 56458;
4808 : 48302;
4809 : 65535;
4810 : 65535;
4811 : 65535;
4812 : 65535;
4813 : 65535;
4814 : 65535;
4815 : 65535;
4816 : 65535;
4817 : 65535;
4818 : 65535;
4819 : 65535;
4820 : 65535;
4821 : 65535;
4822 : 65535;
4823 : 65535;
4824 : 65535;
4825 : 65535;
4826 : 65535;
4827 : 65535;
4828 : 65535;
4829 : 61309;
4830 : 48139;
4831 : 41800;
4832 : 717;
4833 : 977;
4834 : 977;
4835 : 5138;
4836 : 3090;
4837 : 5138;
4838 : 2992;
4839 : 1010;
4840 : 1010;
4841 : 1010;
4842 : 1010;
4843 : 5235;
4844 : 17653;
4845 : 17653;
4846 : 17621;
4847 : 17653;
4848 : 17621;
4849 : 17620;
4850 : 17653;
4851 : 11249;
4852 : 31432;
4853 : 50121;
4854 : 37705;
4855 : 52792;
4856 : 65535;
4857 : 65535;
4858 : 65535;
4859 : 65535;
4860 : 65535;
4861 : 65535;
4862 : 65535;
4863 : 65535;
4864 : 65535;
4865 : 65535;
4866 : 65535;
4867 : 65535;
4868 : 65535;
4869 : 46387;
4870 : 54281;
4871 : 33545;
4872 : 5073;
4873 : 17653;
4874 : 17620;
4875 : 17620;
4876 : 17653;
4877 : 17653;
4878 : 17653;
4879 : 17653;
4880 : 17653;
4881 : 17653;
4882 : 17653;
4883 : 17653;
4884 : 17653;
4885 : 17653;
4886 : 17653;
4887 : 17653;
4888 : 17653;
4889 : 17653;
4890 : 17653;
4891 : 17653;
4892 : 17653;
4893 : 15605;
4894 : 1042;
4895 : 5203;
4896 : 15443;
4897 : 11314;
4898 : 17653;
4899 : 17621;
4900 : 15540;
4901 : 15605;
4902 : 9070;
4903 : 45961;
4904 : 56427;
4905 : 48041;
4906 : 40081;
4907 : 61342;
4908 : 65535;
4909 : 65535;
4910 : 65535;
4911 : 65535;
4912 : 65535;
4913 : 65535;
4914 : 65535;
4915 : 65535;
4916 : 65535;
4917 : 65535;
4918 : 65535;
4919 : 65535;
4920 : 65535;
4921 : 65535;
4922 : 65535;
4923 : 65535;
4924 : 65535;
4925 : 57083;
4926 : 54411;
4927 : 64844;
4928 : 64812;
4929 : 62699;
4930 : 56459;
4931 : 56459;
4932 : 56459;
4933 : 56459;
4934 : 56459;
4935 : 56459;
4936 : 46123;
4937 : 61309;
4938 : 65535;
4939 : 65535;
4940 : 65535;
4941 : 65535;
4942 : 65535;
4943 : 65535;
4944 : 65535;
4945 : 65535;
4946 : 65535;
4947 : 65535;
4948 : 65535;
4949 : 65535;
4950 : 65535;
4951 : 65535;
4952 : 65535;
4953 : 65535;
4954 : 65535;
4955 : 65535;
4956 : 65535;
4957 : 52726;
4958 : 54281;
4959 : 23241;
4960 : 912;
4961 : 1009;
4962 : 1009;
4963 : 11379;
4964 : 5170;
4965 : 7153;
4966 : 5073;
4967 : 1042;
4968 : 1010;
4969 : 1010;
4970 : 1010;
4971 : 5203;
4972 : 17653;
4973 : 17653;
4974 : 17653;
4975 : 17653;
4976 : 17621;
4977 : 17621;
4978 : 17653;
4979 : 17686;
4980 : 13264;
4981 : 35560;
4982 : 52202;
4983 : 41833;
4984 : 46453;
4985 : 61342;
4986 : 65535;
4987 : 65535;
4988 : 65535;
4989 : 65535;
4990 : 65535;
4991 : 65535;
4992 : 65535;
4993 : 65535;
4994 : 65535;
4995 : 65535;
4996 : 63390;
4997 : 46092;
4998 : 52201;
4999 : 10923;
5000 : 9364;
5001 : 17621;
5002 : 15540;
5003 : 17620;
5004 : 17653;
5005 : 17653;
5006 : 17653;
5007 : 17653;
5008 : 17653;
5009 : 17653;
5010 : 17653;
5011 : 17653;
5012 : 17653;
5013 : 17653;
5014 : 17653;
5015 : 17653;
5016 : 17653;
5017 : 17653;
5018 : 17653;
5019 : 17653;
5020 : 17654;
5021 : 13525;
5022 : 1042;
5023 : 9396;
5024 : 11281;
5025 : 11314;
5026 : 17588;
5027 : 17620;
5028 : 17620;
5029 : 17621;
5030 : 7121;
5031 : 33544;
5032 : 54315;
5033 : 56427;
5034 : 52201;
5035 : 41932;
5036 : 50744;
5037 : 65535;
5038 : 65535;
5039 : 65535;
5040 : 65535;
5041 : 65535;
5042 : 65535;
5043 : 65535;
5044 : 65535;
5045 : 65535;
5046 : 65535;
5047 : 65535;
5048 : 65535;
5049 : 65535;
5050 : 65535;
5051 : 65535;
5052 : 65535;
5053 : 57083;
5054 : 54411;
5055 : 64844;
5056 : 64844;
5057 : 64812;
5058 : 58571;
5059 : 56459;
5060 : 56459;
5061 : 56459;
5062 : 56459;
5063 : 56459;
5064 : 48106;
5065 : 54970;
5066 : 65535;
5067 : 65535;
5068 : 65535;
5069 : 65535;
5070 : 65535;
5071 : 65535;
5072 : 65535;
5073 : 65535;
5074 : 65535;
5075 : 65535;
5076 : 65535;
5077 : 65535;
5078 : 65535;
5079 : 65535;
5080 : 65535;
5081 : 65535;
5082 : 65535;
5083 : 65535;
5084 : 63455;
5085 : 48238;
5086 : 50121;
5087 : 4779;
5088 : 1010;
5089 : 1010;
5090 : 1042;
5091 : 15508;
5092 : 7218;
5093 : 9201;
5094 : 3025;
5095 : 1010;
5096 : 1010;
5097 : 1010;
5098 : 1010;
5099 : 3123;
5100 : 15605;
5101 : 17653;
5102 : 17653;
5103 : 17653;
5104 : 17653;
5105 : 17653;
5106 : 17653;
5107 : 17653;
5108 : 15638;
5109 : 9070;
5110 : 37640;
5111 : 54314;
5112 : 48041;
5113 : 37739;
5114 : 48566;
5115 : 65535;
5116 : 65535;
5117 : 65535;
5118 : 65535;
5119 : 65535;
5120 : 65535;
5121 : 65535;
5122 : 65535;
5123 : 65535;
5124 : 50646;
5125 : 52201;
5126 : 35625;
5127 : 2928;
5128 : 15605;
5129 : 17621;
5130 : 17621;
5131 : 17653;
5132 : 17653;
5133 : 17653;
5134 : 17653;
5135 : 17653;
5136 : 17653;
5137 : 17653;
5138 : 17653;
5139 : 17653;
5140 : 17653;
5141 : 17653;
5142 : 17653;
5143 : 17653;
5144 : 17653;
5145 : 17653;
5146 : 17653;
5147 : 17653;
5148 : 17654;
5149 : 13525;
5150 : 1042;
5151 : 13525;
5152 : 7120;
5153 : 11379;
5154 : 17588;
5155 : 17588;
5156 : 15540;
5157 : 17588;
5158 : 13460;
5159 : 15050;
5160 : 45929;
5161 : 52235;
5162 : 56395;
5163 : 56394;
5164 : 45993;
5165 : 44274;
5166 : 61310;
5167 : 65535;
5168 : 65535;
5169 : 65535;
5170 : 65535;
5171 : 65535;
5172 : 65535;
5173 : 65535;
5174 : 65535;
5175 : 65535;
5176 : 65535;
5177 : 65535;
5178 : 65535;
5179 : 65535;
5180 : 65535;
5181 : 57051;
5182 : 52331;
5183 : 64844;
5184 : 64844;
5185 : 64845;
5186 : 62700;
5187 : 56459;
5188 : 56459;
5189 : 56459;
5190 : 56459;
5191 : 56459;
5192 : 52233;
5193 : 48566;
5194 : 65535;
5195 : 65535;
5196 : 65535;
5197 : 65535;
5198 : 65535;
5199 : 65535;
5200 : 65535;
5201 : 65535;
5202 : 65535;
5203 : 65535;
5204 : 65535;
5205 : 65535;
5206 : 65535;
5207 : 65535;
5208 : 65535;
5209 : 65535;
5210 : 65535;
5211 : 65535;
5212 : 54938;
5213 : 52202;
5214 : 35592;
5215 : 782;
5216 : 977;
5217 : 977;
5218 : 7283;
5219 : 17621;
5220 : 11412;
5221 : 11281;
5222 : 3025;
5223 : 1010;
5224 : 1010;
5225 : 1010;
5226 : 1010;
5227 : 1042;
5228 : 15605;
5229 : 17653;
5230 : 17653;
5231 : 17653;
5232 : 17653;
5233 : 17653;
5234 : 17653;
5235 : 17653;
5236 : 17653;
5237 : 13557;
5238 : 4877;
5239 : 37608;
5240 : 54315;
5241 : 54282;
5242 : 35593;
5243 : 59197;
5244 : 65535;
5245 : 65535;
5246 : 65535;
5247 : 65535;
5248 : 65535;
5249 : 65535;
5250 : 65535;
5251 : 63455;
5252 : 44077;
5253 : 54281;
5254 : 13003;
5255 : 7284;
5256 : 17653;
5257 : 17653;
5258 : 17653;
5259 : 17653;
5260 : 17653;
5261 : 17653;
5262 : 17653;
5263 : 17653;
5264 : 17653;
5265 : 17653;
5266 : 17653;
5267 : 17653;
5268 : 17653;
5269 : 17653;
5270 : 17653;
5271 : 17653;
5272 : 17653;
5273 : 17653;
5274 : 17653;
5275 : 17653;
5276 : 17654;
5277 : 13525;
5278 : 3155;
5279 : 15573;
5280 : 2960;
5281 : 9332;
5282 : 17588;
5283 : 15540;
5284 : 17621;
5285 : 15540;
5286 : 17588;
5287 : 9201;
5288 : 10889;
5289 : 33480;
5290 : 41800;
5291 : 52234;
5292 : 56427;
5293 : 52233;
5294 : 39851;
5295 : 50711;
5296 : 65535;
5297 : 65535;
5298 : 65535;
5299 : 65535;
5300 : 65535;
5301 : 65535;
5302 : 65535;
5303 : 65535;
5304 : 65535;
5305 : 65535;
5306 : 65535;
5307 : 65535;
5308 : 65535;
5309 : 57083;
5310 : 52331;
5311 : 64845;
5312 : 64845;
5313 : 64845;
5314 : 62764;
5315 : 56459;
5316 : 56459;
5317 : 56459;
5318 : 56459;
5319 : 56459;
5320 : 54345;
5321 : 46387;
5322 : 65535;
5323 : 65535;
5324 : 65535;
5325 : 65535;
5326 : 65535;
5327 : 65535;
5328 : 65535;
5329 : 65535;
5330 : 65535;
5331 : 65535;
5332 : 65535;
5333 : 65535;
5334 : 65535;
5335 : 65535;
5336 : 65535;
5337 : 65535;
5338 : 65535;
5339 : 65535;
5340 : 48304;
5341 : 54249;
5342 : 14953;
5343 : 912;
5344 : 945;
5345 : 977;
5346 : 13492;
5347 : 17653;
5348 : 15605;
5349 : 13330;
5350 : 1009;
5351 : 1010;
5352 : 1010;
5353 : 1010;
5354 : 1010;
5355 : 1042;
5356 : 13525;
5357 : 17653;
5358 : 17653;
5359 : 17653;
5360 : 17653;
5361 : 17653;
5362 : 17653;
5363 : 17653;
5364 : 17653;
5365 : 17654;
5366 : 9397;
5367 : 4780;
5368 : 35560;
5369 : 52234;
5370 : 41800;
5371 : 48598;
5372 : 65535;
5373 : 65535;
5374 : 65535;
5375 : 65535;
5376 : 65535;
5377 : 65535;
5378 : 65535;
5379 : 52759;
5380 : 52201;
5381 : 39753;
5382 : 814;
5383 : 13525;
5384 : 17620;
5385 : 17621;
5386 : 17653;
5387 : 17653;
5388 : 17653;
5389 : 17653;
5390 : 17653;
5391 : 17653;
5392 : 17653;
5393 : 17653;
5394 : 17653;
5395 : 17653;
5396 : 17653;
5397 : 17653;
5398 : 17653;
5399 : 17653;
5400 : 17653;
5401 : 17653;
5402 : 17653;
5403 : 17653;
5404 : 17653;
5405 : 15605;
5406 : 7316;
5407 : 15508;
5408 : 911;
5409 : 11411;
5410 : 17588;
5411 : 15540;
5412 : 15540;
5413 : 15540;
5414 : 15508;
5415 : 17620;
5416 : 7283;
5417 : 717;
5418 : 2634;
5419 : 19081;
5420 : 37673;
5421 : 52202;
5422 : 56394;
5423 : 45961;
5424 : 44274;
5425 : 61342;
5426 : 65535;
5427 : 65535;
5428 : 65535;
5429 : 65535;
5430 : 65535;
5431 : 65535;
5432 : 65535;
5433 : 65535;
5434 : 65535;
5435 : 65535;
5436 : 65535;
5437 : 59164;
5438 : 52331;
5439 : 64845;
5440 : 64845;
5441 : 64845;
5442 : 64845;
5443 : 58539;
5444 : 56459;
5445 : 56459;
5446 : 56459;
5447 : 56459;
5448 : 56426;
5449 : 44175;
5450 : 65535;
5451 : 65535;
5452 : 65535;
5453 : 65535;
5454 : 65535;
5455 : 65535;
5456 : 65535;
5457 : 65535;
5458 : 65535;
5459 : 65535;
5460 : 65535;
5461 : 65535;
5462 : 65535;
5463 : 65535;
5464 : 65535;
5465 : 65535;
5466 : 65535;
5467 : 50711;
5468 : 50122;
5469 : 45961;
5470 : 4780;
5471 : 945;
5472 : 944;
5473 : 3058;
5474 : 15605;
5475 : 17653;
5476 : 17686;
5477 : 13297;
5478 : 1042;
5479 : 1010;
5480 : 1010;
5481 : 1010;
5482 : 1010;
5483 : 1042;
5484 : 11445;
5485 : 17654;
5486 : 17653;
5487 : 17653;
5488 : 17653;
5489 : 17653;
5490 : 17653;
5491 : 17653;
5492 : 17653;
5493 : 17653;
5494 : 17653;
5495 : 5203;
5496 : 2699;
5497 : 33512;
5498 : 48009;
5499 : 42129;
5500 : 65535;
5501 : 65535;
5502 : 65535;
5503 : 65535;
5504 : 65535;
5505 : 65535;
5506 : 63455;
5507 : 44077;
5508 : 56362;
5509 : 17065;
5510 : 3058;
5511 : 17621;
5512 : 17620;
5513 : 17653;
5514 : 17653;
5515 : 17653;
5516 : 17653;
5517 : 17653;
5518 : 17653;
5519 : 17653;
5520 : 17654;
5521 : 15605;
5522 : 15605;
5523 : 15605;
5524 : 15605;
5525 : 17654;
5526 : 17653;
5527 : 17653;
5528 : 17653;
5529 : 17653;
5530 : 17653;
5531 : 17653;
5532 : 17653;
5533 : 15573;
5534 : 9396;
5535 : 13362;
5536 : 912;
5537 : 13460;
5538 : 17588;
5539 : 15540;
5540 : 15507;
5541 : 15508;
5542 : 15508;
5543 : 17556;
5544 : 13460;
5545 : 977;
5546 : 814;
5547 : 750;
5548 : 684;
5549 : 10858;
5550 : 31432;
5551 : 52202;
5552 : 52169;
5553 : 39852;
5554 : 52857;
5555 : 65535;
5556 : 65535;
5557 : 65535;
5558 : 65535;
5559 : 65535;
5560 : 65535;
5561 : 65535;
5562 : 65535;
5563 : 65535;
5564 : 65535;
5565 : 59164;
5566 : 52364;
5567 : 64845;
5568 : 64845;
5569 : 64845;
5570 : 64877;
5571 : 60652;
5572 : 56459;
5573 : 56459;
5574 : 56459;
5575 : 56459;
5576 : 56458;
5577 : 41996;
5578 : 63455;
5579 : 65535;
5580 : 65535;
5581 : 65535;
5582 : 65535;
5583 : 65535;
5584 : 65535;
5585 : 65535;
5586 : 65535;
5587 : 65535;
5588 : 65535;
5589 : 65535;
5590 : 65535;
5591 : 65535;
5592 : 65535;
5593 : 63422;
5594 : 46387;
5595 : 45994;
5596 : 54314;
5597 : 31432;
5598 : 782;
5599 : 945;
5600 : 945;
5601 : 7219;
5602 : 17621;
5603 : 17621;
5604 : 17654;
5605 : 13362;
5606 : 1010;
5607 : 1010;
5608 : 1010;
5609 : 1010;
5610 : 1010;
5611 : 1010;
5612 : 11444;
5613 : 17654;
5614 : 17653;
5615 : 17653;
5616 : 17653;
5617 : 17653;
5618 : 17653;
5619 : 17653;
5620 : 17653;
5621 : 17653;
5622 : 17653;
5623 : 15605;
5624 : 3123;
5625 : 2700;
5626 : 37640;
5627 : 41932;
5628 : 63455;
5629 : 65535;
5630 : 65535;
5631 : 65535;
5632 : 65535;
5633 : 65535;
5634 : 52792;
5635 : 52202;
5636 : 43881;
5637 : 684;
5638 : 9299;
5639 : 17621;
5640 : 17620;
5641 : 17653;
5642 : 17653;
5643 : 17653;
5644 : 17653;
5645 : 17654;
5646 : 15606;
5647 : 11445;
5648 : 5171;
5649 : 977;
5650 : 912;
5651 : 944;
5652 : 3057;
5653 : 9331;
5654 : 17654;
5655 : 17653;
5656 : 17653;
5657 : 17653;
5658 : 17653;
5659 : 17653;
5660 : 17653;
5661 : 15605;
5662 : 13557;
5663 : 11249;
5664 : 912;
5665 : 15508;
5666 : 17588;
5667 : 15507;
5668 : 15475;
5669 : 15475;
5670 : 15443;
5671 : 15475;
5672 : 17588;
5673 : 7219;
5674 : 879;
5675 : 750;
5676 : 750;
5677 : 750;
5678 : 652;
5679 : 14888;
5680 : 41800;
5681 : 54282;
5682 : 43913;
5683 : 48501;
5684 : 63455;
5685 : 65535;
5686 : 65535;
5687 : 65535;
5688 : 65535;
5689 : 65535;
5690 : 65535;
5691 : 65535;
5692 : 65535;
5693 : 57116;
5694 : 50283;
5695 : 64877;
5696 : 64845;
5697 : 64845;
5698 : 64877;
5699 : 62765;
5700 : 56459;
5701 : 56459;
5702 : 56459;
5703 : 56459;
5704 : 56459;
5705 : 44010;
5706 : 59229;
5707 : 65535;
5708 : 65535;
5709 : 65535;
5710 : 65535;
5711 : 65535;
5712 : 65535;
5713 : 65535;
5714 : 65535;
5715 : 65535;
5716 : 65535;
5717 : 65535;
5718 : 65535;
5719 : 65535;
5720 : 52825;
5721 : 39916;
5722 : 48041;
5723 : 50154;
5724 : 50122;
5725 : 19049;
5726 : 815;
5727 : 944;
5728 : 1009;
5729 : 11412;
5730 : 17621;
5731 : 17621;
5732 : 17653;
5733 : 13394;
5734 : 977;
5735 : 1010;
5736 : 1010;
5737 : 1010;
5738 : 1010;
5739 : 1010;
5740 : 9364;
5741 : 17654;
5742 : 17653;
5743 : 17653;
5744 : 17653;
5745 : 17653;
5746 : 17653;
5747 : 17653;
5748 : 17653;
5749 : 17653;
5750 : 17653;
5751 : 17653;
5752 : 13557;
5753 : 977;
5754 : 21161;
5755 : 43881;
5756 : 57083;
5757 : 65535;
5758 : 65535;
5759 : 65535;
5760 : 65535;
5761 : 65503;
5762 : 46190;
5763 : 56362;
5764 : 19081;
5765 : 814;
5766 : 13460;
5767 : 17621;
5768 : 15540;
5769 : 15540;
5770 : 17621;
5771 : 17653;
5772 : 15606;
5773 : 7284;
5774 : 2927;
5775 : 11119;
5776 : 29875;
5777 : 40310;
5778 : 48664;
5779 : 50744;
5780 : 46616;
5781 : 32021;
5782 : 11314;
5783 : 15605;
5784 : 17654;
5785 : 17653;
5786 : 17653;
5787 : 17653;
5788 : 17653;
5789 : 15605;
5790 : 17653;
5791 : 7088;
5792 : 3025;
5793 : 15508;
5794 : 15508;
5795 : 15475;
5796 : 15508;
5797 : 15508;
5798 : 15443;
5799 : 15475;
5800 : 15475;
5801 : 13395;
5802 : 944;
5803 : 750;
5804 : 717;
5805 : 2765;
5806 : 2797;
5807 : 717;
5808 : 2602;
5809 : 29319;
5810 : 54282;
5811 : 50153;
5812 : 44110;
5813 : 59196;
5814 : 65535;
5815 : 65535;
5816 : 65535;
5817 : 65535;
5818 : 65535;
5819 : 65535;
5820 : 65535;
5821 : 59164;
5822 : 50284;
5823 : 64877;
5824 : 64845;
5825 : 64845;
5826 : 64846;
5827 : 64845;
5828 : 58571;
5829 : 56459;
5830 : 56459;
5831 : 56459;
5832 : 56459;
5833 : 48106;
5834 : 57018;
5835 : 65535;
5836 : 65535;
5837 : 65535;
5838 : 65535;
5839 : 65535;
5840 : 65535;
5841 : 65535;
5842 : 65535;
5843 : 65535;
5844 : 65535;
5845 : 65535;
5846 : 61310;
5847 : 42161;
5848 : 39720;
5849 : 50122;
5850 : 50154;
5851 : 50154;
5852 : 41768;
5853 : 4682;
5854 : 814;
5855 : 945;
5856 : 1042;
5857 : 13525;
5858 : 17653;
5859 : 17653;
5860 : 17654;
5861 : 13427;
5862 : 977;
5863 : 1009;
5864 : 1042;
5865 : 1010;
5866 : 1010;
5867 : 1010;
5868 : 7283;
5869 : 17654;
5870 : 17653;
5871 : 17653;
5872 : 17653;
5873 : 17653;
5874 : 17653;
5875 : 17653;
5876 : 17653;
5877 : 17653;
5878 : 17653;
5879 : 17653;
5880 : 17653;
5881 : 11444;
5882 : 8972;
5883 : 43816;
5884 : 50646;
5885 : 65535;
5886 : 65535;
5887 : 65535;
5888 : 65535;
5889 : 52825;
5890 : 50154;
5891 : 45961;
5892 : 2667;
5893 : 2960;
5894 : 15508;
5895 : 15507;
5896 : 15507;
5897 : 17588;
5898 : 17621;
5899 : 13525;
5900 : 3025;
5901 : 19505;
5902 : 48664;
5903 : 65438;
5904 : 65535;
5905 : 65535;
5906 : 65535;
5907 : 65535;
5908 : 65535;
5909 : 65535;
5910 : 48696;
5911 : 13297;
5912 : 17654;
5913 : 17653;
5914 : 17653;
5915 : 17653;
5916 : 17653;
5917 : 17653;
5918 : 17621;
5919 : 2927;
5920 : 3123;
5921 : 15540;
5922 : 15507;
5923 : 15475;
5924 : 15508;
5925 : 15540;
5926 : 15508;
5927 : 15443;
5928 : 15442;
5929 : 15410;
5930 : 7153;
5931 : 782;
5932 : 717;
5933 : 749;
5934 : 717;
5935 : 717;
5936 : 782;
5937 : 684;
5938 : 23176;
5939 : 52234;
5940 : 54314;
5941 : 43979;
5942 : 54905;
5943 : 65535;
5944 : 65535;
5945 : 65535;
5946 : 65535;
5947 : 65535;
5948 : 65535;
5949 : 59164;
5950 : 52332;
5951 : 64877;
5952 : 64845;
5953 : 64845;
5954 : 64845;
5955 : 64845;
5956 : 62732;
5957 : 54379;
5958 : 54379;
5959 : 56459;
5960 : 56459;
5961 : 50185;
5962 : 50679;
5963 : 65535;
5964 : 65535;
5965 : 65535;
5966 : 65535;
5967 : 65535;
5968 : 65535;
5969 : 65535;
5970 : 65535;
5971 : 65535;
5972 : 63390;
5973 : 48533;
5974 : 39851;
5975 : 45961;
5976 : 50154;
5977 : 50154;
5978 : 45961;
5979 : 31465;
5980 : 10825;
5981 : 750;
5982 : 815;
5983 : 977;
5984 : 3123;
5985 : 17653;
5986 : 17653;
5987 : 17653;
5988 : 17654;
5989 : 13525;
5990 : 944;
5991 : 977;
5992 : 1042;
5993 : 1010;
5994 : 1010;
5995 : 1010;
5996 : 5203;
5997 : 17653;
5998 : 17653;
5999 : 17653;
6000 : 17653;
6001 : 17653;
6002 : 17653;
6003 : 17653;
6004 : 17653;
6005 : 17653;
6006 : 17653;
6007 : 17653;
6008 : 17621;
6009 : 17621;
6010 : 7088;
6011 : 39688;
6012 : 44209;
6013 : 65535;
6014 : 65535;
6015 : 65535;
6016 : 65535;
6017 : 46355;
6018 : 54347;
6019 : 27304;
6020 : 685;
6021 : 7121;
6022 : 15475;
6023 : 15475;
6024 : 15540;
6025 : 17653;
6026 : 13525;
6027 : 2992;
6028 : 31890;
6029 : 65470;
6030 : 65535;
6031 : 65535;
6032 : 65535;
6033 : 65535;
6034 : 65535;
6035 : 65535;
6036 : 65535;
6037 : 65535;
6038 : 65535;
6039 : 46551;
6040 : 13362;
6041 : 17686;
6042 : 17653;
6043 : 17653;
6044 : 17653;
6045 : 17653;
6046 : 15475;
6047 : 847;
6048 : 5236;
6049 : 17621;
6050 : 15507;
6051 : 15475;
6052 : 15508;
6053 : 15540;
6054 : 15508;
6055 : 15475;
6056 : 15475;
6057 : 13394;
6058 : 9234;
6059 : 880;
6060 : 749;
6061 : 749;
6062 : 749;
6063 : 749;
6064 : 782;
6065 : 782;
6066 : 717;
6067 : 21129;
6068 : 50122;
6069 : 56362;
6070 : 43913;
6071 : 50711;
6072 : 65535;
6073 : 65535;
6074 : 65535;
6075 : 65535;
6076 : 65535;
6077 : 57083;
6078 : 52364;
6079 : 64878;
6080 : 64845;
6081 : 64845;
6082 : 64845;
6083 : 64845;
6084 : 64812;
6085 : 56459;
6086 : 54379;
6087 : 54379;
6088 : 56459;
6089 : 52266;
6090 : 46387;
6091 : 65535;
6092 : 65535;
6093 : 65535;
6094 : 65535;
6095 : 65535;
6096 : 65535;
6097 : 65535;
6098 : 63422;
6099 : 48534;
6100 : 37771;
6101 : 43880;
6102 : 50122;
6103 : 50154;
6104 : 43881;
6105 : 25256;
6106 : 6762;
6107 : 750;
6108 : 782;
6109 : 749;
6110 : 815;
6111 : 945;
6112 : 7283;
6113 : 17654;
6114 : 17653;
6115 : 17653;
6116 : 17686;
6117 : 13492;
6118 : 912;
6119 : 945;
6120 : 1042;
6121 : 1010;
6122 : 1010;
6123 : 1010;
6124 : 3122;
6125 : 15605;
6126 : 17653;
6127 : 17653;
6128 : 17653;
6129 : 17653;
6130 : 17653;
6131 : 17653;
6132 : 17653;
6133 : 17653;
6134 : 17653;
6135 : 17653;
6136 : 15540;
6137 : 17588;
6138 : 7153;
6139 : 31464;
6140 : 41964;
6141 : 65503;
6142 : 65535;
6143 : 65535;
6144 : 65535;
6145 : 48369;
6146 : 54315;
6147 : 14920;
6148 : 749;
6149 : 9201;
6150 : 15443;
6151 : 15540;
6152 : 17653;
6153 : 13525;
6154 : 2992;
6155 : 40342;
6156 : 65535;
6157 : 65535;
6158 : 65535;
6159 : 65535;
6160 : 65535;
6161 : 65535;
6162 : 65535;
6163 : 65535;
6164 : 65535;
6165 : 65535;
6166 : 65535;
6167 : 65535;
6168 : 34036;
6169 : 13492;
6170 : 17654;
6171 : 17653;
6172 : 17653;
6173 : 17686;
6174 : 13395;
6175 : 879;
6176 : 7284;
6177 : 17588;
6178 : 15475;
6179 : 15475;
6180 : 15507;
6181 : 15540;
6182 : 15508;
6183 : 15508;
6184 : 15508;
6185 : 15475;
6186 : 7153;
6187 : 944;
6188 : 814;
6189 : 749;
6190 : 749;
6191 : 749;
6192 : 782;
6193 : 782;
6194 : 749;
6195 : 685;
6196 : 17033;
6197 : 50122;
6198 : 54314;
6199 : 43914;
6200 : 33742;
6201 : 35822;
6202 : 35855;
6203 : 59196;
6204 : 65535;
6205 : 57018;
6206 : 56492;
6207 : 64877;
6208 : 64845;
6209 : 64845;
6210 : 64845;
6211 : 64844;
6212 : 64844;
6213 : 60651;
6214 : 54379;
6215 : 54379;
6216 : 54379;
6217 : 56426;
6218 : 44143;
6219 : 65535;
6220 : 65535;
6221 : 59164;
6222 : 57018;
6223 : 59131;
6224 : 57083;
6225 : 46453;
6226 : 35691;
6227 : 41800;
6228 : 50154;
6229 : 50154;
6230 : 43881;
6231 : 29384;
6232 : 6730;
6233 : 717;
6234 : 782;
6235 : 750;
6236 : 749;
6237 : 749;
6238 : 847;
6239 : 912;
6240 : 11412;
6241 : 17654;
6242 : 17653;
6243 : 17653;
6244 : 17686;
6245 : 11412;
6246 : 880;
6247 : 945;
6248 : 1042;
6249 : 1010;
6250 : 1010;
6251 : 1009;
6252 : 1042;
6253 : 15573;
6254 : 17653;
6255 : 17653;
6256 : 17653;
6257 : 17653;
6258 : 17653;
6259 : 17653;
6260 : 17653;
6261 : 17653;
6262 : 17653;
6263 : 17653;
6264 : 17621;
6265 : 17621;
6266 : 7219;
6267 : 19146;
6268 : 41834;
6269 : 59229;
6270 : 65535;
6271 : 65535;
6272 : 61342;
6273 : 50351;
6274 : 50122;
6275 : 6762;
6276 : 782;
6277 : 7153;
6278 : 13395;
6279 : 17556;
6280 : 13492;
6281 : 2992;
6282 : 40310;
6283 : 65535;
6284 : 65535;
6285 : 65535;
6286 : 65535;
6287 : 65535;
6288 : 65535;
6289 : 65535;
6290 : 65535;
6291 : 65535;
6292 : 65535;
6293 : 65535;
6294 : 65535;
6295 : 65535;
6296 : 61277;
6297 : 19506;
6298 : 15605;
6299 : 17653;
6300 : 17653;
6301 : 17686;
6302 : 11282;
6303 : 912;
6304 : 7283;
6305 : 17556;
6306 : 15475;
6307 : 15475;
6308 : 15475;
6309 : 15507;
6310 : 15475;
6311 : 15475;
6312 : 15475;
6313 : 15475;
6314 : 11282;
6315 : 912;
6316 : 880;
6317 : 749;
6318 : 749;
6319 : 749;
6320 : 750;
6321 : 750;
6322 : 749;
6323 : 750;
6324 : 717;
6325 : 21129;
6326 : 48074;
6327 : 50154;
6328 : 43848;
6329 : 45929;
6330 : 43848;
6331 : 42161;
6332 : 65535;
6333 : 50711;
6334 : 56459;
6335 : 64845;
6336 : 64845;
6337 : 64845;
6338 : 64844;
6339 : 64844;
6340 : 64844;
6341 : 64812;
6342 : 56459;
6343 : 54379;
6344 : 54379;
6345 : 56459;
6346 : 41964;
6347 : 63455;
6348 : 59164;
6349 : 39786;
6350 : 50122;
6351 : 43946;
6352 : 41833;
6353 : 41768;
6354 : 50122;
6355 : 50122;
6356 : 37672;
6357 : 19080;
6358 : 4715;
6359 : 717;
6360 : 782;
6361 : 782;
6362 : 750;
6363 : 749;
6364 : 750;
6365 : 782;
6366 : 879;
6367 : 945;
6368 : 13492;
6369 : 17621;
6370 : 17620;
6371 : 17653;
6372 : 17686;
6373 : 11379;
6374 : 847;
6375 : 944;
6376 : 1010;
6377 : 1010;
6378 : 1009;
6379 : 945;
6380 : 977;
6381 : 13525;
6382 : 17654;
6383 : 17653;
6384 : 17653;
6385 : 17653;
6386 : 17653;
6387 : 17653;
6388 : 17653;
6389 : 17653;
6390 : 17653;
6391 : 17653;
6392 : 17653;
6393 : 17654;
6394 : 7283;
6395 : 10987;
6396 : 41768;
6397 : 52825;
6398 : 65535;
6399 : 65535;
6400 : 59164;
6401 : 48140;
6402 : 45961;
6403 : 651;
6404 : 815;
6405 : 5105;
6406 : 13427;
6407 : 15507;
6408 : 2960;
6409 : 34036;
6410 : 65535;
6411 : 65535;
6412 : 65535;
6413 : 65535;
6414 : 65535;
6415 : 65535;
6416 : 65535;
6417 : 65535;
6418 : 65535;
6419 : 65535;
6420 : 65535;
6421 : 65535;
6422 : 65535;
6423 : 65535;
6424 : 65535;
6425 : 46583;
6426 : 13362;
6427 : 17621;
6428 : 17653;
6429 : 17654;
6430 : 9136;
6431 : 944;
6432 : 7251;
6433 : 17523;
6434 : 15475;
6435 : 15508;
6436 : 15443;
6437 : 15475;
6438 : 15475;
6439 : 15475;
6440 : 15443;
6441 : 15443;
6442 : 13362;
6443 : 2960;
6444 : 879;
6445 : 782;
6446 : 750;
6447 : 782;
6448 : 750;
6449 : 750;
6450 : 750;
6451 : 750;
6452 : 749;
6453 : 684;
6454 : 27304;
6455 : 50122;
6456 : 48074;
6457 : 48074;
6458 : 48074;
6459 : 41932;
6460 : 63455;
6461 : 46419;
6462 : 60652;
6463 : 64845;
6464 : 64845;
6465 : 64845;
6466 : 64844;
6467 : 64844;
6468 : 64844;
6469 : 64844;
6470 : 60619;
6471 : 54379;
6472 : 54379;
6473 : 56459;
6474 : 43945;
6475 : 57116;
6476 : 42129;
6477 : 50121;
6478 : 52234;
6479 : 50122;
6480 : 50122;
6481 : 50154;
6482 : 43881;
6483 : 17033;
6484 : 684;
6485 : 749;
6486 : 750;
6487 : 749;
6488 : 750;
6489 : 749;
6490 : 749;
6491 : 717;
6492 : 749;
6493 : 782;
6494 : 880;
6495 : 3090;
6496 : 15572;
6497 : 17621;
6498 : 17621;
6499 : 17653;
6500 : 17654;
6501 : 9299;
6502 : 847;
6503 : 912;
6504 : 1010;
6505 : 977;
6506 : 912;
6507 : 880;
6508 : 912;
6509 : 11444;
6510 : 17653;
6511 : 17653;
6512 : 17653;
6513 : 17653;
6514 : 17653;
6515 : 17653;
6516 : 17653;
6517 : 17653;
6518 : 17653;
6519 : 17653;
6520 : 17653;
6521 : 17686;
6522 : 7283;
6523 : 4877;
6524 : 41736;
6525 : 48500;
6526 : 65535;
6527 : 65535;
6528 : 54970;
6529 : 48074;
6530 : 37705;
6531 : 684;
6532 : 815;
6533 : 977;
6534 : 7218;
6535 : 3057;
6536 : 19408;
6537 : 65470;
6538 : 65535;
6539 : 65535;
6540 : 65535;
6541 : 65535;
6542 : 65535;
6543 : 65535;
6544 : 65535;
6545 : 65535;
6546 : 65535;
6547 : 65535;
6548 : 65535;
6549 : 65535;
6550 : 65535;
6551 : 65535;
6552 : 65535;
6553 : 65470;
6554 : 23569;
6555 : 15540;
6556 : 17620;
6557 : 17620;
6558 : 7023;
6559 : 945;
6560 : 9266;
6561 : 17490;
6562 : 15443;
6563 : 15508;
6564 : 15443;
6565 : 15443;
6566 : 15475;
6567 : 15507;
6568 : 15475;
6569 : 17458;
6570 : 15378;
6571 : 2992;
6572 : 847;
6573 : 749;
6574 : 749;
6575 : 782;
6576 : 782;
6577 : 749;
6578 : 749;
6579 : 750;
6580 : 749;
6581 : 750;
6582 : 2667;
6583 : 37672;
6584 : 48074;
6585 : 48074;
6586 : 48074;
6587 : 43881;
6588 : 52792;
6589 : 44143;
6590 : 64813;
6591 : 64845;
6592 : 64845;
6593 : 64845;
6594 : 64812;
6595 : 64812;
6596 : 64844;
6597 : 64844;
6598 : 62764;
6599 : 54411;
6600 : 54379;
6601 : 56459;
6602 : 48105;
6603 : 44340;
6604 : 41899;
6605 : 50154;
6606 : 48074;
6607 : 48074;
6608 : 50154;
6609 : 39720;
6610 : 6762;
6611 : 750;
6612 : 782;
6613 : 750;
6614 : 749;
6615 : 749;
6616 : 750;
6617 : 750;
6618 : 749;
6619 : 2765;
6620 : 717;
6621 : 782;
6622 : 847;
6623 : 5170;
6624 : 17621;
6625 : 17653;
6626 : 17653;
6627 : 17621;
6628 : 17653;
6629 : 7186;
6630 : 847;
6631 : 879;
6632 : 1010;
6633 : 912;
6634 : 847;
6635 : 847;
6636 : 880;
6637 : 9364;
6638 : 17654;
6639 : 17653;
6640 : 17653;
6641 : 17653;
6642 : 17653;
6643 : 17653;
6644 : 17653;
6645 : 17653;
6646 : 17653;
6647 : 17653;
6648 : 17621;
6649 : 17620;
6650 : 7251;
6651 : 847;
6652 : 35560;
6653 : 46289;
6654 : 65535;
6655 : 65535;
6656 : 52857;
6657 : 48073;
6658 : 33545;
6659 : 684;
6660 : 782;
6661 : 912;
6662 : 944;
6663 : 4877;
6664 : 57051;
6665 : 65535;
6666 : 65535;
6667 : 65535;
6668 : 65535;
6669 : 65535;
6670 : 65535;
6671 : 65535;
6672 : 65535;
6673 : 65535;
6674 : 65535;
6675 : 65535;
6676 : 65535;
6677 : 65535;
6678 : 65535;
6679 : 65535;
6680 : 65535;
6681 : 65535;
6682 : 46584;
6683 : 13330;
6684 : 15540;
6685 : 15507;
6686 : 4975;
6687 : 977;
6688 : 9299;
6689 : 17491;
6690 : 15443;
6691 : 15475;
6692 : 15443;
6693 : 15443;
6694 : 15475;
6695 : 15508;
6696 : 15475;
6697 : 15443;
6698 : 15410;
6699 : 2992;
6700 : 912;
6701 : 782;
6702 : 750;
6703 : 750;
6704 : 750;
6705 : 749;
6706 : 749;
6707 : 782;
6708 : 749;
6709 : 749;
6710 : 750;
6711 : 19081;
6712 : 45929;
6713 : 41801;
6714 : 45994;
6715 : 50122;
6716 : 35724;
6717 : 48204;
6718 : 64877;
6719 : 64812;
6720 : 64845;
6721 : 64878;
6722 : 64812;
6723 : 64844;
6724 : 64844;
6725 : 64844;
6726 : 64844;
6727 : 58571;
6728 : 54379;
6729 : 54411;
6730 : 52298;
6731 : 27239;
6732 : 43914;
6733 : 48074;
6734 : 48074;
6735 : 50154;
6736 : 43849;
6737 : 6730;
6738 : 782;
6739 : 749;
6740 : 749;
6741 : 749;
6742 : 749;
6743 : 749;
6744 : 782;
6745 : 782;
6746 : 749;
6747 : 749;
6748 : 749;
6749 : 782;
6750 : 815;
6751 : 7218;
6752 : 17620;
6753 : 17653;
6754 : 17653;
6755 : 17621;
6756 : 17653;
6757 : 7153;
6758 : 847;
6759 : 847;
6760 : 977;
6761 : 912;
6762 : 815;
6763 : 847;
6764 : 847;
6765 : 3155;
6766 : 15638;
6767 : 17654;
6768 : 17653;
6769 : 17653;
6770 : 17653;
6771 : 17653;
6772 : 17653;
6773 : 17653;
6774 : 17653;
6775 : 17654;
6776 : 17621;
6777 : 17556;
6778 : 9266;
6779 : 912;
6780 : 25288;
6781 : 44046;
6782 : 65535;
6783 : 65535;
6784 : 52857;
6785 : 50122;
6786 : 27336;
6787 : 684;
6788 : 782;
6789 : 944;
6790 : 782;
6791 : 36084;
6792 : 65535;
6793 : 65535;
6794 : 65535;
6795 : 65535;
6796 : 65535;
6797 : 65535;
6798 : 65535;
6799 : 65535;
6800 : 65535;
6801 : 65535;
6802 : 65535;
6803 : 65535;
6804 : 65535;
6805 : 65535;
6806 : 65535;
6807 : 65535;
6808 : 65535;
6809 : 65535;
6810 : 65470;
6811 : 23601;
6812 : 15508;
6813 : 15475;
6814 : 2927;
6815 : 945;
6816 : 11347;
6817 : 17556;
6818 : 15475;
6819 : 15475;
6820 : 17491;
6821 : 13363;
6822 : 9234;
6823 : 2960;
6824 : 879;
6825 : 879;
6826 : 2960;
6827 : 912;
6828 : 912;
6829 : 847;
6830 : 782;
6831 : 750;
6832 : 782;
6833 : 749;
6834 : 749;
6835 : 750;
6836 : 750;
6837 : 749;
6838 : 782;
6839 : 2602;
6840 : 33479;
6841 : 50283;
6842 : 46025;
6843 : 39720;
6844 : 31366;
6845 : 60685;
6846 : 64845;
6847 : 64812;
6848 : 64877;
6849 : 64910;
6850 : 64812;
6851 : 64844;
6852 : 64844;
6853 : 64844;
6854 : 64844;
6855 : 62732;
6856 : 54411;
6857 : 56459;
6858 : 54379;
6859 : 33447;
6860 : 43881;
6861 : 48106;
6862 : 48106;
6863 : 50122;
6864 : 19016;
6865 : 750;
6866 : 782;
6867 : 749;
6868 : 749;
6869 : 749;
6870 : 749;
6871 : 750;
6872 : 782;
6873 : 782;
6874 : 749;
6875 : 749;
6876 : 782;
6877 : 750;
6878 : 815;
6879 : 9266;
6880 : 17588;
6881 : 17653;
6882 : 17653;
6883 : 17653;
6884 : 17653;
6885 : 5073;
6886 : 847;
6887 : 847;
6888 : 977;
6889 : 880;
6890 : 847;
6891 : 847;
6892 : 814;
6893 : 2862;
6894 : 2992;
6895 : 11477;
6896 : 17654;
6897 : 17653;
6898 : 17653;
6899 : 17653;
6900 : 17653;
6901 : 17653;
6902 : 17653;
6903 : 17653;
6904 : 17653;
6905 : 17588;
6906 : 9299;
6907 : 945;
6908 : 15050;
6909 : 41867;
6910 : 63390;
6911 : 65535;
6912 : 52824;
6913 : 50121;
6914 : 23208;
6915 : 685;
6916 : 814;
6917 : 912;
6918 : 11119;
6919 : 63357;
6920 : 65535;
6921 : 65535;
6922 : 65535;
6923 : 65535;
6924 : 65535;
6925 : 65535;
6926 : 65535;
6927 : 65535;
6928 : 65535;
6929 : 65535;
6930 : 65535;
6931 : 65535;
6932 : 65535;
6933 : 65535;
6934 : 65535;
6935 : 65535;
6936 : 65535;
6937 : 65535;
6938 : 65535;
6939 : 46583;
6940 : 13330;
6941 : 15443;
6942 : 2797;
6943 : 944;
6944 : 11314;
6945 : 17555;
6946 : 17523;
6947 : 15443;
6948 : 9201;
6949 : 782;
6950 : 619;
6951 : 8908;
6952 : 15117;
6953 : 13036;
6954 : 8908;
6955 : 651;
6956 : 750;
6957 : 782;
6958 : 782;
6959 : 749;
6960 : 782;
6961 : 750;
6962 : 750;
6963 : 750;
6964 : 782;
6965 : 749;
6966 : 2634;
6967 : 33642;
6968 : 65009;
6969 : 65009;
6970 : 64877;
6971 : 62765;
6972 : 60684;
6973 : 64845;
6974 : 64845;
6975 : 64813;
6976 : 64878;
6977 : 64911;
6978 : 64845;
6979 : 64845;
6980 : 64845;
6981 : 64845;
6982 : 64845;
6983 : 64845;
6984 : 58571;
6985 : 56459;
6986 : 56459;
6987 : 37672;
6988 : 31366;
6989 : 31367;
6990 : 41801;
6991 : 37641;
6992 : 2667;
6993 : 782;
6994 : 782;
6995 : 749;
6996 : 749;
6997 : 749;
6998 : 749;
6999 : 782;
7000 : 750;
7001 : 750;
7002 : 749;
7003 : 749;
7004 : 782;
7005 : 750;
7006 : 879;
7007 : 11347;
7008 : 17588;
7009 : 17653;
7010 : 17653;
7011 : 17653;
7012 : 17654;
7013 : 5008;
7014 : 847;
7015 : 847;
7016 : 945;
7017 : 847;
7018 : 847;
7019 : 815;
7020 : 13101;
7021 : 54938;
7022 : 36051;
7023 : 2895;
7024 : 7316;
7025 : 17653;
7026 : 17654;
7027 : 17653;
7028 : 17653;
7029 : 17653;
7030 : 17621;
7031 : 17588;
7032 : 17621;
7033 : 17620;
7034 : 11347;
7035 : 945;
7036 : 8973;
7037 : 39720;
7038 : 59164;
7039 : 65535;
7040 : 52792;
7041 : 50122;
7042 : 25224;
7043 : 717;
7044 : 782;
7045 : 717;
7046 : 38229;
7047 : 65535;
7048 : 65535;
7049 : 65535;
7050 : 65535;
7051 : 65535;
7052 : 65535;
7053 : 65535;
7054 : 65535;
7055 : 65535;
7056 : 65535;
7057 : 65535;
7058 : 65535;
7059 : 65535;
7060 : 65535;
7061 : 65535;
7062 : 65535;
7063 : 65535;
7064 : 65535;
7065 : 65535;
7066 : 65535;
7067 : 63390;
7068 : 19473;
7069 : 15475;
7070 : 2732;
7071 : 912;
7072 : 11282;
7073 : 17491;
7074 : 13362;
7075 : 2895;
7076 : 619;
7077 : 19278;
7078 : 48631;
7079 : 63390;
7080 : 65503;
7081 : 65503;
7082 : 63357;
7083 : 46551;
7084 : 19375;
7085 : 2765;
7086 : 750;
7087 : 750;
7088 : 782;
7089 : 782;
7090 : 750;
7091 : 717;
7092 : 684;
7093 : 8809;
7094 : 46057;
7095 : 64943;
7096 : 65010;
7097 : 64911;
7098 : 64845;
7099 : 64845;
7100 : 60652;
7101 : 58539;
7102 : 64845;
7103 : 64845;
7104 : 64911;
7105 : 64977;
7106 : 64846;
7107 : 64845;
7108 : 64845;
7109 : 64845;
7110 : 64845;
7111 : 64845;
7112 : 62732;
7113 : 58571;
7114 : 56459;
7115 : 50218;
7116 : 52298;
7117 : 48105;
7118 : 37639;
7119 : 18950;
7120 : 717;
7121 : 782;
7122 : 782;
7123 : 750;
7124 : 749;
7125 : 750;
7126 : 782;
7127 : 782;
7128 : 782;
7129 : 782;
7130 : 749;
7131 : 749;
7132 : 750;
7133 : 782;
7134 : 912;
7135 : 11412;
7136 : 17588;
7137 : 15540;
7138 : 17588;
7139 : 17653;
7140 : 15573;
7141 : 2895;
7142 : 847;
7143 : 847;
7144 : 912;
7145 : 847;
7146 : 847;
7147 : 4780;
7148 : 54938;
7149 : 65535;
7150 : 65535;
7151 : 46551;
7152 : 4942;
7153 : 3123;
7154 : 13525;
7155 : 17653;
7156 : 17653;
7157 : 17653;
7158 : 17620;
7159 : 15508;
7160 : 15508;
7161 : 15508;
7162 : 9299;
7163 : 945;
7164 : 2895;
7165 : 37640;
7166 : 54905;
7167 : 65535;
7168 : 52792;
7169 : 48041;
7170 : 25224;
7171 : 717;
7172 : 749;
7173 : 8941;
7174 : 63357;
7175 : 65535;
7176 : 65535;
7177 : 65535;
7178 : 65535;
7179 : 65535;
7180 : 65535;
7181 : 65535;
7182 : 65535;
7183 : 65535;
7184 : 65535;
7185 : 65535;
7186 : 65535;
7187 : 65535;
7188 : 65535;
7189 : 65535;
7190 : 65535;
7191 : 65535;
7192 : 65535;
7193 : 65535;
7194 : 65535;
7195 : 65535;
7196 : 36051;
7197 : 13297;
7198 : 6925;
7199 : 912;
7200 : 11314;
7201 : 13427;
7202 : 814;
7203 : 8843;
7204 : 48631;
7205 : 65535;
7206 : 65535;
7207 : 65535;
7208 : 65535;
7209 : 65535;
7210 : 65535;
7211 : 65535;
7212 : 63390;
7213 : 25453;
7214 : 8777;
7215 : 8875;
7216 : 12970;
7217 : 19178;
7218 : 25386;
7219 : 33641;
7220 : 46058;
7221 : 60651;
7222 : 64877;
7223 : 64845;
7224 : 64878;
7225 : 64845;
7226 : 64845;
7227 : 64845;
7228 : 60652;
7229 : 50186;
7230 : 58572;
7231 : 64845;
7232 : 64944;
7233 : 65009;
7234 : 64878;
7235 : 64845;
7236 : 64845;
7237 : 64845;
7238 : 64845;
7239 : 64845;
7240 : 64845;
7241 : 62699;
7242 : 56491;
7243 : 52299;
7244 : 52298;
7245 : 56491;
7246 : 60652;
7247 : 56492;
7248 : 17098;
7249 : 2667;
7250 : 684;
7251 : 685;
7252 : 717;
7253 : 685;
7254 : 587;
7255 : 6729;
7256 : 6794;
7257 : 782;
7258 : 750;
7259 : 717;
7260 : 750;
7261 : 782;
7262 : 944;
7263 : 13492;
7264 : 17653;
7265 : 17588;
7266 : 15540;
7267 : 17653;
7268 : 15540;
7269 : 814;
7270 : 847;
7271 : 847;
7272 : 880;
7273 : 847;
7274 : 684;
7275 : 40277;
7276 : 65535;
7277 : 65535;
7278 : 65535;
7279 : 65535;
7280 : 52890;
7281 : 11119;
7282 : 977;
7283 : 11477;
7284 : 17653;
7285 : 17620;
7286 : 17620;
7287 : 15508;
7288 : 15508;
7289 : 13427;
7290 : 9299;
7291 : 977;
7292 : 879;
7293 : 35560;
7294 : 50646;
7295 : 65535;
7296 : 54905;
7297 : 48041;
7298 : 25256;
7299 : 749;
7300 : 652;
7301 : 31890;
7302 : 65535;
7303 : 65535;
7304 : 65535;
7305 : 65535;
7306 : 65535;
7307 : 65535;
7308 : 65535;
7309 : 65535;
7310 : 65535;
7311 : 65535;
7312 : 65535;
7313 : 65535;
7314 : 65535;
7315 : 65535;
7316 : 65535;
7317 : 65535;
7318 : 65535;
7319 : 65535;
7320 : 65535;
7321 : 65535;
7322 : 65535;
7323 : 65535;
7324 : 59164;
7325 : 17327;
7326 : 11249;
7327 : 879;
7328 : 11347;
7329 : 2992;
7330 : 13036;
7331 : 57051;
7332 : 65535;
7333 : 65535;
7334 : 65535;
7335 : 65535;
7336 : 65535;
7337 : 65535;
7338 : 65535;
7339 : 61309;
7340 : 37870;
7341 : 54543;
7342 : 62765;
7343 : 62699;
7344 : 62732;
7345 : 64844;
7346 : 64844;
7347 : 64877;
7348 : 64877;
7349 : 64845;
7350 : 64845;
7351 : 64845;
7352 : 64845;
7353 : 64845;
7354 : 64845;
7355 : 64845;
7356 : 62765;
7357 : 50186;
7358 : 52298;
7359 : 64878;
7360 : 64977;
7361 : 65042;
7362 : 64878;
7363 : 64845;
7364 : 64845;
7365 : 64845;
7366 : 64845;
7367 : 64845;
7368 : 64877;
7369 : 64812;
7370 : 60619;
7371 : 56459;
7372 : 56459;
7373 : 56459;
7374 : 62732;
7375 : 64878;
7376 : 62765;
7377 : 56459;
7378 : 46090;
7379 : 33609;
7380 : 25256;
7381 : 25223;
7382 : 37704;
7383 : 58572;
7384 : 56491;
7385 : 14920;
7386 : 15150;
7387 : 19310;
7388 : 15150;
7389 : 2700;
7390 : 814;
7391 : 13460;
7392 : 17653;
7393 : 17653;
7394 : 17653;
7395 : 17654;
7396 : 13492;
7397 : 814;
7398 : 847;
7399 : 847;
7400 : 847;
7401 : 782;
7402 : 19343;
7403 : 65503;
7404 : 65535;
7405 : 65535;
7406 : 65535;
7407 : 65535;
7408 : 65535;
7409 : 54645;
7410 : 19277;
7411 : 912;
7412 : 11444;
7413 : 17653;
7414 : 17620;
7415 : 15540;
7416 : 17556;
7417 : 11379;
7418 : 3090;
7419 : 977;
7420 : 847;
7421 : 31432;
7422 : 50548;
7423 : 65535;
7424 : 54938;
7425 : 45994;
7426 : 27304;
7427 : 717;
7428 : 2700;
7429 : 54970;
7430 : 65535;
7431 : 65535;
7432 : 65535;
7433 : 65535;
7434 : 65535;
7435 : 65535;
7436 : 65535;
7437 : 65535;
7438 : 65535;
7439 : 65535;
7440 : 65535;
7441 : 65535;
7442 : 65535;
7443 : 65535;
7444 : 65535;
7445 : 65535;
7446 : 65535;
7447 : 65535;
7448 : 65535;
7449 : 65535;
7450 : 65535;
7451 : 65535;
7452 : 65535;
7453 : 31923;
7454 : 13395;
7455 : 11347;
7456 : 7218;
7457 : 11021;
7458 : 59164;
7459 : 65535;
7460 : 65535;
7461 : 65535;
7462 : 65535;
7463 : 65535;
7464 : 65535;
7465 : 65535;
7466 : 63422;
7467 : 42062;
7468 : 58604;
7469 : 65009;
7470 : 64845;
7471 : 64844;
7472 : 64845;
7473 : 64844;
7474 : 64812;
7475 : 64844;
7476 : 64844;
7477 : 64813;
7478 : 64845;
7479 : 64845;
7480 : 64845;
7481 : 64845;
7482 : 64845;
7483 : 64845;
7484 : 64845;
7485 : 58539;
7486 : 56524;
7487 : 64878;
7488 : 65009;
7489 : 65042;
7490 : 64878;
7491 : 64845;
7492 : 64845;
7493 : 64845;
7494 : 64845;
7495 : 64845;
7496 : 64877;
7497 : 64845;
7498 : 62732;
7499 : 56491;
7500 : 56459;
7501 : 56459;
7502 : 58571;
7503 : 62764;
7504 : 64877;
7505 : 64878;
7506 : 64878;
7507 : 64877;
7508 : 64877;
7509 : 64877;
7510 : 64910;
7511 : 64878;
7512 : 64878;
7513 : 58572;
7514 : 48532;
7515 : 65535;
7516 : 65503;
7517 : 57018;
7518 : 29809;
7519 : 9071;
7520 : 15540;
7521 : 17653;
7522 : 17653;
7523 : 17686;
7524 : 13427;
7525 : 847;
7526 : 847;
7527 : 847;
7528 : 847;
7529 : 2765;
7530 : 52890;
7531 : 65535;
7532 : 65535;
7533 : 65535;
7534 : 65535;
7535 : 65535;
7536 : 65535;
7537 : 58447;
7538 : 58218;
7539 : 21064;
7540 : 912;
7541 : 11444;
7542 : 17588;
7543 : 15508;
7544 : 15507;
7545 : 11347;
7546 : 977;
7547 : 912;
7548 : 848;
7549 : 27336;
7550 : 48369;
7551 : 65535;
7552 : 57051;
7553 : 45994;
7554 : 27304;
7555 : 685;
7556 : 17295;
7557 : 65503;
7558 : 65535;
7559 : 65535;
7560 : 65535;
7561 : 65535;
7562 : 65535;
7563 : 65535;
7564 : 65535;
7565 : 65535;
7566 : 65535;
7567 : 65535;
7568 : 65535;
7569 : 65535;
7570 : 65535;
7571 : 65535;
7572 : 65535;
7573 : 65535;
7574 : 65535;
7575 : 65535;
7576 : 65535;
7577 : 65535;
7578 : 65535;
7579 : 65535;
7580 : 65535;
7581 : 48696;
7582 : 13329;
7583 : 17588;
7584 : 4975;
7585 : 46584;
7586 : 65535;
7587 : 65535;
7588 : 65535;
7589 : 65535;
7590 : 65535;
7591 : 65535;
7592 : 65535;
7593 : 65503;
7594 : 44241;
7595 : 58571;
7596 : 64845;
7597 : 64812;
7598 : 64844;
7599 : 64845;
7600 : 64845;
7601 : 64845;
7602 : 64844;
7603 : 64845;
7604 : 64844;
7605 : 64845;
7606 : 64845;
7607 : 64845;
7608 : 64845;
7609 : 64845;
7610 : 64845;
7611 : 64845;
7612 : 64845;
7613 : 64845;
7614 : 64845;
7615 : 64878;
7616 : 65042;
7617 : 65042;
7618 : 64878;
7619 : 64877;
7620 : 64845;
7621 : 64845;
7622 : 64845;
7623 : 64845;
7624 : 64845;
7625 : 64845;
7626 : 64812;
7627 : 58539;
7628 : 56459;
7629 : 56459;
7630 : 56459;
7631 : 58539;
7632 : 60651;
7633 : 62764;
7634 : 64813;
7635 : 64845;
7636 : 64812;
7637 : 64845;
7638 : 64845;
7639 : 64845;
7640 : 64845;
7641 : 64878;
7642 : 52364;
7643 : 54938;
7644 : 65535;
7645 : 65535;
7646 : 65535;
7647 : 50744;
7648 : 11216;
7649 : 15605;
7650 : 17653;
7651 : 17686;
7652 : 11346;
7653 : 815;
7654 : 847;
7655 : 847;
7656 : 782;
7657 : 27794;
7658 : 65535;
7659 : 65535;
7660 : 65535;
7661 : 65535;
7662 : 65535;
7663 : 63390;
7664 : 58904;
7665 : 60299;
7666 : 62216;
7667 : 56562;
7668 : 19343;
7669 : 912;
7670 : 11379;
7671 : 17523;
7672 : 15443;
7673 : 11314;
7674 : 945;
7675 : 912;
7676 : 880;
7677 : 25321;
7678 : 48304;
7679 : 65535;
7680 : 59196;
7681 : 43914;
7682 : 29384;
7683 : 620;
7684 : 40310;
7685 : 65535;
7686 : 65535;
7687 : 65535;
7688 : 65535;
7689 : 65535;
7690 : 65535;
7691 : 65535;
7692 : 65535;
7693 : 65535;
7694 : 65535;
7695 : 65535;
7696 : 65535;
7697 : 65535;
7698 : 65535;
7699 : 65535;
7700 : 65535;
7701 : 65535;
7702 : 65535;
7703 : 65535;
7704 : 65535;
7705 : 65535;
7706 : 65535;
7707 : 65535;
7708 : 65535;
7709 : 63357;
7710 : 19506;
7711 : 11379;
7712 : 23634;
7713 : 65535;
7714 : 65535;
7715 : 65535;
7716 : 65535;
7717 : 65535;
7718 : 65535;
7719 : 65535;
7720 : 65535;
7721 : 46452;
7722 : 56459;
7723 : 64845;
7724 : 64812;
7725 : 64844;
7726 : 60619;
7727 : 54378;
7728 : 54346;
7729 : 54346;
7730 : 54378;
7731 : 58539;
7732 : 62667;
7733 : 64780;
7734 : 62764;
7735 : 62764;
7736 : 64812;
7737 : 64813;
7738 : 64845;
7739 : 64845;
7740 : 64845;
7741 : 64845;
7742 : 64845;
7743 : 64878;
7744 : 65042;
7745 : 65042;
7746 : 64878;
7747 : 64877;
7748 : 64845;
7749 : 64845;
7750 : 64845;
7751 : 64845;
7752 : 64845;
7753 : 64845;
7754 : 64845;
7755 : 58571;
7756 : 56459;
7757 : 56459;
7758 : 56459;
7759 : 56459;
7760 : 56459;
7761 : 56459;
7762 : 56459;
7763 : 58539;
7764 : 60619;
7765 : 60619;
7766 : 62732;
7767 : 64845;
7768 : 64845;
7769 : 64845;
7770 : 64845;
7771 : 48302;
7772 : 61310;
7773 : 65535;
7774 : 65535;
7775 : 65535;
7776 : 42358;
7777 : 9201;
7778 : 17686;
7779 : 17686;
7780 : 9234;
7781 : 815;
7782 : 847;
7783 : 847;
7784 : 4877;
7785 : 59164;
7786 : 65535;
7787 : 65535;
7788 : 65535;
7789 : 65535;
7790 : 65535;
7791 : 58903;
7792 : 58088;
7793 : 62249;
7794 : 60168;
7795 : 60951;
7796 : 61309;
7797 : 17197;
7798 : 847;
7799 : 11314;
7800 : 13362;
7801 : 9234;
7802 : 2992;
7803 : 912;
7804 : 880;
7805 : 25289;
7806 : 44045;
7807 : 65535;
7808 : 63422;
7809 : 41932;
7810 : 33512;
7811 : 2699;
7812 : 57083;
7813 : 65535;
7814 : 65535;
7815 : 65535;
7816 : 65535;
7817 : 65535;
7818 : 65535;
7819 : 65535;
7820 : 65535;
7821 : 65535;
7822 : 65535;
7823 : 65535;
7824 : 65535;
7825 : 65535;
7826 : 65535;
7827 : 65535;
7828 : 65535;
7829 : 65535;
7830 : 65535;
7831 : 65535;
7832 : 65535;
7833 : 65535;
7834 : 65535;
7835 : 65535;
7836 : 65535;
7837 : 65535;
7838 : 32021;
7839 : 9266;
7840 : 48729;
7841 : 65535;
7842 : 65535;
7843 : 65535;
7844 : 65535;
7845 : 65535;
7846 : 65535;
7847 : 65535;
7848 : 52857;
7849 : 50219;
7850 : 64845;
7851 : 64845;
7852 : 64877;
7853 : 54346;
7854 : 37870;
7855 : 48566;
7856 : 50646;
7857 : 48598;
7858 : 42226;
7859 : 12872;
7860 : 17098;
7861 : 27368;
7862 : 43945;
7863 : 56491;
7864 : 56459;
7865 : 56491;
7866 : 58539;
7867 : 60652;
7868 : 64845;
7869 : 64845;
7870 : 64845;
7871 : 64911;
7872 : 65075;
7873 : 65009;
7874 : 64845;
7875 : 64845;
7876 : 64845;
7877 : 64845;
7878 : 64845;
7879 : 64845;
7880 : 64845;
7881 : 64845;
7882 : 64845;
7883 : 60619;
7884 : 56459;
7885 : 56459;
7886 : 56459;
7887 : 56459;
7888 : 56459;
7889 : 56459;
7890 : 54346;
7891 : 48105;
7892 : 43946;
7893 : 39916;
7894 : 39884;
7895 : 58572;
7896 : 64877;
7897 : 64845;
7898 : 64845;
7899 : 62700;
7900 : 48402;
7901 : 65535;
7902 : 65535;
7903 : 65535;
7904 : 65470;
7905 : 19440;
7906 : 13525;
7907 : 17686;
7908 : 7153;
7909 : 814;
7910 : 847;
7911 : 750;
7912 : 34003;
7913 : 65535;
7914 : 65535;
7915 : 65535;
7916 : 65535;
7917 : 65535;
7918 : 65535;
7919 : 60853;
7920 : 62216;
7921 : 62249;
7922 : 60200;
7923 : 63129;
7924 : 65535;
7925 : 61244;
7926 : 15214;
7927 : 912;
7928 : 3090;
7929 : 3025;
7930 : 2993;
7931 : 912;
7932 : 912;
7933 : 23241;
7934 : 39819;
7935 : 63390;
7936 : 65535;
7937 : 42030;
7938 : 33480;
7939 : 13069;
7940 : 65503;
7941 : 65535;
7942 : 65535;
7943 : 65535;
7944 : 65535;
7945 : 65535;
7946 : 65535;
7947 : 65535;
7948 : 65535;
7949 : 65535;
7950 : 65535;
7951 : 65535;
7952 : 65535;
7953 : 65535;
7954 : 65535;
7955 : 65535;
7956 : 65535;
7957 : 65535;
7958 : 65535;
7959 : 65535;
7960 : 65535;
7961 : 65535;
7962 : 65535;
7963 : 65535;
7964 : 65535;
7965 : 65535;
7966 : 46649;
7967 : 17425;
7968 : 63390;
7969 : 65535;
7970 : 65535;
7971 : 65535;
7972 : 65535;
7973 : 65535;
7974 : 65535;
7975 : 61310;
7976 : 44076;
7977 : 64812;
7978 : 64844;
7979 : 64845;
7980 : 60619;
7981 : 37902;
7982 : 61342;
7983 : 65535;
7984 : 65535;
7985 : 65535;
7986 : 65535;
7987 : 19375;
7988 : 717;
7989 : 750;
7990 : 10857;
7991 : 54346;
7992 : 54379;
7993 : 54379;
7994 : 54379;
7995 : 56459;
7996 : 64845;
7997 : 64845;
7998 : 64845;
7999 : 64976;
8000 : 65075;
8001 : 64977;
8002 : 64877;
8003 : 64845;
8004 : 64845;
8005 : 64813;
8006 : 64845;
8007 : 64877;
8008 : 64878;
8009 : 64845;
8010 : 64845;
8011 : 62700;
8012 : 56459;
8013 : 56459;
8014 : 56459;
8015 : 56459;
8016 : 46025;
8017 : 21160;
8018 : 21161;
8019 : 48565;
8020 : 57051;
8021 : 63455;
8022 : 61342;
8023 : 44208;
8024 : 60652;
8025 : 64845;
8026 : 64813;
8027 : 64845;
8028 : 56491;
8029 : 52792;
8030 : 65535;
8031 : 65535;
8032 : 65535;
8033 : 46616;
8034 : 7153;
8035 : 17686;
8036 : 7121;
8037 : 815;
8038 : 847;
8039 : 6893;
8040 : 59196;
8041 : 65535;
8042 : 65535;
8043 : 65535;
8044 : 65535;
8045 : 65535;
8046 : 65535;
8047 : 60853;
8048 : 62216;
8049 : 62249;
8050 : 62280;
8051 : 60884;
8052 : 59033;
8053 : 65535;
8054 : 61277;
8055 : 17360;
8056 : 880;
8057 : 945;
8058 : 2992;
8059 : 880;
8060 : 880;
8061 : 21161;
8062 : 41867;
8063 : 61309;
8064 : 65535;
8065 : 44241;
8066 : 35527;
8067 : 25551;
8068 : 65535;
8069 : 65535;
8070 : 65535;
8071 : 65535;
8072 : 65535;
8073 : 65535;
8074 : 65535;
8075 : 65535;
8076 : 65535;
8077 : 65535;
8078 : 65535;
8079 : 65535;
8080 : 65535;
8081 : 65535;
8082 : 65535;
8083 : 65535;
8084 : 65535;
8085 : 65535;
8086 : 65535;
8087 : 65535;
8088 : 65535;
8089 : 65535;
8090 : 65535;
8091 : 65535;
8092 : 65535;
8093 : 65535;
8094 : 61277;
8095 : 50744;
8096 : 65535;
8097 : 65535;
8098 : 65535;
8099 : 65535;
8100 : 65535;
8101 : 65535;
8102 : 65535;
8103 : 46387;
8104 : 58539;
8105 : 64845;
8106 : 64844;
8107 : 64812;
8108 : 39883;
8109 : 61309;
8110 : 65535;
8111 : 65535;
8112 : 65535;
8113 : 65535;
8114 : 65535;
8115 : 46551;
8116 : 684;
8117 : 814;
8118 : 619;
8119 : 43913;
8120 : 56459;
8121 : 54379;
8122 : 54379;
8123 : 60652;
8124 : 64845;
8125 : 64845;
8126 : 64878;
8127 : 65009;
8128 : 65075;
8129 : 62864;
8130 : 52331;
8131 : 44075;
8132 : 46220;
8133 : 48333;
8134 : 46220;
8135 : 46123;
8136 : 56492;
8137 : 64845;
8138 : 64878;
8139 : 62732;
8140 : 56459;
8141 : 56459;
8142 : 54378;
8143 : 52266;
8144 : 8810;
8145 : 717;
8146 : 42455;
8147 : 65535;
8148 : 65535;
8149 : 65535;
8150 : 65535;
8151 : 61310;
8152 : 44109;
8153 : 62732;
8154 : 64845;
8155 : 64845;
8156 : 64845;
8157 : 50317;
8158 : 59229;
8159 : 65535;
8160 : 65535;
8161 : 65503;
8162 : 19473;
8163 : 11477;
8164 : 5073;
8165 : 814;
8166 : 750;
8167 : 31890;
8168 : 65535;
8169 : 65535;
8170 : 65535;
8171 : 65535;
8172 : 65535;
8173 : 65535;
8174 : 65535;
8175 : 58708;
8176 : 62216;
8177 : 62249;
8178 : 62281;
8179 : 60716;
8180 : 56850;
8181 : 65438;
8182 : 65535;
8183 : 61277;
8184 : 11086;
8185 : 880;
8186 : 2992;
8187 : 879;
8188 : 847;
8189 : 21161;
8190 : 39786;
8191 : 59229;
8192 : 65535;
8193 : 48565;
8194 : 35494;
8195 : 40147;
8196 : 65535;
8197 : 65535;
8198 : 65535;
8199 : 65535;
8200 : 65535;
8201 : 65535;
8202 : 65535;
8203 : 65535;
8204 : 65535;
8205 : 65535;
8206 : 65535;
8207 : 65535;
8208 : 65535;
8209 : 65535;
8210 : 65535;
8211 : 65535;
8212 : 65535;
8213 : 65535;
8214 : 65535;
8215 : 65535;
8216 : 65535;
8217 : 65535;
8218 : 65535;
8219 : 65535;
8220 : 65535;
8221 : 65535;
8222 : 65535;
8223 : 65535;
8224 : 65535;
8225 : 65535;
8226 : 65535;
8227 : 65535;
8228 : 65535;
8229 : 61310;
8230 : 48598;
8231 : 50251;
8232 : 64844;
8233 : 64812;
8234 : 64845;
8235 : 48170;
8236 : 50745;
8237 : 65535;
8238 : 65535;
8239 : 65535;
8240 : 65535;
8241 : 65535;
8242 : 65535;
8243 : 59164;
8244 : 4845;
8245 : 750;
8246 : 14985;
8247 : 48073;
8248 : 54411;
8249 : 54379;
8250 : 58539;
8251 : 64845;
8252 : 64845;
8253 : 64878;
8254 : 64944;
8255 : 62962;
8256 : 52528;
8257 : 48530;
8258 : 54867;
8259 : 61205;
8260 : 65398;
8261 : 65398;
8262 : 65398;
8263 : 59124;
8264 : 50640;
8265 : 48268;
8266 : 60652;
8267 : 64812;
8268 : 56459;
8269 : 56459;
8270 : 50186;
8271 : 27336;
8272 : 685;
8273 : 11119;
8274 : 65470;
8275 : 65535;
8276 : 65535;
8277 : 65535;
8278 : 65535;
8279 : 65535;
8280 : 57051;
8281 : 41963;
8282 : 64812;
8283 : 64845;
8284 : 64845;
8285 : 62765;
8286 : 46223;
8287 : 61342;
8288 : 65535;
8289 : 65535;
8290 : 46584;
8291 : 5138;
8292 : 2992;
8293 : 782;
8294 : 4812;
8295 : 59164;
8296 : 65535;
8297 : 65535;
8298 : 65535;
8299 : 65535;
8300 : 65535;
8301 : 65535;
8302 : 65535;
8303 : 58610;
8304 : 62216;
8305 : 62281;
8306 : 62474;
8307 : 65362;
8308 : 65394;
8309 : 61176;
8310 : 65535;
8311 : 65535;
8312 : 50777;
8313 : 2797;
8314 : 912;
8315 : 847;
8316 : 815;
8317 : 19113;
8318 : 39753;
8319 : 57116;
8320 : 65535;
8321 : 54905;
8322 : 37575;
8323 : 48501;
8324 : 65535;
8325 : 65535;
8326 : 65535;
8327 : 65535;
8328 : 65535;
8329 : 65535;
8330 : 65535;
8331 : 65535;
8332 : 65535;
8333 : 65535;
8334 : 65535;
8335 : 65535;
8336 : 65535;
8337 : 65535;
8338 : 65535;
8339 : 65535;
8340 : 65535;
8341 : 65535;
8342 : 65535;
8343 : 65535;
8344 : 65535;
8345 : 65535;
8346 : 65535;
8347 : 65535;
8348 : 65535;
8349 : 65535;
8350 : 65535;
8351 : 65535;
8352 : 65535;
8353 : 65535;
8354 : 65535;
8355 : 54905;
8356 : 50514;
8357 : 52397;
8358 : 56491;
8359 : 64844;
8360 : 64844;
8361 : 64845;
8362 : 60651;
8363 : 46354;
8364 : 65535;
8365 : 65535;
8366 : 65535;
8367 : 65535;
8368 : 65535;
8369 : 65535;
8370 : 65535;
8371 : 65470;
8372 : 11152;
8373 : 2732;
8374 : 46058;
8375 : 56459;
8376 : 54379;
8377 : 56459;
8378 : 62764;
8379 : 64845;
8380 : 64845;
8381 : 64911;
8382 : 58768;
8383 : 50578;
8384 : 59159;
8385 : 65465;
8386 : 65430;
8387 : 65398;
8388 : 65397;
8389 : 65398;
8390 : 65398;
8391 : 65430;
8392 : 65462;
8393 : 61237;
8394 : 46318;
8395 : 54378;
8396 : 58539;
8397 : 56459;
8398 : 52234;
8399 : 10792;
8400 : 750;
8401 : 27794;
8402 : 65535;
8403 : 65535;
8404 : 65535;
8405 : 65535;
8406 : 65535;
8407 : 65535;
8408 : 65535;
8409 : 50776;
8410 : 50219;
8411 : 64877;
8412 : 64845;
8413 : 64878;
8414 : 60652;
8415 : 42095;
8416 : 61342;
8417 : 65535;
8418 : 65535;
8419 : 17425;
8420 : 912;
8421 : 717;
8422 : 33971;
8423 : 65535;
8424 : 65535;
8425 : 65535;
8426 : 65535;
8427 : 65535;
8428 : 65535;
8429 : 65535;
8430 : 65535;
8431 : 58704;
8432 : 62312;
8433 : 62281;
8434 : 64811;
8435 : 65459;
8436 : 65458;
8437 : 58962;
8438 : 65471;
8439 : 65535;
8440 : 65535;
8441 : 27762;
8442 : 815;
8443 : 847;
8444 : 782;
8445 : 21161;
8446 : 41833;
8447 : 57051;
8448 : 65535;
8449 : 61309;
8450 : 37673;
8451 : 44241;
8452 : 65535;
8453 : 65535;
8454 : 65535;
8455 : 65535;
8456 : 65535;
8457 : 65535;
8458 : 65535;
8459 : 65535;
8460 : 65535;
8461 : 65535;
8462 : 65535;
8463 : 65535;
8464 : 65535;
8465 : 65535;
8466 : 65535;
8467 : 65535;
8468 : 65535;
8469 : 65535;
8470 : 65535;
8471 : 65535;
8472 : 65535;
8473 : 65535;
8474 : 65535;
8475 : 65535;
8476 : 65535;
8477 : 65535;
8478 : 65535;
8479 : 65535;
8480 : 65535;
8481 : 63422;
8482 : 40015;
8483 : 54378;
8484 : 62732;
8485 : 64844;
8486 : 64844;
8487 : 64844;
8488 : 64844;
8489 : 64845;
8490 : 48138;
8491 : 54970;
8492 : 65535;
8493 : 65535;
8494 : 65535;
8495 : 65535;
8496 : 65535;
8497 : 65535;
8498 : 65535;
8499 : 65470;
8500 : 9104;
8501 : 35754;
8502 : 64845;
8503 : 60652;
8504 : 56459;
8505 : 62732;
8506 : 64845;
8507 : 64845;
8508 : 64845;
8509 : 56655;
8510 : 52756;
8511 : 65433;
8512 : 65465;
8513 : 65432;
8514 : 65398;
8515 : 65398;
8516 : 65398;
8517 : 65398;
8518 : 65398;
8519 : 65398;
8520 : 65397;
8521 : 65398;
8522 : 65430;
8523 : 46350;
8524 : 48073;
8525 : 56459;
8526 : 56427;
8527 : 19178;
8528 : 717;
8529 : 46583;
8530 : 65535;
8531 : 65535;
8532 : 65535;
8533 : 65535;
8534 : 65535;
8535 : 65535;
8536 : 65535;
8537 : 65535;
8538 : 48467;
8539 : 62732;
8540 : 64845;
8541 : 64845;
8542 : 64878;
8543 : 58604;
8544 : 46222;
8545 : 46387;
8546 : 48598;
8547 : 42422;
8548 : 879;
8549 : 4910;
8550 : 59196;
8551 : 65535;
8552 : 65535;
8553 : 65535;
8554 : 65535;
8555 : 65535;
8556 : 65535;
8557 : 65535;
8558 : 65535;
8559 : 58705;
8560 : 62440;
8561 : 62345;
8562 : 62507;
8563 : 65362;
8564 : 65394;
8565 : 58966;
8566 : 65535;
8567 : 65535;
8568 : 65535;
8569 : 48664;
8570 : 749;
8571 : 847;
8572 : 717;
8573 : 21128;
8574 : 41833;
8575 : 54970;
8576 : 65535;
8577 : 65535;
8578 : 39950;
8579 : 33578;
8580 : 63455;
8581 : 65535;
8582 : 65535;
8583 : 65535;
8584 : 65535;
8585 : 65535;
8586 : 65535;
8587 : 65535;
8588 : 65535;
8589 : 65535;
8590 : 65535;
8591 : 65535;
8592 : 65535;
8593 : 65535;
8594 : 65535;
8595 : 65535;
8596 : 65535;
8597 : 65535;
8598 : 65535;
8599 : 65535;
8600 : 65535;
8601 : 65535;
8602 : 65535;
8603 : 65535;
8604 : 65535;
8605 : 65535;
8606 : 65535;
8607 : 65535;
8608 : 65535;
8609 : 48598;
8610 : 48105;
8611 : 62764;
8612 : 64844;
8613 : 64844;
8614 : 64844;
8615 : 64844;
8616 : 64844;
8617 : 64844;
8618 : 58539;
8619 : 46387;
8620 : 65535;
8621 : 65535;
8622 : 65535;
8623 : 65535;
8624 : 65535;
8625 : 65535;
8626 : 65535;
8627 : 61342;
8628 : 23307;
8629 : 62732;
8630 : 64845;
8631 : 62732;
8632 : 62732;
8633 : 64812;
8634 : 64845;
8635 : 64845;
8636 : 52364;
8637 : 54901;
8638 : 65497;
8639 : 65465;
8640 : 65433;
8641 : 65432;
8642 : 65398;
8643 : 65398;
8644 : 65398;
8645 : 65398;
8646 : 65398;
8647 : 65398;
8648 : 65398;
8649 : 65398;
8650 : 65398;
8651 : 65366;
8652 : 44238;
8653 : 50186;
8654 : 58539;
8655 : 39850;
8656 : 2699;
8657 : 54971;
8658 : 65535;
8659 : 65535;
8660 : 65535;
8661 : 65535;
8662 : 65535;
8663 : 65535;
8664 : 65535;
8665 : 65535;
8666 : 61277;
8667 : 54509;
8668 : 64845;
8669 : 64877;
8670 : 64877;
8671 : 64877;
8672 : 64845;
8673 : 60652;
8674 : 46058;
8675 : 50646;
8676 : 9071;
8677 : 21553;
8678 : 65535;
8679 : 65535;
8680 : 65535;
8681 : 65535;
8682 : 65535;
8683 : 65535;
8684 : 65535;
8685 : 65535;
8686 : 65535;
8687 : 60788;
8688 : 62472;
8689 : 62473;
8690 : 62378;
8691 : 65329;
8692 : 63250;
8693 : 63357;
8694 : 65535;
8695 : 65535;
8696 : 65535;
8697 : 61244;
8698 : 4845;
8699 : 815;
8700 : 717;
8701 : 23208;
8702 : 41801;
8703 : 52825;
8704 : 65535;
8705 : 65535;
8706 : 50646;
8707 : 33480;
8708 : 59229;
8709 : 65535;
8710 : 65535;
8711 : 65535;
8712 : 65535;
8713 : 65535;
8714 : 65535;
8715 : 65535;
8716 : 65535;
8717 : 65535;
8718 : 65535;
8719 : 65535;
8720 : 65535;
8721 : 65535;
8722 : 65535;
8723 : 65535;
8724 : 65535;
8725 : 65535;
8726 : 65535;
8727 : 65535;
8728 : 65535;
8729 : 65535;
8730 : 65535;
8731 : 65535;
8732 : 65535;
8733 : 65535;
8734 : 65535;
8735 : 65535;
8736 : 52824;
8737 : 52364;
8738 : 60651;
8739 : 54378;
8740 : 64845;
8741 : 64844;
8742 : 64844;
8743 : 64844;
8744 : 64844;
8745 : 64844;
8746 : 64844;
8747 : 39817;
8748 : 55003;
8749 : 65535;
8750 : 65535;
8751 : 65535;
8752 : 65535;
8753 : 65535;
8754 : 65535;
8755 : 52825;
8756 : 50186;
8757 : 64845;
8758 : 64812;
8759 : 64812;
8760 : 64812;
8761 : 64845;
8762 : 64845;
8763 : 52363;
8764 : 54835;
8765 : 65465;
8766 : 65432;
8767 : 65400;
8768 : 65400;
8769 : 65400;
8770 : 65398;
8771 : 65398;
8772 : 65398;
8773 : 65398;
8774 : 65398;
8775 : 65398;
8776 : 65398;
8777 : 65398;
8778 : 65398;
8779 : 65333;
8780 : 59060;
8781 : 42060;
8782 : 54346;
8783 : 54346;
8784 : 17066;
8785 : 61309;
8786 : 65535;
8787 : 65535;
8788 : 65535;
8789 : 65535;
8790 : 65535;
8791 : 65535;
8792 : 65535;
8793 : 65535;
8794 : 65535;
8795 : 50416;
8796 : 64845;
8797 : 64877;
8798 : 64877;
8799 : 64877;
8800 : 64877;
8801 : 64877;
8802 : 64845;
8803 : 52529;
8804 : 36084;
8805 : 48664;
8806 : 65535;
8807 : 65535;
8808 : 65535;
8809 : 65535;
8810 : 65535;
8811 : 65535;
8812 : 65535;
8813 : 65535;
8814 : 65535;
8815 : 61016;
8816 : 62345;
8817 : 64744;
8818 : 64907;
8819 : 65459;
8820 : 65362;
8821 : 63290;
8822 : 65535;
8823 : 65535;
8824 : 65535;
8825 : 65503;
8826 : 15214;
8827 : 782;
8828 : 685;
8829 : 25289;
8830 : 43849;
8831 : 50712;
8832 : 65535;
8833 : 65535;
8834 : 63390;
8835 : 37837;
8836 : 59196;
8837 : 65535;
8838 : 65535;
8839 : 65535;
8840 : 65535;
8841 : 65535;
8842 : 65535;
8843 : 65535;
8844 : 65535;
8845 : 65535;
8846 : 65535;
8847 : 65535;
8848 : 65535;
8849 : 65535;
8850 : 65535;
8851 : 65535;
8852 : 65535;
8853 : 65535;
8854 : 65535;
8855 : 65535;
8856 : 65535;
8857 : 65535;
8858 : 65535;
8859 : 65535;
8860 : 65535;
8861 : 65535;
8862 : 65535;
8863 : 54970;
8864 : 46058;
8865 : 64845;
8866 : 64812;
8867 : 43945;
8868 : 56459;
8869 : 64844;
8870 : 64844;
8871 : 64844;
8872 : 64844;
8873 : 64812;
8874 : 64845;
8875 : 60651;
8876 : 42062;
8877 : 63455;
8878 : 65535;
8879 : 65535;
8880 : 65535;
8881 : 65535;
8882 : 65535;
8883 : 44175;
8884 : 62732;
8885 : 64844;
8886 : 64812;
8887 : 64812;
8888 : 64813;
8889 : 64845;
8890 : 54411;
8891 : 52689;
8892 : 65432;
8893 : 65400;
8894 : 65400;
8895 : 65400;
8896 : 65400;
8897 : 65399;
8898 : 65365;
8899 : 65398;
8900 : 65398;
8901 : 65398;
8902 : 65398;
8903 : 65398;
8904 : 65397;
8905 : 65397;
8906 : 65398;
8907 : 65333;
8908 : 59059;
8909 : 52722;
8910 : 39817;
8911 : 58506;
8912 : 39851;
8913 : 63423;
8914 : 65535;
8915 : 65535;
8916 : 65535;
8917 : 65535;
8918 : 65535;
8919 : 65535;
8920 : 65535;
8921 : 65535;
8922 : 59196;
8923 : 54477;
8924 : 64877;
8925 : 64877;
8926 : 64877;
8927 : 64877;
8928 : 62765;
8929 : 64845;
8930 : 64845;
8931 : 58571;
8932 : 39982;
8933 : 57116;
8934 : 65535;
8935 : 65535;
8936 : 65535;
8937 : 65535;
8938 : 65535;
8939 : 65535;
8940 : 65535;
8941 : 65535;
8942 : 65535;
8943 : 63260;
8944 : 60362;
8945 : 64680;
8946 : 65100;
8947 : 65491;
8948 : 65425;
8949 : 61109;
8950 : 63390;
8951 : 65535;
8952 : 65535;
8953 : 65535;
8954 : 27697;
8955 : 717;
8956 : 685;
8957 : 27369;
8958 : 43881;
8959 : 50679;
8960 : 65535;
8961 : 65535;
8962 : 65535;
8963 : 63390;
8964 : 65535;
8965 : 65535;
8966 : 65535;
8967 : 65535;
8968 : 65535;
8969 : 65535;
8970 : 65535;
8971 : 65535;
8972 : 65535;
8973 : 65535;
8974 : 65535;
8975 : 65535;
8976 : 65535;
8977 : 65535;
8978 : 65535;
8979 : 65535;
8980 : 65535;
8981 : 65535;
8982 : 65535;
8983 : 65535;
8984 : 65535;
8985 : 65535;
8986 : 65535;
8987 : 65535;
8988 : 65535;
8989 : 65535;
8990 : 65535;
8991 : 42194;
8992 : 56426;
8993 : 60651;
8994 : 44076;
8995 : 50744;
8996 : 46157;
8997 : 64844;
8998 : 64844;
8999 : 64844;
9000 : 64845;
9001 : 64812;
9002 : 64844;
9003 : 64845;
9004 : 52364;
9005 : 61309;
9006 : 65535;
9007 : 65535;
9008 : 65535;
9009 : 65535;
9010 : 52824;
9011 : 56491;
9012 : 64845;
9013 : 64844;
9014 : 64844;
9015 : 64845;
9016 : 64845;
9017 : 60652;
9018 : 48398;
9019 : 65398;
9020 : 65399;
9021 : 65401;
9022 : 65400;
9023 : 65400;
9024 : 65400;
9025 : 65367;
9026 : 65365;
9027 : 65398;
9028 : 65398;
9029 : 65398;
9030 : 65398;
9031 : 65398;
9032 : 65397;
9033 : 65397;
9034 : 65397;
9035 : 65333;
9036 : 59027;
9037 : 58995;
9038 : 44270;
9039 : 48073;
9040 : 50219;
9041 : 59164;
9042 : 65535;
9043 : 65535;
9044 : 65535;
9045 : 65535;
9046 : 65535;
9047 : 65535;
9048 : 65535;
9049 : 63390;
9050 : 50480;
9051 : 62765;
9052 : 64877;
9053 : 64877;
9054 : 64877;
9055 : 64877;
9056 : 56492;
9057 : 54379;
9058 : 64845;
9059 : 64845;
9060 : 58571;
9061 : 39883;
9062 : 59196;
9063 : 65535;
9064 : 65535;
9065 : 65535;
9066 : 65535;
9067 : 65535;
9068 : 65535;
9069 : 65535;
9070 : 65535;
9071 : 63357;
9072 : 60588;
9073 : 62474;
9074 : 64909;
9075 : 65393;
9076 : 65230;
9077 : 65427;
9078 : 61075;
9079 : 63357;
9080 : 65535;
9081 : 65535;
9082 : 40245;
9083 : 652;
9084 : 685;
9085 : 31497;
9086 : 45961;
9087 : 52792;
9088 : 65535;
9089 : 65535;
9090 : 65535;
9091 : 65535;
9092 : 65535;
9093 : 65535;
9094 : 65535;
9095 : 65535;
9096 : 65535;
9097 : 65535;
9098 : 65535;
9099 : 65535;
9100 : 65535;
9101 : 65535;
9102 : 65535;
9103 : 65535;
9104 : 65535;
9105 : 65535;
9106 : 65535;
9107 : 65535;
9108 : 65535;
9109 : 65535;
9110 : 65535;
9111 : 65535;
9112 : 65535;
9113 : 65535;
9114 : 65535;
9115 : 65535;
9116 : 65535;
9117 : 65535;
9118 : 65535;
9119 : 48533;
9120 : 41832;
9121 : 39752;
9122 : 44372;
9123 : 65535;
9124 : 48269;
9125 : 64844;
9126 : 64845;
9127 : 62732;
9128 : 56458;
9129 : 58571;
9130 : 64812;
9131 : 64844;
9132 : 52462;
9133 : 63422;
9134 : 65535;
9135 : 65535;
9136 : 65535;
9137 : 63423;
9138 : 48302;
9139 : 64812;
9140 : 64844;
9141 : 64844;
9142 : 64845;
9143 : 64845;
9144 : 64845;
9145 : 46187;
9146 : 61173;
9147 : 65366;
9148 : 65400;
9149 : 65400;
9150 : 65400;
9151 : 65400;
9152 : 65400;
9153 : 65367;
9154 : 65365;
9155 : 65398;
9156 : 65398;
9157 : 65398;
9158 : 65397;
9159 : 65397;
9160 : 65397;
9161 : 65397;
9162 : 65397;
9163 : 65333;
9164 : 59059;
9165 : 56914;
9166 : 56947;
9167 : 39882;
9168 : 52233;
9169 : 52759;
9170 : 65535;
9171 : 65535;
9172 : 65535;
9173 : 65535;
9174 : 65535;
9175 : 65535;
9176 : 65535;
9177 : 50580;
9178 : 60717;
9179 : 64877;
9180 : 64877;
9181 : 64877;
9182 : 64845;
9183 : 64846;
9184 : 62765;
9185 : 58571;
9186 : 64812;
9187 : 64845;
9188 : 64877;
9189 : 60619;
9190 : 50613;
9191 : 65535;
9192 : 65535;
9193 : 65535;
9194 : 65535;
9195 : 65535;
9196 : 65535;
9197 : 65535;
9198 : 65535;
9199 : 63325;
9200 : 61040;
9201 : 64812;
9202 : 64813;
9203 : 62668;
9204 : 62732;
9205 : 65490;
9206 : 63281;
9207 : 61145;
9208 : 65535;
9209 : 65535;
9210 : 52825;
9211 : 651;
9212 : 717;
9213 : 37705;
9214 : 48042;
9215 : 54937;
9216 : 65535;
9217 : 65535;
9218 : 65535;
9219 : 65535;
9220 : 65535;
9221 : 65535;
9222 : 65535;
9223 : 65535;
9224 : 65535;
9225 : 65535;
9226 : 65535;
9227 : 65535;
9228 : 65535;
9229 : 65535;
9230 : 65535;
9231 : 65535;
9232 : 65535;
9233 : 65535;
9234 : 65535;
9235 : 65535;
9236 : 65535;
9237 : 65535;
9238 : 65535;
9239 : 65535;
9240 : 65535;
9241 : 65535;
9242 : 65535;
9243 : 65535;
9244 : 65535;
9245 : 65535;
9246 : 65535;
9247 : 63390;
9248 : 35822;
9249 : 27469;
9250 : 54970;
9251 : 59164;
9252 : 56524;
9253 : 64844;
9254 : 62732;
9255 : 44174;
9256 : 44274;
9257 : 41898;
9258 : 64812;
9259 : 64844;
9260 : 50383;
9261 : 65503;
9262 : 65535;
9263 : 65535;
9264 : 65535;
9265 : 52759;
9266 : 58571;
9267 : 64845;
9268 : 64844;
9269 : 64845;
9270 : 64845;
9271 : 64845;
9272 : 54443;
9273 : 52753;
9274 : 65398;
9275 : 63318;
9276 : 65400;
9277 : 65400;
9278 : 65400;
9279 : 65400;
9280 : 65400;
9281 : 65366;
9282 : 65365;
9283 : 65398;
9284 : 65398;
9285 : 65398;
9286 : 65398;
9287 : 65398;
9288 : 65398;
9289 : 65397;
9290 : 65397;
9291 : 65333;
9292 : 59027;
9293 : 56914;
9294 : 56947;
9295 : 48496;
9296 : 48073;
9297 : 46255;
9298 : 65535;
9299 : 65535;
9300 : 65535;
9301 : 65535;
9302 : 65535;
9303 : 65535;
9304 : 65535;
9305 : 48303;
9306 : 64845;
9307 : 64877;
9308 : 64845;
9309 : 62765;
9310 : 64877;
9311 : 64845;
9312 : 64845;
9313 : 56459;
9314 : 44011;
9315 : 50218;
9316 : 62764;
9317 : 58539;
9318 : 42161;
9319 : 65535;
9320 : 65535;
9321 : 65535;
9322 : 65535;
9323 : 65535;
9324 : 65535;
9325 : 65535;
9326 : 65535;
9327 : 63292;
9328 : 63315;
9329 : 64942;
9330 : 62539;
9331 : 62313;
9332 : 62700;
9333 : 65426;
9334 : 65361;
9335 : 61145;
9336 : 65535;
9337 : 65535;
9338 : 61309;
9339 : 6893;
9340 : 684;
9341 : 41833;
9342 : 48074;
9343 : 57018;
9344 : 65535;
9345 : 65535;
9346 : 65535;
9347 : 65535;
9348 : 65535;
9349 : 65535;
9350 : 65535;
9351 : 65535;
9352 : 65535;
9353 : 65535;
9354 : 65535;
9355 : 65535;
9356 : 65535;
9357 : 65535;
9358 : 65535;
9359 : 65535;
9360 : 65535;
9361 : 65535;
9362 : 65535;
9363 : 65535;
9364 : 65535;
9365 : 65535;
9366 : 65535;
9367 : 65535;
9368 : 65535;
9369 : 65535;
9370 : 65535;
9371 : 65535;
9372 : 65535;
9373 : 65535;
9374 : 65535;
9375 : 65535;
9376 : 63455;
9377 : 44438;
9378 : 57084;
9379 : 52595;
9380 : 62732;
9381 : 64844;
9382 : 54444;
9383 : 57084;
9384 : 65535;
9385 : 48532;
9386 : 60619;
9387 : 64845;
9388 : 50350;
9389 : 63423;
9390 : 65535;
9391 : 65535;
9392 : 63422;
9393 : 48269;
9394 : 64844;
9395 : 64844;
9396 : 64844;
9397 : 64845;
9398 : 64845;
9399 : 62765;
9400 : 48301;
9401 : 63318;
9402 : 65333;
9403 : 65366;
9404 : 65367;
9405 : 65400;
9406 : 65400;
9407 : 65400;
9408 : 63319;
9409 : 65366;
9410 : 65398;
9411 : 65398;
9412 : 65398;
9413 : 65398;
9414 : 65398;
9415 : 65398;
9416 : 65398;
9417 : 65397;
9418 : 65397;
9419 : 65333;
9420 : 59027;
9421 : 56915;
9422 : 56915;
9423 : 56915;
9424 : 44075;
9425 : 46058;
9426 : 59229;
9427 : 65535;
9428 : 65535;
9429 : 65535;
9430 : 65535;
9431 : 65535;
9432 : 63455;
9433 : 50382;
9434 : 64844;
9435 : 64877;
9436 : 52430;
9437 : 46288;
9438 : 56524;
9439 : 64845;
9440 : 64813;
9441 : 44077;
9442 : 59229;
9443 : 46485;
9444 : 37639;
9445 : 48072;
9446 : 46420;
9447 : 65535;
9448 : 65535;
9449 : 65535;
9450 : 65535;
9451 : 65535;
9452 : 65535;
9453 : 65535;
9454 : 65503;
9455 : 59031;
9456 : 65459;
9457 : 65038;
9458 : 62377;
9459 : 62217;
9460 : 62604;
9461 : 65361;
9462 : 63248;
9463 : 61146;
9464 : 65535;
9465 : 65535;
9466 : 65535;
9467 : 17295;
9468 : 684;
9469 : 43913;
9470 : 45962;
9471 : 54970;
9472 : 65535;
9473 : 65535;
9474 : 65535;
9475 : 65535;
9476 : 65535;
9477 : 65535;
9478 : 65535;
9479 : 65535;
9480 : 65535;
9481 : 65535;
9482 : 65535;
9483 : 65535;
9484 : 65535;
9485 : 65535;
9486 : 65535;
9487 : 65535;
9488 : 65535;
9489 : 65535;
9490 : 65535;
9491 : 65535;
9492 : 65535;
9493 : 65535;
9494 : 65535;
9495 : 65535;
9496 : 65535;
9497 : 65535;
9498 : 65535;
9499 : 65535;
9500 : 65535;
9501 : 65535;
9502 : 65535;
9503 : 65535;
9504 : 65535;
9505 : 65535;
9506 : 65535;
9507 : 37803;
9508 : 62731;
9509 : 60619;
9510 : 46321;
9511 : 65535;
9512 : 65535;
9513 : 54905;
9514 : 54378;
9515 : 64844;
9516 : 48204;
9517 : 61342;
9518 : 65535;
9519 : 65535;
9520 : 50711;
9521 : 56459;
9522 : 64845;
9523 : 64844;
9524 : 64845;
9525 : 64845;
9526 : 64845;
9527 : 56492;
9528 : 54834;
9529 : 65398;
9530 : 65333;
9531 : 63285;
9532 : 63318;
9533 : 65400;
9534 : 65400;
9535 : 65367;
9536 : 63318;
9537 : 65365;
9538 : 65397;
9539 : 65397;
9540 : 65398;
9541 : 65398;
9542 : 65398;
9543 : 65398;
9544 : 65398;
9545 : 65397;
9546 : 65398;
9547 : 65333;
9548 : 59027;
9549 : 56914;
9550 : 56915;
9551 : 56947;
9552 : 48463;
9553 : 43912;
9554 : 52759;
9555 : 65535;
9556 : 65535;
9557 : 65535;
9558 : 65535;
9559 : 65535;
9560 : 59164;
9561 : 41865;
9562 : 64812;
9563 : 58539;
9564 : 52792;
9565 : 65535;
9566 : 48368;
9567 : 62764;
9568 : 64845;
9569 : 50350;
9570 : 63455;
9571 : 63422;
9572 : 25422;
9573 : 33742;
9574 : 63422;
9575 : 65535;
9576 : 65535;
9577 : 65535;
9578 : 65535;
9579 : 65535;
9580 : 65535;
9581 : 65470;
9582 : 58966;
9583 : 63283;
9584 : 65524;
9585 : 65198;
9586 : 62505;
9587 : 62281;
9588 : 62346;
9589 : 62700;
9590 : 58834;
9591 : 65470;
9592 : 65535;
9593 : 65535;
9594 : 65535;
9595 : 27762;
9596 : 651;
9597 : 50121;
9598 : 41898;
9599 : 59196;
9600 : 65535;
9601 : 65535;
9602 : 65535;
9603 : 65535;
9604 : 65535;
9605 : 65535;
9606 : 65535;
9607 : 65535;
9608 : 65535;
9609 : 65535;
9610 : 65535;
9611 : 65535;
9612 : 65535;
9613 : 65535;
9614 : 65535;
9615 : 65535;
9616 : 65535;
9617 : 65535;
9618 : 65535;
9619 : 65535;
9620 : 65535;
9621 : 65535;
9622 : 65535;
9623 : 65535;
9624 : 65535;
9625 : 65535;
9626 : 65535;
9627 : 65535;
9628 : 65535;
9629 : 65535;
9630 : 65535;
9631 : 65535;
9632 : 65535;
9633 : 65535;
9634 : 65535;
9635 : 33709;
9636 : 39719;
9637 : 43912;
9638 : 48533;
9639 : 65535;
9640 : 65535;
9641 : 52824;
9642 : 37639;
9643 : 50153;
9644 : 44110;
9645 : 65503;
9646 : 65535;
9647 : 65535;
9648 : 46223;
9649 : 64812;
9650 : 64844;
9651 : 64812;
9652 : 64845;
9653 : 64845;
9654 : 64845;
9655 : 50381;
9656 : 63285;
9657 : 65333;
9658 : 65333;
9659 : 65333;
9660 : 63286;
9661 : 63319;
9662 : 65400;
9663 : 65366;
9664 : 65365;
9665 : 65397;
9666 : 65397;
9667 : 65397;
9668 : 65365;
9669 : 65365;
9670 : 65366;
9671 : 65398;
9672 : 65398;
9673 : 65397;
9674 : 65398;
9675 : 63253;
9676 : 58995;
9677 : 56915;
9678 : 56915;
9679 : 56915;
9680 : 54834;
9681 : 44009;
9682 : 46321;
9683 : 65535;
9684 : 65535;
9685 : 65535;
9686 : 65535;
9687 : 65535;
9688 : 59164;
9689 : 23078;
9690 : 50185;
9691 : 44011;
9692 : 61342;
9693 : 65535;
9694 : 54872;
9695 : 56491;
9696 : 64877;
9697 : 54411;
9698 : 52824;
9699 : 65535;
9700 : 44471;
9701 : 61309;
9702 : 65535;
9703 : 65535;
9704 : 65535;
9705 : 65535;
9706 : 65535;
9707 : 65535;
9708 : 65535;
9709 : 61113;
9710 : 63250;
9711 : 65426;
9712 : 65492;
9713 : 65166;
9714 : 64810;
9715 : 62507;
9716 : 62504;
9717 : 60492;
9718 : 63390;
9719 : 65535;
9720 : 65535;
9721 : 65535;
9722 : 65535;
9723 : 38197;
9724 : 6729;
9725 : 52169;
9726 : 41965;
9727 : 65503;
9728 : 65535;
9729 : 65535;
9730 : 65535;
9731 : 65535;
9732 : 65535;
9733 : 65535;
9734 : 65535;
9735 : 65535;
9736 : 65535;
9737 : 65535;
9738 : 65535;
9739 : 65535;
9740 : 65535;
9741 : 65535;
9742 : 65535;
9743 : 65535;
9744 : 65535;
9745 : 65535;
9746 : 65535;
9747 : 65535;
9748 : 65535;
9749 : 65535;
9750 : 65535;
9751 : 65535;
9752 : 65535;
9753 : 65535;
9754 : 65535;
9755 : 65535;
9756 : 65535;
9757 : 65535;
9758 : 65535;
9759 : 65535;
9760 : 65535;
9761 : 65535;
9762 : 65535;
9763 : 48599;
9764 : 29351;
9765 : 31432;
9766 : 44406;
9767 : 65535;
9768 : 65535;
9769 : 50712;
9770 : 25192;
9771 : 37771;
9772 : 57018;
9773 : 65535;
9774 : 65535;
9775 : 54938;
9776 : 50218;
9777 : 64845;
9778 : 64845;
9779 : 64845;
9780 : 64845;
9781 : 64846;
9782 : 60652;
9783 : 52656;
9784 : 65398;
9785 : 65333;
9786 : 65333;
9787 : 65333;
9788 : 63317;
9789 : 63318;
9790 : 65398;
9791 : 65366;
9792 : 65398;
9793 : 65398;
9794 : 65397;
9795 : 65366;
9796 : 65365;
9797 : 65365;
9798 : 65365;
9799 : 65398;
9800 : 65398;
9801 : 65398;
9802 : 65398;
9803 : 63253;
9804 : 58995;
9805 : 56915;
9806 : 56915;
9807 : 56915;
9808 : 56947;
9809 : 46253;
9810 : 44044;
9811 : 65503;
9812 : 65535;
9813 : 65535;
9814 : 65535;
9815 : 65535;
9816 : 65535;
9817 : 46486;
9818 : 21064;
9819 : 40180;
9820 : 65535;
9821 : 65535;
9822 : 52825;
9823 : 45993;
9824 : 64877;
9825 : 60652;
9826 : 52759;
9827 : 65535;
9828 : 65535;
9829 : 65535;
9830 : 65535;
9831 : 65535;
9832 : 65535;
9833 : 65535;
9834 : 65535;
9835 : 65535;
9836 : 65535;
9837 : 59031;
9838 : 65362;
9839 : 65103;
9840 : 65458;
9841 : 65134;
9842 : 64747;
9843 : 64878;
9844 : 64648;
9845 : 60751;
9846 : 65535;
9847 : 65535;
9848 : 65535;
9849 : 65535;
9850 : 65535;
9851 : 46584;
9852 : 14952;
9853 : 50089;
9854 : 44274;
9855 : 65535;
9856 : 65535;
9857 : 65535;
9858 : 65535;
9859 : 65535;
9860 : 65535;
9861 : 65535;
9862 : 65535;
9863 : 65535;
9864 : 65535;
9865 : 65535;
9866 : 65535;
9867 : 65535;
9868 : 65535;
9869 : 65535;
9870 : 65535;
9871 : 65535;
9872 : 65535;
9873 : 65535;
9874 : 65535;
9875 : 65535;
9876 : 65535;
9877 : 65535;
9878 : 65535;
9879 : 65535;
9880 : 65535;
9881 : 65535;
9882 : 65535;
9883 : 65535;
9884 : 65535;
9885 : 65535;
9886 : 65535;
9887 : 65535;
9888 : 65535;
9889 : 65535;
9890 : 65535;
9891 : 65535;
9892 : 54970;
9893 : 38099;
9894 : 54970;
9895 : 65535;
9896 : 65535;
9897 : 54938;
9898 : 42293;
9899 : 61277;
9900 : 65535;
9901 : 65535;
9902 : 65535;
9903 : 46354;
9904 : 60619;
9905 : 64844;
9906 : 64845;
9907 : 64845;
9908 : 64845;
9909 : 64845;
9910 : 52396;
9911 : 61140;
9912 : 65398;
9913 : 65365;
9914 : 65365;
9915 : 65366;
9916 : 65398;
9917 : 65398;
9918 : 65398;
9919 : 65398;
9920 : 65398;
9921 : 65398;
9922 : 65398;
9923 : 65365;
9924 : 65333;
9925 : 63285;
9926 : 65365;
9927 : 65397;
9928 : 65397;
9929 : 65398;
9930 : 65397;
9931 : 63220;
9932 : 56947;
9933 : 56914;
9934 : 56914;
9935 : 56915;
9936 : 56947;
9937 : 50608;
9938 : 39817;
9939 : 61244;
9940 : 65535;
9941 : 65535;
9942 : 65535;
9943 : 65535;
9944 : 65535;
9945 : 65535;
9946 : 48664;
9947 : 48664;
9948 : 65535;
9949 : 65535;
9950 : 52825;
9951 : 31399;
9952 : 48073;
9953 : 43945;
9954 : 57050;
9955 : 65535;
9956 : 65535;
9957 : 65535;
9958 : 65535;
9959 : 65535;
9960 : 65535;
9961 : 65535;
9962 : 65535;
9963 : 65535;
9964 : 65535;
9965 : 63357;
9966 : 61009;
9967 : 64941;
9968 : 65426;
9969 : 65103;
9970 : 62636;
9971 : 65232;
9972 : 64650;
9973 : 60686;
9974 : 65535;
9975 : 65535;
9976 : 65535;
9977 : 65535;
9978 : 65535;
9979 : 52890;
9980 : 25191;
9981 : 41800;
9982 : 52792;
9983 : 65535;
9984 : 65535;
9985 : 65535;
9986 : 65535;
9987 : 65535;
9988 : 65535;
9989 : 65535;
9990 : 65535;
9991 : 65535;
9992 : 65535;
9993 : 65535;
9994 : 65535;
9995 : 65535;
9996 : 65535;
9997 : 65535;
9998 : 65535;
9999 : 65535;
10000 : 65535;
10001 : 65535;
10002 : 65535;
10003 : 65535;
10004 : 65535;
10005 : 65535;
10006 : 65535;
10007 : 65535;
10008 : 65535;
10009 : 65535;
10010 : 65535;
10011 : 65535;
10012 : 65535;
10013 : 65535;
10014 : 65535;
10015 : 65535;
10016 : 65535;
10017 : 65535;
10018 : 65535;
10019 : 65535;
10020 : 65535;
10021 : 65535;
10022 : 65535;
10023 : 65535;
10024 : 65535;
10025 : 65535;
10026 : 65535;
10027 : 65535;
10028 : 65535;
10029 : 65535;
10030 : 63422;
10031 : 48269;
10032 : 64812;
10033 : 64845;
10034 : 64845;
10035 : 64845;
10036 : 64845;
10037 : 64813;
10038 : 48365;
10039 : 65430;
10040 : 65398;
10041 : 65398;
10042 : 65398;
10043 : 65398;
10044 : 65398;
10045 : 65397;
10046 : 65397;
10047 : 65397;
10048 : 65398;
10049 : 65398;
10050 : 65365;
10051 : 65333;
10052 : 65333;
10053 : 63285;
10054 : 65365;
10055 : 65398;
10056 : 65398;
10057 : 65398;
10058 : 65397;
10059 : 61172;
10060 : 56915;
10061 : 56914;
10062 : 56914;
10063 : 56914;
10064 : 56947;
10065 : 56914;
10066 : 39817;
10067 : 52791;
10068 : 65535;
10069 : 65535;
10070 : 65535;
10071 : 65535;
10072 : 65535;
10073 : 65535;
10074 : 65535;
10075 : 65535;
10076 : 65535;
10077 : 65535;
10078 : 48632;
10079 : 27469;
10080 : 35690;
10081 : 46419;
10082 : 65535;
10083 : 65535;
10084 : 65535;
10085 : 65535;
10086 : 65535;
10087 : 65535;
10088 : 65535;
10089 : 65535;
10090 : 65535;
10091 : 65535;
10092 : 65535;
10093 : 65535;
10094 : 58670;
10095 : 64940;
10096 : 65394;
10097 : 65361;
10098 : 65070;
10099 : 65426;
10100 : 64748;
10101 : 60361;
10102 : 58903;
10103 : 65535;
10104 : 65535;
10105 : 65535;
10106 : 65535;
10107 : 59229;
10108 : 37641;
10109 : 39851;
10110 : 63422;
10111 : 65535;
10112 : 65535;
10113 : 65535;
10114 : 65535;
10115 : 65535;
10116 : 65535;
10117 : 65535;
10118 : 65535;
10119 : 65535;
10120 : 65535;
10121 : 65535;
10122 : 65535;
10123 : 65535;
10124 : 65535;
10125 : 65535;
10126 : 65535;
10127 : 65535;
10128 : 65535;
10129 : 65535;
10130 : 65535;
10131 : 65535;
10132 : 65535;
10133 : 65535;
10134 : 65535;
10135 : 65535;
10136 : 65535;
10137 : 65535;
10138 : 65535;
10139 : 65535;
10140 : 65535;
10141 : 65535;
10142 : 65535;
10143 : 65535;
10144 : 65535;
10145 : 65535;
10146 : 65535;
10147 : 65535;
10148 : 65535;
10149 : 65535;
10150 : 65535;
10151 : 65535;
10152 : 65535;
10153 : 65535;
10154 : 65535;
10155 : 65535;
10156 : 65535;
10157 : 65535;
10158 : 40179;
10159 : 54346;
10160 : 64845;
10161 : 64845;
10162 : 64845;
10163 : 64845;
10164 : 64846;
10165 : 60652;
10166 : 52689;
10167 : 65430;
10168 : 65398;
10169 : 65398;
10170 : 65397;
10171 : 65398;
10172 : 65398;
10173 : 65398;
10174 : 65398;
10175 : 65398;
10176 : 65397;
10177 : 65398;
10178 : 65365;
10179 : 65333;
10180 : 65333;
10181 : 65333;
10182 : 65365;
10183 : 65398;
10184 : 65398;
10185 : 65398;
10186 : 65365;
10187 : 61140;
10188 : 56915;
10189 : 56947;
10190 : 56914;
10191 : 56914;
10192 : 56947;
10193 : 59027;
10194 : 42027;
10195 : 44306;
10196 : 65535;
10197 : 65535;
10198 : 65535;
10199 : 65535;
10200 : 65535;
10201 : 65535;
10202 : 65535;
10203 : 65535;
10204 : 65535;
10205 : 65535;
10206 : 61309;
10207 : 57083;
10208 : 63423;
10209 : 65535;
10210 : 65535;
10211 : 65535;
10212 : 65535;
10213 : 65535;
10214 : 65535;
10215 : 65535;
10216 : 65535;
10217 : 65535;
10218 : 65535;
10219 : 65535;
10220 : 65535;
10221 : 65535;
10222 : 58477;
10223 : 64812;
10224 : 65426;
10225 : 65427;
10226 : 65425;
10227 : 65492;
10228 : 65166;
10229 : 64712;
10230 : 58443;
10231 : 56431;
10232 : 61016;
10233 : 65535;
10234 : 65535;
10235 : 59196;
10236 : 39721;
10237 : 44274;
10238 : 65535;
10239 : 65535;
10240 : 65535;
10241 : 65535;
10242 : 65535;
10243 : 65535;
10244 : 65535;
10245 : 65535;
10246 : 65535;
10247 : 65535;
10248 : 65535;
10249 : 65535;
10250 : 65535;
10251 : 65535;
10252 : 65535;
10253 : 65535;
10254 : 65535;
10255 : 65535;
10256 : 65535;
10257 : 65535;
10258 : 65535;
10259 : 65535;
10260 : 65535;
10261 : 65535;
10262 : 65535;
10263 : 65535;
10264 : 65535;
10265 : 65535;
10266 : 65535;
10267 : 65535;
10268 : 65535;
10269 : 65535;
10270 : 65535;
10271 : 65535;
10272 : 65535;
10273 : 65535;
10274 : 65535;
10275 : 65535;
10276 : 65535;
10277 : 65535;
10278 : 65535;
10279 : 65535;
10280 : 65535;
10281 : 65535;
10282 : 65535;
10283 : 65535;
10284 : 65535;
10285 : 48566;
10286 : 39784;
10287 : 62765;
10288 : 64845;
10289 : 64845;
10290 : 64845;
10291 : 64845;
10292 : 64878;
10293 : 54444;
10294 : 59027;
10295 : 65398;
10296 : 65398;
10297 : 65398;
10298 : 65398;
10299 : 65398;
10300 : 65398;
10301 : 65398;
10302 : 65398;
10303 : 65398;
10304 : 65398;
10305 : 65398;
10306 : 65365;
10307 : 63285;
10308 : 65333;
10309 : 65365;
10310 : 65365;
10311 : 65398;
10312 : 65397;
10313 : 65397;
10314 : 65333;
10315 : 61108;
10316 : 56915;
10317 : 56914;
10318 : 56914;
10319 : 56915;
10320 : 56914;
10321 : 59027;
10322 : 46350;
10323 : 42095;
10324 : 65535;
10325 : 65535;
10326 : 65535;
10327 : 65535;
10328 : 65535;
10329 : 65535;
10330 : 65535;
10331 : 65535;
10332 : 65535;
10333 : 65535;
10334 : 65535;
10335 : 65535;
10336 : 65535;
10337 : 65535;
10338 : 65535;
10339 : 65535;
10340 : 65535;
10341 : 65535;
10342 : 65535;
10343 : 65535;
10344 : 65535;
10345 : 65535;
10346 : 65535;
10347 : 65535;
10348 : 63357;
10349 : 59067;
10350 : 58414;
10351 : 62571;
10352 : 65134;
10353 : 65393;
10354 : 65459;
10355 : 65459;
10356 : 65425;
10357 : 64968;
10358 : 62377;
10359 : 62184;
10360 : 56367;
10361 : 65535;
10362 : 65535;
10363 : 54937;
10364 : 35560;
10365 : 57018;
10366 : 65535;
10367 : 65535;
10368 : 65535;
10369 : 65535;
10370 : 65535;
10371 : 65535;
10372 : 65535;
10373 : 65535;
10374 : 65535;
10375 : 65535;
10376 : 65535;
10377 : 65535;
10378 : 65535;
10379 : 65535;
10380 : 65535;
10381 : 65535;
10382 : 65535;
10383 : 65535;
10384 : 65535;
10385 : 65535;
10386 : 65535;
10387 : 65535;
10388 : 65535;
10389 : 65535;
10390 : 65535;
10391 : 65535;
10392 : 65535;
10393 : 65535;
10394 : 65535;
10395 : 65535;
10396 : 65535;
10397 : 65535;
10398 : 65535;
10399 : 65535;
10400 : 65535;
10401 : 65535;
10402 : 65535;
10403 : 65535;
10404 : 65535;
10405 : 65535;
10406 : 65535;
10407 : 65535;
10408 : 65535;
10409 : 65535;
10410 : 65535;
10411 : 63455;
10412 : 48467;
10413 : 54379;
10414 : 64877;
10415 : 64845;
10416 : 64845;
10417 : 64845;
10418 : 64845;
10419 : 64845;
10420 : 64845;
10421 : 50348;
10422 : 63285;
10423 : 65398;
10424 : 65398;
10425 : 65398;
10426 : 65398;
10427 : 65398;
10428 : 65398;
10429 : 65398;
10430 : 65398;
10431 : 65398;
10432 : 65398;
10433 : 65398;
10434 : 65365;
10435 : 63285;
10436 : 65333;
10437 : 65365;
10438 : 65365;
10439 : 65398;
10440 : 65398;
10441 : 65398;
10442 : 63253;
10443 : 59027;
10444 : 56914;
10445 : 56914;
10446 : 56914;
10447 : 56914;
10448 : 56915;
10449 : 56947;
10450 : 52656;
10451 : 39949;
10452 : 65535;
10453 : 65535;
10454 : 65535;
10455 : 65535;
10456 : 65535;
10457 : 65535;
10458 : 65535;
10459 : 65535;
10460 : 65535;
10461 : 65535;
10462 : 65535;
10463 : 65535;
10464 : 65535;
10465 : 65535;
10466 : 65535;
10467 : 65535;
10468 : 65535;
10469 : 65535;
10470 : 65535;
10471 : 65535;
10472 : 65535;
10473 : 65535;
10474 : 65535;
10475 : 65535;
10476 : 56822;
10477 : 54543;
10478 : 60750;
10479 : 64684;
10480 : 62538;
10481 : 65361;
10482 : 65426;
10483 : 65426;
10484 : 65459;
10485 : 62571;
10486 : 62345;
10487 : 62313;
10488 : 58251;
10489 : 63357;
10490 : 65535;
10491 : 48566;
10492 : 37837;
10493 : 65535;
10494 : 65535;
10495 : 65535;
10496 : 65535;
10497 : 65535;
10498 : 65535;
10499 : 65535;
10500 : 65535;
10501 : 65535;
10502 : 65535;
10503 : 65535;
10504 : 65535;
10505 : 65535;
10506 : 65535;
10507 : 65535;
10508 : 65535;
10509 : 65535;
10510 : 65535;
10511 : 65535;
10512 : 65535;
10513 : 65535;
10514 : 65535;
10515 : 65535;
10516 : 65535;
10517 : 65535;
10518 : 65535;
10519 : 65535;
10520 : 65535;
10521 : 65535;
10522 : 65535;
10523 : 65535;
10524 : 65535;
10525 : 65535;
10526 : 65535;
10527 : 65535;
10528 : 65535;
10529 : 65535;
10530 : 65535;
10531 : 65535;
10532 : 65535;
10533 : 65535;
10534 : 65535;
10535 : 65535;
10536 : 65535;
10537 : 65535;
10538 : 63455;
10539 : 48466;
10540 : 56491;
10541 : 64877;
10542 : 64845;
10543 : 64845;
10544 : 64845;
10545 : 64845;
10546 : 64845;
10547 : 64845;
10548 : 64813;
10549 : 48366;
10550 : 65430;
10551 : 65398;
10552 : 65398;
10553 : 65398;
10554 : 65398;
10555 : 65398;
10556 : 65398;
10557 : 65398;
10558 : 65398;
10559 : 65398;
10560 : 65398;
10561 : 65398;
10562 : 65365;
10563 : 65365;
10564 : 65366;
10565 : 65365;
10566 : 65398;
10567 : 65398;
10568 : 65398;
10569 : 65365;
10570 : 61172;
10571 : 56915;
10572 : 54834;
10573 : 54834;
10574 : 54834;
10575 : 56914;
10576 : 56914;
10577 : 56947;
10578 : 54834;
10579 : 31497;
10580 : 59196;
10581 : 65535;
10582 : 65535;
10583 : 65535;
10584 : 65535;
10585 : 65535;
10586 : 65535;
10587 : 65535;
10588 : 65535;
10589 : 65535;
10590 : 65535;
10591 : 65535;
10592 : 65535;
10593 : 65535;
10594 : 65535;
10595 : 65535;
10596 : 65535;
10597 : 65535;
10598 : 65535;
10599 : 65535;
10600 : 65535;
10601 : 65535;
10602 : 65535;
10603 : 65535;
10604 : 61210;
10605 : 63249;
10606 : 65393;
10607 : 62733;
10608 : 62216;
10609 : 65136;
10610 : 65491;
10611 : 65459;
10612 : 65459;
10613 : 62604;
10614 : 64974;
10615 : 62667;
10616 : 62600;
10617 : 58967;
10618 : 65535;
10619 : 61309;
10620 : 59229;
10621 : 65535;
10622 : 65535;
10623 : 65535;
10624 : 65535;
10625 : 65535;
10626 : 65535;
10627 : 65535;
10628 : 65535;
10629 : 65535;
10630 : 65535;
10631 : 65535;
10632 : 65535;
10633 : 65535;
10634 : 65535;
10635 : 65535;
10636 : 65535;
10637 : 65535;
10638 : 65535;
10639 : 65535;
10640 : 65535;
10641 : 65535;
10642 : 65535;
10643 : 65535;
10644 : 65535;
10645 : 65535;
10646 : 65535;
10647 : 65535;
10648 : 65535;
10649 : 65535;
10650 : 65535;
10651 : 65535;
10652 : 65535;
10653 : 65535;
10654 : 65535;
10655 : 65535;
10656 : 65535;
10657 : 65535;
10658 : 65535;
10659 : 65535;
10660 : 65535;
10661 : 65535;
10662 : 65535;
10663 : 65535;
10664 : 65535;
10665 : 65535;
10666 : 44274;
10667 : 58539;
10668 : 64877;
10669 : 64845;
10670 : 64845;
10671 : 64845;
10672 : 64845;
10673 : 64845;
10674 : 64845;
10675 : 64845;
10676 : 60684;
10677 : 50511;
10678 : 65430;
10679 : 65397;
10680 : 65398;
10681 : 65398;
10682 : 65398;
10683 : 65398;
10684 : 65398;
10685 : 65398;
10686 : 65397;
10687 : 65398;
10688 : 65398;
10689 : 65398;
10690 : 65366;
10691 : 65365;
10692 : 65365;
10693 : 65365;
10694 : 65398;
10695 : 65366;
10696 : 65365;
10697 : 63253;
10698 : 59060;
10699 : 54835;
10700 : 54834;
10701 : 54834;
10702 : 54834;
10703 : 56882;
10704 : 56914;
10705 : 56915;
10706 : 56914;
10707 : 31463;
10708 : 42194;
10709 : 65535;
10710 : 65535;
10711 : 65535;
10712 : 65535;
10713 : 65535;
10714 : 65535;
10715 : 65535;
10716 : 65535;
10717 : 65535;
10718 : 65535;
10719 : 65535;
10720 : 65535;
10721 : 65535;
10722 : 65535;
10723 : 65535;
10724 : 65535;
10725 : 65535;
10726 : 65535;
10727 : 65535;
10728 : 65535;
10729 : 65535;
10730 : 65535;
10731 : 65535;
10732 : 63292;
10733 : 63218;
10734 : 65458;
10735 : 65007;
10736 : 62216;
10737 : 65006;
10738 : 65458;
10739 : 65426;
10740 : 65426;
10741 : 64845;
10742 : 65297;
10743 : 65166;
10744 : 64967;
10745 : 58735;
10746 : 65535;
10747 : 65535;
10748 : 65535;
10749 : 65535;
10750 : 65535;
10751 : 65535;
10752 : 65535;
10753 : 65535;
10754 : 65535;
10755 : 65535;
10756 : 65535;
10757 : 65535;
10758 : 65535;
10759 : 65535;
10760 : 65535;
10761 : 65535;
10762 : 65535;
10763 : 65535;
10764 : 65535;
10765 : 65535;
10766 : 65535;
10767 : 65535;
10768 : 65535;
10769 : 65535;
10770 : 65535;
10771 : 65535;
10772 : 65535;
10773 : 65535;
10774 : 65535;
10775 : 65535;
10776 : 65535;
10777 : 65535;
10778 : 65535;
10779 : 65535;
10780 : 65535;
10781 : 65535;
10782 : 65535;
10783 : 65535;
10784 : 65535;
10785 : 65535;
10786 : 65535;
10787 : 65535;
10788 : 65535;
10789 : 65535;
10790 : 65535;
10791 : 65535;
10792 : 65535;
10793 : 50744;
10794 : 48170;
10795 : 64878;
10796 : 64845;
10797 : 64845;
10798 : 64845;
10799 : 64845;
10800 : 64845;
10801 : 64845;
10802 : 64845;
10803 : 64845;
10804 : 58571;
10805 : 52688;
10806 : 65430;
10807 : 65397;
10808 : 65397;
10809 : 65398;
10810 : 65398;
10811 : 65398;
10812 : 65397;
10813 : 65397;
10814 : 65398;
10815 : 65398;
10816 : 65398;
10817 : 65398;
10818 : 65366;
10819 : 65365;
10820 : 65366;
10821 : 65398;
10822 : 65365;
10823 : 65365;
10824 : 65333;
10825 : 61173;
10826 : 56947;
10827 : 54834;
10828 : 54834;
10829 : 54834;
10830 : 54834;
10831 : 56914;
10832 : 56914;
10833 : 56915;
10834 : 56947;
10835 : 35689;
10836 : 33545;
10837 : 61310;
10838 : 65535;
10839 : 65535;
10840 : 65535;
10841 : 65535;
10842 : 65535;
10843 : 65535;
10844 : 65535;
10845 : 65535;
10846 : 65535;
10847 : 65535;
10848 : 65535;
10849 : 65535;
10850 : 65535;
10851 : 65535;
10852 : 65535;
10853 : 65535;
10854 : 65535;
10855 : 65535;
10856 : 65535;
10857 : 65535;
10858 : 65535;
10859 : 65535;
10860 : 65471;
10861 : 61108;
10862 : 65491;
10863 : 65426;
10864 : 64876;
10865 : 64974;
10866 : 65458;
10867 : 65426;
10868 : 65426;
10869 : 65200;
10870 : 65361;
10871 : 65393;
10872 : 64935;
10873 : 58801;
10874 : 65535;
10875 : 65535;
10876 : 65535;
10877 : 65535;
10878 : 65535;
10879 : 65535;
10880 : 65535;
10881 : 65535;
10882 : 65535;
10883 : 65535;
10884 : 65535;
10885 : 65535;
10886 : 65535;
10887 : 65535;
10888 : 65535;
10889 : 65535;
10890 : 65535;
10891 : 65535;
10892 : 65535;
10893 : 65535;
10894 : 65535;
10895 : 65535;
10896 : 65535;
10897 : 65535;
10898 : 65535;
10899 : 65535;
10900 : 65535;
10901 : 65535;
10902 : 65535;
10903 : 65535;
10904 : 65535;
10905 : 65535;
10906 : 65535;
10907 : 65535;
10908 : 63455;
10909 : 54970;
10910 : 48631;
10911 : 44372;
10912 : 48599;
10913 : 54970;
10914 : 61309;
10915 : 65535;
10916 : 65535;
10917 : 65535;
10918 : 65535;
10919 : 65535;
10920 : 63422;
10921 : 44142;
10922 : 64845;
10923 : 64845;
10924 : 64845;
10925 : 64877;
10926 : 64877;
10927 : 64845;
10928 : 64845;
10929 : 64845;
10930 : 64845;
10931 : 64845;
10932 : 52330;
10933 : 54834;
10934 : 65430;
10935 : 65397;
10936 : 65398;
10937 : 65398;
10938 : 65398;
10939 : 65398;
10940 : 65397;
10941 : 65398;
10942 : 65398;
10943 : 65398;
10944 : 65398;
10945 : 65366;
10946 : 65365;
10947 : 65366;
10948 : 65398;
10949 : 65366;
10950 : 65365;
10951 : 65365;
10952 : 63285;
10953 : 61140;
10954 : 56915;
10955 : 54834;
10956 : 54834;
10957 : 54834;
10958 : 54834;
10959 : 56914;
10960 : 56914;
10961 : 56915;
10962 : 58995;
10963 : 39915;
10964 : 43880;
10965 : 50679;
10966 : 65535;
10967 : 65535;
10968 : 65535;
10969 : 65535;
10970 : 65535;
10971 : 65535;
10972 : 65535;
10973 : 65535;
10974 : 65535;
10975 : 65535;
10976 : 65535;
10977 : 65535;
10978 : 65535;
10979 : 65535;
10980 : 65535;
10981 : 65535;
10982 : 65535;
10983 : 65535;
10984 : 65535;
10985 : 65535;
10986 : 65535;
10987 : 65535;
10988 : 65535;
10989 : 61111;
10990 : 65427;
10991 : 65493;
10992 : 65424;
10993 : 65294;
10994 : 65459;
10995 : 65459;
10996 : 65459;
10997 : 65459;
10998 : 65394;
10999 : 65232;
11000 : 60490;
11001 : 63292;
11002 : 65535;
11003 : 65535;
11004 : 65535;
11005 : 65535;
11006 : 65535;
11007 : 65535;
11008 : 65535;
11009 : 65535;
11010 : 65535;
11011 : 65535;
11012 : 65535;
11013 : 65535;
11014 : 65535;
11015 : 65535;
11016 : 65535;
11017 : 65535;
11018 : 65535;
11019 : 65535;
11020 : 65535;
11021 : 65535;
11022 : 65535;
11023 : 65535;
11024 : 65535;
11025 : 65535;
11026 : 65535;
11027 : 65535;
11028 : 65535;
11029 : 65535;
11030 : 65535;
11031 : 65535;
11032 : 65535;
11033 : 65535;
11034 : 59229;
11035 : 46452;
11036 : 35724;
11037 : 35560;
11038 : 37608;
11039 : 39688;
11040 : 39688;
11041 : 35560;
11042 : 35626;
11043 : 37869;
11044 : 44274;
11045 : 54905;
11046 : 63423;
11047 : 65535;
11048 : 46420;
11049 : 58539;
11050 : 64878;
11051 : 64877;
11052 : 64877;
11053 : 64877;
11054 : 64845;
11055 : 64845;
11056 : 64845;
11057 : 64844;
11058 : 64844;
11059 : 64845;
11060 : 52298;
11061 : 54834;
11062 : 65398;
11063 : 65398;
11064 : 65398;
11065 : 65398;
11066 : 65398;
11067 : 65398;
11068 : 65398;
11069 : 65398;
11070 : 65365;
11071 : 65366;
11072 : 65366;
11073 : 65365;
11074 : 65365;
11075 : 65398;
11076 : 65365;
11077 : 65366;
11078 : 65365;
11079 : 63285;
11080 : 61173;
11081 : 59028;
11082 : 54834;
11083 : 54834;
11084 : 54834;
11085 : 54834;
11086 : 54834;
11087 : 56914;
11088 : 56914;
11089 : 56915;
11090 : 56947;
11091 : 37866;
11092 : 52233;
11093 : 39949;
11094 : 63422;
11095 : 65535;
11096 : 65535;
11097 : 65535;
11098 : 65535;
11099 : 65535;
11100 : 65535;
11101 : 65535;
11102 : 65535;
11103 : 65535;
11104 : 65535;
11105 : 65535;
11106 : 65535;
11107 : 65535;
11108 : 65535;
11109 : 65535;
11110 : 65535;
11111 : 65535;
11112 : 65535;
11113 : 65535;
11114 : 65535;
11115 : 65535;
11116 : 65535;
11117 : 61177;
11118 : 65426;
11119 : 65492;
11120 : 65458;
11121 : 65424;
11122 : 65458;
11123 : 65459;
11124 : 65459;
11125 : 65459;
11126 : 65329;
11127 : 64747;
11128 : 60494;
11129 : 65535;
11130 : 65535;
11131 : 65535;
11132 : 65535;
11133 : 65535;
11134 : 65535;
11135 : 65535;
11136 : 65535;
11137 : 65535;
11138 : 65535;
11139 : 65535;
11140 : 65535;
11141 : 65535;
11142 : 65535;
11143 : 65535;
11144 : 65535;
11145 : 65535;
11146 : 65535;
11147 : 65535;
11148 : 65535;
11149 : 65535;
11150 : 65535;
11151 : 65535;
11152 : 65535;
11153 : 65535;
11154 : 65535;
11155 : 65535;
11156 : 65535;
11157 : 65535;
11158 : 65535;
11159 : 65535;
11160 : 63455;
11161 : 48500;
11162 : 41898;
11163 : 48041;
11164 : 52234;
11165 : 50154;
11166 : 48074;
11167 : 48074;
11168 : 48074;
11169 : 48074;
11170 : 48074;
11171 : 45961;
11172 : 43849;
11173 : 39721;
11174 : 39884;
11175 : 37968;
11176 : 41963;
11177 : 64877;
11178 : 64878;
11179 : 64878;
11180 : 64877;
11181 : 64845;
11182 : 64845;
11183 : 64845;
11184 : 64845;
11185 : 64844;
11186 : 64844;
11187 : 64845;
11188 : 56459;
11189 : 50608;
11190 : 63285;
11191 : 65365;
11192 : 65366;
11193 : 65366;
11194 : 65398;
11195 : 65398;
11196 : 65366;
11197 : 65333;
11198 : 65333;
11199 : 65365;
11200 : 63317;
11201 : 65365;
11202 : 65366;
11203 : 65365;
11204 : 65366;
11205 : 65365;
11206 : 63318;
11207 : 63253;
11208 : 61140;
11209 : 56915;
11210 : 54834;
11211 : 54834;
11212 : 54834;
11213 : 54834;
11214 : 54834;
11215 : 56914;
11216 : 56914;
11217 : 56914;
11218 : 56947;
11219 : 35722;
11220 : 52266;
11221 : 43912;
11222 : 33676;
11223 : 57083;
11224 : 65535;
11225 : 65535;
11226 : 65535;
11227 : 65535;
11228 : 65535;
11229 : 65535;
11230 : 65535;
11231 : 65535;
11232 : 65535;
11233 : 65535;
11234 : 65535;
11235 : 65535;
11236 : 65535;
11237 : 65535;
11238 : 65535;
11239 : 65535;
11240 : 65535;
11241 : 65535;
11242 : 65535;
11243 : 65535;
11244 : 65535;
11245 : 61144;
11246 : 65426;
11247 : 65492;
11248 : 65459;
11249 : 65458;
11250 : 65459;
11251 : 65459;
11252 : 65460;
11253 : 65459;
11254 : 65099;
11255 : 64648;
11256 : 58701;
11257 : 65503;
11258 : 65535;
11259 : 65535;
11260 : 65535;
11261 : 65535;
11262 : 65535;
11263 : 65535;
11264 : 65535;
11265 : 65535;
11266 : 65535;
11267 : 65535;
11268 : 65535;
11269 : 65535;
11270 : 65535;
11271 : 65535;
11272 : 65535;
11273 : 65535;
11274 : 65535;
11275 : 65535;
11276 : 65535;
11277 : 65535;
11278 : 65535;
11279 : 65535;
11280 : 65535;
11281 : 65535;
11282 : 65535;
11283 : 65535;
11284 : 65535;
11285 : 65535;
11286 : 65535;
11287 : 57116;
11288 : 44078;
11289 : 50121;
11290 : 56395;
11291 : 54347;
11292 : 54315;
11293 : 52234;
11294 : 48074;
11295 : 45994;
11296 : 45994;
11297 : 45994;
11298 : 45994;
11299 : 45994;
11300 : 48074;
11301 : 48074;
11302 : 48042;
11303 : 37607;
11304 : 60684;
11305 : 64878;
11306 : 64911;
11307 : 64845;
11308 : 64877;
11309 : 64845;
11310 : 64845;
11311 : 64845;
11312 : 64844;
11313 : 64844;
11314 : 64844;
11315 : 64845;
11316 : 56459;
11317 : 44270;
11318 : 61140;
11319 : 63253;
11320 : 63285;
11321 : 63317;
11322 : 65365;
11323 : 65333;
11324 : 63317;
11325 : 65333;
11326 : 65333;
11327 : 65333;
11328 : 65365;
11329 : 65365;
11330 : 65365;
11331 : 65365;
11332 : 65333;
11333 : 63317;
11334 : 63285;
11335 : 61172;
11336 : 59027;
11337 : 54834;
11338 : 54834;
11339 : 54834;
11340 : 54834;
11341 : 54834;
11342 : 54834;
11343 : 56914;
11344 : 56914;
11345 : 56914;
11346 : 54834;
11347 : 35689;
11348 : 54378;
11349 : 54379;
11350 : 45992;
11351 : 37738;
11352 : 57116;
11353 : 65535;
11354 : 65535;
11355 : 65535;
11356 : 65535;
11357 : 65535;
11358 : 65535;
11359 : 65535;
11360 : 65535;
11361 : 65535;
11362 : 65535;
11363 : 65535;
11364 : 65535;
11365 : 65535;
11366 : 65535;
11367 : 65535;
11368 : 65535;
11369 : 65535;
11370 : 65535;
11371 : 65535;
11372 : 65503;
11373 : 58964;
11374 : 65426;
11375 : 65459;
11376 : 65459;
11377 : 65459;
11378 : 65394;
11379 : 65296;
11380 : 65491;
11381 : 65361;
11382 : 62761;
11383 : 58639;
11384 : 58935;
11385 : 65535;
11386 : 65535;
11387 : 65535;
11388 : 65535;
11389 : 65535;
11390 : 65535;
11391 : 65535;
11392 : 65535;
11393 : 65535;
11394 : 65535;
11395 : 65535;
11396 : 65535;
11397 : 65535;
11398 : 65535;
11399 : 65535;
11400 : 65535;
11401 : 65535;
11402 : 65535;
11403 : 65535;
11404 : 65535;
11405 : 65535;
11406 : 65535;
11407 : 65535;
11408 : 65535;
11409 : 65535;
11410 : 65535;
11411 : 65535;
11412 : 65535;
11413 : 65535;
11414 : 54938;
11415 : 41899;
11416 : 54282;
11417 : 56395;
11418 : 54347;
11419 : 54347;
11420 : 54347;
11421 : 54315;
11422 : 48074;
11423 : 45994;
11424 : 45994;
11425 : 45994;
11426 : 45994;
11427 : 45994;
11428 : 45994;
11429 : 48074;
11430 : 41833;
11431 : 50251;
11432 : 64878;
11433 : 64911;
11434 : 64911;
11435 : 64845;
11436 : 64877;
11437 : 64845;
11438 : 64845;
11439 : 64845;
11440 : 64844;
11441 : 64844;
11442 : 64844;
11443 : 64844;
11444 : 56459;
11445 : 42125;
11446 : 56947;
11447 : 59060;
11448 : 61205;
11449 : 63285;
11450 : 63285;
11451 : 65333;
11452 : 63317;
11453 : 65333;
11454 : 65333;
11455 : 65333;
11456 : 65333;
11457 : 65365;
11458 : 65366;
11459 : 65333;
11460 : 63285;
11461 : 63285;
11462 : 61172;
11463 : 59060;
11464 : 56915;
11465 : 54834;
11466 : 54834;
11467 : 54834;
11468 : 54834;
11469 : 54834;
11470 : 56882;
11471 : 54834;
11472 : 54834;
11473 : 54834;
11474 : 54834;
11475 : 37802;
11476 : 56427;
11477 : 56459;
11478 : 52266;
11479 : 54378;
11480 : 41997;
11481 : 63390;
11482 : 65535;
11483 : 65535;
11484 : 65535;
11485 : 65535;
11486 : 65535;
11487 : 65535;
11488 : 65535;
11489 : 65535;
11490 : 65535;
11491 : 65535;
11492 : 65535;
11493 : 65535;
11494 : 65535;
11495 : 65535;
11496 : 65535;
11497 : 65535;
11498 : 65535;
11499 : 65535;
11500 : 63390;
11501 : 58994;
11502 : 65425;
11503 : 65426;
11504 : 65426;
11505 : 65329;
11506 : 65098;
11507 : 64842;
11508 : 65297;
11509 : 62861;
11510 : 61015;
11511 : 65535;
11512 : 65535;
11513 : 65535;
11514 : 65535;
11515 : 65535;
11516 : 65535;
11517 : 65535;
11518 : 65535;
11519 : 65535;
11520 : 65535;
11521 : 65535;
11522 : 65535;
11523 : 65535;
11524 : 65535;
11525 : 65535;
11526 : 65535;
11527 : 65535;
11528 : 65535;
11529 : 65535;
11530 : 65535;
11531 : 65535;
11532 : 65535;
11533 : 65535;
11534 : 65535;
11535 : 65535;
11536 : 65535;
11537 : 65535;
11538 : 65535;
11539 : 65535;
11540 : 65535;
11541 : 52824;
11542 : 43946;
11543 : 56394;
11544 : 54347;
11545 : 56395;
11546 : 54347;
11547 : 54347;
11548 : 56395;
11549 : 54315;
11550 : 48074;
11551 : 45994;
11552 : 45994;
11553 : 45994;
11554 : 45994;
11555 : 48074;
11556 : 48074;
11557 : 43881;
11558 : 37640;
11559 : 62797;
11560 : 64877;
11561 : 65009;
11562 : 64911;
11563 : 64845;
11564 : 64845;
11565 : 64845;
11566 : 64845;
11567 : 64845;
11568 : 64844;
11569 : 64844;
11570 : 64844;
11571 : 64812;
11572 : 54378;
11573 : 42093;
11574 : 54867;
11575 : 54867;
11576 : 59027;
11577 : 61140;
11578 : 61173;
11579 : 63253;
11580 : 63285;
11581 : 63317;
11582 : 63285;
11583 : 65333;
11584 : 65333;
11585 : 65333;
11586 : 65366;
11587 : 65333;
11588 : 63285;
11589 : 61205;
11590 : 59060;
11591 : 56915;
11592 : 54834;
11593 : 54834;
11594 : 54834;
11595 : 54834;
11596 : 54834;
11597 : 54834;
11598 : 54834;
11599 : 54834;
11600 : 54834;
11601 : 54835;
11602 : 52722;
11603 : 44010;
11604 : 56459;
11605 : 56459;
11606 : 56459;
11607 : 56459;
11608 : 52233;
11609 : 44274;
11610 : 65535;
11611 : 65535;
11612 : 65535;
11613 : 65535;
11614 : 65535;
11615 : 65535;
11616 : 65535;
11617 : 65535;
11618 : 65535;
11619 : 65535;
11620 : 65535;
11621 : 65535;
11622 : 65535;
11623 : 65535;
11624 : 65535;
11625 : 65535;
11626 : 65535;
11627 : 65535;
11628 : 65503;
11629 : 61076;
11630 : 65393;
11631 : 65425;
11632 : 65458;
11633 : 65069;
11634 : 62726;
11635 : 62600;
11636 : 62506;
11637 : 58675;
11638 : 65535;
11639 : 65535;
11640 : 65535;
11641 : 65535;
11642 : 65535;
11643 : 65535;
11644 : 65535;
11645 : 65535;
11646 : 65535;
11647 : 65535;
11648 : 65535;
11649 : 65535;
11650 : 65535;
11651 : 65535;
11652 : 65535;
11653 : 65535;
11654 : 65535;
11655 : 65535;
11656 : 65535;
11657 : 65535;
11658 : 65535;
11659 : 65535;
11660 : 65535;
11661 : 65535;
11662 : 65535;
11663 : 65535;
11664 : 65535;
11665 : 65535;
11666 : 65535;
11667 : 65535;
11668 : 54938;
11669 : 41866;
11670 : 54314;
11671 : 54347;
11672 : 52266;
11673 : 48073;
11674 : 50122;
11675 : 52234;
11676 : 45961;
11677 : 48074;
11678 : 48074;
11679 : 48074;
11680 : 48074;
11681 : 48074;
11682 : 45962;
11683 : 41801;
11684 : 41800;
11685 : 35527;
11686 : 50218;
11687 : 64878;
11688 : 64911;
11689 : 65075;
11690 : 64910;
11691 : 64845;
11692 : 64845;
11693 : 64845;
11694 : 64845;
11695 : 64813;
11696 : 64812;
11697 : 64844;
11698 : 64844;
11699 : 62732;
11700 : 54346;
11701 : 42060;
11702 : 54867;
11703 : 54834;
11704 : 54834;
11705 : 54867;
11706 : 56947;
11707 : 59060;
11708 : 61140;
11709 : 61205;
11710 : 63285;
11711 : 63285;
11712 : 63285;
11713 : 65366;
11714 : 65365;
11715 : 63285;
11716 : 61173;
11717 : 59060;
11718 : 56915;
11719 : 54834;
11720 : 54834;
11721 : 54834;
11722 : 54834;
11723 : 54834;
11724 : 54834;
11725 : 54834;
11726 : 54834;
11727 : 54834;
11728 : 54834;
11729 : 54867;
11730 : 50609;
11731 : 46090;
11732 : 60619;
11733 : 62732;
11734 : 62765;
11735 : 60652;
11736 : 56459;
11737 : 43978;
11738 : 54970;
11739 : 65535;
11740 : 65535;
11741 : 65535;
11742 : 65535;
11743 : 65535;
11744 : 65535;
11745 : 65535;
11746 : 65535;
11747 : 65535;
11748 : 65535;
11749 : 65535;
11750 : 65535;
11751 : 65535;
11752 : 65535;
11753 : 65535;
11754 : 65535;
11755 : 65535;
11756 : 65535;
11757 : 63292;
11758 : 61109;
11759 : 61140;
11760 : 60977;
11761 : 60230;
11762 : 60004;
11763 : 60264;
11764 : 56268;
11765 : 63292;
11766 : 65535;
11767 : 65535;
11768 : 65535;
11769 : 65535;
11770 : 65535;
11771 : 65535;
11772 : 65535;
11773 : 65535;
11774 : 65535;
11775 : 65535;
11776 : 65535;
11777 : 65535;
11778 : 65535;
11779 : 65535;
11780 : 65535;
11781 : 65535;
11782 : 65535;
11783 : 65535;
11784 : 65535;
11785 : 65535;
11786 : 65535;
11787 : 65535;
11788 : 65535;
11789 : 65535;
11790 : 65535;
11791 : 65535;
11792 : 65535;
11793 : 65535;
11794 : 65535;
11795 : 59229;
11796 : 39819;
11797 : 54314;
11798 : 54347;
11799 : 54347;
11800 : 50154;
11801 : 48041;
11802 : 48073;
11803 : 50122;
11804 : 45961;
11805 : 35559;
11806 : 37608;
11807 : 41801;
11808 : 37640;
11809 : 35559;
11810 : 39688;
11811 : 45961;
11812 : 50154;
11813 : 41832;
11814 : 64845;
11815 : 64845;
11816 : 65009;
11817 : 65043;
11818 : 64878;
11819 : 64877;
11820 : 64845;
11821 : 64845;
11822 : 64845;
11823 : 64845;
11824 : 64813;
11825 : 64845;
11826 : 64845;
11827 : 60652;
11828 : 52298;
11829 : 42092;
11830 : 54867;
11831 : 54834;
11832 : 54834;
11833 : 54834;
11834 : 54834;
11835 : 54835;
11836 : 56915;
11837 : 56947;
11838 : 59060;
11839 : 61172;
11840 : 63253;
11841 : 63253;
11842 : 61173;
11843 : 61140;
11844 : 59028;
11845 : 56915;
11846 : 54834;
11847 : 54834;
11848 : 54834;
11849 : 54834;
11850 : 56882;
11851 : 56914;
11852 : 56914;
11853 : 54834;
11854 : 54834;
11855 : 54834;
11856 : 54834;
11857 : 54867;
11858 : 46383;
11859 : 50186;
11860 : 64812;
11861 : 64877;
11862 : 64877;
11863 : 64845;
11864 : 58539;
11865 : 58538;
11866 : 42029;
11867 : 63390;
11868 : 65535;
11869 : 65535;
11870 : 65535;
11871 : 65535;
11872 : 65535;
11873 : 65535;
11874 : 65535;
11875 : 65535;
11876 : 65535;
11877 : 65535;
11878 : 65535;
11879 : 65535;
11880 : 65535;
11881 : 65535;
11882 : 65535;
11883 : 65535;
11884 : 65535;
11885 : 65535;
11886 : 65535;
11887 : 65535;
11888 : 50549;
11889 : 49799;
11890 : 56073;
11891 : 56693;
11892 : 63390;
11893 : 65535;
11894 : 65535;
11895 : 65535;
11896 : 65535;
11897 : 65535;
11898 : 65535;
11899 : 65535;
11900 : 65535;
11901 : 65535;
11902 : 65535;
11903 : 65535;
11904 : 65535;
11905 : 65535;
11906 : 65535;
11907 : 65535;
11908 : 65535;
11909 : 65535;
11910 : 65535;
11911 : 65535;
11912 : 65535;
11913 : 65535;
11914 : 65535;
11915 : 65535;
11916 : 65535;
11917 : 65535;
11918 : 65535;
11919 : 65535;
11920 : 65535;
11921 : 65535;
11922 : 65535;
11923 : 42128;
11924 : 52201;
11925 : 54347;
11926 : 54347;
11927 : 54347;
11928 : 56395;
11929 : 54315;
11930 : 50154;
11931 : 50154;
11932 : 50154;
11933 : 48041;
11934 : 41832;
11935 : 45961;
11936 : 48074;
11937 : 52266;
11938 : 56395;
11939 : 56427;
11940 : 43881;
11941 : 50186;
11942 : 64877;
11943 : 64878;
11944 : 65075;
11945 : 65009;
11946 : 64845;
11947 : 64845;
11948 : 64845;
11949 : 64845;
11950 : 64845;
11951 : 64845;
11952 : 64845;
11953 : 64845;
11954 : 64813;
11955 : 58539;
11956 : 54346;
11957 : 42060;
11958 : 54867;
11959 : 54834;
11960 : 54834;
11961 : 54834;
11962 : 54834;
11963 : 54834;
11964 : 54834;
11965 : 54834;
11966 : 54834;
11967 : 56947;
11968 : 59027;
11969 : 56947;
11970 : 56947;
11971 : 56915;
11972 : 54835;
11973 : 54834;
11974 : 54834;
11975 : 54834;
11976 : 56914;
11977 : 56914;
11978 : 56914;
11979 : 56914;
11980 : 56914;
11981 : 54834;
11982 : 54834;
11983 : 54834;
11984 : 54834;
11985 : 54867;
11986 : 44238;
11987 : 56459;
11988 : 64845;
11989 : 64877;
11990 : 64877;
11991 : 64877;
11992 : 60684;
11993 : 60619;
11994 : 56426;
11995 : 42161;
11996 : 65535;
11997 : 65535;
11998 : 65535;
11999 : 65535;
12000 : 65535;
12001 : 65535;
12002 : 65535;
12003 : 65535;
12004 : 65535;
12005 : 65535;
12006 : 65535;
12007 : 65535;
12008 : 65535;
12009 : 65535;
12010 : 65535;
12011 : 65535;
12012 : 65535;
12013 : 65535;
12014 : 65535;
12015 : 59197;
12016 : 41899;
12017 : 35528;
12018 : 52858;
12019 : 65535;
12020 : 65535;
12021 : 65535;
12022 : 65535;
12023 : 65535;
12024 : 65535;
12025 : 65535;
12026 : 65535;
12027 : 65535;
12028 : 65535;
12029 : 65535;
12030 : 65535;
12031 : 65535;
12032 : 65535;
12033 : 65535;
12034 : 65535;
12035 : 65535;
12036 : 65535;
12037 : 65535;
12038 : 65535;
12039 : 65535;
12040 : 65535;
12041 : 65535;
12042 : 65535;
12043 : 65535;
12044 : 65535;
12045 : 65535;
12046 : 65535;
12047 : 65535;
12048 : 65535;
12049 : 65535;
12050 : 52824;
12051 : 45961;
12052 : 56395;
12053 : 54347;
12054 : 54347;
12055 : 54347;
12056 : 54347;
12057 : 54347;
12058 : 54347;
12059 : 54347;
12060 : 54347;
12061 : 56395;
12062 : 56395;
12063 : 56395;
12064 : 54347;
12065 : 54347;
12066 : 54347;
12067 : 54347;
12068 : 37639;
12069 : 60684;
12070 : 64844;
12071 : 64944;
12072 : 65108;
12073 : 64944;
12074 : 64845;
12075 : 64845;
12076 : 64845;
12077 : 64845;
12078 : 64845;
12079 : 64845;
12080 : 64845;
12081 : 64845;
12082 : 62732;
12083 : 56459;
12084 : 54346;
12085 : 39947;
12086 : 56915;
12087 : 54834;
12088 : 54834;
12089 : 54834;
12090 : 54834;
12091 : 54834;
12092 : 56914;
12093 : 56914;
12094 : 56914;
12095 : 56915;
12096 : 56914;
12097 : 56914;
12098 : 54834;
12099 : 54834;
12100 : 56914;
12101 : 56915;
12102 : 56914;
12103 : 56915;
12104 : 56915;
12105 : 56915;
12106 : 56914;
12107 : 56915;
12108 : 56914;
12109 : 54834;
12110 : 54834;
12111 : 54834;
12112 : 54834;
12113 : 54867;
12114 : 44108;
12115 : 62700;
12116 : 64846;
12117 : 64877;
12118 : 64877;
12119 : 64877;
12120 : 64845;
12121 : 60651;
12122 : 64812;
12123 : 48073;
12124 : 48631;
12125 : 65535;
12126 : 65535;
12127 : 65535;
12128 : 65535;
12129 : 65535;
12130 : 65535;
12131 : 65535;
12132 : 65535;
12133 : 65535;
12134 : 65535;
12135 : 65535;
12136 : 65535;
12137 : 65535;
12138 : 65535;
12139 : 65535;
12140 : 65535;
12141 : 65535;
12142 : 65535;
12143 : 44176;
12144 : 41767;
12145 : 31661;
12146 : 65535;
12147 : 65535;
12148 : 65535;
12149 : 65535;
12150 : 65535;
12151 : 65535;
12152 : 65535;
12153 : 65535;
12154 : 65535;
12155 : 65535;
12156 : 65535;
12157 : 65535;
12158 : 65535;
12159 : 65535;
12160 : 65535;
12161 : 65535;
12162 : 65535;
12163 : 65535;
12164 : 65535;
12165 : 65535;
12166 : 65535;
12167 : 65535;
12168 : 65535;
12169 : 65535;
12170 : 65535;
12171 : 65535;
12172 : 65535;
12173 : 65535;
12174 : 65535;
12175 : 65535;
12176 : 65535;
12177 : 63422;
12178 : 41965;
12179 : 54314;
12180 : 54347;
12181 : 54347;
12182 : 54347;
12183 : 54347;
12184 : 56395;
12185 : 56395;
12186 : 54347;
12187 : 54347;
12188 : 54347;
12189 : 54347;
12190 : 54347;
12191 : 54347;
12192 : 54347;
12193 : 54347;
12194 : 54347;
12195 : 50154;
12196 : 39752;
12197 : 64877;
12198 : 64845;
12199 : 65010;
12200 : 65075;
12201 : 64976;
12202 : 64845;
12203 : 64845;
12204 : 64845;
12205 : 64845;
12206 : 64845;
12207 : 64845;
12208 : 64845;
12209 : 64845;
12210 : 58571;
12211 : 56459;
12212 : 54346;
12213 : 39947;
12214 : 56947;
12215 : 54834;
12216 : 56915;
12217 : 56914;
12218 : 56914;
12219 : 56914;
12220 : 56915;
12221 : 56914;
12222 : 56914;
12223 : 56915;
12224 : 56915;
12225 : 56914;
12226 : 54834;
12227 : 56914;
12228 : 56915;
12229 : 56914;
12230 : 56915;
12231 : 56915;
12232 : 56915;
12233 : 56947;
12234 : 56947;
12235 : 56915;
12236 : 56914;
12237 : 54834;
12238 : 54834;
12239 : 54834;
12240 : 54834;
12241 : 54802;
12242 : 50283;
12243 : 64812;
12244 : 64845;
12245 : 64877;
12246 : 64877;
12247 : 64877;
12248 : 64877;
12249 : 62765;
12250 : 62731;
12251 : 64812;
12252 : 41964;
12253 : 61277;
12254 : 65535;
12255 : 65535;
12256 : 65535;
12257 : 65535;
12258 : 65535;
12259 : 65535;
12260 : 65535;
12261 : 65535;
12262 : 65535;
12263 : 65535;
12264 : 65535;
12265 : 65535;
12266 : 65535;
12267 : 65535;
12268 : 65535;
12269 : 65535;
12270 : 50646;
12271 : 45961;
12272 : 29384;
12273 : 52890;
12274 : 65535;
12275 : 65535;
12276 : 65535;
12277 : 65535;
12278 : 65535;
12279 : 65535;
12280 : 65535;
12281 : 65535;
12282 : 65535;
12283 : 65535;
12284 : 65535;
12285 : 65535;
12286 : 65535;
12287 : 65535;
12288 : 65535;
12289 : 65535;
12290 : 65535;
12291 : 65535;
12292 : 65535;
12293 : 65535;
12294 : 65535;
12295 : 65535;
12296 : 65535;
12297 : 65535;
12298 : 65535;
12299 : 65535;
12300 : 65535;
12301 : 65535;
12302 : 65535;
12303 : 65535;
12304 : 65535;
12305 : 46420;
12306 : 48041;
12307 : 56395;
12308 : 54347;
12309 : 54347;
12310 : 54347;
12311 : 56395;
12312 : 56395;
12313 : 56395;
12314 : 54347;
12315 : 54347;
12316 : 54347;
12317 : 54347;
12318 : 54347;
12319 : 54347;
12320 : 54347;
12321 : 54347;
12322 : 56395;
12323 : 43881;
12324 : 50186;
12325 : 64844;
12326 : 64910;
12327 : 65075;
12328 : 65075;
12329 : 65042;
12330 : 64845;
12331 : 64845;
12332 : 64845;
12333 : 64845;
12334 : 64845;
12335 : 64845;
12336 : 64877;
12337 : 62732;
12338 : 56459;
12339 : 56459;
12340 : 52266;
12341 : 39980;
12342 : 59027;
12343 : 56914;
12344 : 56914;
12345 : 56915;
12346 : 56915;
12347 : 56914;
12348 : 56915;
12349 : 56914;
12350 : 56914;
12351 : 56947;
12352 : 56915;
12353 : 56914;
12354 : 56914;
12355 : 56915;
12356 : 56915;
12357 : 56915;
12358 : 56915;
12359 : 56915;
12360 : 56914;
12361 : 56914;
12362 : 56947;
12363 : 56915;
12364 : 56915;
12365 : 56914;
12366 : 54866;
12367 : 54866;
12368 : 56947;
12369 : 50544;
12370 : 56459;
12371 : 64845;
12372 : 64877;
12373 : 64877;
12374 : 64877;
12375 : 64877;
12376 : 64877;
12377 : 64845;
12378 : 64812;
12379 : 64844;
12380 : 60652;
12381 : 42128;
12382 : 65535;
12383 : 65535;
12384 : 65535;
12385 : 65535;
12386 : 65535;
12387 : 65535;
12388 : 65535;
12389 : 65535;
12390 : 65535;
12391 : 65535;
12392 : 65535;
12393 : 65535;
12394 : 65535;
12395 : 65535;
12396 : 65535;
12397 : 52792;
12398 : 48074;
12399 : 37672;
12400 : 35953;
12401 : 65535;
12402 : 65535;
12403 : 65535;
12404 : 65535;
12405 : 65535;
12406 : 65535;
12407 : 65535;
12408 : 65535;
12409 : 65535;
12410 : 65535;
12411 : 65535;
12412 : 65535;
12413 : 65535;
12414 : 65535;
12415 : 65535;
12416 : 65535;
12417 : 65535;
12418 : 65535;
12419 : 65535;
12420 : 65535;
12421 : 65535;
12422 : 65535;
12423 : 65535;
12424 : 65535;
12425 : 65535;
12426 : 65535;
12427 : 65535;
12428 : 65535;
12429 : 65535;
12430 : 65535;
12431 : 65535;
12432 : 61309;
12433 : 41899;
12434 : 56395;
12435 : 54347;
12436 : 54347;
12437 : 56395;
12438 : 56395;
12439 : 56395;
12440 : 56395;
12441 : 56395;
12442 : 56395;
12443 : 54347;
12444 : 54347;
12445 : 54347;
12446 : 54347;
12447 : 54347;
12448 : 54347;
12449 : 54347;
12450 : 56395;
12451 : 39688;
12452 : 58539;
12453 : 62732;
12454 : 64943;
12455 : 65075;
12456 : 65075;
12457 : 65009;
12458 : 64812;
12459 : 64813;
12460 : 64845;
12461 : 64845;
12462 : 64845;
12463 : 64846;
12464 : 64845;
12465 : 58539;
12466 : 56459;
12467 : 56459;
12468 : 50186;
12469 : 42125;
12470 : 59027;
12471 : 56914;
12472 : 56914;
12473 : 56915;
12474 : 56914;
12475 : 56914;
12476 : 56914;
12477 : 56914;
12478 : 56947;
12479 : 56915;
12480 : 56915;
12481 : 56915;
12482 : 56947;
12483 : 56947;
12484 : 56915;
12485 : 56915;
12486 : 56914;
12487 : 56914;
12488 : 56915;
12489 : 56915;
12490 : 56947;
12491 : 56915;
12492 : 56915;
12493 : 56914;
12494 : 56914;
12495 : 56914;
12496 : 56915;
12497 : 44108;
12498 : 60619;
12499 : 64845;
12500 : 64845;
12501 : 64845;
12502 : 64877;
12503 : 64877;
12504 : 64845;
12505 : 64845;
12506 : 64845;
12507 : 64845;
12508 : 64878;
12509 : 50251;
12510 : 52824;
12511 : 65535;
12512 : 65535;
12513 : 65535;
12514 : 65535;
12515 : 65535;
12516 : 65535;
12517 : 65535;
12518 : 65535;
12519 : 65535;
12520 : 65535;
12521 : 65535;
12522 : 65535;
12523 : 65535;
12524 : 50679;
12525 : 45994;
12526 : 45961;
12527 : 29483;
12528 : 59164;
12529 : 65535;
12530 : 65535;
12531 : 65535;
12532 : 65535;
12533 : 65535;
12534 : 65535;
12535 : 65535;
12536 : 65535;
12537 : 65535;
12538 : 65535;
12539 : 65535;
12540 : 65535;
12541 : 65535;
12542 : 65535;
12543 : 65535;
12544 : 65535;
12545 : 65535;
12546 : 65535;
12547 : 65535;
12548 : 65535;
12549 : 65535;
12550 : 65535;
12551 : 65535;
12552 : 65535;
12553 : 65535;
12554 : 65535;
12555 : 65535;
12556 : 65535;
12557 : 65535;
12558 : 65535;
12559 : 65535;
12560 : 48500;
12561 : 50121;
12562 : 54347;
12563 : 54347;
12564 : 56395;
12565 : 56395;
12566 : 56427;
12567 : 56427;
12568 : 56427;
12569 : 56427;
12570 : 54347;
12571 : 54347;
12572 : 54347;
12573 : 54347;
12574 : 54347;
12575 : 54347;
12576 : 54347;
12577 : 54315;
12578 : 50186;
12579 : 37639;
12580 : 60619;
12581 : 62732;
12582 : 64944;
12583 : 65075;
12584 : 65075;
12585 : 64878;
12586 : 64812;
12587 : 64844;
12588 : 64845;
12589 : 64845;
12590 : 64845;
12591 : 64845;
12592 : 60651;
12593 : 56459;
12594 : 56459;
12595 : 56459;
12596 : 45993;
12597 : 46383;
12598 : 58995;
12599 : 56915;
12600 : 56915;
12601 : 56915;
12602 : 56915;
12603 : 56915;
12604 : 56915;
12605 : 56914;
12606 : 56914;
12607 : 56947;
12608 : 56947;
12609 : 56914;
12610 : 56947;
12611 : 56915;
12612 : 56915;
12613 : 56914;
12614 : 56914;
12615 : 56915;
12616 : 56915;
12617 : 56915;
12618 : 56947;
12619 : 56915;
12620 : 56915;
12621 : 56914;
12622 : 56914;
12623 : 56947;
12624 : 52657;
12625 : 50218;
12626 : 62732;
12627 : 64845;
12628 : 64845;
12629 : 64845;
12630 : 64877;
12631 : 64877;
12632 : 64845;
12633 : 64845;
12634 : 64877;
12635 : 64845;
12636 : 64877;
12637 : 64845;
12638 : 48368;
12639 : 65535;
12640 : 65535;
12641 : 65535;
12642 : 65535;
12643 : 65535;
12644 : 65535;
12645 : 65535;
12646 : 65535;
12647 : 65535;
12648 : 65535;
12649 : 65535;
12650 : 63422;
12651 : 44274;
12652 : 45961;
12653 : 48073;
12654 : 29449;
12655 : 44405;
12656 : 65535;
12657 : 65535;
12658 : 65535;
12659 : 65535;
12660 : 65535;
12661 : 65535;
12662 : 65535;
12663 : 65535;
12664 : 65535;
12665 : 65535;
12666 : 65535;
12667 : 65535;
12668 : 65535;
12669 : 65535;
12670 : 65535;
12671 : 65535;
12672 : 65535;
12673 : 65535;
12674 : 65535;
12675 : 65535;
12676 : 65535;
12677 : 65535;
12678 : 65535;
12679 : 65535;
12680 : 65535;
12681 : 65535;
12682 : 65535;
12683 : 65535;
12684 : 65535;
12685 : 65535;
12686 : 65535;
12687 : 63422;
12688 : 44012;
12689 : 56362;
12690 : 54347;
12691 : 56395;
12692 : 56427;
12693 : 56427;
12694 : 56427;
12695 : 56427;
12696 : 56427;
12697 : 56395;
12698 : 54347;
12699 : 54347;
12700 : 54347;
12701 : 54347;
12702 : 54315;
12703 : 54315;
12704 : 52234;
12705 : 50154;
12706 : 43881;
12707 : 39752;
12708 : 56459;
12709 : 62732;
12710 : 64911;
12711 : 65075;
12712 : 64976;
12713 : 64812;
12714 : 64844;
12715 : 64812;
12716 : 64845;
12717 : 64845;
12718 : 64845;
12719 : 62732;
12720 : 56459;
12721 : 56459;
12722 : 56459;
12723 : 56459;
12724 : 41930;
12725 : 54834;
12726 : 56947;
12727 : 56915;
12728 : 56914;
12729 : 56915;
12730 : 56915;
12731 : 56915;
12732 : 56915;
12733 : 56915;
12734 : 56914;
12735 : 56915;
12736 : 56947;
12737 : 56914;
12738 : 56947;
12739 : 56915;
12740 : 56915;
12741 : 56914;
12742 : 56914;
12743 : 56915;
12744 : 56915;
12745 : 56915;
12746 : 56947;
12747 : 56915;
12748 : 56915;
12749 : 56915;
12750 : 56914;
12751 : 56947;
12752 : 48300;
12753 : 56458;
12754 : 62764;
12755 : 64845;
12756 : 64845;
12757 : 64845;
12758 : 64877;
12759 : 64877;
12760 : 64877;
12761 : 64877;
12762 : 64877;
12763 : 64877;
12764 : 64877;
12765 : 64877;
12766 : 54444;
12767 : 57018;
12768 : 65535;
12769 : 65535;
12770 : 65535;
12771 : 65535;
12772 : 65535;
12773 : 65535;
12774 : 65535;
12775 : 65535;
12776 : 65535;
12777 : 52825;
12778 : 41997;
12779 : 50121;
12780 : 50122;
12781 : 33577;
12782 : 33807;
12783 : 63390;
12784 : 65535;
12785 : 65535;
12786 : 65535;
12787 : 65535;
12788 : 65535;
12789 : 65535;
12790 : 65535;
12791 : 65535;
12792 : 65535;
12793 : 65535;
12794 : 65535;
12795 : 65535;
12796 : 65535;
12797 : 65535;
12798 : 65535;
12799 : 65535;
12800 : 65535;
12801 : 65535;
12802 : 65535;
12803 : 65535;
12804 : 65535;
12805 : 65535;
12806 : 65535;
12807 : 65535;
12808 : 65535;
12809 : 65535;
12810 : 65535;
12811 : 65535;
12812 : 65535;
12813 : 65535;
12814 : 65535;
12815 : 52759;
12816 : 48073;
12817 : 56395;
12818 : 56395;
12819 : 56395;
12820 : 56427;
12821 : 56427;
12822 : 56427;
12823 : 56427;
12824 : 56427;
12825 : 56395;
12826 : 54347;
12827 : 54347;
12828 : 54347;
12829 : 54315;
12830 : 52234;
12831 : 50154;
12832 : 48074;
12833 : 48074;
12834 : 39720;
12835 : 43945;
12836 : 56459;
12837 : 60651;
12838 : 64845;
12839 : 64943;
12840 : 64845;
12841 : 64844;
12842 : 64844;
12843 : 64845;
12844 : 64845;
12845 : 64845;
12846 : 62764;
12847 : 58539;
12848 : 56459;
12849 : 56459;
12850 : 56459;
12851 : 52266;
12852 : 46318;
12853 : 59027;
12854 : 56947;
12855 : 56915;
12856 : 56915;
12857 : 56915;
12858 : 56914;
12859 : 56915;
12860 : 56947;
12861 : 56915;
12862 : 56915;
12863 : 56914;
12864 : 56915;
12865 : 56947;
12866 : 56914;
12867 : 56915;
12868 : 56915;
12869 : 56915;
12870 : 56915;
12871 : 56915;
12872 : 56915;
12873 : 56947;
12874 : 56947;
12875 : 56947;
12876 : 56914;
12877 : 56947;
12878 : 56947;
12879 : 50543;
12880 : 52298;
12881 : 58539;
12882 : 62765;
12883 : 64877;
12884 : 64877;
12885 : 64877;
12886 : 64877;
12887 : 64877;
12888 : 64877;
12889 : 64877;
12890 : 64877;
12891 : 64845;
12892 : 64845;
12893 : 64877;
12894 : 62764;
12895 : 44176;
12896 : 65535;
12897 : 65535;
12898 : 65535;
12899 : 65535;
12900 : 65535;
12901 : 65535;
12902 : 61310;
12903 : 48598;
12904 : 42030;
12905 : 48073;
12906 : 54314;
12907 : 50122;
12908 : 35658;
12909 : 31693;
12910 : 52824;
12911 : 65535;
12912 : 65535;
12913 : 65535;
12914 : 65535;
12915 : 65535;
12916 : 65535;
12917 : 65535;
12918 : 65535;
12919 : 65535;
12920 : 65535;
12921 : 65535;
12922 : 65535;
12923 : 65535;
12924 : 65535;
12925 : 65535;
12926 : 65535;
12927 : 65535;
12928 : 65535;
12929 : 65535;
12930 : 65535;
12931 : 65535;
12932 : 65535;
12933 : 65535;
12934 : 65535;
12935 : 65535;
12936 : 65535;
12937 : 65535;
12938 : 65535;
12939 : 65535;
12940 : 65535;
12941 : 65535;
12942 : 65535;
12943 : 44176;
12944 : 52202;
12945 : 54347;
12946 : 56395;
12947 : 56395;
12948 : 56427;
12949 : 56427;
12950 : 56427;
12951 : 56427;
12952 : 56427;
12953 : 56395;
12954 : 54315;
12955 : 52267;
12956 : 50186;
12957 : 48106;
12958 : 48074;
12959 : 45994;
12960 : 45994;
12961 : 48074;
12962 : 37640;
12963 : 50186;
12964 : 54379;
12965 : 52298;
12966 : 62732;
12967 : 64812;
12968 : 64812;
12969 : 64844;
12970 : 64812;
12971 : 64845;
12972 : 64845;
12973 : 62732;
12974 : 58539;
12975 : 56459;
12976 : 56459;
12977 : 56459;
12978 : 56459;
12979 : 41930;
12980 : 54802;
12981 : 56947;
12982 : 56946;
12983 : 56915;
12984 : 56947;
12985 : 56947;
12986 : 56947;
12987 : 56947;
12988 : 56915;
12989 : 56914;
12990 : 56914;
12991 : 56914;
12992 : 56915;
12993 : 56915;
12994 : 56915;
12995 : 56915;
12996 : 56914;
12997 : 56914;
12998 : 56914;
12999 : 56915;
13000 : 56947;
13001 : 56914;
13002 : 56915;
13003 : 56947;
13004 : 56914;
13005 : 56947;
13006 : 54802;
13007 : 50251;
13008 : 56459;
13009 : 56459;
13010 : 62765;
13011 : 64877;
13012 : 64877;
13013 : 64877;
13014 : 64877;
13015 : 64877;
13016 : 64877;
13017 : 64845;
13018 : 64845;
13019 : 64845;
13020 : 64845;
13021 : 64877;
13022 : 64845;
13023 : 41898;
13024 : 59229;
13025 : 65535;
13026 : 63423;
13027 : 59196;
13028 : 50712;
13029 : 42128;
13030 : 41899;
13031 : 48041;
13032 : 56362;
13033 : 54314;
13034 : 48041;
13035 : 35658;
13036 : 35886;
13037 : 38033;
13038 : 65535;
13039 : 65535;
13040 : 65535;
13041 : 65535;
13042 : 65535;
13043 : 65535;
13044 : 65535;
13045 : 65535;
13046 : 65535;
13047 : 65535;
13048 : 65535;
13049 : 65535;
13050 : 65535;
13051 : 65535;
13052 : 65535;
13053 : 65535;
13054 : 65535;
13055 : 65535;
13056 : 65535;
13057 : 65535;
13058 : 65535;
13059 : 65535;
13060 : 65535;
13061 : 65535;
13062 : 65535;
13063 : 65535;
13064 : 65535;
13065 : 65535;
13066 : 65535;
13067 : 65535;
13068 : 65535;
13069 : 65535;
13070 : 65503;
13071 : 41965;
13072 : 50154;
13073 : 54314;
13074 : 56395;
13075 : 56395;
13076 : 56427;
13077 : 56427;
13078 : 56427;
13079 : 56395;
13080 : 54315;
13081 : 52234;
13082 : 50154;
13083 : 48074;
13084 : 45994;
13085 : 45994;
13086 : 45994;
13087 : 45994;
13088 : 45994;
13089 : 48042;
13090 : 37640;
13091 : 54379;
13092 : 54379;
13093 : 45993;
13094 : 62700;
13095 : 64812;
13096 : 64812;
13097 : 64844;
13098 : 64812;
13099 : 64845;
13100 : 62732;
13101 : 56491;
13102 : 56459;
13103 : 56459;
13104 : 56459;
13105 : 56459;
13106 : 48105;
13107 : 48431;
13108 : 58995;
13109 : 56915;
13110 : 56947;
13111 : 56947;
13112 : 56947;
13113 : 56947;
13114 : 56947;
13115 : 56914;
13116 : 56914;
13117 : 54834;
13118 : 56914;
13119 : 56914;
13120 : 56915;
13121 : 56915;
13122 : 56915;
13123 : 56915;
13124 : 56915;
13125 : 56915;
13126 : 56915;
13127 : 56915;
13128 : 56947;
13129 : 56914;
13130 : 56915;
13131 : 56947;
13132 : 56947;
13133 : 54866;
13134 : 46220;
13135 : 56426;
13136 : 56459;
13137 : 56459;
13138 : 62764;
13139 : 64877;
13140 : 64877;
13141 : 64877;
13142 : 64877;
13143 : 64877;
13144 : 64845;
13145 : 64845;
13146 : 64878;
13147 : 64944;
13148 : 64845;
13149 : 64877;
13150 : 62797;
13151 : 43913;
13152 : 35822;
13153 : 44143;
13154 : 46124;
13155 : 48106;
13156 : 50121;
13157 : 54282;
13158 : 56394;
13159 : 54314;
13160 : 50154;
13161 : 43913;
13162 : 35723;
13163 : 37999;
13164 : 33773;
13165 : 57051;
13166 : 65535;
13167 : 65535;
13168 : 65535;
13169 : 65535;
13170 : 65535;
13171 : 65535;
13172 : 65535;
13173 : 65535;
13174 : 65535;
13175 : 65535;
13176 : 65535;
13177 : 65535;
13178 : 65535;
13179 : 65535;
13180 : 65535;
13181 : 65535;
13182 : 65535;
13183 : 65535;
13184 : 65535;
13185 : 65535;
13186 : 65535;
13187 : 65535;
13188 : 65535;
13189 : 65535;
13190 : 65535;
13191 : 65535;
13192 : 65535;
13193 : 65535;
13194 : 65535;
13195 : 65535;
13196 : 65535;
13197 : 65535;
13198 : 59229;
13199 : 35625;
13200 : 48074;
13201 : 50154;
13202 : 52234;
13203 : 54314;
13204 : 54315;
13205 : 54314;
13206 : 52266;
13207 : 50154;
13208 : 48074;
13209 : 48074;
13210 : 45994;
13211 : 45994;
13212 : 45994;
13213 : 45994;
13214 : 45994;
13215 : 45994;
13216 : 45994;
13217 : 45994;
13218 : 41832;
13219 : 54411;
13220 : 54379;
13221 : 41864;
13222 : 58571;
13223 : 62731;
13224 : 62732;
13225 : 64844;
13226 : 64813;
13227 : 60652;
13228 : 56459;
13229 : 56459;
13230 : 56459;
13231 : 54411;
13232 : 56459;
13233 : 52266;
13234 : 44140;
13235 : 56947;
13236 : 56914;
13237 : 56914;
13238 : 56947;
13239 : 56947;
13240 : 56914;
13241 : 56914;
13242 : 56914;
13243 : 54834;
13244 : 54834;
13245 : 54834;
13246 : 54834;
13247 : 54834;
13248 : 56914;
13249 : 56915;
13250 : 56947;
13251 : 56947;
13252 : 56947;
13253 : 56947;
13254 : 56914;
13255 : 56914;
13256 : 56915;
13257 : 56915;
13258 : 56914;
13259 : 58995;
13260 : 56914;
13261 : 39947;
13262 : 52298;
13263 : 56459;
13264 : 56459;
13265 : 56459;
13266 : 60652;
13267 : 64877;
13268 : 64877;
13269 : 64877;
13270 : 64877;
13271 : 64877;
13272 : 64845;
13273 : 64845;
13274 : 64845;
13275 : 64977;
13276 : 64878;
13277 : 64877;
13278 : 62797;
13279 : 37671;
13280 : 48008;
13281 : 58442;
13282 : 56394;
13283 : 56395;
13284 : 54347;
13285 : 52234;
13286 : 50154;
13287 : 48042;
13288 : 37705;
13289 : 35788;
13290 : 40111;
13291 : 35886;
13292 : 44372;
13293 : 65535;
13294 : 65535;
13295 : 65535;
13296 : 65535;
13297 : 65535;
13298 : 65535;
13299 : 65535;
13300 : 65535;
13301 : 65535;
13302 : 65535;
13303 : 65535;
13304 : 65535;
13305 : 65535;
13306 : 65535;
13307 : 65535;
13308 : 65535;
13309 : 65535;
13310 : 65535;
13311 : 65535;
13312 : 65535;
13313 : 65535;
13314 : 65535;
13315 : 65535;
13316 : 65535;
13317 : 65535;
13318 : 65535;
13319 : 65535;
13320 : 65535;
13321 : 65535;
13322 : 65535;
13323 : 65535;
13324 : 65535;
13325 : 65535;
13326 : 59229;
13327 : 37674;
13328 : 48074;
13329 : 45994;
13330 : 48074;
13331 : 48074;
13332 : 48074;
13333 : 48074;
13334 : 48074;
13335 : 45994;
13336 : 45994;
13337 : 45994;
13338 : 45994;
13339 : 45994;
13340 : 45994;
13341 : 45994;
13342 : 45994;
13343 : 45994;
13344 : 48074;
13345 : 43881;
13346 : 43945;
13347 : 54411;
13348 : 54379;
13349 : 48106;
13350 : 54379;
13351 : 60619;
13352 : 58539;
13353 : 60652;
13354 : 58571;
13355 : 56459;
13356 : 54411;
13357 : 54379;
13358 : 54379;
13359 : 54411;
13360 : 52298;
13361 : 41995;
13362 : 54834;
13363 : 56915;
13364 : 56915;
13365 : 56947;
13366 : 56947;
13367 : 56947;
13368 : 56914;
13369 : 56914;
13370 : 56882;
13371 : 54834;
13372 : 54834;
13373 : 54834;
13374 : 54834;
13375 : 54834;
13376 : 56914;
13377 : 56915;
13378 : 56915;
13379 : 56915;
13380 : 56915;
13381 : 56915;
13382 : 56915;
13383 : 56915;
13384 : 56915;
13385 : 56915;
13386 : 58995;
13387 : 54834;
13388 : 42027;
13389 : 52298;
13390 : 56459;
13391 : 56459;
13392 : 56459;
13393 : 56459;
13394 : 58539;
13395 : 62764;
13396 : 64877;
13397 : 64877;
13398 : 64877;
13399 : 64845;
13400 : 64845;
13401 : 62732;
13402 : 62732;
13403 : 64878;
13404 : 64878;
13405 : 64877;
13406 : 62732;
13407 : 39719;
13408 : 45993;
13409 : 52266;
13410 : 50154;
13411 : 50154;
13412 : 50154;
13413 : 48041;
13414 : 39753;
13415 : 33610;
13416 : 35918;
13417 : 40112;
13418 : 35918;
13419 : 38000;
13420 : 63422;
13421 : 65535;
13422 : 65535;
13423 : 65535;
13424 : 65535;
13425 : 65535;
13426 : 65535;
13427 : 65535;
13428 : 65535;
13429 : 65535;
13430 : 65535;
13431 : 65535;
13432 : 65535;
13433 : 65535;
13434 : 65535;
13435 : 65535;
13436 : 65535;
13437 : 65535;
13438 : 65535;
13439 : 65535;
13440 : 65535;
13441 : 65535;
13442 : 65535;
13443 : 65535;
13444 : 65535;
13445 : 65535;
13446 : 65535;
13447 : 65535;
13448 : 65535;
13449 : 65535;
13450 : 65535;
13451 : 65535;
13452 : 65535;
13453 : 65535;
13454 : 65503;
13455 : 33611;
13456 : 45993;
13457 : 45994;
13458 : 48074;
13459 : 48074;
13460 : 48074;
13461 : 48042;
13462 : 45994;
13463 : 45994;
13464 : 45994;
13465 : 45994;
13466 : 45994;
13467 : 45994;
13468 : 45994;
13469 : 45994;
13470 : 45994;
13471 : 48042;
13472 : 48074;
13473 : 41801;
13474 : 48106;
13475 : 54411;
13476 : 54379;
13477 : 52299;
13478 : 54379;
13479 : 54411;
13480 : 54379;
13481 : 54379;
13482 : 56459;
13483 : 48105;
13484 : 52298;
13485 : 54379;
13486 : 54379;
13487 : 52298;
13488 : 41995;
13489 : 52689;
13490 : 56915;
13491 : 56915;
13492 : 56947;
13493 : 56947;
13494 : 56947;
13495 : 56947;
13496 : 56914;
13497 : 56882;
13498 : 54834;
13499 : 54834;
13500 : 54834;
13501 : 54834;
13502 : 54834;
13503 : 54834;
13504 : 56882;
13505 : 56914;
13506 : 56915;
13507 : 56914;
13508 : 56914;
13509 : 56914;
13510 : 56914;
13511 : 56914;
13512 : 56947;
13513 : 59027;
13514 : 48528;
13515 : 27303;
13516 : 41832;
13517 : 54379;
13518 : 56491;
13519 : 56459;
13520 : 56459;
13521 : 56459;
13522 : 56459;
13523 : 58571;
13524 : 64845;
13525 : 64877;
13526 : 64845;
13527 : 64845;
13528 : 64845;
13529 : 62731;
13530 : 54378;
13531 : 60651;
13532 : 64845;
13533 : 64812;
13534 : 56426;
13535 : 43912;
13536 : 43881;
13537 : 50154;
13538 : 48074;
13539 : 45961;
13540 : 37673;
13541 : 33643;
13542 : 35886;
13543 : 40111;
13544 : 40111;
13545 : 35853;
13546 : 35887;
13547 : 61277;
13548 : 65535;
13549 : 65535;
13550 : 65535;
13551 : 65535;
13552 : 65535;
13553 : 65535;
13554 : 65535;
13555 : 65535;
13556 : 65535;
13557 : 65535;
13558 : 65535;
13559 : 65535;
13560 : 65535;
13561 : 65535;
13562 : 65535;
13563 : 65535;
13564 : 65535;
13565 : 65535;
13566 : 65535;
13567 : 65535;
13568 : 65535;
13569 : 65535;
13570 : 65535;
13571 : 65535;
13572 : 65535;
13573 : 65535;
13574 : 65535;
13575 : 65535;
13576 : 65535;
13577 : 65535;
13578 : 65535;
13579 : 65535;
13580 : 65535;
13581 : 65535;
13582 : 65535;
13583 : 35888;
13584 : 39688;
13585 : 48074;
13586 : 45994;
13587 : 45994;
13588 : 45994;
13589 : 45994;
13590 : 45994;
13591 : 45994;
13592 : 45994;
13593 : 45994;
13594 : 45994;
13595 : 45994;
13596 : 48042;
13597 : 48074;
13598 : 48074;
13599 : 45994;
13600 : 41833;
13601 : 31432;
13602 : 52266;
13603 : 54379;
13604 : 54379;
13605 : 54379;
13606 : 54379;
13607 : 54379;
13608 : 54379;
13609 : 56459;
13610 : 52266;
13611 : 48106;
13612 : 54379;
13613 : 54379;
13614 : 54346;
13615 : 33576;
13616 : 44271;
13617 : 52689;
13618 : 52721;
13619 : 54834;
13620 : 56914;
13621 : 56914;
13622 : 56946;
13623 : 56947;
13624 : 56914;
13625 : 54834;
13626 : 54834;
13627 : 54834;
13628 : 54834;
13629 : 54834;
13630 : 54834;
13631 : 54834;
13632 : 56914;
13633 : 56914;
13634 : 56914;
13635 : 56914;
13636 : 56882;
13637 : 54834;
13638 : 56914;
13639 : 56947;
13640 : 52721;
13641 : 37932;
13642 : 29319;
13643 : 41768;
13644 : 39720;
13645 : 35559;
13646 : 43945;
13647 : 54378;
13648 : 56491;
13649 : 56459;
13650 : 56459;
13651 : 56459;
13652 : 60619;
13653 : 64845;
13654 : 64845;
13655 : 64845;
13656 : 64845;
13657 : 62731;
13658 : 50185;
13659 : 54346;
13660 : 60619;
13661 : 58539;
13662 : 52298;
13663 : 45993;
13664 : 39720;
13665 : 39786;
13666 : 35690;
13667 : 33708;
13668 : 35886;
13669 : 40111;
13670 : 40111;
13671 : 37998;
13672 : 31660;
13673 : 42259;
13674 : 63422;
13675 : 65535;
13676 : 65535;
13677 : 65535;
13678 : 65535;
13679 : 65535;
13680 : 65535;
13681 : 65535;
13682 : 65535;
13683 : 65535;
13684 : 65535;
13685 : 65535;
13686 : 65535;
13687 : 65535;
13688 : 65535;
13689 : 65535;
13690 : 65535;
13691 : 65535;
13692 : 65535;
13693 : 65535;
13694 : 65535;
13695 : 65535;
13696 : 65535;
13697 : 65535;
13698 : 65535;
13699 : 65535;
13700 : 65535;
13701 : 65535;
13702 : 65535;
13703 : 65535;
13704 : 65535;
13705 : 65535;
13706 : 65535;
13707 : 65535;
13708 : 65535;
13709 : 65535;
13710 : 65535;
13711 : 54971;
13712 : 29384;
13713 : 43913;
13714 : 48074;
13715 : 48074;
13716 : 48042;
13717 : 45994;
13718 : 48042;
13719 : 48042;
13720 : 48042;
13721 : 48074;
13722 : 48042;
13723 : 48042;
13724 : 45961;
13725 : 39721;
13726 : 35625;
13727 : 35723;
13728 : 40046;
13729 : 35723;
13730 : 54346;
13731 : 54379;
13732 : 54379;
13733 : 54379;
13734 : 54379;
13735 : 54379;
13736 : 54411;
13737 : 56459;
13738 : 54379;
13739 : 54379;
13740 : 54379;
13741 : 54379;
13742 : 37737;
13743 : 33771;
13744 : 33739;
13745 : 42158;
13746 : 50544;
13747 : 52689;
13748 : 54769;
13749 : 54802;
13750 : 56882;
13751 : 56914;
13752 : 56914;
13753 : 54834;
13754 : 54834;
13755 : 54834;
13756 : 54834;
13757 : 54834;
13758 : 54834;
13759 : 54834;
13760 : 54834;
13761 : 54834;
13762 : 54834;
13763 : 54835;
13764 : 56915;
13765 : 56915;
13766 : 52689;
13767 : 40077;
13768 : 29579;
13769 : 33773;
13770 : 35821;
13771 : 35723;
13772 : 39785;
13773 : 45961;
13774 : 41800;
13775 : 37639;
13776 : 48073;
13777 : 56459;
13778 : 56491;
13779 : 56459;
13780 : 56459;
13781 : 58571;
13782 : 64845;
13783 : 64845;
13784 : 64812;
13785 : 62699;
13786 : 56459;
13787 : 54379;
13788 : 56459;
13789 : 56459;
13790 : 54378;
13791 : 41865;
13792 : 31693;
13793 : 37999;
13794 : 38031;
13795 : 40080;
13796 : 40079;
13797 : 38031;
13798 : 33773;
13799 : 33774;
13800 : 52857;
13801 : 65535;
13802 : 65535;
13803 : 65535;
13804 : 65535;
13805 : 65535;
13806 : 65535;
13807 : 65535;
13808 : 65535;
13809 : 65535;
13810 : 65535;
13811 : 65535;
13812 : 65535;
13813 : 65535;
13814 : 65535;
13815 : 65535;
13816 : 65535;
13817 : 65535;
13818 : 65535;
13819 : 65535;
13820 : 65535;
13821 : 65535;
13822 : 65535;
13823 : 65535;
13824 : 65535;
13825 : 65535;
13826 : 65535;
13827 : 65535;
13828 : 65535;
13829 : 65535;
13830 : 65535;
13831 : 65535;
13832 : 65535;
13833 : 65535;
13834 : 65535;
13835 : 65535;
13836 : 65535;
13837 : 65535;
13838 : 65535;
13839 : 65535;
13840 : 42259;
13841 : 33675;
13842 : 37705;
13843 : 41833;
13844 : 45961;
13845 : 45994;
13846 : 45961;
13847 : 43913;
13848 : 43913;
13849 : 41865;
13850 : 39786;
13851 : 37738;
13852 : 35723;
13853 : 37901;
13854 : 42159;
13855 : 44272;
13856 : 44272;
13857 : 31529;
13858 : 54379;
13859 : 54379;
13860 : 54379;
13861 : 54379;
13862 : 54379;
13863 : 54411;
13864 : 56459;
13865 : 54379;
13866 : 54379;
13867 : 54379;
13868 : 56459;
13869 : 41865;
13870 : 40078;
13871 : 50641;
13872 : 48528;
13873 : 44270;
13874 : 40045;
13875 : 42125;
13876 : 42190;
13877 : 44303;
13878 : 48496;
13879 : 52689;
13880 : 52722;
13881 : 54802;
13882 : 54834;
13883 : 54834;
13884 : 54802;
13885 : 54834;
13886 : 54834;
13887 : 54834;
13888 : 54835;
13889 : 54835;
13890 : 54834;
13891 : 52689;
13892 : 44303;
13893 : 35852;
13894 : 29579;
13895 : 33773;
13896 : 40079;
13897 : 40079;
13898 : 40111;
13899 : 38031;
13900 : 35918;
13901 : 33740;
13902 : 35723;
13903 : 37706;
13904 : 31399;
13905 : 27206;
13906 : 50186;
13907 : 56459;
13908 : 56459;
13909 : 56459;
13910 : 58571;
13911 : 62732;
13912 : 60619;
13913 : 60651;
13914 : 56459;
13915 : 56459;
13916 : 56459;
13917 : 56459;
13918 : 56459;
13919 : 39850;
13920 : 38031;
13921 : 38031;
13922 : 38031;
13923 : 38031;
13924 : 35885;
13925 : 33774;
13926 : 46518;
13927 : 63422;
13928 : 65535;
13929 : 65535;
13930 : 65535;
13931 : 65535;
13932 : 65535;
13933 : 65535;
13934 : 65535;
13935 : 65535;
13936 : 65535;
13937 : 65535;
13938 : 65535;
13939 : 65535;
13940 : 65535;
13941 : 65535;
13942 : 65535;
13943 : 65535;
13944 : 65535;
13945 : 65535;
13946 : 65535;
13947 : 65535;
13948 : 65535;
13949 : 65535;
13950 : 65535;
13951 : 65535;
13952 : 65535;
13953 : 65535;
13954 : 65535;
13955 : 65535;
13956 : 65535;
13957 : 65535;
13958 : 65535;
13959 : 65535;
13960 : 65535;
13961 : 65535;
13962 : 65535;
13963 : 65535;
13964 : 65535;
13965 : 65535;
13966 : 65535;
13967 : 65535;
13968 : 59229;
13969 : 37934;
13970 : 42191;
13971 : 37933;
13972 : 37868;
13973 : 37836;
13974 : 37868;
13975 : 39981;
13976 : 40014;
13977 : 42126;
13978 : 42159;
13979 : 44272;
13980 : 44272;
13981 : 44272;
13982 : 44272;
13983 : 44240;
13984 : 42192;
13985 : 33544;
13986 : 54379;
13987 : 54379;
13988 : 54379;
13989 : 54411;
13990 : 56459;
13991 : 56459;
13992 : 56459;
13993 : 54379;
13994 : 54379;
13995 : 54379;
13996 : 54347;
13997 : 29383;
13998 : 48529;
13999 : 50609;
14000 : 50609;
14001 : 52689;
14002 : 52689;
14003 : 50609;
14004 : 46383;
14005 : 40077;
14006 : 35852;
14007 : 35820;
14008 : 37932;
14009 : 37965;
14010 : 42158;
14011 : 44303;
14012 : 50609;
14013 : 50609;
14014 : 48464;
14015 : 44270;
14016 : 35852;
14017 : 31626;
14018 : 25353;
14019 : 27466;
14020 : 29612;
14021 : 35886;
14022 : 37999;
14023 : 38031;
14024 : 38031;
14025 : 38031;
14026 : 38031;
14027 : 40079;
14028 : 40079;
14029 : 40111;
14030 : 38063;
14031 : 38031;
14032 : 37966;
14033 : 33806;
14034 : 31530;
14035 : 54346;
14036 : 56459;
14037 : 56459;
14038 : 56459;
14039 : 56459;
14040 : 56459;
14041 : 56491;
14042 : 56459;
14043 : 56459;
14044 : 56459;
14045 : 56459;
14046 : 56459;
14047 : 39850;
14048 : 40111;
14049 : 40111;
14050 : 35886;
14051 : 35886;
14052 : 46486;
14053 : 61310;
14054 : 65535;
14055 : 65535;
14056 : 65535;
14057 : 65535;
14058 : 65535;
14059 : 65535;
14060 : 65535;
14061 : 65535;
14062 : 65535;
14063 : 65535;
14064 : 65535;
14065 : 65535;
14066 : 65535;
14067 : 65535;
14068 : 65535;
14069 : 65535;
14070 : 65535;
14071 : 65535;
14072 : 65535;
14073 : 65535;
14074 : 65535;
14075 : 65535;
14076 : 65535;
14077 : 65535;
14078 : 65535;
14079 : 65535;
14080 : 65535;
14081 : 65535;
14082 : 65535;
14083 : 65535;
14084 : 65535;
14085 : 65535;
14086 : 65535;
14087 : 65535;
14088 : 65535;
14089 : 65535;
14090 : 65535;
14091 : 65535;
14092 : 65535;
14093 : 65535;
14094 : 65535;
14095 : 65535;
14096 : 65535;
14097 : 46485;
14098 : 40046;
14099 : 44272;
14100 : 44272;
14101 : 44272;
14102 : 44272;
14103 : 44272;
14104 : 44272;
14105 : 44272;
14106 : 44272;
14107 : 44240;
14108 : 44240;
14109 : 44240;
14110 : 44240;
14111 : 44272;
14112 : 42159;
14113 : 37737;
14114 : 56459;
14115 : 54379;
14116 : 54379;
14117 : 56459;
14118 : 56459;
14119 : 56459;
14120 : 54379;
14121 : 54379;
14122 : 54379;
14123 : 54379;
14124 : 50186;
14125 : 35689;
14126 : 50609;
14127 : 50577;
14128 : 50609;
14129 : 52657;
14130 : 52657;
14131 : 52657;
14132 : 52689;
14133 : 52689;
14134 : 52689;
14135 : 50609;
14136 : 48496;
14137 : 48464;
14138 : 48496;
14139 : 48463;
14140 : 48464;
14141 : 42158;
14142 : 31659;
14143 : 33774;
14144 : 40147;
14145 : 50745;
14146 : 48631;
14147 : 40114;
14148 : 33774;
14149 : 33773;
14150 : 35886;
14151 : 37999;
14152 : 40079;
14153 : 40079;
14154 : 38031;
14155 : 38031;
14156 : 38031;
14157 : 38031;
14158 : 38031;
14159 : 40079;
14160 : 40079;
14161 : 40112;
14162 : 33773;
14163 : 48105;
14164 : 56459;
14165 : 56459;
14166 : 56459;
14167 : 56459;
14168 : 56459;
14169 : 56459;
14170 : 56459;
14171 : 56459;
14172 : 56459;
14173 : 56459;
14174 : 56427;
14175 : 39915;
14176 : 40046;
14177 : 35886;
14178 : 46453;
14179 : 63390;
14180 : 65535;
14181 : 65535;
14182 : 65535;
14183 : 65535;
14184 : 65535;
14185 : 65535;
14186 : 65535;
14187 : 65535;
14188 : 65535;
14189 : 65535;
14190 : 65535;
14191 : 65535;
14192 : 65535;
14193 : 65535;
14194 : 65535;
14195 : 65535;
14196 : 65535;
14197 : 65535;
14198 : 65535;
14199 : 65535;
14200 : 65535;
14201 : 65535;
14202 : 65535;
14203 : 65535;
14204 : 65535;
14205 : 65535;
14206 : 65535;
14207 : 65535;
14208 : 65535;
14209 : 65535;
14210 : 65535;
14211 : 65535;
14212 : 65535;
14213 : 65535;
14214 : 65535;
14215 : 65535;
14216 : 65535;
14217 : 65535;
14218 : 65535;
14219 : 65535;
14220 : 65535;
14221 : 65535;
14222 : 65535;
14223 : 65535;
14224 : 65535;
14225 : 65503;
14226 : 42258;
14227 : 42126;
14228 : 44272;
14229 : 44240;
14230 : 44240;
14231 : 44240;
14232 : 44240;
14233 : 44240;
14234 : 44240;
14235 : 44240;
14236 : 44240;
14237 : 44240;
14238 : 44240;
14239 : 44272;
14240 : 40079;
14241 : 43945;
14242 : 54379;
14243 : 54379;
14244 : 56459;
14245 : 56459;
14246 : 56459;
14247 : 56459;
14248 : 54379;
14249 : 54379;
14250 : 54379;
14251 : 54379;
14252 : 54346;
14253 : 42027;
14254 : 50609;
14255 : 50577;
14256 : 50609;
14257 : 52657;
14258 : 52689;
14259 : 52689;
14260 : 52689;
14261 : 50609;
14262 : 50576;
14263 : 48496;
14264 : 46383;
14265 : 42190;
14266 : 40078;
14267 : 40112;
14268 : 46452;
14269 : 52824;
14270 : 59196;
14271 : 65535;
14272 : 65535;
14273 : 65535;
14274 : 65535;
14275 : 65535;
14276 : 61277;
14277 : 48631;
14278 : 38033;
14279 : 33806;
14280 : 31693;
14281 : 35854;
14282 : 37999;
14283 : 38031;
14284 : 40079;
14285 : 40079;
14286 : 40079;
14287 : 40079;
14288 : 38031;
14289 : 40079;
14290 : 35919;
14291 : 41897;
14292 : 56459;
14293 : 56459;
14294 : 56459;
14295 : 56459;
14296 : 56459;
14297 : 56459;
14298 : 56459;
14299 : 56459;
14300 : 56459;
14301 : 56459;
14302 : 54378;
14303 : 33675;
14304 : 46485;
14305 : 63390;
14306 : 65535;
14307 : 65535;
14308 : 65535;
14309 : 65535;
14310 : 65535;
14311 : 65535;
14312 : 65535;
14313 : 65535;
14314 : 65535;
14315 : 65535;
14316 : 65535;
14317 : 65535;
14318 : 65535;
14319 : 65535;
14320 : 65535;
14321 : 65535;
14322 : 65535;
14323 : 65535;
14324 : 65535;
14325 : 65535;
14326 : 65535;
14327 : 65535;
14328 : 65535;
14329 : 65535;
14330 : 65535;
14331 : 65535;
14332 : 65535;
14333 : 65535;
14334 : 65535;
14335 : 65535;
14336 : 65535;
14337 : 65535;
14338 : 65535;
14339 : 65535;
14340 : 65535;
14341 : 65535;
14342 : 65535;
14343 : 65535;
14344 : 65535;
14345 : 65535;
14346 : 65535;
14347 : 65535;
14348 : 65535;
14349 : 65535;
14350 : 65535;
14351 : 65535;
14352 : 65535;
14353 : 65535;
14354 : 63423;
14355 : 42258;
14356 : 42126;
14357 : 44272;
14358 : 44240;
14359 : 44240;
14360 : 44240;
14361 : 44240;
14362 : 44240;
14363 : 44240;
14364 : 44240;
14365 : 44240;
14366 : 44240;
14367 : 44272;
14368 : 37933;
14369 : 48105;
14370 : 50186;
14371 : 56459;
14372 : 56459;
14373 : 56459;
14374 : 56459;
14375 : 56459;
14376 : 54379;
14377 : 54379;
14378 : 54379;
14379 : 54379;
14380 : 54346;
14381 : 42060;
14382 : 50609;
14383 : 50609;
14384 : 50576;
14385 : 48464;
14386 : 44271;
14387 : 42190;
14388 : 40078;
14389 : 40079;
14390 : 40145;
14391 : 44339;
14392 : 48598;
14393 : 52857;
14394 : 59196;
14395 : 65535;
14396 : 65535;
14397 : 65535;
14398 : 65535;
14399 : 65535;
14400 : 65535;
14401 : 65535;
14402 : 65535;
14403 : 65535;
14404 : 65535;
14405 : 65535;
14406 : 65535;
14407 : 63422;
14408 : 54970;
14409 : 46485;
14410 : 38033;
14411 : 33774;
14412 : 31693;
14413 : 33805;
14414 : 35886;
14415 : 37998;
14416 : 40079;
14417 : 40111;
14418 : 42191;
14419 : 37769;
14420 : 56459;
14421 : 56459;
14422 : 56459;
14423 : 54378;
14424 : 56427;
14425 : 56459;
14426 : 56459;
14427 : 56459;
14428 : 56459;
14429 : 56491;
14430 : 52265;
14431 : 46420;
14432 : 65535;
14433 : 65535;
14434 : 65535;
14435 : 65535;
14436 : 65535;
14437 : 65535;
14438 : 65535;
14439 : 65535;
14440 : 65535;
14441 : 65535;
14442 : 65535;
14443 : 65535;
14444 : 65535;
14445 : 65535;
14446 : 65535;
14447 : 65535;
14448 : 65535;
14449 : 65535;
14450 : 65535;
14451 : 65535;
14452 : 65535;
14453 : 65535;
14454 : 65535;
14455 : 65535;
14456 : 65535;
14457 : 65535;
14458 : 65535;
14459 : 65535;
14460 : 65535;
14461 : 65535;
14462 : 65535;
14463 : 65535;
14464 : 65535;
14465 : 65535;
14466 : 65535;
14467 : 65535;
14468 : 65535;
14469 : 65535;
14470 : 65535;
14471 : 65535;
14472 : 65535;
14473 : 65535;
14474 : 65535;
14475 : 65535;
14476 : 65535;
14477 : 65535;
14478 : 65535;
14479 : 65535;
14480 : 65535;
14481 : 65535;
14482 : 65535;
14483 : 63422;
14484 : 40113;
14485 : 40014;
14486 : 44272;
14487 : 44272;
14488 : 44272;
14489 : 44240;
14490 : 44240;
14491 : 44240;
14492 : 44240;
14493 : 44240;
14494 : 44272;
14495 : 44304;
14496 : 35755;
14497 : 58571;
14498 : 48073;
14499 : 56459;
14500 : 56459;
14501 : 56459;
14502 : 56459;
14503 : 56459;
14504 : 54379;
14505 : 54379;
14506 : 54379;
14507 : 54379;
14508 : 54379;
14509 : 31497;
14510 : 42191;
14511 : 40112;
14512 : 40145;
14513 : 42291;
14514 : 48566;
14515 : 52857;
14516 : 59164;
14517 : 63390;
14518 : 65535;
14519 : 65535;
14520 : 65535;
14521 : 65535;
14522 : 65535;
14523 : 65535;
14524 : 65535;
14525 : 65535;
14526 : 65535;
14527 : 65535;
14528 : 65535;
14529 : 65535;
14530 : 65535;
14531 : 65535;
14532 : 65535;
14533 : 65535;
14534 : 65535;
14535 : 65535;
14536 : 65535;
14537 : 65535;
14538 : 65535;
14539 : 63390;
14540 : 54970;
14541 : 48599;
14542 : 42259;
14543 : 40114;
14544 : 38033;
14545 : 40080;
14546 : 38032;
14547 : 31563;
14548 : 54346;
14549 : 56459;
14550 : 56459;
14551 : 52266;
14552 : 45993;
14553 : 43945;
14554 : 48105;
14555 : 54379;
14556 : 52298;
14557 : 45993;
14558 : 56458;
14559 : 46157;
14560 : 61309;
14561 : 65535;
14562 : 65535;
14563 : 65535;
14564 : 65535;
14565 : 65535;
14566 : 65535;
14567 : 65535;
14568 : 65535;
14569 : 65535;
14570 : 65535;
14571 : 65535;
14572 : 65535;
14573 : 65535;
14574 : 65535;
14575 : 65535;
14576 : 65535;
14577 : 65535;
14578 : 65535;
14579 : 65535;
14580 : 65535;
14581 : 65535;
14582 : 65535;
14583 : 65535;
14584 : 65535;
14585 : 65535;
14586 : 65535;
14587 : 65535;
14588 : 65535;
14589 : 65535;
14590 : 65535;
14591 : 65535;
14592 : 65535;
14593 : 65535;
14594 : 65535;
14595 : 65535;
14596 : 65535;
14597 : 65535;
14598 : 65535;
14599 : 65535;
14600 : 65535;
14601 : 65535;
14602 : 65535;
14603 : 65535;
14604 : 65535;
14605 : 65535;
14606 : 65535;
14607 : 65535;
14608 : 65535;
14609 : 65535;
14610 : 65535;
14611 : 65535;
14612 : 63455;
14613 : 44404;
14614 : 35885;
14615 : 44239;
14616 : 46352;
14617 : 44272;
14618 : 44272;
14619 : 44272;
14620 : 44271;
14621 : 44239;
14622 : 42126;
14623 : 35853;
14624 : 41898;
14625 : 64877;
14626 : 50185;
14627 : 52298;
14628 : 56459;
14629 : 56459;
14630 : 56459;
14631 : 54379;
14632 : 54379;
14633 : 54379;
14634 : 52298;
14635 : 48106;
14636 : 52298;
14637 : 42161;
14638 : 61310;
14639 : 65503;
14640 : 65535;
14641 : 65535;
14642 : 65535;
14643 : 65535;
14644 : 65535;
14645 : 65535;
14646 : 65535;
14647 : 65535;
14648 : 65535;
14649 : 65535;
14650 : 65535;
14651 : 65535;
14652 : 65535;
14653 : 65535;
14654 : 65535;
14655 : 65535;
14656 : 65535;
14657 : 65535;
14658 : 65535;
14659 : 65535;
14660 : 65535;
14661 : 65535;
14662 : 65535;
14663 : 65535;
14664 : 65535;
14665 : 65535;
14666 : 65535;
14667 : 65535;
14668 : 65535;
14669 : 65535;
14670 : 65535;
14671 : 65535;
14672 : 65535;
14673 : 65535;
14674 : 65535;
14675 : 52759;
14676 : 50186;
14677 : 56459;
14678 : 56459;
14679 : 56459;
14680 : 56459;
14681 : 54346;
14682 : 46025;
14683 : 48105;
14684 : 46025;
14685 : 50186;
14686 : 56491;
14687 : 54346;
14688 : 42062;
14689 : 65503;
14690 : 65535;
14691 : 65535;
14692 : 65535;
14693 : 65535;
14694 : 65535;
14695 : 65535;
14696 : 65535;
14697 : 65535;
14698 : 65535;
14699 : 65535;
14700 : 65535;
14701 : 65535;
14702 : 65535;
14703 : 65535;
14704 : 65535;
14705 : 65535;
14706 : 65535;
14707 : 65535;
14708 : 65535;
14709 : 65535;
14710 : 65535;
14711 : 65535;
14712 : 65535;
14713 : 65535;
14714 : 65535;
14715 : 65535;
14716 : 65535;
14717 : 65535;
14718 : 65535;
14719 : 65535;
14720 : 65535;
14721 : 65535;
14722 : 65535;
14723 : 65535;
14724 : 65535;
14725 : 65535;
14726 : 65535;
14727 : 65535;
14728 : 65535;
14729 : 65535;
14730 : 65535;
14731 : 65535;
14732 : 65535;
14733 : 65535;
14734 : 65535;
14735 : 65535;
14736 : 65535;
14737 : 65535;
14738 : 65535;
14739 : 65535;
14740 : 65535;
14741 : 65535;
14742 : 54970;
14743 : 38000;
14744 : 33740;
14745 : 33773;
14746 : 33740;
14747 : 31660;
14748 : 33773;
14749 : 37968;
14750 : 42259;
14751 : 42227;
14752 : 52331;
14753 : 64878;
14754 : 60684;
14755 : 45993;
14756 : 54379;
14757 : 56459;
14758 : 56459;
14759 : 56459;
14760 : 56459;
14761 : 56459;
14762 : 45993;
14763 : 52298;
14764 : 52265;
14765 : 48532;
14766 : 65535;
14767 : 65535;
14768 : 65535;
14769 : 65535;
14770 : 65535;
14771 : 65535;
14772 : 65535;
14773 : 65535;
14774 : 65535;
14775 : 65535;
14776 : 65535;
14777 : 65535;
14778 : 65535;
14779 : 65535;
14780 : 65535;
14781 : 65535;
14782 : 65535;
14783 : 65535;
14784 : 65535;
14785 : 65535;
14786 : 65535;
14787 : 65535;
14788 : 65535;
14789 : 65535;
14790 : 65535;
14791 : 65535;
14792 : 65535;
14793 : 65535;
14794 : 65535;
14795 : 65535;
14796 : 65535;
14797 : 65535;
14798 : 65535;
14799 : 65535;
14800 : 65535;
14801 : 65535;
14802 : 65535;
14803 : 54937;
14804 : 50186;
14805 : 56459;
14806 : 56459;
14807 : 56459;
14808 : 56459;
14809 : 56459;
14810 : 54346;
14811 : 56459;
14812 : 56459;
14813 : 56459;
14814 : 56458;
14815 : 58539;
14816 : 46025;
14817 : 52825;
14818 : 65535;
14819 : 65535;
14820 : 65535;
14821 : 65535;
14822 : 65535;
14823 : 65535;
14824 : 65535;
14825 : 65535;
14826 : 65535;
14827 : 65535;
14828 : 65535;
14829 : 65535;
14830 : 65535;
14831 : 65535;
14832 : 65535;
14833 : 65535;
14834 : 65535;
14835 : 65535;
14836 : 65535;
14837 : 65535;
14838 : 65535;
14839 : 65535;
14840 : 65535;
14841 : 65535;
14842 : 65535;
14843 : 65535;
14844 : 65535;
14845 : 65535;
14846 : 65535;
14847 : 65535;
14848 : 65535;
14849 : 65535;
14850 : 65535;
14851 : 65535;
14852 : 65535;
14853 : 65535;
14854 : 65535;
14855 : 65535;
14856 : 65535;
14857 : 65535;
14858 : 65535;
14859 : 65535;
14860 : 65535;
14861 : 65535;
14862 : 65535;
14863 : 65535;
14864 : 65535;
14865 : 65535;
14866 : 65535;
14867 : 65535;
14868 : 65535;
14869 : 65535;
14870 : 65535;
14871 : 65535;
14872 : 61309;
14873 : 59164;
14874 : 59164;
14875 : 61277;
14876 : 63422;
14877 : 65535;
14878 : 65535;
14879 : 50613;
14880 : 60684;
14881 : 64878;
14882 : 64877;
14883 : 54346;
14884 : 48073;
14885 : 56459;
14886 : 56459;
14887 : 56459;
14888 : 56459;
14889 : 56459;
14890 : 52298;
14891 : 56459;
14892 : 50185;
14893 : 46452;
14894 : 65535;
14895 : 65535;
14896 : 65535;
14897 : 65535;
14898 : 65535;
14899 : 65535;
14900 : 65535;
14901 : 65535;
14902 : 65535;
14903 : 65535;
14904 : 65535;
14905 : 65535;
14906 : 65535;
14907 : 65535;
14908 : 65535;
14909 : 65535;
14910 : 65535;
14911 : 65535;
14912 : 65535;
14913 : 65535;
14914 : 65535;
14915 : 65535;
14916 : 65535;
14917 : 65535;
14918 : 65535;
14919 : 65535;
14920 : 65535;
14921 : 65535;
14922 : 65535;
14923 : 65535;
14924 : 65535;
14925 : 65535;
14926 : 65535;
14927 : 65535;
14928 : 65535;
14929 : 65535;
14930 : 65535;
14931 : 54938;
14932 : 43945;
14933 : 58539;
14934 : 56459;
14935 : 56459;
14936 : 56459;
14937 : 48171;
14938 : 33808;
14939 : 48139;
14940 : 58539;
14941 : 54379;
14942 : 35723;
14943 : 46025;
14944 : 50251;
14945 : 33907;
14946 : 57051;
14947 : 65535;
14948 : 65535;
14949 : 65535;
14950 : 65535;
14951 : 65535;
14952 : 65535;
14953 : 65535;
14954 : 65535;
14955 : 65535;
14956 : 65535;
14957 : 65535;
14958 : 65535;
14959 : 65535;
14960 : 65535;
14961 : 65535;
14962 : 65535;
14963 : 65535;
14964 : 65535;
14965 : 65535;
14966 : 65535;
14967 : 65535;
14968 : 65535;
14969 : 65535;
14970 : 65535;
14971 : 65535;
14972 : 65535;
14973 : 65535;
14974 : 65535;
14975 : 65535;
14976 : 65535;
14977 : 65535;
14978 : 65535;
14979 : 65535;
14980 : 65535;
14981 : 65535;
14982 : 65535;
14983 : 65535;
14984 : 65535;
14985 : 65535;
14986 : 65535;
14987 : 65535;
14988 : 65535;
14989 : 65535;
14990 : 65535;
14991 : 65535;
14992 : 65535;
14993 : 65535;
14994 : 65535;
14995 : 65535;
14996 : 65535;
14997 : 65535;
14998 : 65535;
14999 : 65535;
15000 : 65535;
15001 : 65535;
15002 : 65535;
15003 : 65535;
15004 : 65535;
15005 : 65535;
15006 : 65503;
15007 : 42029;
15008 : 62765;
15009 : 56491;
15010 : 64878;
15011 : 64845;
15012 : 58571;
15013 : 56426;
15014 : 56459;
15015 : 56459;
15016 : 56459;
15017 : 56459;
15018 : 56459;
15019 : 56459;
15020 : 50153;
15021 : 50678;
15022 : 65535;
15023 : 65535;
15024 : 65535;
15025 : 65535;
15026 : 65535;
15027 : 65535;
15028 : 65535;
15029 : 65535;
15030 : 65535;
15031 : 65535;
15032 : 65535;
15033 : 65535;
15034 : 65535;
15035 : 65535;
15036 : 65535;
15037 : 65535;
15038 : 65535;
15039 : 65535;
15040 : 65535;
15041 : 65535;
15042 : 65535;
15043 : 65535;
15044 : 65535;
15045 : 65535;
15046 : 65535;
15047 : 65535;
15048 : 65535;
15049 : 65535;
15050 : 65535;
15051 : 65535;
15052 : 65535;
15053 : 65535;
15054 : 65535;
15055 : 65535;
15056 : 65535;
15057 : 65535;
15058 : 65535;
15059 : 65535;
15060 : 48533;
15061 : 41865;
15062 : 52233;
15063 : 58507;
15064 : 54346;
15065 : 42260;
15066 : 50910;
15067 : 44209;
15068 : 56393;
15069 : 44110;
15070 : 46684;
15071 : 35855;
15072 : 41964;
15073 : 48764;
15074 : 38100;
15075 : 59163;
15076 : 65535;
15077 : 65535;
15078 : 65535;
15079 : 65535;
15080 : 65535;
15081 : 65535;
15082 : 65535;
15083 : 65535;
15084 : 65535;
15085 : 65535;
15086 : 65535;
15087 : 65535;
15088 : 65535;
15089 : 65535;
15090 : 65535;
15091 : 65535;
15092 : 65535;
15093 : 65535;
15094 : 65535;
15095 : 65535;
15096 : 65535;
15097 : 65535;
15098 : 65535;
15099 : 65535;
15100 : 65535;
15101 : 65535;
15102 : 65535;
15103 : 65535;
15104 : 65535;
15105 : 65535;
15106 : 65535;
15107 : 65535;
15108 : 65535;
15109 : 65535;
15110 : 65535;
15111 : 65535;
15112 : 65535;
15113 : 65535;
15114 : 65535;
15115 : 65535;
15116 : 65535;
15117 : 65535;
15118 : 65535;
15119 : 65535;
15120 : 65535;
15121 : 65535;
15122 : 65535;
15123 : 65535;
15124 : 65535;
15125 : 65535;
15126 : 65535;
15127 : 65535;
15128 : 65535;
15129 : 65535;
15130 : 65535;
15131 : 65535;
15132 : 65535;
15133 : 65535;
15134 : 65503;
15135 : 41997;
15136 : 52397;
15137 : 38001;
15138 : 52299;
15139 : 64878;
15140 : 60652;
15141 : 35691;
15142 : 48105;
15143 : 56491;
15144 : 56459;
15145 : 43945;
15146 : 50186;
15147 : 58539;
15148 : 48138;
15149 : 59196;
15150 : 65535;
15151 : 65535;
15152 : 65535;
15153 : 65535;
15154 : 65535;
15155 : 65535;
15156 : 65535;
15157 : 65535;
15158 : 65535;
15159 : 65535;
15160 : 65535;
15161 : 65535;
15162 : 65535;
15163 : 65535;
15164 : 65535;
15165 : 65535;
15166 : 65535;
15167 : 65535;
15168 : 65535;
15169 : 65535;
15170 : 65535;
15171 : 65535;
15172 : 65535;
15173 : 65535;
15174 : 65535;
15175 : 65535;
15176 : 65535;
15177 : 65535;
15178 : 65535;
15179 : 65535;
15180 : 65535;
15181 : 65535;
15182 : 65535;
15183 : 65535;
15184 : 65535;
15185 : 65535;
15186 : 65535;
15187 : 65535;
15188 : 65535;
15189 : 57083;
15190 : 42193;
15191 : 44011;
15192 : 33577;
15193 : 44538;
15194 : 52957;
15195 : 54971;
15196 : 39817;
15197 : 44373;
15198 : 50877;
15199 : 55004;
15200 : 27469;
15201 : 38166;
15202 : 46585;
15203 : 46486;
15204 : 65535;
15205 : 65535;
15206 : 65535;
15207 : 65535;
15208 : 65535;
15209 : 65535;
15210 : 65535;
15211 : 65535;
15212 : 65535;
15213 : 65535;
15214 : 65535;
15215 : 65535;
15216 : 65535;
15217 : 65535;
15218 : 65535;
15219 : 65535;
15220 : 65535;
15221 : 65535;
15222 : 65535;
15223 : 65535;
15224 : 65535;
15225 : 65535;
15226 : 65535;
15227 : 65535;
15228 : 65535;
15229 : 65535;
15230 : 65535;
15231 : 65535;
15232 : 65535;
15233 : 65535;
15234 : 65535;
15235 : 65535;
15236 : 65535;
15237 : 65535;
15238 : 65535;
15239 : 65535;
15240 : 65535;
15241 : 65535;
15242 : 65535;
15243 : 65535;
15244 : 65535;
15245 : 65535;
15246 : 65535;
15247 : 65535;
15248 : 65535;
15249 : 65535;
15250 : 65535;
15251 : 65535;
15252 : 65535;
15253 : 65535;
15254 : 65535;
15255 : 65535;
15256 : 65535;
15257 : 65535;
15258 : 65535;
15259 : 65535;
15260 : 65535;
15261 : 65535;
15262 : 65535;
15263 : 44208;
15264 : 50613;
15265 : 57182;
15266 : 35691;
15267 : 64844;
15268 : 50416;
15269 : 52989;
15270 : 37902;
15271 : 56458;
15272 : 50185;
15273 : 38100;
15274 : 40049;
15275 : 54345;
15276 : 48369;
15277 : 65535;
15278 : 65535;
15279 : 65535;
15280 : 65535;
15281 : 65535;
15282 : 65535;
15283 : 65535;
15284 : 65535;
15285 : 65535;
15286 : 65535;
15287 : 65535;
15288 : 65535;
15289 : 65535;
15290 : 65535;
15291 : 65535;
15292 : 65535;
15293 : 65535;
15294 : 65535;
15295 : 65535;
15296 : 65535;
15297 : 65535;
15298 : 65535;
15299 : 65535;
15300 : 65535;
15301 : 65535;
15302 : 65535;
15303 : 65535;
15304 : 65535;
15305 : 65535;
15306 : 65535;
15307 : 65535;
15308 : 65535;
15309 : 65535;
15310 : 65535;
15311 : 65535;
15312 : 65535;
15313 : 65535;
15314 : 65535;
15315 : 65535;
15316 : 65535;
15317 : 65535;
15318 : 65535;
15319 : 61309;
15320 : 48632;
15321 : 40212;
15322 : 40279;
15323 : 59263;
15324 : 40114;
15325 : 33907;
15326 : 46618;
15327 : 57150;
15328 : 52857;
15329 : 38066;
15330 : 44406;
15331 : 38034;
15332 : 63390;
15333 : 65535;
15334 : 65535;
15335 : 65535;
15336 : 65535;
15337 : 65535;
15338 : 65535;
15339 : 65535;
15340 : 65535;
15341 : 65535;
15342 : 65535;
15343 : 65535;
15344 : 65535;
15345 : 65535;
15346 : 65535;
15347 : 65535;
15348 : 65535;
15349 : 65535;
15350 : 65535;
15351 : 65535;
15352 : 65535;
15353 : 65535;
15354 : 65535;
15355 : 65535;
15356 : 65535;
15357 : 65535;
15358 : 65535;
15359 : 65535;
15360 : 65535;
15361 : 65535;
15362 : 65535;
15363 : 65535;
15364 : 65535;
15365 : 65535;
15366 : 65535;
15367 : 65535;
15368 : 65535;
15369 : 65535;
15370 : 65535;
15371 : 65535;
15372 : 65535;
15373 : 65535;
15374 : 65535;
15375 : 65535;
15376 : 65535;
15377 : 65535;
15378 : 65535;
15379 : 65535;
15380 : 65535;
15381 : 65535;
15382 : 65535;
15383 : 65535;
15384 : 65535;
15385 : 65535;
15386 : 65535;
15387 : 65535;
15388 : 65535;
15389 : 65535;
15390 : 65535;
15391 : 44373;
15392 : 61309;
15393 : 57183;
15394 : 33808;
15395 : 50153;
15396 : 52792;
15397 : 57215;
15398 : 40213;
15399 : 52265;
15400 : 39851;
15401 : 46684;
15402 : 46586;
15403 : 35690;
15404 : 61244;
15405 : 65535;
15406 : 65535;
15407 : 65535;
15408 : 65535;
15409 : 65535;
15410 : 65535;
15411 : 65535;
15412 : 65535;
15413 : 65535;
15414 : 65535;
15415 : 65535;
15416 : 65535;
15417 : 65535;
15418 : 65535;
15419 : 65535;
15420 : 65535;
15421 : 65535;
15422 : 65535;
15423 : 65535;
15424 : 65535;
15425 : 65535;
15426 : 65535;
15427 : 65535;
15428 : 65535;
15429 : 65535;
15430 : 65535;
15431 : 65535;
15432 : 65535;
15433 : 65535;
15434 : 65535;
15435 : 65535;
15436 : 65535;
15437 : 65535;
15438 : 65535;
15439 : 65535;
15440 : 65535;
15441 : 65535;
15442 : 65535;
15443 : 65535;
15444 : 65535;
15445 : 65535;
15446 : 65535;
15447 : 65535;
15448 : 65535;
15449 : 65535;
15450 : 48632;
15451 : 40213;
15452 : 50777;
15453 : 57051;
15454 : 42293;
15455 : 38133;
15456 : 57116;
15457 : 50744;
15458 : 65535;
15459 : 63390;
15460 : 65535;
15461 : 65535;
15462 : 65535;
15463 : 65535;
15464 : 65535;
15465 : 65535;
15466 : 65535;
15467 : 65535;
15468 : 65535;
15469 : 65535;
15470 : 65535;
15471 : 65535;
15472 : 65535;
15473 : 65535;
15474 : 65535;
15475 : 65535;
15476 : 65535;
15477 : 65535;
15478 : 65535;
15479 : 65535;
15480 : 65535;
15481 : 65535;
15482 : 65535;
15483 : 65535;
15484 : 65535;
15485 : 65535;
15486 : 65535;
15487 : 65535;
15488 : 65535;
15489 : 65535;
15490 : 65535;
15491 : 65535;
15492 : 65535;
15493 : 65535;
15494 : 65535;
15495 : 65535;
15496 : 65535;
15497 : 65535;
15498 : 65535;
15499 : 65535;
15500 : 65535;
15501 : 65535;
15502 : 65535;
15503 : 65535;
15504 : 65535;
15505 : 65535;
15506 : 65535;
15507 : 65535;
15508 : 65535;
15509 : 65535;
15510 : 65535;
15511 : 65535;
15512 : 65535;
15513 : 65535;
15514 : 65535;
15515 : 65535;
15516 : 65535;
15517 : 65535;
15518 : 65535;
15519 : 50712;
15520 : 65535;
15521 : 52957;
15522 : 35855;
15523 : 41898;
15524 : 61310;
15525 : 52989;
15526 : 42326;
15527 : 50120;
15528 : 33742;
15529 : 55070;
15530 : 52956;
15531 : 40245;
15532 : 65535;
15533 : 65535;
15534 : 65535;
15535 : 65535;
15536 : 65535;
15537 : 65535;
15538 : 65535;
15539 : 65535;
15540 : 65535;
15541 : 65535;
15542 : 65535;
15543 : 65535;
15544 : 65535;
15545 : 65535;
15546 : 65535;
15547 : 65535;
15548 : 65535;
15549 : 65535;
15550 : 65535;
15551 : 65535;
15552 : 65535;
15553 : 65535;
15554 : 65535;
15555 : 65535;
15556 : 65535;
15557 : 65535;
15558 : 65535;
15559 : 65535;
15560 : 65535;
15561 : 65535;
15562 : 65535;
15563 : 65535;
15564 : 65535;
15565 : 65535;
15566 : 65535;
15567 : 65535;
15568 : 65535;
15569 : 65535;
15570 : 65535;
15571 : 65535;
15572 : 65535;
15573 : 65535;
15574 : 65535;
15575 : 65535;
15576 : 65535;
15577 : 65535;
15578 : 65535;
15579 : 54970;
15580 : 35954;
15581 : 65535;
15582 : 65535;
15583 : 59164;
15584 : 44405;
15585 : 38066;
15586 : 59164;
15587 : 65535;
15588 : 65535;
15589 : 65535;
15590 : 65535;
15591 : 65535;
15592 : 65535;
15593 : 65535;
15594 : 65535;
15595 : 65535;
15596 : 65535;
15597 : 65535;
15598 : 65535;
15599 : 65535;
15600 : 65535;
15601 : 65535;
15602 : 65535;
15603 : 65535;
15604 : 65535;
15605 : 65535;
15606 : 65535;
15607 : 65535;
15608 : 65535;
15609 : 65535;
15610 : 65535;
15611 : 65535;
15612 : 65535;
15613 : 65535;
15614 : 65535;
15615 : 65535;
15616 : 65535;
15617 : 65535;
15618 : 65535;
15619 : 65535;
15620 : 65535;
15621 : 65535;
15622 : 65535;
15623 : 65535;
15624 : 65535;
15625 : 65535;
15626 : 65535;
15627 : 65535;
15628 : 65535;
15629 : 65535;
15630 : 65535;
15631 : 65535;
15632 : 65535;
15633 : 65535;
15634 : 65535;
15635 : 65535;
15636 : 65535;
15637 : 65535;
15638 : 65535;
15639 : 65535;
15640 : 65535;
15641 : 65535;
15642 : 65535;
15643 : 65535;
15644 : 65535;
15645 : 65535;
15646 : 63422;
15647 : 50712;
15648 : 61310;
15649 : 42359;
15650 : 40081;
15651 : 37902;
15652 : 63423;
15653 : 50844;
15654 : 29549;
15655 : 31465;
15656 : 21195;
15657 : 61343;
15658 : 59230;
15659 : 48697;
15660 : 65535;
15661 : 65535;
15662 : 65535;
15663 : 65535;
15664 : 65535;
15665 : 65535;
15666 : 65535;
15667 : 65535;
15668 : 65535;
15669 : 65535;
15670 : 65535;
15671 : 65535;
15672 : 65535;
15673 : 65535;
15674 : 65535;
15675 : 65535;
15676 : 65535;
15677 : 65535;
15678 : 65535;
15679 : 65535;
15680 : 65535;
15681 : 65535;
15682 : 65535;
15683 : 65535;
15684 : 65535;
15685 : 65535;
15686 : 65535;
15687 : 65535;
15688 : 65535;
15689 : 65535;
15690 : 65535;
15691 : 65535;
15692 : 65535;
15693 : 65535;
15694 : 65535;
15695 : 65535;
15696 : 65535;
15697 : 65535;
15698 : 65535;
15699 : 65535;
15700 : 65535;
15701 : 65535;
15702 : 65535;
15703 : 65535;
15704 : 65535;
15705 : 65535;
15706 : 65535;
15707 : 65535;
15708 : 63390;
15709 : 65535;
15710 : 65535;
15711 : 65535;
15712 : 65535;
15713 : 52825;
15714 : 61277;
15715 : 65535;
15716 : 65535;
15717 : 65535;
15718 : 65535;
15719 : 65535;
15720 : 65535;
15721 : 65535;
15722 : 65535;
15723 : 65535;
15724 : 65535;
15725 : 65535;
15726 : 65535;
15727 : 65535;
15728 : 65535;
15729 : 65535;
15730 : 65535;
15731 : 65535;
15732 : 65535;
15733 : 65535;
15734 : 65535;
15735 : 65535;
15736 : 65535;
15737 : 65535;
15738 : 65535;
15739 : 65535;
15740 : 65535;
15741 : 65535;
15742 : 65535;
15743 : 65535;
15744 : 65535;
15745 : 65535;
15746 : 65535;
15747 : 65535;
15748 : 65535;
15749 : 65535;
15750 : 65535;
15751 : 65535;
15752 : 65535;
15753 : 65535;
15754 : 65535;
15755 : 65535;
15756 : 65535;
15757 : 65535;
15758 : 65535;
15759 : 65535;
15760 : 65535;
15761 : 65535;
15762 : 65535;
15763 : 65535;
15764 : 65535;
15765 : 65535;
15766 : 65535;
15767 : 65535;
15768 : 65535;
15769 : 65535;
15770 : 65535;
15771 : 65535;
15772 : 65535;
15773 : 65535;
15774 : 63390;
15775 : 40212;
15776 : 46552;
15777 : 59196;
15778 : 65535;
15779 : 42292;
15780 : 59230;
15781 : 42392;
15782 : 52825;
15783 : 63455;
15784 : 48599;
15785 : 46486;
15786 : 61310;
15787 : 46551;
15788 : 65535;
15789 : 65535;
15790 : 65535;
15791 : 65535;
15792 : 65535;
15793 : 65535;
15794 : 65535;
15795 : 65535;
15796 : 65535;
15797 : 65535;
15798 : 65535;
15799 : 65535;
15800 : 65535;
15801 : 65535;
15802 : 65535;
15803 : 65535;
15804 : 65535;
15805 : 65535;
15806 : 65535;
15807 : 65535;
15808 : 65535;
15809 : 65535;
15810 : 65535;
15811 : 65535;
15812 : 65535;
15813 : 65535;
15814 : 65535;
15815 : 65535;
15816 : 65535;
15817 : 65535;
15818 : 65535;
15819 : 65535;
15820 : 65535;
15821 : 65535;
15822 : 65535;
15823 : 65535;
15824 : 65535;
15825 : 65535;
15826 : 65535;
15827 : 65535;
15828 : 65535;
15829 : 65535;
15830 : 65535;
15831 : 65535;
15832 : 65535;
15833 : 65535;
15834 : 65535;
15835 : 65535;
15836 : 65535;
15837 : 65535;
15838 : 65535;
15839 : 65535;
15840 : 65535;
15841 : 65535;
15842 : 65535;
15843 : 65535;
15844 : 65535;
15845 : 65535;
15846 : 65535;
15847 : 65535;
15848 : 65535;
15849 : 65535;
15850 : 65535;
15851 : 65535;
15852 : 65535;
15853 : 65535;
15854 : 65535;
15855 : 65535;
15856 : 65535;
15857 : 65535;
15858 : 65535;
15859 : 65535;
15860 : 65535;
15861 : 65535;
15862 : 65535;
15863 : 65535;
15864 : 65535;
15865 : 65535;
15866 : 65535;
15867 : 65535;
15868 : 65535;
15869 : 65535;
15870 : 65535;
15871 : 65535;
15872 : 65535;
15873 : 65535;
15874 : 65535;
15875 : 65535;
15876 : 65535;
15877 : 65535;
15878 : 65535;
15879 : 65535;
15880 : 65535;
15881 : 65535;
15882 : 65535;
15883 : 65535;
15884 : 65535;
15885 : 65535;
15886 : 65535;
15887 : 65535;
15888 : 65535;
15889 : 65535;
15890 : 65535;
15891 : 65535;
15892 : 65535;
15893 : 65535;
15894 : 65535;
15895 : 65535;
15896 : 65535;
15897 : 65535;
15898 : 65535;
15899 : 65535;
15900 : 65535;
15901 : 65535;
15902 : 65535;
15903 : 35953;
15904 : 59164;
15905 : 65535;
15906 : 65535;
15907 : 48599;
15908 : 48698;
15909 : 48599;
15910 : 65535;
15911 : 65535;
15912 : 65535;
15913 : 50744;
15914 : 42326;
15915 : 48632;
15916 : 65535;
15917 : 65535;
15918 : 65535;
15919 : 65535;
15920 : 65535;
15921 : 65535;
15922 : 65535;
15923 : 65535;
15924 : 65535;
15925 : 65535;
15926 : 65535;
15927 : 65535;
15928 : 65535;
15929 : 65535;
15930 : 65535;
15931 : 65535;
15932 : 65535;
15933 : 65535;
15934 : 65535;
15935 : 65535;
15936 : 65535;
15937 : 65535;
15938 : 65535;
15939 : 65535;
15940 : 65535;
15941 : 65535;
15942 : 65535;
15943 : 65535;
15944 : 65535;
15945 : 65535;
15946 : 65535;
15947 : 65535;
15948 : 65535;
15949 : 65535;
15950 : 65535;
15951 : 65535;
15952 : 65535;
15953 : 65535;
15954 : 65535;
15955 : 65535;
15956 : 65535;
15957 : 65535;
15958 : 65535;
15959 : 65535;
15960 : 65535;
15961 : 65535;
15962 : 65535;
15963 : 65535;
15964 : 65535;
15965 : 65535;
15966 : 65535;
15967 : 65535;
15968 : 65535;
15969 : 65535;
15970 : 65535;
15971 : 65535;
15972 : 65535;
15973 : 65535;
15974 : 65535;
15975 : 65535;
15976 : 65535;
15977 : 65535;
15978 : 65535;
15979 : 65535;
15980 : 65535;
15981 : 65535;
15982 : 65535;
15983 : 65535;
15984 : 65535;
15985 : 65535;
15986 : 65535;
15987 : 65535;
15988 : 65535;
15989 : 65535;
15990 : 65535;
15991 : 65535;
15992 : 65535;
15993 : 65535;
15994 : 65535;
15995 : 65535;
15996 : 65535;
15997 : 65535;
15998 : 65535;
15999 : 65535;
16000 : 65535;
16001 : 65535;
16002 : 65535;
16003 : 65535;
16004 : 65535;
16005 : 65535;
16006 : 65535;
16007 : 65535;
16008 : 65535;
16009 : 65535;
16010 : 65535;
16011 : 65535;
16012 : 65535;
16013 : 65535;
16014 : 65535;
16015 : 65535;
16016 : 65535;
16017 : 65535;
16018 : 65535;
16019 : 65535;
16020 : 65535;
16021 : 65535;
16022 : 65535;
16023 : 65535;
16024 : 65535;
16025 : 65535;
16026 : 65535;
16027 : 65535;
16028 : 65535;
16029 : 65535;
16030 : 65535;
16031 : 65503;
16032 : 65535;
16033 : 65535;
16034 : 65535;
16035 : 46486;
16036 : 38067;
16037 : 63422;
16038 : 65535;
16039 : 65535;
16040 : 65535;
16041 : 65535;
16042 : 44405;
16043 : 54970;
16044 : 65535;
16045 : 65535;
16046 : 65535;
16047 : 65535;
16048 : 65535;
16049 : 65535;
16050 : 65535;
16051 : 65535;
16052 : 65535;
16053 : 65535;
16054 : 65535;
16055 : 65535;
16056 : 65535;
16057 : 65535;
16058 : 65535;
16059 : 65535;
16060 : 65535;
16061 : 65535;
16062 : 65535;
16063 : 65535;
16064 : 65535;
16065 : 65535;
16066 : 65535;
16067 : 65535;
16068 : 65535;
16069 : 65535;
16070 : 65535;
16071 : 65535;
16072 : 65535;
16073 : 65535;
16074 : 65535;
16075 : 65535;
16076 : 65535;
16077 : 65535;
16078 : 65535;
16079 : 65535;
16080 : 65535;
16081 : 65535;
16082 : 65535;
16083 : 65535;
16084 : 65535;
16085 : 65535;
16086 : 65535;
16087 : 65535;
16088 : 65535;
16089 : 65535;
16090 : 65535;
16091 : 65535;
16092 : 65535;
16093 : 65535;
16094 : 65535;
16095 : 65535;
16096 : 65535;
16097 : 65535;
16098 : 65535;
16099 : 65535;
16100 : 65535;
16101 : 65535;
16102 : 65535;
16103 : 65535;
16104 : 65535;
16105 : 65535;
16106 : 65535;
16107 : 65535;
16108 : 65535;
16109 : 65535;
16110 : 65535;
16111 : 65535;
16112 : 65535;
16113 : 65535;
16114 : 65535;
16115 : 65535;
16116 : 65535;
16117 : 65535;
16118 : 65535;
16119 : 65535;
16120 : 65535;
16121 : 65535;
16122 : 65535;
16123 : 65535;
16124 : 65535;
16125 : 65535;
16126 : 65535;
16127 : 65535;
16128 : 65535;
16129 : 65535;
16130 : 65535;
16131 : 65535;
16132 : 65535;
16133 : 65535;
16134 : 65535;
16135 : 65535;
16136 : 65535;
16137 : 65535;
16138 : 65535;
16139 : 65535;
16140 : 65535;
16141 : 65535;
16142 : 65535;
16143 : 65535;
16144 : 65535;
16145 : 65535;
16146 : 65535;
16147 : 65535;
16148 : 65535;
16149 : 65535;
16150 : 65535;
16151 : 65535;
16152 : 65535;
16153 : 65535;
16154 : 65535;
16155 : 65535;
16156 : 65535;
16157 : 65535;
16158 : 65535;
16159 : 65535;
16160 : 65535;
16161 : 65535;
16162 : 65535;
16163 : 48599;
16164 : 44405;
16165 : 65535;
16166 : 65535;
16167 : 65535;
16168 : 65535;
16169 : 65535;
16170 : 65535;
16171 : 65535;
16172 : 65535;
16173 : 65535;
16174 : 65535;
16175 : 65535;
16176 : 65535;
16177 : 65535;
16178 : 65535;
16179 : 65535;
16180 : 65535;
16181 : 65535;
16182 : 65535;
16183 : 65535;
16184 : 65535;
16185 : 65535;
16186 : 65535;
16187 : 65535;
16188 : 65535;
16189 : 65535;
16190 : 65535;
16191 : 65535;
16192 : 65535;
16193 : 65535;
16194 : 65535;
16195 : 65535;
16196 : 65535;
16197 : 65535;
16198 : 65535;
16199 : 65535;
16200 : 65535;
16201 : 65535;
16202 : 65535;
16203 : 65535;
16204 : 65535;
16205 : 65535;
16206 : 65535;
16207 : 65535;
16208 : 65535;
16209 : 65535;
16210 : 65535;
16211 : 65535;
16212 : 65535;
16213 : 65535;
16214 : 65535;
16215 : 65535;
16216 : 65535;
16217 : 65535;
16218 : 65535;
16219 : 65535;
16220 : 65535;
16221 : 65535;
16222 : 65535;
16223 : 65535;
16224 : 65535;
16225 : 65535;
16226 : 65535;
16227 : 65535;
16228 : 65535;
16229 : 65535;
16230 : 65535;
16231 : 65535;
16232 : 65535;
16233 : 65535;
16234 : 65535;
16235 : 65535;
16236 : 65535;
16237 : 65535;
16238 : 65535;
16239 : 65535;
16240 : 65535;
16241 : 65535;
16242 : 65535;
16243 : 65535;
16244 : 65535;
16245 : 65535;
16246 : 65535;
16247 : 65535;
16248 : 65535;
16249 : 65535;
16250 : 65535;
16251 : 65535;
16252 : 65535;
16253 : 65535;
16254 : 65535;
16255 : 65535;
16256 : 65535;
16257 : 65535;
16258 : 65535;
16259 : 65535;
16260 : 65535;
16261 : 65535;
16262 : 65535;
16263 : 65535;
16264 : 65535;
16265 : 65535;
16266 : 65535;
16267 : 65535;
16268 : 65535;
16269 : 65535;
16270 : 65535;
16271 : 65535;
16272 : 65535;
16273 : 65535;
16274 : 65535;
16275 : 65535;
16276 : 65535;
16277 : 65535;
16278 : 65535;
16279 : 65535;
16280 : 65535;
16281 : 65535;
16282 : 65535;
16283 : 65535;
16284 : 65535;
16285 : 65535;
16286 : 65535;
16287 : 65535;
16288 : 65535;
16289 : 65535;
16290 : 65535;
16291 : 65535;
16292 : 65535;
16293 : 65535;
16294 : 65535;
16295 : 65535;
16296 : 65535;
16297 : 65535;
16298 : 65535;
16299 : 65535;
16300 : 65535;
16301 : 65535;
16302 : 65535;
16303 : 65535;
16304 : 65535;
16305 : 65535;
16306 : 65535;
16307 : 65535;
16308 : 65535;
16309 : 65535;
16310 : 65535;
16311 : 65535;
16312 : 65535;
16313 : 65535;
16314 : 65535;
16315 : 65535;
16316 : 65535;
16317 : 65535;
16318 : 65535;
16319 : 65535;
16320 : 65535;
16321 : 65535;
16322 : 65535;
16323 : 65535;
16324 : 65535;
16325 : 65535;
16326 : 65535;
16327 : 65535;
16328 : 65535;
16329 : 65535;
16330 : 65535;
16331 : 65535;
16332 : 65535;
16333 : 65535;
16334 : 65535;
16335 : 65535;
16336 : 65535;
16337 : 65535;
16338 : 65535;
16339 : 65535;
16340 : 65535;
16341 : 65535;
16342 : 65535;
16343 : 65535;
16344 : 65535;
16345 : 65535;
16346 : 65535;
16347 : 65535;
16348 : 65535;
16349 : 65535;
16350 : 65535;
16351 : 65535;
16352 : 65535;
16353 : 65535;
16354 : 65535;
16355 : 65535;
16356 : 65535;
16357 : 65535;
16358 : 65535;
16359 : 65535;
16360 : 65535;
16361 : 65535;
16362 : 65535;
16363 : 65535;
16364 : 65535;
16365 : 65535;
16366 : 65535;
16367 : 65535;
16368 : 65535;
16369 : 65535;
16370 : 65535;
16371 : 65535;
16372 : 65535;
16373 : 65535;
16374 : 65535;
16375 : 65535;
16376 : 65535;
16377 : 65535;
16378 : 65535;
16379 : 65535;
16380 : 65535;
16381 : 65535;
16382 : 65535;
16383 : 65535;
END;
