WIDTH=24;
DEPTH=16384;

ADDRESS_RADIX=UNS;
DATA_RADIX=UNS;

CONTENT BEGIN
0 : 16777215;
1 : 16777215;
2 : 16777215;
3 : 16777215;
4 : 16777215;
5 : 16777215;
6 : 16777215;
7 : 16777215;
8 : 16777215;
9 : 16777215;
10 : 16777215;
11 : 16777215;
12 : 16777215;
13 : 16777215;
14 : 16777215;
15 : 16777215;
16 : 16777215;
17 : 16777215;
18 : 16777215;
19 : 16777215;
20 : 16777215;
21 : 16777215;
22 : 16777215;
23 : 16777215;
24 : 16777215;
25 : 16777215;
26 : 16777215;
27 : 16777215;
28 : 16777215;
29 : 16777215;
30 : 16777215;
31 : 16777215;
32 : 16777215;
33 : 16777215;
34 : 16777215;
35 : 16777215;
36 : 16777215;
37 : 16777215;
38 : 16777215;
39 : 16777215;
40 : 16777215;
41 : 16777215;
42 : 16777215;
43 : 16777215;
44 : 16777215;
45 : 16777215;
46 : 16777215;
47 : 16777215;
48 : 16777215;
49 : 16777215;
50 : 16777215;
51 : 16777215;
52 : 16777215;
53 : 16777215;
54 : 16777215;
55 : 16777215;
56 : 16777215;
57 : 16777215;
58 : 16777215;
59 : 16777215;
60 : 16777215;
61 : 16777215;
62 : 16777215;
63 : 16777215;
64 : 16777215;
65 : 16777215;
66 : 16777215;
67 : 16777215;
68 : 16777215;
69 : 16777215;
70 : 16777215;
71 : 16777215;
72 : 16777215;
73 : 16777215;
74 : 16777215;
75 : 16777215;
76 : 16777215;
77 : 16777215;
78 : 16777215;
79 : 16777215;
80 : 16777215;
81 : 16777215;
82 : 16777215;
83 : 16777215;
84 : 16777215;
85 : 16777215;
86 : 16777215;
87 : 16777215;
88 : 16777215;
89 : 16777215;
90 : 16777215;
91 : 16777215;
92 : 16777215;
93 : 16777215;
94 : 16777215;
95 : 16777215;
96 : 16777215;
97 : 16777215;
98 : 16777215;
99 : 16777215;
100 : 16777215;
101 : 16777215;
102 : 16777215;
103 : 16777215;
104 : 16777215;
105 : 16777215;
106 : 16777215;
107 : 16777215;
108 : 16777215;
109 : 16777215;
110 : 16777215;
111 : 16777215;
112 : 16777215;
113 : 16250871;
114 : 16119542;
115 : 16777215;
116 : 16777215;
117 : 16777215;
118 : 16777215;
119 : 16777215;
120 : 16777215;
121 : 16777215;
122 : 16777215;
123 : 16777215;
124 : 16777215;
125 : 16777215;
126 : 16777215;
127 : 16777215;
128 : 16777215;
129 : 16777215;
130 : 16777215;
131 : 16777215;
132 : 16777215;
133 : 16777215;
134 : 16777215;
135 : 16777215;
136 : 16777215;
137 : 16777215;
138 : 16777215;
139 : 16777215;
140 : 16777215;
141 : 16777215;
142 : 16777215;
143 : 16777215;
144 : 16777215;
145 : 16777215;
146 : 16777215;
147 : 16777215;
148 : 16777215;
149 : 16777215;
150 : 16777215;
151 : 16777215;
152 : 16777215;
153 : 16777215;
154 : 16777215;
155 : 16777215;
156 : 16777215;
157 : 16777215;
158 : 16777215;
159 : 16777215;
160 : 16777215;
161 : 16777215;
162 : 16777215;
163 : 16777215;
164 : 16777215;
165 : 16777215;
166 : 16777215;
167 : 16777215;
168 : 16777215;
169 : 16777215;
170 : 16777215;
171 : 16777215;
172 : 16777215;
173 : 16777215;
174 : 16777215;
175 : 16777215;
176 : 16777215;
177 : 16777215;
178 : 16777215;
179 : 16777215;
180 : 16777215;
181 : 16777215;
182 : 16777215;
183 : 16777215;
184 : 16777215;
185 : 16777215;
186 : 16777215;
187 : 16777215;
188 : 16777215;
189 : 16777215;
190 : 16777215;
191 : 16777215;
192 : 16777215;
193 : 16777215;
194 : 16777215;
195 : 16777215;
196 : 16777215;
197 : 16777215;
198 : 16777215;
199 : 16777215;
200 : 16777215;
201 : 16777215;
202 : 16777215;
203 : 16777215;
204 : 16777215;
205 : 16777215;
206 : 16777215;
207 : 16777215;
208 : 16777215;
209 : 16777215;
210 : 16777215;
211 : 16777215;
212 : 16777215;
213 : 16777215;
214 : 16777215;
215 : 16777215;
216 : 16777215;
217 : 16777215;
218 : 16777215;
219 : 16777215;
220 : 16777215;
221 : 16777215;
222 : 16777215;
223 : 16777215;
224 : 16777215;
225 : 16777215;
226 : 16777215;
227 : 16777215;
228 : 16777215;
229 : 16777215;
230 : 16777215;
231 : 16777215;
232 : 16777215;
233 : 16777215;
234 : 16777215;
235 : 16777215;
236 : 16777215;
237 : 16777215;
238 : 16777215;
239 : 16777215;
240 : 16777215;
241 : 15000805;
242 : 7434088;
243 : 14342874;
244 : 16777215;
245 : 16777215;
246 : 16777215;
247 : 16777215;
248 : 16777215;
249 : 16777215;
250 : 16777215;
251 : 16777215;
252 : 16777215;
253 : 16777215;
254 : 16777215;
255 : 16777215;
256 : 16777215;
257 : 16777215;
258 : 16777215;
259 : 16777215;
260 : 16777215;
261 : 16777215;
262 : 16777215;
263 : 16777215;
264 : 16777215;
265 : 16777215;
266 : 16777215;
267 : 16777215;
268 : 16777215;
269 : 16777215;
270 : 16777215;
271 : 16777215;
272 : 16777215;
273 : 16777215;
274 : 16777215;
275 : 16777215;
276 : 16777215;
277 : 16777215;
278 : 16777215;
279 : 16777215;
280 : 16777215;
281 : 16777215;
282 : 16777215;
283 : 16777215;
284 : 16777215;
285 : 16777215;
286 : 16777215;
287 : 16777215;
288 : 16777215;
289 : 16777215;
290 : 16777215;
291 : 16777215;
292 : 16777215;
293 : 16777215;
294 : 16777215;
295 : 16777215;
296 : 16777215;
297 : 16777215;
298 : 16777215;
299 : 16777215;
300 : 16777215;
301 : 16777215;
302 : 16777215;
303 : 16777215;
304 : 16777215;
305 : 16777215;
306 : 16777215;
307 : 16777215;
308 : 16777215;
309 : 16777215;
310 : 16777215;
311 : 16777215;
312 : 16777215;
313 : 16777215;
314 : 16777215;
315 : 16777215;
316 : 16777215;
317 : 16777215;
318 : 16777215;
319 : 16777215;
320 : 16777215;
321 : 16777215;
322 : 16777215;
323 : 16777215;
324 : 16777215;
325 : 16777215;
326 : 16777215;
327 : 16777215;
328 : 16777215;
329 : 16777215;
330 : 16777215;
331 : 16777215;
332 : 16777215;
333 : 16777215;
334 : 16777215;
335 : 16777215;
336 : 16777215;
337 : 16777215;
338 : 16777215;
339 : 16777215;
340 : 16777215;
341 : 16777215;
342 : 16777215;
343 : 16777215;
344 : 16777215;
345 : 16777215;
346 : 16777215;
347 : 16777215;
348 : 16777215;
349 : 16777215;
350 : 16777215;
351 : 16777215;
352 : 16777215;
353 : 16777215;
354 : 16777215;
355 : 16777215;
356 : 16777215;
357 : 16777215;
358 : 16777215;
359 : 16777215;
360 : 16777215;
361 : 16777215;
362 : 16777215;
363 : 16777215;
364 : 16777215;
365 : 16777215;
366 : 16777215;
367 : 16777215;
368 : 16777215;
369 : 16777215;
370 : 10065544;
371 : 8880222;
372 : 13092807;
373 : 16777215;
374 : 16777215;
375 : 16777215;
376 : 16777215;
377 : 16777215;
378 : 16777215;
379 : 16777215;
380 : 16777215;
381 : 16777215;
382 : 16777215;
383 : 16777215;
384 : 16777215;
385 : 16777215;
386 : 16777215;
387 : 16777215;
388 : 16777215;
389 : 16777215;
390 : 16777215;
391 : 16777215;
392 : 16777215;
393 : 16777215;
394 : 16777215;
395 : 16777215;
396 : 16777215;
397 : 16777215;
398 : 16777215;
399 : 16777215;
400 : 16777215;
401 : 16777215;
402 : 16777215;
403 : 16777215;
404 : 16777215;
405 : 16777215;
406 : 16777215;
407 : 16777215;
408 : 16777215;
409 : 16777215;
410 : 16777215;
411 : 16777215;
412 : 16777215;
413 : 16777215;
414 : 16777215;
415 : 16777215;
416 : 16777215;
417 : 16777215;
418 : 16777215;
419 : 16777215;
420 : 16777215;
421 : 16777215;
422 : 16711423;
423 : 16448508;
424 : 15856113;
425 : 16777215;
426 : 16777215;
427 : 16777215;
428 : 16777215;
429 : 16777215;
430 : 16777215;
431 : 16777215;
432 : 16777215;
433 : 16777215;
434 : 16777215;
435 : 16777215;
436 : 16777215;
437 : 16777215;
438 : 16777215;
439 : 16777215;
440 : 16777215;
441 : 16777215;
442 : 16777215;
443 : 16777215;
444 : 16777215;
445 : 16777215;
446 : 16777215;
447 : 16777215;
448 : 16777215;
449 : 16777215;
450 : 16777215;
451 : 16777215;
452 : 16777215;
453 : 16777215;
454 : 16777215;
455 : 16777215;
456 : 16777215;
457 : 16777215;
458 : 16777215;
459 : 16777215;
460 : 16777215;
461 : 16777215;
462 : 16777215;
463 : 16777215;
464 : 16777215;
465 : 16777215;
466 : 16777215;
467 : 16777215;
468 : 16777215;
469 : 16777215;
470 : 16777215;
471 : 16777215;
472 : 16777215;
473 : 16777215;
474 : 16777215;
475 : 16777215;
476 : 16777215;
477 : 16777215;
478 : 16777215;
479 : 16777215;
480 : 16777215;
481 : 16777215;
482 : 16777215;
483 : 16777215;
484 : 16777215;
485 : 16777215;
486 : 16777215;
487 : 16777215;
488 : 16777215;
489 : 16777215;
490 : 16777215;
491 : 16777215;
492 : 16777215;
493 : 16777215;
494 : 16777215;
495 : 16777215;
496 : 16777215;
497 : 16777215;
498 : 13882325;
499 : 10985070;
500 : 9998701;
501 : 13093066;
502 : 9934743;
503 : 16316921;
504 : 16777215;
505 : 16777215;
506 : 16777215;
507 : 16777215;
508 : 16777215;
509 : 16777215;
510 : 16777215;
511 : 16777215;
512 : 16777215;
513 : 16777215;
514 : 16777215;
515 : 16777215;
516 : 16777215;
517 : 16777215;
518 : 16777215;
519 : 16777215;
520 : 16777215;
521 : 16777215;
522 : 16777215;
523 : 16777215;
524 : 16777215;
525 : 16777215;
526 : 16777215;
527 : 16777215;
528 : 16777215;
529 : 16777215;
530 : 16777215;
531 : 16777215;
532 : 16777215;
533 : 16777215;
534 : 16777215;
535 : 16777215;
536 : 16777215;
537 : 16777215;
538 : 16777215;
539 : 16777215;
540 : 16777215;
541 : 16777215;
542 : 16777215;
543 : 16777215;
544 : 16777215;
545 : 16777215;
546 : 16777215;
547 : 16777215;
548 : 16777215;
549 : 15592941;
550 : 8682875;
551 : 8091254;
552 : 12236984;
553 : 16777215;
554 : 16777215;
555 : 16777215;
556 : 16777215;
557 : 16777215;
558 : 16777215;
559 : 16777215;
560 : 16777215;
561 : 16777215;
562 : 16777215;
563 : 16777215;
564 : 16777215;
565 : 16777215;
566 : 16777215;
567 : 16777215;
568 : 16777215;
569 : 16777215;
570 : 16777215;
571 : 16777215;
572 : 16777215;
573 : 16777215;
574 : 16777215;
575 : 16777215;
576 : 16777215;
577 : 16777215;
578 : 16777215;
579 : 16777215;
580 : 16777215;
581 : 16777215;
582 : 16777215;
583 : 16777215;
584 : 16777215;
585 : 16777215;
586 : 16777215;
587 : 16777215;
588 : 16777215;
589 : 16777215;
590 : 16777215;
591 : 16777215;
592 : 16777215;
593 : 16777215;
594 : 16777215;
595 : 16777215;
596 : 16777215;
597 : 16777215;
598 : 16777215;
599 : 16777215;
600 : 16777215;
601 : 16777215;
602 : 16777215;
603 : 16777215;
604 : 16777215;
605 : 16777215;
606 : 16777215;
607 : 16777215;
608 : 16777215;
609 : 16777215;
610 : 16777215;
611 : 16777215;
612 : 16777215;
613 : 16777215;
614 : 16777215;
615 : 16777215;
616 : 16777215;
617 : 16777215;
618 : 16777215;
619 : 16777215;
620 : 16777215;
621 : 16777215;
622 : 16777215;
623 : 16777215;
624 : 16777215;
625 : 16777215;
626 : 16711423;
627 : 10394509;
628 : 14667402;
629 : 8156511;
630 : 4670518;
631 : 11908272;
632 : 16777215;
633 : 16777215;
634 : 16777215;
635 : 16777215;
636 : 16777215;
637 : 16777215;
638 : 16777215;
639 : 16777215;
640 : 16777215;
641 : 16777215;
642 : 16777215;
643 : 16777215;
644 : 16777215;
645 : 16777215;
646 : 16777215;
647 : 16777215;
648 : 16777215;
649 : 16777215;
650 : 16777215;
651 : 16777215;
652 : 16777215;
653 : 16777215;
654 : 16777215;
655 : 16777215;
656 : 16777215;
657 : 16777215;
658 : 16777215;
659 : 16777215;
660 : 16777215;
661 : 16777215;
662 : 16777215;
663 : 16777215;
664 : 16777215;
665 : 16777215;
666 : 16777215;
667 : 16777215;
668 : 16777215;
669 : 16777215;
670 : 16777215;
671 : 16777215;
672 : 16777215;
673 : 16777215;
674 : 16777215;
675 : 16777215;
676 : 15462127;
677 : 8283229;
678 : 3216655;
679 : 6764332;
680 : 14079187;
681 : 16777215;
682 : 16777215;
683 : 16777215;
684 : 16777215;
685 : 16777215;
686 : 16777215;
687 : 16777215;
688 : 16777215;
689 : 16777215;
690 : 16777215;
691 : 16777215;
692 : 16777215;
693 : 16777215;
694 : 16777215;
695 : 16777215;
696 : 16777215;
697 : 16777215;
698 : 16777215;
699 : 16777215;
700 : 16777215;
701 : 16777215;
702 : 16777215;
703 : 16777215;
704 : 16777215;
705 : 16777215;
706 : 16777215;
707 : 16777215;
708 : 16777215;
709 : 16777215;
710 : 16777215;
711 : 16777215;
712 : 16777215;
713 : 16777215;
714 : 16777215;
715 : 16777215;
716 : 16777215;
717 : 16777215;
718 : 16777215;
719 : 16777215;
720 : 16777215;
721 : 16777215;
722 : 16777215;
723 : 16777215;
724 : 16777215;
725 : 16777215;
726 : 16777215;
727 : 16777215;
728 : 16777215;
729 : 16777215;
730 : 16777215;
731 : 16777215;
732 : 16777215;
733 : 16777215;
734 : 16777215;
735 : 16777215;
736 : 16777215;
737 : 16777215;
738 : 16777215;
739 : 16777215;
740 : 16777215;
741 : 16777215;
742 : 16777215;
743 : 16777215;
744 : 16777215;
745 : 16777215;
746 : 16777215;
747 : 16777215;
748 : 16777215;
749 : 16777215;
750 : 16777215;
751 : 16777215;
752 : 16777215;
753 : 16777215;
754 : 16777215;
755 : 13355981;
756 : 11839094;
757 : 14864527;
758 : 7892555;
759 : 10853239;
760 : 15000806;
761 : 16777215;
762 : 16777215;
763 : 16777215;
764 : 16777215;
765 : 16777215;
766 : 16777215;
767 : 16777215;
768 : 16777215;
769 : 16777215;
770 : 16777215;
771 : 16777215;
772 : 16777215;
773 : 16777215;
774 : 16777215;
775 : 16777215;
776 : 16777215;
777 : 16777215;
778 : 16777215;
779 : 16777215;
780 : 16777215;
781 : 16777215;
782 : 16777215;
783 : 16777215;
784 : 16777215;
785 : 16777215;
786 : 16777215;
787 : 16777215;
788 : 16777215;
789 : 16777215;
790 : 16777215;
791 : 16777215;
792 : 16777215;
793 : 16777215;
794 : 16777215;
795 : 16777215;
796 : 16777215;
797 : 16777215;
798 : 16777215;
799 : 16777215;
800 : 16777215;
801 : 16777215;
802 : 16777215;
803 : 15593712;
804 : 7955551;
805 : 10439994;
806 : 9718328;
807 : 9197128;
808 : 15198955;
809 : 16777215;
810 : 16777215;
811 : 16777215;
812 : 16777215;
813 : 16777215;
814 : 16777215;
815 : 16777215;
816 : 16777215;
817 : 16777215;
818 : 16777215;
819 : 16777215;
820 : 16777215;
821 : 16777215;
822 : 16777215;
823 : 16777215;
824 : 16777215;
825 : 16777215;
826 : 16777215;
827 : 16777215;
828 : 16777215;
829 : 16777215;
830 : 16777215;
831 : 16777215;
832 : 16777215;
833 : 16777215;
834 : 16777215;
835 : 16777215;
836 : 16777215;
837 : 16777215;
838 : 16777215;
839 : 16777215;
840 : 16777215;
841 : 16777215;
842 : 16777215;
843 : 16777215;
844 : 16777215;
845 : 16777215;
846 : 16777215;
847 : 16777215;
848 : 16777215;
849 : 16777215;
850 : 16777215;
851 : 16777215;
852 : 16777215;
853 : 16777215;
854 : 16777215;
855 : 16777215;
856 : 16777215;
857 : 16777215;
858 : 16777215;
859 : 16777215;
860 : 16777215;
861 : 16777215;
862 : 16777215;
863 : 16777215;
864 : 16777215;
865 : 16777215;
866 : 16777215;
867 : 16777215;
868 : 16777215;
869 : 16777215;
870 : 16777215;
871 : 16777215;
872 : 16777215;
873 : 16777215;
874 : 16777215;
875 : 16777215;
876 : 16777215;
877 : 16777215;
878 : 16777215;
879 : 16777215;
880 : 16777215;
881 : 16777215;
882 : 16777215;
883 : 16316923;
884 : 9867131;
885 : 16048539;
886 : 15456407;
887 : 14667149;
888 : 10394512;
889 : 16777215;
890 : 16777215;
891 : 16777215;
892 : 16777215;
893 : 16777215;
894 : 16777215;
895 : 16777215;
896 : 16777215;
897 : 16777215;
898 : 16777215;
899 : 16777215;
900 : 16777215;
901 : 16777215;
902 : 16777215;
903 : 16777215;
904 : 16777215;
905 : 16777215;
906 : 16777215;
907 : 16777215;
908 : 16777215;
909 : 16777215;
910 : 16777215;
911 : 16777215;
912 : 16777215;
913 : 16777215;
914 : 16777215;
915 : 16777215;
916 : 16777215;
917 : 16777215;
918 : 16777215;
919 : 16777215;
920 : 16777215;
921 : 16777215;
922 : 16777215;
923 : 16777215;
924 : 16777215;
925 : 16777215;
926 : 16777215;
927 : 16777215;
928 : 16777215;
929 : 16777215;
930 : 15725042;
931 : 7955810;
932 : 10833980;
933 : 12608333;
934 : 12541768;
935 : 9530468;
936 : 16514558;
937 : 16777215;
938 : 16777215;
939 : 16777215;
940 : 16777215;
941 : 16777215;
942 : 16777215;
943 : 16777215;
944 : 16777215;
945 : 16777215;
946 : 16777215;
947 : 16777215;
948 : 16777215;
949 : 16777215;
950 : 16777215;
951 : 16777215;
952 : 16777215;
953 : 16777215;
954 : 16777215;
955 : 16777215;
956 : 16777215;
957 : 16777215;
958 : 16777215;
959 : 16777215;
960 : 16777215;
961 : 16777215;
962 : 16777215;
963 : 16777215;
964 : 16777215;
965 : 16777215;
966 : 16777215;
967 : 16777215;
968 : 16777215;
969 : 16777215;
970 : 16777215;
971 : 16777215;
972 : 16777215;
973 : 16777215;
974 : 16777215;
975 : 16777215;
976 : 16777215;
977 : 16777215;
978 : 16777215;
979 : 16777215;
980 : 16777215;
981 : 16777215;
982 : 16777215;
983 : 16777215;
984 : 16777215;
985 : 16777215;
986 : 16777215;
987 : 16777215;
988 : 16777215;
989 : 16777215;
990 : 16777215;
991 : 16777215;
992 : 16777215;
993 : 16777215;
994 : 16777215;
995 : 16777215;
996 : 16777215;
997 : 16777215;
998 : 16777215;
999 : 16777215;
1000 : 16777215;
1001 : 16777215;
1002 : 16777215;
1003 : 16777215;
1004 : 16777215;
1005 : 16777215;
1006 : 16777215;
1007 : 16777215;
1008 : 16777215;
1009 : 16777215;
1010 : 16777215;
1011 : 16777215;
1012 : 11316136;
1013 : 13286016;
1014 : 16443040;
1015 : 16508833;
1016 : 10918508;
1017 : 12303292;
1018 : 16777215;
1019 : 16777215;
1020 : 16777215;
1021 : 16777215;
1022 : 16777215;
1023 : 16777215;
1024 : 16777215;
1025 : 16777215;
1026 : 16777215;
1027 : 16777215;
1028 : 16777215;
1029 : 16777215;
1030 : 16777215;
1031 : 16777215;
1032 : 16777215;
1033 : 16777215;
1034 : 16777215;
1035 : 16777215;
1036 : 16777215;
1037 : 16777215;
1038 : 16777215;
1039 : 16777215;
1040 : 16777215;
1041 : 16777215;
1042 : 16777215;
1043 : 16777215;
1044 : 16777215;
1045 : 16777215;
1046 : 16777215;
1047 : 16777215;
1048 : 16777215;
1049 : 16777215;
1050 : 16777215;
1051 : 16777215;
1052 : 16777215;
1053 : 16777215;
1054 : 16777215;
1055 : 16777215;
1056 : 16777215;
1057 : 16120056;
1058 : 8483181;
1059 : 10439993;
1060 : 12608333;
1061 : 12345676;
1062 : 11687745;
1063 : 10060927;
1064 : 16777215;
1065 : 16777215;
1066 : 16777215;
1067 : 16777215;
1068 : 16777215;
1069 : 16777215;
1070 : 16777215;
1071 : 16777215;
1072 : 16777215;
1073 : 16777215;
1074 : 16777215;
1075 : 16777215;
1076 : 16777215;
1077 : 16777215;
1078 : 16777215;
1079 : 16777215;
1080 : 16777215;
1081 : 16777215;
1082 : 16777215;
1083 : 16777215;
1084 : 16777215;
1085 : 16777215;
1086 : 16777215;
1087 : 16777215;
1088 : 16777215;
1089 : 16777215;
1090 : 16777215;
1091 : 16777215;
1092 : 16777215;
1093 : 16777215;
1094 : 16777215;
1095 : 16777215;
1096 : 16777215;
1097 : 16777215;
1098 : 16777215;
1099 : 16777215;
1100 : 16777215;
1101 : 16777215;
1102 : 16777215;
1103 : 16777215;
1104 : 16777215;
1105 : 16777215;
1106 : 16777215;
1107 : 16777215;
1108 : 16777215;
1109 : 16777215;
1110 : 16777215;
1111 : 16777215;
1112 : 16777215;
1113 : 16777215;
1114 : 16777215;
1115 : 16777215;
1116 : 16777215;
1117 : 16777215;
1118 : 16777215;
1119 : 16777215;
1120 : 16777215;
1121 : 16777215;
1122 : 16777215;
1123 : 16777215;
1124 : 16777215;
1125 : 16777215;
1126 : 16777215;
1127 : 16777215;
1128 : 16777215;
1129 : 16777215;
1130 : 16777215;
1131 : 16777215;
1132 : 16777215;
1133 : 16777215;
1134 : 16777215;
1135 : 16777215;
1136 : 16777215;
1137 : 16777215;
1138 : 16777215;
1139 : 16777215;
1140 : 14408927;
1141 : 9932136;
1142 : 16443040;
1143 : 16114333;
1144 : 15719575;
1145 : 7762529;
1146 : 15922165;
1147 : 16777215;
1148 : 16777215;
1149 : 16777215;
1150 : 16777215;
1151 : 16777215;
1152 : 16777215;
1153 : 16777215;
1154 : 16777215;
1155 : 16777215;
1156 : 16777215;
1157 : 16777215;
1158 : 16777215;
1159 : 16777215;
1160 : 16777215;
1161 : 16777215;
1162 : 16777215;
1163 : 16777215;
1164 : 16777215;
1165 : 16777215;
1166 : 16777215;
1167 : 16777215;
1168 : 16777215;
1169 : 16777215;
1170 : 16777215;
1171 : 16777215;
1172 : 16777215;
1173 : 16777215;
1174 : 16777215;
1175 : 16777215;
1176 : 16777215;
1177 : 16777215;
1178 : 16777215;
1179 : 16777215;
1180 : 16777215;
1181 : 16777215;
1182 : 16777215;
1183 : 16777215;
1184 : 16383228;
1185 : 8681846;
1186 : 10111800;
1187 : 12674124;
1188 : 12345676;
1189 : 12477005;
1190 : 10637117;
1191 : 11248802;
1192 : 16777215;
1193 : 16777215;
1194 : 16777215;
1195 : 16777215;
1196 : 16777215;
1197 : 16777215;
1198 : 16777215;
1199 : 16777215;
1200 : 16777215;
1201 : 16777215;
1202 : 16777215;
1203 : 16777215;
1204 : 16777215;
1205 : 16777215;
1206 : 16777215;
1207 : 16777215;
1208 : 16777215;
1209 : 16777215;
1210 : 16777215;
1211 : 16777215;
1212 : 16777215;
1213 : 16777215;
1214 : 16777215;
1215 : 16777215;
1216 : 16777215;
1217 : 16777215;
1218 : 16777215;
1219 : 16777215;
1220 : 16777215;
1221 : 16777215;
1222 : 16777215;
1223 : 16777215;
1224 : 16777215;
1225 : 16777215;
1226 : 16777215;
1227 : 16777215;
1228 : 16777215;
1229 : 16777215;
1230 : 16777215;
1231 : 16777215;
1232 : 16777215;
1233 : 16777215;
1234 : 16777215;
1235 : 16777215;
1236 : 16777215;
1237 : 16777215;
1238 : 16777215;
1239 : 16777215;
1240 : 16777215;
1241 : 16777215;
1242 : 16777215;
1243 : 16777215;
1244 : 16777215;
1245 : 16777215;
1246 : 16777215;
1247 : 16777215;
1248 : 16777215;
1249 : 16777215;
1250 : 16777215;
1251 : 16777215;
1252 : 16777215;
1253 : 16777215;
1254 : 16777215;
1255 : 16777215;
1256 : 16777215;
1257 : 16777215;
1258 : 16777215;
1259 : 16777215;
1260 : 16777215;
1261 : 16777215;
1262 : 16777215;
1263 : 16777215;
1264 : 16777215;
1265 : 16777215;
1266 : 16777215;
1267 : 16777215;
1268 : 16645630;
1269 : 9078392;
1270 : 15456404;
1271 : 16114333;
1272 : 16772773;
1273 : 10852970;
1274 : 10263967;
1275 : 16777215;
1276 : 16777215;
1277 : 16777215;
1278 : 16777215;
1279 : 16777215;
1280 : 16777215;
1281 : 16777215;
1282 : 16777215;
1283 : 16777215;
1284 : 16777215;
1285 : 16777215;
1286 : 16777215;
1287 : 16777215;
1288 : 16777215;
1289 : 16777215;
1290 : 16777215;
1291 : 16777215;
1292 : 16777215;
1293 : 16777215;
1294 : 16777215;
1295 : 16777215;
1296 : 16777215;
1297 : 16777215;
1298 : 16777215;
1299 : 16777215;
1300 : 16777215;
1301 : 16777215;
1302 : 16777215;
1303 : 16777215;
1304 : 16777215;
1305 : 16777215;
1306 : 16777215;
1307 : 16777215;
1308 : 16777215;
1309 : 16777215;
1310 : 16777215;
1311 : 16777215;
1312 : 9604493;
1313 : 9061170;
1314 : 12870989;
1315 : 12411723;
1316 : 12411468;
1317 : 12476749;
1318 : 9456189;
1319 : 12961220;
1320 : 16777215;
1321 : 16777215;
1322 : 16777215;
1323 : 16777215;
1324 : 16777215;
1325 : 16777215;
1326 : 16777215;
1327 : 16777215;
1328 : 16777215;
1329 : 16777215;
1330 : 16777215;
1331 : 16777215;
1332 : 16777215;
1333 : 16777215;
1334 : 16777215;
1335 : 16777215;
1336 : 16777215;
1337 : 16777215;
1338 : 16777215;
1339 : 16777215;
1340 : 16777215;
1341 : 16777215;
1342 : 16777215;
1343 : 16777215;
1344 : 16777215;
1345 : 16777215;
1346 : 16777215;
1347 : 16777215;
1348 : 16777215;
1349 : 16777215;
1350 : 16777215;
1351 : 16777215;
1352 : 16777215;
1353 : 16777215;
1354 : 16777215;
1355 : 16777215;
1356 : 16777215;
1357 : 16777215;
1358 : 16777215;
1359 : 16777215;
1360 : 16777215;
1361 : 16777215;
1362 : 16777215;
1363 : 16777215;
1364 : 16777215;
1365 : 16777215;
1366 : 16777215;
1367 : 16777215;
1368 : 16777215;
1369 : 16777215;
1370 : 16777215;
1371 : 16777215;
1372 : 16777215;
1373 : 16777215;
1374 : 16777215;
1375 : 16777215;
1376 : 16777215;
1377 : 16777215;
1378 : 16777215;
1379 : 16777215;
1380 : 16777215;
1381 : 16777215;
1382 : 16777215;
1383 : 16777215;
1384 : 16777215;
1385 : 16777215;
1386 : 16777215;
1387 : 16777215;
1388 : 16777215;
1389 : 16777215;
1390 : 16777215;
1391 : 16777215;
1392 : 16777215;
1393 : 16777215;
1394 : 16777215;
1395 : 16777215;
1396 : 16777215;
1397 : 11184550;
1398 : 13286015;
1399 : 16377504;
1400 : 16443810;
1401 : 15786139;
1402 : 6183756;
1403 : 15527150;
1404 : 16777215;
1405 : 16777215;
1406 : 16777215;
1407 : 16777215;
1408 : 16777215;
1409 : 16777215;
1410 : 16777215;
1411 : 16777215;
1412 : 16777215;
1413 : 16777215;
1414 : 16777215;
1415 : 16777215;
1416 : 16777215;
1417 : 16777215;
1418 : 16777215;
1419 : 16777215;
1420 : 16777215;
1421 : 16777215;
1422 : 16777215;
1423 : 16777215;
1424 : 16777215;
1425 : 16777215;
1426 : 16777215;
1427 : 16777215;
1428 : 16777215;
1429 : 16777215;
1430 : 16777215;
1431 : 16777215;
1432 : 16777215;
1433 : 16777215;
1434 : 16777215;
1435 : 16777215;
1436 : 16777215;
1437 : 16777215;
1438 : 16777215;
1439 : 11250346;
1440 : 8208951;
1441 : 12608075;
1442 : 12542796;
1443 : 12411468;
1444 : 12214347;
1445 : 11754058;
1446 : 8343625;
1447 : 15330540;
1448 : 16777215;
1449 : 16777215;
1450 : 16777215;
1451 : 16777215;
1452 : 16777215;
1453 : 16777215;
1454 : 16777215;
1455 : 16777215;
1456 : 16777215;
1457 : 16777215;
1458 : 16777215;
1459 : 16777215;
1460 : 16777215;
1461 : 16777215;
1462 : 16777215;
1463 : 16777215;
1464 : 16777215;
1465 : 16777215;
1466 : 16777215;
1467 : 16777215;
1468 : 16777215;
1469 : 16777215;
1470 : 16777215;
1471 : 16777215;
1472 : 16777215;
1473 : 16777215;
1474 : 16777215;
1475 : 16777215;
1476 : 16777215;
1477 : 16777215;
1478 : 16777215;
1479 : 16777215;
1480 : 16777215;
1481 : 16777215;
1482 : 16777215;
1483 : 16777215;
1484 : 16777215;
1485 : 16777215;
1486 : 16777215;
1487 : 16777215;
1488 : 16777215;
1489 : 16777215;
1490 : 16777215;
1491 : 16777215;
1492 : 16777215;
1493 : 16777215;
1494 : 16777215;
1495 : 16777215;
1496 : 16777215;
1497 : 16777215;
1498 : 16777215;
1499 : 16777215;
1500 : 16777215;
1501 : 16777215;
1502 : 16777215;
1503 : 16777215;
1504 : 16777215;
1505 : 16777215;
1506 : 16777215;
1507 : 16777215;
1508 : 16777215;
1509 : 16777215;
1510 : 16777215;
1511 : 16777215;
1512 : 16777215;
1513 : 16777215;
1514 : 16777215;
1515 : 16777215;
1516 : 16777215;
1517 : 16777215;
1518 : 16777215;
1519 : 16777215;
1520 : 16777215;
1521 : 16777215;
1522 : 16777215;
1523 : 16777215;
1524 : 15527148;
1525 : 12895687;
1526 : 11444853;
1527 : 16574881;
1528 : 16312225;
1529 : 16773287;
1530 : 10787433;
1531 : 10987689;
1532 : 16777215;
1533 : 16777215;
1534 : 16777215;
1535 : 16777215;
1536 : 16777215;
1537 : 16777215;
1538 : 16777215;
1539 : 16777215;
1540 : 16777215;
1541 : 16777215;
1542 : 16777215;
1543 : 16777215;
1544 : 16777215;
1545 : 16777215;
1546 : 16777215;
1547 : 16777215;
1548 : 16777215;
1549 : 16777215;
1550 : 16777215;
1551 : 16777215;
1552 : 16777215;
1553 : 16777215;
1554 : 16777215;
1555 : 16777215;
1556 : 16777215;
1557 : 16777215;
1558 : 16777215;
1559 : 16777215;
1560 : 16777215;
1561 : 16777215;
1562 : 16777215;
1563 : 16777215;
1564 : 16777215;
1565 : 16777215;
1566 : 11908534;
1567 : 7421495;
1568 : 11820106;
1569 : 12411466;
1570 : 12477003;
1571 : 12083019;
1572 : 11491916;
1573 : 10834502;
1574 : 8677477;
1575 : 16645886;
1576 : 16777215;
1577 : 16777215;
1578 : 16777215;
1579 : 16777215;
1580 : 16777215;
1581 : 16777215;
1582 : 16777215;
1583 : 16777215;
1584 : 16777215;
1585 : 16777215;
1586 : 16777215;
1587 : 16777215;
1588 : 16777215;
1589 : 16777215;
1590 : 16777215;
1591 : 16777215;
1592 : 16777215;
1593 : 16777215;
1594 : 16777215;
1595 : 16777215;
1596 : 16777215;
1597 : 16777215;
1598 : 16777215;
1599 : 16777215;
1600 : 16777215;
1601 : 16777215;
1602 : 16777215;
1603 : 16777215;
1604 : 16777215;
1605 : 16777215;
1606 : 16777215;
1607 : 16777215;
1608 : 16777215;
1609 : 16777215;
1610 : 16777215;
1611 : 16777215;
1612 : 16777215;
1613 : 16777215;
1614 : 16777215;
1615 : 16777215;
1616 : 16777215;
1617 : 16777215;
1618 : 16777215;
1619 : 16777215;
1620 : 16777215;
1621 : 16777215;
1622 : 16777215;
1623 : 16777215;
1624 : 16777215;
1625 : 16777215;
1626 : 16777215;
1627 : 16777215;
1628 : 16777215;
1629 : 16777215;
1630 : 16777215;
1631 : 16777215;
1632 : 16777215;
1633 : 16777215;
1634 : 16777215;
1635 : 16777215;
1636 : 16777215;
1637 : 16777215;
1638 : 16777215;
1639 : 16777215;
1640 : 16777215;
1641 : 16777215;
1642 : 16777215;
1643 : 16777215;
1644 : 16777215;
1645 : 16777215;
1646 : 16777215;
1647 : 16777215;
1648 : 16777215;
1649 : 16777215;
1650 : 16777215;
1651 : 16777215;
1652 : 13684944;
1653 : 6842207;
1654 : 8485469;
1655 : 16509345;
1656 : 16312225;
1657 : 16509603;
1658 : 15194259;
1659 : 8815480;
1660 : 16711423;
1661 : 16777215;
1662 : 16777215;
1663 : 16777215;
1664 : 16777215;
1665 : 16777215;
1666 : 16777215;
1667 : 16777215;
1668 : 16777215;
1669 : 16777215;
1670 : 16777215;
1671 : 16777215;
1672 : 16777215;
1673 : 16777215;
1674 : 16777215;
1675 : 16777215;
1676 : 16777215;
1677 : 16777215;
1678 : 16777215;
1679 : 16777215;
1680 : 16777215;
1681 : 16777215;
1682 : 16777215;
1683 : 16777215;
1684 : 16777215;
1685 : 16777215;
1686 : 16777215;
1687 : 16777215;
1688 : 16777215;
1689 : 16777215;
1690 : 16777215;
1691 : 16777215;
1692 : 16777215;
1693 : 14475232;
1694 : 6635837;
1695 : 11162954;
1696 : 11951949;
1697 : 12411468;
1698 : 12017484;
1699 : 11360843;
1700 : 11032396;
1701 : 10046787;
1702 : 9931401;
1703 : 16777215;
1704 : 16777215;
1705 : 16777215;
1706 : 16777215;
1707 : 16777215;
1708 : 16777215;
1709 : 16777215;
1710 : 16777215;
1711 : 16777215;
1712 : 16777215;
1713 : 16777215;
1714 : 16777215;
1715 : 16777215;
1716 : 16777215;
1717 : 16777215;
1718 : 16777215;
1719 : 16777215;
1720 : 16777215;
1721 : 16777215;
1722 : 16777215;
1723 : 16777215;
1724 : 16777215;
1725 : 16777215;
1726 : 16777215;
1727 : 16777215;
1728 : 16777215;
1729 : 16777215;
1730 : 16777215;
1731 : 16777215;
1732 : 16777215;
1733 : 16777215;
1734 : 16777215;
1735 : 16777215;
1736 : 16777215;
1737 : 16777215;
1738 : 16777215;
1739 : 16777215;
1740 : 16777215;
1741 : 16777215;
1742 : 16777215;
1743 : 16777215;
1744 : 16777215;
1745 : 16777215;
1746 : 16777215;
1747 : 16777215;
1748 : 16777215;
1749 : 16777215;
1750 : 16777215;
1751 : 16777215;
1752 : 16777215;
1753 : 16777215;
1754 : 16777215;
1755 : 16777215;
1756 : 16777215;
1757 : 16777215;
1758 : 16777215;
1759 : 16777215;
1760 : 16777215;
1761 : 16777215;
1762 : 16777215;
1763 : 16777215;
1764 : 16777215;
1765 : 16777215;
1766 : 16777215;
1767 : 16777215;
1768 : 16777215;
1769 : 16777215;
1770 : 16777215;
1771 : 16777215;
1772 : 16777215;
1773 : 16777215;
1774 : 16777215;
1775 : 16777215;
1776 : 16777215;
1777 : 16777215;
1778 : 16777215;
1779 : 16777215;
1780 : 16119544;
1781 : 10459513;
1782 : 10721383;
1783 : 15851932;
1784 : 16378017;
1785 : 16312225;
1786 : 16641187;
1787 : 9275239;
1788 : 15264235;
1789 : 16777215;
1790 : 16777215;
1791 : 16777215;
1792 : 16777215;
1793 : 16777215;
1794 : 16777215;
1795 : 16777215;
1796 : 16777215;
1797 : 16777215;
1798 : 16777215;
1799 : 16777215;
1800 : 16777215;
1801 : 16777215;
1802 : 16777215;
1803 : 16777215;
1804 : 16777215;
1805 : 16777215;
1806 : 16777215;
1807 : 16777215;
1808 : 16777215;
1809 : 16777215;
1810 : 16777215;
1811 : 16777215;
1812 : 16777215;
1813 : 16777215;
1814 : 16777215;
1815 : 16777215;
1816 : 16777215;
1817 : 16777215;
1818 : 16777215;
1819 : 16777215;
1820 : 16054263;
1821 : 7364188;
1822 : 10177601;
1823 : 11360846;
1824 : 11557965;
1825 : 11623500;
1826 : 11229516;
1827 : 10967117;
1828 : 11164238;
1829 : 9061692;
1830 : 11578797;
1831 : 16777215;
1832 : 16777215;
1833 : 16777215;
1834 : 16777215;
1835 : 16777215;
1836 : 16777215;
1837 : 16777215;
1838 : 16777215;
1839 : 16777215;
1840 : 16777215;
1841 : 16777215;
1842 : 16777215;
1843 : 16777215;
1844 : 16777215;
1845 : 16777215;
1846 : 16777215;
1847 : 16777215;
1848 : 16777215;
1849 : 16777215;
1850 : 16777215;
1851 : 16777215;
1852 : 16777215;
1853 : 16777215;
1854 : 16777215;
1855 : 16777215;
1856 : 16777215;
1857 : 16777215;
1858 : 16777215;
1859 : 16777215;
1860 : 16777215;
1861 : 16777215;
1862 : 16777215;
1863 : 16777215;
1864 : 16777215;
1865 : 16777215;
1866 : 16777215;
1867 : 16777215;
1868 : 16777215;
1869 : 16777215;
1870 : 16777215;
1871 : 16777215;
1872 : 16777215;
1873 : 16777215;
1874 : 16777215;
1875 : 16777215;
1876 : 16777215;
1877 : 16777215;
1878 : 16777215;
1879 : 16777215;
1880 : 16777215;
1881 : 16777215;
1882 : 16777215;
1883 : 16777215;
1884 : 16777215;
1885 : 16777215;
1886 : 16777215;
1887 : 16777215;
1888 : 16777215;
1889 : 16777215;
1890 : 16777215;
1891 : 16777215;
1892 : 16777215;
1893 : 16777215;
1894 : 16777215;
1895 : 16777215;
1896 : 16777215;
1897 : 16777215;
1898 : 16777215;
1899 : 16777215;
1900 : 16777215;
1901 : 16777215;
1902 : 16777215;
1903 : 16777215;
1904 : 16777215;
1905 : 16777215;
1906 : 16777215;
1907 : 16777215;
1908 : 16777215;
1909 : 11776161;
1910 : 15654552;
1911 : 16378018;
1912 : 16378018;
1913 : 16312225;
1914 : 16706980;
1915 : 12563324;
1916 : 12171705;
1917 : 16777215;
1918 : 16777215;
1919 : 16777215;
1920 : 16777215;
1921 : 16777215;
1922 : 16777215;
1923 : 16777215;
1924 : 16777215;
1925 : 16777215;
1926 : 16777215;
1927 : 16777215;
1928 : 16777215;
1929 : 16777215;
1930 : 16777215;
1931 : 16777215;
1932 : 16777215;
1933 : 16777215;
1934 : 16777215;
1935 : 16777215;
1936 : 16777215;
1937 : 16777215;
1938 : 16777215;
1939 : 16777215;
1940 : 16777215;
1941 : 16777215;
1942 : 16777215;
1943 : 16777215;
1944 : 16777215;
1945 : 16777215;
1946 : 16777215;
1947 : 16711679;
1948 : 8946048;
1949 : 8864312;
1950 : 11295311;
1951 : 11098189;
1952 : 11032653;
1953 : 11032653;
1954 : 11032653;
1955 : 11032653;
1956 : 11295053;
1957 : 8406848;
1958 : 14080216;
1959 : 16777215;
1960 : 16777215;
1961 : 16777215;
1962 : 16777215;
1963 : 16777215;
1964 : 16777215;
1965 : 16777215;
1966 : 16777215;
1967 : 16777215;
1968 : 16777215;
1969 : 16777215;
1970 : 16777215;
1971 : 16777215;
1972 : 16777215;
1973 : 16777215;
1974 : 16777215;
1975 : 16777215;
1976 : 16777215;
1977 : 16777215;
1978 : 16777215;
1979 : 16777215;
1980 : 16777215;
1981 : 16777215;
1982 : 16777215;
1983 : 16777215;
1984 : 16777215;
1985 : 16777215;
1986 : 16777215;
1987 : 16777215;
1988 : 16777215;
1989 : 16777215;
1990 : 16777215;
1991 : 16777215;
1992 : 16777215;
1993 : 16777215;
1994 : 16777215;
1995 : 16777215;
1996 : 16777215;
1997 : 16777215;
1998 : 16777215;
1999 : 16777215;
2000 : 16777215;
2001 : 16777215;
2002 : 16777215;
2003 : 16777215;
2004 : 16777215;
2005 : 16777215;
2006 : 16777215;
2007 : 16777215;
2008 : 16777215;
2009 : 16777215;
2010 : 16777215;
2011 : 16777215;
2012 : 16777215;
2013 : 16777215;
2014 : 16777215;
2015 : 16777215;
2016 : 16777215;
2017 : 16777215;
2018 : 16777215;
2019 : 16777215;
2020 : 16777215;
2021 : 16777215;
2022 : 16777215;
2023 : 16777215;
2024 : 16777215;
2025 : 16777215;
2026 : 16777215;
2027 : 16777215;
2028 : 16777215;
2029 : 16777215;
2030 : 16777215;
2031 : 16777215;
2032 : 16777215;
2033 : 16777215;
2034 : 16777215;
2035 : 15856113;
2036 : 11842741;
2037 : 12961218;
2038 : 14273165;
2039 : 16575396;
2040 : 16312225;
2041 : 16312225;
2042 : 16378018;
2043 : 15654296;
2044 : 10460300;
2045 : 16777215;
2046 : 16777215;
2047 : 16777215;
2048 : 16777215;
2049 : 16777215;
2050 : 16777215;
2051 : 16777215;
2052 : 16777215;
2053 : 16777215;
2054 : 16777215;
2055 : 16777215;
2056 : 16777215;
2057 : 16777215;
2058 : 16777215;
2059 : 16777215;
2060 : 16777215;
2061 : 16777215;
2062 : 16777215;
2063 : 16777215;
2064 : 16777215;
2065 : 16777215;
2066 : 16777215;
2067 : 16777215;
2068 : 16777215;
2069 : 16777215;
2070 : 16777215;
2071 : 16777215;
2072 : 16777215;
2073 : 16777215;
2074 : 16777215;
2075 : 10987175;
2076 : 7748660;
2077 : 11360846;
2078 : 11032653;
2079 : 11032653;
2080 : 11032653;
2081 : 11032653;
2082 : 11032653;
2083 : 11032653;
2084 : 11097674;
2085 : 7951182;
2086 : 15857141;
2087 : 16777215;
2088 : 16777215;
2089 : 16777215;
2090 : 16777215;
2091 : 16777215;
2092 : 16777215;
2093 : 16777215;
2094 : 16777215;
2095 : 16777215;
2096 : 16777215;
2097 : 16777215;
2098 : 16777215;
2099 : 16777215;
2100 : 16777215;
2101 : 16777215;
2102 : 16777215;
2103 : 16777215;
2104 : 16777215;
2105 : 16777215;
2106 : 16777215;
2107 : 16777215;
2108 : 16777215;
2109 : 16777215;
2110 : 16777215;
2111 : 16777215;
2112 : 16777215;
2113 : 16777215;
2114 : 16777215;
2115 : 16777215;
2116 : 16777215;
2117 : 16777215;
2118 : 16777215;
2119 : 16777215;
2120 : 16777215;
2121 : 16777215;
2122 : 16777215;
2123 : 16777215;
2124 : 16777215;
2125 : 16777215;
2126 : 16777215;
2127 : 16777215;
2128 : 15921906;
2129 : 13750737;
2130 : 16777215;
2131 : 16777215;
2132 : 16777215;
2133 : 16777215;
2134 : 16777215;
2135 : 16777215;
2136 : 16777215;
2137 : 16777215;
2138 : 16777215;
2139 : 16777215;
2140 : 16777215;
2141 : 16777215;
2142 : 16777215;
2143 : 16777215;
2144 : 16777215;
2145 : 16777215;
2146 : 16777215;
2147 : 16777215;
2148 : 16777215;
2149 : 16777215;
2150 : 16777215;
2151 : 16777215;
2152 : 16777215;
2153 : 16777215;
2154 : 16777215;
2155 : 16777215;
2156 : 16777215;
2157 : 16777215;
2158 : 16777215;
2159 : 16777215;
2160 : 16777215;
2161 : 16777215;
2162 : 16777215;
2163 : 15921908;
2164 : 8288353;
2165 : 5920848;
2166 : 12168828;
2167 : 16772773;
2168 : 16312225;
2169 : 16312225;
2170 : 16312225;
2171 : 16706723;
2172 : 10853752;
2173 : 15330028;
2174 : 16777215;
2175 : 16777215;
2176 : 16777215;
2177 : 16777215;
2178 : 16777215;
2179 : 16777215;
2180 : 16777215;
2181 : 16777215;
2182 : 16777215;
2183 : 16777215;
2184 : 16777215;
2185 : 16777215;
2186 : 16777215;
2187 : 16777215;
2188 : 16777215;
2189 : 16777215;
2190 : 16777215;
2191 : 16777215;
2192 : 16777215;
2193 : 16777215;
2194 : 16777215;
2195 : 16777215;
2196 : 16777215;
2197 : 16777215;
2198 : 16777215;
2199 : 16777215;
2200 : 16777215;
2201 : 16777215;
2202 : 12961736;
2203 : 7225401;
2204 : 11229004;
2205 : 11032653;
2206 : 11032653;
2207 : 11032653;
2208 : 11032653;
2209 : 11032653;
2210 : 11032653;
2211 : 11032653;
2212 : 10637637;
2213 : 8218468;
2214 : 16711679;
2215 : 16777215;
2216 : 16777215;
2217 : 16777215;
2218 : 16777215;
2219 : 16777215;
2220 : 16777215;
2221 : 16777215;
2222 : 16777215;
2223 : 16777215;
2224 : 16777215;
2225 : 16777215;
2226 : 16777215;
2227 : 16777215;
2228 : 16777215;
2229 : 16777215;
2230 : 16777215;
2231 : 16777215;
2232 : 16777215;
2233 : 16777215;
2234 : 16777215;
2235 : 16777215;
2236 : 16777215;
2237 : 16777215;
2238 : 16777215;
2239 : 16777215;
2240 : 16777215;
2241 : 16777215;
2242 : 16777215;
2243 : 16777215;
2244 : 16777215;
2245 : 16777215;
2246 : 16777215;
2247 : 16777215;
2248 : 16777215;
2249 : 16777215;
2250 : 16777215;
2251 : 16777215;
2252 : 16777215;
2253 : 16777215;
2254 : 16777215;
2255 : 16777215;
2256 : 11381930;
2257 : 9671569;
2258 : 16777215;
2259 : 15329770;
2260 : 12369084;
2261 : 16777215;
2262 : 16777215;
2263 : 16777215;
2264 : 16777215;
2265 : 16777215;
2266 : 16777215;
2267 : 16777215;
2268 : 16777215;
2269 : 16777215;
2270 : 16777215;
2271 : 16777215;
2272 : 16777215;
2273 : 16777215;
2274 : 16777215;
2275 : 16777215;
2276 : 16777215;
2277 : 16777215;
2278 : 16777215;
2279 : 16777215;
2280 : 16777215;
2281 : 16777215;
2282 : 16777215;
2283 : 16777215;
2284 : 16777215;
2285 : 16777215;
2286 : 16777215;
2287 : 16777215;
2288 : 16777215;
2289 : 16777215;
2290 : 16777215;
2291 : 16645630;
2292 : 11709584;
2293 : 10721382;
2294 : 9669217;
2295 : 16773030;
2296 : 16312225;
2297 : 16312225;
2298 : 16312225;
2299 : 16641188;
2300 : 12957823;
2301 : 12632255;
2302 : 16777215;
2303 : 16777215;
2304 : 16777215;
2305 : 16777215;
2306 : 16777215;
2307 : 16777215;
2308 : 16777215;
2309 : 16777215;
2310 : 16777215;
2311 : 16777215;
2312 : 16777215;
2313 : 16777215;
2314 : 16777215;
2315 : 16777215;
2316 : 16777215;
2317 : 16777215;
2318 : 16777215;
2319 : 16777215;
2320 : 16777215;
2321 : 16777215;
2322 : 16777215;
2323 : 16777215;
2324 : 16777215;
2325 : 16777215;
2326 : 16777215;
2327 : 15593198;
2328 : 16645629;
2329 : 15988470;
2330 : 7230802;
2331 : 10834245;
2332 : 11163981;
2333 : 11098445;
2334 : 11163981;
2335 : 11032653;
2336 : 11032653;
2337 : 11032653;
2338 : 11032653;
2339 : 11163982;
2340 : 9783614;
2341 : 9603207;
2342 : 16777215;
2343 : 16777215;
2344 : 16777215;
2345 : 16777215;
2346 : 16777215;
2347 : 16777215;
2348 : 16777215;
2349 : 16777215;
2350 : 16777215;
2351 : 16777215;
2352 : 16777215;
2353 : 16777215;
2354 : 16777215;
2355 : 16777215;
2356 : 16777215;
2357 : 16777215;
2358 : 16777215;
2359 : 16777215;
2360 : 16777215;
2361 : 16777215;
2362 : 16777215;
2363 : 16777215;
2364 : 16777215;
2365 : 16777215;
2366 : 16777215;
2367 : 16777215;
2368 : 16777215;
2369 : 16777215;
2370 : 16777215;
2371 : 16777215;
2372 : 16777215;
2373 : 16777215;
2374 : 16777215;
2375 : 16777215;
2376 : 16777215;
2377 : 16777215;
2378 : 16777215;
2379 : 16777215;
2380 : 16777215;
2381 : 16777215;
2382 : 16777215;
2383 : 15987957;
2384 : 8946026;
2385 : 11315876;
2386 : 16777215;
2387 : 9604740;
2388 : 8552572;
2389 : 16777215;
2390 : 16777215;
2391 : 16777215;
2392 : 16777215;
2393 : 16777215;
2394 : 16777215;
2395 : 16777215;
2396 : 16777215;
2397 : 16777215;
2398 : 16777215;
2399 : 16777215;
2400 : 16777215;
2401 : 16777215;
2402 : 16777215;
2403 : 16777215;
2404 : 16777215;
2405 : 16777215;
2406 : 16777215;
2407 : 16777215;
2408 : 16777215;
2409 : 16777215;
2410 : 16777215;
2411 : 16777215;
2412 : 16777215;
2413 : 16777215;
2414 : 16777215;
2415 : 16777215;
2416 : 16777215;
2417 : 16777215;
2418 : 16777215;
2419 : 16777215;
2420 : 11381661;
2421 : 15325588;
2422 : 14141836;
2423 : 16378274;
2424 : 16312225;
2425 : 16312225;
2426 : 16312225;
2427 : 16443811;
2428 : 14931088;
2429 : 9934219;
2430 : 16777215;
2431 : 16777215;
2432 : 16777215;
2433 : 16777215;
2434 : 16777215;
2435 : 16777215;
2436 : 16777215;
2437 : 16777215;
2438 : 16777215;
2439 : 16777215;
2440 : 16777215;
2441 : 16777215;
2442 : 16777215;
2443 : 16777215;
2444 : 16777215;
2445 : 16777215;
2446 : 16777215;
2447 : 16777215;
2448 : 16777215;
2449 : 16777215;
2450 : 16777215;
2451 : 16777215;
2452 : 16777215;
2453 : 15790320;
2454 : 15658992;
2455 : 9470592;
2456 : 13092549;
2457 : 9865607;
2458 : 9718078;
2459 : 11360846;
2460 : 11032652;
2461 : 10966859;
2462 : 10966603;
2463 : 10901067;
2464 : 10901067;
2465 : 10901067;
2466 : 10966860;
2467 : 11229518;
2468 : 8470583;
2469 : 11579311;
2470 : 16777215;
2471 : 16777215;
2472 : 16777215;
2473 : 16777215;
2474 : 16777215;
2475 : 16777215;
2476 : 16777215;
2477 : 16777215;
2478 : 16777215;
2479 : 16777215;
2480 : 16777215;
2481 : 16777215;
2482 : 16777215;
2483 : 16777215;
2484 : 16777215;
2485 : 16777215;
2486 : 16777215;
2487 : 16777215;
2488 : 16777215;
2489 : 16777215;
2490 : 16777215;
2491 : 16777215;
2492 : 16777215;
2493 : 16777215;
2494 : 16777215;
2495 : 16777215;
2496 : 16777215;
2497 : 16777215;
2498 : 16777215;
2499 : 16777215;
2500 : 16777215;
2501 : 16777215;
2502 : 16777215;
2503 : 16777215;
2504 : 16777215;
2505 : 16777215;
2506 : 16777215;
2507 : 16777215;
2508 : 16777215;
2509 : 16777215;
2510 : 16777215;
2511 : 12434360;
2512 : 10193505;
2513 : 11908016;
2514 : 14144979;
2515 : 9930340;
2516 : 10921121;
2517 : 16777215;
2518 : 16777215;
2519 : 16777215;
2520 : 16777215;
2521 : 16777215;
2522 : 16777215;
2523 : 16777215;
2524 : 16119285;
2525 : 16777215;
2526 : 16777215;
2527 : 16777215;
2528 : 16777215;
2529 : 16777215;
2530 : 16777215;
2531 : 16777215;
2532 : 16777215;
2533 : 16777215;
2534 : 16777215;
2535 : 16777215;
2536 : 16777215;
2537 : 16777215;
2538 : 16777215;
2539 : 16777215;
2540 : 16777215;
2541 : 16777215;
2542 : 16777215;
2543 : 16777215;
2544 : 16777215;
2545 : 16777215;
2546 : 16777215;
2547 : 16777215;
2548 : 12631734;
2549 : 14996625;
2550 : 16706981;
2551 : 16378018;
2552 : 16378018;
2553 : 16378018;
2554 : 16312225;
2555 : 16246432;
2556 : 16443552;
2557 : 8485472;
2558 : 15330028;
2559 : 16777215;
2560 : 16777215;
2561 : 16777215;
2562 : 16777215;
2563 : 16777215;
2564 : 16777215;
2565 : 16777215;
2566 : 16777215;
2567 : 16777215;
2568 : 16777215;
2569 : 16777215;
2570 : 16777215;
2571 : 16777215;
2572 : 16777215;
2573 : 16777215;
2574 : 16777215;
2575 : 16777215;
2576 : 16777215;
2577 : 16777215;
2578 : 16777215;
2579 : 16777215;
2580 : 16777215;
2581 : 13092036;
2582 : 6118235;
2583 : 8541262;
2584 : 6176057;
2585 : 8931391;
2586 : 11426382;
2587 : 11032652;
2588 : 10835531;
2589 : 10835275;
2590 : 10835274;
2591 : 10835274;
2592 : 10835274;
2593 : 10901067;
2594 : 10901067;
2595 : 11163468;
2596 : 7487288;
2597 : 13685715;
2598 : 16777215;
2599 : 16777215;
2600 : 16777215;
2601 : 16777215;
2602 : 16777215;
2603 : 16777215;
2604 : 16777215;
2605 : 16777215;
2606 : 16777215;
2607 : 16777215;
2608 : 16777215;
2609 : 16777215;
2610 : 16777215;
2611 : 16777215;
2612 : 16777215;
2613 : 16777215;
2614 : 16777215;
2615 : 16777215;
2616 : 16777215;
2617 : 16777215;
2618 : 16777215;
2619 : 16777215;
2620 : 16777215;
2621 : 16777215;
2622 : 16777215;
2623 : 16777215;
2624 : 16777215;
2625 : 16777215;
2626 : 16777215;
2627 : 16777215;
2628 : 16777215;
2629 : 16777215;
2630 : 16777215;
2631 : 16777215;
2632 : 16777215;
2633 : 16777215;
2634 : 16777215;
2635 : 16777215;
2636 : 16777215;
2637 : 16777215;
2638 : 16119287;
2639 : 9735287;
2640 : 12758653;
2641 : 9473934;
2642 : 10918012;
2643 : 10785386;
2644 : 11711155;
2645 : 16777215;
2646 : 16777215;
2647 : 16777215;
2648 : 16777215;
2649 : 16777215;
2650 : 16448508;
2651 : 8552830;
2652 : 10329501;
2653 : 16777215;
2654 : 16777215;
2655 : 16777215;
2656 : 16777215;
2657 : 16777215;
2658 : 16777215;
2659 : 16777215;
2660 : 16777215;
2661 : 16777215;
2662 : 16777215;
2663 : 16777215;
2664 : 16777215;
2665 : 16777215;
2666 : 16777215;
2667 : 16777215;
2668 : 16777215;
2669 : 16777215;
2670 : 16777215;
2671 : 16777215;
2672 : 16777215;
2673 : 16777215;
2674 : 16777215;
2675 : 16777215;
2676 : 12894905;
2677 : 15128211;
2678 : 16509603;
2679 : 16378018;
2680 : 16312482;
2681 : 16312481;
2682 : 16246432;
2683 : 16048541;
2684 : 16574882;
2685 : 10392165;
2686 : 12105915;
2687 : 16777215;
2688 : 16777215;
2689 : 16777215;
2690 : 16777215;
2691 : 16777215;
2692 : 16777215;
2693 : 16777215;
2694 : 16777215;
2695 : 16777215;
2696 : 16777215;
2697 : 16777215;
2698 : 16777215;
2699 : 16777215;
2700 : 16777215;
2701 : 16777215;
2702 : 16777215;
2703 : 16777215;
2704 : 16777215;
2705 : 16777215;
2706 : 16777215;
2707 : 16777215;
2708 : 16777215;
2709 : 11643560;
2710 : 3544850;
2711 : 8340026;
2712 : 9653057;
2713 : 10966603;
2714 : 11098189;
2715 : 10901066;
2716 : 10835274;
2717 : 10901067;
2718 : 10901067;
2719 : 10835274;
2720 : 10901067;
2721 : 10901067;
2722 : 10835274;
2723 : 10965833;
2724 : 6702401;
2725 : 15593712;
2726 : 16777215;
2727 : 16777215;
2728 : 16777215;
2729 : 16777215;
2730 : 16777215;
2731 : 16777215;
2732 : 16777215;
2733 : 16777215;
2734 : 16777215;
2735 : 16777215;
2736 : 16777215;
2737 : 16777215;
2738 : 16777215;
2739 : 16777215;
2740 : 16777215;
2741 : 16777215;
2742 : 16777215;
2743 : 16777215;
2744 : 16777215;
2745 : 16777215;
2746 : 16777215;
2747 : 16777215;
2748 : 16777215;
2749 : 16777215;
2750 : 16777215;
2751 : 16777215;
2752 : 16777215;
2753 : 16777215;
2754 : 16777215;
2755 : 16777215;
2756 : 16777215;
2757 : 16777215;
2758 : 16777215;
2759 : 16777215;
2760 : 16777215;
2761 : 16777215;
2762 : 16777215;
2763 : 16777215;
2764 : 16777215;
2765 : 16777215;
2766 : 12698050;
2767 : 10852207;
2768 : 13219719;
2769 : 6380105;
2770 : 14468754;
2771 : 10259558;
2772 : 8816264;
2773 : 16777215;
2774 : 16777215;
2775 : 16777215;
2776 : 16777215;
2777 : 15921908;
2778 : 10065289;
2779 : 7235149;
2780 : 13092809;
2781 : 13619151;
2782 : 16777215;
2783 : 16777215;
2784 : 16777215;
2785 : 16777215;
2786 : 16777215;
2787 : 16777215;
2788 : 16777215;
2789 : 16777215;
2790 : 16777215;
2791 : 16777215;
2792 : 16777215;
2793 : 16777215;
2794 : 16777215;
2795 : 16777215;
2796 : 16777215;
2797 : 16777215;
2798 : 16777215;
2799 : 16777215;
2800 : 16777215;
2801 : 16777215;
2802 : 16777215;
2803 : 16777215;
2804 : 12368302;
2805 : 15259796;
2806 : 16509347;
2807 : 16312225;
2808 : 16246432;
2809 : 16114846;
2810 : 16048797;
2811 : 15982748;
2812 : 16245918;
2813 : 13286015;
2814 : 8816002;
2815 : 16777215;
2816 : 16777215;
2817 : 16777215;
2818 : 16777215;
2819 : 16777215;
2820 : 16777215;
2821 : 16777215;
2822 : 16777215;
2823 : 16777215;
2824 : 16777215;
2825 : 16777215;
2826 : 16777215;
2827 : 16777215;
2828 : 16777215;
2829 : 16777215;
2830 : 16777215;
2831 : 16777215;
2832 : 16777215;
2833 : 16777215;
2834 : 16777215;
2835 : 16777215;
2836 : 16777215;
2837 : 10195086;
2838 : 7485230;
2839 : 7552052;
2840 : 11557968;
2841 : 11163725;
2842 : 11032396;
2843 : 10901067;
2844 : 10835275;
2845 : 10901067;
2846 : 10901067;
2847 : 10966860;
2848 : 11032653;
2849 : 10966860;
2850 : 10966603;
2851 : 10243138;
2852 : 6706772;
2853 : 16645886;
2854 : 16777215;
2855 : 16777215;
2856 : 16777215;
2857 : 16777215;
2858 : 16777215;
2859 : 16777215;
2860 : 16777215;
2861 : 16777215;
2862 : 16777215;
2863 : 16777215;
2864 : 16777215;
2865 : 16777215;
2866 : 16777215;
2867 : 16777215;
2868 : 16777215;
2869 : 16777215;
2870 : 16777215;
2871 : 16777215;
2872 : 16777215;
2873 : 16777215;
2874 : 16777215;
2875 : 16777215;
2876 : 16777215;
2877 : 16777215;
2878 : 16777215;
2879 : 16777215;
2880 : 16777215;
2881 : 16777215;
2882 : 16777215;
2883 : 16777215;
2884 : 16777215;
2885 : 16777215;
2886 : 16777215;
2887 : 16777215;
2888 : 16777215;
2889 : 16777215;
2890 : 16777215;
2891 : 16777215;
2892 : 16777215;
2893 : 16711679;
2894 : 8947068;
2895 : 14140302;
2896 : 11312500;
2897 : 11575413;
2898 : 15192731;
2899 : 13482375;
2900 : 5328453;
2901 : 10066587;
2902 : 16777215;
2903 : 16777215;
2904 : 15922165;
2905 : 9341824;
2906 : 11903860;
2907 : 5986123;
2908 : 6907484;
2909 : 10987174;
2910 : 16777215;
2911 : 16777215;
2912 : 16777215;
2913 : 16777215;
2914 : 16777215;
2915 : 16777215;
2916 : 16777215;
2917 : 16777215;
2918 : 16777215;
2919 : 16777215;
2920 : 16777215;
2921 : 16777215;
2922 : 16777215;
2923 : 16777215;
2924 : 16777215;
2925 : 16777215;
2926 : 16777215;
2927 : 16777215;
2928 : 16777215;
2929 : 16777215;
2930 : 16777215;
2931 : 16777215;
2932 : 12697003;
2933 : 15851673;
2934 : 16246175;
2935 : 16114333;
2936 : 16048541;
2937 : 16048285;
2938 : 15982748;
2939 : 15982748;
2940 : 15916956;
2941 : 15324820;
2942 : 7235931;
2943 : 16119287;
2944 : 16777215;
2945 : 16777215;
2946 : 16777215;
2947 : 16777215;
2948 : 16777215;
2949 : 16777215;
2950 : 16777215;
2951 : 16777215;
2952 : 16777215;
2953 : 16777215;
2954 : 16777215;
2955 : 16777215;
2956 : 16777215;
2957 : 16777215;
2958 : 16777215;
2959 : 16777215;
2960 : 16777215;
2961 : 16777215;
2962 : 16777215;
2963 : 16777215;
2964 : 16777215;
2965 : 8351596;
2966 : 9980736;
2967 : 9325120;
2968 : 11163982;
2969 : 11032653;
2970 : 11032653;
2971 : 11032653;
2972 : 11032653;
2973 : 11032653;
2974 : 11032653;
2975 : 11032653;
2976 : 11032653;
2977 : 11032653;
2978 : 11163981;
2979 : 9323835;
2980 : 8288375;
2981 : 16777215;
2982 : 16777215;
2983 : 16777215;
2984 : 16777215;
2985 : 16777215;
2986 : 16777215;
2987 : 16777215;
2988 : 16777215;
2989 : 16777215;
2990 : 16777215;
2991 : 16777215;
2992 : 16777215;
2993 : 16777215;
2994 : 16777215;
2995 : 16777215;
2996 : 16777215;
2997 : 16777215;
2998 : 16777215;
2999 : 16777215;
3000 : 16777215;
3001 : 16777215;
3002 : 16777215;
3003 : 16777215;
3004 : 16777215;
3005 : 16777215;
3006 : 16777215;
3007 : 16777215;
3008 : 16777215;
3009 : 16777215;
3010 : 16777215;
3011 : 16777215;
3012 : 16777215;
3013 : 16777215;
3014 : 16777215;
3015 : 16777215;
3016 : 16777215;
3017 : 16711679;
3018 : 12829892;
3019 : 15395562;
3020 : 16777215;
3021 : 14343133;
3022 : 8945250;
3023 : 15324316;
3024 : 12430463;
3025 : 14469524;
3026 : 14798488;
3027 : 14798231;
3028 : 8747094;
3029 : 8552829;
3030 : 16777215;
3031 : 15987957;
3032 : 8354932;
3033 : 12429947;
3034 : 12824450;
3035 : 9338974;
3036 : 10589299;
3037 : 13224910;
3038 : 11711155;
3039 : 8749954;
3040 : 8750210;
3041 : 10526879;
3042 : 13487566;
3043 : 16053495;
3044 : 16777215;
3045 : 16777215;
3046 : 16777215;
3047 : 16777215;
3048 : 16777215;
3049 : 16777215;
3050 : 16777215;
3051 : 16777215;
3052 : 16777215;
3053 : 16777215;
3054 : 16777215;
3055 : 16777215;
3056 : 16777215;
3057 : 16777215;
3058 : 16777215;
3059 : 16316667;
3060 : 12169616;
3061 : 16246173;
3062 : 16048541;
3063 : 15982748;
3064 : 15982748;
3065 : 15982748;
3066 : 15916955;
3067 : 15785371;
3068 : 15653786;
3069 : 15653530;
3070 : 9208940;
3071 : 15724787;
3072 : 16777215;
3073 : 16777215;
3074 : 16777215;
3075 : 16777215;
3076 : 16777215;
3077 : 16777215;
3078 : 16777215;
3079 : 16777215;
3080 : 16777215;
3081 : 16777215;
3082 : 16777215;
3083 : 16777215;
3084 : 16777215;
3085 : 16777215;
3086 : 16777215;
3087 : 16777215;
3088 : 16777215;
3089 : 16777215;
3090 : 16777215;
3091 : 16777215;
3092 : 16580350;
3093 : 7428438;
3094 : 10834759;
3095 : 11229518;
3096 : 11032653;
3097 : 11032653;
3098 : 11032653;
3099 : 10966860;
3100 : 11032653;
3101 : 11032653;
3102 : 11032653;
3103 : 11032653;
3104 : 11032653;
3105 : 11032653;
3106 : 11295311;
3107 : 7813681;
3108 : 10395551;
3109 : 16777215;
3110 : 16777215;
3111 : 16777215;
3112 : 16777215;
3113 : 16777215;
3114 : 16777215;
3115 : 16777215;
3116 : 16777215;
3117 : 16777215;
3118 : 16777215;
3119 : 16777215;
3120 : 16777215;
3121 : 16777215;
3122 : 16777215;
3123 : 16777215;
3124 : 16777215;
3125 : 16777215;
3126 : 16777215;
3127 : 16777215;
3128 : 16777215;
3129 : 16777215;
3130 : 16777215;
3131 : 16777215;
3132 : 16777215;
3133 : 16777215;
3134 : 16777215;
3135 : 16777215;
3136 : 16777215;
3137 : 16777215;
3138 : 16777215;
3139 : 16777215;
3140 : 16777215;
3141 : 12763842;
3142 : 13684686;
3143 : 16777215;
3144 : 14343647;
3145 : 9338996;
3146 : 7431516;
3147 : 15724784;
3148 : 16777215;
3149 : 10000019;
3150 : 12364412;
3151 : 14995610;
3152 : 14929817;
3153 : 14798232;
3154 : 14732439;
3155 : 14995354;
3156 : 12956545;
3157 : 10000019;
3158 : 16251129;
3159 : 8091763;
3160 : 11903863;
3161 : 14994840;
3162 : 13876620;
3163 : 9799011;
3164 : 5722175;
3165 : 7827032;
3166 : 10391401;
3167 : 12101497;
3168 : 12298619;
3169 : 11443827;
3170 : 10326125;
3171 : 9866616;
3172 : 11973548;
3173 : 15000806;
3174 : 16777215;
3175 : 16777215;
3176 : 16777215;
3177 : 16777215;
3178 : 16777215;
3179 : 16777215;
3180 : 16777215;
3181 : 16777215;
3182 : 16777215;
3183 : 16777215;
3184 : 16777215;
3185 : 16777215;
3186 : 16580093;
3187 : 8947590;
3188 : 12694140;
3189 : 16311711;
3190 : 15916955;
3191 : 15851419;
3192 : 15851419;
3193 : 15850907;
3194 : 15719578;
3195 : 15587738;
3196 : 15324825;
3197 : 14732177;
3198 : 9538427;
3199 : 16514301;
3200 : 16777215;
3201 : 16777215;
3202 : 16777215;
3203 : 16777215;
3204 : 16777215;
3205 : 16777215;
3206 : 16777215;
3207 : 16777215;
3208 : 16777215;
3209 : 16777215;
3210 : 16777215;
3211 : 16777215;
3212 : 16777215;
3213 : 16777215;
3214 : 16777215;
3215 : 16777215;
3216 : 16777215;
3217 : 16777215;
3218 : 16777215;
3219 : 16777215;
3220 : 15330541;
3221 : 7096130;
3222 : 11229004;
3223 : 11032653;
3224 : 11032653;
3225 : 11032653;
3226 : 11032653;
3227 : 10966860;
3228 : 11032653;
3229 : 11032653;
3230 : 11032653;
3231 : 11098189;
3232 : 11032653;
3233 : 11032653;
3234 : 11360847;
3235 : 6698543;
3236 : 12567234;
3237 : 16777215;
3238 : 16777215;
3239 : 16777215;
3240 : 16777215;
3241 : 16777215;
3242 : 16777215;
3243 : 16777215;
3244 : 16777215;
3245 : 16777215;
3246 : 16777215;
3247 : 16777215;
3248 : 16777215;
3249 : 16777215;
3250 : 16777215;
3251 : 16777215;
3252 : 16777215;
3253 : 16777215;
3254 : 16777215;
3255 : 16777215;
3256 : 16777215;
3257 : 16777215;
3258 : 16777215;
3259 : 16777215;
3260 : 16777215;
3261 : 16777215;
3262 : 16777215;
3263 : 16777215;
3264 : 16777215;
3265 : 16777215;
3266 : 16777215;
3267 : 16777215;
3268 : 10000536;
3269 : 7887166;
3270 : 12763325;
3271 : 12434104;
3272 : 10386267;
3273 : 11698776;
3274 : 14407893;
3275 : 16777215;
3276 : 15987957;
3277 : 8419687;
3278 : 14798229;
3279 : 14798232;
3280 : 14732439;
3281 : 14732439;
3282 : 14732439;
3283 : 15061403;
3284 : 12167034;
3285 : 11118759;
3286 : 8421245;
3287 : 10983021;
3288 : 15192987;
3289 : 14732439;
3290 : 13153927;
3291 : 10062695;
3292 : 13811597;
3293 : 15192731;
3294 : 15192988;
3295 : 15061403;
3296 : 14995610;
3297 : 15126939;
3298 : 15061145;
3299 : 14666387;
3300 : 13153155;
3301 : 10720887;
3302 : 10657429;
3303 : 14079702;
3304 : 16645631;
3305 : 16777215;
3306 : 16777215;
3307 : 16777215;
3308 : 16777215;
3309 : 16777215;
3310 : 16777215;
3311 : 16777215;
3312 : 16777215;
3313 : 15658736;
3314 : 7697781;
3315 : 9076312;
3316 : 15982750;
3317 : 15654043;
3318 : 15653530;
3319 : 15587994;
3320 : 15587738;
3321 : 15521946;
3322 : 15390360;
3323 : 15192728;
3324 : 15061142;
3325 : 13547909;
3326 : 12368307;
3327 : 16777215;
3328 : 16777215;
3329 : 16777215;
3330 : 16777215;
3331 : 16777215;
3332 : 16777215;
3333 : 16777215;
3334 : 16777215;
3335 : 16777215;
3336 : 16777215;
3337 : 16777215;
3338 : 16777215;
3339 : 16777215;
3340 : 16777215;
3341 : 16777215;
3342 : 16777215;
3343 : 16777215;
3344 : 16777215;
3345 : 16777215;
3346 : 16777215;
3347 : 16777215;
3348 : 13356750;
3349 : 7289909;
3350 : 11360846;
3351 : 11032653;
3352 : 11032653;
3353 : 11032653;
3354 : 11032653;
3355 : 11032653;
3356 : 11032653;
3357 : 11032653;
3358 : 11032653;
3359 : 11163725;
3360 : 11032653;
3361 : 11032653;
3362 : 11229260;
3363 : 6504251;
3364 : 15067625;
3365 : 16777215;
3366 : 16777215;
3367 : 16777215;
3368 : 16777215;
3369 : 16777215;
3370 : 16777215;
3371 : 16777215;
3372 : 16777215;
3373 : 16777215;
3374 : 16777215;
3375 : 16777215;
3376 : 16777215;
3377 : 16777215;
3378 : 16777215;
3379 : 16777215;
3380 : 16777215;
3381 : 16777215;
3382 : 16777215;
3383 : 16777215;
3384 : 16777215;
3385 : 16777215;
3386 : 16777215;
3387 : 16777215;
3388 : 16777215;
3389 : 16777215;
3390 : 16777215;
3391 : 16777215;
3392 : 16777215;
3393 : 16777215;
3394 : 16119800;
3395 : 9539726;
3396 : 10318671;
3397 : 11041878;
3398 : 7497049;
3399 : 13670762;
3400 : 16100977;
3401 : 10455673;
3402 : 16448766;
3403 : 16777215;
3404 : 13158858;
3405 : 10260074;
3406 : 15192731;
3407 : 14798232;
3408 : 14732439;
3409 : 14797975;
3410 : 14797975;
3411 : 15126939;
3412 : 12101757;
3413 : 4737096;
3414 : 9602402;
3415 : 15390109;
3416 : 14798232;
3417 : 14732439;
3418 : 14929817;
3419 : 15192732;
3420 : 14864025;
3421 : 14798232;
3422 : 14798232;
3423 : 14798232;
3424 : 14732182;
3425 : 14534805;
3426 : 14468756;
3427 : 14402964;
3428 : 14534548;
3429 : 14731412;
3430 : 13613702;
3431 : 11838844;
3432 : 10920335;
3433 : 13487307;
3434 : 15593201;
3435 : 16777215;
3436 : 16777215;
3437 : 16645887;
3438 : 15527150;
3439 : 13487567;
3440 : 10066070;
3441 : 6775124;
3442 : 10522727;
3443 : 15390105;
3444 : 15127448;
3445 : 15192984;
3446 : 15192984;
3447 : 15192727;
3448 : 15127191;
3449 : 15061143;
3450 : 14929302;
3451 : 14732181;
3452 : 14797718;
3453 : 11773056;
3454 : 15132647;
3455 : 16777215;
3456 : 16777215;
3457 : 16777215;
3458 : 16777215;
3459 : 16777215;
3460 : 16777215;
3461 : 16777215;
3462 : 16777215;
3463 : 16777215;
3464 : 16777215;
3465 : 16777215;
3466 : 16777215;
3467 : 16777215;
3468 : 16777215;
3469 : 16777215;
3470 : 16777215;
3471 : 16777215;
3472 : 16777215;
3473 : 16777215;
3474 : 16777215;
3475 : 16777215;
3476 : 10395036;
3477 : 8601655;
3478 : 11229774;
3479 : 11032653;
3480 : 11032653;
3481 : 11032653;
3482 : 11032653;
3483 : 10966860;
3484 : 10966860;
3485 : 10966860;
3486 : 11032653;
3487 : 11032653;
3488 : 11032653;
3489 : 11032653;
3490 : 10703429;
3491 : 7166294;
3492 : 16580350;
3493 : 16777215;
3494 : 16777215;
3495 : 16777215;
3496 : 16777215;
3497 : 16777215;
3498 : 16777215;
3499 : 16777215;
3500 : 16777215;
3501 : 16777215;
3502 : 16777215;
3503 : 16777215;
3504 : 16777215;
3505 : 16777215;
3506 : 16777215;
3507 : 16777215;
3508 : 16777215;
3509 : 16777215;
3510 : 16777215;
3511 : 16777215;
3512 : 16777215;
3513 : 16777215;
3514 : 16777215;
3515 : 16777215;
3516 : 16777215;
3517 : 16777215;
3518 : 16777215;
3519 : 16777215;
3520 : 16777215;
3521 : 14080475;
3522 : 7826531;
3523 : 12289882;
3524 : 16759936;
3525 : 13736296;
3526 : 14787179;
3527 : 16758393;
3528 : 12223063;
3529 : 12961221;
3530 : 16777215;
3531 : 16777215;
3532 : 10131346;
3533 : 13087875;
3534 : 14929817;
3535 : 14798232;
3536 : 14732439;
3537 : 14732439;
3538 : 14798232;
3539 : 15192988;
3540 : 10983794;
3541 : 6379585;
3542 : 15192987;
3543 : 14798232;
3544 : 14732439;
3545 : 14798232;
3546 : 14798232;
3547 : 14798232;
3548 : 14732439;
3549 : 14732439;
3550 : 14732183;
3551 : 14600597;
3552 : 14469012;
3553 : 14402963;
3554 : 14402964;
3555 : 14402964;
3556 : 14402963;
3557 : 14468755;
3558 : 14797973;
3559 : 15258522;
3560 : 14535058;
3561 : 12233086;
3562 : 9932147;
3563 : 9736326;
3564 : 8157814;
3565 : 6973022;
3566 : 7498071;
3567 : 9076063;
3568 : 11640436;
3569 : 14139790;
3570 : 14995095;
3571 : 14600595;
3572 : 14666388;
3573 : 14797973;
3574 : 14863765;
3575 : 14797972;
3576 : 14731924;
3577 : 14666133;
3578 : 14600084;
3579 : 14534292;
3580 : 14336913;
3581 : 10195843;
3582 : 16580094;
3583 : 16777215;
3584 : 16777215;
3585 : 16777215;
3586 : 16777215;
3587 : 16777215;
3588 : 16777215;
3589 : 16777215;
3590 : 16777215;
3591 : 16777215;
3592 : 16777215;
3593 : 16777215;
3594 : 16777215;
3595 : 16777215;
3596 : 16777215;
3597 : 16777215;
3598 : 16777215;
3599 : 16777215;
3600 : 16777215;
3601 : 16777215;
3602 : 16777215;
3603 : 16711679;
3604 : 7891046;
3605 : 10309187;
3606 : 11098189;
3607 : 11032653;
3608 : 11032653;
3609 : 11032653;
3610 : 11032653;
3611 : 10966860;
3612 : 10901067;
3613 : 10901067;
3614 : 10966860;
3615 : 11032653;
3616 : 11032653;
3617 : 11229774;
3618 : 9389627;
3619 : 9209477;
3620 : 16777215;
3621 : 16777215;
3622 : 16777215;
3623 : 16777215;
3624 : 16777215;
3625 : 16777215;
3626 : 16777215;
3627 : 16777215;
3628 : 16777215;
3629 : 16777215;
3630 : 16777215;
3631 : 16777215;
3632 : 16777215;
3633 : 16777215;
3634 : 16777215;
3635 : 16777215;
3636 : 16777215;
3637 : 16777215;
3638 : 16777215;
3639 : 16777215;
3640 : 16777215;
3641 : 16777215;
3642 : 16777215;
3643 : 16777215;
3644 : 16777215;
3645 : 16777215;
3646 : 16777215;
3647 : 16646143;
3648 : 11514032;
3649 : 7888202;
3650 : 14260838;
3651 : 16628350;
3652 : 16168058;
3653 : 16363638;
3654 : 16229484;
3655 : 15437143;
3656 : 9993582;
3657 : 16317436;
3658 : 12434877;
3659 : 16185080;
3660 : 9011823;
3661 : 14732180;
3662 : 14798232;
3663 : 14798232;
3664 : 14732439;
3665 : 14732439;
3666 : 14798232;
3667 : 15192732;
3668 : 11049073;
3669 : 11180915;
3670 : 15192988;
3671 : 14798232;
3672 : 14732439;
3673 : 14798232;
3674 : 14798232;
3675 : 14797975;
3676 : 14666646;
3677 : 14534548;
3678 : 14468757;
3679 : 14402964;
3680 : 14468755;
3681 : 14402963;
3682 : 14402964;
3683 : 14402963;
3684 : 14402963;
3685 : 14600340;
3686 : 14798230;
3687 : 14864278;
3688 : 14864023;
3689 : 15061146;
3690 : 15061145;
3691 : 13877131;
3692 : 12890497;
3693 : 13811595;
3694 : 14665875;
3695 : 14863255;
3696 : 14731670;
3697 : 14468756;
3698 : 14469010;
3699 : 14469010;
3700 : 14534803;
3701 : 14666645;
3702 : 14798230;
3703 : 14732695;
3704 : 14600596;
3705 : 14468755;
3706 : 14402964;
3707 : 14665878;
3708 : 12232572;
3709 : 10526363;
3710 : 16777215;
3711 : 16777215;
3712 : 16777215;
3713 : 16777215;
3714 : 16777215;
3715 : 16777215;
3716 : 16777215;
3717 : 16777215;
3718 : 16777215;
3719 : 16777215;
3720 : 16777215;
3721 : 16777215;
3722 : 16777215;
3723 : 16777215;
3724 : 16777215;
3725 : 16777215;
3726 : 16777215;
3727 : 16777215;
3728 : 16777215;
3729 : 16777215;
3730 : 16777215;
3731 : 15067369;
3732 : 7030079;
3733 : 11229260;
3734 : 11032653;
3735 : 11032653;
3736 : 11032653;
3737 : 11032653;
3738 : 11032653;
3739 : 11098189;
3740 : 11295054;
3741 : 11097932;
3742 : 10901067;
3743 : 10901067;
3744 : 10901067;
3745 : 11360846;
3746 : 7683381;
3747 : 12566721;
3748 : 16777215;
3749 : 16777215;
3750 : 16777215;
3751 : 16777215;
3752 : 16777215;
3753 : 16777215;
3754 : 16777215;
3755 : 16777215;
3756 : 16777215;
3757 : 16777215;
3758 : 16777215;
3759 : 16777215;
3760 : 16777215;
3761 : 16777215;
3762 : 16777215;
3763 : 16777215;
3764 : 16777215;
3765 : 16777215;
3766 : 16777215;
3767 : 16777215;
3768 : 16777215;
3769 : 16777215;
3770 : 16777215;
3771 : 16777215;
3772 : 16777215;
3773 : 16777215;
3774 : 13883095;
3775 : 9470842;
3776 : 11106643;
3777 : 16167544;
3778 : 16430973;
3779 : 16035703;
3780 : 16032619;
3781 : 15766108;
3782 : 15960146;
3783 : 12281148;
3784 : 10263194;
3785 : 14277338;
3786 : 5591887;
3787 : 12961223;
3788 : 10063210;
3789 : 15192731;
3790 : 14798232;
3791 : 14798232;
3792 : 14798232;
3793 : 14798232;
3794 : 14732439;
3795 : 14797975;
3796 : 13745804;
3797 : 13943183;
3798 : 14864025;
3799 : 14798232;
3800 : 14798232;
3801 : 14732439;
3802 : 14732439;
3803 : 14534805;
3804 : 14402963;
3805 : 14402964;
3806 : 14402964;
3807 : 14402964;
3808 : 14402963;
3809 : 14402963;
3810 : 14468500;
3811 : 14468755;
3812 : 14534547;
3813 : 14732182;
3814 : 14798231;
3815 : 14798231;
3816 : 14798232;
3817 : 14798232;
3818 : 14732439;
3819 : 14864024;
3820 : 14995610;
3821 : 14864024;
3822 : 14732182;
3823 : 14534547;
3824 : 14468754;
3825 : 14468754;
3826 : 14469010;
3827 : 14600596;
3828 : 14666646;
3829 : 14732439;
3830 : 14798232;
3831 : 14798232;
3832 : 14732439;
3833 : 14534806;
3834 : 14402964;
3835 : 14863257;
3836 : 8878943;
3837 : 13619153;
3838 : 16777215;
3839 : 16777215;
3840 : 16777215;
3841 : 16777215;
3842 : 16777215;
3843 : 16777215;
3844 : 16777215;
3845 : 16777215;
3846 : 16777215;
3847 : 16777215;
3848 : 16777215;
3849 : 16777215;
3850 : 16777215;
3851 : 16777215;
3852 : 16777215;
3853 : 16777215;
3854 : 16777215;
3855 : 16777215;
3856 : 16777215;
3857 : 16777215;
3858 : 16777215;
3859 : 12040119;
3860 : 8470584;
3861 : 11295310;
3862 : 11032653;
3863 : 11032653;
3864 : 11032653;
3865 : 11032653;
3866 : 11163982;
3867 : 9193792;
3868 : 6435886;
3869 : 9193278;
3870 : 11031882;
3871 : 10966603;
3872 : 10901067;
3873 : 10966089;
3874 : 6834501;
3875 : 15856884;
3876 : 16777215;
3877 : 16777215;
3878 : 16777215;
3879 : 16777215;
3880 : 16777215;
3881 : 16777215;
3882 : 16777215;
3883 : 16777215;
3884 : 16777215;
3885 : 16777215;
3886 : 16777215;
3887 : 16777215;
3888 : 16777215;
3889 : 16777215;
3890 : 16777215;
3891 : 16777215;
3892 : 16777215;
3893 : 16777215;
3894 : 16777215;
3895 : 16777215;
3896 : 16777215;
3897 : 16777215;
3898 : 16777215;
3899 : 16777215;
3900 : 14672870;
3901 : 9668483;
3902 : 9791049;
3903 : 14983531;
3904 : 16693117;
3905 : 16167031;
3906 : 16033391;
3907 : 16095073;
3908 : 14843469;
3909 : 15236682;
3910 : 15629896;
3911 : 9003600;
3912 : 5790295;
3913 : 8946813;
3914 : 7893341;
3915 : 9079433;
3916 : 12364669;
3917 : 14995610;
3918 : 14732439;
3919 : 14732439;
3920 : 14732439;
3921 : 14666646;
3922 : 14600853;
3923 : 14469010;
3924 : 14600596;
3925 : 14732438;
3926 : 14798232;
3927 : 14798232;
3928 : 14732439;
3929 : 14732182;
3930 : 14534803;
3931 : 14402963;
3932 : 14402964;
3933 : 14402963;
3934 : 14402963;
3935 : 14402962;
3936 : 14468755;
3937 : 14534548;
3938 : 14666646;
3939 : 14666645;
3940 : 14666645;
3941 : 14666646;
3942 : 14732696;
3943 : 14798232;
3944 : 14798232;
3945 : 14798232;
3946 : 14732439;
3947 : 14798232;
3948 : 14798232;
3949 : 14798232;
3950 : 14797975;
3951 : 14666389;
3952 : 14469010;
3953 : 14534803;
3954 : 14666646;
3955 : 14797975;
3956 : 14732696;
3957 : 14798232;
3958 : 14732440;
3959 : 14732439;
3960 : 14798233;
3961 : 14732441;
3962 : 14666392;
3963 : 14073998;
3964 : 6972762;
3965 : 16316922;
3966 : 16777215;
3967 : 16777215;
3968 : 16777215;
3969 : 16777215;
3970 : 16777215;
3971 : 16777215;
3972 : 16777215;
3973 : 16777215;
3974 : 16777215;
3975 : 16777215;
3976 : 16777215;
3977 : 16777215;
3978 : 16777215;
3979 : 16777215;
3980 : 16777215;
3981 : 16777215;
3982 : 16777215;
3983 : 16777215;
3984 : 16777215;
3985 : 16777215;
3986 : 16777215;
3987 : 8549233;
3988 : 10177601;
3989 : 11098446;
3990 : 11032653;
3991 : 11032653;
3992 : 11032653;
3993 : 11032653;
3994 : 11098189;
3995 : 10769738;
3996 : 4072994;
3997 : 4867646;
3998 : 6765622;
3999 : 10703432;
4000 : 11229518;
4001 : 9389628;
4002 : 9406600;
4003 : 16777215;
4004 : 16777215;
4005 : 16777215;
4006 : 16777215;
4007 : 16777215;
4008 : 16777215;
4009 : 16777215;
4010 : 16777215;
4011 : 16777215;
4012 : 16777215;
4013 : 16777215;
4014 : 16777215;
4015 : 16777215;
4016 : 16777215;
4017 : 16777215;
4018 : 16777215;
4019 : 16777215;
4020 : 16777215;
4021 : 16777215;
4022 : 16777215;
4023 : 16777215;
4024 : 16777215;
4025 : 16777215;
4026 : 14804712;
4027 : 10130320;
4028 : 9263682;
4029 : 13664592;
4030 : 16560760;
4031 : 16166261;
4032 : 15900265;
4033 : 16159839;
4034 : 14974800;
4035 : 9456943;
4036 : 9128493;
4037 : 15827790;
4038 : 12608826;
4039 : 9867666;
4040 : 9472115;
4041 : 10588521;
4042 : 10062954;
4043 : 5262404;
4044 : 14469268;
4045 : 14798232;
4046 : 14732439;
4047 : 14732439;
4048 : 14666389;
4049 : 14534803;
4050 : 14534546;
4051 : 14534803;
4052 : 14600596;
4053 : 14666646;
4054 : 14732439;
4055 : 14666646;
4056 : 14600596;
4057 : 14534548;
4058 : 14468756;
4059 : 14468756;
4060 : 14402963;
4061 : 14403219;
4062 : 14534804;
4063 : 14600597;
4064 : 14732439;
4065 : 14732439;
4066 : 14798232;
4067 : 14732439;
4068 : 14732439;
4069 : 14732439;
4070 : 14798232;
4071 : 14798232;
4072 : 14732439;
4073 : 14732439;
4074 : 14798232;
4075 : 14798232;
4076 : 14732439;
4077 : 14798232;
4078 : 14732439;
4079 : 14666389;
4080 : 14600596;
4081 : 14732182;
4082 : 14798232;
4083 : 14798232;
4084 : 14798232;
4085 : 14732439;
4086 : 14732440;
4087 : 14732441;
4088 : 14798233;
4089 : 14798233;
4090 : 15126940;
4091 : 11575411;
4092 : 7763316;
4093 : 16777215;
4094 : 16777215;
4095 : 16777215;
4096 : 16777215;
4097 : 16777215;
4098 : 16777215;
4099 : 16777215;
4100 : 16777215;
4101 : 16777215;
4102 : 16777215;
4103 : 16777215;
4104 : 16777215;
4105 : 16777215;
4106 : 16777215;
4107 : 16777215;
4108 : 16777215;
4109 : 16777215;
4110 : 16777215;
4111 : 16777215;
4112 : 16777215;
4113 : 16777215;
4114 : 14869990;
4115 : 6898237;
4116 : 11097674;
4117 : 10901323;
4118 : 10967116;
4119 : 11032652;
4120 : 11032653;
4121 : 11032653;
4122 : 11032653;
4123 : 11295054;
4124 : 8341310;
4125 : 6711130;
4126 : 11053202;
4127 : 6503991;
4128 : 11228746;
4129 : 7160637;
4130 : 14541024;
4131 : 16777215;
4132 : 16777215;
4133 : 16777215;
4134 : 16777215;
4135 : 16777215;
4136 : 16777215;
4137 : 16777215;
4138 : 16777215;
4139 : 16777215;
4140 : 16777215;
4141 : 16777215;
4142 : 16777215;
4143 : 16777215;
4144 : 16777215;
4145 : 16777215;
4146 : 16777215;
4147 : 16777215;
4148 : 16777215;
4149 : 16777215;
4150 : 16777215;
4151 : 16777215;
4152 : 14475747;
4153 : 9800839;
4154 : 9132353;
4155 : 12872253;
4156 : 15964001;
4157 : 16098413;
4158 : 15635294;
4159 : 15894612;
4160 : 14842699;
4161 : 9916722;
4162 : 2955279;
4163 : 1;
4164 : 11887163;
4165 : 16418384;
4166 : 7553575;
4167 : 6777449;
4168 : 10589819;
4169 : 15587486;
4170 : 11970427;
4171 : 6511171;
4172 : 15192731;
4173 : 14732439;
4174 : 14600853;
4175 : 14600853;
4176 : 14666389;
4177 : 14666389;
4178 : 14666389;
4179 : 14666646;
4180 : 14732439;
4181 : 14798232;
4182 : 14798232;
4183 : 14732182;
4184 : 14600596;
4185 : 14469012;
4186 : 14468756;
4187 : 14468756;
4188 : 14469012;
4189 : 14666389;
4190 : 14797975;
4191 : 14732439;
4192 : 14798232;
4193 : 14798232;
4194 : 14798232;
4195 : 14798232;
4196 : 14732439;
4197 : 14732439;
4198 : 14732439;
4199 : 14732439;
4200 : 14798232;
4201 : 14798232;
4202 : 14798232;
4203 : 14732439;
4204 : 14732439;
4205 : 14666390;
4206 : 14469012;
4207 : 14469011;
4208 : 14534547;
4209 : 14732438;
4210 : 14732439;
4211 : 14666646;
4212 : 14732439;
4213 : 14798232;
4214 : 14732439;
4215 : 14732439;
4216 : 14732439;
4217 : 14798232;
4218 : 15324317;
4219 : 8221269;
4220 : 12435136;
4221 : 16777215;
4222 : 16777215;
4223 : 16777215;
4224 : 16777215;
4225 : 16777215;
4226 : 16777215;
4227 : 16777215;
4228 : 16777215;
4229 : 16777215;
4230 : 16777215;
4231 : 16777215;
4232 : 16777215;
4233 : 16777215;
4234 : 16777215;
4235 : 16777215;
4236 : 16777215;
4237 : 16777215;
4238 : 16777215;
4239 : 16777215;
4240 : 16777215;
4241 : 16777215;
4242 : 10724002;
4243 : 8207412;
4244 : 11097932;
4245 : 10835274;
4246 : 10835274;
4247 : 10901067;
4248 : 10966860;
4249 : 11032653;
4250 : 11032653;
4251 : 11295310;
4252 : 8077882;
4253 : 8158060;
4254 : 12499874;
4255 : 11776154;
4256 : 5908772;
4257 : 9404799;
4258 : 16777215;
4259 : 16777215;
4260 : 16777215;
4261 : 16777215;
4262 : 16777215;
4263 : 16777215;
4264 : 16777215;
4265 : 16777215;
4266 : 16777215;
4267 : 16777215;
4268 : 16777215;
4269 : 16777215;
4270 : 16777215;
4271 : 16316665;
4272 : 13290443;
4273 : 16777215;
4274 : 16777215;
4275 : 16777215;
4276 : 16777215;
4277 : 16777215;
4278 : 14870249;
4279 : 9472133;
4280 : 9262910;
4281 : 13330748;
4282 : 15696205;
4283 : 15698519;
4284 : 15567189;
4285 : 15827792;
4286 : 15039306;
4287 : 9851185;
4288 : 2824207;
4289 : 0;
4290 : 0;
4291 : 3283985;
4292 : 15565133;
4293 : 13988162;
4294 : 7758663;
4295 : 10063208;
4296 : 9010526;
4297 : 15324573;
4298 : 13614476;
4299 : 9602403;
4300 : 15061403;
4301 : 14732438;
4302 : 14666389;
4303 : 14666646;
4304 : 14798232;
4305 : 14798232;
4306 : 14797975;
4307 : 14666646;
4308 : 14732439;
4309 : 14732439;
4310 : 14732439;
4311 : 14732439;
4312 : 14600853;
4313 : 14469011;
4314 : 14468756;
4315 : 14468756;
4316 : 14469011;
4317 : 14666389;
4318 : 14732439;
4319 : 14798232;
4320 : 14798232;
4321 : 14798232;
4322 : 14732439;
4323 : 14732439;
4324 : 14732439;
4325 : 14732439;
4326 : 14798232;
4327 : 14732439;
4328 : 14798232;
4329 : 14798232;
4330 : 14732439;
4331 : 14666390;
4332 : 14469012;
4333 : 14468499;
4334 : 14402963;
4335 : 14402963;
4336 : 14468755;
4337 : 14534803;
4338 : 14534548;
4339 : 14469012;
4340 : 14534548;
4341 : 14732439;
4342 : 14798232;
4343 : 14732439;
4344 : 14732439;
4345 : 14995353;
4346 : 13745803;
4347 : 10460051;
4348 : 16777215;
4349 : 16777215;
4350 : 16382457;
4351 : 16382457;
4352 : 16777215;
4353 : 16777215;
4354 : 16777215;
4355 : 16777215;
4356 : 16777215;
4357 : 16777215;
4358 : 16777215;
4359 : 16777215;
4360 : 16777215;
4361 : 16777215;
4362 : 16777215;
4363 : 16777215;
4364 : 16777215;
4365 : 16777215;
4366 : 16777215;
4367 : 16777215;
4368 : 16777215;
4369 : 16580094;
4370 : 7823454;
4371 : 10505795;
4372 : 10835275;
4373 : 10835275;
4374 : 10835275;
4375 : 10835274;
4376 : 10901067;
4377 : 10966860;
4378 : 10966860;
4379 : 11295054;
4380 : 7551539;
4381 : 10592138;
4382 : 13289132;
4383 : 16776668;
4384 : 6709845;
4385 : 13553360;
4386 : 16777215;
4387 : 16777215;
4388 : 16777215;
4389 : 16777215;
4390 : 16777215;
4391 : 16777215;
4392 : 16777215;
4393 : 16777215;
4394 : 16777215;
4395 : 16777215;
4396 : 16777215;
4397 : 16777215;
4398 : 16777215;
4399 : 9998990;
4400 : 9801869;
4401 : 16119800;
4402 : 11118243;
4403 : 16777215;
4404 : 16120315;
4405 : 10591900;
4406 : 8607553;
4407 : 13002810;
4408 : 15761227;
4409 : 15499085;
4410 : 15564877;
4411 : 15958606;
4412 : 14645320;
4413 : 9522992;
4414 : 3283729;
4415 : 0;
4416 : 0;
4417 : 257;
4418 : 1;
4419 : 9588784;
4420 : 16550225;
4421 : 10048563;
4422 : 9866087;
4423 : 14074255;
4424 : 13285256;
4425 : 14864281;
4426 : 14732439;
4427 : 11378036;
4428 : 14534804;
4429 : 14600596;
4430 : 14600596;
4431 : 14732439;
4432 : 14798232;
4433 : 14798232;
4434 : 14732439;
4435 : 14732439;
4436 : 14732439;
4437 : 14732439;
4438 : 14732439;
4439 : 14732439;
4440 : 14600853;
4441 : 14469267;
4442 : 14468755;
4443 : 14468755;
4444 : 14469011;
4445 : 14600853;
4446 : 14732439;
4447 : 14798232;
4448 : 14798232;
4449 : 14798232;
4450 : 14798232;
4451 : 14797975;
4452 : 14732439;
4453 : 14732439;
4454 : 14798232;
4455 : 14732439;
4456 : 14798232;
4457 : 14798232;
4458 : 14535060;
4459 : 14534291;
4460 : 14402707;
4461 : 14468499;
4462 : 14468755;
4463 : 14534805;
4464 : 14600597;
4465 : 14666389;
4466 : 14468756;
4467 : 14468243;
4468 : 14402963;
4469 : 14534547;
4470 : 14732438;
4471 : 14732439;
4472 : 14863768;
4473 : 14929816;
4474 : 6840395;
4475 : 13027272;
4476 : 16185079;
4477 : 9474191;
4478 : 8816262;
4479 : 15921906;
4480 : 16777215;
4481 : 16777215;
4482 : 16777215;
4483 : 16777215;
4484 : 16777215;
4485 : 16777215;
4486 : 16777215;
4487 : 16777215;
4488 : 16777215;
4489 : 16777215;
4490 : 16777215;
4491 : 16777215;
4492 : 16777215;
4493 : 16777215;
4494 : 16777215;
4495 : 16777215;
4496 : 16777215;
4497 : 13883094;
4498 : 8078653;
4499 : 11097675;
4500 : 10835275;
4501 : 10835276;
4502 : 10835275;
4503 : 10835274;
4504 : 10901067;
4505 : 10901067;
4506 : 10901067;
4507 : 11229261;
4508 : 7026223;
4509 : 12236441;
4510 : 16776411;
4511 : 16776155;
4512 : 13683112;
4513 : 11842737;
4514 : 16777215;
4515 : 16777215;
4516 : 16777215;
4517 : 16777215;
4518 : 16777215;
4519 : 16777215;
4520 : 16777215;
4521 : 16777215;
4522 : 16777215;
4523 : 16777215;
4524 : 16777215;
4525 : 16777215;
4526 : 11711411;
4527 : 8872002;
4528 : 12433845;
4529 : 11112830;
4530 : 10191727;
4531 : 12370114;
4532 : 9203038;
4533 : 12083511;
4534 : 15695689;
4535 : 15696717;
4536 : 15564877;
4537 : 15958862;
4538 : 13988421;
4539 : 8274986;
4540 : 2429965;
4541 : 0;
4542 : 0;
4543 : 65793;
4544 : 65793;
4545 : 0;
4546 : 1904907;
4547 : 14580040;
4548 : 15433034;
4549 : 7491383;
4550 : 12035964;
4551 : 13942414;
4552 : 14731926;
4553 : 14666389;
4554 : 14666389;
4555 : 13745292;
4556 : 14271378;
4557 : 14468499;
4558 : 14468755;
4559 : 14666390;
4560 : 14732439;
4561 : 14798232;
4562 : 14732439;
4563 : 14798232;
4564 : 14732439;
4565 : 14732439;
4566 : 14732439;
4567 : 14732439;
4568 : 14666646;
4569 : 14600596;
4570 : 14469010;
4571 : 14534803;
4572 : 14666389;
4573 : 14732439;
4574 : 14732439;
4575 : 14732439;
4576 : 14798232;
4577 : 14798232;
4578 : 14732439;
4579 : 14666389;
4580 : 14534803;
4581 : 14535060;
4582 : 14666646;
4583 : 14732439;
4584 : 14732439;
4585 : 14798232;
4586 : 14732182;
4587 : 14600596;
4588 : 14469012;
4589 : 14666390;
4590 : 14666646;
4591 : 14798232;
4592 : 14798232;
4593 : 14798232;
4594 : 14731926;
4595 : 14468499;
4596 : 14402962;
4597 : 14534804;
4598 : 14732439;
4599 : 14798232;
4600 : 15258524;
4601 : 9799781;
4602 : 2433562;
4603 : 6974059;
4604 : 6906968;
4605 : 5197127;
4606 : 15066598;
4607 : 16777215;
4608 : 16777215;
4609 : 16777215;
4610 : 16777215;
4611 : 16777215;
4612 : 16777215;
4613 : 16777215;
4614 : 16777215;
4615 : 16777215;
4616 : 16777215;
4617 : 16777215;
4618 : 16777215;
4619 : 16777215;
4620 : 16777215;
4621 : 16777215;
4622 : 16777215;
4623 : 16777215;
4624 : 16777215;
4625 : 9601922;
4626 : 10046529;
4627 : 11032396;
4628 : 10835274;
4629 : 10835274;
4630 : 10835274;
4631 : 10901067;
4632 : 10901067;
4633 : 10901067;
4634 : 10901067;
4635 : 11031883;
4636 : 6964536;
4637 : 15130806;
4638 : 16643798;
4639 : 16578263;
4640 : 16116672;
4641 : 10130819;
4642 : 16645630;
4643 : 16777215;
4644 : 16777215;
4645 : 16777215;
4646 : 16777215;
4647 : 16777215;
4648 : 16777215;
4649 : 16777215;
4650 : 16777215;
4651 : 16777215;
4652 : 16777215;
4653 : 14014682;
4654 : 8282442;
4655 : 12091478;
4656 : 8412485;
4657 : 14916710;
4658 : 7821382;
4659 : 10574907;
4660 : 15235653;
4661 : 15827789;
4662 : 15630669;
4663 : 16024911;
4664 : 14251334;
4665 : 7552550;
4666 : 1641994;
4667 : 0;
4668 : 0;
4669 : 65793;
4670 : 65793;
4671 : 65793;
4672 : 65793;
4673 : 0;
4674 : 7224356;
4675 : 16287312;
4676 : 11821115;
4677 : 8483157;
4678 : 12692866;
4679 : 13876365;
4680 : 14468755;
4681 : 14402963;
4682 : 14468499;
4683 : 14402964;
4684 : 14337171;
4685 : 14402963;
4686 : 14402963;
4687 : 14534548;
4688 : 14732438;
4689 : 14732439;
4690 : 14798232;
4691 : 14732439;
4692 : 14732439;
4693 : 14732439;
4694 : 14732439;
4695 : 14666903;
4696 : 14666646;
4697 : 14666646;
4698 : 14666646;
4699 : 14732439;
4700 : 14732439;
4701 : 14798232;
4702 : 14732439;
4703 : 14732439;
4704 : 14798232;
4705 : 14600853;
4706 : 14468755;
4707 : 14402962;
4708 : 14468499;
4709 : 14402963;
4710 : 14534547;
4711 : 14666646;
4712 : 14732439;
4713 : 14798232;
4714 : 14798232;
4715 : 14798232;
4716 : 14732439;
4717 : 14798232;
4718 : 14732439;
4719 : 14798232;
4720 : 14798232;
4721 : 14798232;
4722 : 14732439;
4723 : 14666389;
4724 : 14732182;
4725 : 14732439;
4726 : 14798232;
4727 : 15258524;
4728 : 10391402;
4729 : 7497548;
4730 : 6379586;
4731 : 6642498;
4732 : 6775380;
4733 : 15066597;
4734 : 16777215;
4735 : 16777215;
4736 : 16777215;
4737 : 16777215;
4738 : 16777215;
4739 : 16777215;
4740 : 16777215;
4741 : 16777215;
4742 : 16777215;
4743 : 16777215;
4744 : 16777215;
4745 : 16777215;
4746 : 16777215;
4747 : 16777215;
4748 : 16777215;
4749 : 16777215;
4750 : 16777215;
4751 : 16777215;
4752 : 14804196;
4753 : 7882817;
4754 : 11294797;
4755 : 11032653;
4756 : 10966860;
4757 : 10966860;
4758 : 10966860;
4759 : 11032653;
4760 : 11032653;
4761 : 10966860;
4762 : 11360846;
4763 : 8404791;
4764 : 10128741;
4765 : 16775113;
4766 : 16446163;
4767 : 16511955;
4768 : 16774599;
4769 : 10327410;
4770 : 15000807;
4771 : 16777215;
4772 : 16777215;
4773 : 16777215;
4774 : 16777215;
4775 : 16777215;
4776 : 16777215;
4777 : 16777215;
4778 : 16777215;
4779 : 16777215;
4780 : 15725300;
4781 : 7759708;
4782 : 14851173;
4783 : 11563851;
4784 : 15506791;
4785 : 15504993;
4786 : 14316869;
4787 : 15827532;
4788 : 15630669;
4789 : 16090447;
4790 : 14908234;
4791 : 8997677;
4792 : 1970187;
4793 : 0;
4794 : 0;
4795 : 65793;
4796 : 65793;
4797 : 65793;
4798 : 65793;
4799 : 65793;
4800 : 0;
4801 : 591108;
4802 : 12938305;
4803 : 15630670;
4804 : 7556662;
4805 : 11312244;
4806 : 12363901;
4807 : 13613706;
4808 : 14468755;
4809 : 14468499;
4810 : 14468756;
4811 : 14205328;
4812 : 14073741;
4813 : 14337170;
4814 : 14402963;
4815 : 14402963;
4816 : 14469010;
4817 : 14666389;
4818 : 14666389;
4819 : 14666389;
4820 : 14600853;
4821 : 14666646;
4822 : 14732439;
4823 : 14732439;
4824 : 14732439;
4825 : 14797975;
4826 : 14797975;
4827 : 14798232;
4828 : 14797975;
4829 : 14797975;
4830 : 14732439;
4831 : 14798232;
4832 : 14732439;
4833 : 14468755;
4834 : 14402963;
4835 : 14402963;
4836 : 14402963;
4837 : 14402963;
4838 : 14402963;
4839 : 14600596;
4840 : 14798231;
4841 : 14798232;
4842 : 14798232;
4843 : 14798232;
4844 : 14798232;
4845 : 14798232;
4846 : 14798232;
4847 : 14798232;
4848 : 14798232;
4849 : 14798232;
4850 : 14798232;
4851 : 14798232;
4852 : 14732439;
4853 : 14798232;
4854 : 15258524;
4855 : 10720366;
4856 : 7563341;
4857 : 12233084;
4858 : 11509363;
4859 : 7169620;
4860 : 14277083;
4861 : 16777215;
4862 : 16777215;
4863 : 16777215;
4864 : 16777215;
4865 : 16777215;
4866 : 16777215;
4867 : 16777215;
4868 : 16777215;
4869 : 16777215;
4870 : 16777215;
4871 : 16777215;
4872 : 16777215;
4873 : 16777215;
4874 : 16777215;
4875 : 16777215;
4876 : 16777215;
4877 : 16777215;
4878 : 16777215;
4879 : 16777215;
4880 : 10065043;
4881 : 9258299;
4882 : 11163982;
4883 : 11032653;
4884 : 11032653;
4885 : 11032653;
4886 : 11032653;
4887 : 11032653;
4888 : 11163982;
4889 : 11426126;
4890 : 8535865;
4891 : 7824969;
4892 : 16050341;
4893 : 16445634;
4894 : 16380626;
4895 : 16379841;
4896 : 16708542;
4897 : 12103033;
4898 : 12829636;
4899 : 16777215;
4900 : 16777215;
4901 : 16777215;
4902 : 16777215;
4903 : 16777215;
4904 : 16777215;
4905 : 16777215;
4906 : 16777215;
4907 : 16448765;
4908 : 8550002;
4909 : 12744265;
4910 : 16360299;
4911 : 14647633;
4912 : 15831645;
4913 : 15499853;
4914 : 15630669;
4915 : 15959118;
4916 : 15302475;
4917 : 9851441;
4918 : 2627087;
4919 : 0;
4920 : 0;
4921 : 65793;
4922 : 65793;
4923 : 65793;
4924 : 65793;
4925 : 65793;
4926 : 65793;
4927 : 65536;
4928 : 0;
4929 : 4860187;
4930 : 16157527;
4931 : 12808265;
4932 : 8286035;
4933 : 12298620;
4934 : 12298620;
4935 : 13482633;
4936 : 14468755;
4937 : 14468499;
4938 : 14402963;
4939 : 14337171;
4940 : 14271376;
4941 : 14337171;
4942 : 14402964;
4943 : 14403219;
4944 : 14402963;
4945 : 14468755;
4946 : 14600596;
4947 : 14732182;
4948 : 14732439;
4949 : 14732439;
4950 : 14798232;
4951 : 14798232;
4952 : 14798232;
4953 : 14798232;
4954 : 14732439;
4955 : 14732439;
4956 : 14732439;
4957 : 14732439;
4958 : 14798232;
4959 : 14798232;
4960 : 14666646;
4961 : 14468755;
4962 : 14468499;
4963 : 14402963;
4964 : 14402963;
4965 : 14468755;
4966 : 14534547;
4967 : 14666646;
4968 : 14798232;
4969 : 14798232;
4970 : 14798232;
4971 : 14798232;
4972 : 14732439;
4973 : 14732439;
4974 : 14798232;
4975 : 14798232;
4976 : 14798232;
4977 : 14798232;
4978 : 14732439;
4979 : 14798232;
4980 : 14732439;
4981 : 15192731;
4982 : 11049329;
4983 : 7234378;
4984 : 12298364;
4985 : 12561790;
4986 : 7497806;
4987 : 12566721;
4988 : 16777215;
4989 : 16777215;
4990 : 16777215;
4991 : 16777215;
4992 : 16777215;
4993 : 16777215;
4994 : 16777215;
4995 : 16777215;
4996 : 16777215;
4997 : 16777215;
4998 : 16777215;
4999 : 16777215;
5000 : 16777215;
5001 : 16777215;
5002 : 16777215;
5003 : 16777215;
5004 : 16777215;
5005 : 16777215;
5006 : 16777215;
5007 : 15922677;
5008 : 6178371;
5009 : 10834760;
5010 : 10966860;
5011 : 10966860;
5012 : 10966860;
5013 : 11098189;
5014 : 11295054;
5015 : 11163468;
5016 : 10112069;
5017 : 7815736;
5018 : 8351568;
5019 : 15720860;
5020 : 16444328;
5021 : 16247732;
5022 : 16380362;
5023 : 16247210;
5024 : 16510639;
5025 : 13615235;
5026 : 10723999;
5027 : 16777215;
5028 : 16777215;
5029 : 16777215;
5030 : 15790321;
5031 : 16711422;
5032 : 16777215;
5033 : 16777215;
5034 : 16711679;
5035 : 8881026;
5036 : 10901041;
5037 : 16224603;
5038 : 15566675;
5039 : 15565391;
5040 : 15433804;
5041 : 15827789;
5042 : 15565133;
5043 : 11230519;
5044 : 3612435;
5045 : 0;
5046 : 0;
5047 : 65793;
5048 : 65793;
5049 : 65793;
5050 : 65793;
5051 : 65793;
5052 : 65793;
5053 : 65793;
5054 : 65536;
5055 : 396045;
5056 : 264202;
5057 : 11362879;
5058 : 16487007;
5059 : 8804156;
5060 : 10984050;
5061 : 12167291;
5062 : 12364413;
5063 : 13285512;
5064 : 14205841;
5065 : 14468756;
5066 : 14402963;
5067 : 14402964;
5068 : 14402965;
5069 : 14402964;
5070 : 14402964;
5071 : 14403219;
5072 : 14402963;
5073 : 14469011;
5074 : 14732439;
5075 : 14798232;
5076 : 14798232;
5077 : 14798232;
5078 : 14798232;
5079 : 14798232;
5080 : 14798232;
5081 : 14732439;
5082 : 14732439;
5083 : 14732439;
5084 : 14798232;
5085 : 14732439;
5086 : 14798232;
5087 : 14798232;
5088 : 14666646;
5089 : 14534547;
5090 : 14468499;
5091 : 14468755;
5092 : 14534548;
5093 : 14666646;
5094 : 14732182;
5095 : 14798232;
5096 : 14732439;
5097 : 14732439;
5098 : 14798232;
5099 : 14732439;
5100 : 14732439;
5101 : 14798232;
5102 : 14798232;
5103 : 14732439;
5104 : 14798232;
5105 : 14798232;
5106 : 14798232;
5107 : 14798232;
5108 : 14929817;
5109 : 13285512;
5110 : 6774085;
5111 : 11969657;
5112 : 12627584;
5113 : 8812888;
5114 : 9868949;
5115 : 16777215;
5116 : 16777215;
5117 : 16777215;
5118 : 16777215;
5119 : 16777215;
5120 : 16777215;
5121 : 16777215;
5122 : 16777215;
5123 : 16777215;
5124 : 16777215;
5125 : 16777215;
5126 : 16777215;
5127 : 16777215;
5128 : 16777215;
5129 : 16777215;
5130 : 16777215;
5131 : 16777215;
5132 : 16777215;
5133 : 16777215;
5134 : 16777215;
5135 : 12961993;
5136 : 6107435;
5137 : 11426383;
5138 : 11097932;
5139 : 11031883;
5140 : 10768968;
5141 : 9914947;
5142 : 8602685;
5143 : 7884094;
5144 : 9797467;
5145 : 13418373;
5146 : 16575396;
5147 : 16509347;
5148 : 16246688;
5149 : 16313268;
5150 : 16313785;
5151 : 16246687;
5152 : 16312483;
5153 : 14864782;
5154 : 10197134;
5155 : 16777215;
5156 : 15922164;
5157 : 10197139;
5158 : 8618623;
5159 : 16777215;
5160 : 16777215;
5161 : 16251129;
5162 : 9803673;
5163 : 9259563;
5164 : 16024398;
5165 : 15499854;
5166 : 15433547;
5167 : 15630925;
5168 : 16024911;
5169 : 12544062;
5170 : 4400151;
5171 : 65793;
5172 : 0;
5173 : 257;
5174 : 0;
5175 : 65793;
5176 : 65793;
5177 : 65793;
5178 : 65793;
5179 : 65793;
5180 : 65793;
5181 : 0;
5182 : 330766;
5183 : 203816;
5184 : 3679259;
5185 : 15632985;
5186 : 14187600;
5187 : 7955786;
5188 : 12299134;
5189 : 12035706;
5190 : 12035706;
5191 : 12758914;
5192 : 13679243;
5193 : 14402963;
5194 : 14403219;
5195 : 14402964;
5196 : 14402964;
5197 : 14337428;
5198 : 14402964;
5199 : 14402963;
5200 : 14402963;
5201 : 14666389;
5202 : 14798232;
5203 : 14798232;
5204 : 14732439;
5205 : 14798232;
5206 : 14798232;
5207 : 14732439;
5208 : 14798232;
5209 : 14798232;
5210 : 14732439;
5211 : 14732439;
5212 : 14798232;
5213 : 14798232;
5214 : 14732439;
5215 : 14798232;
5216 : 14732439;
5217 : 14666389;
5218 : 14666389;
5219 : 14732182;
5220 : 14732695;
5221 : 14732439;
5222 : 14732439;
5223 : 14798232;
5224 : 14798232;
5225 : 14732439;
5226 : 14732439;
5227 : 14732439;
5228 : 14732439;
5229 : 14798232;
5230 : 14798232;
5231 : 14798232;
5232 : 14798232;
5233 : 14798232;
5234 : 14798232;
5235 : 14732439;
5236 : 14403475;
5237 : 12561792;
5238 : 11509365;
5239 : 12430206;
5240 : 10325349;
5241 : 7960176;
5242 : 16514300;
5243 : 16777215;
5244 : 16777215;
5245 : 16777215;
5246 : 16777215;
5247 : 16777215;
5248 : 16777215;
5249 : 16777215;
5250 : 16777215;
5251 : 16777215;
5252 : 16777215;
5253 : 16777215;
5254 : 16777215;
5255 : 16777215;
5256 : 16777215;
5257 : 16777215;
5258 : 16777215;
5259 : 16777215;
5260 : 16777215;
5261 : 16777215;
5262 : 16777215;
5263 : 10198173;
5264 : 7484462;
5265 : 10703176;
5266 : 9193536;
5267 : 8407871;
5268 : 8938059;
5269 : 9929054;
5270 : 12430971;
5271 : 14996884;
5272 : 16377760;
5273 : 16377247;
5274 : 16048797;
5275 : 16180382;
5276 : 16246433;
5277 : 16313270;
5278 : 16312742;
5279 : 16312225;
5280 : 16312225;
5281 : 15719574;
5282 : 10657163;
5283 : 13619410;
5284 : 8748398;
5285 : 8351826;
5286 : 11316139;
5287 : 11710895;
5288 : 8288625;
5289 : 5657678;
5290 : 6895908;
5291 : 15564107;
5292 : 15367757;
5293 : 15433804;
5294 : 16024911;
5295 : 14382919;
5296 : 6830371;
5297 : 656901;
5298 : 0;
5299 : 257;
5300 : 0;
5301 : 0;
5302 : 65793;
5303 : 65793;
5304 : 65793;
5305 : 65793;
5306 : 65793;
5307 : 65536;
5308 : 65536;
5309 : 329738;
5310 : 468274;
5311 : 135706;
5312 : 10311993;
5313 : 16551514;
5314 : 10444605;
5315 : 10457709;
5316 : 12167548;
5317 : 11969657;
5318 : 11837815;
5319 : 12100730;
5320 : 13087365;
5321 : 14139535;
5322 : 14402963;
5323 : 14402964;
5324 : 14402964;
5325 : 14402963;
5326 : 14402963;
5327 : 14403219;
5328 : 14600597;
5329 : 14798232;
5330 : 14798232;
5331 : 14798232;
5332 : 14798232;
5333 : 14798232;
5334 : 14798232;
5335 : 14798232;
5336 : 14798232;
5337 : 14798232;
5338 : 14798232;
5339 : 14798232;
5340 : 14798232;
5341 : 14798232;
5342 : 14798232;
5343 : 14732439;
5344 : 14666646;
5345 : 14666389;
5346 : 14732438;
5347 : 14798232;
5348 : 14798232;
5349 : 14732439;
5350 : 14797975;
5351 : 14798231;
5352 : 14797975;
5353 : 14798232;
5354 : 14798232;
5355 : 14798232;
5356 : 14732439;
5357 : 14732439;
5358 : 14798232;
5359 : 14798232;
5360 : 14798232;
5361 : 14732439;
5362 : 14600854;
5363 : 14008976;
5364 : 13087877;
5365 : 12233084;
5366 : 12101499;
5367 : 12101241;
5368 : 7498845;
5369 : 15066855;
5370 : 16777215;
5371 : 16777215;
5372 : 16777215;
5373 : 16777215;
5374 : 16777215;
5375 : 16777215;
5376 : 16777215;
5377 : 16777215;
5378 : 16777215;
5379 : 16777215;
5380 : 16777215;
5381 : 16777215;
5382 : 16777215;
5383 : 16777215;
5384 : 16777215;
5385 : 16777215;
5386 : 16777215;
5387 : 16777215;
5388 : 16777215;
5389 : 16777215;
5390 : 16777215;
5391 : 8618625;
5392 : 6701874;
5393 : 10585184;
5394 : 12825213;
5395 : 14405006;
5396 : 15852190;
5397 : 16378020;
5398 : 16311713;
5399 : 16048797;
5400 : 15982750;
5401 : 15917214;
5402 : 15982748;
5403 : 15982748;
5404 : 15983268;
5405 : 16115367;
5406 : 16246432;
5407 : 16246432;
5408 : 16114590;
5409 : 16311454;
5410 : 7827284;
5411 : 8220763;
5412 : 11245168;
5413 : 6707783;
5414 : 7694681;
5415 : 10192744;
5416 : 8746587;
5417 : 6306341;
5418 : 15038792;
5419 : 15367500;
5420 : 15367756;
5421 : 15893327;
5422 : 10573877;
5423 : 2298636;
5424 : 0;
5425 : 1;
5426 : 65793;
5427 : 65793;
5428 : 65793;
5429 : 65793;
5430 : 65793;
5431 : 65536;
5432 : 65536;
5433 : 197380;
5434 : 263173;
5435 : 329223;
5436 : 528661;
5437 : 534068;
5438 : 139309;
5439 : 3744022;
5440 : 15499855;
5441 : 15039562;
5442 : 8479557;
5443 : 12101757;
5444 : 11969657;
5445 : 11837815;
5446 : 11837815;
5447 : 11837815;
5448 : 12429695;
5449 : 13416328;
5450 : 14271377;
5451 : 14402963;
5452 : 14468755;
5453 : 14468755;
5454 : 14534548;
5455 : 14666646;
5456 : 14798232;
5457 : 14798232;
5458 : 14732439;
5459 : 14732439;
5460 : 14798232;
5461 : 14798232;
5462 : 14732439;
5463 : 14798232;
5464 : 14798232;
5465 : 14798232;
5466 : 14798232;
5467 : 14732439;
5468 : 14732439;
5469 : 14666390;
5470 : 14600853;
5471 : 14535060;
5472 : 14600596;
5473 : 14534803;
5474 : 14600597;
5475 : 14666389;
5476 : 14666390;
5477 : 14666389;
5478 : 14666390;
5479 : 14534548;
5480 : 14534548;
5481 : 14732181;
5482 : 14732439;
5483 : 14798232;
5484 : 14798232;
5485 : 14732439;
5486 : 14732439;
5487 : 14798232;
5488 : 14732439;
5489 : 14469268;
5490 : 13745804;
5491 : 12759170;
5492 : 12101243;
5493 : 12035706;
5494 : 12364670;
5495 : 8286805;
5496 : 6381920;
5497 : 10789795;
5498 : 16777215;
5499 : 16777215;
5500 : 16777215;
5501 : 16777215;
5502 : 16777215;
5503 : 16777215;
5504 : 16777215;
5505 : 16777215;
5506 : 16777215;
5507 : 16777215;
5508 : 16777215;
5509 : 16777215;
5510 : 16777215;
5511 : 16777215;
5512 : 16777215;
5513 : 16777215;
5514 : 16777215;
5515 : 16777215;
5516 : 16777215;
5517 : 13750996;
5518 : 9144443;
5519 : 11642233;
5520 : 15391906;
5521 : 16378801;
5522 : 16444081;
5523 : 16247220;
5524 : 16049584;
5525 : 15917733;
5526 : 15917476;
5527 : 16049068;
5528 : 15983014;
5529 : 15917214;
5530 : 16048541;
5531 : 15982749;
5532 : 15983008;
5533 : 16114589;
5534 : 16114333;
5535 : 16048540;
5536 : 15982748;
5537 : 16377504;
5538 : 9931361;
5539 : 10981744;
5540 : 10982002;
5541 : 10389868;
5542 : 11704952;
5543 : 10916724;
5544 : 6242863;
5545 : 13987906;
5546 : 15696464;
5547 : 15368013;
5548 : 15827278;
5549 : 8800300;
5550 : 197122;
5551 : 0;
5552 : 65537;
5553 : 65793;
5554 : 65793;
5555 : 65793;
5556 : 65793;
5557 : 65536;
5558 : 65536;
5559 : 197894;
5560 : 398105;
5561 : 661792;
5562 : 661535;
5563 : 663595;
5564 : 469561;
5565 : 339262;
5566 : 333085;
5567 : 10902070;
5568 : 16484433;
5569 : 11427899;
5570 : 9734244;
5571 : 12166778;
5572 : 11903608;
5573 : 11837816;
5574 : 11837815;
5575 : 11837815;
5576 : 11903608;
5577 : 12627072;
5578 : 13613706;
5579 : 14469011;
5580 : 14666646;
5581 : 14732439;
5582 : 14732439;
5583 : 14797975;
5584 : 14732439;
5585 : 14732439;
5586 : 14732439;
5587 : 14798232;
5588 : 14798232;
5589 : 14798232;
5590 : 14798232;
5591 : 14732439;
5592 : 14732439;
5593 : 14732695;
5594 : 14732439;
5595 : 14535060;
5596 : 14534547;
5597 : 14468755;
5598 : 14468756;
5599 : 14468755;
5600 : 14469011;
5601 : 14468755;
5602 : 14468499;
5603 : 14402963;
5604 : 14402963;
5605 : 14402963;
5606 : 14402964;
5607 : 14402963;
5608 : 14402964;
5609 : 14534804;
5610 : 14732439;
5611 : 14798232;
5612 : 14798232;
5613 : 14732695;
5614 : 14732439;
5615 : 14600854;
5616 : 14271889;
5617 : 13351305;
5618 : 12430462;
5619 : 12035706;
5620 : 12035706;
5621 : 12167035;
5622 : 11838329;
5623 : 4669488;
5624 : 5722175;
5625 : 13816272;
5626 : 16777215;
5627 : 16777215;
5628 : 16777215;
5629 : 16777215;
5630 : 16777215;
5631 : 16777215;
5632 : 16777215;
5633 : 16777215;
5634 : 16777215;
5635 : 16777215;
5636 : 16777215;
5637 : 16777215;
5638 : 16777215;
5639 : 16777215;
5640 : 16777215;
5641 : 16777215;
5642 : 16777215;
5643 : 16777215;
5644 : 10855587;
5645 : 9274210;
5646 : 14865309;
5647 : 16641984;
5648 : 16379332;
5649 : 16313541;
5650 : 16379334;
5651 : 16247488;
5652 : 16181433;
5653 : 16181948;
5654 : 16116155;
5655 : 15983530;
5656 : 15982750;
5657 : 15982750;
5658 : 15982748;
5659 : 16048541;
5660 : 16180639;
5661 : 16246432;
5662 : 16114590;
5663 : 15982749;
5664 : 15982748;
5665 : 16246175;
5666 : 10589034;
5667 : 10652783;
5668 : 11376247;
5669 : 11442296;
5670 : 11377273;
5671 : 6113849;
5672 : 12871998;
5673 : 16093273;
5674 : 15697491;
5675 : 15498828;
5676 : 7749671;
5677 : 197122;
5678 : 0;
5679 : 65793;
5680 : 65793;
5681 : 65793;
5682 : 65793;
5683 : 65793;
5684 : 65536;
5685 : 197380;
5686 : 398362;
5687 : 468274;
5688 : 404283;
5689 : 469046;
5690 : 404026;
5691 : 404541;
5692 : 339260;
5693 : 9783;
5694 : 4731173;
5695 : 15762253;
5696 : 15433547;
5697 : 8280638;
5698 : 11773306;
5699 : 11903864;
5700 : 11903608;
5701 : 11903864;
5702 : 11969400;
5703 : 11969657;
5704 : 11969657;
5705 : 12101243;
5706 : 12956292;
5707 : 13746061;
5708 : 14469268;
5709 : 14798232;
5710 : 14732438;
5711 : 14600852;
5712 : 14534803;
5713 : 14534803;
5714 : 14666646;
5715 : 14798232;
5716 : 14732439;
5717 : 14798232;
5718 : 14798232;
5719 : 14798232;
5720 : 14732439;
5721 : 14535061;
5722 : 14468756;
5723 : 14402963;
5724 : 14468243;
5725 : 14468499;
5726 : 14468756;
5727 : 14468756;
5728 : 14468756;
5729 : 14402963;
5730 : 14402963;
5731 : 14402964;
5732 : 14402963;
5733 : 14468755;
5734 : 14402964;
5735 : 14402963;
5736 : 14534804;
5737 : 14666390;
5738 : 14797975;
5739 : 14798232;
5740 : 14732439;
5741 : 14600854;
5742 : 14272147;
5743 : 13877390;
5744 : 13548425;
5745 : 12561792;
5746 : 11969914;
5747 : 12101499;
5748 : 12233085;
5749 : 12167293;
5750 : 12101500;
5751 : 10456936;
5752 : 8815226;
5753 : 16777215;
5754 : 16777215;
5755 : 16777215;
5756 : 16777215;
5757 : 16777215;
5758 : 16777215;
5759 : 16777215;
5760 : 16777215;
5761 : 16777215;
5762 : 16777215;
5763 : 16777215;
5764 : 16777215;
5765 : 16777215;
5766 : 16777215;
5767 : 16777215;
5768 : 16777215;
5769 : 16777215;
5770 : 16777215;
5771 : 11053225;
5772 : 9866345;
5773 : 16641983;
5774 : 16510921;
5775 : 16379335;
5776 : 16379335;
5777 : 16379335;
5778 : 16379591;
5779 : 16379334;
5780 : 16379335;
5781 : 16181434;
5782 : 15983268;
5783 : 15982748;
5784 : 15982749;
5785 : 16114334;
5786 : 16180896;
5787 : 16246688;
5788 : 16378018;
5789 : 16312225;
5790 : 16312481;
5791 : 16114590;
5792 : 15982749;
5793 : 15983005;
5794 : 8549974;
5795 : 10455405;
5796 : 11310710;
5797 : 11639930;
5798 : 6773318;
5799 : 10705720;
5800 : 16359270;
5801 : 15831901;
5802 : 15630413;
5803 : 6304800;
5804 : 0;
5805 : 1;
5806 : 65793;
5807 : 65793;
5808 : 65793;
5809 : 65793;
5810 : 65536;
5811 : 131072;
5812 : 331025;
5813 : 467502;
5814 : 339004;
5815 : 273724;
5816 : 339005;
5817 : 339006;
5818 : 339005;
5819 : 339003;
5820 : 207932;
5821 : 597801;
5822 : 12347197;
5823 : 16353362;
5824 : 11886648;
5825 : 8154706;
5826 : 12430463;
5827 : 12035706;
5828 : 11969913;
5829 : 12035706;
5830 : 12035706;
5831 : 12035706;
5832 : 12035706;
5833 : 12035706;
5834 : 12167292;
5835 : 12693377;
5836 : 13482890;
5837 : 14206097;
5838 : 14666389;
5839 : 14600596;
5840 : 14469011;
5841 : 14468756;
5842 : 14534548;
5843 : 14732439;
5844 : 14732439;
5845 : 14732439;
5846 : 14666646;
5847 : 14666390;
5848 : 14468755;
5849 : 14402963;
5850 : 14337172;
5851 : 14402963;
5852 : 14534548;
5853 : 14534805;
5854 : 14732182;
5855 : 14732182;
5856 : 14469011;
5857 : 14402963;
5858 : 14402964;
5859 : 14402966;
5860 : 14468757;
5861 : 14402963;
5862 : 14403220;
5863 : 14534804;
5864 : 14732438;
5865 : 14798232;
5866 : 14798232;
5867 : 14732439;
5868 : 14666646;
5869 : 14271890;
5870 : 14140304;
5871 : 14337682;
5872 : 14271890;
5873 : 13219463;
5874 : 12693378;
5875 : 12890756;
5876 : 12364670;
5877 : 12167292;
5878 : 12693634;
5879 : 7168583;
5880 : 11316655;
5881 : 16777215;
5882 : 16777215;
5883 : 16777215;
5884 : 16777215;
5885 : 16777215;
5886 : 16777215;
5887 : 16777215;
5888 : 16777215;
5889 : 16777215;
5890 : 16777215;
5891 : 16777215;
5892 : 16777215;
5893 : 16777215;
5894 : 16777215;
5895 : 16777215;
5896 : 16777215;
5897 : 16777215;
5898 : 13816532;
5899 : 8485217;
5900 : 16378813;
5901 : 16379333;
5902 : 16313539;
5903 : 16379332;
5904 : 16445125;
5905 : 16511430;
5906 : 16511689;
5907 : 16380103;
5908 : 16181949;
5909 : 15983532;
5910 : 15982751;
5911 : 16048541;
5912 : 16114846;
5913 : 16312225;
5914 : 16378018;
5915 : 16312225;
5916 : 16312225;
5917 : 16312225;
5918 : 16378017;
5919 : 16312224;
5920 : 16114590;
5921 : 15259285;
5922 : 7629133;
5923 : 10587759;
5924 : 11639929;
5925 : 8221017;
5926 : 8212019;
5927 : 16426861;
5928 : 16097128;
5929 : 15696462;
5930 : 6633250;
5931 : 0;
5932 : 257;
5933 : 65793;
5934 : 65793;
5935 : 65793;
5936 : 65793;
5937 : 0;
5938 : 197637;
5939 : 399648;
5940 : 338489;
5941 : 273724;
5942 : 273467;
5943 : 339003;
5944 : 339003;
5945 : 339003;
5946 : 339003;
5947 : 339004;
5948 : 9526;
5949 : 6109737;
5950 : 16025169;
5951 : 15696461;
5952 : 8213570;
5953 : 6117962;
5954 : 12298620;
5955 : 12035706;
5956 : 12035706;
5957 : 12035706;
5958 : 12035706;
5959 : 12035706;
5960 : 12035706;
5961 : 12035706;
5962 : 12035706;
5963 : 12035706;
5964 : 12364670;
5965 : 13088133;
5966 : 13811341;
5967 : 14206353;
5968 : 14403218;
5969 : 14534803;
5970 : 14666390;
5971 : 14798232;
5972 : 14798232;
5973 : 14666390;
5974 : 14402963;
5975 : 14402963;
5976 : 14402963;
5977 : 14402963;
5978 : 14468756;
5979 : 14666390;
5980 : 14732439;
5981 : 14798232;
5982 : 14732439;
5983 : 14798231;
5984 : 14666646;
5985 : 14469012;
5986 : 14402964;
5987 : 14468501;
5988 : 14468756;
5989 : 14468756;
5990 : 14600596;
5991 : 14732439;
5992 : 14732439;
5993 : 14798232;
5994 : 14798232;
5995 : 14732439;
5996 : 14732439;
5997 : 14732439;
5998 : 14798232;
5999 : 14732183;
6000 : 14469012;
6001 : 14272146;
6002 : 13548427;
6003 : 12561536;
6004 : 12298621;
6005 : 12429951;
6006 : 12035448;
6007 : 5656903;
6008 : 15724528;
6009 : 16777215;
6010 : 16777215;
6011 : 16777215;
6012 : 16777215;
6013 : 16777215;
6014 : 16777215;
6015 : 16777215;
6016 : 16777215;
6017 : 16777215;
6018 : 16777215;
6019 : 16777215;
6020 : 16777215;
6021 : 16777215;
6022 : 16777215;
6023 : 16777215;
6024 : 16777215;
6025 : 16514301;
6026 : 9341824;
6027 : 14997159;
6028 : 16379073;
6029 : 16181694;
6030 : 16181950;
6031 : 16313536;
6032 : 16511171;
6033 : 16511173;
6034 : 16511431;
6035 : 16379842;
6036 : 16181680;
6037 : 16114850;
6038 : 16246175;
6039 : 16311969;
6040 : 16312482;
6041 : 16378018;
6042 : 16312225;
6043 : 16312225;
6044 : 16378018;
6045 : 16312225;
6046 : 16378018;
6047 : 16312482;
6048 : 16049566;
6049 : 14404749;
6050 : 7563340;
6051 : 10916466;
6052 : 9930602;
6053 : 6572341;
6054 : 15639660;
6055 : 16296817;
6056 : 16026967;
6057 : 7224099;
6058 : 0;
6059 : 257;
6060 : 65793;
6061 : 65793;
6062 : 65793;
6063 : 65793;
6064 : 65536;
6065 : 263945;
6066 : 467243;
6067 : 339260;
6068 : 339004;
6069 : 339003;
6070 : 339003;
6071 : 339003;
6072 : 273210;
6073 : 273210;
6074 : 339003;
6075 : 207932;
6076 : 925221;
6077 : 13135171;
6078 : 16222290;
6079 : 12477755;
6080 : 12302775;
6081 : 8224123;
6082 : 9930849;
6083 : 12232828;
6084 : 12035706;
6085 : 12035706;
6086 : 12035706;
6087 : 12035706;
6088 : 12035706;
6089 : 12035706;
6090 : 12035706;
6091 : 12035706;
6092 : 11970170;
6093 : 12101498;
6094 : 12562048;
6095 : 13219719;
6096 : 13745804;
6097 : 14206096;
6098 : 14469268;
6099 : 14600854;
6100 : 14732439;
6101 : 14666646;
6102 : 14468756;
6103 : 14468500;
6104 : 14469012;
6105 : 14600854;
6106 : 14732439;
6107 : 14798232;
6108 : 14732439;
6109 : 14798232;
6110 : 14732439;
6111 : 14732439;
6112 : 14732440;
6113 : 14534805;
6114 : 14336915;
6115 : 14140049;
6116 : 14140048;
6117 : 14337682;
6118 : 14666646;
6119 : 14798232;
6120 : 14732439;
6121 : 14732439;
6122 : 14798232;
6123 : 14798232;
6124 : 14798232;
6125 : 14732439;
6126 : 14798232;
6127 : 14732439;
6128 : 14140304;
6129 : 13021829;
6130 : 12364158;
6131 : 12364414;
6132 : 12429951;
6133 : 12561537;
6134 : 10390886;
6135 : 9737106;
6136 : 16777215;
6137 : 16777215;
6138 : 16777215;
6139 : 16777215;
6140 : 16777215;
6141 : 16777215;
6142 : 16777215;
6143 : 16777215;
6144 : 16777215;
6145 : 16777215;
6146 : 16777215;
6147 : 16777215;
6148 : 16777215;
6149 : 16777215;
6150 : 16777215;
6151 : 16777215;
6152 : 16777215;
6153 : 13487565;
6154 : 11511173;
6155 : 16641985;
6156 : 16115899;
6157 : 16115899;
6158 : 16181435;
6159 : 16181691;
6160 : 16379583;
6161 : 16445376;
6162 : 16379064;
6163 : 16312746;
6164 : 16312224;
6165 : 16312224;
6166 : 16312225;
6167 : 16378018;
6168 : 16378018;
6169 : 16378018;
6170 : 16312225;
6171 : 16312225;
6172 : 16378018;
6173 : 16378018;
6174 : 16378018;
6175 : 16312481;
6176 : 15325847;
6177 : 13417859;
6178 : 7628877;
6179 : 10784625;
6180 : 6048826;
6181 : 13668192;
6182 : 16428917;
6183 : 16424550;
6184 : 8537900;
6185 : 0;
6186 : 257;
6187 : 65793;
6188 : 65793;
6189 : 65793;
6190 : 65793;
6191 : 0;
6192 : 264459;
6193 : 402480;
6194 : 273469;
6195 : 339003;
6196 : 339003;
6197 : 339003;
6198 : 339003;
6199 : 339003;
6200 : 273210;
6201 : 273210;
6202 : 339260;
6203 : 8754;
6204 : 7225643;
6205 : 16090705;
6206 : 15630155;
6207 : 9791571;
6208 : 12896972;
6209 : 5854796;
6210 : 9601888;
6211 : 12167034;
6212 : 12035706;
6213 : 12035706;
6214 : 12035706;
6215 : 12035706;
6216 : 12035706;
6217 : 12035706;
6218 : 12035706;
6219 : 12035706;
6220 : 12035706;
6221 : 12035706;
6222 : 12035706;
6223 : 12167036;
6224 : 12430462;
6225 : 12956547;
6226 : 13416840;
6227 : 13680268;
6228 : 13942926;
6229 : 14074768;
6230 : 14206097;
6231 : 14337683;
6232 : 14469268;
6233 : 14600853;
6234 : 14600853;
6235 : 14600853;
6236 : 14535060;
6237 : 14469268;
6238 : 14337683;
6239 : 14140306;
6240 : 13811342;
6241 : 13613451;
6242 : 13218950;
6243 : 12890243;
6244 : 13548426;
6245 : 14469268;
6246 : 14732439;
6247 : 14798232;
6248 : 14732439;
6249 : 14798232;
6250 : 14732439;
6251 : 14798232;
6252 : 14798232;
6253 : 14798232;
6254 : 14535318;
6255 : 13614475;
6256 : 12561791;
6257 : 12364157;
6258 : 12429951;
6259 : 12429951;
6260 : 12429950;
6261 : 12561279;
6262 : 10062700;
6263 : 14803682;
6264 : 16777215;
6265 : 16777215;
6266 : 16777215;
6267 : 16777215;
6268 : 16777215;
6269 : 16777215;
6270 : 16777215;
6271 : 16777215;
6272 : 16777215;
6273 : 16777215;
6274 : 16777215;
6275 : 16777215;
6276 : 16777215;
6277 : 16777215;
6278 : 16777215;
6279 : 16777215;
6280 : 16777215;
6281 : 9539723;
6282 : 14339488;
6283 : 16313018;
6284 : 16115640;
6285 : 16115640;
6286 : 16115640;
6287 : 16115896;
6288 : 16181430;
6289 : 16247470;
6290 : 16247205;
6291 : 16312224;
6292 : 16312225;
6293 : 16312225;
6294 : 16312225;
6295 : 16378018;
6296 : 16312225;
6297 : 16312225;
6298 : 16312225;
6299 : 16312225;
6300 : 16312225;
6301 : 16312226;
6302 : 16378018;
6303 : 15851932;
6304 : 14207115;
6305 : 12233592;
6306 : 8483416;
6307 : 7299149;
6308 : 10842701;
6309 : 16494710;
6310 : 16427633;
6311 : 10181947;
6312 : 328194;
6313 : 0;
6314 : 65793;
6315 : 65793;
6316 : 65793;
6317 : 65793;
6318 : 65536;
6319 : 264203;
6320 : 468016;
6321 : 273469;
6322 : 339003;
6323 : 339003;
6324 : 339003;
6325 : 339003;
6326 : 339003;
6327 : 273210;
6328 : 273210;
6329 : 339003;
6330 : 10811;
6331 : 2434339;
6332 : 14514247;
6333 : 15893328;
6334 : 13068091;
6335 : 11051421;
6336 : 15264491;
6337 : 5919815;
6338 : 12166778;
6339 : 12363900;
6340 : 12167034;
6341 : 12101499;
6342 : 12035706;
6343 : 12101499;
6344 : 12035706;
6345 : 12035706;
6346 : 12035706;
6347 : 12035706;
6348 : 12035706;
6349 : 12035706;
6350 : 12035706;
6351 : 12035706;
6352 : 12035706;
6353 : 12035706;
6354 : 12233085;
6355 : 12561792;
6356 : 12824963;
6357 : 13022342;
6358 : 13219719;
6359 : 13351304;
6360 : 13482632;
6361 : 13548682;
6362 : 13548426;
6363 : 13482634;
6364 : 13351305;
6365 : 13153927;
6366 : 12890501;
6367 : 12561281;
6368 : 12298365;
6369 : 12100987;
6370 : 11837816;
6371 : 12232572;
6372 : 13811340;
6373 : 14666646;
6374 : 14732439;
6375 : 14798232;
6376 : 14732439;
6377 : 14798232;
6378 : 14798232;
6379 : 14798232;
6380 : 14798232;
6381 : 14666646;
6382 : 14140304;
6383 : 13350791;
6384 : 12758914;
6385 : 12495998;
6386 : 12495743;
6387 : 12495744;
6388 : 12495998;
6389 : 12429692;
6390 : 10919305;
6391 : 16580094;
6392 : 16777215;
6393 : 16777215;
6394 : 16777215;
6395 : 16777215;
6396 : 16777215;
6397 : 16777215;
6398 : 16777215;
6399 : 16777215;
6400 : 16777215;
6401 : 16777215;
6402 : 16777215;
6403 : 16777215;
6404 : 16777215;
6405 : 16777215;
6406 : 16777215;
6407 : 16777215;
6408 : 15527150;
6409 : 8420454;
6410 : 16313013;
6411 : 16181174;
6412 : 16115639;
6413 : 16115640;
6414 : 16115637;
6415 : 16115119;
6416 : 15983525;
6417 : 16114591;
6418 : 16246432;
6419 : 16246432;
6420 : 16180896;
6421 : 16180383;
6422 : 16180639;
6423 : 16246689;
6424 : 16312225;
6425 : 16312225;
6426 : 16312225;
6427 : 16312225;
6428 : 16312225;
6429 : 16246432;
6430 : 16180383;
6431 : 14667408;
6432 : 13548676;
6433 : 10786410;
6434 : 7431249;
6435 : 7821118;
6436 : 16100211;
6437 : 16363125;
6438 : 13206359;
6439 : 985350;
6440 : 0;
6441 : 65793;
6442 : 131586;
6443 : 65793;
6444 : 65793;
6445 : 65536;
6446 : 198150;
6447 : 467758;
6448 : 273468;
6449 : 339003;
6450 : 339003;
6451 : 273210;
6452 : 339003;
6453 : 273466;
6454 : 339003;
6455 : 273210;
6456 : 338747;
6457 : 208189;
6458 : 532008;
6459 : 11296056;
6460 : 15893070;
6461 : 15629642;
6462 : 10184270;
6463 : 14673898;
6464 : 13554644;
6465 : 6053728;
6466 : 4801072;
6467 : 7892561;
6468 : 9734501;
6469 : 11378550;
6470 : 12233341;
6471 : 12495999;
6472 : 12167292;
6473 : 12035706;
6474 : 12035706;
6475 : 12035706;
6476 : 12035706;
6477 : 12035706;
6478 : 12035706;
6479 : 12035706;
6480 : 12035706;
6481 : 12035706;
6482 : 12035707;
6483 : 11970171;
6484 : 12101244;
6485 : 12101499;
6486 : 12167292;
6487 : 12233084;
6488 : 12298620;
6489 : 12298622;
6490 : 12232829;
6491 : 12167293;
6492 : 12167293;
6493 : 11969658;
6494 : 11837816;
6495 : 11837815;
6496 : 11772279;
6497 : 12035193;
6498 : 12890243;
6499 : 14074254;
6500 : 14666646;
6501 : 14732439;
6502 : 14666646;
6503 : 14732182;
6504 : 14732439;
6505 : 14798232;
6506 : 14798232;
6507 : 14732183;
6508 : 14666390;
6509 : 14468755;
6510 : 14073999;
6511 : 13284486;
6512 : 12561280;
6513 : 12495487;
6514 : 12495744;
6515 : 12495744;
6516 : 12495744;
6517 : 11903862;
6518 : 11512480;
6519 : 16777215;
6520 : 16777215;
6521 : 16777215;
6522 : 16777215;
6523 : 16777215;
6524 : 16777215;
6525 : 16777215;
6526 : 16777215;
6527 : 16777215;
6528 : 16777215;
6529 : 16777215;
6530 : 16777215;
6531 : 16777215;
6532 : 16777215;
6533 : 16777215;
6534 : 16777215;
6535 : 16777215;
6536 : 12500672;
6537 : 10919023;
6538 : 16708023;
6539 : 16115637;
6540 : 16115638;
6541 : 16115122;
6542 : 16049065;
6543 : 15983008;
6544 : 15982748;
6545 : 15982748;
6546 : 16048541;
6547 : 16048541;
6548 : 16048541;
6549 : 15982747;
6550 : 15982748;
6551 : 16048541;
6552 : 16180126;
6553 : 16312225;
6554 : 16246945;
6555 : 16115102;
6556 : 16114334;
6557 : 16114334;
6558 : 15062163;
6559 : 13417347;
6560 : 13483140;
6561 : 8287315;
6562 : 4864813;
6563 : 14325606;
6564 : 16363126;
6565 : 15704683;
6566 : 4138779;
6567 : 0;
6568 : 65793;
6569 : 65793;
6570 : 65793;
6571 : 65793;
6572 : 65793;
6573 : 65793;
6574 : 529948;
6575 : 338747;
6576 : 339005;
6577 : 338748;
6578 : 273212;
6579 : 339003;
6580 : 338747;
6581 : 273210;
6582 : 273210;
6583 : 339003;
6584 : 273725;
6585 : 7981;
6586 : 7881515;
6587 : 15827021;
6588 : 15498828;
6589 : 13462335;
6590 : 6181195;
6591 : 8743775;
6592 : 8932658;
6593 : 10441779;
6594 : 11032886;
6595 : 9719600;
6596 : 8144685;
6597 : 6373675;
6598 : 5983029;
6599 : 7629135;
6600 : 10589807;
6601 : 12364670;
6602 : 12232828;
6603 : 12035706;
6604 : 12035706;
6605 : 12035706;
6606 : 12035706;
6607 : 12035706;
6608 : 12035706;
6609 : 12101499;
6610 : 12101499;
6611 : 12035707;
6612 : 12035707;
6613 : 12035706;
6614 : 12035706;
6615 : 12035706;
6616 : 12035706;
6617 : 12035707;
6618 : 12101500;
6619 : 12101500;
6620 : 12101500;
6621 : 11969658;
6622 : 11837815;
6623 : 11837815;
6624 : 12100986;
6625 : 13482377;
6626 : 14732439;
6627 : 14864025;
6628 : 14798232;
6629 : 14798232;
6630 : 14600853;
6631 : 14534804;
6632 : 14600597;
6633 : 14600597;
6634 : 14600341;
6635 : 14337171;
6636 : 13942414;
6637 : 13218693;
6638 : 12627074;
6639 : 12495487;
6640 : 12495230;
6641 : 12495230;
6642 : 12495230;
6643 : 12495487;
6644 : 12626816;
6645 : 11245935;
6646 : 11644842;
6647 : 16777215;
6648 : 16777215;
6649 : 16777215;
6650 : 16777215;
6651 : 16777215;
6652 : 16777215;
6653 : 16777215;
6654 : 16777215;
6655 : 16777215;
6656 : 16777215;
6657 : 16777215;
6658 : 16777215;
6659 : 16777215;
6660 : 16777215;
6661 : 16777215;
6662 : 16777215;
6663 : 16777215;
6664 : 10197656;
6665 : 13220735;
6666 : 16378544;
6667 : 16049843;
6668 : 16049840;
6669 : 16048803;
6670 : 15982749;
6671 : 15982748;
6672 : 15983005;
6673 : 16048797;
6674 : 16048541;
6675 : 15982750;
6676 : 15982749;
6677 : 16048541;
6678 : 16048541;
6679 : 15982749;
6680 : 16048541;
6681 : 16114589;
6682 : 16114590;
6683 : 15983004;
6684 : 15916956;
6685 : 15521944;
6686 : 13746055;
6687 : 13022592;
6688 : 13483396;
6689 : 4538414;
6690 : 9856067;
6691 : 16691831;
6692 : 16690547;
6693 : 9329468;
6694 : 0;
6695 : 65793;
6696 : 65793;
6697 : 0;
6698 : 65793;
6699 : 65793;
6700 : 0;
6701 : 263430;
6702 : 598315;
6703 : 273469;
6704 : 338747;
6705 : 338234;
6706 : 338747;
6707 : 338746;
6708 : 338490;
6709 : 338490;
6710 : 273210;
6711 : 339261;
6712 : 8240;
6713 : 5386531;
6714 : 15367499;
6715 : 15301964;
6716 : 15498829;
6717 : 8668972;
6718 : 11755065;
6719 : 14841412;
6720 : 15761742;
6721 : 15696464;
6722 : 15630672;
6723 : 15762000;
6724 : 15696207;
6725 : 15235914;
6726 : 13725249;
6727 : 10901301;
6728 : 7423533;
6729 : 7430727;
6730 : 10589551;
6731 : 12298877;
6732 : 12298620;
6733 : 12035706;
6734 : 12035706;
6735 : 12101499;
6736 : 12101500;
6737 : 12101500;
6738 : 12035706;
6739 : 12035707;
6740 : 12035706;
6741 : 12035706;
6742 : 12035706;
6743 : 12035706;
6744 : 12035707;
6745 : 12101500;
6746 : 12101500;
6747 : 12101500;
6748 : 12035707;
6749 : 12035706;
6750 : 12035706;
6751 : 12495999;
6752 : 13482634;
6753 : 14074769;
6754 : 13943183;
6755 : 13811342;
6756 : 13943439;
6757 : 14337683;
6758 : 14403219;
6759 : 14402962;
6760 : 14337170;
6761 : 14073743;
6762 : 13613450;
6763 : 13087367;
6764 : 12561281;
6765 : 12232058;
6766 : 12232315;
6767 : 12364159;
6768 : 12495230;
6769 : 12495230;
6770 : 12495230;
6771 : 12495230;
6772 : 12758144;
6773 : 10193509;
6774 : 12040118;
6775 : 16777215;
6776 : 16777215;
6777 : 16777215;
6778 : 16777215;
6779 : 16777215;
6780 : 16777215;
6781 : 16777215;
6782 : 16777215;
6783 : 16777215;
6784 : 16777215;
6785 : 16777215;
6786 : 16777215;
6787 : 16777215;
6788 : 16777215;
6789 : 16777215;
6790 : 16777215;
6791 : 16777215;
6792 : 8881534;
6793 : 14206856;
6794 : 16180389;
6795 : 16049325;
6796 : 16048803;
6797 : 15982748;
6798 : 16048541;
6799 : 16114590;
6800 : 16180896;
6801 : 16246945;
6802 : 16180896;
6803 : 15982749;
6804 : 15982750;
6805 : 16048541;
6806 : 16048541;
6807 : 15982748;
6808 : 16048541;
6809 : 15982749;
6810 : 15982749;
6811 : 16180126;
6812 : 13614981;
6813 : 13680261;
6814 : 13088384;
6815 : 13351555;
6816 : 11839862;
6817 : 6044968;
6818 : 16098155;
6819 : 16361840;
6820 : 14650972;
6821 : 1773836;
6822 : 0;
6823 : 65793;
6824 : 257;
6825 : 65793;
6826 : 0;
6827 : 65793;
6828 : 65536;
6829 : 463898;
6830 : 404026;
6831 : 534067;
6832 : 533811;
6833 : 338490;
6834 : 273467;
6835 : 338490;
6836 : 272698;
6837 : 338747;
6838 : 273725;
6839 : 7983;
6840 : 4204575;
6841 : 14513479;
6842 : 15433037;
6843 : 15630158;
6844 : 11886908;
6845 : 9785649;
6846 : 15827536;
6847 : 15236686;
6848 : 15236686;
6849 : 15236686;
6850 : 15236686;
6851 : 15170893;
6852 : 15170893;
6853 : 15236172;
6854 : 15433036;
6855 : 15761485;
6856 : 15761485;
6857 : 12608829;
6858 : 7620142;
6859 : 6509887;
6860 : 9536867;
6861 : 12035450;
6862 : 12100987;
6863 : 11969658;
6864 : 12035707;
6865 : 12035707;
6866 : 12035706;
6867 : 12035706;
6868 : 12035706;
6869 : 12035706;
6870 : 12035706;
6871 : 12101499;
6872 : 12101500;
6873 : 12101500;
6874 : 12035707;
6875 : 12035707;
6876 : 12035706;
6877 : 12035706;
6878 : 12101499;
6879 : 12233085;
6880 : 12233085;
6881 : 12101499;
6882 : 12101500;
6883 : 12430207;
6884 : 12956805;
6885 : 13351048;
6886 : 13547914;
6887 : 13416329;
6888 : 13021573;
6889 : 12561023;
6890 : 12363901;
6891 : 12429437;
6892 : 12363903;
6893 : 12364159;
6894 : 12364158;
6895 : 12364159;
6896 : 12429696;
6897 : 12495231;
6898 : 12495230;
6899 : 12495230;
6900 : 12824193;
6901 : 9141597;
6902 : 13027015;
6903 : 16777215;
6904 : 16777215;
6905 : 16777215;
6906 : 16777215;
6907 : 16777215;
6908 : 16777215;
6909 : 16777215;
6910 : 16777215;
6911 : 16777215;
6912 : 16777215;
6913 : 16777215;
6914 : 16777215;
6915 : 16777215;
6916 : 16777215;
6917 : 16777215;
6918 : 16777215;
6919 : 16711679;
6920 : 8815219;
6921 : 14995600;
6922 : 16048542;
6923 : 15983009;
6924 : 16048541;
6925 : 16114590;
6926 : 16246688;
6927 : 16378018;
6928 : 16312225;
6929 : 16312225;
6930 : 16312225;
6931 : 16180383;
6932 : 16048541;
6933 : 16114333;
6934 : 16114590;
6935 : 16246176;
6936 : 16246175;
6937 : 16048797;
6938 : 15916956;
6939 : 16245919;
6940 : 12628348;
6941 : 11115117;
6942 : 13351554;
6943 : 13812615;
6944 : 8222034;
6945 : 10772026;
6946 : 16558190;
6947 : 16424293;
6948 : 7619371;
6949 : 0;
6950 : 0;
6951 : 0;
6952 : 525572;
6953 : 65793;
6954 : 65793;
6955 : 65792;
6956 : 396560;
6957 : 532266;
6958 : 596771;
6959 : 597545;
6960 : 338490;
6961 : 273467;
6962 : 273211;
6963 : 338492;
6964 : 273470;
6965 : 10811;
6966 : 7465;
6967 : 5517602;
6968 : 14579270;
6969 : 15564364;
6970 : 15433293;
6971 : 14185286;
6972 : 7092772;
6973 : 14908236;
6974 : 15302479;
6975 : 15236686;
6976 : 15236686;
6977 : 15170893;
6978 : 15170892;
6979 : 15236173;
6980 : 15170380;
6981 : 15236173;
6982 : 15236173;
6983 : 15236171;
6984 : 15236171;
6985 : 15564366;
6986 : 15564364;
6987 : 12608572;
6988 : 7356200;
6989 : 6048567;
6990 : 9865832;
6991 : 12232572;
6992 : 11969401;
6993 : 11903607;
6994 : 11903607;
6995 : 11903607;
6996 : 11904120;
6997 : 12035707;
6998 : 12101500;
6999 : 12101500;
7000 : 12101500;
7001 : 12101499;
7002 : 12035706;
7003 : 12035706;
7004 : 12035706;
7005 : 12035706;
7006 : 12035706;
7007 : 12035706;
7008 : 12035707;
7009 : 12035707;
7010 : 12035706;
7011 : 12101499;
7012 : 12167292;
7013 : 12167036;
7014 : 12232572;
7015 : 12232573;
7016 : 12166781;
7017 : 12232572;
7018 : 12298365;
7019 : 12494974;
7020 : 12495230;
7021 : 12364159;
7022 : 12364158;
7023 : 12364158;
7024 : 12364159;
7025 : 12429695;
7026 : 12495230;
7027 : 12495230;
7028 : 12956036;
7029 : 8352598;
7030 : 13027016;
7031 : 16777215;
7032 : 16777215;
7033 : 16777215;
7034 : 16777215;
7035 : 16777215;
7036 : 16777215;
7037 : 16777215;
7038 : 16777215;
7039 : 16777215;
7040 : 16777215;
7041 : 16777215;
7042 : 16777215;
7043 : 16777215;
7044 : 16777215;
7045 : 16777215;
7046 : 16777215;
7047 : 16382716;
7048 : 8814958;
7049 : 14864015;
7050 : 15851419;
7051 : 16180639;
7052 : 16246689;
7053 : 16246689;
7054 : 16312482;
7055 : 16312225;
7056 : 16378018;
7057 : 16312225;
7058 : 16312225;
7059 : 16312225;
7060 : 16312225;
7061 : 16378018;
7062 : 16312225;
7063 : 16312225;
7064 : 16378018;
7065 : 16049053;
7066 : 15456406;
7067 : 16245920;
7068 : 12891262;
7069 : 9536861;
7070 : 13747080;
7071 : 12695680;
7072 : 4666916;
7073 : 14188367;
7074 : 16358757;
7075 : 14055497;
7076 : 1116422;
7077 : 0;
7078 : 1379080;
7079 : 7946794;
7080 : 2890001;
7081 : 0;
7082 : 65536;
7083 : 329481;
7084 : 527890;
7085 : 461324;
7086 : 660762;
7087 : 533553;
7088 : 272954;
7089 : 272956;
7090 : 142141;
7091 : 10042;
7092 : 7210;
7093 : 2761761;
7094 : 10442548;
7095 : 15630412;
7096 : 15564622;
7097 : 15367500;
7098 : 15366986;
7099 : 8409910;
7100 : 7163444;
7101 : 15367501;
7102 : 15302221;
7103 : 15499086;
7104 : 15367756;
7105 : 15236171;
7106 : 15236171;
7107 : 15236171;
7108 : 15236171;
7109 : 15236172;
7110 : 15236172;
7111 : 15236172;
7112 : 15236173;
7113 : 15236172;
7114 : 15236173;
7115 : 15498830;
7116 : 15695694;
7117 : 13068095;
7118 : 7488300;
7119 : 8615255;
7120 : 12035706;
7121 : 12035193;
7122 : 11837815;
7123 : 11903608;
7124 : 11903608;
7125 : 11969658;
7126 : 12035707;
7127 : 12101500;
7128 : 12101499;
7129 : 12035706;
7130 : 12035706;
7131 : 12035706;
7132 : 12035706;
7133 : 12035707;
7134 : 12101499;
7135 : 12101499;
7136 : 12035706;
7137 : 12035706;
7138 : 12035706;
7139 : 12035706;
7140 : 12101499;
7141 : 12101243;
7142 : 12166779;
7143 : 12232572;
7144 : 12298365;
7145 : 12495743;
7146 : 12561537;
7147 : 12561536;
7148 : 12495230;
7149 : 12495230;
7150 : 12429695;
7151 : 12364159;
7152 : 12364159;
7153 : 12364158;
7154 : 12495230;
7155 : 12561023;
7156 : 13022084;
7157 : 7826512;
7158 : 12829637;
7159 : 16777215;
7160 : 16777215;
7161 : 16777215;
7162 : 16777215;
7163 : 16777215;
7164 : 16777215;
7165 : 16777215;
7166 : 16777215;
7167 : 16777215;
7168 : 16777215;
7169 : 16777215;
7170 : 16777215;
7171 : 16777215;
7172 : 16777215;
7173 : 16777215;
7174 : 16777215;
7175 : 16448253;
7176 : 9603957;
7177 : 14470027;
7178 : 15325846;
7179 : 16115103;
7180 : 16378018;
7181 : 16312481;
7182 : 16312225;
7183 : 16312225;
7184 : 16378018;
7185 : 16312225;
7186 : 16245919;
7187 : 16180383;
7188 : 16312225;
7189 : 16378018;
7190 : 16378018;
7191 : 16312481;
7192 : 15852188;
7193 : 14996883;
7194 : 15456919;
7195 : 16311968;
7196 : 13615494;
7197 : 9208155;
7198 : 13944971;
7199 : 9600857;
7200 : 7486759;
7201 : 15567961;
7202 : 15698003;
7203 : 5450523;
7204 : 0;
7205 : 5319707;
7206 : 13660228;
7207 : 10639673;
7208 : 197122;
7209 : 257;
7210 : 131586;
7211 : 263429;
7212 : 263430;
7213 : 527373;
7214 : 661277;
7215 : 336689;
7216 : 9785;
7217 : 9012;
7218 : 860715;
7219 : 4271396;
7220 : 9719856;
7221 : 14776647;
7222 : 16024910;
7223 : 15565133;
7224 : 15630926;
7225 : 15433035;
7226 : 9262389;
7227 : 12630145;
7228 : 9335887;
7229 : 14579013;
7230 : 15564877;
7231 : 12543037;
7232 : 12609343;
7233 : 15498828;
7234 : 15236171;
7235 : 15236171;
7236 : 15236171;
7237 : 15236171;
7238 : 15236171;
7239 : 15236171;
7240 : 15236172;
7241 : 15236172;
7242 : 15236172;
7243 : 15236172;
7244 : 15301964;
7245 : 15696206;
7246 : 15761740;
7247 : 11296313;
7248 : 6574138;
7249 : 10194538;
7250 : 12232315;
7251 : 11903608;
7252 : 11903608;
7253 : 11969401;
7254 : 12035706;
7255 : 12035706;
7256 : 12035707;
7257 : 12035706;
7258 : 12035706;
7259 : 12035706;
7260 : 12101500;
7261 : 12101500;
7262 : 12035706;
7263 : 12035707;
7264 : 12035707;
7265 : 12035706;
7266 : 12035706;
7267 : 12035706;
7268 : 12101243;
7269 : 12166779;
7270 : 12232572;
7271 : 12363902;
7272 : 12495486;
7273 : 12627584;
7274 : 12693121;
7275 : 12693377;
7276 : 12561280;
7277 : 12495230;
7278 : 12495230;
7279 : 12429694;
7280 : 12429695;
7281 : 12429694;
7282 : 12495230;
7283 : 12495230;
7284 : 12956547;
7285 : 7563084;
7286 : 12369086;
7287 : 16777215;
7288 : 16777215;
7289 : 16777215;
7290 : 16777215;
7291 : 16777215;
7292 : 16777215;
7293 : 16777215;
7294 : 16777215;
7295 : 16777215;
7296 : 16777215;
7297 : 16777215;
7298 : 16777215;
7299 : 16777215;
7300 : 16777215;
7301 : 16777215;
7302 : 16777215;
7303 : 16711423;
7304 : 10722954;
7305 : 14075784;
7306 : 14668176;
7307 : 15325847;
7308 : 15983261;
7309 : 16312225;
7310 : 16378018;
7311 : 16378018;
7312 : 16180639;
7313 : 16048797;
7314 : 16048541;
7315 : 16048284;
7316 : 16114590;
7317 : 16180640;
7318 : 15917468;
7319 : 15193748;
7320 : 14207371;
7321 : 14272651;
7322 : 15456919;
7323 : 16509089;
7324 : 12497275;
7325 : 9471838;
7326 : 12036983;
7327 : 9919806;
7328 : 12609857;
7329 : 16091475;
7330 : 12018492;
7331 : 1313544;
7332 : 10244915;
7333 : 15827021;
7334 : 13792073;
7335 : 2890002;
7336 : 0;
7337 : 131586;
7338 : 258;
7339 : 0;
7340 : 3;
7341 : 3347;
7342 : 269093;
7343 : 1713451;
7344 : 5191468;
7345 : 9195316;
7346 : 12937279;
7347 : 15498826;
7348 : 16024910;
7349 : 15630669;
7350 : 15499596;
7351 : 15959119;
7352 : 14645062;
7353 : 8934710;
7354 : 12432766;
7355 : 16775340;
7356 : 10390111;
7357 : 9981486;
7358 : 10967863;
7359 : 7954496;
7360 : 10573622;
7361 : 15695949;
7362 : 15236171;
7363 : 15170378;
7364 : 15236171;
7365 : 15236171;
7366 : 15236171;
7367 : 15236171;
7368 : 15301963;
7369 : 15367756;
7370 : 15367756;
7371 : 15433804;
7372 : 15433804;
7373 : 15433804;
7374 : 15499596;
7375 : 16024911;
7376 : 13397055;
7377 : 6176041;
7378 : 9339489;
7379 : 12298364;
7380 : 11903865;
7381 : 11969657;
7382 : 12035706;
7383 : 12035706;
7384 : 12035706;
7385 : 12035706;
7386 : 12035707;
7387 : 12035706;
7388 : 12101499;
7389 : 12101499;
7390 : 12035706;
7391 : 12035706;
7392 : 12035706;
7393 : 12035706;
7394 : 12035706;
7395 : 11969400;
7396 : 12100986;
7397 : 12166780;
7398 : 12232573;
7399 : 12363902;
7400 : 12495486;
7401 : 12561792;
7402 : 12693377;
7403 : 12693377;
7404 : 12627585;
7405 : 12561279;
7406 : 12495230;
7407 : 12495230;
7408 : 12495230;
7409 : 12495230;
7410 : 12495230;
7411 : 12495230;
7412 : 12889987;
7413 : 7299912;
7414 : 11382448;
7415 : 16777215;
7416 : 16777215;
7417 : 16777215;
7418 : 16777215;
7419 : 16777215;
7420 : 16777215;
7421 : 16777215;
7422 : 16777215;
7423 : 16777215;
7424 : 16777215;
7425 : 16777215;
7426 : 16777215;
7427 : 16777215;
7428 : 16777215;
7429 : 16777215;
7430 : 16777215;
7431 : 16777215;
7432 : 11316130;
7433 : 12957566;
7434 : 14536079;
7435 : 14536334;
7436 : 14865298;
7437 : 15325847;
7438 : 15654554;
7439 : 15720091;
7440 : 15654041;
7441 : 15654042;
7442 : 15653785;
7443 : 15587993;
7444 : 15259030;
7445 : 14732944;
7446 : 14075017;
7447 : 13483140;
7448 : 13220226;
7449 : 13680261;
7450 : 15193236;
7451 : 16443553;
7452 : 10984300;
7453 : 9472095;
7454 : 9528132;
7455 : 13529929;
7456 : 15499341;
7457 : 15827790;
7458 : 10376499;
7459 : 12084027;
7460 : 16024398;
7461 : 15039564;
7462 : 5780002;
7463 : 0;
7464 : 0;
7465 : 0;
7466 : 591364;
7467 : 2298637;
7468 : 4335388;
7469 : 7554094;
7470 : 11099194;
7471 : 14185028;
7472 : 15629644;
7473 : 15827023;
7474 : 15564365;
7475 : 15433037;
7476 : 15696205;
7477 : 15827533;
7478 : 14907462;
7479 : 11558970;
7480 : 7427899;
7481 : 13616521;
7482 : 16773031;
7483 : 16773031;
7484 : 12167541;
7485 : 6108706;
7486 : 8679757;
7487 : 11379827;
7488 : 10441778;
7489 : 15695949;
7490 : 15236171;
7491 : 15236171;
7492 : 15236171;
7493 : 15236171;
7494 : 15301964;
7495 : 15367756;
7496 : 15433804;
7497 : 15499596;
7498 : 15433804;
7499 : 15433804;
7500 : 15433804;
7501 : 15433804;
7502 : 15433804;
7503 : 15433804;
7504 : 15827790;
7505 : 14513734;
7506 : 5781027;
7507 : 9011039;
7508 : 12364670;
7509 : 12035706;
7510 : 12035706;
7511 : 12035706;
7512 : 12035706;
7513 : 12035707;
7514 : 12101500;
7515 : 12035707;
7516 : 12035706;
7517 : 12035706;
7518 : 12035706;
7519 : 12035706;
7520 : 12035706;
7521 : 12035706;
7522 : 11969657;
7523 : 11903608;
7524 : 12100987;
7525 : 12166780;
7526 : 12298365;
7527 : 12363902;
7528 : 12495486;
7529 : 12561536;
7530 : 12627584;
7531 : 12627584;
7532 : 12627584;
7533 : 12561536;
7534 : 12495230;
7535 : 12494973;
7536 : 12429437;
7537 : 12495486;
7538 : 12561535;
7539 : 12627328;
7540 : 12956292;
7541 : 7431499;
7542 : 12895687;
7543 : 16777215;
7544 : 16777215;
7545 : 16777215;
7546 : 16777215;
7547 : 16777215;
7548 : 16777215;
7549 : 16777215;
7550 : 16777215;
7551 : 16777215;
7552 : 16777215;
7553 : 16777215;
7554 : 16777215;
7555 : 16777215;
7556 : 16777215;
7557 : 16777215;
7558 : 16777215;
7559 : 16777215;
7560 : 10000793;
7561 : 10852968;
7562 : 14667920;
7563 : 14338957;
7564 : 14338700;
7565 : 14470286;
7566 : 14601871;
7567 : 14536079;
7568 : 14601102;
7569 : 14601359;
7570 : 14469773;
7571 : 14272652;
7572 : 13943432;
7573 : 13548677;
7574 : 13219970;
7575 : 13088384;
7576 : 13088384;
7577 : 13614469;
7578 : 15127701;
7579 : 14667921;
7580 : 6512195;
7581 : 8805696;
7582 : 13004359;
7583 : 14908748;
7584 : 15433804;
7585 : 15301963;
7586 : 14448199;
7587 : 15367500;
7588 : 15236428;
7589 : 11231294;
7590 : 1248009;
7591 : 2429966;
7592 : 5845278;
7593 : 10376755;
7594 : 13266241;
7595 : 14776648;
7596 : 15498828;
7597 : 15958351;
7598 : 16024144;
7599 : 15827023;
7600 : 15629902;
7601 : 15366988;
7602 : 15038281;
7603 : 13921602;
7604 : 11295543;
7605 : 8277296;
7606 : 9533008;
7607 : 12760445;
7608 : 15786910;
7609 : 16706725;
7610 : 16312225;
7611 : 16641188;
7612 : 13220738;
7613 : 6839103;
7614 : 16312738;
7615 : 11313264;
7616 : 11492151;
7617 : 15630157;
7618 : 15236171;
7619 : 15236171;
7620 : 15236171;
7621 : 15236171;
7622 : 15367756;
7623 : 15433804;
7624 : 15433804;
7625 : 15433804;
7626 : 15433804;
7627 : 15433804;
7628 : 15433804;
7629 : 15433804;
7630 : 15433804;
7631 : 15499597;
7632 : 15499597;
7633 : 15761998;
7634 : 14579270;
7635 : 5912613;
7636 : 9800552;
7637 : 12364414;
7638 : 12035706;
7639 : 12035706;
7640 : 12035707;
7641 : 12035707;
7642 : 12035706;
7643 : 12035706;
7644 : 12035706;
7645 : 12035706;
7646 : 12035706;
7647 : 12035706;
7648 : 12035706;
7649 : 11969656;
7650 : 11903607;
7651 : 11903608;
7652 : 12100987;
7653 : 12166780;
7654 : 12298365;
7655 : 12364159;
7656 : 12561536;
7657 : 12627584;
7658 : 12627585;
7659 : 12693122;
7660 : 12627584;
7661 : 12627329;
7662 : 12561537;
7663 : 12561280;
7664 : 12561536;
7665 : 12627584;
7666 : 12693377;
7667 : 12693377;
7668 : 13087876;
7669 : 7037516;
7670 : 8619140;
7671 : 13553358;
7672 : 16777215;
7673 : 16777215;
7674 : 16777215;
7675 : 16777215;
7676 : 16777215;
7677 : 16777215;
7678 : 16777215;
7679 : 16777215;
7680 : 16777215;
7681 : 16777215;
7682 : 16777215;
7683 : 16777215;
7684 : 16777215;
7685 : 16777215;
7686 : 16777215;
7687 : 16711679;
7688 : 7233886;
7689 : 8351820;
7690 : 14602127;
7691 : 14207371;
7692 : 14207372;
7693 : 14207115;
7694 : 14141322;
7695 : 14075274;
7696 : 14140554;
7697 : 14074761;
7698 : 13943688;
7699 : 13812359;
7700 : 13614981;
7701 : 13351812;
7702 : 13219970;
7703 : 13154432;
7704 : 13286018;
7705 : 14075531;
7706 : 14338701;
7707 : 10590314;
7708 : 7422764;
7709 : 13398344;
7710 : 14908748;
7711 : 15367755;
7712 : 15236171;
7713 : 15236173;
7714 : 15367501;
7715 : 15301965;
7716 : 14711115;
7717 : 13003844;
7718 : 12872000;
7719 : 15039306;
7720 : 16089935;
7721 : 16024399;
7722 : 15827278;
7723 : 15432779;
7724 : 14709829;
7725 : 13658945;
7726 : 12345916;
7727 : 10902585;
7728 : 10247741;
7729 : 9658945;
7730 : 9596233;
7731 : 10191707;
7732 : 11575922;
7733 : 14076557;
7734 : 16379044;
7735 : 16641445;
7736 : 16312481;
7737 : 16114590;
7738 : 16114334;
7739 : 16311711;
7740 : 13681030;
7741 : 9800289;
7742 : 16773288;
7743 : 10194275;
7744 : 12214331;
7745 : 15564366;
7746 : 15236173;
7747 : 15236173;
7748 : 15236173;
7749 : 15170379;
7750 : 15301964;
7751 : 15433549;
7752 : 15433804;
7753 : 15433804;
7754 : 15433804;
7755 : 15433804;
7756 : 15499340;
7757 : 15499596;
7758 : 15499596;
7759 : 15499596;
7760 : 15433804;
7761 : 15433804;
7762 : 15761998;
7763 : 12937277;
7764 : 5257512;
7765 : 11312757;
7766 : 12233084;
7767 : 12035707;
7768 : 12035707;
7769 : 12035706;
7770 : 12035706;
7771 : 12035706;
7772 : 11969656;
7773 : 11969400;
7774 : 11903608;
7775 : 11903864;
7776 : 11903864;
7777 : 11969400;
7778 : 11969657;
7779 : 12035194;
7780 : 12166779;
7781 : 12298365;
7782 : 12495744;
7783 : 12561792;
7784 : 12693121;
7785 : 12693377;
7786 : 12627584;
7787 : 12693377;
7788 : 12627330;
7789 : 12627331;
7790 : 12693122;
7791 : 12693377;
7792 : 12693377;
7793 : 12693377;
7794 : 12693377;
7795 : 12693377;
7796 : 12890499;
7797 : 9930853;
7798 : 5918779;
7799 : 12763844;
7800 : 14343131;
7801 : 15921906;
7802 : 16777215;
7803 : 16777215;
7804 : 16777215;
7805 : 16777215;
7806 : 16777215;
7807 : 16777215;
7808 : 16777215;
7809 : 16777215;
7810 : 16777215;
7811 : 16777215;
7812 : 16777215;
7813 : 16777215;
7814 : 16777215;
7815 : 15659764;
7816 : 10445899;
7817 : 7883824;
7818 : 12760960;
7819 : 14075273;
7820 : 14009481;
7821 : 14075017;
7822 : 14074761;
7823 : 14074761;
7824 : 14009481;
7825 : 13878152;
7826 : 13812359;
7827 : 13746054;
7828 : 13614726;
7829 : 13417348;
7830 : 13351811;
7831 : 13352067;
7832 : 13549702;
7833 : 13812616;
7834 : 12169083;
7835 : 7622966;
7836 : 14317385;
7837 : 15433805;
7838 : 15433547;
7839 : 15236171;
7840 : 15236172;
7841 : 15236173;
7842 : 15236172;
7843 : 15236172;
7844 : 15236172;
7845 : 15498830;
7846 : 14579528;
7847 : 10901814;
7848 : 9982514;
7849 : 10179635;
7850 : 7880742;
7851 : 6701868;
7852 : 9400652;
7853 : 9271636;
7854 : 10851945;
7855 : 12957825;
7856 : 14470801;
7857 : 15260312;
7858 : 15917726;
7859 : 16377761;
7860 : 16377505;
7861 : 16245663;
7862 : 16048541;
7863 : 16048797;
7864 : 16048540;
7865 : 15982749;
7866 : 15982749;
7867 : 16114334;
7868 : 14930579;
7869 : 13680775;
7870 : 16640933;
7871 : 9864797;
7872 : 12805437;
7873 : 15433294;
7874 : 15236173;
7875 : 15236173;
7876 : 15170381;
7877 : 15170379;
7878 : 15236171;
7879 : 15368012;
7880 : 15433548;
7881 : 15433549;
7882 : 15236683;
7883 : 15236683;
7884 : 15236427;
7885 : 15302220;
7886 : 15368013;
7887 : 15433805;
7888 : 15433804;
7889 : 15433804;
7890 : 15499340;
7891 : 15236427;
7892 : 10441520;
7893 : 5589559;
7894 : 12167549;
7895 : 12101499;
7896 : 12035706;
7897 : 12035705;
7898 : 11903864;
7899 : 11903607;
7900 : 11837815;
7901 : 11837815;
7902 : 11837815;
7903 : 11837815;
7904 : 11969400;
7905 : 12035706;
7906 : 12101499;
7907 : 12167292;
7908 : 12364158;
7909 : 12429951;
7910 : 12495743;
7911 : 12561791;
7912 : 12627584;
7913 : 12693377;
7914 : 12627586;
7915 : 12693122;
7916 : 12627585;
7917 : 12627585;
7918 : 12693377;
7919 : 12693377;
7920 : 12693377;
7921 : 12693377;
7922 : 12693377;
7923 : 12693378;
7924 : 12627586;
7925 : 13087876;
7926 : 6248264;
7927 : 10263448;
7928 : 6842211;
7929 : 15856114;
7930 : 10724259;
7931 : 11250603;
7932 : 16777215;
7933 : 16777215;
7934 : 16777215;
7935 : 16777215;
7936 : 16777215;
7937 : 16777215;
7938 : 16777215;
7939 : 16777215;
7940 : 16777215;
7941 : 16777215;
7942 : 16777215;
7943 : 14409439;
7944 : 11625795;
7945 : 13199421;
7946 : 9140051;
7947 : 13944203;
7948 : 13811847;
7949 : 13877639;
7950 : 13812359;
7951 : 13877639;
7952 : 13812103;
7953 : 13746310;
7954 : 13614725;
7955 : 13614724;
7956 : 13549445;
7957 : 13483652;
7958 : 13418116;
7959 : 13417860;
7960 : 13681031;
7961 : 13024131;
7962 : 7100476;
7963 : 13397055;
7964 : 15827790;
7965 : 15433804;
7966 : 15368011;
7967 : 15236171;
7968 : 15236172;
7969 : 15236173;
7970 : 15236173;
7971 : 15236172;
7972 : 15236172;
7973 : 15236172;
7974 : 15039050;
7975 : 13988421;
7976 : 14053957;
7977 : 14053956;
7978 : 9193515;
7979 : 9735267;
7980 : 16640933;
7981 : 16377763;
7982 : 16443298;
7983 : 16311713;
7984 : 16114334;
7985 : 16048541;
7986 : 15982749;
7987 : 15982749;
7988 : 15982749;
7989 : 15982750;
7990 : 15982749;
7991 : 15982749;
7992 : 15916956;
7993 : 15719577;
7994 : 15850906;
7995 : 15982751;
7996 : 16048541;
7997 : 16048542;
7998 : 16377763;
7999 : 10060892;
8000 : 13527616;
8001 : 15367501;
8002 : 15236173;
8003 : 15170380;
8004 : 15236172;
8005 : 15302219;
8006 : 15368012;
8007 : 15433804;
8008 : 15433804;
8009 : 15301964;
8010 : 15170893;
8011 : 15170893;
8012 : 15170892;
8013 : 15236171;
8014 : 15301964;
8015 : 15368013;
8016 : 15433804;
8017 : 15433804;
8018 : 15433804;
8019 : 15302219;
8020 : 14119748;
8021 : 8143142;
8022 : 7760720;
8023 : 12496255;
8024 : 12035706;
8025 : 11969913;
8026 : 11903607;
8027 : 11837815;
8028 : 11837815;
8029 : 11837815;
8030 : 11837815;
8031 : 11903864;
8032 : 11970170;
8033 : 12035706;
8034 : 12101499;
8035 : 12167292;
8036 : 12364158;
8037 : 12429950;
8038 : 12495742;
8039 : 12495999;
8040 : 12627328;
8041 : 12627328;
8042 : 12627073;
8043 : 12627330;
8044 : 12627585;
8045 : 12627585;
8046 : 12693378;
8047 : 12693377;
8048 : 12693377;
8049 : 12627584;
8050 : 12627328;
8051 : 12561536;
8052 : 12627073;
8053 : 11443317;
8054 : 6313281;
8055 : 7957326;
8056 : 6447712;
8057 : 8156778;
8058 : 4077871;
8059 : 14014166;
8060 : 16777215;
8061 : 16777215;
8062 : 16777215;
8063 : 16777215;
8064 : 16777215;
8065 : 16777215;
8066 : 16777215;
8067 : 16777215;
8068 : 16777215;
8069 : 16777215;
8070 : 16777215;
8071 : 14145495;
8072 : 12281921;
8073 : 15958093;
8074 : 11165500;
8075 : 10260069;
8076 : 13878153;
8077 : 13548933;
8078 : 13548932;
8079 : 13548932;
8080 : 13548933;
8081 : 13614981;
8082 : 13615237;
8083 : 13549444;
8084 : 13483652;
8085 : 13417860;
8086 : 13417860;
8087 : 13812360;
8088 : 12498302;
8089 : 7429182;
8090 : 12477755;
8091 : 15893326;
8092 : 15433804;
8093 : 15433804;
8094 : 15433804;
8095 : 15301964;
8096 : 15236173;
8097 : 15236172;
8098 : 15236172;
8099 : 15236173;
8100 : 15170380;
8101 : 15236172;
8102 : 15236171;
8103 : 15499085;
8104 : 15367756;
8105 : 14251077;
8106 : 10638385;
8107 : 8944214;
8108 : 15719834;
8109 : 16114333;
8110 : 15982748;
8111 : 16048541;
8112 : 15982748;
8113 : 15982748;
8114 : 15982750;
8115 : 15982750;
8116 : 15982750;
8117 : 15982749;
8118 : 16048541;
8119 : 16048541;
8120 : 15916701;
8121 : 15653270;
8122 : 15719319;
8123 : 15917214;
8124 : 15982750;
8125 : 15982749;
8126 : 16311970;
8127 : 9993815;
8128 : 14184516;
8129 : 15301709;
8130 : 15236172;
8131 : 15367756;
8132 : 15368011;
8133 : 15433804;
8134 : 15433804;
8135 : 15499597;
8136 : 15499597;
8137 : 15433804;
8138 : 15170893;
8139 : 15170380;
8140 : 15235917;
8141 : 15236171;
8142 : 15236171;
8143 : 15301964;
8144 : 15367757;
8145 : 15433804;
8146 : 15433804;
8147 : 15499340;
8148 : 14382918;
8149 : 13200190;
8150 : 6306085;
8151 : 9800294;
8152 : 12364413;
8153 : 12035706;
8154 : 11903864;
8155 : 11837815;
8156 : 11837815;
8157 : 11837815;
8158 : 11969400;
8159 : 11969913;
8160 : 12035706;
8161 : 12035706;
8162 : 12035706;
8163 : 12167292;
8164 : 12298365;
8165 : 12364158;
8166 : 12429950;
8167 : 12430207;
8168 : 12429951;
8169 : 12364158;
8170 : 12495230;
8171 : 12495487;
8172 : 12561537;
8173 : 12627330;
8174 : 12496001;
8175 : 12561280;
8176 : 12495743;
8177 : 12429694;
8178 : 12494974;
8179 : 12495229;
8180 : 12495230;
8181 : 11969145;
8182 : 12363902;
8183 : 6510915;
8184 : 8286549;
8185 : 8154189;
8186 : 9210762;
8187 : 16777215;
8188 : 16777215;
8189 : 16777215;
8190 : 16777215;
8191 : 16777215;
8192 : 16777215;
8193 : 16777215;
8194 : 16777215;
8195 : 16777215;
8196 : 16777215;
8197 : 16777215;
8198 : 16777215;
8199 : 11842225;
8200 : 12280377;
8201 : 15564364;
8202 : 15432523;
8203 : 9852984;
8204 : 9997154;
8205 : 13286789;
8206 : 13812103;
8207 : 13680775;
8208 : 13615237;
8209 : 13549444;
8210 : 13549445;
8211 : 13483653;
8212 : 13417860;
8213 : 13614982;
8214 : 13747080;
8215 : 10853742;
8216 : 6703921;
8217 : 13068606;
8218 : 15959119;
8219 : 15433804;
8220 : 15433804;
8221 : 15433804;
8222 : 15433804;
8223 : 15301964;
8224 : 15236171;
8225 : 15301707;
8226 : 15367243;
8227 : 15301708;
8228 : 15170381;
8229 : 15170379;
8230 : 15236427;
8231 : 15433804;
8232 : 14645575;
8233 : 13397312;
8234 : 11229491;
8235 : 7430981;
8236 : 14404750;
8237 : 15917468;
8238 : 16180639;
8239 : 16180639;
8240 : 16180639;
8241 : 16180383;
8242 : 16114334;
8243 : 15982748;
8244 : 16048285;
8245 : 15982748;
8246 : 15982748;
8247 : 15982748;
8248 : 15982749;
8249 : 15916958;
8250 : 15851421;
8251 : 15982496;
8252 : 15982495;
8253 : 15982748;
8254 : 16377761;
8255 : 8350795;
8256 : 13527872;
8257 : 15433036;
8258 : 15367756;
8259 : 15433804;
8260 : 15433804;
8261 : 15433804;
8262 : 15433804;
8263 : 15499597;
8264 : 15499596;
8265 : 15368012;
8266 : 15170380;
8267 : 15236173;
8268 : 15236173;
8269 : 15170381;
8270 : 15236172;
8271 : 15236171;
8272 : 15367757;
8273 : 15433804;
8274 : 15499595;
8275 : 15499597;
8276 : 14908233;
8277 : 13397825;
8278 : 11755319;
8279 : 6047025;
8280 : 11773049;
8281 : 12167291;
8282 : 12035450;
8283 : 11969400;
8284 : 11969400;
8285 : 11969913;
8286 : 12035706;
8287 : 12035706;
8288 : 12035706;
8289 : 12035706;
8290 : 12035706;
8291 : 12101499;
8292 : 12232572;
8293 : 12298621;
8294 : 12364158;
8295 : 12429951;
8296 : 12429951;
8297 : 12298365;
8298 : 12298365;
8299 : 12429951;
8300 : 12495744;
8301 : 12495487;
8302 : 12495230;
8303 : 12495230;
8304 : 12495230;
8305 : 12495230;
8306 : 12495230;
8307 : 12494975;
8308 : 12429694;
8309 : 12495230;
8310 : 12298109;
8311 : 12035195;
8312 : 11705972;
8313 : 8749431;
8314 : 16185336;
8315 : 16777215;
8316 : 16777215;
8317 : 16777215;
8318 : 16777215;
8319 : 16777215;
8320 : 16777215;
8321 : 16777215;
8322 : 16777215;
8323 : 16777215;
8324 : 16777215;
8325 : 16777215;
8326 : 16777215;
8327 : 7697266;
8328 : 12214069;
8329 : 15630413;
8330 : 15368013;
8331 : 15433292;
8332 : 11690298;
8333 : 9399111;
8334 : 9997667;
8335 : 11577461;
8336 : 12958338;
8337 : 13353093;
8338 : 13484422;
8339 : 13418630;
8340 : 13155716;
8341 : 11971447;
8342 : 8745808;
8343 : 8210735;
8344 : 14250309;
8345 : 15695950;
8346 : 15368011;
8347 : 15433804;
8348 : 15499340;
8349 : 15433548;
8350 : 15301964;
8351 : 15236173;
8352 : 15236172;
8353 : 15236171;
8354 : 15301707;
8355 : 15236172;
8356 : 15236173;
8357 : 15236171;
8358 : 15367756;
8359 : 15105098;
8360 : 13725762;
8361 : 12937789;
8362 : 11492149;
8363 : 7036223;
8364 : 13681543;
8365 : 14602127;
8366 : 16246688;
8367 : 16312482;
8368 : 16312482;
8369 : 16312225;
8370 : 16312225;
8371 : 16180382;
8372 : 16048541;
8373 : 16048540;
8374 : 15982748;
8375 : 15982749;
8376 : 15982748;
8377 : 16048541;
8378 : 15982751;
8379 : 15982496;
8380 : 15982751;
8381 : 16048540;
8382 : 16311712;
8383 : 7432779;
8384 : 10704950;
8385 : 15761486;
8386 : 15433804;
8387 : 15433804;
8388 : 15433804;
8389 : 15499596;
8390 : 15433804;
8391 : 15433548;
8392 : 15301964;
8393 : 15236173;
8394 : 15170380;
8395 : 15170380;
8396 : 15236173;
8397 : 15170637;
8398 : 15236172;
8399 : 15301963;
8400 : 15433804;
8401 : 15433804;
8402 : 15499596;
8403 : 15565133;
8404 : 15236940;
8405 : 13463618;
8406 : 13200704;
8407 : 9259820;
8408 : 7365707;
8409 : 12430463;
8410 : 12101499;
8411 : 12035449;
8412 : 12035706;
8413 : 12035706;
8414 : 12035706;
8415 : 12035706;
8416 : 12035706;
8417 : 12035706;
8418 : 12035706;
8419 : 12035706;
8420 : 12101499;
8421 : 12298365;
8422 : 12364158;
8423 : 12364158;
8424 : 12429951;
8425 : 12429951;
8426 : 12364158;
8427 : 12561535;
8428 : 12561791;
8429 : 12495230;
8430 : 12495230;
8431 : 12495230;
8432 : 12495230;
8433 : 12495230;
8434 : 12495230;
8435 : 12494975;
8436 : 12495230;
8437 : 12495230;
8438 : 12364158;
8439 : 12298106;
8440 : 8485223;
8441 : 15132392;
8442 : 16777215;
8443 : 16777215;
8444 : 16777215;
8445 : 16777215;
8446 : 16777215;
8447 : 16777215;
8448 : 16777215;
8449 : 16777215;
8450 : 16777215;
8451 : 16777215;
8452 : 16777215;
8453 : 16777215;
8454 : 16711422;
8455 : 5460303;
8456 : 12543289;
8457 : 15828046;
8458 : 15499853;
8459 : 15499597;
8460 : 15827789;
8461 : 15104584;
8462 : 11690041;
8463 : 9064754;
8464 : 8476729;
8465 : 9464133;
8466 : 9334088;
8467 : 9661770;
8468 : 10776650;
8469 : 11691841;
8470 : 13527874;
8471 : 15629645;
8472 : 15761487;
8473 : 15827279;
8474 : 15827278;
8475 : 15630413;
8476 : 15433035;
8477 : 15498828;
8478 : 15564365;
8479 : 15170379;
8480 : 15236173;
8481 : 15236171;
8482 : 15236171;
8483 : 15236172;
8484 : 15236173;
8485 : 15301964;
8486 : 15236427;
8487 : 14185541;
8488 : 13068862;
8489 : 12937790;
8490 : 11163956;
8491 : 7299651;
8492 : 13747079;
8493 : 13483652;
8494 : 15260054;
8495 : 16246688;
8496 : 16377761;
8497 : 16312225;
8498 : 16312225;
8499 : 16312482;
8500 : 16180896;
8501 : 16180382;
8502 : 16114846;
8503 : 16048797;
8504 : 15982749;
8505 : 16048541;
8506 : 15982748;
8507 : 15982750;
8508 : 15982749;
8509 : 15982748;
8510 : 16048541;
8511 : 9472352;
8512 : 8804409;
8513 : 15629900;
8514 : 15433804;
8515 : 15433804;
8516 : 15433548;
8517 : 15368012;
8518 : 15367756;
8519 : 15236172;
8520 : 15236173;
8521 : 15236172;
8522 : 15236171;
8523 : 15170380;
8524 : 15236429;
8525 : 15170892;
8526 : 15236428;
8527 : 15368012;
8528 : 15433804;
8529 : 15499597;
8530 : 15499597;
8531 : 15499597;
8532 : 15434060;
8533 : 13857604;
8534 : 12740924;
8535 : 13068605;
8536 : 7160363;
8537 : 10589550;
8538 : 12364414;
8539 : 12101499;
8540 : 12035706;
8541 : 12035706;
8542 : 11969913;
8543 : 11969656;
8544 : 11969656;
8545 : 12035706;
8546 : 12035706;
8547 : 12035706;
8548 : 12101499;
8549 : 12232829;
8550 : 12364158;
8551 : 12364158;
8552 : 12429951;
8553 : 12495744;
8554 : 12430207;
8555 : 12561792;
8556 : 12627585;
8557 : 12561536;
8558 : 12561023;
8559 : 12495230;
8560 : 12495230;
8561 : 12429694;
8562 : 12429694;
8563 : 12494975;
8564 : 12495230;
8565 : 12363902;
8566 : 12561279;
8567 : 8747357;
8568 : 13553358;
8569 : 16777215;
8570 : 16777215;
8571 : 16777215;
8572 : 16777215;
8573 : 16777215;
8574 : 16777215;
8575 : 16777215;
8576 : 16777215;
8577 : 16777215;
8578 : 16777215;
8579 : 16777215;
8580 : 16777215;
8581 : 16777215;
8582 : 15790577;
8583 : 9079433;
8584 : 13662543;
8585 : 15696461;
8586 : 15499597;
8587 : 15433804;
8588 : 15433804;
8589 : 15499340;
8590 : 15827790;
8591 : 15893069;
8592 : 15629898;
8593 : 15235656;
8594 : 14972743;
8595 : 15038280;
8596 : 15366731;
8597 : 15564110;
8598 : 15958352;
8599 : 14842187;
8600 : 11755323;
8601 : 8866093;
8602 : 6304799;
8603 : 4662808;
8604 : 4795166;
8605 : 4203029;
8606 : 8537130;
8607 : 15301707;
8608 : 15236173;
8609 : 15236172;
8610 : 15236171;
8611 : 15236173;
8612 : 15236172;
8613 : 15170379;
8614 : 14185541;
8615 : 13200448;
8616 : 12740925;
8617 : 13003838;
8618 : 10441520;
8619 : 8155470;
8620 : 13812872;
8621 : 13352067;
8622 : 14075786;
8623 : 15851675;
8624 : 15786139;
8625 : 16246432;
8626 : 16312225;
8627 : 16378018;
8628 : 16246432;
8629 : 16180639;
8630 : 16378018;
8631 : 16246432;
8632 : 16048541;
8633 : 15982749;
8634 : 15982749;
8635 : 15982749;
8636 : 16048797;
8637 : 16180383;
8638 : 15983261;
8639 : 10853484;
8640 : 8219208;
8641 : 13922370;
8642 : 15630669;
8643 : 15433804;
8644 : 15367756;
8645 : 15236172;
8646 : 15236172;
8647 : 15236171;
8648 : 15236173;
8649 : 15236172;
8650 : 15236171;
8651 : 15170893;
8652 : 15236683;
8653 : 15302220;
8654 : 15367755;
8655 : 15433804;
8656 : 15499597;
8657 : 15499597;
8658 : 15499597;
8659 : 15433804;
8660 : 15433547;
8661 : 14185285;
8662 : 12609340;
8663 : 12806206;
8664 : 11360820;
8665 : 7363907;
8666 : 12364670;
8667 : 12101499;
8668 : 12035706;
8669 : 11969913;
8670 : 11904120;
8671 : 11903351;
8672 : 11837814;
8673 : 11969913;
8674 : 12035706;
8675 : 12035706;
8676 : 12101499;
8677 : 12232829;
8678 : 12364158;
8679 : 12429951;
8680 : 12429951;
8681 : 12430207;
8682 : 12430463;
8683 : 12561537;
8684 : 12627330;
8685 : 12693121;
8686 : 12627584;
8687 : 12561791;
8688 : 12495486;
8689 : 12494974;
8690 : 12495229;
8691 : 12495230;
8692 : 12495230;
8693 : 12627328;
8694 : 10259558;
8695 : 9736847;
8696 : 16777215;
8697 : 16777215;
8698 : 16777215;
8699 : 16777215;
8700 : 16777215;
8701 : 16777215;
8702 : 16777215;
8703 : 16777215;
8704 : 16777215;
8705 : 16777215;
8706 : 16777215;
8707 : 16777215;
8708 : 16777215;
8709 : 16777215;
8710 : 15461612;
8711 : 10658724;
8712 : 13401430;
8713 : 15696203;
8714 : 15433804;
8715 : 15433804;
8716 : 15433804;
8717 : 15433804;
8718 : 15433804;
8719 : 15433804;
8720 : 15433804;
8721 : 15236171;
8722 : 15301707;
8723 : 15236172;
8724 : 15301708;
8725 : 15564621;
8726 : 10179378;
8727 : 3021073;
8728 : 131330;
8729 : 0;
8730 : 0;
8731 : 5066834;
8732 : 12501442;
8733 : 4409675;
8734 : 1641221;
8735 : 14645064;
8736 : 15302222;
8737 : 15236172;
8738 : 15236172;
8739 : 15236173;
8740 : 15104843;
8741 : 14185285;
8742 : 13003070;
8743 : 12740925;
8744 : 12806718;
8745 : 13069374;
8746 : 9719341;
8747 : 9142874;
8748 : 13812616;
8749 : 13483396;
8750 : 13483652;
8751 : 15062676;
8752 : 15128469;
8753 : 15522969;
8754 : 16049310;
8755 : 16312225;
8756 : 16378017;
8757 : 15457176;
8758 : 15654554;
8759 : 16246175;
8760 : 16048541;
8761 : 16048541;
8762 : 16048541;
8763 : 16048541;
8764 : 16180639;
8765 : 16378017;
8766 : 15917725;
8767 : 12234360;
8768 : 8748375;
8769 : 11098677;
8770 : 15893582;
8771 : 15433804;
8772 : 15367755;
8773 : 15236172;
8774 : 15170380;
8775 : 15236171;
8776 : 15236171;
8777 : 15236684;
8778 : 15302476;
8779 : 15433805;
8780 : 15433804;
8781 : 15433804;
8782 : 15433804;
8783 : 15499597;
8784 : 15499597;
8785 : 15499597;
8786 : 15368012;
8787 : 15301963;
8788 : 15301964;
8789 : 14185286;
8790 : 12609085;
8791 : 12477756;
8792 : 13134397;
8793 : 8276527;
8794 : 10589550;
8795 : 12167292;
8796 : 12035706;
8797 : 12035706;
8798 : 12035449;
8799 : 11837815;
8800 : 11837815;
8801 : 11903865;
8802 : 12035706;
8803 : 12101499;
8804 : 12167292;
8805 : 12298365;
8806 : 12429951;
8807 : 12429951;
8808 : 12429951;
8809 : 12430206;
8810 : 12495744;
8811 : 12561537;
8812 : 12693377;
8813 : 12693377;
8814 : 12693377;
8815 : 12693377;
8816 : 12627328;
8817 : 12495230;
8818 : 12429437;
8819 : 12494974;
8820 : 12495230;
8821 : 12495740;
8822 : 7433050;
8823 : 15395564;
8824 : 16777215;
8825 : 16777215;
8826 : 16777215;
8827 : 16777215;
8828 : 16777215;
8829 : 16777215;
8830 : 16777215;
8831 : 16777215;
8832 : 16777215;
8833 : 16777215;
8834 : 16777215;
8835 : 16777215;
8836 : 16777215;
8837 : 16777215;
8838 : 16316664;
8839 : 6974831;
8840 : 11298115;
8841 : 15827532;
8842 : 15433548;
8843 : 15433548;
8844 : 15433804;
8845 : 15433804;
8846 : 15433804;
8847 : 15433804;
8848 : 15368011;
8849 : 15301963;
8850 : 15236171;
8851 : 15301963;
8852 : 15827534;
8853 : 8537899;
8854 : 0;
8855 : 0;
8856 : 257;
8857 : 0;
8858 : 986895;
8859 : 13092807;
8860 : 16777215;
8861 : 10461602;
8862 : 1444871;
8863 : 14119749;
8864 : 15367501;
8865 : 15236173;
8866 : 15301708;
8867 : 14973514;
8868 : 14119492;
8869 : 13003327;
8870 : 12609341;
8871 : 12740925;
8872 : 12740925;
8873 : 13069118;
8874 : 8603178;
8875 : 10261351;
8876 : 13746822;
8877 : 13483651;
8878 : 13417859;
8879 : 14075786;
8880 : 14865298;
8881 : 14470798;
8882 : 15194261;
8883 : 16049054;
8884 : 16312224;
8885 : 15522713;
8886 : 14141322;
8887 : 15390870;
8888 : 15982748;
8889 : 15851163;
8890 : 15982748;
8891 : 16048540;
8892 : 16180382;
8893 : 16180639;
8894 : 15785882;
8895 : 13352066;
8896 : 8616790;
8897 : 10179121;
8898 : 15959118;
8899 : 15433804;
8900 : 15433804;
8901 : 15433549;
8902 : 15367756;
8903 : 15368013;
8904 : 15368268;
8905 : 15499597;
8906 : 15499597;
8907 : 15499597;
8908 : 15499597;
8909 : 15433804;
8910 : 15433804;
8911 : 15499597;
8912 : 15499597;
8913 : 15433804;
8914 : 15236171;
8915 : 15236171;
8916 : 15236173;
8917 : 14316614;
8918 : 12740413;
8919 : 12543805;
8920 : 12937790;
8921 : 11229748;
8922 : 7956299;
8923 : 12299134;
8924 : 12035706;
8925 : 12035706;
8926 : 12035706;
8927 : 11969913;
8928 : 11969657;
8929 : 11969913;
8930 : 12035706;
8931 : 12101499;
8932 : 12298365;
8933 : 12364158;
8934 : 12429951;
8935 : 12429951;
8936 : 12429951;
8937 : 12430206;
8938 : 12495744;
8939 : 12627330;
8940 : 12693123;
8941 : 12627585;
8942 : 12627584;
8943 : 12627586;
8944 : 12561536;
8945 : 12495230;
8946 : 12495230;
8947 : 12429694;
8948 : 12889729;
8949 : 9667681;
8950 : 11711154;
8951 : 16777215;
8952 : 16777215;
8953 : 16777215;
8954 : 16777215;
8955 : 16777215;
8956 : 16777215;
8957 : 16777215;
8958 : 16777215;
8959 : 16777215;
8960 : 16777215;
8961 : 16777215;
8962 : 16777215;
8963 : 16777215;
8964 : 16777215;
8965 : 16777215;
8966 : 16777215;
8967 : 6513507;
8968 : 11493175;
8969 : 15960663;
8970 : 15435348;
8971 : 15369042;
8972 : 15236941;
8973 : 15367756;
8974 : 15433804;
8975 : 15433804;
8976 : 15367756;
8977 : 15301963;
8978 : 15301964;
8979 : 15959119;
8980 : 10836534;
8981 : 328451;
8982 : 1;
8983 : 65793;
8984 : 65793;
8985 : 0;
8986 : 1710618;
8987 : 14737632;
8988 : 16777215;
8989 : 10264223;
8990 : 2101514;
8991 : 14644809;
8992 : 15367501;
8993 : 15236173;
8994 : 14776393;
8995 : 13659714;
8996 : 12740670;
8997 : 12609341;
8998 : 12740926;
8999 : 12740925;
9000 : 12740925;
9001 : 13134653;
9002 : 7619882;
9003 : 11642741;
9004 : 13681030;
9005 : 13483651;
9006 : 13549444;
9007 : 13681030;
9008 : 14404750;
9009 : 14141835;
9010 : 14339213;
9011 : 15062419;
9012 : 15786139;
9013 : 15654554;
9014 : 14009993;
9015 : 14009737;
9016 : 15193237;
9017 : 15390871;
9018 : 15785370;
9019 : 16114333;
9020 : 16114333;
9021 : 16114333;
9022 : 15916955;
9023 : 13943945;
9024 : 8550484;
9025 : 11164213;
9026 : 15893326;
9027 : 15433804;
9028 : 15433804;
9029 : 15499596;
9030 : 15499597;
9031 : 15499854;
9032 : 15499853;
9033 : 15499597;
9034 : 15499597;
9035 : 15499597;
9036 : 15499597;
9037 : 15499597;
9038 : 15433804;
9039 : 15433804;
9040 : 15433804;
9041 : 15433804;
9042 : 15368012;
9043 : 15301964;
9044 : 15301964;
9045 : 14579783;
9046 : 12937534;
9047 : 12675133;
9048 : 12740925;
9049 : 13003325;
9050 : 8081204;
9051 : 11378550;
9052 : 12101499;
9053 : 12035706;
9054 : 12035706;
9055 : 12035706;
9056 : 12035706;
9057 : 12035706;
9058 : 12101499;
9059 : 12167292;
9060 : 12298621;
9061 : 12429951;
9062 : 12429951;
9063 : 12429951;
9064 : 12429950;
9065 : 12495742;
9066 : 12495744;
9067 : 12627585;
9068 : 12693378;
9069 : 12693122;
9070 : 12627584;
9071 : 12561792;
9072 : 12495486;
9073 : 12495230;
9074 : 12495230;
9075 : 12692352;
9076 : 11311215;
9077 : 9209725;
9078 : 16448251;
9079 : 16777215;
9080 : 16777215;
9081 : 16777215;
9082 : 16777215;
9083 : 16777215;
9084 : 16777215;
9085 : 16777215;
9086 : 16777215;
9087 : 16777215;
9088 : 16777215;
9089 : 16777215;
9090 : 16777215;
9091 : 16777215;
9092 : 16777215;
9093 : 16777215;
9094 : 16777215;
9095 : 11643043;
9096 : 13925709;
9097 : 15766110;
9098 : 15568989;
9099 : 15568475;
9100 : 15501912;
9101 : 15369041;
9102 : 15302220;
9103 : 15236171;
9104 : 15236172;
9105 : 15236171;
9106 : 15499085;
9107 : 14317127;
9108 : 2167564;
9109 : 0;
9110 : 65793;
9111 : 65536;
9112 : 65536;
9113 : 0;
9114 : 460293;
9115 : 11250602;
9116 : 16185078;
9117 : 5132627;
9118 : 4005392;
9119 : 15564365;
9120 : 15170380;
9121 : 14447943;
9122 : 13397056;
9123 : 12543549;
9124 : 12412221;
9125 : 12543548;
9126 : 12609341;
9127 : 12609341;
9128 : 12674877;
9129 : 12674362;
9130 : 7229748;
9131 : 13220996;
9132 : 13549444;
9133 : 13549444;
9134 : 13615494;
9135 : 13746822;
9136 : 13944457;
9137 : 14141836;
9138 : 14076043;
9139 : 14207629;
9140 : 14865299;
9141 : 15062676;
9142 : 14404750;
9143 : 13812615;
9144 : 14141323;
9145 : 14864785;
9146 : 15391126;
9147 : 16312225;
9148 : 16246432;
9149 : 15917211;
9150 : 15654040;
9151 : 13877896;
9152 : 8418898;
9153 : 11886392;
9154 : 15827790;
9155 : 15433804;
9156 : 15433804;
9157 : 15499597;
9158 : 15499597;
9159 : 15499597;
9160 : 15434061;
9161 : 15433804;
9162 : 15499597;
9163 : 15499597;
9164 : 15499597;
9165 : 15433804;
9166 : 15433804;
9167 : 15433804;
9168 : 15433804;
9169 : 15433804;
9170 : 15433804;
9171 : 15433804;
9172 : 15499340;
9173 : 14711368;
9174 : 13003583;
9175 : 12675132;
9176 : 12740925;
9177 : 13003582;
9178 : 10442033;
9179 : 9141340;
9180 : 12364670;
9181 : 12035706;
9182 : 12035706;
9183 : 12035706;
9184 : 12035706;
9185 : 12101499;
9186 : 12101499;
9187 : 12232829;
9188 : 12364158;
9189 : 12429951;
9190 : 12429951;
9191 : 12429951;
9192 : 12429951;
9193 : 12495743;
9194 : 12495744;
9195 : 12627585;
9196 : 12627327;
9197 : 12495743;
9198 : 12495486;
9199 : 12495230;
9200 : 12429695;
9201 : 12495231;
9202 : 12692608;
9203 : 12232058;
9204 : 8156517;
9205 : 15395821;
9206 : 16777215;
9207 : 16777215;
9208 : 16777215;
9209 : 16777215;
9210 : 16777215;
9211 : 16777215;
9212 : 16777215;
9213 : 16777215;
9214 : 16777215;
9215 : 16777215;
9216 : 16777215;
9217 : 16777215;
9218 : 16777215;
9219 : 16777215;
9220 : 16777215;
9221 : 16777215;
9222 : 16777215;
9223 : 12493458;
9224 : 15504221;
9225 : 15635552;
9226 : 15503966;
9227 : 15569502;
9228 : 15700318;
9229 : 15568218;
9230 : 15303763;
9231 : 15170637;
9232 : 15236173;
9233 : 15236172;
9234 : 15958607;
9235 : 7946793;
9236 : 0;
9237 : 257;
9238 : 65536;
9239 : 132101;
9240 : 331797;
9241 : 333856;
9242 : 267549;
9243 : 2172457;
9244 : 4078909;
9245 : 258;
9246 : 7814951;
9247 : 15367244;
9248 : 13922371;
9249 : 13003070;
9250 : 12543292;
9251 : 12477756;
9252 : 12477757;
9253 : 12543548;
9254 : 12543548;
9255 : 12477756;
9256 : 12674878;
9257 : 10638385;
9258 : 8681042;
9259 : 13812872;
9260 : 13483652;
9261 : 13615237;
9262 : 13615237;
9263 : 13680774;
9264 : 13746823;
9265 : 14010250;
9266 : 14010250;
9267 : 14076043;
9268 : 14273165;
9269 : 14470287;
9270 : 14404750;
9271 : 14010250;
9272 : 14010250;
9273 : 14405006;
9274 : 14668177;
9275 : 16114846;
9276 : 16114846;
9277 : 15259798;
9278 : 15325334;
9279 : 13746823;
9280 : 9140820;
9281 : 13068605;
9282 : 15630925;
9283 : 15433804;
9284 : 15499597;
9285 : 15499597;
9286 : 15499597;
9287 : 15433804;
9288 : 15433804;
9289 : 15433804;
9290 : 15499597;
9291 : 15499597;
9292 : 15433804;
9293 : 15433804;
9294 : 15433804;
9295 : 15433804;
9296 : 15433804;
9297 : 15433804;
9298 : 15433804;
9299 : 15433804;
9300 : 15499341;
9301 : 14711112;
9302 : 13003582;
9303 : 12675133;
9304 : 12740925;
9305 : 12806461;
9306 : 12543033;
9307 : 8084544;
9308 : 12036221;
9309 : 12035706;
9310 : 12035706;
9311 : 12101499;
9312 : 12167292;
9313 : 12167292;
9314 : 12167292;
9315 : 12232572;
9316 : 12364158;
9317 : 12429951;
9318 : 12429951;
9319 : 12429951;
9320 : 12495743;
9321 : 12495744;
9322 : 12495744;
9323 : 12561537;
9324 : 12429694;
9325 : 12494974;
9326 : 12429437;
9327 : 12297852;
9328 : 12363901;
9329 : 12100989;
9330 : 11311988;
9331 : 4932402;
9332 : 11053482;
9333 : 16777215;
9334 : 16777215;
9335 : 16777215;
9336 : 16777215;
9337 : 16777215;
9338 : 16777215;
9339 : 16777215;
9340 : 16777215;
9341 : 16777215;
9342 : 16777215;
9343 : 16777215;
9344 : 16777215;
9345 : 16777215;
9346 : 16777215;
9347 : 16777215;
9348 : 16777215;
9349 : 16777215;
9350 : 16054265;
9351 : 12029039;
9352 : 16031849;
9353 : 15768935;
9354 : 15702372;
9355 : 15636065;
9356 : 15701088;
9357 : 15635295;
9358 : 15567961;
9359 : 15302479;
9360 : 15301963;
9361 : 15499084;
9362 : 14382919;
9363 : 1707785;
9364 : 0;
9365 : 65793;
9366 : 332055;
9367 : 601919;
9368 : 737110;
9369 : 803934;
9370 : 804191;
9371 : 406084;
9372 : 516;
9373 : 328193;
9374 : 11427127;
9375 : 13462849;
9376 : 12543549;
9377 : 12477756;
9378 : 12478013;
9379 : 12543548;
9380 : 12675132;
9381 : 12675133;
9382 : 12609341;
9383 : 12477757;
9384 : 12805694;
9385 : 8013870;
9386 : 11774070;
9387 : 13615493;
9388 : 13483395;
9389 : 13483652;
9390 : 13548676;
9391 : 13483140;
9392 : 13548933;
9393 : 13878408;
9394 : 14076043;
9395 : 14076043;
9396 : 14076043;
9397 : 14141836;
9398 : 14141836;
9399 : 14076043;
9400 : 14010250;
9401 : 14141580;
9402 : 14207372;
9403 : 15588504;
9404 : 15391383;
9405 : 14339213;
9406 : 14602128;
9407 : 13747336;
9408 : 8023371;
9409 : 12674363;
9410 : 15762253;
9411 : 15499597;
9412 : 15499597;
9413 : 15499597;
9414 : 15433804;
9415 : 15433804;
9416 : 15433804;
9417 : 15433804;
9418 : 15499597;
9419 : 15433804;
9420 : 15499597;
9421 : 15499597;
9422 : 15499597;
9423 : 15433804;
9424 : 15433804;
9425 : 15433804;
9426 : 15433804;
9427 : 15433804;
9428 : 15433804;
9429 : 14579783;
9430 : 12937790;
9431 : 12609341;
9432 : 12543805;
9433 : 12543548;
9434 : 13003326;
9435 : 9392434;
9436 : 10391915;
9437 : 12233085;
9438 : 12101499;
9439 : 12167292;
9440 : 12233085;
9441 : 12298365;
9442 : 12232572;
9443 : 12166779;
9444 : 12232572;
9445 : 12429951;
9446 : 12429951;
9447 : 12429950;
9448 : 12364157;
9449 : 12364158;
9450 : 12364158;
9451 : 12429438;
9452 : 12363903;
9453 : 12364160;
9454 : 12363902;
9455 : 12232315;
9456 : 12298108;
9457 : 11377524;
9458 : 10719853;
9459 : 4669747;
9460 : 9737365;
9461 : 13224393;
9462 : 16777215;
9463 : 16777215;
9464 : 16777215;
9465 : 16777215;
9466 : 16777215;
9467 : 16777215;
9468 : 16777215;
9469 : 16777215;
9470 : 16777215;
9471 : 16777215;
9472 : 16777215;
9473 : 16777215;
9474 : 16777215;
9475 : 16777215;
9476 : 16777215;
9477 : 16777215;
9478 : 14804455;
9479 : 10382928;
9480 : 16296047;
9481 : 15901807;
9482 : 15835756;
9483 : 15769449;
9484 : 15768935;
9485 : 15768165;
9486 : 15634782;
9487 : 15303248;
9488 : 15368011;
9489 : 15565133;
9490 : 14711368;
9491 : 3743764;
9492 : 0;
9493 : 331282;
9494 : 670030;
9495 : 936292;
9496 : 936036;
9497 : 936035;
9498 : 936036;
9499 : 870499;
9500 : 4120;
9501 : 5187864;
9502 : 13134655;
9503 : 12674876;
9504 : 12609340;
9505 : 12609340;
9506 : 12806205;
9507 : 12806461;
9508 : 12806461;
9509 : 12740668;
9510 : 12740925;
9511 : 12806461;
9512 : 11229236;
9513 : 7956038;
9514 : 13746824;
9515 : 13549444;
9516 : 13417603;
9517 : 13482883;
9518 : 13548676;
9519 : 13483140;
9520 : 13548933;
9521 : 13812359;
9522 : 14076043;
9523 : 14076043;
9524 : 14076043;
9525 : 14076043;
9526 : 14010250;
9527 : 14010250;
9528 : 14010250;
9529 : 14076043;
9530 : 14010250;
9531 : 14930835;
9532 : 14602127;
9533 : 13812615;
9534 : 13944201;
9535 : 13878409;
9536 : 5328696;
9537 : 9062443;
9538 : 16024911;
9539 : 15433804;
9540 : 15433804;
9541 : 15433804;
9542 : 15433804;
9543 : 15433804;
9544 : 15499340;
9545 : 15499597;
9546 : 15499597;
9547 : 15499597;
9548 : 15499597;
9549 : 15433804;
9550 : 15433804;
9551 : 15433804;
9552 : 15433804;
9553 : 15433804;
9554 : 15433804;
9555 : 15433804;
9556 : 15499596;
9557 : 14513991;
9558 : 12740670;
9559 : 12478013;
9560 : 12477757;
9561 : 12477757;
9562 : 12740670;
9563 : 11623734;
9564 : 8021578;
9565 : 12364927;
9566 : 12232828;
9567 : 12298365;
9568 : 12298365;
9569 : 12232572;
9570 : 12232572;
9571 : 12232572;
9572 : 12232572;
9573 : 12232572;
9574 : 12232572;
9575 : 12298364;
9576 : 12167036;
9577 : 12298365;
9578 : 12495486;
9579 : 12495230;
9580 : 12429438;
9581 : 12363903;
9582 : 12298623;
9583 : 12364158;
9584 : 12364158;
9585 : 12495743;
9586 : 12824450;
9587 : 7694412;
9588 : 5393991;
9589 : 12763843;
9590 : 16777215;
9591 : 16777215;
9592 : 16777215;
9593 : 16777215;
9594 : 16777215;
9595 : 16777215;
9596 : 16777215;
9597 : 16777215;
9598 : 16777215;
9599 : 16777215;
9600 : 16777215;
9601 : 16777215;
9602 : 16777215;
9603 : 16777215;
9604 : 16777215;
9605 : 16777215;
9606 : 15265006;
9607 : 10184011;
9608 : 16424292;
9609 : 16296819;
9610 : 16099954;
9611 : 15968112;
9612 : 15901549;
9613 : 15768422;
9614 : 15568218;
9615 : 15368269;
9616 : 15499340;
9617 : 15433548;
9618 : 15368012;
9619 : 12478269;
9620 : 1970186;
9621 : 3861;
9622 : 737882;
9623 : 936550;
9624 : 936035;
9625 : 936036;
9626 : 739686;
9627 : 77894;
9628 : 3612952;
9629 : 12149561;
9630 : 13003326;
9631 : 12871997;
9632 : 12740668;
9633 : 12806461;
9634 : 12806204;
9635 : 12871997;
9636 : 12871997;
9637 : 12806461;
9638 : 12806461;
9639 : 13068861;
9640 : 7160361;
9641 : 11511412;
9642 : 13746566;
9643 : 13615237;
9644 : 13614981;
9645 : 13548932;
9646 : 13483140;
9647 : 13483140;
9648 : 13680518;
9649 : 13944201;
9650 : 14076043;
9651 : 14076043;
9652 : 14076043;
9653 : 14076043;
9654 : 14010250;
9655 : 14076043;
9656 : 14076043;
9657 : 14076043;
9658 : 14010250;
9659 : 14470543;
9660 : 14076043;
9661 : 13615238;
9662 : 13615238;
9663 : 13417860;
9664 : 8091219;
9665 : 7094825;
9666 : 15827533;
9667 : 15433804;
9668 : 15433804;
9669 : 15433804;
9670 : 15433804;
9671 : 15368011;
9672 : 15302476;
9673 : 15368013;
9674 : 15434061;
9675 : 15433804;
9676 : 15433804;
9677 : 15433804;
9678 : 15433804;
9679 : 15433804;
9680 : 15433804;
9681 : 15433804;
9682 : 15433804;
9683 : 15433805;
9684 : 15499596;
9685 : 14251334;
9686 : 12543805;
9687 : 12478013;
9688 : 12477757;
9689 : 12477757;
9690 : 12609086;
9691 : 12871741;
9692 : 8212788;
9693 : 11575928;
9694 : 12232828;
9695 : 12232572;
9696 : 12232572;
9697 : 12232572;
9698 : 12232572;
9699 : 12232572;
9700 : 12232572;
9701 : 12232572;
9702 : 12166779;
9703 : 12232572;
9704 : 12298109;
9705 : 12429437;
9706 : 12495230;
9707 : 12561023;
9708 : 12560766;
9709 : 12429438;
9710 : 12364159;
9711 : 12364159;
9712 : 12429951;
9713 : 12627072;
9714 : 9536097;
9715 : 9933448;
9716 : 15132391;
9717 : 16777215;
9718 : 16777215;
9719 : 16777215;
9720 : 16777215;
9721 : 16777215;
9722 : 16777215;
9723 : 16777215;
9724 : 16777215;
9725 : 16777215;
9726 : 16777215;
9727 : 16777215;
9728 : 16777215;
9729 : 16777215;
9730 : 16777215;
9731 : 16777215;
9732 : 16777215;
9733 : 16777215;
9734 : 16711679;
9735 : 10454135;
9736 : 7815206;
9737 : 13467989;
9738 : 14651229;
9739 : 15373152;
9740 : 15634268;
9741 : 15369555;
9742 : 15105357;
9743 : 15039050;
9744 : 14908233;
9745 : 14448710;
9746 : 13923140;
9747 : 13988419;
9748 : 11230006;
9749 : 3349779;
9750 : 532265;
9751 : 210509;
9752 : 343897;
9753 : 408403;
9754 : 1388347;
9755 : 5977380;
9756 : 12149049;
9757 : 13003326;
9758 : 12871997;
9759 : 12806461;
9760 : 12806204;
9761 : 12871997;
9762 : 12806204;
9763 : 12806204;
9764 : 12871997;
9765 : 12871997;
9766 : 13200191;
9767 : 9915949;
9768 : 8089678;
9769 : 13878665;
9770 : 13483652;
9771 : 13615237;
9772 : 13746823;
9773 : 13746823;
9774 : 13681030;
9775 : 13746823;
9776 : 13878408;
9777 : 14010250;
9778 : 14010250;
9779 : 14076043;
9780 : 14076043;
9781 : 14076043;
9782 : 14010250;
9783 : 14010250;
9784 : 14076043;
9785 : 14076043;
9786 : 14076043;
9787 : 14141835;
9788 : 13878408;
9789 : 13615237;
9790 : 13483652;
9791 : 13352323;
9792 : 12563839;
9793 : 8082229;
9794 : 15630155;
9795 : 15433804;
9796 : 15433804;
9797 : 15499596;
9798 : 15368012;
9799 : 15236685;
9800 : 15170893;
9801 : 15170892;
9802 : 15302220;
9803 : 15433804;
9804 : 15433804;
9805 : 15433804;
9806 : 15433804;
9807 : 15433804;
9808 : 15433548;
9809 : 15368011;
9810 : 15368012;
9811 : 15499597;
9812 : 15433804;
9813 : 14054212;
9814 : 12478268;
9815 : 12478268;
9816 : 12478269;
9817 : 12543806;
9818 : 12740926;
9819 : 13003582;
9820 : 10573106;
9821 : 8614997;
9822 : 12561792;
9823 : 12232572;
9824 : 12232572;
9825 : 12298365;
9826 : 12298365;
9827 : 12298365;
9828 : 12298365;
9829 : 12232572;
9830 : 12232572;
9831 : 12298365;
9832 : 12363902;
9833 : 12495230;
9834 : 12495230;
9835 : 12495230;
9836 : 12561023;
9837 : 12495230;
9838 : 12429694;
9839 : 12429952;
9840 : 12166780;
9841 : 7826259;
9842 : 11052966;
9843 : 16645887;
9844 : 16777215;
9845 : 16777215;
9846 : 16777215;
9847 : 16777215;
9848 : 16777215;
9849 : 16777215;
9850 : 16777215;
9851 : 16777215;
9852 : 16777215;
9853 : 16777215;
9854 : 16777215;
9855 : 16777215;
9856 : 16777215;
9857 : 16777215;
9858 : 16777215;
9859 : 16777215;
9860 : 16777215;
9861 : 16777215;
9862 : 16777215;
9863 : 14473430;
9864 : 4731947;
9865 : 3552050;
9866 : 1379337;
9867 : 10901815;
9868 : 14513478;
9869 : 14053955;
9870 : 13856579;
9871 : 13594434;
9872 : 13594689;
9873 : 13331777;
9874 : 13200192;
9875 : 13069119;
9876 : 13331520;
9877 : 12740670;
9878 : 10375985;
9879 : 7553065;
9880 : 6372137;
9881 : 7947051;
9882 : 11229492;
9883 : 12871742;
9884 : 12609086;
9885 : 12674876;
9886 : 12806461;
9887 : 12740925;
9888 : 12871997;
9889 : 12871997;
9890 : 12740925;
9891 : 12675133;
9892 : 12674877;
9893 : 12806206;
9894 : 11623222;
9895 : 6572850;
9896 : 12958337;
9897 : 13615237;
9898 : 13615237;
9899 : 13681030;
9900 : 13746823;
9901 : 13746823;
9902 : 13746823;
9903 : 13812615;
9904 : 13878664;
9905 : 14010250;
9906 : 14010250;
9907 : 13878664;
9908 : 13878408;
9909 : 13878409;
9910 : 13878152;
9911 : 13812358;
9912 : 13944201;
9913 : 14010250;
9914 : 14010250;
9915 : 13878664;
9916 : 13746822;
9917 : 13549445;
9918 : 13483653;
9919 : 13746823;
9920 : 10326887;
9921 : 10902583;
9922 : 15827790;
9923 : 15433804;
9924 : 15499597;
9925 : 15499854;
9926 : 15302478;
9927 : 15236686;
9928 : 15170893;
9929 : 15236173;
9930 : 15236172;
9931 : 15367756;
9932 : 15433804;
9933 : 15433548;
9934 : 15367756;
9935 : 15236428;
9936 : 15236172;
9937 : 15236172;
9938 : 15170891;
9939 : 15302219;
9940 : 15170635;
9941 : 13659970;
9942 : 12412476;
9943 : 12478014;
9944 : 12609341;
9945 : 12740926;
9946 : 12740925;
9947 : 12806460;
9948 : 12805948;
9949 : 5979690;
9950 : 11509880;
9951 : 12429950;
9952 : 12298365;
9953 : 12364158;
9954 : 12364158;
9955 : 12364158;
9956 : 12364158;
9957 : 12298365;
9958 : 12364158;
9959 : 12429694;
9960 : 12495230;
9961 : 12495230;
9962 : 12494974;
9963 : 12495230;
9964 : 12495230;
9965 : 12495230;
9966 : 12561023;
9967 : 12561021;
9968 : 7300688;
9969 : 11119018;
9970 : 16777215;
9971 : 16777215;
9972 : 16777215;
9973 : 16777215;
9974 : 16777215;
9975 : 16777215;
9976 : 16777215;
9977 : 16777215;
9978 : 16777215;
9979 : 16777215;
9980 : 16777215;
9981 : 16777215;
9982 : 16777215;
9983 : 16777215;
9984 : 16777215;
9985 : 16777215;
9986 : 16777215;
9987 : 16777215;
9988 : 16777215;
9989 : 16777215;
9990 : 16777215;
9991 : 16777215;
9992 : 10194311;
9993 : 7223068;
9994 : 8537642;
9995 : 12674877;
9996 : 12871997;
9997 : 12871742;
9998 : 12937534;
9999 : 13003326;
10000 : 13134655;
10001 : 13134655;
10002 : 13134655;
10003 : 13134656;
10004 : 13003326;
10005 : 12937534;
10006 : 13068607;
10007 : 13265214;
10008 : 13068607;
10009 : 12937278;
10010 : 12674876;
10011 : 12477756;
10012 : 12477757;
10013 : 12477757;
10014 : 12675132;
10015 : 12871997;
10016 : 12871997;
10017 : 12871997;
10018 : 12871997;
10019 : 12740668;
10020 : 12740669;
10021 : 12148793;
10022 : 6899247;
10023 : 11576436;
10024 : 13746822;
10025 : 13615237;
10026 : 13681030;
10027 : 13746823;
10028 : 13746823;
10029 : 13746823;
10030 : 13746823;
10031 : 13812871;
10032 : 13812872;
10033 : 13746566;
10034 : 13812104;
10035 : 13746312;
10036 : 13746312;
10037 : 13746312;
10038 : 13746311;
10039 : 13746566;
10040 : 13878152;
10041 : 14010250;
10042 : 13944457;
10043 : 13812616;
10044 : 13549444;
10045 : 13417859;
10046 : 13352323;
10047 : 13418373;
10048 : 8150333;
10049 : 14119234;
10050 : 15630926;
10051 : 15499854;
10052 : 15565648;
10053 : 15565649;
10054 : 15302478;
10055 : 15236429;
10056 : 15170636;
10057 : 15236172;
10058 : 15301963;
10059 : 15367756;
10060 : 15368013;
10061 : 15301964;
10062 : 15236172;
10063 : 15170637;
10064 : 15170893;
10065 : 15236172;
10066 : 15236172;
10067 : 15236173;
10068 : 14842186;
10069 : 13265985;
10070 : 12477757;
10071 : 12543550;
10072 : 12543549;
10073 : 12675132;
10074 : 12740925;
10075 : 12740925;
10076 : 13200447;
10077 : 9259563;
10078 : 8023378;
10079 : 12759170;
10080 : 12364158;
10081 : 12364158;
10082 : 12429951;
10083 : 12429951;
10084 : 12495230;
10085 : 12364158;
10086 : 12495230;
10087 : 12561023;
10088 : 12561023;
10089 : 12495230;
10090 : 12429438;
10091 : 12429437;
10092 : 12429437;
10093 : 12561023;
10094 : 12561022;
10095 : 8484445;
10096 : 13158601;
10097 : 16777215;
10098 : 16777215;
10099 : 16777215;
10100 : 16777215;
10101 : 16777215;
10102 : 16777215;
10103 : 16777215;
10104 : 16777215;
10105 : 16777215;
10106 : 16777215;
10107 : 16777215;
10108 : 16777215;
10109 : 16777215;
10110 : 16777215;
10111 : 16777215;
10112 : 16777215;
10113 : 16777215;
10114 : 16777215;
10115 : 16777215;
10116 : 16777215;
10117 : 16777215;
10118 : 16777215;
10119 : 16777215;
10120 : 16119799;
10121 : 10914170;
10122 : 12279604;
10123 : 13397054;
10124 : 13068863;
10125 : 13068863;
10126 : 13134655;
10127 : 13134655;
10128 : 13134655;
10129 : 13134655;
10130 : 13134655;
10131 : 13069119;
10132 : 12937533;
10133 : 12740414;
10134 : 12674878;
10135 : 12609086;
10136 : 12477757;
10137 : 12477757;
10138 : 12477756;
10139 : 12477757;
10140 : 12477756;
10141 : 12477756;
10142 : 12740668;
10143 : 12871997;
10144 : 12871997;
10145 : 12871997;
10146 : 12871997;
10147 : 12937789;
10148 : 12543291;
10149 : 6766378;
10150 : 10853229;
10151 : 13746055;
10152 : 13417347;
10153 : 13681030;
10154 : 13746823;
10155 : 13746823;
10156 : 13812616;
10157 : 13812360;
10158 : 13747079;
10159 : 13812614;
10160 : 13681030;
10161 : 13680519;
10162 : 13746312;
10163 : 13746567;
10164 : 13746312;
10165 : 13746312;
10166 : 13746311;
10167 : 13878151;
10168 : 13944457;
10169 : 13944457;
10170 : 13878664;
10171 : 13746822;
10172 : 13483652;
10173 : 13352066;
10174 : 13549189;
10175 : 9537374;
10176 : 9325613;
10177 : 14251333;
10178 : 15499855;
10179 : 15565907;
10180 : 15566164;
10181 : 15565648;
10182 : 15433805;
10183 : 15368012;
10184 : 15367756;
10185 : 15367756;
10186 : 15433804;
10187 : 15433804;
10188 : 15433804;
10189 : 15302219;
10190 : 15170892;
10191 : 15170893;
10192 : 15236173;
10193 : 15236172;
10194 : 15236172;
10195 : 15236172;
10196 : 14579527;
10197 : 12871999;
10198 : 12412221;
10199 : 12477757;
10200 : 12609341;
10201 : 12675133;
10202 : 12806461;
10203 : 12806461;
10204 : 12871997;
10205 : 12937276;
10206 : 6833198;
10207 : 11575929;
10208 : 12429950;
10209 : 12363901;
10210 : 12495230;
10211 : 12495487;
10212 : 12495230;
10213 : 12561023;
10214 : 12561023;
10215 : 12561023;
10216 : 12495487;
10217 : 12495487;
10218 : 12495487;
10219 : 12495231;
10220 : 12560767;
10221 : 12692608;
10222 : 6313535;
10223 : 10658724;
10224 : 16777215;
10225 : 16777215;
10226 : 16777215;
10227 : 16777215;
10228 : 16777215;
10229 : 16777215;
10230 : 16777215;
10231 : 16777215;
10232 : 16777215;
10233 : 16777215;
10234 : 16777215;
10235 : 16777215;
10236 : 16777215;
10237 : 16777215;
10238 : 16777215;
10239 : 16777215;
10240 : 16777215;
10241 : 16777215;
10242 : 16777215;
10243 : 16777215;
10244 : 16777215;
10245 : 16777215;
10246 : 16777215;
10247 : 16777215;
10248 : 16777215;
10249 : 16251643;
10250 : 11245455;
10251 : 10837049;
10252 : 12870966;
10253 : 13528640;
10254 : 13594177;
10255 : 13528640;
10256 : 13331775;
10257 : 13200191;
10258 : 13068862;
10259 : 12937533;
10260 : 12740413;
10261 : 12609086;
10262 : 12543550;
10263 : 12477757;
10264 : 12477757;
10265 : 12477757;
10266 : 12477757;
10267 : 12477757;
10268 : 12477756;
10269 : 12477756;
10270 : 12740668;
10271 : 12871997;
10272 : 12871997;
10273 : 12806461;
10274 : 13003326;
10275 : 12477497;
10276 : 7621424;
10277 : 10852717;
10278 : 13812103;
10279 : 13482883;
10280 : 13417347;
10281 : 13549444;
10282 : 13746823;
10283 : 13746823;
10284 : 13812616;
10285 : 13812360;
10286 : 13746823;
10287 : 13614724;
10288 : 13680518;
10289 : 13746055;
10290 : 13811848;
10291 : 13746567;
10292 : 13746312;
10293 : 13746312;
10294 : 13812103;
10295 : 13944201;
10296 : 14010250;
10297 : 13878664;
10298 : 13812615;
10299 : 13615493;
10300 : 13483651;
10301 : 12693884;
10302 : 10062947;
10303 : 4800557;
10304 : 5583649;
10305 : 8801842;
10306 : 15631700;
10307 : 15631701;
10308 : 15500113;
10309 : 15039819;
10310 : 15433804;
10311 : 15433804;
10312 : 15433804;
10313 : 15433804;
10314 : 15433804;
10315 : 15433804;
10316 : 15499597;
10317 : 15433804;
10318 : 15170892;
10319 : 15170893;
10320 : 15170380;
10321 : 15038794;
10322 : 15170380;
10323 : 15170636;
10324 : 14185284;
10325 : 12609085;
10326 : 12543549;
10327 : 12674876;
10328 : 12740668;
10329 : 12806461;
10330 : 12806461;
10331 : 12871997;
10332 : 12871997;
10333 : 13134910;
10334 : 9850670;
10335 : 7431243;
10336 : 12561536;
10337 : 12298365;
10338 : 12495230;
10339 : 12495230;
10340 : 12495230;
10341 : 12495487;
10342 : 12495487;
10343 : 12627329;
10344 : 12627586;
10345 : 12627586;
10346 : 12693378;
10347 : 12824707;
10348 : 13153156;
10349 : 7562825;
10350 : 6119007;
10351 : 16645886;
10352 : 16777215;
10353 : 16777215;
10354 : 16777215;
10355 : 16777215;
10356 : 16777215;
10357 : 16777215;
10358 : 16777215;
10359 : 16777215;
10360 : 16777215;
10361 : 16777215;
10362 : 16777215;
10363 : 16777215;
10364 : 16777215;
10365 : 16777215;
10366 : 16777215;
10367 : 16777215;
10368 : 16777215;
10369 : 16777215;
10370 : 16777215;
10371 : 16777215;
10372 : 16777215;
10373 : 16777215;
10374 : 16777215;
10375 : 16777215;
10376 : 16777215;
10377 : 16777215;
10378 : 16777215;
10379 : 13552843;
10380 : 9006431;
10381 : 7225129;
10382 : 8274726;
10383 : 9259563;
10384 : 10902069;
10385 : 12280633;
10386 : 12937533;
10387 : 12674877;
10388 : 12543550;
10389 : 12477757;
10390 : 12477757;
10391 : 12477757;
10392 : 12477757;
10393 : 12477756;
10394 : 12477756;
10395 : 12477756;
10396 : 12477756;
10397 : 12477757;
10398 : 12740412;
10399 : 12871740;
10400 : 12871997;
10401 : 13134911;
10402 : 11820599;
10403 : 7556659;
10404 : 11379570;
10405 : 13877640;
10406 : 13614212;
10407 : 13614212;
10408 : 13483140;
10409 : 13614981;
10410 : 13812616;
10411 : 13746823;
10412 : 13746823;
10413 : 13681030;
10414 : 13615237;
10415 : 13548932;
10416 : 13614726;
10417 : 13811591;
10418 : 13811591;
10419 : 13746312;
10420 : 13746312;
10421 : 13746311;
10422 : 13812359;
10423 : 14009737;
10424 : 13944457;
10425 : 13878664;
10426 : 13747079;
10427 : 13549444;
10428 : 13417601;
10429 : 13022591;
10430 : 11246958;
10431 : 7695437;
10432 : 7168582;
10433 : 12479302;
10434 : 15565909;
10435 : 15368271;
10436 : 15696462;
10437 : 11755834;
10438 : 14842697;
10439 : 15499596;
10440 : 15433804;
10441 : 15433804;
10442 : 15433804;
10443 : 15499597;
10444 : 15499597;
10445 : 15499596;
10446 : 15301964;
10447 : 15236172;
10448 : 15104587;
10449 : 14973514;
10450 : 15104587;
10451 : 15104587;
10452 : 13659714;
10453 : 12609084;
10454 : 12806205;
10455 : 12871740;
10456 : 12806204;
10457 : 12806204;
10458 : 12806204;
10459 : 12806204;
10460 : 12806204;
10461 : 12740924;
10462 : 12805948;
10463 : 6372391;
10464 : 10983538;
10465 : 12692864;
10466 : 12429693;
10467 : 12429437;
10468 : 12495487;
10469 : 12496000;
10470 : 12627585;
10471 : 12890755;
10472 : 13087876;
10473 : 12364668;
10474 : 11443569;
10475 : 10062693;
10476 : 8221529;
10477 : 5920853;
10478 : 15330026;
10479 : 16777215;
10480 : 16777215;
10481 : 16777215;
10482 : 16777215;
10483 : 16777215;
10484 : 16777215;
10485 : 16777215;
10486 : 16777215;
10487 : 16777215;
10488 : 16777215;
10489 : 16777215;
10490 : 16777215;
10491 : 16777215;
10492 : 16777215;
10493 : 16777215;
10494 : 16777215;
10495 : 16777215;
10496 : 16777215;
10497 : 16777215;
10498 : 16777215;
10499 : 16777215;
10500 : 16777215;
10501 : 16777215;
10502 : 16777215;
10503 : 16777215;
10504 : 16777215;
10505 : 16777215;
10506 : 16777215;
10507 : 16777215;
10508 : 16514815;
10509 : 10330272;
10510 : 10459768;
10511 : 7894109;
10512 : 6245200;
10513 : 8149848;
10514 : 10179896;
10515 : 12740157;
10516 : 12477757;
10517 : 12477757;
10518 : 12477757;
10519 : 12543548;
10520 : 12477756;
10521 : 12477757;
10522 : 12477756;
10523 : 12477756;
10524 : 12477756;
10525 : 12477757;
10526 : 12675132;
10527 : 13068862;
10528 : 13068861;
10529 : 9916464;
10530 : 7822912;
10531 : 12300667;
10532 : 13943688;
10533 : 13483140;
10534 : 13548676;
10535 : 13680774;
10536 : 13681030;
10537 : 13746823;
10538 : 13746823;
10539 : 13746823;
10540 : 13746823;
10541 : 13615493;
10542 : 13483652;
10543 : 13483140;
10544 : 13614726;
10545 : 13811591;
10546 : 13746055;
10547 : 13746312;
10548 : 13746310;
10549 : 13680773;
10550 : 13878408;
10551 : 13944201;
10552 : 13878664;
10553 : 13878664;
10554 : 13747079;
10555 : 13614980;
10556 : 13351810;
10557 : 13219970;
10558 : 13022848;
10559 : 12431484;
10560 : 6965554;
10561 : 15236688;
10562 : 15302479;
10563 : 15236172;
10564 : 15367499;
10565 : 11690041;
10566 : 12675390;
10567 : 15696717;
10568 : 15433804;
10569 : 15433804;
10570 : 15499597;
10571 : 15433804;
10572 : 15433804;
10573 : 15433804;
10574 : 15433804;
10575 : 15301964;
10576 : 15236173;
10577 : 15236173;
10578 : 15301709;
10579 : 14907722;
10580 : 13331776;
10581 : 12806460;
10582 : 12871997;
10583 : 12871997;
10584 : 12806204;
10585 : 12740668;
10586 : 12806204;
10587 : 12806204;
10588 : 12806204;
10589 : 12543549;
10590 : 12740670;
10591 : 10441521;
10592 : 5457461;
10593 : 9667681;
10594 : 11837813;
10595 : 12758914;
10596 : 13022084;
10597 : 13088133;
10598 : 12956291;
10599 : 10588521;
10600 : 7497806;
10601 : 7959398;
10602 : 10065809;
10603 : 12237497;
10604 : 14474719;
10605 : 16711422;
10606 : 16777215;
10607 : 16777215;
10608 : 16777215;
10609 : 16777215;
10610 : 16777215;
10611 : 16777215;
10612 : 16777215;
10613 : 16777215;
10614 : 16777215;
10615 : 16777215;
10616 : 16777215;
10617 : 16777215;
10618 : 16777215;
10619 : 16777215;
10620 : 16777215;
10621 : 16777215;
10622 : 16777215;
10623 : 16777215;
10624 : 16777215;
10625 : 16777215;
10626 : 16777215;
10627 : 16777215;
10628 : 16777215;
10629 : 16777215;
10630 : 16777215;
10631 : 16777215;
10632 : 16777215;
10633 : 16777215;
10634 : 16777215;
10635 : 16777215;
10636 : 16777215;
10637 : 14540254;
10638 : 12564376;
10639 : 15853500;
10640 : 6642004;
10641 : 9861000;
10642 : 9597308;
10643 : 10310966;
10644 : 12740157;
10645 : 12477757;
10646 : 12543548;
10647 : 12543548;
10648 : 12543548;
10649 : 12478012;
10650 : 12477756;
10651 : 12543548;
10652 : 12740669;
10653 : 12937534;
10654 : 12937532;
10655 : 11032627;
10656 : 7818031;
10657 : 8813398;
10658 : 13615751;
10659 : 13812359;
10660 : 13548932;
10661 : 13548932;
10662 : 13681286;
10663 : 13812615;
10664 : 13746823;
10665 : 13746823;
10666 : 13812616;
10667 : 13812616;
10668 : 13746823;
10669 : 13614980;
10670 : 13483140;
10671 : 13483140;
10672 : 13614726;
10673 : 13746054;
10674 : 13746312;
10675 : 13746311;
10676 : 13812359;
10677 : 13878408;
10678 : 13944457;
10679 : 13878664;
10680 : 13812871;
10681 : 13812615;
10682 : 13746823;
10683 : 13615237;
10684 : 13417858;
10685 : 13154432;
10686 : 13548933;
10687 : 8813656;
10688 : 10048308;
10689 : 15762001;
10690 : 15039306;
10691 : 14053957;
10692 : 12806465;
10693 : 10639928;
10694 : 9916978;
10695 : 15827789;
10696 : 15433804;
10697 : 15433804;
10698 : 15499597;
10699 : 15433804;
10700 : 15433804;
10701 : 15433804;
10702 : 15433804;
10703 : 15433548;
10704 : 15367756;
10705 : 15367756;
10706 : 15367756;
10707 : 14645576;
10708 : 13069119;
10709 : 12806204;
10710 : 12871997;
10711 : 12871997;
10712 : 12806204;
10713 : 12806204;
10714 : 12871997;
10715 : 12871997;
10716 : 12740669;
10717 : 12543548;
10718 : 12543548;
10719 : 13069119;
10720 : 6369822;
10721 : 5593176;
10722 : 9078138;
10723 : 8287582;
10724 : 8616025;
10725 : 8615767;
10726 : 6248518;
10727 : 7368556;
10728 : 12829638;
10729 : 16382715;
10730 : 16777215;
10731 : 16777215;
10732 : 16777215;
10733 : 16777215;
10734 : 16777215;
10735 : 16777215;
10736 : 16777215;
10737 : 16777215;
10738 : 16777215;
10739 : 16777215;
10740 : 16777215;
10741 : 16777215;
10742 : 16777215;
10743 : 16777215;
10744 : 16777215;
10745 : 16777215;
10746 : 16777215;
10747 : 16777215;
10748 : 16777215;
10749 : 16777215;
10750 : 16777215;
10751 : 16777215;
10752 : 16777215;
10753 : 16777215;
10754 : 16777215;
10755 : 16777215;
10756 : 16777215;
10757 : 16777215;
10758 : 16777215;
10759 : 16777215;
10760 : 16777215;
10761 : 16777215;
10762 : 16777215;
10763 : 16777215;
10764 : 12698048;
10765 : 10000276;
10766 : 8881014;
10767 : 16708039;
10768 : 14998451;
10769 : 10457729;
10770 : 8021617;
10771 : 6501927;
10772 : 12608057;
10773 : 12674364;
10774 : 12740156;
10775 : 12937278;
10776 : 13068605;
10777 : 13003068;
10778 : 12871484;
10779 : 12740154;
10780 : 11820597;
10781 : 10375985;
10782 : 8147507;
10783 : 8812114;
10784 : 12234874;
10785 : 14010250;
10786 : 13680773;
10787 : 13482883;
10788 : 13548676;
10789 : 13483139;
10790 : 13615237;
10791 : 13812616;
10792 : 13746823;
10793 : 13747079;
10794 : 13812615;
10795 : 13680773;
10796 : 13614981;
10797 : 13548676;
10798 : 13548165;
10799 : 13483141;
10800 : 13548676;
10801 : 13614726;
10802 : 13680519;
10803 : 13812359;
10804 : 13944457;
10805 : 13944457;
10806 : 13878664;
10807 : 13812871;
10808 : 13812871;
10809 : 13746823;
10810 : 13746823;
10811 : 13681030;
10812 : 13483651;
10813 : 13286017;
10814 : 12825983;
10815 : 7360566;
10816 : 14907466;
10817 : 14710857;
10818 : 12740929;
10819 : 11099708;
10820 : 10508859;
10821 : 10706236;
10822 : 8012843;
10823 : 15367755;
10824 : 15499596;
10825 : 15433804;
10826 : 15433804;
10827 : 15433804;
10828 : 15433804;
10829 : 15433804;
10830 : 15433804;
10831 : 15499597;
10832 : 15499596;
10833 : 15499596;
10834 : 15302475;
10835 : 13988676;
10836 : 12871997;
10837 : 12871997;
10838 : 12871997;
10839 : 12871997;
10840 : 12806204;
10841 : 12871997;
10842 : 12871997;
10843 : 12871997;
10844 : 12740925;
10845 : 12740925;
10846 : 12806462;
10847 : 12872254;
10848 : 12149305;
10849 : 7429460;
10850 : 16185852;
10851 : 15329771;
10852 : 13290443;
10853 : 12566464;
10854 : 14540255;
10855 : 16777215;
10856 : 16777215;
10857 : 16777215;
10858 : 16777215;
10859 : 16777215;
10860 : 16777215;
10861 : 16777215;
10862 : 16777215;
10863 : 16777215;
10864 : 16777215;
10865 : 16777215;
10866 : 16777215;
10867 : 16777215;
10868 : 16777215;
10869 : 16777215;
10870 : 16777215;
10871 : 16777215;
10872 : 16777215;
10873 : 16777215;
10874 : 16777215;
10875 : 16777215;
10876 : 16777215;
10877 : 16777215;
10878 : 16777215;
10879 : 16777215;
10880 : 16777215;
10881 : 16777215;
10882 : 16777215;
10883 : 16777215;
10884 : 16777215;
10885 : 16777215;
10886 : 16777215;
10887 : 16777215;
10888 : 16777215;
10889 : 16777215;
10890 : 16777215;
10891 : 16777215;
10892 : 14277081;
10893 : 9998713;
10894 : 7828062;
10895 : 15392438;
10896 : 16641989;
10897 : 16642501;
10898 : 13616802;
10899 : 9996911;
10900 : 9529935;
10901 : 10314050;
10902 : 9984312;
10903 : 9589555;
10904 : 9130289;
10905 : 9459509;
10906 : 8935737;
10907 : 8214843;
10908 : 7495233;
10909 : 9931616;
10910 : 12563838;
10911 : 13813129;
10912 : 13681029;
10913 : 13615237;
10914 : 13548676;
10915 : 13548420;
10916 : 13548420;
10917 : 13548420;
10918 : 13483396;
10919 : 13681030;
10920 : 13746823;
10921 : 13615238;
10922 : 13614725;
10923 : 13482884;
10924 : 13548676;
10925 : 13548420;
10926 : 13548165;
10927 : 13482885;
10928 : 13483140;
10929 : 13548933;
10930 : 13614725;
10931 : 13681029;
10932 : 13878664;
10933 : 13878664;
10934 : 13812871;
10935 : 13812871;
10936 : 13747079;
10937 : 13746823;
10938 : 13746823;
10939 : 13681030;
10940 : 13681030;
10941 : 14009993;
10942 : 9274204;
10943 : 8274473;
10944 : 13134658;
10945 : 11690559;
10946 : 10574395;
10947 : 10706236;
10948 : 10903101;
10949 : 8735793;
10950 : 3940371;
10951 : 11952440;
10952 : 15893583;
10953 : 15433804;
10954 : 15433804;
10955 : 15433804;
10956 : 15433804;
10957 : 15433804;
10958 : 15433804;
10959 : 15499597;
10960 : 15499597;
10961 : 15433548;
10962 : 14448455;
10963 : 13200447;
10964 : 12740668;
10965 : 12871997;
10966 : 12871997;
10967 : 12871997;
10968 : 12806204;
10969 : 12871997;
10970 : 12806461;
10971 : 12806461;
10972 : 12806718;
10973 : 12806718;
10974 : 12806718;
10975 : 12806719;
10976 : 13135169;
10977 : 9850412;
10978 : 9012869;
10979 : 16777215;
10980 : 16777215;
10981 : 16777215;
10982 : 16777215;
10983 : 16777215;
10984 : 16777215;
10985 : 16777215;
10986 : 16777215;
10987 : 16777215;
10988 : 16777215;
10989 : 16777215;
10990 : 16777215;
10991 : 16777215;
10992 : 16777215;
10993 : 16777215;
10994 : 16777215;
10995 : 16777215;
10996 : 16777215;
10997 : 16777215;
10998 : 16777215;
10999 : 16777215;
11000 : 16777215;
11001 : 16777215;
11002 : 16777215;
11003 : 16777215;
11004 : 16777215;
11005 : 16777215;
11006 : 16777215;
11007 : 16777215;
11008 : 16777215;
11009 : 16777215;
11010 : 16777215;
11011 : 16777215;
11012 : 16777215;
11013 : 16777215;
11014 : 16777215;
11015 : 16777215;
11016 : 16777215;
11017 : 16777215;
11018 : 16777215;
11019 : 16777215;
11020 : 16185336;
11021 : 10657164;
11022 : 15458229;
11023 : 15129267;
11024 : 16379073;
11025 : 16247488;
11026 : 16510916;
11027 : 16708552;
11028 : 16051394;
11029 : 15261879;
11030 : 14537889;
11031 : 13813644;
11032 : 13155972;
11033 : 12892545;
11034 : 12827008;
11035 : 13155459;
11036 : 13615751;
11037 : 13746824;
11038 : 13483653;
11039 : 13417859;
11040 : 13417603;
11041 : 13483140;
11042 : 13548165;
11043 : 13548165;
11044 : 13548165;
11045 : 13613957;
11046 : 13548676;
11047 : 13548675;
11048 : 13483396;
11049 : 13482884;
11050 : 13483140;
11051 : 13483140;
11052 : 13483140;
11053 : 13548421;
11054 : 13482628;
11055 : 13417347;
11056 : 13483140;
11057 : 13483141;
11058 : 13483140;
11059 : 13483396;
11060 : 13747078;
11061 : 13812871;
11062 : 13747079;
11063 : 13746823;
11064 : 13746823;
11065 : 13746823;
11066 : 13812616;
11067 : 13746823;
11068 : 13089152;
11069 : 9142874;
11070 : 6906436;
11071 : 5984054;
11072 : 7422507;
11073 : 10837564;
11074 : 10969150;
11075 : 9524277;
11076 : 5057053;
11077 : 4207926;
11078 : 10330531;
11079 : 7228734;
11080 : 15498313;
11081 : 15367500;
11082 : 15236171;
11083 : 15367756;
11084 : 15433804;
11085 : 15499597;
11086 : 15499597;
11087 : 15499340;
11088 : 15171147;
11089 : 14382918;
11090 : 13266239;
11091 : 12806204;
11092 : 12871997;
11093 : 12806460;
11094 : 12806204;
11095 : 12806460;
11096 : 12871997;
11097 : 12806204;
11098 : 12740925;
11099 : 12740925;
11100 : 12806718;
11101 : 12806718;
11102 : 12806718;
11103 : 12806718;
11104 : 12740925;
11105 : 13134653;
11106 : 6632735;
11107 : 9869723;
11108 : 16777215;
11109 : 16777215;
11110 : 16777215;
11111 : 16777215;
11112 : 16777215;
11113 : 16777215;
11114 : 16777215;
11115 : 16777215;
11116 : 16777215;
11117 : 16777215;
11118 : 16777215;
11119 : 16777215;
11120 : 16777215;
11121 : 16777215;
11122 : 16777215;
11123 : 16777215;
11124 : 16777215;
11125 : 16777215;
11126 : 16777215;
11127 : 16777215;
11128 : 16777215;
11129 : 16777215;
11130 : 16777215;
11131 : 16777215;
11132 : 16777215;
11133 : 16777215;
11134 : 16777215;
11135 : 16777215;
11136 : 16777215;
11137 : 16777215;
11138 : 16777215;
11139 : 16777215;
11140 : 16777215;
11141 : 16777215;
11142 : 16777215;
11143 : 16777215;
11144 : 16777215;
11145 : 16777215;
11146 : 16777215;
11147 : 16777215;
11148 : 16777215;
11149 : 10460828;
11150 : 13813922;
11151 : 16708549;
11152 : 16247999;
11153 : 16247999;
11154 : 16248000;
11155 : 16379329;
11156 : 16511171;
11157 : 16642757;
11158 : 16642495;
11159 : 16576173;
11160 : 16378274;
11161 : 15654810;
11162 : 14733713;
11163 : 13878408;
11164 : 13549444;
11165 : 13417860;
11166 : 13286017;
11167 : 13219969;
11168 : 13351556;
11169 : 13483140;
11170 : 13548165;
11171 : 13548420;
11172 : 13614212;
11173 : 13548676;
11174 : 13548932;
11175 : 13483140;
11176 : 13483140;
11177 : 13548420;
11178 : 13548420;
11179 : 13482884;
11180 : 13417603;
11181 : 13482883;
11182 : 13548419;
11183 : 13548419;
11184 : 13614213;
11185 : 13614213;
11186 : 13614212;
11187 : 13483140;
11188 : 13615237;
11189 : 13746823;
11190 : 13746823;
11191 : 13746823;
11192 : 13746823;
11193 : 13746823;
11194 : 13746823;
11195 : 13746822;
11196 : 13352066;
11197 : 12826238;
11198 : 9668960;
11199 : 7424049;
11200 : 10968637;
11201 : 10837821;
11202 : 7685164;
11203 : 4465956;
11204 : 5449517;
11205 : 8548724;
11206 : 16777215;
11207 : 11185068;
11208 : 9127977;
11209 : 15433036;
11210 : 15104844;
11211 : 15236172;
11212 : 15302219;
11213 : 15302475;
11214 : 14974026;
11215 : 14448455;
11216 : 13726018;
11217 : 13003326;
11218 : 12806461;
11219 : 12871997;
11220 : 12871997;
11221 : 12740669;
11222 : 12674877;
11223 : 12609340;
11224 : 12740669;
11225 : 12740669;
11226 : 12806718;
11227 : 12806718;
11228 : 12806718;
11229 : 12806718;
11230 : 12806718;
11231 : 12806718;
11232 : 12740925;
11233 : 12806717;
11234 : 12674875;
11235 : 5648671;
11236 : 10922668;
11237 : 16777215;
11238 : 16777215;
11239 : 16777215;
11240 : 16777215;
11241 : 16777215;
11242 : 16777215;
11243 : 16777215;
11244 : 16777215;
11245 : 16777215;
11246 : 16777215;
11247 : 16777215;
11248 : 16777215;
11249 : 16777215;
11250 : 16777215;
11251 : 16777215;
11252 : 16777215;
11253 : 16777215;
11254 : 16777215;
11255 : 16777215;
11256 : 16777215;
11257 : 16777215;
11258 : 16777215;
11259 : 16777215;
11260 : 16777215;
11261 : 16777215;
11262 : 16777215;
11263 : 16777215;
11264 : 16777215;
11265 : 16777215;
11266 : 16777215;
11267 : 16777215;
11268 : 16777215;
11269 : 16777215;
11270 : 16777215;
11271 : 16777215;
11272 : 16777215;
11273 : 16777215;
11274 : 16777215;
11275 : 16777215;
11276 : 16777215;
11277 : 14737890;
11278 : 9407351;
11279 : 16709064;
11280 : 16510916;
11281 : 16445124;
11282 : 16445379;
11283 : 16511171;
11284 : 16511171;
11285 : 16511171;
11286 : 16511170;
11287 : 16379578;
11288 : 16378798;
11289 : 16312742;
11290 : 16049568;
11291 : 15457433;
11292 : 14865299;
11293 : 14338957;
11294 : 13812615;
11295 : 13351554;
11296 : 13351299;
11297 : 13482628;
11298 : 13548164;
11299 : 13613957;
11300 : 13548421;
11301 : 13548932;
11302 : 13549444;
11303 : 13549444;
11304 : 13483396;
11305 : 13483139;
11306 : 13548932;
11307 : 13548931;
11308 : 13614981;
11309 : 13680773;
11310 : 13548676;
11311 : 13482884;
11312 : 13483140;
11313 : 13548676;
11314 : 13614725;
11315 : 13615238;
11316 : 13746823;
11317 : 13746823;
11318 : 13746823;
11319 : 13746823;
11320 : 13747079;
11321 : 13681030;
11322 : 13614981;
11323 : 13614981;
11324 : 14009993;
11325 : 11050606;
11326 : 6241064;
11327 : 10902844;
11328 : 10378041;
11329 : 5845797;
11330 : 5188142;
11331 : 7092286;
11332 : 6434612;
11333 : 10195346;
11334 : 16777215;
11335 : 16251386;
11336 : 6378833;
11337 : 11819827;
11338 : 14119749;
11339 : 14053957;
11340 : 14119748;
11341 : 13857346;
11342 : 13397569;
11343 : 13069119;
11344 : 12806461;
11345 : 12806461;
11346 : 12871997;
11347 : 12871997;
11348 : 12806205;
11349 : 12609085;
11350 : 12477757;
11351 : 12477757;
11352 : 12477757;
11353 : 12478013;
11354 : 12740926;
11355 : 12872254;
11356 : 12806718;
11357 : 12740925;
11358 : 12740925;
11359 : 12740925;
11360 : 12740925;
11361 : 12740925;
11362 : 12872510;
11363 : 12346424;
11364 : 5780257;
11365 : 11185326;
11366 : 16777215;
11367 : 16777215;
11368 : 16777215;
11369 : 16777215;
11370 : 16777215;
11371 : 16777215;
11372 : 16777215;
11373 : 16777215;
11374 : 16777215;
11375 : 16777215;
11376 : 16777215;
11377 : 16777215;
11378 : 16777215;
11379 : 16777215;
11380 : 16777215;
11381 : 16777215;
11382 : 16777215;
11383 : 16777215;
11384 : 16777215;
11385 : 16777215;
11386 : 16777215;
11387 : 16777215;
11388 : 16777215;
11389 : 16777215;
11390 : 16777215;
11391 : 16777215;
11392 : 16777215;
11393 : 16777215;
11394 : 16777215;
11395 : 16777215;
11396 : 16777215;
11397 : 16777215;
11398 : 16777215;
11399 : 16777215;
11400 : 16777215;
11401 : 16777215;
11402 : 16777215;
11403 : 16777215;
11404 : 16777215;
11405 : 16777215;
11406 : 7566192;
11407 : 13617059;
11408 : 16774602;
11409 : 16511174;
11410 : 16511172;
11411 : 16511172;
11412 : 16511171;
11413 : 16511171;
11414 : 16511171;
11415 : 16445377;
11416 : 16379580;
11417 : 16313525;
11418 : 16313261;
11419 : 16312742;
11420 : 16115105;
11421 : 15786140;
11422 : 15391383;
11423 : 14798736;
11424 : 14272139;
11425 : 13943176;
11426 : 13680261;
11427 : 13548677;
11428 : 13483141;
11429 : 13483139;
11430 : 13549444;
11431 : 13615237;
11432 : 13615237;
11433 : 13615237;
11434 : 13681030;
11435 : 13681030;
11436 : 13746823;
11437 : 13681031;
11438 : 13548932;
11439 : 13548676;
11440 : 13548419;
11441 : 13615237;
11442 : 13746823;
11443 : 13746823;
11444 : 13746823;
11445 : 13746823;
11446 : 13746823;
11447 : 13746823;
11448 : 13681030;
11449 : 13614725;
11450 : 13482884;
11451 : 13877639;
11452 : 12102520;
11453 : 7097396;
11454 : 10836795;
11455 : 10049592;
11456 : 4597791;
11457 : 5713460;
11458 : 7223871;
11459 : 7092285;
11460 : 6106674;
11461 : 11841456;
11462 : 16777215;
11463 : 16777215;
11464 : 13948889;
11465 : 6964791;
11466 : 12674104;
11467 : 12871998;
11468 : 12872254;
11469 : 12740925;
11470 : 12740925;
11471 : 12806461;
11472 : 12871997;
11473 : 12806461;
11474 : 12871997;
11475 : 12806461;
11476 : 12543549;
11477 : 12477757;
11478 : 12477757;
11479 : 12477757;
11480 : 12477758;
11481 : 12478013;
11482 : 12740925;
11483 : 12806461;
11484 : 12806718;
11485 : 12740925;
11486 : 12740925;
11487 : 12740925;
11488 : 12740925;
11489 : 12740925;
11490 : 12675132;
11491 : 12872254;
11492 : 12805946;
11493 : 6699815;
11494 : 12501185;
11495 : 16777215;
11496 : 16777215;
11497 : 16777215;
11498 : 16777215;
11499 : 16777215;
11500 : 16777215;
11501 : 16777215;
11502 : 16777215;
11503 : 16777215;
11504 : 16777215;
11505 : 16777215;
11506 : 16777215;
11507 : 16777215;
11508 : 16777215;
11509 : 16777215;
11510 : 16777215;
11511 : 16777215;
11512 : 16777215;
11513 : 16777215;
11514 : 16777215;
11515 : 16777215;
11516 : 16777215;
11517 : 16777215;
11518 : 16777215;
11519 : 16777215;
11520 : 16777215;
11521 : 16777215;
11522 : 16777215;
11523 : 16777215;
11524 : 16777215;
11525 : 16777215;
11526 : 16777215;
11527 : 16777215;
11528 : 16777215;
11529 : 16777215;
11530 : 16777215;
11531 : 16777215;
11532 : 16777215;
11533 : 16777215;
11534 : 10657944;
11535 : 10196602;
11536 : 16709579;
11537 : 16445894;
11538 : 16445894;
11539 : 16576710;
11540 : 16510917;
11541 : 16445380;
11542 : 16313792;
11543 : 16181949;
11544 : 16247739;
11545 : 16313530;
11546 : 16313527;
11547 : 16313264;
11548 : 16313002;
11549 : 16312739;
11550 : 16312224;
11551 : 16049053;
11552 : 15587992;
11553 : 15324822;
11554 : 14930066;
11555 : 14470030;
11556 : 14338445;
11557 : 14272908;
11558 : 14141835;
11559 : 14010250;
11560 : 13944201;
11561 : 13944457;
11562 : 13944457;
11563 : 13878665;
11564 : 13680773;
11565 : 13548932;
11566 : 13482884;
11567 : 13613956;
11568 : 13614212;
11569 : 13746566;
11570 : 13746823;
11571 : 13746823;
11572 : 13746823;
11573 : 13746823;
11574 : 13746823;
11575 : 13615237;
11576 : 13548676;
11577 : 13548420;
11578 : 13877640;
11579 : 10918765;
11580 : 4469797;
11581 : 10376760;
11582 : 9918007;
11583 : 4860193;
11584 : 5844532;
11585 : 7092285;
11586 : 6960956;
11587 : 7092285;
11588 : 6041653;
11589 : 13355466;
11590 : 16777215;
11591 : 16777215;
11592 : 16777215;
11593 : 13356236;
11594 : 8212025;
11595 : 12214581;
11596 : 13069374;
11597 : 12740925;
11598 : 12806461;
11599 : 12871997;
11600 : 12806461;
11601 : 12740925;
11602 : 12806461;
11603 : 12675133;
11604 : 12477757;
11605 : 12477757;
11606 : 12477757;
11607 : 12477757;
11608 : 12477757;
11609 : 12543549;
11610 : 12741181;
11611 : 12806462;
11612 : 12806718;
11613 : 12806718;
11614 : 12740925;
11615 : 12740925;
11616 : 12740925;
11617 : 12740925;
11618 : 12740925;
11619 : 12740925;
11620 : 12806717;
11621 : 12740153;
11622 : 8212797;
11623 : 14014424;
11624 : 16777215;
11625 : 16777215;
11626 : 16777215;
11627 : 16777215;
11628 : 16777215;
11629 : 16777215;
11630 : 16777215;
11631 : 16777215;
11632 : 16777215;
11633 : 16777215;
11634 : 16777215;
11635 : 16777215;
11636 : 16777215;
11637 : 16777215;
11638 : 16777215;
11639 : 16777215;
11640 : 16777215;
11641 : 16777215;
11642 : 16777215;
11643 : 16777215;
11644 : 16777215;
11645 : 16777215;
11646 : 16777215;
11647 : 16777215;
11648 : 16777215;
11649 : 16777215;
11650 : 16777215;
11651 : 16777215;
11652 : 16777215;
11653 : 16777215;
11654 : 16777215;
11655 : 16777215;
11656 : 16777215;
11657 : 16777215;
11658 : 16777215;
11659 : 16777215;
11660 : 16777215;
11661 : 16777215;
11662 : 13091767;
11663 : 12893076;
11664 : 14998453;
11665 : 16511176;
11666 : 16379589;
11667 : 16379333;
11668 : 16379332;
11669 : 16313540;
11670 : 16313538;
11671 : 16181694;
11672 : 16181434;
11673 : 16313273;
11674 : 16379320;
11675 : 16313522;
11676 : 16313263;
11677 : 16312743;
11678 : 16312481;
11679 : 16312225;
11680 : 16114590;
11681 : 16048541;
11682 : 16114590;
11683 : 15983261;
11684 : 15851932;
11685 : 15654810;
11686 : 15588761;
11687 : 15391640;
11688 : 15259798;
11689 : 15062676;
11690 : 14865297;
11691 : 14601871;
11692 : 14008967;
11693 : 13548420;
11694 : 13614212;
11695 : 13548419;
11696 : 13548419;
11697 : 13681030;
11698 : 13746823;
11699 : 13812616;
11700 : 13746823;
11701 : 13746823;
11702 : 13746823;
11703 : 13614981;
11704 : 13613956;
11705 : 13877126;
11706 : 12036728;
11707 : 4534561;
11708 : 6172445;
11709 : 3415572;
11710 : 4006431;
11711 : 6304056;
11712 : 7026493;
11713 : 6895163;
11714 : 6895163;
11715 : 7026492;
11716 : 6174523;
11717 : 14540253;
11718 : 16777215;
11719 : 16777215;
11720 : 16777215;
11721 : 16777215;
11722 : 13619924;
11723 : 7624779;
11724 : 10506538;
11725 : 12871483;
11726 : 13134655;
11727 : 13200446;
11728 : 13134654;
11729 : 13003325;
11730 : 12806461;
11731 : 12806204;
11732 : 12674876;
11733 : 12543549;
11734 : 12543549;
11735 : 12543549;
11736 : 12675134;
11737 : 12740927;
11738 : 12806718;
11739 : 12806718;
11740 : 12806718;
11741 : 12872254;
11742 : 12740668;
11743 : 12806461;
11744 : 12806461;
11745 : 12740925;
11746 : 12871997;
11747 : 12740925;
11748 : 12740925;
11749 : 13003583;
11750 : 10834731;
11751 : 8551545;
11752 : 16777215;
11753 : 16777215;
11754 : 16777215;
11755 : 16777215;
11756 : 16777215;
11757 : 16777215;
11758 : 16777215;
11759 : 16777215;
11760 : 16777215;
11761 : 16777215;
11762 : 16777215;
11763 : 16777215;
11764 : 16777215;
11765 : 16777215;
11766 : 16777215;
11767 : 16777215;
11768 : 16777215;
11769 : 16777215;
11770 : 16777215;
11771 : 16777215;
11772 : 16777215;
11773 : 16777215;
11774 : 16777215;
11775 : 16777215;
11776 : 16777215;
11777 : 16777215;
11778 : 16777215;
11779 : 16777215;
11780 : 16777215;
11781 : 16777215;
11782 : 16777215;
11783 : 16777215;
11784 : 16777215;
11785 : 16777215;
11786 : 16777215;
11787 : 16777215;
11788 : 16777215;
11789 : 16777215;
11790 : 11710634;
11791 : 14668456;
11792 : 15590334;
11793 : 16445128;
11794 : 16379335;
11795 : 16379334;
11796 : 16379334;
11797 : 16379334;
11798 : 16379332;
11799 : 16247743;
11800 : 16181691;
11801 : 16379066;
11802 : 16379321;
11803 : 16313522;
11804 : 16313263;
11805 : 16312745;
11806 : 16312482;
11807 : 16312481;
11808 : 16312225;
11809 : 16311969;
11810 : 16378017;
11811 : 16312225;
11812 : 16114847;
11813 : 15720603;
11814 : 15325848;
11815 : 14930835;
11816 : 14536079;
11817 : 14207372;
11818 : 14009993;
11819 : 13746566;
11820 : 13483139;
11821 : 13483140;
11822 : 13614212;
11823 : 13614212;
11824 : 13548675;
11825 : 13615237;
11826 : 13812616;
11827 : 13746823;
11828 : 13746823;
11829 : 13746823;
11830 : 13746823;
11831 : 13681030;
11832 : 13614725;
11833 : 13351811;
11834 : 4537387;
11835 : 9455916;
11836 : 13265729;
11837 : 5582365;
11838 : 4465449;
11839 : 7289151;
11840 : 6895163;
11841 : 6960956;
11842 : 6960956;
11843 : 7026235;
11844 : 6570566;
11845 : 15593198;
11846 : 16777215;
11847 : 16777215;
11848 : 16777215;
11849 : 16777215;
11850 : 16777215;
11851 : 15396334;
11852 : 9933197;
11853 : 8016704;
11854 : 8208933;
11855 : 9061926;
11856 : 9915689;
11857 : 11228975;
11858 : 12345910;
11859 : 12871225;
11860 : 13003068;
11861 : 13134654;
11862 : 13134911;
11863 : 12938046;
11864 : 12806718;
11865 : 12740926;
11866 : 12740926;
11867 : 12740925;
11868 : 12806461;
11869 : 12740668;
11870 : 12806461;
11871 : 12806461;
11872 : 12740925;
11873 : 12740925;
11874 : 12806461;
11875 : 12740925;
11876 : 12806718;
11877 : 12872254;
11878 : 11623475;
11879 : 6971226;
11880 : 16777215;
11881 : 16777215;
11882 : 16777215;
11883 : 16777215;
11884 : 16777215;
11885 : 16777215;
11886 : 16777215;
11887 : 16777215;
11888 : 16777215;
11889 : 16777215;
11890 : 16777215;
11891 : 16777215;
11892 : 16777215;
11893 : 16777215;
11894 : 16777215;
11895 : 16777215;
11896 : 16777215;
11897 : 16777215;
11898 : 16777215;
11899 : 16777215;
11900 : 16777215;
11901 : 16777215;
11902 : 16777215;
11903 : 16777215;
11904 : 16777215;
11905 : 16777215;
11906 : 16777215;
11907 : 16777215;
11908 : 16777215;
11909 : 16777215;
11910 : 16777215;
11911 : 16777215;
11912 : 16777215;
11913 : 16777215;
11914 : 16777215;
11915 : 16777215;
11916 : 16777215;
11917 : 16777215;
11918 : 13750738;
11919 : 9012338;
11920 : 15787454;
11921 : 16774350;
11922 : 16445128;
11923 : 16379336;
11924 : 16379336;
11925 : 16379335;
11926 : 16379333;
11927 : 16379331;
11928 : 16313791;
11929 : 16379580;
11930 : 16313785;
11931 : 16313523;
11932 : 16313006;
11933 : 16246950;
11934 : 16180640;
11935 : 16180382;
11936 : 16180382;
11937 : 16246689;
11938 : 16312482;
11939 : 16246432;
11940 : 15720346;
11941 : 14865042;
11942 : 14075786;
11943 : 13746823;
11944 : 13681031;
11945 : 13681030;
11946 : 13746823;
11947 : 13681030;
11948 : 13549189;
11949 : 13482884;
11950 : 13548676;
11951 : 13548676;
11952 : 13614468;
11953 : 13746823;
11954 : 13746823;
11955 : 13746823;
11956 : 13746823;
11957 : 13746823;
11958 : 13746823;
11959 : 13878408;
11960 : 13878665;
11961 : 7695950;
11962 : 6960673;
11963 : 13068863;
11964 : 12609084;
11965 : 12609084;
11966 : 5516574;
11967 : 4597034;
11968 : 7223615;
11969 : 7092285;
11970 : 7026749;
11971 : 6960185;
11972 : 6507598;
11973 : 16382714;
11974 : 16777215;
11975 : 16777215;
11976 : 16777215;
11977 : 16777215;
11978 : 16777215;
11979 : 16777215;
11980 : 16777215;
11981 : 15527921;
11982 : 11974841;
11983 : 8882056;
11984 : 7631729;
11985 : 7761257;
11986 : 6771786;
11987 : 6834748;
11988 : 7095860;
11989 : 7750699;
11990 : 9325097;
11991 : 10835246;
11992 : 12543289;
11993 : 13134654;
11994 : 12806717;
11995 : 12740669;
11996 : 12806204;
11997 : 12740925;
11998 : 12740925;
11999 : 12740925;
12000 : 12740925;
12001 : 12806718;
12002 : 12806718;
12003 : 12806718;
12004 : 12806718;
12005 : 13003583;
12006 : 10638124;
12007 : 8091252;
12008 : 16777215;
12009 : 16777215;
12010 : 16777215;
12011 : 16777215;
12012 : 16777215;
12013 : 16777215;
12014 : 16777215;
12015 : 16777215;
12016 : 16777215;
12017 : 16777215;
12018 : 16777215;
12019 : 16777215;
12020 : 16777215;
12021 : 16777215;
12022 : 16777215;
12023 : 16777215;
12024 : 16777215;
12025 : 16777215;
12026 : 16777215;
12027 : 16777215;
12028 : 16777215;
12029 : 16777215;
12030 : 16777215;
12031 : 16777215;
12032 : 16777215;
12033 : 16777215;
12034 : 16777215;
12035 : 16777215;
12036 : 16777215;
12037 : 16777215;
12038 : 16777215;
12039 : 16777215;
12040 : 16777215;
12041 : 16777215;
12042 : 16777215;
12043 : 16777215;
12044 : 16777215;
12045 : 16777215;
12046 : 16777215;
12047 : 13882580;
12048 : 8354929;
12049 : 12827291;
12050 : 15919042;
12051 : 16379335;
12052 : 16379335;
12053 : 16379335;
12054 : 16379334;
12055 : 16510917;
12056 : 16510915;
12057 : 16379582;
12058 : 16445115;
12059 : 16247474;
12060 : 16115112;
12061 : 16048800;
12062 : 15983005;
12063 : 15982748;
12064 : 15982749;
12065 : 16180383;
12066 : 16378018;
12067 : 16312225;
12068 : 16114846;
12069 : 15390871;
12070 : 14338444;
12071 : 13680774;
12072 : 13680774;
12073 : 13746823;
12074 : 13746823;
12075 : 13746823;
12076 : 13681030;
12077 : 13614981;
12078 : 13614981;
12079 : 13681030;
12080 : 13681030;
12081 : 13747079;
12082 : 13746823;
12083 : 13746823;
12084 : 13746823;
12085 : 13746823;
12086 : 13878408;
12087 : 12694653;
12088 : 7824196;
12089 : 8800300;
12090 : 12740413;
12091 : 12543548;
12092 : 12543548;
12093 : 12806205;
12094 : 12478011;
12095 : 5057051;
12096 : 5187886;
12097 : 7749185;
12098 : 7880513;
12099 : 5186341;
12100 : 8815235;
12101 : 16777215;
12102 : 16777215;
12103 : 16777215;
12104 : 16777215;
12105 : 16777215;
12106 : 16777215;
12107 : 16777215;
12108 : 16777215;
12109 : 16777215;
12110 : 16777215;
12111 : 16777215;
12112 : 16777215;
12113 : 16777215;
12114 : 16514558;
12115 : 15725556;
12116 : 14936041;
12117 : 13357009;
12118 : 11185068;
12119 : 8354166;
12120 : 6769985;
12121 : 8472364;
12122 : 11886132;
12123 : 13003326;
12124 : 12806461;
12125 : 12740925;
12126 : 12806718;
12127 : 12806718;
12128 : 12806718;
12129 : 12806718;
12130 : 12806718;
12131 : 12806718;
12132 : 12740925;
12133 : 13134910;
12134 : 8274469;
12135 : 11448754;
12136 : 16777215;
12137 : 16777215;
12138 : 16777215;
12139 : 16777215;
12140 : 16777215;
12141 : 16777215;
12142 : 16777215;
12143 : 16777215;
12144 : 16777215;
12145 : 16777215;
12146 : 16777215;
12147 : 16777215;
12148 : 16777215;
12149 : 16777215;
12150 : 16777215;
12151 : 16777215;
12152 : 16777215;
12153 : 16777215;
12154 : 16777215;
12155 : 16777215;
12156 : 16777215;
12157 : 16777215;
12158 : 16777215;
12159 : 16777215;
12160 : 16777215;
12161 : 16777215;
12162 : 16777215;
12163 : 16777215;
12164 : 16777215;
12165 : 16777215;
12166 : 16777215;
12167 : 16777215;
12168 : 16777215;
12169 : 16777215;
12170 : 16777215;
12171 : 16777215;
12172 : 16777215;
12173 : 16777215;
12174 : 16777215;
12175 : 16777215;
12176 : 15527406;
12177 : 6644574;
12178 : 12366998;
12179 : 15195320;
12180 : 16445128;
12181 : 16379335;
12182 : 16379335;
12183 : 16379334;
12184 : 16379331;
12185 : 16379071;
12186 : 14405541;
12187 : 15852204;
12188 : 16049062;
12189 : 16048542;
12190 : 16048541;
12191 : 15982748;
12192 : 16048541;
12193 : 16048541;
12194 : 16180383;
12195 : 16114590;
12196 : 16048541;
12197 : 15917213;
12198 : 15719579;
12199 : 15259285;
12200 : 14601871;
12201 : 14076042;
12202 : 13812616;
12203 : 13746823;
12204 : 13746823;
12205 : 13746823;
12206 : 13746823;
12207 : 13812616;
12208 : 13746823;
12209 : 13746823;
12210 : 13746823;
12211 : 13746823;
12212 : 13746823;
12213 : 13746822;
12214 : 11050349;
12215 : 5722939;
12216 : 5319450;
12217 : 13003325;
12218 : 12806461;
12219 : 12675133;
12220 : 12675132;
12221 : 12740668;
12222 : 13003326;
12223 : 12543803;
12224 : 5057051;
12225 : 5450798;
12226 : 6566193;
12227 : 6182485;
12228 : 15527662;
12229 : 16777215;
12230 : 16777215;
12231 : 16777215;
12232 : 16777215;
12233 : 16777215;
12234 : 16777215;
12235 : 16777215;
12236 : 16777215;
12237 : 16777215;
12238 : 16777215;
12239 : 16777215;
12240 : 16777215;
12241 : 16777215;
12242 : 16777215;
12243 : 16777215;
12244 : 16777215;
12245 : 16777215;
12246 : 16777215;
12247 : 16777215;
12248 : 15922679;
12249 : 12961994;
12250 : 8876649;
12251 : 11623733;
12252 : 12872510;
12253 : 12806717;
12254 : 12806718;
12255 : 12806718;
12256 : 12806718;
12257 : 12806718;
12258 : 12740925;
12259 : 12740925;
12260 : 12740925;
12261 : 12871483;
12262 : 6570547;
12263 : 15265005;
12264 : 16777215;
12265 : 16777215;
12266 : 16777215;
12267 : 16777215;
12268 : 16777215;
12269 : 16777215;
12270 : 16777215;
12271 : 16777215;
12272 : 16777215;
12273 : 16777215;
12274 : 16777215;
12275 : 16777215;
12276 : 16777215;
12277 : 16777215;
12278 : 16777215;
12279 : 16777215;
12280 : 16777215;
12281 : 16777215;
12282 : 16777215;
12283 : 16777215;
12284 : 16777215;
12285 : 16777215;
12286 : 16777215;
12287 : 16777215;
12288 : 16777215;
12289 : 16777215;
12290 : 16777215;
12291 : 16777215;
12292 : 16777215;
12293 : 16777215;
12294 : 16777215;
12295 : 16777215;
12296 : 16777215;
12297 : 16777215;
12298 : 16777215;
12299 : 16777215;
12300 : 16777215;
12301 : 16777215;
12302 : 16777215;
12303 : 16777215;
12304 : 16777215;
12305 : 12238013;
12306 : 9670007;
12307 : 16775890;
12308 : 16642506;
12309 : 16445128;
12310 : 16379335;
12311 : 16379335;
12312 : 16445125;
12313 : 15195317;
12314 : 12695443;
12315 : 16181169;
12316 : 16049061;
12317 : 15982750;
12318 : 15982748;
12319 : 15982748;
12320 : 16048541;
12321 : 16115103;
12322 : 16114846;
12323 : 16048540;
12324 : 15982750;
12325 : 15850908;
12326 : 15259030;
12327 : 14601358;
12328 : 14141321;
12329 : 13878664;
12330 : 13746823;
12331 : 13746823;
12332 : 13746823;
12333 : 13746823;
12334 : 13746823;
12335 : 13746823;
12336 : 13746823;
12337 : 13681030;
12338 : 13681030;
12339 : 13681030;
12340 : 13615237;
12341 : 13681029;
12342 : 12891774;
12343 : 7628101;
12344 : 8406570;
12345 : 12937533;
12346 : 12740668;
12347 : 12806461;
12348 : 12806204;
12349 : 12806461;
12350 : 12806204;
12351 : 13068862;
12352 : 12543804;
12353 : 4662037;
12354 : 4867912;
12355 : 16185335;
12356 : 16777215;
12357 : 16777215;
12358 : 16777215;
12359 : 16777215;
12360 : 16777215;
12361 : 16777215;
12362 : 16777215;
12363 : 16777215;
12364 : 16777215;
12365 : 16777215;
12366 : 16777215;
12367 : 16777215;
12368 : 16777215;
12369 : 16777215;
12370 : 16777215;
12371 : 16777215;
12372 : 16777215;
12373 : 16777215;
12374 : 16777215;
12375 : 16777215;
12376 : 16777215;
12377 : 16777215;
12378 : 9605521;
12379 : 10047274;
12380 : 13069376;
12381 : 12806719;
12382 : 12806719;
12383 : 12806718;
12384 : 12740925;
12385 : 12740925;
12386 : 12740925;
12387 : 12740925;
12388 : 12937534;
12389 : 11097647;
12390 : 7497828;
12391 : 16777215;
12392 : 16777215;
12393 : 16777215;
12394 : 16777215;
12395 : 16777215;
12396 : 16777215;
12397 : 16777215;
12398 : 16777215;
12399 : 16777215;
12400 : 16777215;
12401 : 16777215;
12402 : 16777215;
12403 : 16777215;
12404 : 16777215;
12405 : 16777215;
12406 : 16777215;
12407 : 16777215;
12408 : 16777215;
12409 : 16777215;
12410 : 16777215;
12411 : 16777215;
12412 : 16777215;
12413 : 16777215;
12414 : 16777215;
12415 : 16777215;
12416 : 16777215;
12417 : 16777215;
12418 : 16777215;
12419 : 16777215;
12420 : 16777215;
12421 : 16777215;
12422 : 16777215;
12423 : 16777215;
12424 : 16777215;
12425 : 16777215;
12426 : 16777215;
12427 : 16777215;
12428 : 16777215;
12429 : 16777215;
12430 : 16777215;
12431 : 16777215;
12432 : 16711679;
12433 : 9010552;
12434 : 5451550;
12435 : 10196348;
12436 : 14735799;
12437 : 16445898;
12438 : 16576713;
12439 : 16379334;
12440 : 16445125;
12441 : 15655866;
12442 : 15326383;
12443 : 16115375;
12444 : 16049060;
12445 : 15983005;
12446 : 16048797;
12447 : 16246175;
12448 : 16246432;
12449 : 16312482;
12450 : 16246432;
12451 : 16048797;
12452 : 15982749;
12453 : 15522455;
12454 : 14469773;
12455 : 13614981;
12456 : 13615237;
12457 : 13681030;
12458 : 13746823;
12459 : 13746823;
12460 : 13746823;
12461 : 13746823;
12462 : 13681030;
12463 : 13681030;
12464 : 13615237;
12465 : 13615237;
12466 : 13549444;
12467 : 13549445;
12468 : 13681030;
12469 : 14076043;
12470 : 6380352;
12471 : 8208165;
12472 : 13462847;
12473 : 12871997;
12474 : 12806461;
12475 : 12740668;
12476 : 12806461;
12477 : 12806461;
12478 : 12740669;
12479 : 12740926;
12480 : 13003327;
12481 : 12280378;
12482 : 5651503;
12483 : 12633029;
12484 : 16777215;
12485 : 16777215;
12486 : 16777215;
12487 : 16777215;
12488 : 16777215;
12489 : 16777215;
12490 : 16777215;
12491 : 16777215;
12492 : 16777215;
12493 : 16777215;
12494 : 16777215;
12495 : 16777215;
12496 : 16777215;
12497 : 16777215;
12498 : 16777215;
12499 : 16777215;
12500 : 16777215;
12501 : 16777215;
12502 : 16777215;
12503 : 16777215;
12504 : 16777215;
12505 : 16645886;
12506 : 6642003;
12507 : 11755319;
12508 : 12938050;
12509 : 12806719;
12510 : 12806718;
12511 : 12806461;
12512 : 12740925;
12513 : 12740925;
12514 : 12740925;
12515 : 12675133;
12516 : 13003326;
12517 : 8143142;
12518 : 11974842;
12519 : 16777215;
12520 : 16777215;
12521 : 16777215;
12522 : 16777215;
12523 : 16777215;
12524 : 16777215;
12525 : 16777215;
12526 : 16777215;
12527 : 16777215;
12528 : 16777215;
12529 : 16777215;
12530 : 16777215;
12531 : 16777215;
12532 : 16777215;
12533 : 16777215;
12534 : 16777215;
12535 : 16777215;
12536 : 16777215;
12537 : 16777215;
12538 : 16777215;
12539 : 16777215;
12540 : 16777215;
12541 : 16777215;
12542 : 16777215;
12543 : 16777215;
12544 : 16777215;
12545 : 16777215;
12546 : 16777215;
12547 : 16777215;
12548 : 16777215;
12549 : 16777215;
12550 : 16777215;
12551 : 16777215;
12552 : 16777215;
12553 : 16777215;
12554 : 16777215;
12555 : 16777215;
12556 : 16777215;
12557 : 16777215;
12558 : 16777215;
12559 : 16777215;
12560 : 10790053;
12561 : 8537384;
12562 : 12345914;
12563 : 9193514;
12564 : 10050364;
12565 : 9466713;
12566 : 14604210;
12567 : 16642502;
12568 : 16313280;
12569 : 15918520;
12570 : 11050619;
12571 : 16115372;
12572 : 16115106;
12573 : 16246432;
12574 : 16312224;
12575 : 16377761;
12576 : 16312481;
12577 : 16312225;
12578 : 16180383;
12579 : 16048541;
12580 : 15982748;
12581 : 15983004;
12582 : 15654554;
12583 : 14931091;
12584 : 14207372;
12585 : 13878408;
12586 : 13746823;
12587 : 13681030;
12588 : 13681030;
12589 : 13615237;
12590 : 13615237;
12591 : 13549444;
12592 : 13483652;
12593 : 13483652;
12594 : 13681029;
12595 : 13878409;
12596 : 12103033;
12597 : 7234630;
12598 : 5583905;
12599 : 11230005;
12600 : 13003325;
12601 : 12871997;
12602 : 12871997;
12603 : 12806461;
12604 : 12806461;
12605 : 12740669;
12606 : 12609597;
12607 : 12675134;
12608 : 12740670;
12609 : 13200193;
12610 : 12017205;
12611 : 5323311;
12612 : 14343647;
12613 : 16777215;
12614 : 16777215;
12615 : 16777215;
12616 : 16777215;
12617 : 16777215;
12618 : 16777215;
12619 : 16777215;
12620 : 16777215;
12621 : 16777215;
12622 : 16777215;
12623 : 16777215;
12624 : 16777215;
12625 : 16777215;
12626 : 16777215;
12627 : 16777215;
12628 : 16777215;
12629 : 16777215;
12630 : 16777215;
12631 : 16777215;
12632 : 16777215;
12633 : 13948888;
12634 : 7488302;
12635 : 13069375;
12636 : 12806718;
12637 : 12740926;
12638 : 12740669;
12639 : 12674876;
12640 : 12609340;
12641 : 12674876;
12642 : 12740669;
12643 : 12675133;
12644 : 12477240;
12645 : 6835264;
12646 : 15856885;
12647 : 16777215;
12648 : 16777215;
12649 : 16777215;
12650 : 16777215;
12651 : 16777215;
12652 : 16777215;
12653 : 16777215;
12654 : 16777215;
12655 : 16777215;
12656 : 16777215;
12657 : 16777215;
12658 : 16777215;
12659 : 16777215;
12660 : 16777215;
12661 : 16777215;
12662 : 16777215;
12663 : 16777215;
12664 : 16777215;
12665 : 16777215;
12666 : 16777215;
12667 : 16777215;
12668 : 16777215;
12669 : 16777215;
12670 : 16777215;
12671 : 16777215;
12672 : 16777215;
12673 : 16777215;
12674 : 16777215;
12675 : 16777215;
12676 : 16777215;
12677 : 16777215;
12678 : 16777215;
12679 : 16777215;
12680 : 16777215;
12681 : 16777215;
12682 : 16777215;
12683 : 16777215;
12684 : 16777215;
12685 : 16777215;
12686 : 16777215;
12687 : 13949145;
12688 : 7291953;
12689 : 12608570;
12690 : 12609085;
12691 : 12806206;
12692 : 12805693;
12693 : 11162929;
12694 : 7559748;
12695 : 15524533;
12696 : 16642236;
12697 : 15655342;
12698 : 11116408;
12699 : 16510121;
12700 : 16312482;
12701 : 16378017;
12702 : 16312225;
12703 : 16312225;
12704 : 16180640;
12705 : 16048541;
12706 : 15982748;
12707 : 15982749;
12708 : 15982749;
12709 : 16048540;
12710 : 16180382;
12711 : 16180639;
12712 : 16048797;
12713 : 15259029;
12714 : 13746566;
12715 : 13483651;
12716 : 13549444;
12717 : 13483652;
12718 : 13483651;
12719 : 13417859;
12720 : 13417860;
12721 : 13483653;
12722 : 11576178;
12723 : 7103815;
12724 : 6306598;
12725 : 10507057;
12726 : 13068861;
12727 : 13068861;
12728 : 12806204;
12729 : 12871997;
12730 : 12871997;
12731 : 12871997;
12732 : 12675133;
12733 : 12609341;
12734 : 12609341;
12735 : 12675134;
12736 : 12740927;
12737 : 12937536;
12738 : 13397056;
12739 : 11360305;
12740 : 6180938;
12741 : 15790835;
12742 : 16777215;
12743 : 16777215;
12744 : 16777215;
12745 : 16777215;
12746 : 16777215;
12747 : 16777215;
12748 : 16777215;
12749 : 16777215;
12750 : 16777215;
12751 : 16777215;
12752 : 16777215;
12753 : 16777215;
12754 : 16777215;
12755 : 16777215;
12756 : 16777215;
12757 : 16777215;
12758 : 16777215;
12759 : 16777215;
12760 : 16777215;
12761 : 9933971;
12762 : 10178347;
12763 : 12937791;
12764 : 12675133;
12765 : 12543549;
12766 : 12477756;
12767 : 12477757;
12768 : 12477756;
12769 : 12478012;
12770 : 12609341;
12771 : 12871999;
12772 : 10047019;
12773 : 9933971;
12774 : 16777215;
12775 : 16777215;
12776 : 16777215;
12777 : 16777215;
12778 : 16777215;
12779 : 16777215;
12780 : 16777215;
12781 : 16777215;
12782 : 16777215;
12783 : 16777215;
12784 : 16777215;
12785 : 16777215;
12786 : 16777215;
12787 : 16777215;
12788 : 16777215;
12789 : 16777215;
12790 : 16777215;
12791 : 16777215;
12792 : 16777215;
12793 : 16777215;
12794 : 16777215;
12795 : 16777215;
12796 : 16777215;
12797 : 16777215;
12798 : 16777215;
12799 : 16777215;
12800 : 16777215;
12801 : 16777215;
12802 : 16777215;
12803 : 16777215;
12804 : 16777215;
12805 : 16777215;
12806 : 16777215;
12807 : 16777215;
12808 : 16777215;
12809 : 16777215;
12810 : 16777215;
12811 : 16777215;
12812 : 16777215;
12813 : 16777215;
12814 : 15725300;
12815 : 7626067;
12816 : 11622963;
12817 : 12609086;
12818 : 12477757;
12819 : 12477756;
12820 : 12477757;
12821 : 13003070;
12822 : 8209963;
12823 : 11183744;
12824 : 13879704;
12825 : 10788214;
12826 : 10130025;
12827 : 16773544;
12828 : 16509346;
12829 : 16312225;
12830 : 16312225;
12831 : 16246432;
12832 : 15983005;
12833 : 15916958;
12834 : 15982748;
12835 : 15982748;
12836 : 15982749;
12837 : 15982749;
12838 : 15982748;
12839 : 15916956;
12840 : 15587993;
12841 : 14470030;
12842 : 13351555;
12843 : 13154433;
12844 : 13417860;
12845 : 13483653;
12846 : 13417860;
12847 : 13417860;
12848 : 13417860;
12849 : 13615238;
12850 : 11247727;
12851 : 8024655;
12852 : 5587758;
12853 : 6173214;
12854 : 12543548;
12855 : 12937533;
12856 : 12871997;
12857 : 12675132;
12858 : 12609341;
12859 : 12609340;
12860 : 12543548;
12861 : 12543548;
12862 : 12543549;
12863 : 12609342;
12864 : 12871742;
12865 : 13068607;
12866 : 13199679;
12867 : 13725249;
12868 : 9981225;
12869 : 11051937;
12870 : 16777215;
12871 : 16777215;
12872 : 16777215;
12873 : 16777215;
12874 : 16777215;
12875 : 16777215;
12876 : 16777215;
12877 : 16777215;
12878 : 16777215;
12879 : 16777215;
12880 : 16777215;
12881 : 16777215;
12882 : 16777215;
12883 : 16777215;
12884 : 16777215;
12885 : 16777215;
12886 : 16777215;
12887 : 16777215;
12888 : 16448765;
12889 : 6837580;
12890 : 12082998;
12891 : 12609084;
12892 : 12477757;
12893 : 12477756;
12894 : 12477755;
12895 : 12477756;
12896 : 12477758;
12897 : 12478014;
12898 : 12478014;
12899 : 12740157;
12900 : 7752761;
12901 : 15001577;
12902 : 16777215;
12903 : 16777215;
12904 : 16777215;
12905 : 16777215;
12906 : 16777215;
12907 : 16777215;
12908 : 16777215;
12909 : 16777215;
12910 : 16777215;
12911 : 16777215;
12912 : 16777215;
12913 : 16777215;
12914 : 16777215;
12915 : 16777215;
12916 : 16777215;
12917 : 16777215;
12918 : 16777215;
12919 : 16777215;
12920 : 16777215;
12921 : 16777215;
12922 : 16777215;
12923 : 16777215;
12924 : 16777215;
12925 : 16777215;
12926 : 16777215;
12927 : 16777215;
12928 : 16777215;
12929 : 16777215;
12930 : 16777215;
12931 : 16777215;
12932 : 16777215;
12933 : 16777215;
12934 : 16777215;
12935 : 16777215;
12936 : 16777215;
12937 : 16777215;
12938 : 16777215;
12939 : 16777215;
12940 : 16777215;
12941 : 16382972;
12942 : 8418415;
12943 : 10637614;
12944 : 12740414;
12945 : 12412221;
12946 : 12477757;
12947 : 12477757;
12948 : 12543292;
12949 : 12871742;
12950 : 11098934;
12951 : 8735534;
12952 : 10442804;
12953 : 6894622;
12954 : 9866338;
12955 : 15721117;
12956 : 15391640;
12957 : 16509347;
12958 : 16312225;
12959 : 16312225;
12960 : 16048541;
12961 : 15982493;
12962 : 15982750;
12963 : 15982749;
12964 : 15916957;
12965 : 15719579;
12966 : 15192981;
12967 : 14141066;
12968 : 13351554;
12969 : 13088384;
12970 : 13088384;
12971 : 13088641;
12972 : 13352066;
12973 : 13418116;
12974 : 13549702;
12975 : 13812615;
12976 : 13286528;
12977 : 12760445;
12978 : 10458728;
12979 : 7825223;
12980 : 6897961;
12981 : 10573362;
12982 : 12937533;
12983 : 12871997;
12984 : 12675133;
12985 : 12609340;
12986 : 12543548;
12987 : 12543548;
12988 : 12478011;
12989 : 12478013;
12990 : 12543549;
12991 : 12674623;
12992 : 12871742;
12993 : 13068607;
12994 : 13199934;
12995 : 13265215;
12996 : 12936504;
12997 : 8613218;
12998 : 16711423;
12999 : 16777215;
13000 : 16777215;
13001 : 16777215;
13002 : 16777215;
13003 : 16777215;
13004 : 16777215;
13005 : 16777215;
13006 : 16777215;
13007 : 16777215;
13008 : 16777215;
13009 : 16777215;
13010 : 16777215;
13011 : 16777215;
13012 : 16777215;
13013 : 16777215;
13014 : 16777215;
13015 : 16777215;
13016 : 12961994;
13017 : 7947049;
13018 : 13200190;
13019 : 12675132;
13020 : 12543549;
13021 : 12543549;
13022 : 12478014;
13023 : 12543806;
13024 : 12544062;
13025 : 12543806;
13026 : 12609342;
13027 : 11491634;
13028 : 9272952;
13029 : 16777215;
13030 : 16777215;
13031 : 16777215;
13032 : 16777215;
13033 : 16777215;
13034 : 16777215;
13035 : 16777215;
13036 : 16777215;
13037 : 16777215;
13038 : 16777215;
13039 : 16777215;
13040 : 16777215;
13041 : 16777215;
13042 : 16777215;
13043 : 16777215;
13044 : 16777215;
13045 : 16777215;
13046 : 16777215;
13047 : 16777215;
13048 : 16777215;
13049 : 16777215;
13050 : 16777215;
13051 : 16777215;
13052 : 16777215;
13053 : 16777215;
13054 : 16777215;
13055 : 16777215;
13056 : 16777215;
13057 : 16777215;
13058 : 16777215;
13059 : 16777215;
13060 : 16777215;
13061 : 16777215;
13062 : 16777215;
13063 : 16777215;
13064 : 16777215;
13065 : 16777215;
13066 : 16777215;
13067 : 16777215;
13068 : 16711679;
13069 : 8289404;
13070 : 9652777;
13071 : 13528385;
13072 : 12805950;
13073 : 12543293;
13074 : 12543293;
13075 : 12674877;
13076 : 12806205;
13077 : 12806204;
13078 : 12937790;
13079 : 13199934;
13080 : 13068862;
13081 : 11229236;
13082 : 11443565;
13083 : 7761485;
13084 : 8023885;
13085 : 16575908;
13086 : 16312482;
13087 : 16378274;
13088 : 16312224;
13089 : 16180639;
13090 : 16114334;
13091 : 16048798;
13092 : 16048797;
13093 : 15916955;
13094 : 15325079;
13095 : 14075018;
13096 : 13154176;
13097 : 13088385;
13098 : 13088640;
13099 : 13417347;
13100 : 10852714;
13101 : 8287826;
13102 : 8616531;
13103 : 7103816;
13104 : 8025957;
13105 : 5259570;
13106 : 8208162;
13107 : 11492148;
13108 : 13200190;
13109 : 13069118;
13110 : 12871997;
13111 : 12806461;
13112 : 12543548;
13113 : 12543548;
13114 : 12543548;
13115 : 12543548;
13116 : 12478268;
13117 : 12478013;
13118 : 12477757;
13119 : 12609086;
13120 : 12871486;
13121 : 13003072;
13122 : 13199936;
13123 : 13199679;
13124 : 13067834;
13125 : 8216658;
13126 : 16449278;
13127 : 16777215;
13128 : 16777215;
13129 : 16777215;
13130 : 16777215;
13131 : 16777215;
13132 : 16777215;
13133 : 16777215;
13134 : 16777215;
13135 : 16777215;
13136 : 16777215;
13137 : 16777215;
13138 : 16777215;
13139 : 16777215;
13140 : 16777215;
13141 : 16777215;
13142 : 16777215;
13143 : 16711679;
13144 : 8286314;
13145 : 11557681;
13146 : 12937789;
13147 : 12740925;
13148 : 12740926;
13149 : 12609598;
13150 : 12675392;
13151 : 12741183;
13152 : 12806975;
13153 : 12740926;
13154 : 12937533;
13155 : 8866606;
13156 : 13290958;
13157 : 16777215;
13158 : 16777215;
13159 : 16777215;
13160 : 16777215;
13161 : 16777215;
13162 : 16777215;
13163 : 16777215;
13164 : 16777215;
13165 : 16777215;
13166 : 16777215;
13167 : 16777215;
13168 : 16777215;
13169 : 16777215;
13170 : 16777215;
13171 : 16777215;
13172 : 16777215;
13173 : 16777215;
13174 : 16777215;
13175 : 16777215;
13176 : 16777215;
13177 : 16777215;
13178 : 16777215;
13179 : 16777215;
13180 : 16777215;
13181 : 16777215;
13182 : 16777215;
13183 : 16777215;
13184 : 16777215;
13185 : 16777215;
13186 : 16777215;
13187 : 16777215;
13188 : 16777215;
13189 : 16777215;
13190 : 16777215;
13191 : 16777215;
13192 : 16777215;
13193 : 16777215;
13194 : 16777215;
13195 : 16777215;
13196 : 9409172;
13197 : 8471335;
13198 : 15301450;
13199 : 14513735;
13200 : 14054212;
13201 : 13594433;
13202 : 13068863;
13203 : 12806461;
13204 : 12806204;
13205 : 12806461;
13206 : 12740669;
13207 : 12674877;
13208 : 12674877;
13209 : 10835764;
13210 : 6904639;
13211 : 9655603;
13212 : 5319705;
13213 : 11971703;
13214 : 15588761;
13215 : 15522712;
13216 : 15456919;
13217 : 14996883;
13218 : 14996627;
13219 : 14733200;
13220 : 14470029;
13221 : 14272652;
13222 : 14009481;
13223 : 13548932;
13224 : 13417347;
13225 : 13351811;
13226 : 13483652;
13227 : 13746565;
13228 : 12431478;
13229 : 9471836;
13230 : 10131074;
13231 : 12764099;
13232 : 16185081;
13233 : 13684688;
13234 : 9137761;
13235 : 9850669;
13236 : 12345652;
13237 : 13199933;
13238 : 12937790;
13239 : 12740669;
13240 : 12543548;
13241 : 12477755;
13242 : 12543548;
13243 : 12478012;
13244 : 12478268;
13245 : 12478013;
13246 : 12477757;
13247 : 12543549;
13248 : 12805950;
13249 : 13003070;
13250 : 13199935;
13251 : 13199936;
13252 : 13330748;
13253 : 7557698;
13254 : 15856886;
13255 : 16777215;
13256 : 16777215;
13257 : 16777215;
13258 : 16777215;
13259 : 16777215;
13260 : 16777215;
13261 : 16777215;
13262 : 16777215;
13263 : 16777215;
13264 : 16777215;
13265 : 16777215;
13266 : 16777215;
13267 : 16777215;
13268 : 16777215;
13269 : 16777215;
13270 : 16777215;
13271 : 13356494;
13272 : 8932400;
13273 : 13069117;
13274 : 12740925;
13275 : 12806719;
13276 : 12806977;
13277 : 12806977;
13278 : 12806976;
13279 : 12806718;
13280 : 12806718;
13281 : 12806461;
13282 : 12542775;
13283 : 8085587;
13284 : 16317436;
13285 : 16777215;
13286 : 16777215;
13287 : 16777215;
13288 : 16777215;
13289 : 16777215;
13290 : 16777215;
13291 : 16777215;
13292 : 16777215;
13293 : 16777215;
13294 : 16777215;
13295 : 16777215;
13296 : 16777215;
13297 : 16777215;
13298 : 16777215;
13299 : 16777215;
13300 : 16777215;
13301 : 16777215;
13302 : 16777215;
13303 : 16777215;
13304 : 16777215;
13305 : 16777215;
13306 : 16777215;
13307 : 16777215;
13308 : 16777215;
13309 : 16777215;
13310 : 16777215;
13311 : 16777215;
13312 : 16777215;
13313 : 16777215;
13314 : 16777215;
13315 : 16777215;
13316 : 16777215;
13317 : 16777215;
13318 : 16777215;
13319 : 16777215;
13320 : 16777215;
13321 : 16777215;
13322 : 16777215;
13323 : 10395551;
13324 : 8669228;
13325 : 15433034;
13326 : 15433292;
13327 : 15499084;
13328 : 15368011;
13329 : 14908233;
13330 : 14120005;
13331 : 13265983;
13332 : 12806205;
13333 : 12806204;
13334 : 12674877;
13335 : 12543548;
13336 : 12609086;
13337 : 11164215;
13338 : 6435358;
13339 : 7748899;
13340 : 8223355;
13341 : 8815219;
13342 : 12036466;
13343 : 7235400;
13344 : 10392164;
13345 : 13746565;
13346 : 13483652;
13347 : 13352067;
13348 : 13352323;
13349 : 12299897;
13350 : 10458471;
13351 : 11510641;
13352 : 12299640;
13353 : 11970931;
13354 : 10852968;
13355 : 8024917;
13356 : 7828842;
13357 : 11842740;
13358 : 16316923;
13359 : 16777215;
13360 : 16777215;
13361 : 16777215;
13362 : 16251900;
13363 : 12303290;
13364 : 9139047;
13365 : 9063986;
13366 : 11097647;
13367 : 12740412;
13368 : 12543293;
13369 : 12477757;
13370 : 12477757;
13371 : 12477757;
13372 : 12477756;
13373 : 12477757;
13374 : 12477757;
13375 : 12477757;
13376 : 12740159;
13377 : 12937278;
13378 : 13068863;
13379 : 13134655;
13380 : 13396797;
13381 : 6965561;
13382 : 15593714;
13383 : 16777215;
13384 : 16777215;
13385 : 16777215;
13386 : 16777215;
13387 : 16777215;
13388 : 16777215;
13389 : 16777215;
13390 : 16777215;
13391 : 16777215;
13392 : 16777215;
13393 : 16777215;
13394 : 16777215;
13395 : 16777215;
13396 : 16777215;
13397 : 16777215;
13398 : 15659764;
13399 : 8742230;
13400 : 12411446;
13401 : 12872510;
13402 : 12741185;
13403 : 12675651;
13404 : 12741442;
13405 : 12806720;
13406 : 12806719;
13407 : 12806718;
13408 : 12806461;
13409 : 13134654;
13410 : 10309933;
13411 : 11118502;
13412 : 16777215;
13413 : 16777215;
13414 : 16777215;
13415 : 16777215;
13416 : 16777215;
13417 : 16777215;
13418 : 16777215;
13419 : 16777215;
13420 : 16777215;
13421 : 16777215;
13422 : 16777215;
13423 : 16777215;
13424 : 16777215;
13425 : 16777215;
13426 : 16777215;
13427 : 16777215;
13428 : 16777215;
13429 : 16777215;
13430 : 16777215;
13431 : 16777215;
13432 : 16777215;
13433 : 16777215;
13434 : 16777215;
13435 : 16777215;
13436 : 16777215;
13437 : 16777215;
13438 : 16777215;
13439 : 16777215;
13440 : 16777215;
13441 : 16777215;
13442 : 16777215;
13443 : 16777215;
13444 : 16777215;
13445 : 16777215;
13446 : 16777215;
13447 : 16777215;
13448 : 16777215;
13449 : 16317437;
13450 : 9408142;
13451 : 9456943;
13452 : 15761483;
13453 : 15433292;
13454 : 15367756;
13455 : 15433804;
13456 : 15433804;
13457 : 15499340;
13458 : 15236683;
13459 : 14251333;
13460 : 13134655;
13461 : 12740669;
13462 : 12609341;
13463 : 12478012;
13464 : 12674877;
13465 : 12280119;
13466 : 6896423;
13467 : 10198172;
13468 : 16777215;
13469 : 14671841;
13470 : 7959904;
13471 : 7630682;
13472 : 9605777;
13473 : 9143138;
13474 : 12234100;
13475 : 13681029;
13476 : 13549445;
13477 : 13154946;
13478 : 10984556;
13479 : 9076821;
13480 : 5591617;
13481 : 9934481;
13482 : 12237239;
13483 : 14145754;
13484 : 16711679;
13485 : 16777215;
13486 : 16777215;
13487 : 16777215;
13488 : 16777215;
13489 : 16777215;
13490 : 16777215;
13491 : 16777215;
13492 : 16711679;
13493 : 13488337;
13494 : 7498343;
13495 : 7685166;
13496 : 12280379;
13497 : 12543293;
13498 : 12477757;
13499 : 12477757;
13500 : 12412221;
13501 : 12477757;
13502 : 12477757;
13503 : 12477757;
13504 : 12609086;
13505 : 12805950;
13506 : 13003326;
13507 : 13200191;
13508 : 13002553;
13509 : 6770242;
13510 : 16185850;
13511 : 16777215;
13512 : 16777215;
13513 : 16777215;
13514 : 16777215;
13515 : 16777215;
13516 : 16777215;
13517 : 16777215;
13518 : 16777215;
13519 : 16777215;
13520 : 16777215;
13521 : 16777215;
13522 : 16777215;
13523 : 16777215;
13524 : 16777215;
13525 : 15396335;
13526 : 9729898;
13527 : 11886133;
13528 : 12938305;
13529 : 12741698;
13530 : 12544579;
13531 : 12478529;
13532 : 12609599;
13533 : 12740925;
13534 : 12871997;
13535 : 12937790;
13536 : 12871997;
13537 : 13002810;
13538 : 8147776;
13539 : 15527921;
13540 : 16777215;
13541 : 16777215;
13542 : 16777215;
13543 : 16777215;
13544 : 16777215;
13545 : 16777215;
13546 : 16777215;
13547 : 16777215;
13548 : 16777215;
13549 : 16777215;
13550 : 16777215;
13551 : 16777215;
13552 : 16777215;
13553 : 16777215;
13554 : 16777215;
13555 : 16777215;
13556 : 16777215;
13557 : 16777215;
13558 : 16777215;
13559 : 16777215;
13560 : 16777215;
13561 : 16777215;
13562 : 16777215;
13563 : 16777215;
13564 : 16777215;
13565 : 16777215;
13566 : 16777215;
13567 : 16777215;
13568 : 16777215;
13569 : 16777215;
13570 : 16777215;
13571 : 16777215;
13572 : 16777215;
13573 : 16777215;
13574 : 16777215;
13575 : 16777215;
13576 : 14607333;
13577 : 8351591;
13578 : 11032626;
13579 : 15827532;
13580 : 15499597;
13581 : 15368268;
13582 : 15368012;
13583 : 15433292;
13584 : 15433804;
13585 : 15433804;
13586 : 15499340;
13587 : 15236682;
13588 : 13988676;
13589 : 12937790;
13590 : 12806205;
13591 : 13068862;
13592 : 11754547;
13593 : 6767410;
13594 : 11843255;
13595 : 16777215;
13596 : 16777215;
13597 : 16777215;
13598 : 15263977;
13599 : 6776419;
13600 : 15527148;
13601 : 14342876;
13602 : 9671047;
13603 : 10261098;
13604 : 12694394;
13605 : 11444590;
13606 : 9931873;
13607 : 10130557;
13608 : 13882323;
13609 : 16777215;
13610 : 16777215;
13611 : 16777215;
13612 : 16777215;
13613 : 16777215;
13614 : 16777215;
13615 : 16777215;
13616 : 16777215;
13617 : 16777215;
13618 : 16777215;
13619 : 16777215;
13620 : 16777215;
13621 : 16777215;
13622 : 16777215;
13623 : 11185069;
13624 : 10507314;
13625 : 13791042;
13626 : 13397056;
13627 : 13134400;
13628 : 12871486;
13629 : 12674621;
13630 : 12477756;
13631 : 12477757;
13632 : 12543550;
13633 : 12609342;
13634 : 12806462;
13635 : 13134654;
13636 : 11951154;
13637 : 7957864;
13638 : 16777215;
13639 : 16777215;
13640 : 16777215;
13641 : 16777215;
13642 : 16777215;
13643 : 16777215;
13644 : 16777215;
13645 : 16777215;
13646 : 16777215;
13647 : 16777215;
13648 : 16777215;
13649 : 16777215;
13650 : 16777215;
13651 : 16777215;
13652 : 14606304;
13653 : 9661530;
13654 : 12017718;
13655 : 12938821;
13656 : 12807750;
13657 : 12807492;
13658 : 12675392;
13659 : 12675134;
13660 : 12740925;
13661 : 12806461;
13662 : 12806204;
13663 : 12806204;
13664 : 13003325;
13665 : 11228974;
13666 : 9537668;
13667 : 16777215;
13668 : 16777215;
13669 : 16777215;
13670 : 16777215;
13671 : 16777215;
13672 : 16777215;
13673 : 16777215;
13674 : 16777215;
13675 : 16777215;
13676 : 16777215;
13677 : 16777215;
13678 : 16777215;
13679 : 16777215;
13680 : 16777215;
13681 : 16777215;
13682 : 16777215;
13683 : 16777215;
13684 : 16777215;
13685 : 16777215;
13686 : 16777215;
13687 : 16777215;
13688 : 16777215;
13689 : 16777215;
13690 : 16777215;
13691 : 16777215;
13692 : 16777215;
13693 : 16777215;
13694 : 16777215;
13695 : 16777215;
13696 : 16777215;
13697 : 16777215;
13698 : 16777215;
13699 : 16777215;
13700 : 16777215;
13701 : 16777215;
13702 : 15725814;
13703 : 10789280;
13704 : 8935748;
13705 : 13856318;
13706 : 15959118;
13707 : 15433804;
13708 : 15433804;
13709 : 15433804;
13710 : 15433804;
13711 : 15499085;
13712 : 15433804;
13713 : 15368011;
13714 : 15433804;
13715 : 15499340;
13716 : 14776904;
13717 : 13266240;
13718 : 13200190;
13719 : 10703661;
13720 : 6836809;
13721 : 13883352;
13722 : 16777215;
13723 : 16777215;
13724 : 16777215;
13725 : 16777215;
13726 : 16777215;
13727 : 16053749;
13728 : 16382457;
13729 : 16777215;
13730 : 16777215;
13731 : 14079701;
13732 : 7565671;
13733 : 5066057;
13734 : 11579569;
13735 : 16448508;
13736 : 16777215;
13737 : 16777215;
13738 : 16777215;
13739 : 16777215;
13740 : 16777215;
13741 : 16777215;
13742 : 16777215;
13743 : 16777215;
13744 : 16777215;
13745 : 16777215;
13746 : 16777215;
13747 : 16777215;
13748 : 16777215;
13749 : 16777215;
13750 : 16777215;
13751 : 9996159;
13752 : 13790526;
13753 : 15039049;
13754 : 14842184;
13755 : 14513734;
13756 : 14053701;
13757 : 13725250;
13758 : 13265728;
13759 : 12740671;
13760 : 12477758;
13761 : 12543550;
13762 : 12675133;
13763 : 13331518;
13764 : 8273955;
13765 : 11185325;
13766 : 16777215;
13767 : 16777215;
13768 : 16777215;
13769 : 16777215;
13770 : 16777215;
13771 : 16777215;
13772 : 16777215;
13773 : 16777215;
13774 : 16777215;
13775 : 16777215;
13776 : 16777215;
13777 : 16777215;
13778 : 16777215;
13779 : 14080474;
13780 : 8805448;
13781 : 12806204;
13782 : 13267272;
13783 : 13070664;
13784 : 12938821;
13785 : 12872512;
13786 : 12806717;
13787 : 12872253;
13788 : 12806205;
13789 : 12806205;
13790 : 12806204;
13791 : 12806204;
13792 : 13199933;
13793 : 8144686;
13794 : 13751510;
13795 : 16777215;
13796 : 16777215;
13797 : 16777215;
13798 : 16777215;
13799 : 16777215;
13800 : 16777215;
13801 : 16777215;
13802 : 16777215;
13803 : 16777215;
13804 : 16777215;
13805 : 16777215;
13806 : 16777215;
13807 : 16777215;
13808 : 16777215;
13809 : 16777215;
13810 : 16777215;
13811 : 16777215;
13812 : 16777215;
13813 : 16777215;
13814 : 16777215;
13815 : 16777215;
13816 : 16777215;
13817 : 16777215;
13818 : 16777215;
13819 : 16777215;
13820 : 16777215;
13821 : 16777215;
13822 : 16777215;
13823 : 16777215;
13824 : 16777215;
13825 : 16777215;
13826 : 16777215;
13827 : 16646143;
13828 : 13948375;
13829 : 11510943;
13830 : 9528658;
13831 : 12411704;
13832 : 15564360;
13833 : 15696461;
13834 : 15433804;
13835 : 15433804;
13836 : 15433804;
13837 : 15433804;
13838 : 15433804;
13839 : 15433804;
13840 : 15433804;
13841 : 15433804;
13842 : 15433804;
13843 : 15433804;
13844 : 15302219;
13845 : 14119747;
13846 : 9587240;
13847 : 8023914;
13848 : 15527921;
13849 : 16777215;
13850 : 16777215;
13851 : 16777215;
13852 : 16777215;
13853 : 16777215;
13854 : 16777215;
13855 : 16777215;
13856 : 16777215;
13857 : 16777215;
13858 : 16777215;
13859 : 16777215;
13860 : 16514044;
13861 : 16645630;
13862 : 16777215;
13863 : 16777215;
13864 : 16777215;
13865 : 16777215;
13866 : 16777215;
13867 : 16777215;
13868 : 16777215;
13869 : 16777215;
13870 : 16777215;
13871 : 16777215;
13872 : 16777215;
13873 : 16777215;
13874 : 16777215;
13875 : 16777215;
13876 : 16777215;
13877 : 16777215;
13878 : 13751767;
13879 : 9589815;
13880 : 15695691;
13881 : 15367756;
13882 : 15367500;
13883 : 15301963;
13884 : 15170378;
13885 : 14776649;
13886 : 14316871;
13887 : 13725763;
13888 : 13134400;
13889 : 12543550;
13890 : 12609341;
13891 : 12543032;
13892 : 6703935;
13893 : 15725299;
13894 : 16777215;
13895 : 16777215;
13896 : 16777215;
13897 : 16777215;
13898 : 16777215;
13899 : 16777215;
13900 : 16777215;
13901 : 16777215;
13902 : 16777215;
13903 : 16777215;
13904 : 16777215;
13905 : 16777215;
13906 : 16711423;
13907 : 7498084;
13908 : 12346427;
13909 : 13924942;
13910 : 14449999;
13911 : 14646348;
13912 : 14514504;
13913 : 14251589;
13914 : 13988676;
13915 : 12806462;
13916 : 13003327;
13917 : 12740669;
13918 : 12806461;
13919 : 12937533;
13920 : 12082739;
13921 : 8087904;
13922 : 16580350;
13923 : 16777215;
13924 : 16777215;
13925 : 16777215;
13926 : 16777215;
13927 : 16777215;
13928 : 16777215;
13929 : 16777215;
13930 : 16777215;
13931 : 16777215;
13932 : 16777215;
13933 : 16777215;
13934 : 16777215;
13935 : 16777215;
13936 : 16777215;
13937 : 16777215;
13938 : 16777215;
13939 : 16777215;
13940 : 16777215;
13941 : 16777215;
13942 : 16777215;
13943 : 16777215;
13944 : 16777215;
13945 : 16777215;
13946 : 16777215;
13947 : 16777215;
13948 : 16777215;
13949 : 16777215;
13950 : 16777215;
13951 : 16777215;
13952 : 16777215;
13953 : 16777215;
13954 : 14080475;
13955 : 8286055;
13956 : 11036742;
13957 : 13990988;
13958 : 15566931;
13959 : 15895126;
13960 : 15565904;
13961 : 15433804;
13962 : 15433547;
13963 : 15433804;
13964 : 15433804;
13965 : 15433804;
13966 : 15433804;
13967 : 15433804;
13968 : 15433804;
13969 : 15433804;
13970 : 15433804;
13971 : 15565133;
13972 : 15695946;
13973 : 8931628;
13974 : 9143940;
13975 : 16251643;
13976 : 16777215;
13977 : 16777215;
13978 : 16777215;
13979 : 16777215;
13980 : 16777215;
13981 : 16777215;
13982 : 16777215;
13983 : 16777215;
13984 : 16777215;
13985 : 16777215;
13986 : 16777215;
13987 : 16777215;
13988 : 16777215;
13989 : 16777215;
13990 : 16777215;
13991 : 16777215;
13992 : 16777215;
13993 : 16777215;
13994 : 16777215;
13995 : 16777215;
13996 : 16777215;
13997 : 16777215;
13998 : 16777215;
13999 : 16777215;
14000 : 16777215;
14001 : 16777215;
14002 : 16777215;
14003 : 16777215;
14004 : 16777215;
14005 : 16777215;
14006 : 8944500;
14007 : 13790012;
14008 : 15433293;
14009 : 15367757;
14010 : 15367757;
14011 : 15367757;
14012 : 15301964;
14013 : 15301964;
14014 : 15236428;
14015 : 14710857;
14016 : 13988164;
14017 : 13331777;
14018 : 13003071;
14019 : 9259048;
14020 : 10790051;
14021 : 16777215;
14022 : 16777215;
14023 : 16777215;
14024 : 16777215;
14025 : 16777215;
14026 : 16777215;
14027 : 16777215;
14028 : 16777215;
14029 : 16777215;
14030 : 16777215;
14031 : 16777215;
14032 : 16777215;
14033 : 16777215;
14034 : 14936041;
14035 : 6833719;
14036 : 14975058;
14037 : 12282178;
14038 : 15631184;
14039 : 15565133;
14040 : 15499597;
14041 : 15630669;
14042 : 13726020;
14043 : 11624762;
14044 : 14579783;
14045 : 13397568;
14046 : 12806205;
14047 : 13200190;
14048 : 8668455;
14049 : 11974841;
14050 : 16777215;
14051 : 16777215;
14052 : 16777215;
14053 : 16777215;
14054 : 16777215;
14055 : 16777215;
14056 : 16777215;
14057 : 16777215;
14058 : 16777215;
14059 : 16777215;
14060 : 16777215;
14061 : 16777215;
14062 : 16777215;
14063 : 16777215;
14064 : 16777215;
14065 : 16777215;
14066 : 16777215;
14067 : 16777215;
14068 : 16777215;
14069 : 16777215;
14070 : 16777215;
14071 : 16777215;
14072 : 16777215;
14073 : 16777215;
14074 : 16777215;
14075 : 16777215;
14076 : 16777215;
14077 : 16777215;
14078 : 16777215;
14079 : 16777215;
14080 : 16777215;
14081 : 12961736;
14082 : 7492931;
14083 : 14454876;
14084 : 16559218;
14085 : 16231027;
14086 : 16033905;
14087 : 16033133;
14088 : 15965799;
14089 : 15766366;
14090 : 15566675;
14091 : 15499340;
14092 : 15433804;
14093 : 15433804;
14094 : 15368012;
14095 : 15433548;
14096 : 15433804;
14097 : 15433804;
14098 : 15630925;
14099 : 15498824;
14100 : 8736050;
14101 : 10658724;
14102 : 16777215;
14103 : 16777215;
14104 : 16777215;
14105 : 16777215;
14106 : 16777215;
14107 : 16777215;
14108 : 16777215;
14109 : 16777215;
14110 : 16777215;
14111 : 16777215;
14112 : 16777215;
14113 : 16777215;
14114 : 16777215;
14115 : 16777215;
14116 : 16777215;
14117 : 16777215;
14118 : 16777215;
14119 : 16777215;
14120 : 16777215;
14121 : 16777215;
14122 : 16777215;
14123 : 16777215;
14124 : 16777215;
14125 : 16777215;
14126 : 16777215;
14127 : 16777215;
14128 : 16777215;
14129 : 16777215;
14130 : 16777215;
14131 : 16777215;
14132 : 16777215;
14133 : 12830408;
14134 : 9654837;
14135 : 15695947;
14136 : 15301964;
14137 : 15368012;
14138 : 15368012;
14139 : 15433804;
14140 : 15367757;
14141 : 15301964;
14142 : 15301964;
14143 : 15236171;
14144 : 14842186;
14145 : 14053956;
14146 : 13133627;
14147 : 7361351;
14148 : 15856629;
14149 : 16777215;
14150 : 16777215;
14151 : 16777215;
14152 : 16777215;
14153 : 16777215;
14154 : 16777215;
14155 : 16777215;
14156 : 16777215;
14157 : 16777215;
14158 : 16777215;
14159 : 16777215;
14160 : 16777215;
14161 : 16777215;
14162 : 12633287;
14163 : 8078637;
14164 : 12544578;
14165 : 12806976;
14166 : 15762254;
14167 : 15433804;
14168 : 15433804;
14169 : 15630925;
14170 : 9129006;
14171 : 14382919;
14172 : 15499340;
14173 : 14645575;
14174 : 13265984;
14175 : 12214069;
14176 : 7889239;
14177 : 16251386;
14178 : 16777215;
14179 : 16777215;
14180 : 16777215;
14181 : 16777215;
14182 : 16777215;
14183 : 16777215;
14184 : 16777215;
14185 : 16777215;
14186 : 16777215;
14187 : 16777215;
14188 : 16777215;
14189 : 16777215;
14190 : 16777215;
14191 : 16777215;
14192 : 16777215;
14193 : 16777215;
14194 : 16777215;
14195 : 16777215;
14196 : 16777215;
14197 : 16777215;
14198 : 16777215;
14199 : 16777215;
14200 : 16777215;
14201 : 16777215;
14202 : 16777215;
14203 : 16777215;
14204 : 16777215;
14205 : 16777215;
14206 : 16777215;
14207 : 16777215;
14208 : 15987957;
14209 : 6115914;
14210 : 15047524;
14211 : 15903090;
14212 : 15311470;
14213 : 16231541;
14214 : 16165748;
14215 : 16166005;
14216 : 16165748;
14217 : 16099441;
14218 : 15966313;
14219 : 15700059;
14220 : 15434062;
14221 : 15236171;
14222 : 15236172;
14223 : 15236172;
14224 : 15367755;
14225 : 15762254;
14226 : 14841668;
14227 : 7751731;
14228 : 11711927;
14229 : 16777215;
14230 : 16777215;
14231 : 16777215;
14232 : 16777215;
14233 : 16777215;
14234 : 16777215;
14235 : 16777215;
14236 : 16777215;
14237 : 16777215;
14238 : 16777215;
14239 : 16777215;
14240 : 16777215;
14241 : 16777215;
14242 : 16777215;
14243 : 16777215;
14244 : 16777215;
14245 : 16777215;
14246 : 16777215;
14247 : 16777215;
14248 : 16777215;
14249 : 16777215;
14250 : 16777215;
14251 : 16777215;
14252 : 16777215;
14253 : 16777215;
14254 : 16777215;
14255 : 16777215;
14256 : 16777215;
14257 : 16777215;
14258 : 16777215;
14259 : 16777215;
14260 : 16448765;
14261 : 7955804;
14262 : 14250047;
14263 : 15565133;
14264 : 15433548;
14265 : 15433804;
14266 : 15499597;
14267 : 15433804;
14268 : 15433804;
14269 : 15368012;
14270 : 15301964;
14271 : 15236171;
14272 : 15236172;
14273 : 15236171;
14274 : 9456428;
14275 : 11448241;
14276 : 16777215;
14277 : 16777215;
14278 : 16777215;
14279 : 16777215;
14280 : 16777215;
14281 : 16777215;
14282 : 16777215;
14283 : 16777215;
14284 : 16777215;
14285 : 16777215;
14286 : 16777215;
14287 : 16777215;
14288 : 16777215;
14289 : 16777215;
14290 : 12962251;
14291 : 8209707;
14292 : 10639412;
14293 : 13266497;
14294 : 15630925;
14295 : 15433804;
14296 : 15565133;
14297 : 14448455;
14298 : 9916721;
14299 : 15630413;
14300 : 15301963;
14301 : 15170378;
14302 : 14250819;
14303 : 9326386;
14304 : 13290700;
14305 : 16777215;
14306 : 16777215;
14307 : 16777215;
14308 : 16777215;
14309 : 16777215;
14310 : 16777215;
14311 : 16777215;
14312 : 16777215;
14313 : 16777215;
14314 : 16777215;
14315 : 16777215;
14316 : 16777215;
14317 : 16777215;
14318 : 16777215;
14319 : 16777215;
14320 : 16777215;
14321 : 16777215;
14322 : 16777215;
14323 : 16777215;
14324 : 16777215;
14325 : 16777215;
14326 : 16777215;
14327 : 16777215;
14328 : 16777215;
14329 : 16777215;
14330 : 16777215;
14331 : 16777215;
14332 : 16777215;
14333 : 16777215;
14334 : 16777215;
14335 : 16777215;
14336 : 13093580;
14337 : 7951932;
14338 : 14720105;
14339 : 12025943;
14340 : 15245677;
14341 : 16231541;
14342 : 16428662;
14343 : 16165748;
14344 : 16165748;
14345 : 16034420;
14346 : 16034419;
14347 : 15967085;
14348 : 15501912;
14349 : 15170379;
14350 : 15235917;
14351 : 15236173;
14352 : 15695950;
14353 : 13724989;
14354 : 7097404;
14355 : 12567750;
14356 : 16777215;
14357 : 16777215;
14358 : 16777215;
14359 : 16777215;
14360 : 16777215;
14361 : 16777215;
14362 : 16777215;
14363 : 16777215;
14364 : 16777215;
14365 : 16777215;
14366 : 16777215;
14367 : 16777215;
14368 : 16777215;
14369 : 16777215;
14370 : 16777215;
14371 : 16777215;
14372 : 16777215;
14373 : 16777215;
14374 : 16777215;
14375 : 16777215;
14376 : 16777215;
14377 : 16777215;
14378 : 16777215;
14379 : 16777215;
14380 : 16777215;
14381 : 16777215;
14382 : 16777215;
14383 : 16777215;
14384 : 16777215;
14385 : 16777215;
14386 : 16777215;
14387 : 16777215;
14388 : 11909306;
14389 : 10245170;
14390 : 15958861;
14391 : 15433804;
14392 : 15433804;
14393 : 15499597;
14394 : 15433804;
14395 : 15433804;
14396 : 15433804;
14397 : 15433804;
14398 : 15433548;
14399 : 15302220;
14400 : 15367756;
14401 : 14250305;
14402 : 8283998;
14403 : 16317179;
14404 : 16777215;
14405 : 16777215;
14406 : 16777215;
14407 : 16777215;
14408 : 16777215;
14409 : 16777215;
14410 : 16777215;
14411 : 16777215;
14412 : 16777215;
14413 : 16777215;
14414 : 16777215;
14415 : 16777215;
14416 : 16777215;
14417 : 16777215;
14418 : 15527664;
14419 : 6966078;
14420 : 10112812;
14421 : 12018748;
14422 : 15893326;
14423 : 15499340;
14424 : 15630669;
14425 : 13594435;
14426 : 11558457;
14427 : 15564366;
14428 : 15301708;
14429 : 15695949;
14430 : 12476981;
14431 : 10128775;
14432 : 16711679;
14433 : 16777215;
14434 : 16777215;
14435 : 16777215;
14436 : 16777215;
14437 : 16777215;
14438 : 16777215;
14439 : 16777215;
14440 : 16777215;
14441 : 16777215;
14442 : 16777215;
14443 : 16777215;
14444 : 16777215;
14445 : 16777215;
14446 : 16777215;
14447 : 16777215;
14448 : 16777215;
14449 : 16777215;
14450 : 16777215;
14451 : 16777215;
14452 : 16777215;
14453 : 16777215;
14454 : 16777215;
14455 : 16777215;
14456 : 16777215;
14457 : 16777215;
14458 : 16777215;
14459 : 16777215;
14460 : 16777215;
14461 : 16777215;
14462 : 16777215;
14463 : 16777215;
14464 : 12895686;
14465 : 9658176;
14466 : 8739903;
14467 : 15705969;
14468 : 16297077;
14469 : 16494198;
14470 : 12617307;
14471 : 13931620;
14472 : 16231541;
14473 : 15903346;
14474 : 15968626;
14475 : 15968883;
14476 : 15503453;
14477 : 15170379;
14478 : 15236173;
14479 : 15695951;
14480 : 12870969;
14481 : 6968396;
14482 : 14212575;
14483 : 16777215;
14484 : 16777215;
14485 : 16777215;
14486 : 16777215;
14487 : 16777215;
14488 : 16777215;
14489 : 16777215;
14490 : 16777215;
14491 : 16777215;
14492 : 16777215;
14493 : 16777215;
14494 : 16777215;
14495 : 16777215;
14496 : 16777215;
14497 : 16777215;
14498 : 16777215;
14499 : 16777215;
14500 : 16777215;
14501 : 16777215;
14502 : 16777215;
14503 : 16777215;
14504 : 16777215;
14505 : 16777215;
14506 : 16777215;
14507 : 16777215;
14508 : 16777215;
14509 : 16777215;
14510 : 16777215;
14511 : 16777215;
14512 : 16777215;
14513 : 16777215;
14514 : 16777215;
14515 : 15922679;
14516 : 7493965;
14517 : 14841668;
14518 : 15565132;
14519 : 15433804;
14520 : 15499597;
14521 : 15433804;
14522 : 15368012;
14523 : 15433804;
14524 : 15433804;
14525 : 15433804;
14526 : 15499340;
14527 : 15433805;
14528 : 15695948;
14529 : 9064759;
14530 : 13554387;
14531 : 16777215;
14532 : 16777215;
14533 : 16777215;
14534 : 16777215;
14535 : 16777215;
14536 : 16777215;
14537 : 16777215;
14538 : 16777215;
14539 : 16777215;
14540 : 16777215;
14541 : 16777215;
14542 : 16777215;
14543 : 16777215;
14544 : 16777215;
14545 : 16777215;
14546 : 16777215;
14547 : 12698050;
14548 : 7160880;
14549 : 7289120;
14550 : 15499340;
14551 : 15236683;
14552 : 15433548;
14553 : 13463106;
14554 : 10967607;
14555 : 15630413;
14556 : 14907461;
14557 : 10572589;
14558 : 8482147;
14559 : 15791092;
14560 : 16777215;
14561 : 16777215;
14562 : 16777215;
14563 : 16777215;
14564 : 16777215;
14565 : 16777215;
14566 : 16777215;
14567 : 16777215;
14568 : 16777215;
14569 : 16777215;
14570 : 16777215;
14571 : 16777215;
14572 : 16777215;
14573 : 16777215;
14574 : 16777215;
14575 : 16777215;
14576 : 16777215;
14577 : 16777215;
14578 : 16777215;
14579 : 16777215;
14580 : 16777215;
14581 : 16777215;
14582 : 16777215;
14583 : 16777215;
14584 : 16777215;
14585 : 16777215;
14586 : 16777215;
14587 : 16777215;
14588 : 16777215;
14589 : 16777215;
14590 : 16777215;
14591 : 16777215;
14592 : 14474203;
14593 : 4467488;
14594 : 11365703;
14595 : 16493427;
14596 : 16166004;
14597 : 14325863;
14598 : 8477502;
14599 : 15968883;
14600 : 15968883;
14601 : 15837553;
14602 : 15902320;
14603 : 15836012;
14604 : 15502682;
14605 : 15235914;
14606 : 15761485;
14607 : 12279605;
14608 : 7430748;
14609 : 15264749;
14610 : 16777215;
14611 : 16777215;
14612 : 16777215;
14613 : 16777215;
14614 : 16777215;
14615 : 16777215;
14616 : 16777215;
14617 : 16777215;
14618 : 16777215;
14619 : 16777215;
14620 : 16777215;
14621 : 16777215;
14622 : 16777215;
14623 : 16777215;
14624 : 16777215;
14625 : 16777215;
14626 : 16777215;
14627 : 16777215;
14628 : 16777215;
14629 : 16777215;
14630 : 16777215;
14631 : 16777215;
14632 : 16777215;
14633 : 16777215;
14634 : 16777215;
14635 : 16777215;
14636 : 16777215;
14637 : 16777215;
14638 : 16777215;
14639 : 16777215;
14640 : 16777215;
14641 : 16777215;
14642 : 16777215;
14643 : 9867662;
14644 : 11886133;
14645 : 15827533;
14646 : 15368012;
14647 : 15367756;
14648 : 15302219;
14649 : 15236428;
14650 : 15236172;
14651 : 15301963;
14652 : 15433804;
14653 : 15499597;
14654 : 15499597;
14655 : 15762511;
14656 : 13068346;
14657 : 9735047;
14658 : 16777215;
14659 : 16777215;
14660 : 16777215;
14661 : 16777215;
14662 : 16777215;
14663 : 16777215;
14664 : 16777215;
14665 : 16777215;
14666 : 16777215;
14667 : 16777215;
14668 : 16777215;
14669 : 16777215;
14670 : 16777215;
14671 : 16777215;
14672 : 16777215;
14673 : 16777215;
14674 : 16777215;
14675 : 16777215;
14676 : 13487565;
14677 : 3879985;
14678 : 8142112;
14679 : 12739640;
14680 : 13265724;
14681 : 12214840;
14682 : 6106648;
14683 : 9718825;
14684 : 7294011;
14685 : 9802900;
14686 : 15988471;
14687 : 16777215;
14688 : 16777215;
14689 : 16777215;
14690 : 16777215;
14691 : 16777215;
14692 : 16777215;
14693 : 16777215;
14694 : 16777215;
14695 : 16777215;
14696 : 16777215;
14697 : 16777215;
14698 : 16777215;
14699 : 16777215;
14700 : 16777215;
14701 : 16777215;
14702 : 16777215;
14703 : 16777215;
14704 : 16777215;
14705 : 16777215;
14706 : 16777215;
14707 : 16777215;
14708 : 16777215;
14709 : 16777215;
14710 : 16777215;
14711 : 16777215;
14712 : 16777215;
14713 : 16777215;
14714 : 16777215;
14715 : 16777215;
14716 : 16777215;
14717 : 16777215;
14718 : 16777215;
14719 : 16777215;
14720 : 16382714;
14721 : 4605769;
14722 : 11098419;
14723 : 15501399;
14724 : 15897439;
14725 : 11168583;
14726 : 11300938;
14727 : 16294508;
14728 : 15768678;
14729 : 15767652;
14730 : 15635295;
14731 : 15567191;
14732 : 15368014;
14733 : 15827020;
14734 : 12017204;
14735 : 7496798;
14736 : 15527921;
14737 : 16777215;
14738 : 16777215;
14739 : 16777215;
14740 : 16777215;
14741 : 16777215;
14742 : 16777215;
14743 : 16777215;
14744 : 16777215;
14745 : 16777215;
14746 : 16777215;
14747 : 16777215;
14748 : 16777215;
14749 : 16777215;
14750 : 16777215;
14751 : 16777215;
14752 : 16777215;
14753 : 16777215;
14754 : 16777215;
14755 : 16777215;
14756 : 16777215;
14757 : 16777215;
14758 : 16777215;
14759 : 16777215;
14760 : 16777215;
14761 : 16777215;
14762 : 16777215;
14763 : 16777215;
14764 : 16777215;
14765 : 16777215;
14766 : 16777215;
14767 : 16777215;
14768 : 16777215;
14769 : 16449279;
14770 : 11248544;
14771 : 11164730;
14772 : 15629900;
14773 : 15236171;
14774 : 15236172;
14775 : 15170380;
14776 : 15170380;
14777 : 15170380;
14778 : 15236173;
14779 : 15170893;
14780 : 15368014;
14781 : 15499856;
14782 : 15565647;
14783 : 15564617;
14784 : 9134413;
14785 : 15330798;
14786 : 16777215;
14787 : 16777215;
14788 : 16777215;
14789 : 16777215;
14790 : 16777215;
14791 : 16777215;
14792 : 16777215;
14793 : 16777215;
14794 : 16777215;
14795 : 16777215;
14796 : 16777215;
14797 : 16777215;
14798 : 16777215;
14799 : 16777215;
14800 : 16777215;
14801 : 16777215;
14802 : 16777215;
14803 : 16777215;
14804 : 16777215;
14805 : 15330283;
14806 : 9145484;
14807 : 6837322;
14808 : 6243641;
14809 : 4470061;
14810 : 5986648;
14811 : 10197915;
14812 : 15264749;
14813 : 16777215;
14814 : 16777215;
14815 : 16777215;
14816 : 16777215;
14817 : 16777215;
14818 : 16777215;
14819 : 16777215;
14820 : 16777215;
14821 : 16777215;
14822 : 16777215;
14823 : 16777215;
14824 : 16777215;
14825 : 16777215;
14826 : 16777215;
14827 : 16777215;
14828 : 16777215;
14829 : 16777215;
14830 : 16777215;
14831 : 16777215;
14832 : 16777215;
14833 : 16777215;
14834 : 16777215;
14835 : 16777215;
14836 : 16777215;
14837 : 16777215;
14838 : 16777215;
14839 : 16777215;
14840 : 16777215;
14841 : 16777215;
14842 : 16777215;
14843 : 16777215;
14844 : 16777215;
14845 : 16777215;
14846 : 16777215;
14847 : 16777215;
14848 : 16777215;
14849 : 13751252;
14850 : 7949112;
14851 : 12805177;
14852 : 14447429;
14853 : 9719344;
14854 : 12346941;
14855 : 14908234;
14856 : 14711114;
14857 : 14645578;
14858 : 14710856;
14859 : 14644292;
14860 : 13461819;
14861 : 9063471;
14862 : 8682616;
14863 : 15791093;
14864 : 16777215;
14865 : 16777215;
14866 : 16777215;
14867 : 16777215;
14868 : 16777215;
14869 : 16777215;
14870 : 16777215;
14871 : 16777215;
14872 : 16777215;
14873 : 16777215;
14874 : 16777215;
14875 : 16777215;
14876 : 16777215;
14877 : 16777215;
14878 : 16777215;
14879 : 16777215;
14880 : 16777215;
14881 : 16777215;
14882 : 16777215;
14883 : 16777215;
14884 : 16777215;
14885 : 16777215;
14886 : 16777215;
14887 : 16777215;
14888 : 16777215;
14889 : 16777215;
14890 : 16777215;
14891 : 16777215;
14892 : 16777215;
14893 : 16777215;
14894 : 16777215;
14895 : 16514815;
14896 : 12830150;
14897 : 10387313;
14898 : 12805950;
14899 : 15564107;
14900 : 15236428;
14901 : 15170636;
14902 : 15236171;
14903 : 15236172;
14904 : 15170380;
14905 : 15038794;
14906 : 15236173;
14907 : 15170894;
14908 : 15237200;
14909 : 15434321;
14910 : 15959375;
14911 : 11165242;
14912 : 12500927;
14913 : 16777215;
14914 : 16777215;
14915 : 16777215;
14916 : 16777215;
14917 : 16777215;
14918 : 16777215;
14919 : 16777215;
14920 : 16777215;
14921 : 16777215;
14922 : 16777215;
14923 : 16777215;
14924 : 16777215;
14925 : 16777215;
14926 : 16777215;
14927 : 16777215;
14928 : 16777215;
14929 : 16777215;
14930 : 16777215;
14931 : 16777215;
14932 : 16777215;
14933 : 16777215;
14934 : 16777215;
14935 : 16449022;
14936 : 15791092;
14937 : 15659248;
14938 : 16777215;
14939 : 16777215;
14940 : 16777215;
14941 : 16777215;
14942 : 16777215;
14943 : 16777215;
14944 : 16777215;
14945 : 16777215;
14946 : 16777215;
14947 : 16777215;
14948 : 16777215;
14949 : 16777215;
14950 : 16777215;
14951 : 16777215;
14952 : 16777215;
14953 : 16777215;
14954 : 16777215;
14955 : 16777215;
14956 : 16777215;
14957 : 16777215;
14958 : 16777215;
14959 : 16777215;
14960 : 16777215;
14961 : 16777215;
14962 : 16777215;
14963 : 16777215;
14964 : 16777215;
14965 : 16777215;
14966 : 16777215;
14967 : 16777215;
14968 : 16777215;
14969 : 16777215;
14970 : 16777215;
14971 : 16777215;
14972 : 16777215;
14973 : 16777215;
14974 : 16777215;
14975 : 16777215;
14976 : 16777215;
14977 : 16777215;
14978 : 13553872;
14979 : 6968651;
14980 : 8734508;
14981 : 8011041;
14982 : 6566171;
14983 : 10637613;
14984 : 10637613;
14985 : 10703405;
14986 : 10573106;
14987 : 9591875;
14988 : 9074542;
14989 : 12896200;
14990 : 16777215;
14991 : 16777215;
14992 : 16777215;
14993 : 16777215;
14994 : 16777215;
14995 : 16777215;
14996 : 16777215;
14997 : 16777215;
14998 : 16777215;
14999 : 16777215;
15000 : 16777215;
15001 : 16777215;
15002 : 16777215;
15003 : 16777215;
15004 : 16777215;
15005 : 16777215;
15006 : 16777215;
15007 : 16777215;
15008 : 16777215;
15009 : 16777215;
15010 : 16777215;
15011 : 16777215;
15012 : 16777215;
15013 : 16777215;
15014 : 16777215;
15015 : 16777215;
15016 : 16777215;
15017 : 16777215;
15018 : 16777215;
15019 : 16777215;
15020 : 16777215;
15021 : 16777215;
15022 : 14540768;
15023 : 10123883;
15024 : 11361850;
15025 : 14709826;
15026 : 15564107;
15027 : 15235914;
15028 : 15301707;
15029 : 15236172;
15030 : 15236173;
15031 : 15236171;
15032 : 15236172;
15033 : 15236172;
15034 : 15236173;
15035 : 15236686;
15036 : 15237200;
15037 : 15630928;
15038 : 13397052;
15039 : 10326410;
15040 : 16711679;
15041 : 16777215;
15042 : 16777215;
15043 : 16777215;
15044 : 16777215;
15045 : 16777215;
15046 : 16777215;
15047 : 16777215;
15048 : 16777215;
15049 : 16777215;
15050 : 16777215;
15051 : 16777215;
15052 : 16777215;
15053 : 16777215;
15054 : 16777215;
15055 : 16777215;
15056 : 16777215;
15057 : 16777215;
15058 : 16777215;
15059 : 16777215;
15060 : 16777215;
15061 : 16777215;
15062 : 16777215;
15063 : 16777215;
15064 : 16777215;
15065 : 16777215;
15066 : 16777215;
15067 : 16777215;
15068 : 16777215;
15069 : 16777215;
15070 : 16777215;
15071 : 16777215;
15072 : 16777215;
15073 : 16777215;
15074 : 16777215;
15075 : 16777215;
15076 : 16777215;
15077 : 16777215;
15078 : 16777215;
15079 : 16777215;
15080 : 16777215;
15081 : 16777215;
15082 : 16777215;
15083 : 16777215;
15084 : 16777215;
15085 : 16777215;
15086 : 16777215;
15087 : 16777215;
15088 : 16777215;
15089 : 16777215;
15090 : 16777215;
15091 : 16777215;
15092 : 16777215;
15093 : 16777215;
15094 : 16777215;
15095 : 16777215;
15096 : 16777215;
15097 : 16777215;
15098 : 16777215;
15099 : 16777215;
15100 : 16777215;
15101 : 16777215;
15102 : 16777215;
15103 : 16777215;
15104 : 16777215;
15105 : 16777215;
15106 : 16777215;
15107 : 16185850;
15108 : 13027528;
15109 : 9736592;
15110 : 7237488;
15111 : 7959924;
15112 : 8354681;
15113 : 9933456;
15114 : 12499898;
15115 : 15264749;
15116 : 16777215;
15117 : 16777215;
15118 : 16777215;
15119 : 16777215;
15120 : 16777215;
15121 : 16777215;
15122 : 16777215;
15123 : 16777215;
15124 : 16777215;
15125 : 16777215;
15126 : 16777215;
15127 : 16777215;
15128 : 16777215;
15129 : 16777215;
15130 : 16777215;
15131 : 16777215;
15132 : 16777215;
15133 : 16777215;
15134 : 16777215;
15135 : 16777215;
15136 : 16777215;
15137 : 16777215;
15138 : 16777215;
15139 : 16777215;
15140 : 16777215;
15141 : 16777215;
15142 : 16777215;
15143 : 16777215;
15144 : 16777215;
15145 : 16777215;
15146 : 16777215;
15147 : 16777215;
15148 : 16777215;
15149 : 15133162;
15150 : 9136212;
15151 : 15239763;
15152 : 16292451;
15153 : 15833186;
15154 : 15700831;
15155 : 15633754;
15156 : 15500370;
15157 : 15367757;
15158 : 15235916;
15159 : 15236172;
15160 : 15236429;
15161 : 15236172;
15162 : 15236429;
15163 : 15236686;
15164 : 15302478;
15165 : 15169605;
15166 : 9135444;
15167 : 15725300;
15168 : 16777215;
15169 : 16777215;
15170 : 16777215;
15171 : 16777215;
15172 : 16777215;
15173 : 16777215;
15174 : 16777215;
15175 : 16777215;
15176 : 16777215;
15177 : 16777215;
15178 : 16777215;
15179 : 16777215;
15180 : 16777215;
15181 : 16777215;
15182 : 16777215;
15183 : 16777215;
15184 : 16777215;
15185 : 16777215;
15186 : 16777215;
15187 : 16777215;
15188 : 16777215;
15189 : 16777215;
15190 : 16777215;
15191 : 16777215;
15192 : 16777215;
15193 : 16777215;
15194 : 16777215;
15195 : 16777215;
15196 : 16777215;
15197 : 16777215;
15198 : 16777215;
15199 : 16777215;
15200 : 16777215;
15201 : 16777215;
15202 : 16777215;
15203 : 16777215;
15204 : 16777215;
15205 : 16777215;
15206 : 16777215;
15207 : 16777215;
15208 : 16777215;
15209 : 16777215;
15210 : 16777215;
15211 : 16777215;
15212 : 16777215;
15213 : 16777215;
15214 : 16777215;
15215 : 16777215;
15216 : 16777215;
15217 : 16777215;
15218 : 16777215;
15219 : 16777215;
15220 : 16777215;
15221 : 16777215;
15222 : 16777215;
15223 : 16777215;
15224 : 16777215;
15225 : 16777215;
15226 : 16777215;
15227 : 16777215;
15228 : 16777215;
15229 : 16777215;
15230 : 16777215;
15231 : 16777215;
15232 : 16777215;
15233 : 16777215;
15234 : 16777215;
15235 : 16777215;
15236 : 16777215;
15237 : 16777215;
15238 : 16777215;
15239 : 16777215;
15240 : 16777215;
15241 : 16777215;
15242 : 16777215;
15243 : 16777215;
15244 : 16777215;
15245 : 16777215;
15246 : 16777215;
15247 : 16777215;
15248 : 16777215;
15249 : 16777215;
15250 : 16777215;
15251 : 16777215;
15252 : 16777215;
15253 : 16777215;
15254 : 16777215;
15255 : 16777215;
15256 : 16777215;
15257 : 16777215;
15258 : 16777215;
15259 : 16777215;
15260 : 16777215;
15261 : 16777215;
15262 : 16777215;
15263 : 16777215;
15264 : 16777215;
15265 : 16777215;
15266 : 16777215;
15267 : 16777215;
15268 : 16777215;
15269 : 16777215;
15270 : 16777215;
15271 : 16777215;
15272 : 16777215;
15273 : 16777215;
15274 : 16777215;
15275 : 16777215;
15276 : 16711679;
15277 : 9603202;
15278 : 14061147;
15279 : 16231796;
15280 : 15968882;
15281 : 16100211;
15282 : 16099955;
15283 : 16033905;
15284 : 16098670;
15285 : 15965286;
15286 : 15568217;
15287 : 15302735;
15288 : 15236685;
15289 : 15170891;
15290 : 15170891;
15291 : 15170891;
15292 : 15564362;
15293 : 10180666;
15294 : 13093322;
15295 : 16777215;
15296 : 16777215;
15297 : 16777215;
15298 : 16777215;
15299 : 16777215;
15300 : 16777215;
15301 : 16777215;
15302 : 16777215;
15303 : 16777215;
15304 : 16777215;
15305 : 16777215;
15306 : 16777215;
15307 : 16777215;
15308 : 16777215;
15309 : 16777215;
15310 : 16777215;
15311 : 16777215;
15312 : 16777215;
15313 : 16777215;
15314 : 16777215;
15315 : 16777215;
15316 : 16777215;
15317 : 16777215;
15318 : 16777215;
15319 : 16777215;
15320 : 16777215;
15321 : 16777215;
15322 : 16777215;
15323 : 16777215;
15324 : 16777215;
15325 : 16777215;
15326 : 16777215;
15327 : 16777215;
15328 : 16777215;
15329 : 16777215;
15330 : 16777215;
15331 : 16777215;
15332 : 16777215;
15333 : 16777215;
15334 : 16777215;
15335 : 16777215;
15336 : 16777215;
15337 : 16777215;
15338 : 16777215;
15339 : 16777215;
15340 : 16777215;
15341 : 16777215;
15342 : 16777215;
15343 : 16777215;
15344 : 16777215;
15345 : 16777215;
15346 : 16777215;
15347 : 16777215;
15348 : 16777215;
15349 : 16777215;
15350 : 16777215;
15351 : 16777215;
15352 : 16777215;
15353 : 16777215;
15354 : 16777215;
15355 : 16777215;
15356 : 16777215;
15357 : 16777215;
15358 : 16777215;
15359 : 16777215;
15360 : 16777215;
15361 : 16777215;
15362 : 16777215;
15363 : 16777215;
15364 : 16777215;
15365 : 16777215;
15366 : 16777215;
15367 : 16777215;
15368 : 16777215;
15369 : 16777215;
15370 : 16777215;
15371 : 16777215;
15372 : 16777215;
15373 : 16777215;
15374 : 16777215;
15375 : 16777215;
15376 : 16777215;
15377 : 16777215;
15378 : 16777215;
15379 : 16777215;
15380 : 16777215;
15381 : 16777215;
15382 : 16777215;
15383 : 16777215;
15384 : 16777215;
15385 : 16777215;
15386 : 16777215;
15387 : 16777215;
15388 : 16777215;
15389 : 16777215;
15390 : 16777215;
15391 : 16777215;
15392 : 16777215;
15393 : 16777215;
15394 : 16777215;
15395 : 16777215;
15396 : 16777215;
15397 : 16777215;
15398 : 16777215;
15399 : 16777215;
15400 : 16777215;
15401 : 16777215;
15402 : 16777215;
15403 : 16777215;
15404 : 15067626;
15405 : 8938828;
15406 : 16428146;
15407 : 11894614;
15408 : 15771505;
15409 : 15968626;
15410 : 15968626;
15411 : 16034675;
15412 : 15049069;
15413 : 15640433;
15414 : 16100211;
15415 : 15834215;
15416 : 15435091;
15417 : 15301707;
15418 : 15236171;
15419 : 15630156;
15420 : 12412219;
15421 : 11578024;
15422 : 16777215;
15423 : 16777215;
15424 : 16777215;
15425 : 16777215;
15426 : 16777215;
15427 : 16777215;
15428 : 16777215;
15429 : 16777215;
15430 : 16777215;
15431 : 16777215;
15432 : 16777215;
15433 : 16777215;
15434 : 16777215;
15435 : 16777215;
15436 : 16777215;
15437 : 16777215;
15438 : 16777215;
15439 : 16777215;
15440 : 16777215;
15441 : 16777215;
15442 : 16777215;
15443 : 16777215;
15444 : 16777215;
15445 : 16777215;
15446 : 16777215;
15447 : 16777215;
15448 : 16777215;
15449 : 16777215;
15450 : 16777215;
15451 : 16777215;
15452 : 16777215;
15453 : 16777215;
15454 : 16777215;
15455 : 16777215;
15456 : 16777215;
15457 : 16777215;
15458 : 16777215;
15459 : 16777215;
15460 : 16777215;
15461 : 16777215;
15462 : 16777215;
15463 : 16777215;
15464 : 16777215;
15465 : 16777215;
15466 : 16777215;
15467 : 16777215;
15468 : 16777215;
15469 : 16777215;
15470 : 16777215;
15471 : 16777215;
15472 : 16777215;
15473 : 16777215;
15474 : 16777215;
15475 : 16777215;
15476 : 16777215;
15477 : 16777215;
15478 : 16777215;
15479 : 16777215;
15480 : 16777215;
15481 : 16777215;
15482 : 16777215;
15483 : 16777215;
15484 : 16777215;
15485 : 16777215;
15486 : 16777215;
15487 : 16777215;
15488 : 16777215;
15489 : 16777215;
15490 : 16777215;
15491 : 16777215;
15492 : 16777215;
15493 : 16777215;
15494 : 16777215;
15495 : 16777215;
15496 : 16777215;
15497 : 16777215;
15498 : 16777215;
15499 : 16777215;
15500 : 16777215;
15501 : 16777215;
15502 : 16777215;
15503 : 16777215;
15504 : 16777215;
15505 : 16777215;
15506 : 16777215;
15507 : 16777215;
15508 : 16777215;
15509 : 16777215;
15510 : 16777215;
15511 : 16777215;
15512 : 16777215;
15513 : 16777215;
15514 : 16777215;
15515 : 16777215;
15516 : 16777215;
15517 : 16777215;
15518 : 16777215;
15519 : 16777215;
15520 : 16777215;
15521 : 16777215;
15522 : 16777215;
15523 : 16777215;
15524 : 16777215;
15525 : 16777215;
15526 : 16777215;
15527 : 16777215;
15528 : 16777215;
15529 : 16777215;
15530 : 16777215;
15531 : 16777215;
15532 : 13553359;
15533 : 12088396;
15534 : 14982504;
15535 : 11171921;
15536 : 16297333;
15537 : 15968626;
15538 : 15968626;
15539 : 16034419;
15540 : 11368786;
15541 : 15574640;
15542 : 16166518;
15543 : 16100469;
15544 : 15898979;
15545 : 15499599;
15546 : 15630157;
15547 : 13330491;
15548 : 10390660;
15549 : 16646143;
15550 : 16777215;
15551 : 16777215;
15552 : 16777215;
15553 : 16777215;
15554 : 16777215;
15555 : 16777215;
15556 : 16777215;
15557 : 16777215;
15558 : 16777215;
15559 : 16777215;
15560 : 16777215;
15561 : 16777215;
15562 : 16777215;
15563 : 16777215;
15564 : 16777215;
15565 : 16777215;
15566 : 16777215;
15567 : 16777215;
15568 : 16777215;
15569 : 16777215;
15570 : 16777215;
15571 : 16777215;
15572 : 16777215;
15573 : 16777215;
15574 : 16777215;
15575 : 16777215;
15576 : 16777215;
15577 : 16777215;
15578 : 16777215;
15579 : 16777215;
15580 : 16777215;
15581 : 16777215;
15582 : 16777215;
15583 : 16777215;
15584 : 16777215;
15585 : 16777215;
15586 : 16777215;
15587 : 16777215;
15588 : 16777215;
15589 : 16777215;
15590 : 16777215;
15591 : 16777215;
15592 : 16777215;
15593 : 16777215;
15594 : 16777215;
15595 : 16777215;
15596 : 16777215;
15597 : 16777215;
15598 : 16777215;
15599 : 16777215;
15600 : 16777215;
15601 : 16777215;
15602 : 16777215;
15603 : 16777215;
15604 : 16777215;
15605 : 16777215;
15606 : 16777215;
15607 : 16777215;
15608 : 16777215;
15609 : 16777215;
15610 : 16777215;
15611 : 16777215;
15612 : 16777215;
15613 : 16777215;
15614 : 16777215;
15615 : 16777215;
15616 : 16777215;
15617 : 16777215;
15618 : 16777215;
15619 : 16777215;
15620 : 16777215;
15621 : 16777215;
15622 : 16777215;
15623 : 16777215;
15624 : 16777215;
15625 : 16777215;
15626 : 16777215;
15627 : 16777215;
15628 : 16777215;
15629 : 16777215;
15630 : 16777215;
15631 : 16777215;
15632 : 16777215;
15633 : 16777215;
15634 : 16777215;
15635 : 16777215;
15636 : 16777215;
15637 : 16777215;
15638 : 16777215;
15639 : 16777215;
15640 : 16777215;
15641 : 16777215;
15642 : 16777215;
15643 : 16777215;
15644 : 16777215;
15645 : 16777215;
15646 : 16777215;
15647 : 16777215;
15648 : 16777215;
15649 : 16777215;
15650 : 16777215;
15651 : 16777215;
15652 : 16777215;
15653 : 16777215;
15654 : 16777215;
15655 : 16777215;
15656 : 16777215;
15657 : 16777215;
15658 : 16777215;
15659 : 16777215;
15660 : 13289671;
15661 : 12741183;
15662 : 13071946;
15663 : 12484437;
15664 : 16361842;
15665 : 16099698;
15666 : 16231283;
15667 : 14588520;
15668 : 11171664;
15669 : 16494711;
15670 : 16166004;
15671 : 16032876;
15672 : 15701343;
15673 : 15237196;
15674 : 13659195;
15675 : 9005659;
15676 : 15660020;
15677 : 16777215;
15678 : 16777215;
15679 : 16777215;
15680 : 16777215;
15681 : 16777215;
15682 : 16777215;
15683 : 16777215;
15684 : 16777215;
15685 : 16777215;
15686 : 16777215;
15687 : 16777215;
15688 : 16777215;
15689 : 16777215;
15690 : 16777215;
15691 : 16777215;
15692 : 16777215;
15693 : 16777215;
15694 : 16777215;
15695 : 16777215;
15696 : 16777215;
15697 : 16777215;
15698 : 16777215;
15699 : 16777215;
15700 : 16777215;
15701 : 16777215;
15702 : 16777215;
15703 : 16777215;
15704 : 16777215;
15705 : 16777215;
15706 : 16777215;
15707 : 16777215;
15708 : 16777215;
15709 : 16777215;
15710 : 16777215;
15711 : 16777215;
15712 : 16777215;
15713 : 16777215;
15714 : 16777215;
15715 : 16777215;
15716 : 16777215;
15717 : 16777215;
15718 : 16777215;
15719 : 16777215;
15720 : 16777215;
15721 : 16777215;
15722 : 16777215;
15723 : 16777215;
15724 : 16777215;
15725 : 16777215;
15726 : 16777215;
15727 : 16777215;
15728 : 16777215;
15729 : 16777215;
15730 : 16777215;
15731 : 16777215;
15732 : 16777215;
15733 : 16777215;
15734 : 16777215;
15735 : 16777215;
15736 : 16777215;
15737 : 16777215;
15738 : 16777215;
15739 : 16777215;
15740 : 16777215;
15741 : 16777215;
15742 : 16777215;
15743 : 16777215;
15744 : 16777215;
15745 : 16777215;
15746 : 16777215;
15747 : 16777215;
15748 : 16777215;
15749 : 16777215;
15750 : 16777215;
15751 : 16777215;
15752 : 16777215;
15753 : 16777215;
15754 : 16777215;
15755 : 16777215;
15756 : 16777215;
15757 : 16777215;
15758 : 16777215;
15759 : 16777215;
15760 : 16777215;
15761 : 16777215;
15762 : 16777215;
15763 : 16777215;
15764 : 16777215;
15765 : 16777215;
15766 : 16777215;
15767 : 16777215;
15768 : 16777215;
15769 : 16777215;
15770 : 16777215;
15771 : 16777215;
15772 : 16777215;
15773 : 16777215;
15774 : 16777215;
15775 : 16777215;
15776 : 16777215;
15777 : 16777215;
15778 : 16777215;
15779 : 16777215;
15780 : 16777215;
15781 : 16777215;
15782 : 16777215;
15783 : 16777215;
15784 : 16777215;
15785 : 16777215;
15786 : 16777215;
15787 : 16777215;
15788 : 13290958;
15789 : 9457199;
15790 : 11492662;
15791 : 11164729;
15792 : 15040591;
15793 : 15041619;
15794 : 15502425;
15795 : 12415305;
15796 : 11233349;
15797 : 15700574;
15798 : 15042646;
15799 : 14516045;
15800 : 13989445;
15801 : 13199417;
15802 : 8806219;
15803 : 14738661;
15804 : 16777215;
15805 : 16777215;
15806 : 16777215;
15807 : 16777215;
15808 : 16777215;
15809 : 16777215;
15810 : 16777215;
15811 : 16777215;
15812 : 16777215;
15813 : 16777215;
15814 : 16777215;
15815 : 16777215;
15816 : 16777215;
15817 : 16777215;
15818 : 16777215;
15819 : 16777215;
15820 : 16777215;
15821 : 16777215;
15822 : 16777215;
15823 : 16777215;
15824 : 16777215;
15825 : 16777215;
15826 : 16777215;
15827 : 16777215;
15828 : 16777215;
15829 : 16777215;
15830 : 16777215;
15831 : 16777215;
15832 : 16777215;
15833 : 16777215;
15834 : 16777215;
15835 : 16777215;
15836 : 16777215;
15837 : 16777215;
15838 : 16777215;
15839 : 16777215;
15840 : 16777215;
15841 : 16777215;
15842 : 16777215;
15843 : 16777215;
15844 : 16777215;
15845 : 16777215;
15846 : 16777215;
15847 : 16777215;
15848 : 16777215;
15849 : 16777215;
15850 : 16777215;
15851 : 16777215;
15852 : 16777215;
15853 : 16777215;
15854 : 16777215;
15855 : 16777215;
15856 : 16777215;
15857 : 16777215;
15858 : 16777215;
15859 : 16777215;
15860 : 16777215;
15861 : 16777215;
15862 : 16777215;
15863 : 16777215;
15864 : 16777215;
15865 : 16777215;
15866 : 16777215;
15867 : 16777215;
15868 : 16777215;
15869 : 16777215;
15870 : 16777215;
15871 : 16777215;
15872 : 16777215;
15873 : 16777215;
15874 : 16777215;
15875 : 16777215;
15876 : 16777215;
15877 : 16777215;
15878 : 16777215;
15879 : 16777215;
15880 : 16777215;
15881 : 16777215;
15882 : 16777215;
15883 : 16777215;
15884 : 16777215;
15885 : 16777215;
15886 : 16777215;
15887 : 16777215;
15888 : 16777215;
15889 : 16777215;
15890 : 16777215;
15891 : 16777215;
15892 : 16777215;
15893 : 16777215;
15894 : 16777215;
15895 : 16777215;
15896 : 16777215;
15897 : 16777215;
15898 : 16777215;
15899 : 16777215;
15900 : 16777215;
15901 : 16777215;
15902 : 16777215;
15903 : 16777215;
15904 : 16777215;
15905 : 16777215;
15906 : 16777215;
15907 : 16777215;
15908 : 16777215;
15909 : 16777215;
15910 : 16777215;
15911 : 16777215;
15912 : 16777215;
15913 : 16777215;
15914 : 16777215;
15915 : 16777215;
15916 : 16119800;
15917 : 8809310;
15918 : 9783847;
15919 : 8471849;
15920 : 13396799;
15921 : 13002814;
15922 : 13463106;
15923 : 10770744;
15924 : 9982773;
15925 : 13529412;
15926 : 13069119;
15927 : 13134654;
15928 : 12673846;
15929 : 8278074;
15930 : 13883095;
15931 : 16777215;
15932 : 16777215;
15933 : 16777215;
15934 : 16777215;
15935 : 16777215;
15936 : 16777215;
15937 : 16777215;
15938 : 16777215;
15939 : 16777215;
15940 : 16777215;
15941 : 16777215;
15942 : 16777215;
15943 : 16777215;
15944 : 16777215;
15945 : 16777215;
15946 : 16777215;
15947 : 16777215;
15948 : 16777215;
15949 : 16777215;
15950 : 16777215;
15951 : 16777215;
15952 : 16777215;
15953 : 16777215;
15954 : 16777215;
15955 : 16777215;
15956 : 16777215;
15957 : 16777215;
15958 : 16777215;
15959 : 16777215;
15960 : 16777215;
15961 : 16777215;
15962 : 16777215;
15963 : 16777215;
15964 : 16777215;
15965 : 16777215;
15966 : 16777215;
15967 : 16777215;
15968 : 16777215;
15969 : 16777215;
15970 : 16777215;
15971 : 16777215;
15972 : 16777215;
15973 : 16777215;
15974 : 16777215;
15975 : 16777215;
15976 : 16777215;
15977 : 16777215;
15978 : 16777215;
15979 : 16777215;
15980 : 16777215;
15981 : 16777215;
15982 : 16777215;
15983 : 16777215;
15984 : 16777215;
15985 : 16777215;
15986 : 16777215;
15987 : 16777215;
15988 : 16777215;
15989 : 16777215;
15990 : 16777215;
15991 : 16777215;
15992 : 16777215;
15993 : 16777215;
15994 : 16777215;
15995 : 16777215;
15996 : 16777215;
15997 : 16777215;
15998 : 16777215;
15999 : 16777215;
16000 : 16777215;
16001 : 16777215;
16002 : 16777215;
16003 : 16777215;
16004 : 16777215;
16005 : 16777215;
16006 : 16777215;
16007 : 16777215;
16008 : 16777215;
16009 : 16777215;
16010 : 16777215;
16011 : 16777215;
16012 : 16777215;
16013 : 16777215;
16014 : 16777215;
16015 : 16777215;
16016 : 16777215;
16017 : 16777215;
16018 : 16777215;
16019 : 16777215;
16020 : 16777215;
16021 : 16777215;
16022 : 16777215;
16023 : 16777215;
16024 : 16777215;
16025 : 16777215;
16026 : 16777215;
16027 : 16777215;
16028 : 16777215;
16029 : 16777215;
16030 : 16777215;
16031 : 16777215;
16032 : 16777215;
16033 : 16777215;
16034 : 16777215;
16035 : 16777215;
16036 : 16777215;
16037 : 16777215;
16038 : 16777215;
16039 : 16777215;
16040 : 16777215;
16041 : 16777215;
16042 : 16777215;
16043 : 16777215;
16044 : 16777215;
16045 : 14672354;
16046 : 6640202;
16047 : 3414028;
16048 : 11426353;
16049 : 13003328;
16050 : 13135173;
16051 : 11164986;
16052 : 8865836;
16053 : 13265726;
16054 : 12871481;
16055 : 11557168;
16056 : 8476741;
16057 : 13422030;
16058 : 16777215;
16059 : 16777215;
16060 : 16777215;
16061 : 16777215;
16062 : 16777215;
16063 : 16777215;
16064 : 16777215;
16065 : 16777215;
16066 : 16777215;
16067 : 16777215;
16068 : 16777215;
16069 : 16777215;
16070 : 16777215;
16071 : 16777215;
16072 : 16777215;
16073 : 16777215;
16074 : 16777215;
16075 : 16777215;
16076 : 16777215;
16077 : 16777215;
16078 : 16777215;
16079 : 16777215;
16080 : 16777215;
16081 : 16777215;
16082 : 16777215;
16083 : 16777215;
16084 : 16777215;
16085 : 16777215;
16086 : 16777215;
16087 : 16777215;
16088 : 16777215;
16089 : 16777215;
16090 : 16777215;
16091 : 16777215;
16092 : 16777215;
16093 : 16777215;
16094 : 16777215;
16095 : 16777215;
16096 : 16777215;
16097 : 16777215;
16098 : 16777215;
16099 : 16777215;
16100 : 16777215;
16101 : 16777215;
16102 : 16777215;
16103 : 16777215;
16104 : 16777215;
16105 : 16777215;
16106 : 16777215;
16107 : 16777215;
16108 : 16777215;
16109 : 16777215;
16110 : 16777215;
16111 : 16777215;
16112 : 16777215;
16113 : 16777215;
16114 : 16777215;
16115 : 16777215;
16116 : 16777215;
16117 : 16777215;
16118 : 16777215;
16119 : 16777215;
16120 : 16777215;
16121 : 16777215;
16122 : 16777215;
16123 : 16777215;
16124 : 16777215;
16125 : 16777215;
16126 : 16777215;
16127 : 16777215;
16128 : 16777215;
16129 : 16777215;
16130 : 16777215;
16131 : 16777215;
16132 : 16777215;
16133 : 16777215;
16134 : 16777215;
16135 : 16777215;
16136 : 16777215;
16137 : 16777215;
16138 : 16777215;
16139 : 16777215;
16140 : 16777215;
16141 : 16777215;
16142 : 16777215;
16143 : 16777215;
16144 : 16777215;
16145 : 16777215;
16146 : 16777215;
16147 : 16777215;
16148 : 16777215;
16149 : 16777215;
16150 : 16777215;
16151 : 16777215;
16152 : 16777215;
16153 : 16777215;
16154 : 16777215;
16155 : 16777215;
16156 : 16777215;
16157 : 16777215;
16158 : 16777215;
16159 : 16777215;
16160 : 16777215;
16161 : 16777215;
16162 : 16777215;
16163 : 16777215;
16164 : 16777215;
16165 : 16777215;
16166 : 16777215;
16167 : 16777215;
16168 : 16777215;
16169 : 16777215;
16170 : 16777215;
16171 : 16777215;
16172 : 16777215;
16173 : 16777215;
16174 : 15988214;
16175 : 10329760;
16176 : 6904919;
16177 : 7227189;
16178 : 8277043;
16179 : 8210994;
16180 : 4795681;
16181 : 9000509;
16182 : 9989464;
16183 : 11509398;
16184 : 14936040;
16185 : 16777215;
16186 : 16777215;
16187 : 16777215;
16188 : 16777215;
16189 : 16777215;
16190 : 16777215;
16191 : 16777215;
16192 : 16777215;
16193 : 16777215;
16194 : 16777215;
16195 : 16777215;
16196 : 16777215;
16197 : 16777215;
16198 : 16777215;
16199 : 16777215;
16200 : 16777215;
16201 : 16777215;
16202 : 16777215;
16203 : 16777215;
16204 : 16777215;
16205 : 16777215;
16206 : 16777215;
16207 : 16777215;
16208 : 16777215;
16209 : 16777215;
16210 : 16777215;
16211 : 16777215;
16212 : 16777215;
16213 : 16777215;
16214 : 16777215;
16215 : 16777215;
16216 : 16777215;
16217 : 16777215;
16218 : 16777215;
16219 : 16777215;
16220 : 16777215;
16221 : 16777215;
16222 : 16777215;
16223 : 16777215;
16224 : 16777215;
16225 : 16777215;
16226 : 16777215;
16227 : 16777215;
16228 : 16777215;
16229 : 16777215;
16230 : 16777215;
16231 : 16777215;
16232 : 16777215;
16233 : 16777215;
16234 : 16777215;
16235 : 16777215;
16236 : 16777215;
16237 : 16777215;
16238 : 16777215;
16239 : 16777215;
16240 : 16777215;
16241 : 16777215;
16242 : 16777215;
16243 : 16777215;
16244 : 16777215;
16245 : 16777215;
16246 : 16777215;
16247 : 16777215;
16248 : 16777215;
16249 : 16777215;
16250 : 16777215;
16251 : 16777215;
16252 : 16777215;
16253 : 16777215;
16254 : 16777215;
16255 : 16777215;
16256 : 16777215;
16257 : 16777215;
16258 : 16777215;
16259 : 16777215;
16260 : 16777215;
16261 : 16777215;
16262 : 16777215;
16263 : 16777215;
16264 : 16777215;
16265 : 16777215;
16266 : 16777215;
16267 : 16777215;
16268 : 16777215;
16269 : 16777215;
16270 : 16777215;
16271 : 16777215;
16272 : 16777215;
16273 : 16777215;
16274 : 16777215;
16275 : 16777215;
16276 : 16777215;
16277 : 16777215;
16278 : 16777215;
16279 : 16777215;
16280 : 16777215;
16281 : 16777215;
16282 : 16777215;
16283 : 16777215;
16284 : 16777215;
16285 : 16777215;
16286 : 16777215;
16287 : 16777215;
16288 : 16777215;
16289 : 16777215;
16290 : 16777215;
16291 : 16777215;
16292 : 16777215;
16293 : 16777215;
16294 : 16777215;
16295 : 16777215;
16296 : 16777215;
16297 : 16777215;
16298 : 16777215;
16299 : 16777215;
16300 : 16777215;
16301 : 16777215;
16302 : 16777215;
16303 : 16777215;
16304 : 16711679;
16305 : 14343903;
16306 : 13422545;
16307 : 13619923;
16308 : 13882838;
16309 : 14672868;
16310 : 16120315;
16311 : 16777215;
16312 : 16777215;
16313 : 16777215;
16314 : 16777215;
16315 : 16777215;
16316 : 16777215;
16317 : 16777215;
16318 : 16777215;
16319 : 16777215;
16320 : 16777215;
16321 : 16777215;
16322 : 16777215;
16323 : 16777215;
16324 : 16777215;
16325 : 16777215;
16326 : 16777215;
16327 : 16777215;
16328 : 16777215;
16329 : 16777215;
16330 : 16777215;
16331 : 16777215;
16332 : 16777215;
16333 : 16777215;
16334 : 16777215;
16335 : 16777215;
16336 : 16777215;
16337 : 16777215;
16338 : 16777215;
16339 : 16777215;
16340 : 16777215;
16341 : 16777215;
16342 : 16777215;
16343 : 16777215;
16344 : 16777215;
16345 : 16777215;
16346 : 16777215;
16347 : 16777215;
16348 : 16777215;
16349 : 16777215;
16350 : 16777215;
16351 : 16777215;
16352 : 16777215;
16353 : 16777215;
16354 : 16777215;
16355 : 16777215;
16356 : 16777215;
16357 : 16777215;
16358 : 16777215;
16359 : 16777215;
16360 : 16777215;
16361 : 16777215;
16362 : 16777215;
16363 : 16777215;
16364 : 16777215;
16365 : 16777215;
16366 : 16777215;
16367 : 16777215;
16368 : 16777215;
16369 : 16777215;
16370 : 16777215;
16371 : 16777215;
16372 : 16777215;
16373 : 16777215;
16374 : 16777215;
16375 : 16777215;
16376 : 16777215;
16377 : 16777215;
16378 : 16777215;
16379 : 16777215;
16380 : 16777215;
16381 : 16777215;
16382 : 16777215;
16383 : 16777215;
END;
