WIDTH=24;
DEPTH=16384;

ADDRESS_RADIX=UNS;
DATA_RADIX=UNS;

CONTENT BEGIN
0 : 16777215;
1 : 16777215;
2 : 16777215;
3 : 16777215;
4 : 16777215;
5 : 16777215;
6 : 16777215;
7 : 16777215;
8 : 16777215;
9 : 16777215;
10 : 16777215;
11 : 16777215;
12 : 16777215;
13 : 16777215;
14 : 16777215;
15 : 16777215;
16 : 16777215;
17 : 16777215;
18 : 16777215;
19 : 16777215;
20 : 16777215;
21 : 16777215;
22 : 16777215;
23 : 16777215;
24 : 16777215;
25 : 16777215;
26 : 16777215;
27 : 16777215;
28 : 16777215;
29 : 16777215;
30 : 16777215;
31 : 16777215;
32 : 16777215;
33 : 16777215;
34 : 16777215;
35 : 16777215;
36 : 16777215;
37 : 16777215;
38 : 16777215;
39 : 16777215;
40 : 16777215;
41 : 16777215;
42 : 16777215;
43 : 16777215;
44 : 16777215;
45 : 16777215;
46 : 16777215;
47 : 16777215;
48 : 16777215;
49 : 16777215;
50 : 16777215;
51 : 16777215;
52 : 16777215;
53 : 16777215;
54 : 16777215;
55 : 16777215;
56 : 16777215;
57 : 16777215;
58 : 16777215;
59 : 16777215;
60 : 16777215;
61 : 16777215;
62 : 16777215;
63 : 16777215;
64 : 16777215;
65 : 16777215;
66 : 16777215;
67 : 14079702;
68 : 12171963;
69 : 14540252;
70 : 16777215;
71 : 16777215;
72 : 16777215;
73 : 16777215;
74 : 16777215;
75 : 16777215;
76 : 16777215;
77 : 16777215;
78 : 16777215;
79 : 16777215;
80 : 16777215;
81 : 16777215;
82 : 16777215;
83 : 16777215;
84 : 16777215;
85 : 16777215;
86 : 16777215;
87 : 16777215;
88 : 16777215;
89 : 16777215;
90 : 16777215;
91 : 16777215;
92 : 16777215;
93 : 16777215;
94 : 16777215;
95 : 16777215;
96 : 16777215;
97 : 16777215;
98 : 16777215;
99 : 16777215;
100 : 16777215;
101 : 16777215;
102 : 16777215;
103 : 16777215;
104 : 16777215;
105 : 16777215;
106 : 16777215;
107 : 16777215;
108 : 16777215;
109 : 16777215;
110 : 16777215;
111 : 16777215;
112 : 16777215;
113 : 16777215;
114 : 16777215;
115 : 16777215;
116 : 16777215;
117 : 16777215;
118 : 16777215;
119 : 16777215;
120 : 16777215;
121 : 16777215;
122 : 16777215;
123 : 16777215;
124 : 16777215;
125 : 16777215;
126 : 16777215;
127 : 16777215;
128 : 16777215;
129 : 16777215;
130 : 16777215;
131 : 16777215;
132 : 16777215;
133 : 16777215;
134 : 16777215;
135 : 16777215;
136 : 16777215;
137 : 16777215;
138 : 16777215;
139 : 16777215;
140 : 16777215;
141 : 16777215;
142 : 16777215;
143 : 16777215;
144 : 16777215;
145 : 16777215;
146 : 16777215;
147 : 16777215;
148 : 16777215;
149 : 16777215;
150 : 16777215;
151 : 16777215;
152 : 16777215;
153 : 16777215;
154 : 16777215;
155 : 16777215;
156 : 16777215;
157 : 16777215;
158 : 16777215;
159 : 16777215;
160 : 16777215;
161 : 16777215;
162 : 16777215;
163 : 16777215;
164 : 16777215;
165 : 16777215;
166 : 16777215;
167 : 16777215;
168 : 16777215;
169 : 16777215;
170 : 16777215;
171 : 16777215;
172 : 16777215;
173 : 16777215;
174 : 16777215;
175 : 16777215;
176 : 16777215;
177 : 16777215;
178 : 16777215;
179 : 16777215;
180 : 16777215;
181 : 16777215;
182 : 16777215;
183 : 16777215;
184 : 16777215;
185 : 16777215;
186 : 16777215;
187 : 16777215;
188 : 16777215;
189 : 16777215;
190 : 16777215;
191 : 16777215;
192 : 16777215;
193 : 16777215;
194 : 15066596;
195 : 5857137;
196 : 5397368;
197 : 5528434;
198 : 8225164;
199 : 12961479;
200 : 16645628;
201 : 16777215;
202 : 16777215;
203 : 16777215;
204 : 16777215;
205 : 16777215;
206 : 16777215;
207 : 16777215;
208 : 16777215;
209 : 16777215;
210 : 16777215;
211 : 16777215;
212 : 16777215;
213 : 16777215;
214 : 16777215;
215 : 16777215;
216 : 16777215;
217 : 16777215;
218 : 16777215;
219 : 16777215;
220 : 16777215;
221 : 16777215;
222 : 16777215;
223 : 16777215;
224 : 16777215;
225 : 16777215;
226 : 16777215;
227 : 16777215;
228 : 16777215;
229 : 16777215;
230 : 16777215;
231 : 16777215;
232 : 16777215;
233 : 16777215;
234 : 16777215;
235 : 16777215;
236 : 16777215;
237 : 16777215;
238 : 16777215;
239 : 16777215;
240 : 16777215;
241 : 16777215;
242 : 16777215;
243 : 16777215;
244 : 16777215;
245 : 16777215;
246 : 16777215;
247 : 16777215;
248 : 16777215;
249 : 16777215;
250 : 16777215;
251 : 16777215;
252 : 16777215;
253 : 16777215;
254 : 16777215;
255 : 16777215;
256 : 16777215;
257 : 16777215;
258 : 16777215;
259 : 16777215;
260 : 16777215;
261 : 16777215;
262 : 16777215;
263 : 16777215;
264 : 16777215;
265 : 16777215;
266 : 16777215;
267 : 16777215;
268 : 16777215;
269 : 16777215;
270 : 16777215;
271 : 16777215;
272 : 16777215;
273 : 16777215;
274 : 16777215;
275 : 16777215;
276 : 16777215;
277 : 16777215;
278 : 16777215;
279 : 16777215;
280 : 16777215;
281 : 16777215;
282 : 16777215;
283 : 16777215;
284 : 16777215;
285 : 16777215;
286 : 16777215;
287 : 16777215;
288 : 16777215;
289 : 16777215;
290 : 16777215;
291 : 16777215;
292 : 16777215;
293 : 16777215;
294 : 16777215;
295 : 16777215;
296 : 16777215;
297 : 16777215;
298 : 16777215;
299 : 16777215;
300 : 16777215;
301 : 16777215;
302 : 16777215;
303 : 16777215;
304 : 16777215;
305 : 16777215;
306 : 16777215;
307 : 16777215;
308 : 16777215;
309 : 16777215;
310 : 16777215;
311 : 16777215;
312 : 16777215;
313 : 16777215;
314 : 16777215;
315 : 16777215;
316 : 16777215;
317 : 16777215;
318 : 16777215;
319 : 16777215;
320 : 16777215;
321 : 16777215;
322 : 13422030;
323 : 6318470;
324 : 6384785;
325 : 5857665;
326 : 5726596;
327 : 5266042;
328 : 7961736;
329 : 14671838;
330 : 16777215;
331 : 16777215;
332 : 16777215;
333 : 16777215;
334 : 16777215;
335 : 16777215;
336 : 16777215;
337 : 16777215;
338 : 16777215;
339 : 16777215;
340 : 16777215;
341 : 16777215;
342 : 16777215;
343 : 16777215;
344 : 16777215;
345 : 16777215;
346 : 16777215;
347 : 16777215;
348 : 16777215;
349 : 16777215;
350 : 16777215;
351 : 16777215;
352 : 16777215;
353 : 16777215;
354 : 16777215;
355 : 16777215;
356 : 16777215;
357 : 16777215;
358 : 16777215;
359 : 16777215;
360 : 16777215;
361 : 16777215;
362 : 16777215;
363 : 16777215;
364 : 16777215;
365 : 16777215;
366 : 16777215;
367 : 16777215;
368 : 16777215;
369 : 16777215;
370 : 16777215;
371 : 16777215;
372 : 16777215;
373 : 16777215;
374 : 16777215;
375 : 16777215;
376 : 16777215;
377 : 16777215;
378 : 16777215;
379 : 16777215;
380 : 16777215;
381 : 16777215;
382 : 16777215;
383 : 16777215;
384 : 16777215;
385 : 16777215;
386 : 16777215;
387 : 16777215;
388 : 16777215;
389 : 16777215;
390 : 16777215;
391 : 16777215;
392 : 16777215;
393 : 16777215;
394 : 16777215;
395 : 16777215;
396 : 16777215;
397 : 16777215;
398 : 16777215;
399 : 16777215;
400 : 16777215;
401 : 16777215;
402 : 16777215;
403 : 16777215;
404 : 16777215;
405 : 16777215;
406 : 16777215;
407 : 16777215;
408 : 16777215;
409 : 16777215;
410 : 16777215;
411 : 16777215;
412 : 16777215;
413 : 16777215;
414 : 16777215;
415 : 16777215;
416 : 16777215;
417 : 16777215;
418 : 16777215;
419 : 16777215;
420 : 16777215;
421 : 16777215;
422 : 16777215;
423 : 16777215;
424 : 16777215;
425 : 16777215;
426 : 16777215;
427 : 16777215;
428 : 16777215;
429 : 16777215;
430 : 16777215;
431 : 16777215;
432 : 16777215;
433 : 16777215;
434 : 16777215;
435 : 16777215;
436 : 16777215;
437 : 16777215;
438 : 16777215;
439 : 16777215;
440 : 16777215;
441 : 16777215;
442 : 16777215;
443 : 16777215;
444 : 16777215;
445 : 16777215;
446 : 16777215;
447 : 16777215;
448 : 16777215;
449 : 16777215;
450 : 13093066;
451 : 6844812;
452 : 6450578;
453 : 5725822;
454 : 5594234;
455 : 6121357;
456 : 5661320;
457 : 5791865;
458 : 11185328;
459 : 16645628;
460 : 16777215;
461 : 16777215;
462 : 16777215;
463 : 16777215;
464 : 16777215;
465 : 16777215;
466 : 16777215;
467 : 16777215;
468 : 16777215;
469 : 16777215;
470 : 16777215;
471 : 16777215;
472 : 16777215;
473 : 16777215;
474 : 16777215;
475 : 16777215;
476 : 16777215;
477 : 16777215;
478 : 16777215;
479 : 16777215;
480 : 16777215;
481 : 16777215;
482 : 16777215;
483 : 16777215;
484 : 16777215;
485 : 16777215;
486 : 16777215;
487 : 16777215;
488 : 16777215;
489 : 16777215;
490 : 16777215;
491 : 16777215;
492 : 16777215;
493 : 16777215;
494 : 16777215;
495 : 16777215;
496 : 16777215;
497 : 16777215;
498 : 16777215;
499 : 16777215;
500 : 16777215;
501 : 16777215;
502 : 16777215;
503 : 16777215;
504 : 16777215;
505 : 16777215;
506 : 16777215;
507 : 16777215;
508 : 16777215;
509 : 16777215;
510 : 16777215;
511 : 16777215;
512 : 16777215;
513 : 16777215;
514 : 16777215;
515 : 16777215;
516 : 16777215;
517 : 16777215;
518 : 16777215;
519 : 16777215;
520 : 16777215;
521 : 16777215;
522 : 16777215;
523 : 16777215;
524 : 16777215;
525 : 16777215;
526 : 16777215;
527 : 16777215;
528 : 16777215;
529 : 16777215;
530 : 16777215;
531 : 16777215;
532 : 16777215;
533 : 16777215;
534 : 16777215;
535 : 16777215;
536 : 16777215;
537 : 16777215;
538 : 16777215;
539 : 16777215;
540 : 16777215;
541 : 16777215;
542 : 16777215;
543 : 16777215;
544 : 16777215;
545 : 16777215;
546 : 16777215;
547 : 16777215;
548 : 16777215;
549 : 16777215;
550 : 16777215;
551 : 16777215;
552 : 16777215;
553 : 16777215;
554 : 16777215;
555 : 16777215;
556 : 15658736;
557 : 14013646;
558 : 13684163;
559 : 13025971;
560 : 12696229;
561 : 13485228;
562 : 13354160;
563 : 13881024;
564 : 14078405;
565 : 13749958;
566 : 14737115;
567 : 16119283;
568 : 16711420;
569 : 16777215;
570 : 16777215;
571 : 16777215;
572 : 16777215;
573 : 16777215;
574 : 16777215;
575 : 16777215;
576 : 16777215;
577 : 16777215;
578 : 12763844;
579 : 6713223;
580 : 6647957;
581 : 5989511;
582 : 5330545;
583 : 5462390;
584 : 5989511;
585 : 6187665;
586 : 5266302;
587 : 8488077;
588 : 16447992;
589 : 16777215;
590 : 16777215;
591 : 16777215;
592 : 16777215;
593 : 16777215;
594 : 16777215;
595 : 16777215;
596 : 16777215;
597 : 16777215;
598 : 16777215;
599 : 16777215;
600 : 16777215;
601 : 16777215;
602 : 16777215;
603 : 16777215;
604 : 16777215;
605 : 16777215;
606 : 16777215;
607 : 16777215;
608 : 16777215;
609 : 16777215;
610 : 16777215;
611 : 16777215;
612 : 16777215;
613 : 16777215;
614 : 16777215;
615 : 16777215;
616 : 16777215;
617 : 16777215;
618 : 16777215;
619 : 16777215;
620 : 16777215;
621 : 16777215;
622 : 16777215;
623 : 16777215;
624 : 16777215;
625 : 16777215;
626 : 16777215;
627 : 16777215;
628 : 16777215;
629 : 16777215;
630 : 16777215;
631 : 16777215;
632 : 16777215;
633 : 16777215;
634 : 16777215;
635 : 16777215;
636 : 16777215;
637 : 16777215;
638 : 16777215;
639 : 16777215;
640 : 16777215;
641 : 16777215;
642 : 16777215;
643 : 16777215;
644 : 16777215;
645 : 16777215;
646 : 16777215;
647 : 16777215;
648 : 16777215;
649 : 16777215;
650 : 16777215;
651 : 16777215;
652 : 16777215;
653 : 16777215;
654 : 16777215;
655 : 16777215;
656 : 16777215;
657 : 16777215;
658 : 16777215;
659 : 16777215;
660 : 16777215;
661 : 16777215;
662 : 16777215;
663 : 16777215;
664 : 16777215;
665 : 16777215;
666 : 16777215;
667 : 16777215;
668 : 16777215;
669 : 16777215;
670 : 16777215;
671 : 16777215;
672 : 16777215;
673 : 16777215;
674 : 16777215;
675 : 16777215;
676 : 16777215;
677 : 16777215;
678 : 16777215;
679 : 16777215;
680 : 16777215;
681 : 16777215;
682 : 16777215;
683 : 15000803;
684 : 10458997;
685 : 13943947;
686 : 14861415;
687 : 15189341;
688 : 15583839;
689 : 15648339;
690 : 15120964;
691 : 14594620;
692 : 12293425;
693 : 6641459;
694 : 4803672;
695 : 6844554;
696 : 7896980;
697 : 8619927;
698 : 9803681;
699 : 11053741;
700 : 12895172;
701 : 14935009;
702 : 16645371;
703 : 16777215;
704 : 16777215;
705 : 16777215;
706 : 13816530;
707 : 6712708;
708 : 6845335;
709 : 6121613;
710 : 5528184;
711 : 5199214;
712 : 5331059;
713 : 5923460;
714 : 6385044;
715 : 4673904;
716 : 8553612;
717 : 16382456;
718 : 16777215;
719 : 16777215;
720 : 16777215;
721 : 16777215;
722 : 16777215;
723 : 16777215;
724 : 16777215;
725 : 16777215;
726 : 16777215;
727 : 16777215;
728 : 16777215;
729 : 16777215;
730 : 16777215;
731 : 16777215;
732 : 16777215;
733 : 16777215;
734 : 16777215;
735 : 16777215;
736 : 16777215;
737 : 16777215;
738 : 16777215;
739 : 16777215;
740 : 16777215;
741 : 16777215;
742 : 16777215;
743 : 16777215;
744 : 16777215;
745 : 16777215;
746 : 16777215;
747 : 16777215;
748 : 16777215;
749 : 16777215;
750 : 16777215;
751 : 16777215;
752 : 16777215;
753 : 16777215;
754 : 16777215;
755 : 16777215;
756 : 16777215;
757 : 16777215;
758 : 16777215;
759 : 16777215;
760 : 16777215;
761 : 16777215;
762 : 16777215;
763 : 16777215;
764 : 16777215;
765 : 16777215;
766 : 16777215;
767 : 16777215;
768 : 16777215;
769 : 16777215;
770 : 16777215;
771 : 16777215;
772 : 16777215;
773 : 16777215;
774 : 16777215;
775 : 16777215;
776 : 16777215;
777 : 16777215;
778 : 16777215;
779 : 16777215;
780 : 16777215;
781 : 16777215;
782 : 16777215;
783 : 16777215;
784 : 16777215;
785 : 16777215;
786 : 16777215;
787 : 16777215;
788 : 16777215;
789 : 16777215;
790 : 16777215;
791 : 16777215;
792 : 16777215;
793 : 16777215;
794 : 16777215;
795 : 16777215;
796 : 16777215;
797 : 16777215;
798 : 16777215;
799 : 16777215;
800 : 16777215;
801 : 16777215;
802 : 16777215;
803 : 16777215;
804 : 16777215;
805 : 16777215;
806 : 16777215;
807 : 16777215;
808 : 16777215;
809 : 16777215;
810 : 16777215;
811 : 11184030;
812 : 14402423;
813 : 16771226;
814 : 16570735;
815 : 16307048;
816 : 16109150;
817 : 16306014;
818 : 16766818;
819 : 13150283;
820 : 6514285;
821 : 7897501;
822 : 7831967;
823 : 6910870;
824 : 6056079;
825 : 5793165;
826 : 5595784;
827 : 5332096;
828 : 5068662;
829 : 5462643;
830 : 7041410;
831 : 10067108;
832 : 12961480;
833 : 15395561;
834 : 15395302;
835 : 7041153;
836 : 7107992;
837 : 6187664;
838 : 5857667;
839 : 5330545;
840 : 5265007;
841 : 5331059;
842 : 5989254;
843 : 5595009;
844 : 4410474;
845 : 9606558;
846 : 16777215;
847 : 16777215;
848 : 16777215;
849 : 16777215;
850 : 16777215;
851 : 16777215;
852 : 16777215;
853 : 16777215;
854 : 16777215;
855 : 16777215;
856 : 16777215;
857 : 16777215;
858 : 16777215;
859 : 16777215;
860 : 16777215;
861 : 16777215;
862 : 16777215;
863 : 16777215;
864 : 16777215;
865 : 16777215;
866 : 16777215;
867 : 16777215;
868 : 16777215;
869 : 16777215;
870 : 16777215;
871 : 16777215;
872 : 16777215;
873 : 16777215;
874 : 16777215;
875 : 16777215;
876 : 16777215;
877 : 16777215;
878 : 16777215;
879 : 16777215;
880 : 16777215;
881 : 16777215;
882 : 16777215;
883 : 16777215;
884 : 16777215;
885 : 16777215;
886 : 16777215;
887 : 16777215;
888 : 16777215;
889 : 16777215;
890 : 16777215;
891 : 16777215;
892 : 16777215;
893 : 16777215;
894 : 16777215;
895 : 16777215;
896 : 16777215;
897 : 16777215;
898 : 16777215;
899 : 16777215;
900 : 16777215;
901 : 16777215;
902 : 16777215;
903 : 16777215;
904 : 16777215;
905 : 16777215;
906 : 16777215;
907 : 16777215;
908 : 16777215;
909 : 16777215;
910 : 16777215;
911 : 16777215;
912 : 16777215;
913 : 16777215;
914 : 16777215;
915 : 16777215;
916 : 16777215;
917 : 16777215;
918 : 16777215;
919 : 16777215;
920 : 16777215;
921 : 16777215;
922 : 16777215;
923 : 16777215;
924 : 16777215;
925 : 16777215;
926 : 16777215;
927 : 16777215;
928 : 16777215;
929 : 16777215;
930 : 16777215;
931 : 16777215;
932 : 16777215;
933 : 16777215;
934 : 16777215;
935 : 16777215;
936 : 16777215;
937 : 16777215;
938 : 14342876;
939 : 5987425;
940 : 15189600;
941 : 16569183;
942 : 16435271;
943 : 15975752;
944 : 15843390;
945 : 16105787;
946 : 16500287;
947 : 16302907;
948 : 7629654;
949 : 6056597;
950 : 6385041;
951 : 6385042;
952 : 6253457;
953 : 6187664;
954 : 6187664;
955 : 6253457;
956 : 6253714;
957 : 6187922;
958 : 5924751;
959 : 5595527;
960 : 5397629;
961 : 5989245;
962 : 7633288;
963 : 5856877;
964 : 7503003;
965 : 6253457;
966 : 6121612;
967 : 5593977;
968 : 5265008;
969 : 5265008;
970 : 5462390;
971 : 4936301;
972 : 5529216;
973 : 5200250;
974 : 11316398;
975 : 16777215;
976 : 16777215;
977 : 16777215;
978 : 16777215;
979 : 16777215;
980 : 16777215;
981 : 16777215;
982 : 16777215;
983 : 16777215;
984 : 16777215;
985 : 16777215;
986 : 16777215;
987 : 16777215;
988 : 16777215;
989 : 16777215;
990 : 16777215;
991 : 16777215;
992 : 16777215;
993 : 16777215;
994 : 16777215;
995 : 16777215;
996 : 16777215;
997 : 16777215;
998 : 16777215;
999 : 16777215;
1000 : 16777215;
1001 : 16777215;
1002 : 16777215;
1003 : 16777215;
1004 : 16777215;
1005 : 16777215;
1006 : 16777215;
1007 : 16777215;
1008 : 16777215;
1009 : 16777215;
1010 : 16777215;
1011 : 16777215;
1012 : 16777215;
1013 : 16777215;
1014 : 16777215;
1015 : 16777215;
1016 : 16777215;
1017 : 16777215;
1018 : 16777215;
1019 : 16777215;
1020 : 16777215;
1021 : 16777215;
1022 : 16777215;
1023 : 16777215;
1024 : 16777215;
1025 : 16777215;
1026 : 16777215;
1027 : 16777215;
1028 : 16777215;
1029 : 16777215;
1030 : 16777215;
1031 : 16777215;
1032 : 16777215;
1033 : 16777215;
1034 : 16777215;
1035 : 16777215;
1036 : 16777215;
1037 : 16777215;
1038 : 16777215;
1039 : 16777215;
1040 : 16777215;
1041 : 16777215;
1042 : 16777215;
1043 : 16777215;
1044 : 16777215;
1045 : 16777215;
1046 : 16777215;
1047 : 16777215;
1048 : 16777215;
1049 : 16777215;
1050 : 16777215;
1051 : 16777215;
1052 : 16777215;
1053 : 16777215;
1054 : 16777215;
1055 : 16777215;
1056 : 16777215;
1057 : 16777215;
1058 : 16777215;
1059 : 16777215;
1060 : 16777215;
1061 : 16777215;
1062 : 16777215;
1063 : 16777215;
1064 : 16777215;
1065 : 16184821;
1066 : 7172999;
1067 : 5396329;
1068 : 14531415;
1069 : 16371286;
1070 : 15908668;
1071 : 16171837;
1072 : 10716472;
1073 : 7562303;
1074 : 11702328;
1075 : 14725688;
1076 : 12622133;
1077 : 5594748;
1078 : 6187923;
1079 : 6187665;
1080 : 6253201;
1081 : 6253457;
1082 : 6187665;
1083 : 6253201;
1084 : 6187665;
1085 : 6187921;
1086 : 6253200;
1087 : 6253201;
1088 : 6253458;
1089 : 6187666;
1090 : 5990288;
1091 : 4936559;
1092 : 7305105;
1093 : 6647700;
1094 : 6187664;
1095 : 5923717;
1096 : 5593721;
1097 : 5527927;
1098 : 5396340;
1099 : 3751248;
1100 : 5923974;
1101 : 6187923;
1102 : 4541536;
1103 : 13947858;
1104 : 16777215;
1105 : 16777215;
1106 : 16777215;
1107 : 16777215;
1108 : 16777215;
1109 : 16777215;
1110 : 16777215;
1111 : 16777215;
1112 : 16777215;
1113 : 16777215;
1114 : 16777215;
1115 : 16777215;
1116 : 16777215;
1117 : 16777215;
1118 : 16777215;
1119 : 16777215;
1120 : 16777215;
1121 : 16777215;
1122 : 16777215;
1123 : 16777215;
1124 : 16777215;
1125 : 16777215;
1126 : 16777215;
1127 : 16777215;
1128 : 16777215;
1129 : 16777215;
1130 : 16777215;
1131 : 16777215;
1132 : 16777215;
1133 : 16777215;
1134 : 16777215;
1135 : 16777215;
1136 : 16777215;
1137 : 16777215;
1138 : 16777215;
1139 : 16777215;
1140 : 16777215;
1141 : 16777215;
1142 : 16777215;
1143 : 16777215;
1144 : 16777215;
1145 : 16777215;
1146 : 16777215;
1147 : 16777215;
1148 : 16777215;
1149 : 16777215;
1150 : 16777215;
1151 : 16777215;
1152 : 16777215;
1153 : 16777215;
1154 : 16777215;
1155 : 16777215;
1156 : 16777215;
1157 : 16777215;
1158 : 16777215;
1159 : 16777215;
1160 : 16777215;
1161 : 16777215;
1162 : 16777215;
1163 : 16777215;
1164 : 16777215;
1165 : 16777215;
1166 : 16777215;
1167 : 16777215;
1168 : 16777215;
1169 : 16777215;
1170 : 16777215;
1171 : 16777215;
1172 : 16777215;
1173 : 16777215;
1174 : 16777215;
1175 : 16777215;
1176 : 16777215;
1177 : 16777215;
1178 : 16777215;
1179 : 16777215;
1180 : 16777215;
1181 : 16777215;
1182 : 16777215;
1183 : 16777215;
1184 : 16777215;
1185 : 16777215;
1186 : 16777215;
1187 : 16777215;
1188 : 16777215;
1189 : 16777215;
1190 : 16777215;
1191 : 16777215;
1192 : 16777215;
1193 : 9737887;
1194 : 5069182;
1195 : 5067886;
1196 : 13478216;
1197 : 16107855;
1198 : 15777341;
1199 : 15843130;
1200 : 7300951;
1201 : 5398670;
1202 : 5397889;
1203 : 5725294;
1204 : 6841174;
1205 : 5527919;
1206 : 6121614;
1207 : 5990025;
1208 : 5989768;
1209 : 5989768;
1210 : 5989768;
1211 : 5989768;
1212 : 5989512;
1213 : 5989768;
1214 : 5989768;
1215 : 6055305;
1216 : 6055562;
1217 : 6055562;
1218 : 6187149;
1219 : 5528958;
1220 : 5857400;
1221 : 7436956;
1222 : 6253458;
1223 : 6253199;
1224 : 5923458;
1225 : 5593720;
1226 : 4409182;
1227 : 4540769;
1228 : 5725822;
1229 : 6187660;
1230 : 5068919;
1231 : 7040114;
1232 : 16711422;
1233 : 16777215;
1234 : 16777215;
1235 : 16777215;
1236 : 16777215;
1237 : 16777215;
1238 : 16777215;
1239 : 16777215;
1240 : 16777215;
1241 : 16777215;
1242 : 16777215;
1243 : 16777215;
1244 : 16777215;
1245 : 16777215;
1246 : 16777215;
1247 : 16777215;
1248 : 16777215;
1249 : 16777215;
1250 : 16777215;
1251 : 16777215;
1252 : 16777215;
1253 : 16777215;
1254 : 16777215;
1255 : 16777215;
1256 : 16777215;
1257 : 16777215;
1258 : 16777215;
1259 : 16777215;
1260 : 16777215;
1261 : 16777215;
1262 : 16777215;
1263 : 16777215;
1264 : 16777215;
1265 : 16777215;
1266 : 16777215;
1267 : 16777215;
1268 : 16777215;
1269 : 16777215;
1270 : 16777215;
1271 : 16777215;
1272 : 16777215;
1273 : 16777215;
1274 : 16777215;
1275 : 16777215;
1276 : 16777215;
1277 : 16777215;
1278 : 16777215;
1279 : 16777215;
1280 : 16777215;
1281 : 16777215;
1282 : 16777215;
1283 : 16777215;
1284 : 16777215;
1285 : 16777215;
1286 : 16777215;
1287 : 16777215;
1288 : 16777215;
1289 : 16777215;
1290 : 16777215;
1291 : 16777215;
1292 : 16777215;
1293 : 16777215;
1294 : 16777215;
1295 : 16777215;
1296 : 16777215;
1297 : 16777215;
1298 : 16777215;
1299 : 16777215;
1300 : 16777215;
1301 : 16777215;
1302 : 16777215;
1303 : 16777215;
1304 : 16777215;
1305 : 16777215;
1306 : 16777215;
1307 : 16777215;
1308 : 16777215;
1309 : 16777215;
1310 : 16777215;
1311 : 16250869;
1312 : 14342617;
1313 : 13158858;
1314 : 12895688;
1315 : 12961224;
1316 : 13290188;
1317 : 14408667;
1318 : 15461354;
1319 : 16119283;
1320 : 11382451;
1321 : 4476009;
1322 : 5266301;
1323 : 4805753;
1324 : 11965760;
1325 : 16238146;
1326 : 15974719;
1327 : 14331191;
1328 : 5725035;
1329 : 6187407;
1330 : 6253199;
1331 : 6121871;
1332 : 5726599;
1333 : 5725822;
1334 : 5528184;
1335 : 5396339;
1336 : 5330802;
1337 : 5330803;
1338 : 5330802;
1339 : 5330801;
1340 : 5330801;
1341 : 5330546;
1342 : 5396339;
1343 : 5396597;
1344 : 5527926;
1345 : 5462390;
1346 : 5528183;
1347 : 5528441;
1348 : 4146262;
1349 : 6317950;
1350 : 5858180;
1351 : 5463164;
1352 : 4870507;
1353 : 4409183;
1354 : 4803941;
1355 : 5396339;
1356 : 5264751;
1357 : 5857922;
1358 : 5792902;
1359 : 4344161;
1360 : 13553616;
1361 : 16777215;
1362 : 16777215;
1363 : 16777215;
1364 : 16777215;
1365 : 16777215;
1366 : 16777215;
1367 : 16777215;
1368 : 16777215;
1369 : 16777215;
1370 : 16777215;
1371 : 16777215;
1372 : 16777215;
1373 : 16777215;
1374 : 16777215;
1375 : 16777215;
1376 : 16777215;
1377 : 16777215;
1378 : 16777215;
1379 : 16777215;
1380 : 16777215;
1381 : 16777215;
1382 : 16777215;
1383 : 16777215;
1384 : 16777215;
1385 : 16777215;
1386 : 16777215;
1387 : 16777215;
1388 : 16777215;
1389 : 16777215;
1390 : 16777215;
1391 : 16777215;
1392 : 16777215;
1393 : 16777215;
1394 : 16777215;
1395 : 16777215;
1396 : 16777215;
1397 : 16777215;
1398 : 16777215;
1399 : 16777215;
1400 : 16777215;
1401 : 16777215;
1402 : 16777215;
1403 : 16777215;
1404 : 16777215;
1405 : 16777215;
1406 : 16777215;
1407 : 16777215;
1408 : 16777215;
1409 : 16777215;
1410 : 16777215;
1411 : 16777215;
1412 : 16777215;
1413 : 16777215;
1414 : 16777215;
1415 : 16777215;
1416 : 16777215;
1417 : 16777215;
1418 : 16777215;
1419 : 16777215;
1420 : 16777215;
1421 : 16777215;
1422 : 16777215;
1423 : 16777215;
1424 : 16777215;
1425 : 16777215;
1426 : 16777215;
1427 : 16777215;
1428 : 16777215;
1429 : 16777215;
1430 : 16777215;
1431 : 16777215;
1432 : 16777215;
1433 : 16777215;
1434 : 16777215;
1435 : 16777215;
1436 : 16777215;
1437 : 14474718;
1438 : 8751251;
1439 : 6251899;
1440 : 4607594;
1441 : 4476525;
1442 : 4476527;
1443 : 4213098;
1444 : 4147303;
1445 : 3554128;
1446 : 4936041;
1447 : 5330279;
1448 : 4278628;
1449 : 4871029;
1450 : 5002614;
1451 : 4476790;
1452 : 8087868;
1453 : 16237372;
1454 : 16237631;
1455 : 12227894;
1456 : 5199992;
1457 : 6252941;
1458 : 6187146;
1459 : 5857921;
1460 : 5593977;
1461 : 5593720;
1462 : 5462133;
1463 : 5265008;
1464 : 5330801;
1465 : 5265009;
1466 : 5265009;
1467 : 5265009;
1468 : 5330801;
1469 : 5330801;
1470 : 5330801;
1471 : 5330545;
1472 : 5264750;
1473 : 5067114;
1474 : 5133164;
1475 : 5265008;
1476 : 4606305;
1477 : 5330793;
1478 : 6581641;
1479 : 5463422;
1480 : 5661060;
1481 : 5792130;
1482 : 5462388;
1483 : 5330545;
1484 : 5067371;
1485 : 5330802;
1486 : 5002350;
1487 : 5002612;
1488 : 8290959;
1489 : 16711421;
1490 : 16777215;
1491 : 16777215;
1492 : 16777215;
1493 : 16777215;
1494 : 16777215;
1495 : 16777215;
1496 : 16777215;
1497 : 16777215;
1498 : 16777215;
1499 : 16777215;
1500 : 16777215;
1501 : 16777215;
1502 : 16777215;
1503 : 16777215;
1504 : 16777215;
1505 : 16777215;
1506 : 16777215;
1507 : 16777215;
1508 : 16777215;
1509 : 16777215;
1510 : 16777215;
1511 : 16777215;
1512 : 16777215;
1513 : 16777215;
1514 : 16777215;
1515 : 16777215;
1516 : 16777215;
1517 : 16777215;
1518 : 16777215;
1519 : 16777215;
1520 : 16777215;
1521 : 16777215;
1522 : 16777215;
1523 : 16777215;
1524 : 16777215;
1525 : 16777215;
1526 : 16777215;
1527 : 16777215;
1528 : 16777215;
1529 : 16777215;
1530 : 16777215;
1531 : 16777215;
1532 : 16777215;
1533 : 16777215;
1534 : 16777215;
1535 : 16777215;
1536 : 16777215;
1537 : 16777215;
1538 : 16777215;
1539 : 16777215;
1540 : 16777215;
1541 : 16777215;
1542 : 16777215;
1543 : 16777215;
1544 : 16777215;
1545 : 16777215;
1546 : 16777215;
1547 : 16777215;
1548 : 16777215;
1549 : 16777215;
1550 : 16777215;
1551 : 16777215;
1552 : 16777215;
1553 : 16777215;
1554 : 16777215;
1555 : 16777215;
1556 : 16777215;
1557 : 16777215;
1558 : 16777215;
1559 : 16777215;
1560 : 16777215;
1561 : 16777215;
1562 : 16777215;
1563 : 16777215;
1564 : 16777215;
1565 : 9474973;
1566 : 4016238;
1567 : 5003132;
1568 : 5200254;
1569 : 5134715;
1570 : 5135230;
1571 : 4871289;
1572 : 4739445;
1573 : 3752284;
1574 : 3949667;
1575 : 4607860;
1576 : 4673909;
1577 : 4607856;
1578 : 4343654;
1579 : 4014689;
1580 : 4144190;
1581 : 14594104;
1582 : 16434494;
1583 : 9993532;
1584 : 5463941;
1585 : 6187403;
1586 : 6121354;
1587 : 5725563;
1588 : 5593719;
1589 : 5593721;
1590 : 5462133;
1591 : 4869991;
1592 : 4804197;
1593 : 4738665;
1594 : 4607080;
1595 : 4672613;
1596 : 4738405;
1597 : 4738148;
1598 : 4540767;
1599 : 4804198;
1600 : 5265008;
1601 : 5199215;
1602 : 5265008;
1603 : 5330545;
1604 : 5264495;
1605 : 4080215;
1606 : 6647430;
1607 : 6779538;
1608 : 6187404;
1609 : 6121352;
1610 : 5528440;
1611 : 5265008;
1612 : 5198702;
1613 : 5132652;
1614 : 3948885;
1615 : 5923719;
1616 : 6317951;
1617 : 15790319;
1618 : 16777215;
1619 : 16777215;
1620 : 16777215;
1621 : 16777215;
1622 : 16777215;
1623 : 16777215;
1624 : 16777215;
1625 : 16777215;
1626 : 16777215;
1627 : 16777215;
1628 : 16777215;
1629 : 16777215;
1630 : 16777215;
1631 : 16777215;
1632 : 16777215;
1633 : 16777215;
1634 : 16777215;
1635 : 16777215;
1636 : 16777215;
1637 : 16777215;
1638 : 16777215;
1639 : 16777215;
1640 : 16777215;
1641 : 16777215;
1642 : 16777215;
1643 : 16777215;
1644 : 16777215;
1645 : 16777215;
1646 : 16777215;
1647 : 16777215;
1648 : 16777215;
1649 : 16777215;
1650 : 16777215;
1651 : 16777215;
1652 : 16777215;
1653 : 16777215;
1654 : 16777215;
1655 : 16777215;
1656 : 16777215;
1657 : 16777215;
1658 : 16777215;
1659 : 16777215;
1660 : 16777215;
1661 : 16777215;
1662 : 16777215;
1663 : 16777215;
1664 : 16777215;
1665 : 16777215;
1666 : 16777215;
1667 : 16777215;
1668 : 16777215;
1669 : 16777215;
1670 : 16777215;
1671 : 16777215;
1672 : 16777215;
1673 : 16777215;
1674 : 16777215;
1675 : 16777215;
1676 : 16777215;
1677 : 16777215;
1678 : 16777215;
1679 : 16777215;
1680 : 16777215;
1681 : 16777215;
1682 : 16777215;
1683 : 16777215;
1684 : 16777215;
1685 : 16777215;
1686 : 16777215;
1687 : 16777215;
1688 : 16777215;
1689 : 16777215;
1690 : 16777215;
1691 : 16777215;
1692 : 16777215;
1693 : 13487824;
1694 : 4673903;
1695 : 5200253;
1696 : 5200253;
1697 : 5134460;
1698 : 5068667;
1699 : 4673650;
1700 : 4607599;
1701 : 4015200;
1702 : 4015201;
1703 : 4542062;
1704 : 4278116;
1705 : 3948635;
1706 : 3750740;
1707 : 3750740;
1708 : 3027533;
1709 : 10847540;
1710 : 16763453;
1711 : 8219715;
1712 : 5727369;
1713 : 6253198;
1714 : 5923460;
1715 : 5593720;
1716 : 5593720;
1717 : 5396340;
1718 : 4014421;
1719 : 4211803;
1720 : 3881535;
1721 : 8086571;
1722 : 9729843;
1723 : 6245926;
1724 : 527119;
1725 : 658700;
1726 : 1645345;
1727 : 4803942;
1728 : 5264752;
1729 : 5265008;
1730 : 5264752;
1731 : 4540768;
1732 : 3751247;
1733 : 7237495;
1734 : 7040630;
1735 : 6779019;
1736 : 6450319;
1737 : 6252941;
1738 : 5989509;
1739 : 5528184;
1740 : 5132908;
1741 : 3948370;
1742 : 4409180;
1743 : 5923715;
1744 : 5726336;
1745 : 13882325;
1746 : 16777215;
1747 : 16777215;
1748 : 16777215;
1749 : 16777215;
1750 : 16777215;
1751 : 16777215;
1752 : 16777215;
1753 : 16777215;
1754 : 16777215;
1755 : 16777215;
1756 : 16777215;
1757 : 16777215;
1758 : 16777215;
1759 : 16777215;
1760 : 16777215;
1761 : 16777215;
1762 : 16777215;
1763 : 16777215;
1764 : 16777215;
1765 : 16777215;
1766 : 16777215;
1767 : 16777215;
1768 : 16777215;
1769 : 16777215;
1770 : 16777215;
1771 : 16777215;
1772 : 16777215;
1773 : 16777215;
1774 : 16777215;
1775 : 16777215;
1776 : 16777215;
1777 : 16777215;
1778 : 16777215;
1779 : 16777215;
1780 : 16777215;
1781 : 16777215;
1782 : 16777215;
1783 : 16777215;
1784 : 16777215;
1785 : 16777215;
1786 : 16777215;
1787 : 16777215;
1788 : 16777215;
1789 : 16777215;
1790 : 16777215;
1791 : 16777215;
1792 : 16777215;
1793 : 16777215;
1794 : 16777215;
1795 : 16777215;
1796 : 16777215;
1797 : 16777215;
1798 : 16777215;
1799 : 16777215;
1800 : 16777215;
1801 : 16777215;
1802 : 16777215;
1803 : 16777215;
1804 : 16777215;
1805 : 16777215;
1806 : 16777215;
1807 : 16777215;
1808 : 16777215;
1809 : 16777215;
1810 : 16777215;
1811 : 16777215;
1812 : 16777215;
1813 : 16777215;
1814 : 16777215;
1815 : 16777215;
1816 : 16777215;
1817 : 16777215;
1818 : 16777215;
1819 : 16777215;
1820 : 16777215;
1821 : 16645628;
1822 : 7369857;
1823 : 4476530;
1824 : 4936563;
1825 : 4475497;
1826 : 4146272;
1827 : 3948633;
1828 : 4014684;
1829 : 3224905;
1830 : 3817305;
1831 : 3948634;
1832 : 3750740;
1833 : 3750738;
1834 : 3685202;
1835 : 3619152;
1836 : 3290704;
1837 : 4472372;
1838 : 13739054;
1839 : 7432273;
1840 : 5990802;
1841 : 5858438;
1842 : 4541026;
1843 : 5593719;
1844 : 5462133;
1845 : 4211802;
1846 : 5001835;
1847 : 5265266;
1848 : 4475750;
1849 : 6445647;
1850 : 9599032;
1851 : 3419160;
1852 : 658443;
1853 : 855310;
1854 : 3751247;
1855 : 5462388;
1856 : 5265008;
1857 : 5265008;
1858 : 5198958;
1859 : 4936041;
1860 : 4211802;
1861 : 13224393;
1862 : 15263975;
1863 : 6185581;
1864 : 5265521;
1865 : 5397113;
1866 : 5463162;
1867 : 4673126;
1868 : 3882576;
1869 : 4409181;
1870 : 5132907;
1871 : 5528438;
1872 : 5529473;
1873 : 12172224;
1874 : 16777215;
1875 : 16777215;
1876 : 16777215;
1877 : 16777215;
1878 : 16777215;
1879 : 16777215;
1880 : 16777215;
1881 : 16777215;
1882 : 16777215;
1883 : 16777215;
1884 : 16777215;
1885 : 16777215;
1886 : 16777215;
1887 : 16777215;
1888 : 16777215;
1889 : 16777215;
1890 : 16777215;
1891 : 16777215;
1892 : 16777215;
1893 : 16777215;
1894 : 16777215;
1895 : 16777215;
1896 : 16777215;
1897 : 16777215;
1898 : 16777215;
1899 : 16777215;
1900 : 16777215;
1901 : 16777215;
1902 : 16777215;
1903 : 16777215;
1904 : 16777215;
1905 : 16777215;
1906 : 16777215;
1907 : 16777215;
1908 : 16777215;
1909 : 16777215;
1910 : 16777215;
1911 : 16777215;
1912 : 16777215;
1913 : 16777215;
1914 : 16777215;
1915 : 16777215;
1916 : 16777215;
1917 : 16777215;
1918 : 16777215;
1919 : 16777215;
1920 : 16777215;
1921 : 16777215;
1922 : 16777215;
1923 : 16777215;
1924 : 16777215;
1925 : 16777215;
1926 : 16777215;
1927 : 16777215;
1928 : 16777215;
1929 : 16777215;
1930 : 16777215;
1931 : 16777215;
1932 : 16777215;
1933 : 16777215;
1934 : 16777215;
1935 : 16777215;
1936 : 16777215;
1937 : 16777215;
1938 : 16777215;
1939 : 16777215;
1940 : 16777215;
1941 : 16777215;
1942 : 16777215;
1943 : 16777215;
1944 : 16777215;
1945 : 16777215;
1946 : 16777215;
1947 : 16777215;
1948 : 16777215;
1949 : 16777215;
1950 : 14869218;
1951 : 5199210;
1952 : 4278893;
1953 : 4146016;
1954 : 3619666;
1955 : 3751253;
1956 : 3487822;
1957 : 2961474;
1958 : 3882841;
1959 : 3751255;
1960 : 3619668;
1961 : 3751253;
1962 : 3488080;
1963 : 2171953;
1964 : 2369592;
1965 : 6776943;
1966 : 6578526;
1967 : 5922933;
1968 : 6253717;
1969 : 5529214;
1970 : 4738405;
1971 : 5330801;
1972 : 5199215;
1973 : 5264752;
1974 : 4541025;
1975 : 3880254;
1976 : 6315360;
1977 : 6580083;
1978 : 3948890;
1979 : 3883095;
1980 : 4080214;
1981 : 4738405;
1982 : 5330802;
1983 : 5265008;
1984 : 5265008;
1985 : 5265008;
1986 : 5133164;
1987 : 5265008;
1988 : 4672872;
1989 : 7369336;
1990 : 16777215;
1991 : 14342874;
1992 : 6580341;
1993 : 5791869;
1994 : 5595266;
1995 : 5595005;
1996 : 5528440;
1997 : 5133166;
1998 : 5001323;
1999 : 5264752;
2000 : 5397372;
2001 : 11053746;
2002 : 16777215;
2003 : 16777215;
2004 : 16777215;
2005 : 16777215;
2006 : 16777215;
2007 : 16777215;
2008 : 16777215;
2009 : 16777215;
2010 : 16777215;
2011 : 16777215;
2012 : 16777215;
2013 : 16777215;
2014 : 16777215;
2015 : 16777215;
2016 : 16777215;
2017 : 16777215;
2018 : 16777215;
2019 : 16777215;
2020 : 16777215;
2021 : 16777215;
2022 : 16777215;
2023 : 16777215;
2024 : 16777215;
2025 : 16777215;
2026 : 16777215;
2027 : 16777215;
2028 : 16777215;
2029 : 16777215;
2030 : 16777215;
2031 : 16777215;
2032 : 16777215;
2033 : 16777215;
2034 : 16777215;
2035 : 16777215;
2036 : 16777215;
2037 : 16777215;
2038 : 16777215;
2039 : 16777215;
2040 : 16777215;
2041 : 16777215;
2042 : 16777215;
2043 : 16777215;
2044 : 16777215;
2045 : 16777215;
2046 : 16777215;
2047 : 16777215;
2048 : 16777215;
2049 : 16777215;
2050 : 16777215;
2051 : 16777215;
2052 : 16777215;
2053 : 16777215;
2054 : 16777215;
2055 : 16777215;
2056 : 16777215;
2057 : 16777215;
2058 : 16777215;
2059 : 16777215;
2060 : 16777215;
2061 : 16777215;
2062 : 16777215;
2063 : 16777215;
2064 : 16777215;
2065 : 16777215;
2066 : 16777215;
2067 : 16777215;
2068 : 16777215;
2069 : 16777215;
2070 : 16777215;
2071 : 16777215;
2072 : 16777215;
2073 : 16777215;
2074 : 16777215;
2075 : 16777215;
2076 : 16777215;
2077 : 16777215;
2078 : 16777215;
2079 : 13750994;
2080 : 5133418;
2081 : 4015719;
2082 : 3948633;
2083 : 3356236;
2084 : 2829888;
2085 : 3750996;
2086 : 3948636;
2087 : 4014429;
2088 : 3817049;
2089 : 3882842;
2090 : 3751255;
2091 : 2829888;
2092 : 3685206;
2093 : 5198433;
2094 : 10330022;
2095 : 5595268;
2096 : 6253715;
2097 : 5923718;
2098 : 5199215;
2099 : 5265008;
2100 : 5330803;
2101 : 4540510;
2102 : 4733760;
2103 : 5849411;
2104 : 9866894;
2105 : 14408408;
2106 : 4996417;
2107 : 5657692;
2108 : 5395816;
2109 : 5067629;
2110 : 5331058;
2111 : 5330801;
2112 : 5265008;
2113 : 5265008;
2114 : 5265008;
2115 : 5265008;
2116 : 5199473;
2117 : 4672090;
2118 : 15132132;
2119 : 16777215;
2120 : 14737632;
2121 : 7764617;
2122 : 6186886;
2123 : 6450320;
2124 : 6186890;
2125 : 5528183;
2126 : 5067114;
2127 : 5067373;
2128 : 5265527;
2129 : 10856366;
2130 : 16777215;
2131 : 16777215;
2132 : 16777215;
2133 : 16777215;
2134 : 16777215;
2135 : 16777215;
2136 : 16777215;
2137 : 16777215;
2138 : 16777215;
2139 : 16777215;
2140 : 16777215;
2141 : 16777215;
2142 : 16777215;
2143 : 16777215;
2144 : 16777215;
2145 : 16777215;
2146 : 16777215;
2147 : 16777215;
2148 : 16777215;
2149 : 16777215;
2150 : 16777215;
2151 : 16777215;
2152 : 16777215;
2153 : 16777215;
2154 : 16777215;
2155 : 16777215;
2156 : 16777215;
2157 : 16777215;
2158 : 16777215;
2159 : 16777215;
2160 : 16777215;
2161 : 16777215;
2162 : 16777215;
2163 : 16777215;
2164 : 16777215;
2165 : 16777215;
2166 : 16777215;
2167 : 16777215;
2168 : 16777215;
2169 : 16777215;
2170 : 16777215;
2171 : 16777215;
2172 : 16777215;
2173 : 16777215;
2174 : 16777215;
2175 : 16777215;
2176 : 16777215;
2177 : 16777215;
2178 : 16777215;
2179 : 16777215;
2180 : 16777215;
2181 : 16777215;
2182 : 16777215;
2183 : 16777215;
2184 : 16777215;
2185 : 16777215;
2186 : 16777215;
2187 : 16777215;
2188 : 16777215;
2189 : 16777215;
2190 : 16777215;
2191 : 16777215;
2192 : 16777215;
2193 : 16777215;
2194 : 16777215;
2195 : 16777215;
2196 : 16777215;
2197 : 16777215;
2198 : 16777215;
2199 : 16777215;
2200 : 16777215;
2201 : 16777215;
2202 : 16777215;
2203 : 16777215;
2204 : 16777215;
2205 : 16777215;
2206 : 16777215;
2207 : 16777215;
2208 : 14540254;
2209 : 6185583;
2210 : 2830665;
2211 : 3224910;
2212 : 3882585;
2213 : 4080222;
2214 : 4080222;
2215 : 4080223;
2216 : 4080223;
2217 : 4014686;
2218 : 3093320;
2219 : 3159113;
2220 : 3948636;
2221 : 3224912;
2222 : 9079697;
2223 : 8948373;
2224 : 5331840;
2225 : 5791872;
2226 : 5265009;
2227 : 5067630;
2228 : 4473685;
2229 : 5390404;
2230 : 6376012;
2231 : 6244427;
2232 : 7431783;
2233 : 9340807;
2234 : 5454655;
2235 : 10064787;
2236 : 12763840;
2237 : 4274239;
2238 : 4210769;
2239 : 4870250;
2240 : 5331059;
2241 : 5265008;
2242 : 5265008;
2243 : 5265008;
2244 : 5265265;
2245 : 4541028;
2246 : 11842744;
2247 : 16777215;
2248 : 16777215;
2249 : 15790062;
2250 : 10198434;
2251 : 6449276;
2252 : 5529213;
2253 : 5792647;
2254 : 5594751;
2255 : 5067888;
2256 : 4409957;
2257 : 11908794;
2258 : 16777215;
2259 : 16777215;
2260 : 16777215;
2261 : 16777215;
2262 : 16777215;
2263 : 16777215;
2264 : 16777215;
2265 : 16777215;
2266 : 16777215;
2267 : 16777215;
2268 : 16777215;
2269 : 16777215;
2270 : 16777215;
2271 : 16777215;
2272 : 16777215;
2273 : 16777215;
2274 : 16777215;
2275 : 16777215;
2276 : 16777215;
2277 : 16777215;
2278 : 16777215;
2279 : 16777215;
2280 : 16777215;
2281 : 16777215;
2282 : 16777215;
2283 : 16777215;
2284 : 16777215;
2285 : 16777215;
2286 : 16777215;
2287 : 16777215;
2288 : 16777215;
2289 : 16777215;
2290 : 16777215;
2291 : 16777215;
2292 : 16777215;
2293 : 16777215;
2294 : 16777215;
2295 : 16777215;
2296 : 16777215;
2297 : 16777215;
2298 : 16777215;
2299 : 16777215;
2300 : 16777215;
2301 : 16777215;
2302 : 16777215;
2303 : 16777215;
2304 : 16777215;
2305 : 16777215;
2306 : 16777215;
2307 : 16777215;
2308 : 16777215;
2309 : 16777215;
2310 : 16777215;
2311 : 16777215;
2312 : 16777215;
2313 : 16777215;
2314 : 16777215;
2315 : 16777215;
2316 : 16777215;
2317 : 16777215;
2318 : 16777215;
2319 : 16777215;
2320 : 16777215;
2321 : 16777215;
2322 : 16777215;
2323 : 16777215;
2324 : 16777215;
2325 : 16777215;
2326 : 16777215;
2327 : 16777215;
2328 : 16777215;
2329 : 16777215;
2330 : 16777215;
2331 : 16777215;
2332 : 16777215;
2333 : 16777215;
2334 : 16777215;
2335 : 16777215;
2336 : 16777215;
2337 : 16185076;
2338 : 10395814;
2339 : 5133162;
2340 : 3554395;
2341 : 3883103;
2342 : 4146017;
2343 : 4146016;
2344 : 4211810;
2345 : 3817048;
2346 : 3027013;
2347 : 4080222;
2348 : 4014430;
2349 : 3619672;
2350 : 4935262;
2351 : 15461352;
2352 : 7895687;
2353 : 4343652;
2354 : 4804198;
2355 : 4736849;
2356 : 5587267;
2357 : 6507855;
2358 : 6376270;
2359 : 6441806;
2360 : 6047562;
2361 : 5850183;
2362 : 6244427;
2363 : 7169125;
2364 : 8419193;
2365 : 6112841;
2366 : 5915975;
2367 : 4536896;
2368 : 4146007;
2369 : 5199730;
2370 : 5330545;
2371 : 5265008;
2372 : 5265008;
2373 : 4870252;
2374 : 7895685;
2375 : 16777214;
2376 : 16777215;
2377 : 16777215;
2378 : 16777215;
2379 : 15132389;
2380 : 11053740;
2381 : 6646132;
2382 : 6251896;
2383 : 6975619;
2384 : 9145747;
2385 : 15987698;
2386 : 16777215;
2387 : 16777215;
2388 : 16777215;
2389 : 16777215;
2390 : 16777215;
2391 : 16777215;
2392 : 16777215;
2393 : 16777215;
2394 : 16777215;
2395 : 16777215;
2396 : 16777215;
2397 : 16777215;
2398 : 16777215;
2399 : 16777215;
2400 : 16777215;
2401 : 16777215;
2402 : 16777215;
2403 : 16777215;
2404 : 16777215;
2405 : 16777215;
2406 : 16777215;
2407 : 16777215;
2408 : 16777215;
2409 : 16777215;
2410 : 16777215;
2411 : 16777215;
2412 : 16777215;
2413 : 16777215;
2414 : 16777215;
2415 : 16777215;
2416 : 16777215;
2417 : 16777215;
2418 : 16777215;
2419 : 16777215;
2420 : 16777215;
2421 : 16777215;
2422 : 16777215;
2423 : 16777215;
2424 : 16777215;
2425 : 16777215;
2426 : 16777215;
2427 : 16777215;
2428 : 16777215;
2429 : 16777215;
2430 : 16777215;
2431 : 16777215;
2432 : 16777215;
2433 : 16777215;
2434 : 16777215;
2435 : 16777215;
2436 : 16777215;
2437 : 16777215;
2438 : 16777215;
2439 : 16777215;
2440 : 16777215;
2441 : 16777215;
2442 : 16777215;
2443 : 16777215;
2444 : 16777215;
2445 : 16777215;
2446 : 16777215;
2447 : 16777215;
2448 : 16777215;
2449 : 16777215;
2450 : 16777215;
2451 : 16777215;
2452 : 16777215;
2453 : 16777215;
2454 : 16777215;
2455 : 16777215;
2456 : 16777215;
2457 : 16777215;
2458 : 16777215;
2459 : 16777215;
2460 : 16777215;
2461 : 16777215;
2462 : 16777215;
2463 : 16777215;
2464 : 16777215;
2465 : 16777215;
2466 : 16777215;
2467 : 15329767;
2468 : 10066594;
2469 : 5856623;
2470 : 3883098;
2471 : 3422550;
2472 : 2961738;
2473 : 2698564;
2474 : 3619673;
2475 : 3554136;
2476 : 3356241;
2477 : 3619406;
2478 : 9408404;
2479 : 16711422;
2480 : 16053490;
2481 : 9671833;
2482 : 12237501;
2483 : 14803167;
2484 : 6575447;
2485 : 6178634;
2486 : 6376270;
2487 : 6376270;
2488 : 6507599;
2489 : 6507599;
2490 : 6310477;
2491 : 5652804;
2492 : 5521218;
2493 : 6178891;
2494 : 6507600;
2495 : 5586494;
2496 : 8075817;
2497 : 5128010;
2498 : 5661060;
2499 : 5593978;
2500 : 5265008;
2501 : 5199473;
2502 : 4869728;
2503 : 14803424;
2504 : 16777215;
2505 : 16777215;
2506 : 16777215;
2507 : 16777215;
2508 : 16777215;
2509 : 16776957;
2510 : 16250613;
2511 : 16579577;
2512 : 16777215;
2513 : 16777215;
2514 : 16777215;
2515 : 16777215;
2516 : 16777215;
2517 : 16777215;
2518 : 16777215;
2519 : 16777215;
2520 : 16777215;
2521 : 16777215;
2522 : 16777215;
2523 : 16777215;
2524 : 16777215;
2525 : 16777215;
2526 : 16777215;
2527 : 16777215;
2528 : 16777215;
2529 : 16777215;
2530 : 16777215;
2531 : 16777215;
2532 : 16777215;
2533 : 16777215;
2534 : 16777215;
2535 : 16777215;
2536 : 16777215;
2537 : 16777215;
2538 : 16777215;
2539 : 16777215;
2540 : 16777215;
2541 : 16777215;
2542 : 16777215;
2543 : 16777215;
2544 : 16777215;
2545 : 16777215;
2546 : 16777215;
2547 : 16777215;
2548 : 16777215;
2549 : 16777215;
2550 : 16777215;
2551 : 16777215;
2552 : 16777215;
2553 : 16777215;
2554 : 16777215;
2555 : 16777215;
2556 : 16777215;
2557 : 16777215;
2558 : 16777215;
2559 : 16777215;
2560 : 16777215;
2561 : 16777215;
2562 : 16777215;
2563 : 16777215;
2564 : 16777215;
2565 : 16777215;
2566 : 16777215;
2567 : 16777215;
2568 : 16777215;
2569 : 16777215;
2570 : 16777215;
2571 : 16777215;
2572 : 16777215;
2573 : 16777215;
2574 : 16777215;
2575 : 16777215;
2576 : 16777215;
2577 : 16777215;
2578 : 16777215;
2579 : 16777215;
2580 : 16777215;
2581 : 16777215;
2582 : 16777215;
2583 : 16777215;
2584 : 16777215;
2585 : 16777215;
2586 : 16777215;
2587 : 16777215;
2588 : 16777215;
2589 : 16777215;
2590 : 16777215;
2591 : 16777215;
2592 : 16777215;
2593 : 16777215;
2594 : 16777215;
2595 : 16777215;
2596 : 16777215;
2597 : 16316662;
2598 : 13684945;
2599 : 10658727;
2600 : 8619146;
2601 : 8158857;
2602 : 8093065;
2603 : 9211285;
2604 : 11119020;
2605 : 14342873;
2606 : 16777215;
2607 : 16777215;
2608 : 16777215;
2609 : 16777215;
2610 : 16777215;
2611 : 15132390;
2612 : 9078921;
2613 : 4666679;
2614 : 6310220;
2615 : 6310477;
2616 : 5718854;
2617 : 5061438;
2618 : 5324354;
2619 : 6113100;
2620 : 5324867;
2621 : 4931136;
2622 : 4601916;
2623 : 6698541;
2624 : 13457986;
2625 : 11357753;
2626 : 5329258;
2627 : 5791873;
2628 : 5264752;
2629 : 5265008;
2630 : 4541029;
2631 : 10921643;
2632 : 16777215;
2633 : 16777215;
2634 : 16777215;
2635 : 16777215;
2636 : 16777215;
2637 : 16777215;
2638 : 16777215;
2639 : 16777215;
2640 : 16777215;
2641 : 16777215;
2642 : 16777215;
2643 : 16777215;
2644 : 16777215;
2645 : 16777215;
2646 : 16777215;
2647 : 16777215;
2648 : 16777215;
2649 : 16777215;
2650 : 16777215;
2651 : 16777215;
2652 : 16777215;
2653 : 16777215;
2654 : 16777215;
2655 : 16777215;
2656 : 16777215;
2657 : 16777215;
2658 : 16777215;
2659 : 16777215;
2660 : 16777215;
2661 : 16777215;
2662 : 16777215;
2663 : 16777215;
2664 : 16777215;
2665 : 16777215;
2666 : 16777215;
2667 : 16777215;
2668 : 16777215;
2669 : 16777215;
2670 : 16777215;
2671 : 16777215;
2672 : 16777215;
2673 : 16777215;
2674 : 16777215;
2675 : 16777215;
2676 : 16777215;
2677 : 16777215;
2678 : 16777215;
2679 : 16777215;
2680 : 16777215;
2681 : 16777215;
2682 : 16777215;
2683 : 16777215;
2684 : 16777215;
2685 : 16777215;
2686 : 16777215;
2687 : 16777215;
2688 : 16777215;
2689 : 16777215;
2690 : 16777215;
2691 : 16777215;
2692 : 16777215;
2693 : 16777215;
2694 : 16777215;
2695 : 16777215;
2696 : 16777215;
2697 : 16777215;
2698 : 16777215;
2699 : 16777215;
2700 : 16777215;
2701 : 16777215;
2702 : 16777215;
2703 : 16777215;
2704 : 16777215;
2705 : 16777215;
2706 : 16777215;
2707 : 16777215;
2708 : 16777215;
2709 : 16777215;
2710 : 16777215;
2711 : 16777215;
2712 : 16777215;
2713 : 16777215;
2714 : 16777215;
2715 : 16777215;
2716 : 16777215;
2717 : 16777215;
2718 : 16777215;
2719 : 16777215;
2720 : 16777215;
2721 : 16777215;
2722 : 16777215;
2723 : 16777215;
2724 : 16777215;
2725 : 16777215;
2726 : 16777215;
2727 : 16777215;
2728 : 16777215;
2729 : 16777215;
2730 : 16777215;
2731 : 16777215;
2732 : 16777215;
2733 : 16777215;
2734 : 16777215;
2735 : 16777215;
2736 : 16777215;
2737 : 16777215;
2738 : 16777215;
2739 : 13750737;
2740 : 13093063;
2741 : 8486012;
2742 : 5652547;
2743 : 5061437;
2744 : 6112843;
2745 : 7361883;
2746 : 7756127;
2747 : 8018786;
2748 : 7363681;
2749 : 13422286;
2750 : 6971486;
2751 : 11685434;
2752 : 14377289;
2753 : 14573895;
2754 : 7422786;
2755 : 5134713;
2756 : 5265008;
2757 : 5265008;
2758 : 5133426;
2759 : 7238017;
2760 : 16645627;
2761 : 16777215;
2762 : 16777215;
2763 : 16777215;
2764 : 16777215;
2765 : 16777215;
2766 : 16777215;
2767 : 16777215;
2768 : 16777215;
2769 : 16777215;
2770 : 16777215;
2771 : 16777215;
2772 : 16777215;
2773 : 16777215;
2774 : 16777215;
2775 : 16777215;
2776 : 16777215;
2777 : 16777215;
2778 : 16777215;
2779 : 16777215;
2780 : 16777215;
2781 : 16777215;
2782 : 16777215;
2783 : 16777215;
2784 : 16777215;
2785 : 16777215;
2786 : 16777215;
2787 : 16777215;
2788 : 16777215;
2789 : 16777215;
2790 : 16777215;
2791 : 16777215;
2792 : 16777215;
2793 : 16777215;
2794 : 16777215;
2795 : 16777215;
2796 : 16777215;
2797 : 16777215;
2798 : 16777215;
2799 : 16777215;
2800 : 16777215;
2801 : 16777215;
2802 : 16777215;
2803 : 16777215;
2804 : 16777215;
2805 : 16777215;
2806 : 16777215;
2807 : 16777215;
2808 : 16777215;
2809 : 16777215;
2810 : 16777215;
2811 : 16777215;
2812 : 16777215;
2813 : 16777215;
2814 : 16777215;
2815 : 16777215;
2816 : 16777215;
2817 : 16777215;
2818 : 16777215;
2819 : 16777215;
2820 : 16777215;
2821 : 16777215;
2822 : 16777215;
2823 : 16777215;
2824 : 16777215;
2825 : 16777215;
2826 : 16777215;
2827 : 16777215;
2828 : 16777215;
2829 : 16777215;
2830 : 16777215;
2831 : 16777215;
2832 : 16777215;
2833 : 16777215;
2834 : 16777215;
2835 : 16777215;
2836 : 16777215;
2837 : 16777215;
2838 : 16777215;
2839 : 16777215;
2840 : 16777215;
2841 : 16777215;
2842 : 16777215;
2843 : 16777215;
2844 : 16777215;
2845 : 16777215;
2846 : 16777215;
2847 : 16777215;
2848 : 16777215;
2849 : 16777215;
2850 : 16777215;
2851 : 16777215;
2852 : 16777215;
2853 : 16777215;
2854 : 16777215;
2855 : 16777215;
2856 : 16777215;
2857 : 16777215;
2858 : 16777215;
2859 : 16777215;
2860 : 16777215;
2861 : 16777215;
2862 : 16777215;
2863 : 16777215;
2864 : 16777215;
2865 : 16777215;
2866 : 15066597;
2867 : 14013909;
2868 : 9803156;
2869 : 8683390;
2870 : 4535350;
2871 : 6376015;
2872 : 7887714;
2873 : 7756127;
2874 : 6770515;
2875 : 6572622;
2876 : 6507085;
2877 : 10330017;
2878 : 10185055;
2879 : 14179653;
2880 : 14114888;
2881 : 14443081;
2882 : 11489341;
2883 : 4671839;
2884 : 5330802;
2885 : 5265008;
2886 : 5528184;
2887 : 5001321;
2888 : 13355980;
2889 : 16777215;
2890 : 16777215;
2891 : 16777215;
2892 : 16777215;
2893 : 16777215;
2894 : 16777215;
2895 : 16777215;
2896 : 16777215;
2897 : 16777215;
2898 : 16777215;
2899 : 16777215;
2900 : 16777215;
2901 : 16777215;
2902 : 16777215;
2903 : 16777215;
2904 : 16777215;
2905 : 16777215;
2906 : 16777215;
2907 : 16777215;
2908 : 16777215;
2909 : 16777215;
2910 : 16777215;
2911 : 16777215;
2912 : 16777215;
2913 : 16777215;
2914 : 16777215;
2915 : 16777215;
2916 : 16777215;
2917 : 16777215;
2918 : 16777215;
2919 : 16777215;
2920 : 16777215;
2921 : 16777215;
2922 : 16777215;
2923 : 16777215;
2924 : 16777215;
2925 : 16777215;
2926 : 16777215;
2927 : 16777215;
2928 : 16777215;
2929 : 16777215;
2930 : 16777215;
2931 : 16777215;
2932 : 16777215;
2933 : 16777215;
2934 : 16777215;
2935 : 16777215;
2936 : 16777215;
2937 : 16777215;
2938 : 16777215;
2939 : 16777215;
2940 : 16777215;
2941 : 16777215;
2942 : 16777215;
2943 : 16777215;
2944 : 16777215;
2945 : 16777215;
2946 : 16777215;
2947 : 16777215;
2948 : 16777215;
2949 : 16777215;
2950 : 16777215;
2951 : 16777215;
2952 : 16777215;
2953 : 16777215;
2954 : 16777215;
2955 : 16777215;
2956 : 16777215;
2957 : 16777215;
2958 : 16777215;
2959 : 16777215;
2960 : 16777215;
2961 : 16777215;
2962 : 16777215;
2963 : 16777215;
2964 : 16777215;
2965 : 16777215;
2966 : 16777215;
2967 : 16777215;
2968 : 16777215;
2969 : 16777215;
2970 : 16777215;
2971 : 16777215;
2972 : 16777215;
2973 : 16777215;
2974 : 16777215;
2975 : 16777215;
2976 : 16777215;
2977 : 16777215;
2978 : 16777215;
2979 : 16777215;
2980 : 16777215;
2981 : 16777215;
2982 : 16777215;
2983 : 16777215;
2984 : 16777215;
2985 : 16777215;
2986 : 16777215;
2987 : 16777215;
2988 : 16777215;
2989 : 16777215;
2990 : 16777215;
2991 : 16777215;
2992 : 16777215;
2993 : 16777215;
2994 : 13224393;
2995 : 12237750;
2996 : 8421757;
2997 : 3878961;
2998 : 5915461;
2999 : 9200999;
3000 : 9266278;
3001 : 8412255;
3002 : 6970719;
3003 : 11447982;
3004 : 6774369;
3005 : 4732725;
3006 : 12802114;
3007 : 14246217;
3008 : 14114888;
3009 : 14246217;
3010 : 13195328;
3011 : 5258050;
3012 : 5134195;
3013 : 5330802;
3014 : 5593720;
3015 : 5133170;
3016 : 8027014;
3017 : 16711421;
3018 : 16777215;
3019 : 16777215;
3020 : 16777215;
3021 : 16777215;
3022 : 16777215;
3023 : 16777215;
3024 : 16777215;
3025 : 16777215;
3026 : 16777215;
3027 : 16777215;
3028 : 16777215;
3029 : 16777215;
3030 : 16777215;
3031 : 16777215;
3032 : 16777215;
3033 : 16777215;
3034 : 16777215;
3035 : 16777215;
3036 : 16777215;
3037 : 16777215;
3038 : 16777215;
3039 : 16777215;
3040 : 16777215;
3041 : 16777215;
3042 : 16777215;
3043 : 16777215;
3044 : 16777215;
3045 : 16777215;
3046 : 16777215;
3047 : 16777215;
3048 : 16777215;
3049 : 16777215;
3050 : 16777215;
3051 : 16777215;
3052 : 16777215;
3053 : 16777215;
3054 : 16777215;
3055 : 16777215;
3056 : 16777215;
3057 : 16777215;
3058 : 16777215;
3059 : 16777215;
3060 : 16777215;
3061 : 16777215;
3062 : 16777215;
3063 : 16777215;
3064 : 16777215;
3065 : 16777215;
3066 : 16777215;
3067 : 16777215;
3068 : 16777215;
3069 : 16777215;
3070 : 16777215;
3071 : 16777215;
3072 : 16777215;
3073 : 16777215;
3074 : 16777215;
3075 : 16777215;
3076 : 16777215;
3077 : 16777215;
3078 : 16777215;
3079 : 16777215;
3080 : 16777215;
3081 : 16777215;
3082 : 16777215;
3083 : 16777215;
3084 : 16777215;
3085 : 16777215;
3086 : 16777215;
3087 : 16777215;
3088 : 16777215;
3089 : 16777215;
3090 : 16777215;
3091 : 16777215;
3092 : 16777215;
3093 : 16777215;
3094 : 16777215;
3095 : 16777215;
3096 : 16777215;
3097 : 16777215;
3098 : 16777215;
3099 : 16777215;
3100 : 16777215;
3101 : 16777215;
3102 : 16777215;
3103 : 16777215;
3104 : 16777215;
3105 : 16777215;
3106 : 16777215;
3107 : 16777215;
3108 : 16777215;
3109 : 16777215;
3110 : 16777215;
3111 : 16777215;
3112 : 16777215;
3113 : 16777215;
3114 : 16777215;
3115 : 16777215;
3116 : 16777215;
3117 : 16777215;
3118 : 16777215;
3119 : 16777215;
3120 : 16777215;
3121 : 16777215;
3122 : 16448250;
3123 : 12303544;
3124 : 11776684;
3125 : 4601400;
3126 : 11433076;
3127 : 12550015;
3128 : 9332839;
3129 : 11563633;
3130 : 9134945;
3131 : 14409948;
3132 : 11183265;
3133 : 10503988;
3134 : 13918022;
3135 : 13983560;
3136 : 14114888;
3137 : 13721158;
3138 : 12473661;
3139 : 7354927;
3140 : 4081245;
3141 : 5067371;
3142 : 5593720;
3143 : 5659771;
3144 : 5001320;
3145 : 14145495;
3146 : 16777215;
3147 : 16777215;
3148 : 16777215;
3149 : 16777215;
3150 : 16777215;
3151 : 16777215;
3152 : 16777215;
3153 : 16777215;
3154 : 16777215;
3155 : 16777215;
3156 : 16777215;
3157 : 16777215;
3158 : 16777215;
3159 : 16777215;
3160 : 16777215;
3161 : 16777215;
3162 : 16777215;
3163 : 16777215;
3164 : 16777215;
3165 : 16777215;
3166 : 16777215;
3167 : 16777215;
3168 : 16777215;
3169 : 16777215;
3170 : 16777215;
3171 : 16777215;
3172 : 16777215;
3173 : 16777215;
3174 : 16777215;
3175 : 16777215;
3176 : 16777215;
3177 : 16777215;
3178 : 16777215;
3179 : 16777215;
3180 : 16777215;
3181 : 16777215;
3182 : 16777215;
3183 : 16777215;
3184 : 16777215;
3185 : 16777215;
3186 : 16777215;
3187 : 16777215;
3188 : 16777215;
3189 : 16777215;
3190 : 16777215;
3191 : 16777215;
3192 : 16777215;
3193 : 16777215;
3194 : 16777215;
3195 : 16777215;
3196 : 16777215;
3197 : 16777215;
3198 : 16777215;
3199 : 16777215;
3200 : 16777215;
3201 : 16777215;
3202 : 16777215;
3203 : 16777215;
3204 : 16777215;
3205 : 16777215;
3206 : 16777215;
3207 : 16777215;
3208 : 16777215;
3209 : 16777215;
3210 : 16777215;
3211 : 16777215;
3212 : 16777215;
3213 : 16777215;
3214 : 16777215;
3215 : 16777215;
3216 : 16777215;
3217 : 16777215;
3218 : 16777215;
3219 : 16777215;
3220 : 16777215;
3221 : 16777215;
3222 : 16777215;
3223 : 16777215;
3224 : 16777215;
3225 : 16777215;
3226 : 16777215;
3227 : 16777215;
3228 : 16777215;
3229 : 16777215;
3230 : 16777215;
3231 : 16777215;
3232 : 16777215;
3233 : 16777215;
3234 : 16777215;
3235 : 16777215;
3236 : 16777215;
3237 : 16777215;
3238 : 16777215;
3239 : 16777215;
3240 : 16777215;
3241 : 16777215;
3242 : 16777215;
3243 : 16777215;
3244 : 16777215;
3245 : 16777215;
3246 : 16777215;
3247 : 16777215;
3248 : 16777215;
3249 : 15395562;
3250 : 10921636;
3251 : 11119272;
3252 : 4539203;
3253 : 6374468;
3254 : 14586513;
3255 : 12417915;
3256 : 11119013;
3257 : 10919065;
3258 : 9002847;
3259 : 7037793;
3260 : 10572867;
3261 : 14377031;
3262 : 14049352;
3263 : 14114888;
3264 : 14246217;
3265 : 12539712;
3266 : 11226679;
3267 : 9782574;
3268 : 3420219;
3269 : 3948629;
3270 : 4211801;
3271 : 4672613;
3272 : 4606824;
3273 : 9869472;
3274 : 16777215;
3275 : 16777215;
3276 : 16777215;
3277 : 16777215;
3278 : 16777215;
3279 : 16777215;
3280 : 16777215;
3281 : 16777215;
3282 : 16777215;
3283 : 16777215;
3284 : 16777215;
3285 : 16777215;
3286 : 16777215;
3287 : 16777215;
3288 : 16777215;
3289 : 16777215;
3290 : 16777215;
3291 : 16777215;
3292 : 16777215;
3293 : 16777215;
3294 : 16777215;
3295 : 16777215;
3296 : 16777215;
3297 : 16777215;
3298 : 16777215;
3299 : 16777215;
3300 : 16777215;
3301 : 16777215;
3302 : 16777215;
3303 : 16777215;
3304 : 16777215;
3305 : 16777215;
3306 : 16777215;
3307 : 16777215;
3308 : 16777215;
3309 : 16777215;
3310 : 16777215;
3311 : 16777215;
3312 : 16777215;
3313 : 16777215;
3314 : 16777215;
3315 : 16777215;
3316 : 16777215;
3317 : 16777215;
3318 : 16777215;
3319 : 16777215;
3320 : 16777215;
3321 : 16777215;
3322 : 16777215;
3323 : 16777215;
3324 : 16777215;
3325 : 16777215;
3326 : 16777215;
3327 : 16777215;
3328 : 16777215;
3329 : 16777215;
3330 : 16777215;
3331 : 16777215;
3332 : 16777215;
3333 : 16777215;
3334 : 16777215;
3335 : 16777215;
3336 : 16777215;
3337 : 16777215;
3338 : 16777215;
3339 : 16777215;
3340 : 16777215;
3341 : 16777215;
3342 : 16777215;
3343 : 16777215;
3344 : 16777215;
3345 : 16777215;
3346 : 16777215;
3347 : 16777215;
3348 : 16777215;
3349 : 16777215;
3350 : 16777215;
3351 : 16777215;
3352 : 16777215;
3353 : 16777215;
3354 : 16777215;
3355 : 16777215;
3356 : 16777215;
3357 : 16777215;
3358 : 16777215;
3359 : 16777215;
3360 : 16777215;
3361 : 16777215;
3362 : 16777215;
3363 : 16777215;
3364 : 16777215;
3365 : 16777215;
3366 : 16777215;
3367 : 16777215;
3368 : 16777215;
3369 : 16777215;
3370 : 16777215;
3371 : 16777215;
3372 : 16777215;
3373 : 16777215;
3374 : 16777215;
3375 : 16777215;
3376 : 16777215;
3377 : 16448250;
3378 : 11974324;
3379 : 13816781;
3380 : 7894645;
3381 : 8081746;
3382 : 14586257;
3383 : 13074561;
3384 : 11313822;
3385 : 14871014;
3386 : 7955551;
3387 : 10110001;
3388 : 13721157;
3389 : 13524550;
3390 : 13786950;
3391 : 13918279;
3392 : 11620411;
3393 : 9060398;
3394 : 11095605;
3395 : 11029555;
3396 : 5653068;
3397 : 5265525;
3398 : 5462133;
3399 : 5198703;
3400 : 4409441;
3401 : 5395811;
3402 : 15856112;
3403 : 16777215;
3404 : 16777215;
3405 : 16777215;
3406 : 16777215;
3407 : 16777215;
3408 : 16777215;
3409 : 16777215;
3410 : 16777215;
3411 : 16777215;
3412 : 16777215;
3413 : 16777215;
3414 : 16777215;
3415 : 16777215;
3416 : 16777215;
3417 : 16777215;
3418 : 16777215;
3419 : 16777215;
3420 : 16777215;
3421 : 16777215;
3422 : 16777215;
3423 : 16777215;
3424 : 16777215;
3425 : 16777215;
3426 : 16777215;
3427 : 16777215;
3428 : 16777215;
3429 : 16777215;
3430 : 16777215;
3431 : 16777215;
3432 : 16777215;
3433 : 16777215;
3434 : 16777215;
3435 : 16777215;
3436 : 16777215;
3437 : 16777215;
3438 : 16777215;
3439 : 16777215;
3440 : 16777215;
3441 : 16777215;
3442 : 16777215;
3443 : 16777215;
3444 : 16777215;
3445 : 16777215;
3446 : 16777215;
3447 : 16777215;
3448 : 16777215;
3449 : 16777215;
3450 : 16777215;
3451 : 16777215;
3452 : 16777215;
3453 : 16777215;
3454 : 16777215;
3455 : 16777215;
3456 : 16777215;
3457 : 16777215;
3458 : 16777215;
3459 : 16777215;
3460 : 16777215;
3461 : 16777215;
3462 : 16777215;
3463 : 16777215;
3464 : 16777215;
3465 : 16777215;
3466 : 16777215;
3467 : 16777215;
3468 : 16777215;
3469 : 16777215;
3470 : 16777215;
3471 : 16777215;
3472 : 16777215;
3473 : 16777215;
3474 : 16777215;
3475 : 16777215;
3476 : 16777215;
3477 : 16777215;
3478 : 16777215;
3479 : 16777215;
3480 : 16777215;
3481 : 16777215;
3482 : 16777215;
3483 : 16777215;
3484 : 16777215;
3485 : 16777215;
3486 : 16777215;
3487 : 16777215;
3488 : 16777215;
3489 : 16777215;
3490 : 16777215;
3491 : 16777215;
3492 : 16777215;
3493 : 16777215;
3494 : 16777215;
3495 : 16777215;
3496 : 16777215;
3497 : 16777215;
3498 : 16777215;
3499 : 16777215;
3500 : 16777215;
3501 : 16777215;
3502 : 16777215;
3503 : 16777215;
3504 : 16777215;
3505 : 16777215;
3506 : 16448250;
3507 : 10855072;
3508 : 5524040;
3509 : 8279383;
3510 : 14323600;
3511 : 12943746;
3512 : 7953497;
3513 : 10052954;
3514 : 12737607;
3515 : 13918278;
3516 : 13786950;
3517 : 13852743;
3518 : 13064770;
3519 : 9257263;
3520 : 7616551;
3521 : 10373683;
3522 : 10964533;
3523 : 11489077;
3524 : 7159353;
3525 : 4344675;
3526 : 5133422;
3527 : 5593720;
3528 : 5659770;
3529 : 4804201;
3530 : 11579829;
3531 : 16777215;
3532 : 16777215;
3533 : 16777215;
3534 : 16777215;
3535 : 16777215;
3536 : 16777215;
3537 : 16777215;
3538 : 16777215;
3539 : 16777215;
3540 : 16777215;
3541 : 16777215;
3542 : 16777215;
3543 : 16777215;
3544 : 16777215;
3545 : 16777215;
3546 : 16777215;
3547 : 16777215;
3548 : 16777215;
3549 : 16777215;
3550 : 16777215;
3551 : 16777215;
3552 : 16777215;
3553 : 16777215;
3554 : 16777215;
3555 : 16777215;
3556 : 16777215;
3557 : 16777215;
3558 : 16777215;
3559 : 16777215;
3560 : 16777215;
3561 : 16777215;
3562 : 16777215;
3563 : 16777215;
3564 : 16777215;
3565 : 16777215;
3566 : 16777215;
3567 : 16777215;
3568 : 16777215;
3569 : 16777215;
3570 : 16777215;
3571 : 16777215;
3572 : 16777215;
3573 : 16777215;
3574 : 16777215;
3575 : 16777215;
3576 : 16777215;
3577 : 16777215;
3578 : 16777215;
3579 : 16777215;
3580 : 16777215;
3581 : 16777215;
3582 : 16777215;
3583 : 16777215;
3584 : 16777215;
3585 : 16777215;
3586 : 16777215;
3587 : 16777215;
3588 : 16777215;
3589 : 16777215;
3590 : 16777215;
3591 : 16777215;
3592 : 16777215;
3593 : 16777215;
3594 : 16777215;
3595 : 16777215;
3596 : 16777215;
3597 : 16777215;
3598 : 16777215;
3599 : 16777215;
3600 : 16777215;
3601 : 16777215;
3602 : 16777215;
3603 : 16777215;
3604 : 16777215;
3605 : 16777215;
3606 : 16777215;
3607 : 16777215;
3608 : 16777215;
3609 : 16777215;
3610 : 16777215;
3611 : 16777215;
3612 : 16777215;
3613 : 16777215;
3614 : 16777215;
3615 : 16777215;
3616 : 16777215;
3617 : 16777215;
3618 : 16777215;
3619 : 16777215;
3620 : 16777215;
3621 : 16777215;
3622 : 16777215;
3623 : 16777215;
3624 : 16777215;
3625 : 16777215;
3626 : 16777215;
3627 : 16777215;
3628 : 16777215;
3629 : 16777215;
3630 : 16777215;
3631 : 16777215;
3632 : 16777215;
3633 : 16777215;
3634 : 16777215;
3635 : 14737117;
3636 : 7622470;
3637 : 8145730;
3638 : 11234402;
3639 : 11757400;
3640 : 12936015;
3641 : 14116430;
3642 : 13918538;
3643 : 13458758;
3644 : 12473920;
3645 : 10570294;
3646 : 8338474;
3647 : 8732460;
3648 : 10832948;
3649 : 10833205;
3650 : 10636341;
3651 : 11095606;
3652 : 9323054;
3653 : 3816526;
3654 : 4541026;
3655 : 4409440;
3656 : 4475232;
3657 : 4606823;
3658 : 6579829;
3659 : 16316407;
3660 : 16777215;
3661 : 16777215;
3662 : 16777215;
3663 : 16777215;
3664 : 16777215;
3665 : 16777215;
3666 : 16777215;
3667 : 16777215;
3668 : 16777215;
3669 : 16777215;
3670 : 16777215;
3671 : 16777215;
3672 : 16777215;
3673 : 16777215;
3674 : 16777215;
3675 : 16777215;
3676 : 16777215;
3677 : 16777215;
3678 : 16777215;
3679 : 16777215;
3680 : 16777215;
3681 : 16777215;
3682 : 16777215;
3683 : 16777215;
3684 : 16777215;
3685 : 16777215;
3686 : 16777215;
3687 : 16777215;
3688 : 16777215;
3689 : 16777215;
3690 : 16777215;
3691 : 16777215;
3692 : 16777215;
3693 : 16777215;
3694 : 16777215;
3695 : 16777215;
3696 : 16777215;
3697 : 16777215;
3698 : 16777215;
3699 : 16777215;
3700 : 16777215;
3701 : 16777215;
3702 : 16777215;
3703 : 16777215;
3704 : 16777215;
3705 : 16777215;
3706 : 16777215;
3707 : 16777215;
3708 : 16777215;
3709 : 16777215;
3710 : 16777215;
3711 : 16777215;
3712 : 16777215;
3713 : 16777215;
3714 : 16777215;
3715 : 16777215;
3716 : 16777215;
3717 : 16777215;
3718 : 16777215;
3719 : 16777215;
3720 : 16777215;
3721 : 16777215;
3722 : 16777215;
3723 : 16777215;
3724 : 16777215;
3725 : 16777215;
3726 : 16777215;
3727 : 16777215;
3728 : 16777215;
3729 : 16777215;
3730 : 16777215;
3731 : 16777215;
3732 : 16777215;
3733 : 16777215;
3734 : 16777215;
3735 : 16777215;
3736 : 16777215;
3737 : 16777215;
3738 : 16777215;
3739 : 16777215;
3740 : 16777215;
3741 : 16777215;
3742 : 16777215;
3743 : 16777215;
3744 : 16777215;
3745 : 16777215;
3746 : 16777215;
3747 : 16777215;
3748 : 16777215;
3749 : 16777215;
3750 : 16777215;
3751 : 16777215;
3752 : 16777215;
3753 : 16777215;
3754 : 16777215;
3755 : 16777215;
3756 : 16777215;
3757 : 16777215;
3758 : 16777215;
3759 : 16777215;
3760 : 16777215;
3761 : 16777215;
3762 : 16777215;
3763 : 16777215;
3764 : 14407636;
3765 : 12424073;
3766 : 11627355;
3767 : 11754313;
3768 : 11095867;
3769 : 10438707;
3770 : 9585457;
3771 : 8666669;
3772 : 8404267;
3773 : 9454639;
3774 : 10570547;
3775 : 11095606;
3776 : 11161141;
3777 : 11095605;
3778 : 10898741;
3779 : 11029813;
3780 : 11226419;
3781 : 5716281;
3782 : 5068147;
3783 : 5659514;
3784 : 5462133;
3785 : 5067373;
3786 : 3816787;
3787 : 12369085;
3788 : 16777215;
3789 : 16777215;
3790 : 16777215;
3791 : 16777215;
3792 : 16777215;
3793 : 16777215;
3794 : 16777215;
3795 : 16777215;
3796 : 16777215;
3797 : 16777215;
3798 : 16777215;
3799 : 16777215;
3800 : 16777215;
3801 : 16777215;
3802 : 16777215;
3803 : 16777215;
3804 : 16777215;
3805 : 16777215;
3806 : 16777215;
3807 : 16777215;
3808 : 16777215;
3809 : 16777215;
3810 : 16777215;
3811 : 16777215;
3812 : 16777215;
3813 : 16777215;
3814 : 16777215;
3815 : 16777215;
3816 : 16777215;
3817 : 16777215;
3818 : 16777215;
3819 : 16777215;
3820 : 16777215;
3821 : 16777215;
3822 : 16777215;
3823 : 16777215;
3824 : 16777215;
3825 : 16777215;
3826 : 16777215;
3827 : 16777215;
3828 : 16777215;
3829 : 16777215;
3830 : 16777215;
3831 : 16777215;
3832 : 16777215;
3833 : 16777215;
3834 : 16777215;
3835 : 16777215;
3836 : 16777215;
3837 : 16777215;
3838 : 16777215;
3839 : 16777215;
3840 : 16777215;
3841 : 16777215;
3842 : 16777215;
3843 : 16777215;
3844 : 16777215;
3845 : 16777215;
3846 : 16777215;
3847 : 16777215;
3848 : 16777215;
3849 : 16777215;
3850 : 16777215;
3851 : 16777215;
3852 : 16777215;
3853 : 16777215;
3854 : 16777215;
3855 : 16777215;
3856 : 16777215;
3857 : 16777215;
3858 : 16777215;
3859 : 16777215;
3860 : 16777215;
3861 : 16777215;
3862 : 16777215;
3863 : 16777215;
3864 : 16777215;
3865 : 16777215;
3866 : 16777215;
3867 : 16777215;
3868 : 16777215;
3869 : 16777215;
3870 : 16777215;
3871 : 16777215;
3872 : 16777215;
3873 : 16777215;
3874 : 16777215;
3875 : 16777215;
3876 : 16777215;
3877 : 16777215;
3878 : 16777215;
3879 : 16777215;
3880 : 16777215;
3881 : 16777215;
3882 : 16777215;
3883 : 16777215;
3884 : 16777215;
3885 : 16777215;
3886 : 16777215;
3887 : 16777215;
3888 : 16777215;
3889 : 16777215;
3890 : 16777215;
3891 : 16777215;
3892 : 16777215;
3893 : 16711679;
3894 : 15527919;
3895 : 14277081;
3896 : 13093321;
3897 : 7425090;
3898 : 10372654;
3899 : 10701620;
3900 : 10898741;
3901 : 10833204;
3902 : 10636339;
3903 : 10898740;
3904 : 11161141;
3905 : 11161141;
3906 : 11161141;
3907 : 11161141;
3908 : 11358006;
3909 : 9716525;
3910 : 4209998;
3911 : 5528185;
3912 : 5659257;
3913 : 5725307;
3914 : 5330550;
3915 : 7829893;
3916 : 16777214;
3917 : 16777215;
3918 : 16777215;
3919 : 16777215;
3920 : 16777215;
3921 : 16777215;
3922 : 16777215;
3923 : 16777215;
3924 : 16777215;
3925 : 16777215;
3926 : 16777215;
3927 : 16777215;
3928 : 16777215;
3929 : 16777215;
3930 : 16777215;
3931 : 16777215;
3932 : 16777215;
3933 : 16777215;
3934 : 16777215;
3935 : 16777215;
3936 : 16777215;
3937 : 16777215;
3938 : 16777215;
3939 : 16777215;
3940 : 16777215;
3941 : 16777215;
3942 : 16777215;
3943 : 16777215;
3944 : 16777215;
3945 : 16777215;
3946 : 16777215;
3947 : 16777215;
3948 : 16777215;
3949 : 16777215;
3950 : 16777215;
3951 : 16777215;
3952 : 16777215;
3953 : 16777215;
3954 : 16777215;
3955 : 16777215;
3956 : 16777215;
3957 : 16777215;
3958 : 16777215;
3959 : 16777215;
3960 : 16777215;
3961 : 16777215;
3962 : 16777215;
3963 : 16777215;
3964 : 16777215;
3965 : 16777215;
3966 : 16777215;
3967 : 16777215;
3968 : 16777215;
3969 : 16777215;
3970 : 16777215;
3971 : 16777215;
3972 : 16777215;
3973 : 16777215;
3974 : 16777215;
3975 : 16777215;
3976 : 16777215;
3977 : 16777215;
3978 : 16777215;
3979 : 16777215;
3980 : 16777215;
3981 : 16777215;
3982 : 16777215;
3983 : 16777215;
3984 : 16777215;
3985 : 16777215;
3986 : 16777215;
3987 : 16777215;
3988 : 16777215;
3989 : 16777215;
3990 : 16777215;
3991 : 16777215;
3992 : 16777215;
3993 : 16777215;
3994 : 16777215;
3995 : 16777215;
3996 : 16777215;
3997 : 16777215;
3998 : 16777215;
3999 : 16777215;
4000 : 16777215;
4001 : 16777215;
4002 : 16777215;
4003 : 16777215;
4004 : 16777215;
4005 : 16777215;
4006 : 16777215;
4007 : 16777215;
4008 : 16777215;
4009 : 16777215;
4010 : 16777215;
4011 : 16777215;
4012 : 16777215;
4013 : 16777215;
4014 : 16777215;
4015 : 16777215;
4016 : 16777215;
4017 : 16777215;
4018 : 16777215;
4019 : 16777215;
4020 : 16777215;
4021 : 16777215;
4022 : 16777215;
4023 : 16777215;
4024 : 16777215;
4025 : 9993075;
4026 : 10831405;
4027 : 10964276;
4028 : 11161141;
4029 : 11095349;
4030 : 10964277;
4031 : 11095605;
4032 : 11030069;
4033 : 11161141;
4034 : 11161141;
4035 : 11161141;
4036 : 11161141;
4037 : 11554869;
4038 : 6501160;
4039 : 3620436;
4040 : 4541026;
4041 : 4540768;
4042 : 4672613;
4043 : 4672352;
4044 : 14211288;
4045 : 16777215;
4046 : 16777215;
4047 : 16777215;
4048 : 16777215;
4049 : 16777215;
4050 : 16777215;
4051 : 16777215;
4052 : 16777215;
4053 : 16777215;
4054 : 16777215;
4055 : 16777215;
4056 : 16777215;
4057 : 16777215;
4058 : 16777215;
4059 : 16777215;
4060 : 16777215;
4061 : 16777215;
4062 : 16777215;
4063 : 16777215;
4064 : 16777215;
4065 : 16777215;
4066 : 16777215;
4067 : 16777215;
4068 : 16777215;
4069 : 16777215;
4070 : 16777215;
4071 : 16777215;
4072 : 16777215;
4073 : 16777215;
4074 : 16777215;
4075 : 16777215;
4076 : 16777215;
4077 : 16777215;
4078 : 16777215;
4079 : 16777215;
4080 : 16777215;
4081 : 16777215;
4082 : 16777215;
4083 : 16777215;
4084 : 16777215;
4085 : 16777215;
4086 : 16777215;
4087 : 16777215;
4088 : 16777215;
4089 : 16777215;
4090 : 16777215;
4091 : 16777215;
4092 : 16777215;
4093 : 16777215;
4094 : 16777215;
4095 : 16777215;
4096 : 16777215;
4097 : 16777215;
4098 : 16777215;
4099 : 16777215;
4100 : 16777215;
4101 : 16777215;
4102 : 16777215;
4103 : 16777215;
4104 : 16777215;
4105 : 16777215;
4106 : 16777215;
4107 : 16777215;
4108 : 16777215;
4109 : 16777215;
4110 : 16777215;
4111 : 16777215;
4112 : 16777215;
4113 : 16777215;
4114 : 16777215;
4115 : 16777215;
4116 : 16777215;
4117 : 16777215;
4118 : 16777215;
4119 : 16777215;
4120 : 16777215;
4121 : 16777215;
4122 : 16777215;
4123 : 16777215;
4124 : 16777215;
4125 : 16777215;
4126 : 16777215;
4127 : 16777215;
4128 : 16777215;
4129 : 16777215;
4130 : 16777215;
4131 : 16777215;
4132 : 16777215;
4133 : 16777215;
4134 : 16777215;
4135 : 16777215;
4136 : 16777215;
4137 : 16777215;
4138 : 16777215;
4139 : 16777215;
4140 : 16777215;
4141 : 16777215;
4142 : 16777215;
4143 : 16777215;
4144 : 16777215;
4145 : 16777215;
4146 : 16777215;
4147 : 16777215;
4148 : 16777215;
4149 : 16777215;
4150 : 16777215;
4151 : 16777215;
4152 : 16777215;
4153 : 9204588;
4154 : 10700333;
4155 : 11161141;
4156 : 11161141;
4157 : 11161141;
4158 : 11161141;
4159 : 11095605;
4160 : 10964277;
4161 : 11161141;
4162 : 11161141;
4163 : 11161141;
4164 : 11161141;
4165 : 11226934;
4166 : 10832432;
4167 : 5324101;
4168 : 5331321;
4169 : 5396340;
4170 : 4935786;
4171 : 3817301;
4172 : 7171957;
4173 : 16711421;
4174 : 16777215;
4175 : 16777215;
4176 : 16777215;
4177 : 16777215;
4178 : 16777215;
4179 : 16777215;
4180 : 16777215;
4181 : 16777215;
4182 : 16777215;
4183 : 16777215;
4184 : 16777215;
4185 : 16777215;
4186 : 16777215;
4187 : 16777215;
4188 : 16777215;
4189 : 16777215;
4190 : 16777215;
4191 : 16777215;
4192 : 16777215;
4193 : 16777215;
4194 : 16777215;
4195 : 16777215;
4196 : 16777215;
4197 : 16777215;
4198 : 16777215;
4199 : 16777215;
4200 : 16777215;
4201 : 16777215;
4202 : 16777215;
4203 : 16777215;
4204 : 16777215;
4205 : 16777215;
4206 : 16777215;
4207 : 16777215;
4208 : 16777215;
4209 : 16777215;
4210 : 16777215;
4211 : 16777215;
4212 : 16777215;
4213 : 16777215;
4214 : 16777215;
4215 : 16777215;
4216 : 16777215;
4217 : 16777215;
4218 : 16777215;
4219 : 16777215;
4220 : 16777215;
4221 : 16777215;
4222 : 16777215;
4223 : 16777215;
4224 : 16777215;
4225 : 16777215;
4226 : 16777215;
4227 : 16777215;
4228 : 16777215;
4229 : 16777215;
4230 : 16777215;
4231 : 16777215;
4232 : 16777215;
4233 : 16777215;
4234 : 16777215;
4235 : 16777215;
4236 : 16777215;
4237 : 16777215;
4238 : 16777215;
4239 : 16777215;
4240 : 16777215;
4241 : 16777215;
4242 : 16777215;
4243 : 16777215;
4244 : 16777215;
4245 : 16777215;
4246 : 16777215;
4247 : 16777215;
4248 : 16777215;
4249 : 16777215;
4250 : 16777215;
4251 : 16777215;
4252 : 16777215;
4253 : 16777215;
4254 : 16777215;
4255 : 16777215;
4256 : 16777215;
4257 : 16777215;
4258 : 16777215;
4259 : 16777215;
4260 : 16777215;
4261 : 16777215;
4262 : 16777215;
4263 : 16777215;
4264 : 16777215;
4265 : 16777215;
4266 : 16777215;
4267 : 16777215;
4268 : 16777215;
4269 : 16777215;
4270 : 16777215;
4271 : 16777215;
4272 : 16777215;
4273 : 16777215;
4274 : 16777215;
4275 : 16777215;
4276 : 16777215;
4277 : 16777215;
4278 : 16777215;
4279 : 16777215;
4280 : 16777215;
4281 : 9533553;
4282 : 10634799;
4283 : 11292470;
4284 : 11226678;
4285 : 11029812;
4286 : 11161141;
4287 : 11161141;
4288 : 11161141;
4289 : 11161141;
4290 : 11161141;
4291 : 11161141;
4292 : 11161141;
4293 : 11161141;
4294 : 11423798;
4295 : 9191984;
4296 : 4671582;
4297 : 5462648;
4298 : 5462390;
4299 : 5462389;
4300 : 4343388;
4301 : 10000538;
4302 : 16777215;
4303 : 16777215;
4304 : 16777215;
4305 : 16777215;
4306 : 16777215;
4307 : 16777215;
4308 : 16777215;
4309 : 16777215;
4310 : 16777215;
4311 : 16777215;
4312 : 16777215;
4313 : 16777215;
4314 : 16777215;
4315 : 16777215;
4316 : 16777215;
4317 : 16777215;
4318 : 16777215;
4319 : 16777215;
4320 : 16777215;
4321 : 16777215;
4322 : 16777215;
4323 : 16777215;
4324 : 16777215;
4325 : 16777215;
4326 : 16777215;
4327 : 16777215;
4328 : 16777215;
4329 : 16777215;
4330 : 16777215;
4331 : 16777215;
4332 : 16777215;
4333 : 16777215;
4334 : 16777215;
4335 : 16777215;
4336 : 16777215;
4337 : 16777215;
4338 : 16777215;
4339 : 16777215;
4340 : 16777215;
4341 : 16777215;
4342 : 16777215;
4343 : 16777215;
4344 : 16777215;
4345 : 16777215;
4346 : 16777215;
4347 : 16777215;
4348 : 16777215;
4349 : 16777215;
4350 : 16777215;
4351 : 16777215;
4352 : 16777215;
4353 : 16777215;
4354 : 16777215;
4355 : 16777215;
4356 : 16777215;
4357 : 16777215;
4358 : 16777215;
4359 : 16777215;
4360 : 16777215;
4361 : 16777215;
4362 : 16777215;
4363 : 16777215;
4364 : 16777215;
4365 : 16777215;
4366 : 16777215;
4367 : 16777215;
4368 : 16777215;
4369 : 16777215;
4370 : 16777215;
4371 : 16777215;
4372 : 16777215;
4373 : 16777215;
4374 : 16777215;
4375 : 16777215;
4376 : 16777215;
4377 : 16777215;
4378 : 16777215;
4379 : 16777215;
4380 : 16777215;
4381 : 16777215;
4382 : 16777215;
4383 : 16777215;
4384 : 16777215;
4385 : 16777215;
4386 : 16777215;
4387 : 16777215;
4388 : 16777215;
4389 : 16777215;
4390 : 16777215;
4391 : 16777215;
4392 : 16777215;
4393 : 16777215;
4394 : 16777215;
4395 : 16777215;
4396 : 16777215;
4397 : 16777215;
4398 : 16777215;
4399 : 16777215;
4400 : 16777215;
4401 : 16777215;
4402 : 16777215;
4403 : 16777215;
4404 : 16777215;
4405 : 16777215;
4406 : 16053490;
4407 : 12895429;
4408 : 7830402;
4409 : 5716020;
4410 : 11817273;
4411 : 11686201;
4412 : 11686458;
4413 : 11423800;
4414 : 11161141;
4415 : 11161141;
4416 : 11161141;
4417 : 11161141;
4418 : 11161141;
4419 : 11161141;
4420 : 11161141;
4421 : 11161141;
4422 : 11161141;
4423 : 11226676;
4424 : 7224887;
4425 : 4607592;
4426 : 5330545;
4427 : 5396340;
4428 : 5330546;
4429 : 3882833;
4430 : 10527138;
4431 : 16777215;
4432 : 16777215;
4433 : 16777215;
4434 : 16777215;
4435 : 16777215;
4436 : 16777215;
4437 : 16777215;
4438 : 16777215;
4439 : 16777215;
4440 : 16777215;
4441 : 16777215;
4442 : 16777215;
4443 : 16777215;
4444 : 16777215;
4445 : 16777215;
4446 : 16777215;
4447 : 16777215;
4448 : 16777215;
4449 : 16777215;
4450 : 16777215;
4451 : 16777215;
4452 : 16777215;
4453 : 16777215;
4454 : 16777215;
4455 : 16777215;
4456 : 16777215;
4457 : 16777215;
4458 : 16777215;
4459 : 16777215;
4460 : 16777215;
4461 : 16777215;
4462 : 16777215;
4463 : 16777215;
4464 : 16777215;
4465 : 16777215;
4466 : 16777215;
4467 : 16777215;
4468 : 16777215;
4469 : 16777215;
4470 : 16777215;
4471 : 16777215;
4472 : 16777215;
4473 : 16777215;
4474 : 16777215;
4475 : 16777215;
4476 : 16777215;
4477 : 16777215;
4478 : 16777215;
4479 : 16777215;
4480 : 16777215;
4481 : 16777215;
4482 : 16777215;
4483 : 16777215;
4484 : 16777215;
4485 : 16777215;
4486 : 16777215;
4487 : 16777215;
4488 : 16777215;
4489 : 16777215;
4490 : 16777215;
4491 : 16777215;
4492 : 16777215;
4493 : 16777215;
4494 : 16777215;
4495 : 16777215;
4496 : 16777215;
4497 : 16777215;
4498 : 16777215;
4499 : 16777215;
4500 : 16777215;
4501 : 16777215;
4502 : 16777215;
4503 : 16777215;
4504 : 16777215;
4505 : 16777215;
4506 : 16777215;
4507 : 16777215;
4508 : 16777215;
4509 : 16777215;
4510 : 16777215;
4511 : 16777215;
4512 : 16777215;
4513 : 16777215;
4514 : 16777215;
4515 : 16777215;
4516 : 16777215;
4517 : 16777215;
4518 : 16777215;
4519 : 16777215;
4520 : 16777215;
4521 : 16777215;
4522 : 16777215;
4523 : 16777215;
4524 : 16777215;
4525 : 16777215;
4526 : 16777215;
4527 : 16777215;
4528 : 16777215;
4529 : 16777215;
4530 : 16777215;
4531 : 16382456;
4532 : 12763843;
4533 : 8421768;
4534 : 4869468;
4535 : 3158601;
4536 : 2370627;
4537 : 6767431;
4538 : 12867391;
4539 : 11620922;
4540 : 11686458;
4541 : 11751994;
4542 : 11489336;
4543 : 11161141;
4544 : 11161141;
4545 : 11161141;
4546 : 11161141;
4547 : 11161141;
4548 : 11161141;
4549 : 11161141;
4550 : 11161141;
4551 : 10898741;
4552 : 10766896;
4553 : 5652292;
4554 : 4870765;
4555 : 5132908;
4556 : 5132908;
4557 : 5264496;
4558 : 4606820;
4559 : 10724519;
4560 : 16777213;
4561 : 16777215;
4562 : 16777215;
4563 : 16777215;
4564 : 16777215;
4565 : 16777215;
4566 : 16777215;
4567 : 16777215;
4568 : 16777215;
4569 : 16777215;
4570 : 16777215;
4571 : 16777215;
4572 : 16777215;
4573 : 16777215;
4574 : 16777215;
4575 : 16777215;
4576 : 16777215;
4577 : 16777215;
4578 : 16777215;
4579 : 16777215;
4580 : 16777215;
4581 : 16777215;
4582 : 16777215;
4583 : 16777215;
4584 : 16777215;
4585 : 16777215;
4586 : 16777215;
4587 : 16777215;
4588 : 16777215;
4589 : 16777215;
4590 : 16777215;
4591 : 16777215;
4592 : 16777215;
4593 : 16777215;
4594 : 16777215;
4595 : 16777215;
4596 : 16777215;
4597 : 16777215;
4598 : 16777215;
4599 : 16777215;
4600 : 16777215;
4601 : 16777215;
4602 : 16777215;
4603 : 16777215;
4604 : 16777215;
4605 : 16777215;
4606 : 16777215;
4607 : 16777215;
4608 : 16777215;
4609 : 16777215;
4610 : 16777215;
4611 : 16777215;
4612 : 16777215;
4613 : 16777215;
4614 : 16777215;
4615 : 16777215;
4616 : 16777215;
4617 : 16777215;
4618 : 16777215;
4619 : 16777215;
4620 : 16777215;
4621 : 16777215;
4622 : 16777215;
4623 : 16777215;
4624 : 16777215;
4625 : 16777215;
4626 : 16777215;
4627 : 16777215;
4628 : 16777215;
4629 : 16777215;
4630 : 16777215;
4631 : 16777215;
4632 : 16777215;
4633 : 16777215;
4634 : 16777215;
4635 : 16777215;
4636 : 16777215;
4637 : 16777215;
4638 : 16777215;
4639 : 16777215;
4640 : 16777215;
4641 : 16777215;
4642 : 16777215;
4643 : 16777215;
4644 : 16777215;
4645 : 16777215;
4646 : 16777215;
4647 : 16777215;
4648 : 16777215;
4649 : 16777215;
4650 : 16777215;
4651 : 16777215;
4652 : 16777215;
4653 : 16777215;
4654 : 16777215;
4655 : 16777215;
4656 : 16777215;
4657 : 14671838;
4658 : 10000797;
4659 : 5461346;
4660 : 3224651;
4661 : 3290962;
4662 : 3422034;
4663 : 3488079;
4664 : 5464712;
4665 : 7884886;
4666 : 13786179;
4667 : 12014397;
4668 : 11686458;
4669 : 11686458;
4670 : 11686458;
4671 : 11226935;
4672 : 11161143;
4673 : 11161141;
4674 : 11161141;
4675 : 11161141;
4676 : 11095606;
4677 : 11292470;
4678 : 11292470;
4679 : 11161141;
4680 : 11358005;
4681 : 9388847;
4682 : 4276305;
4683 : 5067630;
4684 : 5001320;
4685 : 5330288;
4686 : 5989254;
4687 : 5068663;
4688 : 8027525;
4689 : 14540251;
4690 : 16777215;
4691 : 16777215;
4692 : 16777215;
4693 : 16777215;
4694 : 16777215;
4695 : 16777215;
4696 : 16777215;
4697 : 16777215;
4698 : 16777215;
4699 : 16777215;
4700 : 16777215;
4701 : 16777215;
4702 : 16777215;
4703 : 16777215;
4704 : 16777215;
4705 : 16777215;
4706 : 16777215;
4707 : 16777215;
4708 : 16777215;
4709 : 16777215;
4710 : 16777215;
4711 : 16777215;
4712 : 16777215;
4713 : 16777215;
4714 : 16777215;
4715 : 16777215;
4716 : 16777215;
4717 : 16777215;
4718 : 16777215;
4719 : 16777215;
4720 : 16777215;
4721 : 16777215;
4722 : 16777215;
4723 : 16777215;
4724 : 16777215;
4725 : 16777215;
4726 : 16777215;
4727 : 16777215;
4728 : 16777215;
4729 : 16777215;
4730 : 16777215;
4731 : 16777215;
4732 : 16777215;
4733 : 16777215;
4734 : 16777215;
4735 : 16777215;
4736 : 16777215;
4737 : 16777215;
4738 : 16777215;
4739 : 16777215;
4740 : 16777215;
4741 : 16777215;
4742 : 16777215;
4743 : 16777215;
4744 : 16777215;
4745 : 16777215;
4746 : 16777215;
4747 : 16777215;
4748 : 16777215;
4749 : 16777215;
4750 : 16777215;
4751 : 16777215;
4752 : 16777215;
4753 : 16777215;
4754 : 16777215;
4755 : 16777215;
4756 : 16777215;
4757 : 16777215;
4758 : 16777215;
4759 : 16777215;
4760 : 16777215;
4761 : 16777215;
4762 : 16777215;
4763 : 16777215;
4764 : 16777215;
4765 : 16777215;
4766 : 16777215;
4767 : 16777215;
4768 : 16777215;
4769 : 16777215;
4770 : 16777215;
4771 : 16777215;
4772 : 16777215;
4773 : 16777215;
4774 : 16777215;
4775 : 16777215;
4776 : 16777215;
4777 : 16777215;
4778 : 16777215;
4779 : 16777215;
4780 : 16777215;
4781 : 16777215;
4782 : 16777214;
4783 : 13355979;
4784 : 7829630;
4785 : 3816526;
4786 : 3093582;
4787 : 3619671;
4788 : 3948636;
4789 : 3422031;
4790 : 4014940;
4791 : 5990026;
4792 : 5991574;
4793 : 7753301;
4794 : 14508102;
4795 : 13261380;
4796 : 12080188;
4797 : 11883323;
4798 : 11751994;
4799 : 11292471;
4800 : 11161141;
4801 : 11161141;
4802 : 11161141;
4803 : 11226677;
4804 : 10176561;
4805 : 8797996;
4806 : 9388590;
4807 : 10176563;
4808 : 10701622;
4809 : 11554617;
4810 : 9520953;
4811 : 5198958;
4812 : 5726335;
4813 : 5857665;
4814 : 6121353;
4815 : 6319249;
4816 : 5463939;
4817 : 5133156;
4818 : 10921894;
4819 : 16514042;
4820 : 16777215;
4821 : 16777215;
4822 : 16777215;
4823 : 16777215;
4824 : 16777215;
4825 : 16777215;
4826 : 16777215;
4827 : 16777215;
4828 : 16777215;
4829 : 16777215;
4830 : 16777215;
4831 : 16777215;
4832 : 16777215;
4833 : 16777215;
4834 : 16777215;
4835 : 16777215;
4836 : 16777215;
4837 : 16777215;
4838 : 16777215;
4839 : 16777215;
4840 : 16777215;
4841 : 16777215;
4842 : 16777215;
4843 : 16777215;
4844 : 16777215;
4845 : 16777215;
4846 : 16777215;
4847 : 16777215;
4848 : 16777215;
4849 : 16777215;
4850 : 16777215;
4851 : 16777215;
4852 : 16777215;
4853 : 16777215;
4854 : 16777215;
4855 : 16777215;
4856 : 16777215;
4857 : 16777215;
4858 : 16777215;
4859 : 16777215;
4860 : 16777215;
4861 : 16777215;
4862 : 16777215;
4863 : 16777215;
4864 : 16777215;
4865 : 16777215;
4866 : 16777215;
4867 : 16777215;
4868 : 16777215;
4869 : 16777215;
4870 : 16777215;
4871 : 16777215;
4872 : 16777215;
4873 : 16777215;
4874 : 16777215;
4875 : 16777215;
4876 : 16777215;
4877 : 16777215;
4878 : 16777215;
4879 : 16777215;
4880 : 16777215;
4881 : 16777215;
4882 : 16777215;
4883 : 16777215;
4884 : 16777215;
4885 : 16777215;
4886 : 16777215;
4887 : 16777215;
4888 : 16777215;
4889 : 16777215;
4890 : 16777215;
4891 : 16777215;
4892 : 16777215;
4893 : 16777215;
4894 : 16777215;
4895 : 16777215;
4896 : 16777215;
4897 : 16777215;
4898 : 16777215;
4899 : 16777215;
4900 : 16777215;
4901 : 16777215;
4902 : 16777215;
4903 : 16777215;
4904 : 16777215;
4905 : 16777215;
4906 : 16777215;
4907 : 16777215;
4908 : 16448249;
4909 : 12303293;
4910 : 6382442;
4911 : 3356235;
4912 : 3290706;
4913 : 3817050;
4914 : 3948636;
4915 : 3816793;
4916 : 3159113;
4917 : 4541798;
4918 : 6319250;
4919 : 6253714;
4920 : 5727628;
4921 : 7095624;
4922 : 12539197;
4923 : 11948863;
4924 : 10110517;
4925 : 9782577;
4926 : 11095607;
4927 : 11161141;
4928 : 11095604;
4929 : 11095348;
4930 : 11161141;
4931 : 10570292;
4932 : 9322800;
4933 : 11489084;
4934 : 12802114;
4935 : 13589830;
4936 : 13852487;
4937 : 13983817;
4938 : 14180422;
4939 : 8866887;
4940 : 5596554;
4941 : 6319251;
4942 : 6187404;
4943 : 6187661;
4944 : 6713749;
4945 : 7436954;
4946 : 5857140;
4947 : 8422026;
4948 : 15658734;
4949 : 16777215;
4950 : 16777215;
4951 : 16777215;
4952 : 16777215;
4953 : 16777215;
4954 : 16777215;
4955 : 16777215;
4956 : 16777215;
4957 : 16777215;
4958 : 16777215;
4959 : 16777215;
4960 : 16777215;
4961 : 16777215;
4962 : 16777215;
4963 : 16777215;
4964 : 16777215;
4965 : 16777215;
4966 : 16777215;
4967 : 16777215;
4968 : 16777215;
4969 : 16777215;
4970 : 16777215;
4971 : 16777215;
4972 : 16777215;
4973 : 16777215;
4974 : 16777215;
4975 : 16777215;
4976 : 16777215;
4977 : 16777215;
4978 : 16777215;
4979 : 16777215;
4980 : 16777215;
4981 : 16777215;
4982 : 16777215;
4983 : 16777215;
4984 : 16777215;
4985 : 16777215;
4986 : 16777215;
4987 : 16777215;
4988 : 16777215;
4989 : 16777215;
4990 : 16777215;
4991 : 16777215;
4992 : 16777215;
4993 : 16777215;
4994 : 16777215;
4995 : 16777215;
4996 : 16777215;
4997 : 16777215;
4998 : 16777215;
4999 : 16777215;
5000 : 16777215;
5001 : 16777215;
5002 : 16777215;
5003 : 16777215;
5004 : 16777215;
5005 : 16777215;
5006 : 16777215;
5007 : 16777215;
5008 : 16777215;
5009 : 16777215;
5010 : 16777215;
5011 : 16777215;
5012 : 16777215;
5013 : 16777215;
5014 : 16777215;
5015 : 16777215;
5016 : 16777215;
5017 : 16777215;
5018 : 16777215;
5019 : 16777215;
5020 : 16777215;
5021 : 16777215;
5022 : 16777215;
5023 : 16777215;
5024 : 16777215;
5025 : 16777215;
5026 : 16777215;
5027 : 16777215;
5028 : 16777215;
5029 : 16777215;
5030 : 16777215;
5031 : 16777215;
5032 : 16777215;
5033 : 16777215;
5034 : 16316663;
5035 : 11776948;
5036 : 5856102;
5037 : 3224908;
5038 : 3290704;
5039 : 3817306;
5040 : 3882842;
5041 : 3882842;
5042 : 3422288;
5043 : 3553869;
5044 : 6054780;
5045 : 7240091;
5046 : 6516371;
5047 : 6187664;
5048 : 5728399;
5049 : 8736075;
5050 : 13524035;
5051 : 12736578;
5052 : 11423548;
5053 : 10964025;
5054 : 11357755;
5055 : 12211518;
5056 : 11752251;
5057 : 11883581;
5058 : 12736834;
5059 : 13524552;
5060 : 14181196;
5061 : 14378575;
5062 : 14181453;
5063 : 14115404;
5064 : 13787207;
5065 : 13918022;
5066 : 14114888;
5067 : 13589313;
5068 : 7293519;
5069 : 5728398;
5070 : 6253457;
5071 : 6187664;
5072 : 6845077;
5073 : 7568537;
5074 : 8160159;
5075 : 6778762;
5076 : 10329762;
5077 : 16777215;
5078 : 16777215;
5079 : 16777215;
5080 : 16777215;
5081 : 16777215;
5082 : 16777215;
5083 : 16777215;
5084 : 16777215;
5085 : 16777215;
5086 : 16777215;
5087 : 16777215;
5088 : 16777215;
5089 : 16777215;
5090 : 16777215;
5091 : 16777215;
5092 : 16777215;
5093 : 16777215;
5094 : 16777215;
5095 : 16777215;
5096 : 16777215;
5097 : 16777215;
5098 : 16777215;
5099 : 16777215;
5100 : 16777215;
5101 : 16777215;
5102 : 16777215;
5103 : 16777215;
5104 : 16777215;
5105 : 16777215;
5106 : 16777215;
5107 : 16777215;
5108 : 16777215;
5109 : 16777215;
5110 : 16777215;
5111 : 16777215;
5112 : 16777215;
5113 : 16777215;
5114 : 16777215;
5115 : 16777215;
5116 : 16777215;
5117 : 16777215;
5118 : 16777215;
5119 : 16777215;
5120 : 16777215;
5121 : 16777215;
5122 : 16777215;
5123 : 16777215;
5124 : 16777215;
5125 : 16777215;
5126 : 16777215;
5127 : 16777215;
5128 : 16777215;
5129 : 16777215;
5130 : 16777215;
5131 : 16777215;
5132 : 16777215;
5133 : 16777215;
5134 : 16777215;
5135 : 16777215;
5136 : 16777215;
5137 : 16777215;
5138 : 16777215;
5139 : 16777215;
5140 : 16777215;
5141 : 16777215;
5142 : 16777215;
5143 : 16777215;
5144 : 16777215;
5145 : 16777215;
5146 : 16777215;
5147 : 16777215;
5148 : 16777215;
5149 : 16777215;
5150 : 16777215;
5151 : 16777215;
5152 : 16777215;
5153 : 16777215;
5154 : 16777215;
5155 : 16777215;
5156 : 16777215;
5157 : 16777215;
5158 : 16777215;
5159 : 16777215;
5160 : 16777214;
5161 : 12369086;
5162 : 5592932;
5163 : 3092806;
5164 : 3488082;
5165 : 3882843;
5166 : 3882842;
5167 : 3882842;
5168 : 3948635;
5169 : 3158856;
5170 : 4606813;
5171 : 7634070;
5172 : 7963039;
5173 : 7174296;
5174 : 6450834;
5175 : 6187665;
5176 : 5530505;
5177 : 10243909;
5178 : 14639688;
5179 : 14246217;
5180 : 14377803;
5181 : 14443853;
5182 : 14378575;
5183 : 14116946;
5184 : 13920338;
5185 : 14117204;
5186 : 14379604;
5187 : 14379604;
5188 : 14314068;
5189 : 14182997;
5190 : 14248276;
5191 : 14181969;
5192 : 14115919;
5193 : 14115403;
5194 : 14049353;
5195 : 13983816;
5196 : 12801854;
5197 : 5983837;
5198 : 6056849;
5199 : 6187664;
5200 : 6713748;
5201 : 7371160;
5202 : 7765916;
5203 : 7831452;
5204 : 7369857;
5205 : 16316663;
5206 : 16777215;
5207 : 16777215;
5208 : 16777215;
5209 : 16777215;
5210 : 16777215;
5211 : 16777215;
5212 : 16777215;
5213 : 16777215;
5214 : 16777215;
5215 : 16777215;
5216 : 16777215;
5217 : 16777215;
5218 : 16777215;
5219 : 16777215;
5220 : 16777215;
5221 : 16777215;
5222 : 16777215;
5223 : 16777215;
5224 : 16777215;
5225 : 16777215;
5226 : 16777215;
5227 : 16777215;
5228 : 16777215;
5229 : 16777215;
5230 : 16777215;
5231 : 16777215;
5232 : 16777215;
5233 : 16777215;
5234 : 16777215;
5235 : 16777215;
5236 : 16777215;
5237 : 16777215;
5238 : 16777215;
5239 : 16777215;
5240 : 16777215;
5241 : 16777215;
5242 : 16777215;
5243 : 16777215;
5244 : 16777215;
5245 : 16777215;
5246 : 16777215;
5247 : 16777215;
5248 : 16777215;
5249 : 16777215;
5250 : 16777215;
5251 : 16777215;
5252 : 16777215;
5253 : 16777215;
5254 : 16777215;
5255 : 16777215;
5256 : 16777215;
5257 : 16777215;
5258 : 16777215;
5259 : 16777215;
5260 : 16777215;
5261 : 16777215;
5262 : 16777215;
5263 : 16777215;
5264 : 16777215;
5265 : 16777215;
5266 : 16777215;
5267 : 16777215;
5268 : 16777215;
5269 : 16777215;
5270 : 16777215;
5271 : 16777215;
5272 : 16777215;
5273 : 16777215;
5274 : 16777215;
5275 : 16777215;
5276 : 16777215;
5277 : 16777215;
5278 : 16777215;
5279 : 16777215;
5280 : 16777215;
5281 : 16777215;
5282 : 16777215;
5283 : 16777215;
5284 : 16777215;
5285 : 16777215;
5286 : 16777215;
5287 : 13816530;
5288 : 6777202;
5289 : 3356237;
5290 : 3553878;
5291 : 3817049;
5292 : 3882585;
5293 : 3882842;
5294 : 3882842;
5295 : 3948635;
5296 : 3356494;
5297 : 4804192;
5298 : 8029088;
5299 : 7897502;
5300 : 7436952;
5301 : 6911125;
5302 : 6253456;
5303 : 6253715;
5304 : 5462648;
5305 : 11948864;
5306 : 14444110;
5307 : 14116174;
5308 : 14050382;
5309 : 14248018;
5310 : 14314068;
5311 : 14182996;
5312 : 14379604;
5313 : 14379604;
5314 : 14314068;
5315 : 14314069;
5316 : 14314068;
5317 : 14248533;
5318 : 14248790;
5319 : 14314326;
5320 : 14313812;
5321 : 14181968;
5322 : 14050382;
5323 : 13984331;
5324 : 14508617;
5325 : 11292476;
5326 : 5330289;
5327 : 6188178;
5328 : 6319249;
5329 : 6911125;
5330 : 7371160;
5331 : 7897502;
5332 : 6515069;
5333 : 14935010;
5334 : 16777215;
5335 : 16777215;
5336 : 16777215;
5337 : 16777215;
5338 : 16777215;
5339 : 16777215;
5340 : 16777215;
5341 : 16777215;
5342 : 16777215;
5343 : 16777215;
5344 : 16777215;
5345 : 16777215;
5346 : 16777215;
5347 : 16777215;
5348 : 16777215;
5349 : 16777215;
5350 : 16777215;
5351 : 16777215;
5352 : 16777215;
5353 : 16777215;
5354 : 16777215;
5355 : 16777215;
5356 : 16777215;
5357 : 16777215;
5358 : 16777215;
5359 : 16777215;
5360 : 16777215;
5361 : 16777215;
5362 : 16777215;
5363 : 16777215;
5364 : 16777215;
5365 : 16777215;
5366 : 16777215;
5367 : 16777215;
5368 : 16777215;
5369 : 16777215;
5370 : 16777215;
5371 : 16777215;
5372 : 16777215;
5373 : 16777215;
5374 : 16777215;
5375 : 16777215;
5376 : 16777215;
5377 : 16777215;
5378 : 16777215;
5379 : 16777215;
5380 : 16777215;
5381 : 16777215;
5382 : 16777215;
5383 : 16777215;
5384 : 16777215;
5385 : 16777215;
5386 : 16777215;
5387 : 16777215;
5388 : 16777215;
5389 : 16777215;
5390 : 16777215;
5391 : 16777215;
5392 : 16777215;
5393 : 16777215;
5394 : 16777215;
5395 : 16777215;
5396 : 16777215;
5397 : 16777215;
5398 : 16777215;
5399 : 16777215;
5400 : 16777215;
5401 : 16777215;
5402 : 16777215;
5403 : 16777215;
5404 : 16777215;
5405 : 16777215;
5406 : 16777215;
5407 : 16777215;
5408 : 16777215;
5409 : 16777215;
5410 : 16777215;
5411 : 16777215;
5412 : 16777215;
5413 : 15987698;
5414 : 9474452;
5415 : 3619402;
5416 : 3290706;
5417 : 3882843;
5418 : 3882842;
5419 : 3882842;
5420 : 3882842;
5421 : 3882842;
5422 : 3882842;
5423 : 3882586;
5424 : 3488076;
5425 : 7634327;
5426 : 7963038;
5427 : 7436953;
5428 : 7042454;
5429 : 6319249;
5430 : 6187664;
5431 : 6122644;
5432 : 6377825;
5433 : 13786951;
5434 : 14379860;
5435 : 14314839;
5436 : 14381661;
5437 : 14381404;
5438 : 14446683;
5439 : 14381147;
5440 : 14381403;
5441 : 14447196;
5442 : 14381917;
5443 : 14381917;
5444 : 14447710;
5445 : 14447967;
5446 : 14447967;
5447 : 14447967;
5448 : 14447967;
5449 : 14250589;
5450 : 14183253;
5451 : 14115918;
5452 : 14115403;
5453 : 14508359;
5454 : 9259587;
5455 : 5530503;
5456 : 6187920;
5457 : 6385041;
5458 : 6713748;
5459 : 7042712;
5460 : 5923455;
5461 : 13750738;
5462 : 16777215;
5463 : 16777215;
5464 : 16777215;
5465 : 16777215;
5466 : 16777215;
5467 : 16777215;
5468 : 16777215;
5469 : 16777215;
5470 : 16777215;
5471 : 16777215;
5472 : 16777215;
5473 : 16777215;
5474 : 16777215;
5475 : 16777215;
5476 : 16777215;
5477 : 16777215;
5478 : 16777215;
5479 : 16777215;
5480 : 16777215;
5481 : 16777215;
5482 : 16777215;
5483 : 16777215;
5484 : 16777215;
5485 : 16777215;
5486 : 16777215;
5487 : 16777215;
5488 : 16777215;
5489 : 16777215;
5490 : 16777215;
5491 : 16777215;
5492 : 16777215;
5493 : 16777215;
5494 : 16777215;
5495 : 16777215;
5496 : 16777215;
5497 : 16777215;
5498 : 16777215;
5499 : 16777215;
5500 : 16777215;
5501 : 16777215;
5502 : 16777215;
5503 : 16777215;
5504 : 16777215;
5505 : 16777215;
5506 : 16777215;
5507 : 16777215;
5508 : 16777215;
5509 : 16777215;
5510 : 16777215;
5511 : 16777215;
5512 : 16777215;
5513 : 16777215;
5514 : 16777215;
5515 : 16777215;
5516 : 16777215;
5517 : 16777215;
5518 : 16777215;
5519 : 16777215;
5520 : 16777215;
5521 : 16777215;
5522 : 16777215;
5523 : 16777215;
5524 : 16777215;
5525 : 16777215;
5526 : 16777215;
5527 : 16777215;
5528 : 16777215;
5529 : 16777215;
5530 : 16777215;
5531 : 16777215;
5532 : 16777215;
5533 : 16777215;
5534 : 16777215;
5535 : 16777215;
5536 : 16777215;
5537 : 16777215;
5538 : 16777215;
5539 : 16777215;
5540 : 13553357;
5541 : 5395551;
5542 : 3027275;
5543 : 3751256;
5544 : 3882841;
5545 : 3751511;
5546 : 3882841;
5547 : 3882842;
5548 : 3882842;
5549 : 3882842;
5550 : 3882842;
5551 : 3553619;
5552 : 4146520;
5553 : 7700381;
5554 : 7239831;
5555 : 6910869;
5556 : 6384785;
5557 : 6187664;
5558 : 6187665;
5559 : 5596813;
5560 : 8144708;
5561 : 14641489;
5562 : 14446682;
5563 : 14448224;
5564 : 14448481;
5565 : 14448224;
5566 : 14448225;
5567 : 14448481;
5568 : 14448481;
5569 : 14448224;
5570 : 14448224;
5571 : 14448224;
5572 : 14448224;
5573 : 14448224;
5574 : 14448224;
5575 : 14448224;
5576 : 14448224;
5577 : 14251616;
5578 : 14249047;
5579 : 14248018;
5580 : 13918795;
5581 : 14049351;
5582 : 13983044;
5583 : 7294808;
5584 : 5859986;
5585 : 6187664;
5586 : 6253456;
5587 : 6319250;
5588 : 5463425;
5589 : 12632516;
5590 : 16777215;
5591 : 16777215;
5592 : 16777215;
5593 : 16777215;
5594 : 16777215;
5595 : 16777215;
5596 : 16777215;
5597 : 16777215;
5598 : 16777215;
5599 : 16777215;
5600 : 16777215;
5601 : 16777215;
5602 : 16777215;
5603 : 16777215;
5604 : 16777215;
5605 : 16777215;
5606 : 16777215;
5607 : 16777215;
5608 : 16777215;
5609 : 16777215;
5610 : 16777215;
5611 : 16777215;
5612 : 16777215;
5613 : 16777215;
5614 : 16777215;
5615 : 16777215;
5616 : 16777215;
5617 : 16777215;
5618 : 16777215;
5619 : 16777215;
5620 : 16777215;
5621 : 16777215;
5622 : 16777215;
5623 : 16777215;
5624 : 16777215;
5625 : 16777215;
5626 : 16777215;
5627 : 16777215;
5628 : 16777215;
5629 : 16777215;
5630 : 16777215;
5631 : 16777215;
5632 : 16777215;
5633 : 16777215;
5634 : 16777215;
5635 : 16777215;
5636 : 16777215;
5637 : 16777215;
5638 : 16777215;
5639 : 16777215;
5640 : 16777215;
5641 : 16777215;
5642 : 16777215;
5643 : 16777215;
5644 : 16777215;
5645 : 16777215;
5646 : 16777215;
5647 : 16777215;
5648 : 16777215;
5649 : 16777215;
5650 : 16777215;
5651 : 16777215;
5652 : 16777215;
5653 : 16777215;
5654 : 16777215;
5655 : 16777215;
5656 : 16777215;
5657 : 16777215;
5658 : 16777215;
5659 : 16777215;
5660 : 16777215;
5661 : 16777215;
5662 : 16777215;
5663 : 16777215;
5664 : 16777215;
5665 : 16777215;
5666 : 16777214;
5667 : 10263711;
5668 : 3421768;
5669 : 3488084;
5670 : 3817305;
5671 : 3882842;
5672 : 3817049;
5673 : 3685717;
5674 : 3882585;
5675 : 3882842;
5676 : 3751511;
5677 : 3817049;
5678 : 3948635;
5679 : 3290443;
5680 : 5133939;
5681 : 6976664;
5682 : 6647699;
5683 : 6253457;
5684 : 6187664;
5685 : 6187664;
5686 : 6253715;
5687 : 5199991;
5688 : 11358783;
5689 : 14775389;
5690 : 14448480;
5691 : 14448224;
5692 : 14448224;
5693 : 14382688;
5694 : 14448224;
5695 : 14448224;
5696 : 14448224;
5697 : 14448224;
5698 : 14448224;
5699 : 14448224;
5700 : 14448224;
5701 : 14448224;
5702 : 14382687;
5703 : 14382688;
5704 : 14448480;
5705 : 14381404;
5706 : 14314068;
5707 : 14379605;
5708 : 14115660;
5709 : 14049351;
5710 : 14312009;
5711 : 12933185;
5712 : 6247529;
5713 : 6057108;
5714 : 6187664;
5715 : 6187665;
5716 : 5529477;
5717 : 11580088;
5718 : 16777215;
5719 : 16777215;
5720 : 16777215;
5721 : 14474460;
5722 : 11974326;
5723 : 16777215;
5724 : 16777215;
5725 : 16777215;
5726 : 16777215;
5727 : 16777215;
5728 : 16777215;
5729 : 16777215;
5730 : 16777215;
5731 : 16777215;
5732 : 16777215;
5733 : 16777215;
5734 : 16777215;
5735 : 16777215;
5736 : 16777215;
5737 : 16777215;
5738 : 16777215;
5739 : 16777215;
5740 : 16777215;
5741 : 16777215;
5742 : 16777215;
5743 : 16777215;
5744 : 16777215;
5745 : 16777215;
5746 : 16777215;
5747 : 16777215;
5748 : 16777215;
5749 : 16777215;
5750 : 16777215;
5751 : 16777215;
5752 : 16777215;
5753 : 16777215;
5754 : 16777215;
5755 : 16777215;
5756 : 16777215;
5757 : 16777215;
5758 : 16777215;
5759 : 16777215;
5760 : 16777215;
5761 : 16777215;
5762 : 16777215;
5763 : 16777215;
5764 : 16777215;
5765 : 16777215;
5766 : 16777215;
5767 : 16777215;
5768 : 16777215;
5769 : 16777215;
5770 : 16777215;
5771 : 16777215;
5772 : 16777215;
5773 : 16777215;
5774 : 16777215;
5775 : 16777215;
5776 : 16777215;
5777 : 16777215;
5778 : 16777215;
5779 : 16777215;
5780 : 16777215;
5781 : 16777215;
5782 : 16777215;
5783 : 16777215;
5784 : 16777215;
5785 : 16777215;
5786 : 16777215;
5787 : 16777215;
5788 : 16777215;
5789 : 16777215;
5790 : 16777215;
5791 : 16777215;
5792 : 16777215;
5793 : 15856112;
5794 : 8158595;
5795 : 3290444;
5796 : 3817050;
5797 : 3817048;
5798 : 3619923;
5799 : 3817047;
5800 : 3882842;
5801 : 3882842;
5802 : 3882843;
5803 : 3882843;
5804 : 3882841;
5805 : 3882842;
5806 : 3882841;
5807 : 2895938;
5808 : 5990283;
5809 : 6318993;
5810 : 6187664;
5811 : 6187664;
5812 : 6187664;
5813 : 6187664;
5814 : 5991315;
5815 : 6769493;
5816 : 14182223;
5817 : 14514018;
5818 : 14448224;
5819 : 14448224;
5820 : 14382687;
5821 : 14317151;
5822 : 14448224;
5823 : 14448224;
5824 : 14382432;
5825 : 14448224;
5826 : 14448224;
5827 : 14448224;
5828 : 14448224;
5829 : 14448224;
5830 : 14448224;
5831 : 14448224;
5832 : 14447710;
5833 : 14314325;
5834 : 14314068;
5835 : 14248018;
5836 : 14114888;
5837 : 14114888;
5838 : 14114888;
5839 : 14508616;
5840 : 11292993;
5841 : 5462905;
5842 : 6253716;
5843 : 6187664;
5844 : 5529734;
5845 : 10264230;
5846 : 16777215;
5847 : 16777215;
5848 : 14342874;
5849 : 12369084;
5850 : 10987431;
5851 : 16316664;
5852 : 16777215;
5853 : 16777215;
5854 : 16777215;
5855 : 16777215;
5856 : 16777215;
5857 : 16777215;
5858 : 16777215;
5859 : 16777215;
5860 : 16777215;
5861 : 16777215;
5862 : 16777215;
5863 : 16777215;
5864 : 16777215;
5865 : 16777215;
5866 : 16777215;
5867 : 16777215;
5868 : 16777215;
5869 : 16777215;
5870 : 16777215;
5871 : 16777215;
5872 : 16777215;
5873 : 16777215;
5874 : 16777215;
5875 : 16777215;
5876 : 16777215;
5877 : 16777215;
5878 : 16777215;
5879 : 16777215;
5880 : 16777215;
5881 : 16777215;
5882 : 16777215;
5883 : 16777215;
5884 : 16777215;
5885 : 16777215;
5886 : 16777215;
5887 : 16777215;
5888 : 16777215;
5889 : 16777215;
5890 : 16777215;
5891 : 16777215;
5892 : 16777215;
5893 : 16777215;
5894 : 16777215;
5895 : 16777215;
5896 : 16777215;
5897 : 16777215;
5898 : 16777215;
5899 : 16777215;
5900 : 16777215;
5901 : 16777215;
5902 : 16777215;
5903 : 16777215;
5904 : 16777215;
5905 : 16777215;
5906 : 16777215;
5907 : 16777215;
5908 : 16777215;
5909 : 16777215;
5910 : 16777215;
5911 : 16777215;
5912 : 16777215;
5913 : 16777215;
5914 : 16777215;
5915 : 16777215;
5916 : 16777215;
5917 : 16777215;
5918 : 16777215;
5919 : 16777215;
5920 : 15132133;
5921 : 6053481;
5922 : 3422291;
5923 : 3948636;
5924 : 3882842;
5925 : 3882842;
5926 : 3751511;
5927 : 3817048;
5928 : 3817048;
5929 : 3882843;
5930 : 3684945;
5931 : 3158853;
5932 : 3488341;
5933 : 3948636;
5934 : 3619668;
5935 : 3356748;
5936 : 6319251;
5937 : 6187664;
5938 : 6187664;
5939 : 6187664;
5940 : 6187664;
5941 : 6253715;
5942 : 5200763;
5943 : 10570811;
5944 : 14641747;
5945 : 14447967;
5946 : 14317152;
5947 : 14448224;
5948 : 14448224;
5949 : 14448224;
5950 : 14448224;
5951 : 14448224;
5952 : 14382688;
5953 : 14448224;
5954 : 14448224;
5955 : 14448224;
5956 : 14448224;
5957 : 14448224;
5958 : 14448224;
5959 : 14448224;
5960 : 14314839;
5961 : 14314068;
5962 : 14314068;
5963 : 14115403;
5964 : 14114888;
5965 : 14180424;
5966 : 14114889;
5967 : 14115144;
5968 : 14508358;
5969 : 8603972;
5970 : 5464969;
5971 : 6253457;
5972 : 5924491;
5973 : 6120048;
5974 : 15658733;
5975 : 14671839;
5976 : 13027014;
5977 : 16711422;
5978 : 11579824;
5979 : 16185078;
5980 : 16777215;
5981 : 16777215;
5982 : 16777215;
5983 : 16777215;
5984 : 16777215;
5985 : 16777215;
5986 : 16777215;
5987 : 16777215;
5988 : 16777215;
5989 : 16777215;
5990 : 16777215;
5991 : 16777215;
5992 : 16777215;
5993 : 16777215;
5994 : 16777215;
5995 : 16777215;
5996 : 16777215;
5997 : 16777215;
5998 : 16777215;
5999 : 16777215;
6000 : 16777215;
6001 : 16777215;
6002 : 16777215;
6003 : 16777215;
6004 : 16777215;
6005 : 16777215;
6006 : 16777215;
6007 : 16777215;
6008 : 16777215;
6009 : 16777215;
6010 : 16777215;
6011 : 16777215;
6012 : 16777215;
6013 : 16777215;
6014 : 16777215;
6015 : 16777215;
6016 : 16777215;
6017 : 16777215;
6018 : 16777215;
6019 : 16777215;
6020 : 16777215;
6021 : 16777215;
6022 : 16777215;
6023 : 16777215;
6024 : 16777215;
6025 : 16777215;
6026 : 16777215;
6027 : 16777215;
6028 : 16777215;
6029 : 16777215;
6030 : 16777215;
6031 : 16777215;
6032 : 16777215;
6033 : 16777215;
6034 : 16777215;
6035 : 16777215;
6036 : 16777215;
6037 : 16777215;
6038 : 16777215;
6039 : 16777215;
6040 : 16777215;
6041 : 16777215;
6042 : 16777215;
6043 : 16777215;
6044 : 16777215;
6045 : 16777215;
6046 : 16777215;
6047 : 14013909;
6048 : 5330018;
6049 : 4014685;
6050 : 4080221;
6051 : 3882842;
6052 : 3882842;
6053 : 3882842;
6054 : 3882842;
6055 : 3882842;
6056 : 3882842;
6057 : 3751514;
6058 : 4343126;
6059 : 11842738;
6060 : 4540241;
6061 : 3290705;
6062 : 3422287;
6063 : 4739437;
6064 : 6319508;
6065 : 6187664;
6066 : 6187664;
6067 : 6187664;
6068 : 6187664;
6069 : 5794193;
6070 : 7490127;
6071 : 14180164;
6072 : 14246989;
6073 : 14314325;
6074 : 14381404;
6075 : 14448224;
6076 : 14448224;
6077 : 14448224;
6078 : 14448224;
6079 : 14448224;
6080 : 14448224;
6081 : 14448224;
6082 : 14448224;
6083 : 14448224;
6084 : 14448224;
6085 : 14448224;
6086 : 14448480;
6087 : 14380890;
6088 : 14313812;
6089 : 14314068;
6090 : 14247760;
6091 : 14114888;
6092 : 14180424;
6093 : 13392964;
6094 : 12670784;
6095 : 13524037;
6096 : 14246217;
6097 : 13523521;
6098 : 5982551;
6099 : 6057108;
6100 : 6253457;
6101 : 5595527;
6102 : 6382704;
6103 : 11776174;
6104 : 16514043;
6105 : 16777215;
6106 : 11119017;
6107 : 16514043;
6108 : 16777215;
6109 : 16185078;
6110 : 11579568;
6111 : 14079702;
6112 : 16777215;
6113 : 16777215;
6114 : 16777215;
6115 : 16777215;
6116 : 16777215;
6117 : 16777215;
6118 : 16777215;
6119 : 16777215;
6120 : 16777215;
6121 : 16777215;
6122 : 16777215;
6123 : 16777215;
6124 : 16777215;
6125 : 16777215;
6126 : 16777215;
6127 : 16777215;
6128 : 16777215;
6129 : 16777215;
6130 : 16777215;
6131 : 16777215;
6132 : 16777215;
6133 : 16777215;
6134 : 16777215;
6135 : 16777215;
6136 : 16777215;
6137 : 16777215;
6138 : 16777215;
6139 : 16777215;
6140 : 16777215;
6141 : 16777215;
6142 : 16777215;
6143 : 16777215;
6144 : 16777215;
6145 : 16777215;
6146 : 16777215;
6147 : 16777215;
6148 : 16777215;
6149 : 16777215;
6150 : 16777215;
6151 : 16777215;
6152 : 16777215;
6153 : 16777215;
6154 : 16777215;
6155 : 16777215;
6156 : 16777215;
6157 : 16777215;
6158 : 16777215;
6159 : 16777215;
6160 : 16777215;
6161 : 16777215;
6162 : 16777215;
6163 : 16777215;
6164 : 16777215;
6165 : 16777215;
6166 : 16777215;
6167 : 16777215;
6168 : 16777215;
6169 : 16777215;
6170 : 16777215;
6171 : 16777215;
6172 : 16777215;
6173 : 16777215;
6174 : 13553357;
6175 : 4606296;
6176 : 4146015;
6177 : 4474979;
6178 : 4014428;
6179 : 3882842;
6180 : 3882841;
6181 : 3882842;
6182 : 3882842;
6183 : 3882842;
6184 : 3882842;
6185 : 3882842;
6186 : 3487821;
6187 : 14277081;
6188 : 15132389;
6189 : 5790049;
6190 : 3093577;
6191 : 6187407;
6192 : 6187665;
6193 : 6187664;
6194 : 6187664;
6195 : 6187664;
6196 : 6122644;
6197 : 5986160;
6198 : 12867393;
6199 : 14639945;
6200 : 14443081;
6201 : 14444882;
6202 : 14314069;
6203 : 14380632;
6204 : 14447710;
6205 : 14448224;
6206 : 14448224;
6207 : 14448224;
6208 : 14448224;
6209 : 14448224;
6210 : 14448224;
6211 : 14448224;
6212 : 14448225;
6213 : 14448481;
6214 : 14447453;
6215 : 14314068;
6216 : 14314068;
6217 : 14314068;
6218 : 14115402;
6219 : 14180424;
6220 : 13195843;
6221 : 11226935;
6222 : 11226678;
6223 : 11883067;
6224 : 12802114;
6225 : 14180424;
6226 : 11226943;
6227 : 5199474;
6228 : 6253972;
6229 : 6253458;
6230 : 5462644;
6231 : 11644588;
6232 : 15065824;
6233 : 15460840;
6234 : 10921638;
6235 : 16777215;
6236 : 15724527;
6237 : 12698049;
6238 : 14408667;
6239 : 12895428;
6240 : 16777215;
6241 : 16777215;
6242 : 16777215;
6243 : 16777215;
6244 : 16777215;
6245 : 16777215;
6246 : 16777215;
6247 : 16777215;
6248 : 16777215;
6249 : 16777215;
6250 : 16777215;
6251 : 16777215;
6252 : 16777215;
6253 : 16777215;
6254 : 16777215;
6255 : 16777215;
6256 : 16777215;
6257 : 16777215;
6258 : 16777215;
6259 : 16777215;
6260 : 16777215;
6261 : 16777215;
6262 : 16777215;
6263 : 16777215;
6264 : 16777215;
6265 : 16777215;
6266 : 16777215;
6267 : 16777215;
6268 : 16777215;
6269 : 16777215;
6270 : 16777215;
6271 : 16777215;
6272 : 16777215;
6273 : 16777215;
6274 : 16777215;
6275 : 16777215;
6276 : 16777215;
6277 : 16777215;
6278 : 16777215;
6279 : 16777215;
6280 : 16777215;
6281 : 16777215;
6282 : 16777215;
6283 : 16777215;
6284 : 16777215;
6285 : 16777215;
6286 : 16777215;
6287 : 16777215;
6288 : 16777215;
6289 : 16777215;
6290 : 16777215;
6291 : 16777215;
6292 : 16777215;
6293 : 16777215;
6294 : 16777215;
6295 : 16777215;
6296 : 16777215;
6297 : 16777215;
6298 : 16777215;
6299 : 16777215;
6300 : 16777215;
6301 : 12763842;
6302 : 4211538;
6303 : 4277858;
6304 : 4540772;
6305 : 4277600;
6306 : 4014428;
6307 : 3882841;
6308 : 3817047;
6309 : 3882842;
6310 : 3882842;
6311 : 3553616;
6312 : 3356496;
6313 : 3882844;
6314 : 3159117;
6315 : 10461091;
6316 : 16777215;
6317 : 14671323;
6318 : 5658982;
6319 : 6056079;
6320 : 6187664;
6321 : 6187664;
6322 : 6187664;
6323 : 6253716;
6324 : 5726080;
6325 : 9324347;
6326 : 11292477;
6327 : 9718076;
6328 : 9585975;
6329 : 12737093;
6330 : 14576726;
6331 : 14314068;
6332 : 14314069;
6333 : 14380889;
6334 : 14447710;
6335 : 14447967;
6336 : 14447453;
6337 : 14447196;
6338 : 14381403;
6339 : 14381147;
6340 : 14381146;
6341 : 14380889;
6342 : 14248274;
6343 : 14247761;
6344 : 14182226;
6345 : 14115917;
6346 : 14180424;
6347 : 13655366;
6348 : 9584685;
6349 : 8534568;
6350 : 10569263;
6351 : 10700334;
6352 : 11423030;
6353 : 11883067;
6354 : 13458241;
6355 : 8734527;
6356 : 5398660;
6357 : 6253714;
6358 : 6056078;
6359 : 5790831;
6360 : 10591644;
6361 : 12499896;
6362 : 10987428;
6363 : 15724527;
6364 : 10855845;
6365 : 15790320;
6366 : 15461355;
6367 : 12171705;
6368 : 16777215;
6369 : 16777215;
6370 : 16777215;
6371 : 16777215;
6372 : 16777215;
6373 : 16777215;
6374 : 16777215;
6375 : 16777215;
6376 : 16777215;
6377 : 16777215;
6378 : 16777215;
6379 : 16777215;
6380 : 16777215;
6381 : 16777215;
6382 : 16777215;
6383 : 16777215;
6384 : 16777215;
6385 : 16448248;
6386 : 13882580;
6387 : 12171967;
6388 : 12500929;
6389 : 15066596;
6390 : 16777215;
6391 : 16777215;
6392 : 16777215;
6393 : 16777215;
6394 : 16777215;
6395 : 16777215;
6396 : 16777215;
6397 : 16777215;
6398 : 16777215;
6399 : 16777215;
6400 : 16777215;
6401 : 16777215;
6402 : 16777215;
6403 : 16777215;
6404 : 16777215;
6405 : 16777215;
6406 : 16777215;
6407 : 16777215;
6408 : 16777215;
6409 : 16777215;
6410 : 16777215;
6411 : 16777215;
6412 : 16777215;
6413 : 16777215;
6414 : 16777215;
6415 : 16777215;
6416 : 16777215;
6417 : 15987699;
6418 : 16382456;
6419 : 16777215;
6420 : 16777215;
6421 : 16777215;
6422 : 16777215;
6423 : 16777215;
6424 : 16777215;
6425 : 16777215;
6426 : 16777215;
6427 : 16777215;
6428 : 12632257;
6429 : 4145746;
6430 : 4277600;
6431 : 4540773;
6432 : 4343393;
6433 : 4277600;
6434 : 3882842;
6435 : 3882842;
6436 : 3882842;
6437 : 3882842;
6438 : 3751257;
6439 : 4671831;
6440 : 8158337;
6441 : 3158855;
6442 : 3422293;
6443 : 6250858;
6444 : 16053234;
6445 : 14012880;
6446 : 5987949;
6447 : 5990542;
6448 : 6187664;
6449 : 6187664;
6450 : 6319508;
6451 : 5792645;
6452 : 3485500;
6453 : 4272959;
6454 : 3619667;
6455 : 3094097;
6456 : 2107196;
6457 : 3022882;
6458 : 11884871;
6459 : 14576726;
6460 : 14248018;
6461 : 14247760;
6462 : 14182224;
6463 : 14248274;
6464 : 14313811;
6465 : 14314068;
6466 : 14314068;
6467 : 14314068;
6468 : 14314068;
6469 : 14247760;
6470 : 14181710;
6471 : 14115919;
6472 : 14115660;
6473 : 14114888;
6474 : 13983816;
6475 : 11619381;
6476 : 8085336;
6477 : 12631483;
6478 : 12628912;
6479 : 9336946;
6480 : 7948090;
6481 : 9322283;
6482 : 11094320;
6483 : 12604218;
6484 : 5981002;
6485 : 5859468;
6486 : 6253456;
6487 : 5990285;
6488 : 5198956;
6489 : 6316137;
6490 : 5922411;
6491 : 8882055;
6492 : 14145237;
6493 : 16777215;
6494 : 15066597;
6495 : 12369084;
6496 : 16777215;
6497 : 16777215;
6498 : 16777215;
6499 : 16777215;
6500 : 16777215;
6501 : 16777215;
6502 : 16777215;
6503 : 16777215;
6504 : 16777215;
6505 : 16777215;
6506 : 16777215;
6507 : 16777215;
6508 : 16777215;
6509 : 16513785;
6510 : 14868961;
6511 : 12303551;
6512 : 9540766;
6513 : 7041155;
6514 : 5857658;
6515 : 6713229;
6516 : 6054256;
6517 : 10790050;
6518 : 11645361;
6519 : 14935011;
6520 : 16777215;
6521 : 16777215;
6522 : 16777215;
6523 : 16777215;
6524 : 16777215;
6525 : 16777215;
6526 : 16777215;
6527 : 16777215;
6528 : 16777215;
6529 : 16777215;
6530 : 16777215;
6531 : 16777215;
6532 : 16777215;
6533 : 16777215;
6534 : 16777215;
6535 : 16777215;
6536 : 16777215;
6537 : 16777215;
6538 : 16777215;
6539 : 16777215;
6540 : 16777215;
6541 : 16777215;
6542 : 16777215;
6543 : 15921906;
6544 : 12763842;
6545 : 13224646;
6546 : 9869209;
6547 : 10856107;
6548 : 15592683;
6549 : 16777215;
6550 : 16777215;
6551 : 16777215;
6552 : 16777215;
6553 : 16777215;
6554 : 16777215;
6555 : 13158600;
6556 : 4145748;
6557 : 4343395;
6558 : 4540772;
6559 : 4343393;
6560 : 4277600;
6561 : 4080221;
6562 : 3882842;
6563 : 3882842;
6564 : 3882842;
6565 : 3882842;
6566 : 3817050;
6567 : 4014161;
6568 : 15527146;
6569 : 10790309;
6570 : 2961476;
6571 : 3290181;
6572 : 11841708;
6573 : 7829117;
6574 : 5265528;
6575 : 6253457;
6576 : 6187664;
6577 : 6385044;
6578 : 5265526;
6579 : 2895936;
6580 : 3488082;
6581 : 3554393;
6582 : 2764096;
6583 : 5461340;
6584 : 10132382;
6585 : 5791593;
6586 : 5189680;
6587 : 13984845;
6588 : 14247503;
6589 : 14181966;
6590 : 14181966;
6591 : 14181966;
6592 : 14181967;
6593 : 14248017;
6594 : 14314068;
6595 : 14314068;
6596 : 14248018;
6597 : 14116175;
6598 : 14115918;
6599 : 14115404;
6600 : 14114888;
6601 : 14180424;
6602 : 13589572;
6603 : 9916478;
6604 : 14606303;
6605 : 16777215;
6606 : 16777215;
6607 : 16777215;
6608 : 15133163;
6609 : 12301491;
6610 : 9794154;
6611 : 9521463;
6612 : 9649449;
6613 : 5460069;
6614 : 6253713;
6615 : 6253199;
6616 : 6187664;
6617 : 5726597;
6618 : 5266044;
6619 : 9276558;
6620 : 14078672;
6621 : 15921391;
6622 : 14211287;
6623 : 13290186;
6624 : 16777215;
6625 : 16777215;
6626 : 16777215;
6627 : 16777215;
6628 : 16777215;
6629 : 16777215;
6630 : 16777215;
6631 : 16777215;
6632 : 16777215;
6633 : 16250869;
6634 : 14803168;
6635 : 12698308;
6636 : 9474970;
6637 : 6909567;
6638 : 5792124;
6639 : 5726595;
6640 : 6253197;
6641 : 7108247;
6642 : 7765917;
6643 : 7700381;
6644 : 6450056;
6645 : 12566724;
6646 : 15198183;
6647 : 10197915;
6648 : 12171705;
6649 : 16777215;
6650 : 16777215;
6651 : 16777215;
6652 : 16777215;
6653 : 16777215;
6654 : 16777215;
6655 : 16777215;
6656 : 16777215;
6657 : 16777215;
6658 : 16777215;
6659 : 16777215;
6660 : 16777215;
6661 : 16777215;
6662 : 16777215;
6663 : 16777215;
6664 : 16777215;
6665 : 16777215;
6666 : 16777215;
6667 : 16777215;
6668 : 16777215;
6669 : 16777215;
6670 : 14935012;
6671 : 12500670;
6672 : 15658733;
6673 : 15066848;
6674 : 6975622;
6675 : 6318472;
6676 : 6646393;
6677 : 9935262;
6678 : 14079702;
6679 : 16711421;
6680 : 16777215;
6681 : 16777215;
6682 : 12829635;
6683 : 4474970;
6684 : 4343394;
6685 : 4540772;
6686 : 4343393;
6687 : 4277600;
6688 : 4277600;
6689 : 3882842;
6690 : 3882842;
6691 : 3882842;
6692 : 3882842;
6693 : 3882842;
6694 : 3882843;
6695 : 3158857;
6696 : 13027015;
6697 : 16777215;
6698 : 9342351;
6699 : 2961731;
6700 : 5659240;
6701 : 5397369;
6702 : 6253457;
6703 : 6187664;
6704 : 6385044;
6705 : 4870765;
6706 : 2698557;
6707 : 3751256;
6708 : 3290704;
6709 : 4079690;
6710 : 11776946;
6711 : 16579835;
6712 : 16777215;
6713 : 9211798;
6714 : 3881807;
6715 : 10898746;
6716 : 14312526;
6717 : 14181711;
6718 : 14116175;
6719 : 14116174;
6720 : 14181966;
6721 : 14247760;
6722 : 14181969;
6723 : 14182225;
6724 : 14181453;
6725 : 14115403;
6726 : 14115145;
6727 : 14114888;
6728 : 13983815;
6729 : 14114888;
6730 : 12866364;
6731 : 10781049;
6732 : 16777215;
6733 : 16777215;
6734 : 16777215;
6735 : 16777215;
6736 : 16777215;
6737 : 16777215;
6738 : 16711679;
6739 : 14079959;
6740 : 10781819;
6741 : 5648942;
6742 : 5134972;
6743 : 6319251;
6744 : 6187664;
6745 : 6253457;
6746 : 6187665;
6747 : 5462643;
6748 : 8881800;
6749 : 13223363;
6750 : 11907760;
6751 : 15263719;
6752 : 16777215;
6753 : 16777215;
6754 : 16777215;
6755 : 16777215;
6756 : 16711420;
6757 : 15461354;
6758 : 13158601;
6759 : 10658985;
6760 : 8356752;
6761 : 6778500;
6762 : 5726073;
6763 : 5463422;
6764 : 5595527;
6765 : 6121872;
6766 : 6647956;
6767 : 6911127;
6768 : 6911126;
6769 : 6911126;
6770 : 6779540;
6771 : 6450578;
6772 : 5661321;
6773 : 9409180;
6774 : 16777215;
6775 : 16777215;
6776 : 12303291;
6777 : 11382189;
6778 : 16250871;
6779 : 16777215;
6780 : 16777215;
6781 : 16777215;
6782 : 16777215;
6783 : 16777215;
6784 : 16777215;
6785 : 16777215;
6786 : 16777215;
6787 : 16777215;
6788 : 16777215;
6789 : 16777215;
6790 : 16777215;
6791 : 16777215;
6792 : 16777215;
6793 : 16777215;
6794 : 16777215;
6795 : 16777215;
6796 : 16777215;
6797 : 14211288;
6798 : 12303290;
6799 : 16382457;
6800 : 16777215;
6801 : 13224393;
6802 : 4410213;
6803 : 6582423;
6804 : 6976662;
6805 : 6647434;
6806 : 6317690;
6807 : 8027783;
6808 : 11579827;
6809 : 12434876;
6810 : 4014159;
6811 : 4212066;
6812 : 4540773;
6813 : 4409186;
6814 : 4277600;
6815 : 4277600;
6816 : 4146014;
6817 : 3882842;
6818 : 3882842;
6819 : 3882842;
6820 : 3882842;
6821 : 3882842;
6822 : 3882842;
6823 : 3159118;
6824 : 9671832;
6825 : 16776958;
6826 : 14407892;
6827 : 5725034;
6828 : 5924494;
6829 : 6253457;
6830 : 6187664;
6831 : 6385044;
6832 : 4673386;
6833 : 2895681;
6834 : 3882843;
6835 : 3159118;
6836 : 5527133;
6837 : 14869216;
6838 : 16777215;
6839 : 16777215;
6840 : 16777215;
6841 : 8422025;
6842 : 4344936;
6843 : 7094331;
6844 : 13589315;
6845 : 14180939;
6846 : 14050125;
6847 : 13984589;
6848 : 14181710;
6849 : 14181453;
6850 : 13984074;
6851 : 14114889;
6852 : 14114888;
6853 : 14114888;
6854 : 14114888;
6855 : 14114888;
6856 : 14114888;
6857 : 14311753;
6858 : 11159603;
6859 : 10459029;
6860 : 16777215;
6861 : 16777215;
6862 : 16777215;
6863 : 16777215;
6864 : 16777215;
6865 : 16777215;
6866 : 16777215;
6867 : 16777215;
6868 : 16777215;
6869 : 12763841;
6870 : 6317171;
6871 : 5397632;
6872 : 6253459;
6873 : 6187664;
6874 : 6187664;
6875 : 6187407;
6876 : 5067632;
6877 : 5987432;
6878 : 6250341;
6879 : 10330018;
6880 : 14342873;
6881 : 13750738;
6882 : 11579830;
6883 : 9540508;
6884 : 7304067;
6885 : 5988985;
6886 : 5331574;
6887 : 5463677;
6888 : 5792647;
6889 : 6056079;
6890 : 6187665;
6891 : 6253457;
6892 : 6253198;
6893 : 6253198;
6894 : 6253200;
6895 : 6187664;
6896 : 6187664;
6897 : 6187664;
6898 : 6187664;
6899 : 6187922;
6900 : 5529474;
6901 : 12566980;
6902 : 16580088;
6903 : 16711421;
6904 : 16777215;
6905 : 14211289;
6906 : 10329501;
6907 : 15856113;
6908 : 16777215;
6909 : 16777215;
6910 : 16777215;
6911 : 16777215;
6912 : 16777215;
6913 : 16777215;
6914 : 16777215;
6915 : 16777215;
6916 : 16777215;
6917 : 16777215;
6918 : 16777215;
6919 : 16777215;
6920 : 16777215;
6921 : 16777215;
6922 : 16777215;
6923 : 16777215;
6924 : 13882323;
6925 : 12566463;
6926 : 16645629;
6927 : 16777215;
6928 : 16777215;
6929 : 16250613;
6930 : 5922671;
6931 : 5990543;
6932 : 6187664;
6933 : 6582164;
6934 : 7108504;
6935 : 7239573;
6936 : 6712967;
6937 : 5922930;
6938 : 4606813;
6939 : 4080214;
6940 : 3882580;
6941 : 3882839;
6942 : 4146013;
6943 : 4211808;
6944 : 3948636;
6945 : 3882842;
6946 : 3817047;
6947 : 3882842;
6948 : 3882842;
6949 : 3882842;
6950 : 3882842;
6951 : 3619671;
6952 : 5329501;
6953 : 14605015;
6954 : 10065816;
6955 : 5133166;
6956 : 6253201;
6957 : 6187664;
6958 : 6385045;
6959 : 4673386;
6960 : 2895681;
6961 : 3948636;
6962 : 3224911;
6963 : 6053478;
6964 : 15790319;
6965 : 16777215;
6966 : 16777215;
6967 : 16777215;
6968 : 16777215;
6969 : 7171704;
6970 : 4870767;
6971 : 4734537;
6972 : 11423286;
6973 : 14049352;
6974 : 14114888;
6975 : 14114888;
6976 : 14114888;
6977 : 14114888;
6978 : 14049352;
6979 : 14114888;
6980 : 14114888;
6981 : 14114888;
6982 : 14114888;
6983 : 14114888;
6984 : 14114888;
6985 : 14443081;
6986 : 8468778;
6987 : 11120046;
6988 : 16777215;
6989 : 16777215;
6990 : 16777215;
6991 : 16777215;
6992 : 16777215;
6993 : 16777215;
6994 : 16777215;
6995 : 16777215;
6996 : 16777215;
6997 : 16777215;
6998 : 15921904;
6999 : 9079699;
7000 : 5002353;
7001 : 6056080;
7002 : 6253457;
7003 : 6187664;
7004 : 6253458;
7005 : 5726596;
7006 : 5397373;
7007 : 5397630;
7008 : 5660280;
7009 : 6055296;
7010 : 5858176;
7011 : 6121605;
7012 : 6318987;
7013 : 6450574;
7014 : 6516367;
7015 : 6252939;
7016 : 6121864;
7017 : 6187402;
7018 : 6187662;
7019 : 6187664;
7020 : 6187405;
7021 : 6187661;
7022 : 6253457;
7023 : 6253457;
7024 : 6318992;
7025 : 6253457;
7026 : 6121613;
7027 : 5989769;
7028 : 5527920;
7029 : 14078929;
7030 : 16579578;
7031 : 16645885;
7032 : 16053743;
7033 : 16580088;
7034 : 14145746;
7035 : 10132376;
7036 : 16382457;
7037 : 16777215;
7038 : 16777215;
7039 : 16777215;
7040 : 16777215;
7041 : 16777215;
7042 : 16777215;
7043 : 16777215;
7044 : 16777215;
7045 : 16777215;
7046 : 16777215;
7047 : 16777215;
7048 : 16777215;
7049 : 16777215;
7050 : 16777215;
7051 : 14211288;
7052 : 12632256;
7053 : 16711422;
7054 : 16777215;
7055 : 16777215;
7056 : 16777215;
7057 : 16777215;
7058 : 8685457;
7059 : 5661577;
7060 : 6187664;
7061 : 6122128;
7062 : 6187664;
7063 : 6318993;
7064 : 6582419;
7065 : 7174297;
7066 : 7700125;
7067 : 7568535;
7068 : 6976138;
7069 : 5725813;
7070 : 4540765;
7071 : 3816787;
7072 : 3422287;
7073 : 3487824;
7074 : 3619667;
7075 : 3816791;
7076 : 3882842;
7077 : 3948635;
7078 : 3948636;
7079 : 3817050;
7080 : 3093059;
7081 : 7960698;
7082 : 5725043;
7083 : 6056078;
7084 : 6187921;
7085 : 6319252;
7086 : 4279144;
7087 : 2369595;
7088 : 3553878;
7089 : 3093326;
7090 : 4672083;
7091 : 15329768;
7092 : 16777215;
7093 : 16777215;
7094 : 16777215;
7095 : 16777215;
7096 : 16447992;
7097 : 5658981;
7098 : 5133681;
7099 : 4277595;
7100 : 9454385;
7101 : 13983560;
7102 : 14180425;
7103 : 14114888;
7104 : 14114888;
7105 : 14114888;
7106 : 14114888;
7107 : 14114888;
7108 : 14114888;
7109 : 14114888;
7110 : 14114888;
7111 : 14114888;
7112 : 14114889;
7113 : 14311496;
7114 : 6304301;
7115 : 11777980;
7116 : 16777215;
7117 : 16777215;
7118 : 16777215;
7119 : 16777215;
7120 : 16777215;
7121 : 16777215;
7122 : 16777215;
7123 : 16777215;
7124 : 16777215;
7125 : 16777215;
7126 : 16777215;
7127 : 16777215;
7128 : 12303292;
7129 : 5660020;
7130 : 5858700;
7131 : 6253457;
7132 : 6187664;
7133 : 6187921;
7134 : 6385042;
7135 : 7436953;
7136 : 7568536;
7137 : 7436949;
7138 : 7174033;
7139 : 6910609;
7140 : 6581904;
7141 : 6253197;
7142 : 6187147;
7143 : 6187147;
7144 : 6187404;
7145 : 6187147;
7146 : 6187147;
7147 : 6187404;
7148 : 6253200;
7149 : 6187663;
7150 : 5923975;
7151 : 5462906;
7152 : 4870507;
7153 : 3882836;
7154 : 4079959;
7155 : 5001578;
7156 : 4541023;
7157 : 9144714;
7158 : 14670810;
7159 : 16316406;
7160 : 16645628;
7161 : 15922156;
7162 : 16185329;
7163 : 13158851;
7164 : 11776946;
7165 : 16777215;
7166 : 16777215;
7167 : 16777215;
7168 : 16777215;
7169 : 16777215;
7170 : 16777215;
7171 : 16777215;
7172 : 16777215;
7173 : 16777215;
7174 : 16777215;
7175 : 16777215;
7176 : 16777215;
7177 : 16777215;
7178 : 14540253;
7179 : 12237498;
7180 : 16777215;
7181 : 16777215;
7182 : 16777215;
7183 : 16777215;
7184 : 16579836;
7185 : 16184819;
7186 : 9605782;
7187 : 5397632;
7188 : 6319251;
7189 : 6253455;
7190 : 6187919;
7191 : 6187664;
7192 : 6122128;
7193 : 6187664;
7194 : 6319249;
7195 : 6713493;
7196 : 7108248;
7197 : 7436955;
7198 : 7502746;
7199 : 7042450;
7200 : 6055299;
7201 : 5002095;
7202 : 4212577;
7203 : 3751510;
7204 : 3488080;
7205 : 3356493;
7206 : 3290443;
7207 : 3027525;
7208 : 5529216;
7209 : 5529474;
7210 : 6121872;
7211 : 6253457;
7212 : 6253459;
7213 : 4936815;
7214 : 6250853;
7215 : 7632253;
7216 : 6119273;
7217 : 5855840;
7218 : 14342873;
7219 : 16777215;
7220 : 16777215;
7221 : 16777215;
7222 : 16777215;
7223 : 16777215;
7224 : 14606044;
7225 : 4211796;
7226 : 5396340;
7227 : 4476005;
7228 : 8338994;
7229 : 13852230;
7230 : 14180424;
7231 : 14114888;
7232 : 14114888;
7233 : 14114888;
7234 : 14114888;
7235 : 14114888;
7236 : 14114888;
7237 : 14114888;
7238 : 14114888;
7239 : 14114888;
7240 : 14180425;
7241 : 13851973;
7242 : 4599346;
7243 : 10659499;
7244 : 16777215;
7245 : 16777215;
7246 : 16777215;
7247 : 16777215;
7248 : 16777215;
7249 : 16777215;
7250 : 16777215;
7251 : 16777215;
7252 : 16777215;
7253 : 16777215;
7254 : 16777215;
7255 : 16777215;
7256 : 16777215;
7257 : 14474459;
7258 : 6778238;
7259 : 5595528;
7260 : 6253458;
7261 : 6187664;
7262 : 6253456;
7263 : 6516369;
7264 : 6384526;
7265 : 6318990;
7266 : 6253197;
7267 : 6187148;
7268 : 6187148;
7269 : 6187147;
7270 : 6187146;
7271 : 6187403;
7272 : 6187148;
7273 : 6121610;
7274 : 6187146;
7275 : 6187402;
7276 : 5660799;
7277 : 5002095;
7278 : 4936301;
7279 : 5001838;
7280 : 5067630;
7281 : 5198959;
7282 : 5264753;
7283 : 5264752;
7284 : 4804457;
7285 : 7632251;
7286 : 10921122;
7287 : 13947086;
7288 : 16250357;
7289 : 16514041;
7290 : 16053489;
7291 : 16580090;
7292 : 12040118;
7293 : 15066597;
7294 : 16777215;
7295 : 16777215;
7296 : 16777215;
7297 : 16777215;
7298 : 16777215;
7299 : 16777215;
7300 : 16777215;
7301 : 16777215;
7302 : 16777215;
7303 : 16777215;
7304 : 16777215;
7305 : 15987699;
7306 : 11776947;
7307 : 16382457;
7308 : 16777215;
7309 : 16777215;
7310 : 16711422;
7311 : 15526634;
7312 : 14407638;
7313 : 11842224;
7314 : 5197654;
7315 : 4409440;
7316 : 4936301;
7317 : 5528699;
7318 : 5990025;
7319 : 6187664;
7320 : 6253457;
7321 : 6187665;
7322 : 6187664;
7323 : 6122128;
7324 : 6187664;
7325 : 6253457;
7326 : 6385042;
7327 : 6713747;
7328 : 6976916;
7329 : 6977174;
7330 : 6647953;
7331 : 6450575;
7332 : 6121613;
7333 : 5529471;
7334 : 4739435;
7335 : 5200248;
7336 : 6319251;
7337 : 6187921;
7338 : 6187664;
7339 : 6253715;
7340 : 4673645;
7341 : 10461345;
7342 : 16777215;
7343 : 16777215;
7344 : 16777215;
7345 : 16777215;
7346 : 16777215;
7347 : 16777215;
7348 : 16777215;
7349 : 16777215;
7350 : 16777215;
7351 : 16777215;
7352 : 11382189;
7353 : 4343904;
7354 : 5988994;
7355 : 4871282;
7356 : 7486515;
7357 : 13786692;
7358 : 14180681;
7359 : 14114888;
7360 : 14114888;
7361 : 14114888;
7362 : 14114888;
7363 : 13983815;
7364 : 14114888;
7365 : 14114888;
7366 : 14114888;
7367 : 14114888;
7368 : 14246217;
7369 : 13064256;
7370 : 3945280;
7371 : 8817039;
7372 : 16777215;
7373 : 16777215;
7374 : 16777215;
7375 : 16777215;
7376 : 16777215;
7377 : 16777215;
7378 : 16777215;
7379 : 16777215;
7380 : 16777215;
7381 : 16777215;
7382 : 16777215;
7383 : 16777215;
7384 : 16777215;
7385 : 16777215;
7386 : 15527147;
7387 : 8027789;
7388 : 5529476;
7389 : 6253199;
7390 : 6253457;
7391 : 6253458;
7392 : 6187408;
7393 : 6121613;
7394 : 5923717;
7395 : 5726076;
7396 : 5660027;
7397 : 5726079;
7398 : 5923717;
7399 : 6121098;
7400 : 6121354;
7401 : 6121608;
7402 : 6252940;
7403 : 6187663;
7404 : 6121613;
7405 : 6187662;
7406 : 6253457;
7407 : 6253457;
7408 : 6253199;
7409 : 6121356;
7410 : 5989510;
7411 : 5791615;
7412 : 4804459;
7413 : 11645623;
7414 : 14474460;
7415 : 9210504;
7416 : 13420998;
7417 : 15855598;
7418 : 16777214;
7419 : 16711421;
7420 : 15330021;
7421 : 11974324;
7422 : 16711422;
7423 : 16777215;
7424 : 16777215;
7425 : 16777215;
7426 : 16777215;
7427 : 16777215;
7428 : 16777215;
7429 : 16777215;
7430 : 16777215;
7431 : 16777215;
7432 : 16777215;
7433 : 12566463;
7434 : 15329769;
7435 : 16777215;
7436 : 16777215;
7437 : 16447993;
7438 : 14868189;
7439 : 13289157;
7440 : 9013388;
7441 : 5066851;
7442 : 4211803;
7443 : 4869991;
7444 : 4738147;
7445 : 4475231;
7446 : 4738148;
7447 : 5198960;
7448 : 5791873;
7449 : 5990025;
7450 : 6187407;
7451 : 6187664;
7452 : 6187664;
7453 : 6187664;
7454 : 6187664;
7455 : 6121868;
7456 : 6187148;
7457 : 6253455;
7458 : 6318988;
7459 : 6318732;
7460 : 6384782;
7461 : 6450322;
7462 : 6385044;
7463 : 6253458;
7464 : 6187664;
7465 : 6187664;
7466 : 6319251;
7467 : 4673902;
7468 : 9934746;
7469 : 16777215;
7470 : 16777215;
7471 : 16777215;
7472 : 16777215;
7473 : 16777215;
7474 : 16777215;
7475 : 16777215;
7476 : 16777215;
7477 : 16777215;
7478 : 16777215;
7479 : 16777215;
7480 : 7895941;
7481 : 5595268;
7482 : 6253455;
7483 : 5267073;
7484 : 7617846;
7485 : 13917765;
7486 : 14180681;
7487 : 14114888;
7488 : 14114888;
7489 : 14114888;
7490 : 14114888;
7491 : 14049352;
7492 : 14114888;
7493 : 14114888;
7494 : 14114888;
7495 : 14114888;
7496 : 14311753;
7497 : 12473662;
7498 : 4275534;
7499 : 6119532;
7500 : 16579835;
7501 : 16777215;
7502 : 16777215;
7503 : 16777215;
7504 : 16777215;
7505 : 16777215;
7506 : 16777215;
7507 : 16777215;
7508 : 16777215;
7509 : 16777215;
7510 : 16777215;
7511 : 16777215;
7512 : 16777215;
7513 : 16777215;
7514 : 16777215;
7515 : 16250613;
7516 : 8751251;
7517 : 5133935;
7518 : 5067885;
7519 : 5133939;
7520 : 5791873;
7521 : 5791873;
7522 : 5726079;
7523 : 5792129;
7524 : 5989252;
7525 : 6121095;
7526 : 6186890;
7527 : 6187148;
7528 : 6121609;
7529 : 6187402;
7530 : 6252940;
7531 : 6187664;
7532 : 6187664;
7533 : 6187663;
7534 : 6187663;
7535 : 6187664;
7536 : 6187664;
7537 : 6187664;
7538 : 6253201;
7539 : 6253456;
7540 : 5266301;
7541 : 11185328;
7542 : 16777215;
7543 : 14211288;
7544 : 9013126;
7545 : 13026239;
7546 : 15789805;
7547 : 16645628;
7548 : 16382709;
7549 : 12369082;
7550 : 15658734;
7551 : 16777215;
7552 : 16777215;
7553 : 16777215;
7554 : 16777215;
7555 : 16777215;
7556 : 16777215;
7557 : 16777215;
7558 : 16777215;
7559 : 16777215;
7560 : 15132390;
7561 : 12763842;
7562 : 16777215;
7563 : 16777215;
7564 : 16316406;
7565 : 14605017;
7566 : 12697020;
7567 : 6513509;
7568 : 4474977;
7569 : 5199217;
7570 : 5462388;
7571 : 5528183;
7572 : 5659771;
7573 : 5857409;
7574 : 5923460;
7575 : 5923717;
7576 : 5989511;
7577 : 5923974;
7578 : 6121355;
7579 : 6187664;
7580 : 6187405;
7581 : 6121611;
7582 : 6187661;
7583 : 6187663;
7584 : 6187664;
7585 : 6187406;
7586 : 6187403;
7587 : 6187403;
7588 : 6187145;
7589 : 6187146;
7590 : 6253200;
7591 : 6187664;
7592 : 6187664;
7593 : 6319251;
7594 : 4805491;
7595 : 9540246;
7596 : 16777215;
7597 : 16777215;
7598 : 16777215;
7599 : 16777215;
7600 : 16777215;
7601 : 16777215;
7602 : 16777215;
7603 : 16777215;
7604 : 16777215;
7605 : 16777215;
7606 : 16777215;
7607 : 15197925;
7608 : 5923709;
7609 : 6187666;
7610 : 6253458;
7611 : 5398916;
7612 : 8340025;
7613 : 14180167;
7614 : 14180424;
7615 : 14114888;
7616 : 14114888;
7617 : 14114888;
7618 : 14114888;
7619 : 14114888;
7620 : 14114888;
7621 : 14114888;
7622 : 14114888;
7623 : 13983559;
7624 : 14311753;
7625 : 12407870;
7626 : 4473170;
7627 : 4277849;
7628 : 14013908;
7629 : 16777215;
7630 : 16777215;
7631 : 16777215;
7632 : 16777215;
7633 : 16777215;
7634 : 16777215;
7635 : 16777215;
7636 : 16777215;
7637 : 16777215;
7638 : 16777215;
7639 : 16777215;
7640 : 16777215;
7641 : 16777215;
7642 : 16777215;
7643 : 16777215;
7644 : 16711421;
7645 : 14803424;
7646 : 14211285;
7647 : 6053998;
7648 : 5924492;
7649 : 6187661;
7650 : 6253457;
7651 : 6253456;
7652 : 6252940;
7653 : 6253200;
7654 : 6253199;
7655 : 6187404;
7656 : 6187405;
7657 : 6253200;
7658 : 6187404;
7659 : 6187405;
7660 : 6187664;
7661 : 6187664;
7662 : 6187664;
7663 : 6187664;
7664 : 6187664;
7665 : 6187664;
7666 : 6187664;
7667 : 6253458;
7668 : 5266302;
7669 : 11448242;
7670 : 16777215;
7671 : 16777215;
7672 : 13684944;
7673 : 8355196;
7674 : 13552329;
7675 : 15527143;
7676 : 16777214;
7677 : 14803425;
7678 : 14145494;
7679 : 16777215;
7680 : 16777215;
7681 : 16777215;
7682 : 16777215;
7683 : 16777215;
7684 : 16777215;
7685 : 16777215;
7686 : 16777215;
7687 : 16777215;
7688 : 12763842;
7689 : 15329769;
7690 : 16777215;
7691 : 16447736;
7692 : 14539224;
7693 : 11776175;
7694 : 11710895;
7695 : 5856360;
7696 : 5331063;
7697 : 5791873;
7698 : 5989768;
7699 : 6121613;
7700 : 6187407;
7701 : 6187664;
7702 : 6187920;
7703 : 6187919;
7704 : 6187921;
7705 : 6187921;
7706 : 6187664;
7707 : 6187664;
7708 : 6187663;
7709 : 6187405;
7710 : 6187402;
7711 : 6187146;
7712 : 6187148;
7713 : 5989508;
7714 : 5857920;
7715 : 5923716;
7716 : 6121352;
7717 : 6121612;
7718 : 5990028;
7719 : 6187406;
7720 : 6253716;
7721 : 5068924;
7722 : 8027523;
7723 : 16645371;
7724 : 16777215;
7725 : 16777215;
7726 : 16777215;
7727 : 16777215;
7728 : 16777215;
7729 : 16777215;
7730 : 16777215;
7731 : 16777215;
7732 : 16777215;
7733 : 16777215;
7734 : 16777215;
7735 : 10395817;
7736 : 5595527;
7737 : 6187665;
7738 : 6253458;
7739 : 5332865;
7740 : 9389626;
7741 : 14377288;
7742 : 14114888;
7743 : 14180424;
7744 : 14311753;
7745 : 14311753;
7746 : 14377290;
7747 : 14377289;
7748 : 14246217;
7749 : 14180680;
7750 : 14114888;
7751 : 13918022;
7752 : 14312009;
7753 : 12473662;
7754 : 4341583;
7755 : 4475494;
7756 : 9145488;
7757 : 16777215;
7758 : 16777215;
7759 : 16777215;
7760 : 16777215;
7761 : 16777215;
7762 : 16777215;
7763 : 16777215;
7764 : 16777215;
7765 : 16777215;
7766 : 16777215;
7767 : 16777215;
7768 : 16777215;
7769 : 16777215;
7770 : 16777215;
7771 : 16777215;
7772 : 16777215;
7773 : 16777215;
7774 : 16777215;
7775 : 10527400;
7776 : 5463683;
7777 : 6253198;
7778 : 6187664;
7779 : 6253200;
7780 : 6187147;
7781 : 6121867;
7782 : 6187663;
7783 : 6187664;
7784 : 6187664;
7785 : 6187664;
7786 : 6187664;
7787 : 6187664;
7788 : 6187664;
7789 : 6187664;
7790 : 6187664;
7791 : 6187664;
7792 : 6187664;
7793 : 6187664;
7794 : 6187664;
7795 : 6253715;
7796 : 5002870;
7797 : 12434878;
7798 : 16777215;
7799 : 16777215;
7800 : 16777215;
7801 : 12763842;
7802 : 8947333;
7803 : 14276306;
7804 : 16579835;
7805 : 16250871;
7806 : 12895427;
7807 : 16777215;
7808 : 16777215;
7809 : 16777215;
7810 : 16777215;
7811 : 16777215;
7812 : 16777215;
7813 : 16777215;
7814 : 16777215;
7815 : 16316664;
7816 : 12040119;
7817 : 16777215;
7818 : 16514042;
7819 : 14407895;
7820 : 11250088;
7821 : 13355978;
7822 : 14342617;
7823 : 5397109;
7824 : 6252943;
7825 : 6253200;
7826 : 6187665;
7827 : 6187664;
7828 : 6187664;
7829 : 6187664;
7830 : 6187664;
7831 : 6187664;
7832 : 6187664;
7833 : 6187664;
7834 : 6187664;
7835 : 6187664;
7836 : 6187664;
7837 : 6187664;
7838 : 6187663;
7839 : 6187663;
7840 : 6187403;
7841 : 6121609;
7842 : 5989509;
7843 : 5594232;
7844 : 5001837;
7845 : 5791348;
7846 : 7238533;
7847 : 5923193;
7848 : 5199732;
7849 : 8553871;
7850 : 16119284;
7851 : 16777215;
7852 : 16777215;
7853 : 16777215;
7854 : 16777215;
7855 : 16777215;
7856 : 16777215;
7857 : 16777215;
7858 : 16777215;
7859 : 16777215;
7860 : 16777215;
7861 : 16777215;
7862 : 13619150;
7863 : 5857918;
7864 : 6122129;
7865 : 6187664;
7866 : 6253715;
7867 : 5331320;
7868 : 11292476;
7869 : 14705482;
7870 : 14179913;
7871 : 13260613;
7872 : 11620156;
7873 : 10767928;
7874 : 11227962;
7875 : 11489852;
7876 : 11817021;
7877 : 13063747;
7878 : 14179913;
7879 : 14377290;
7880 : 14377545;
7881 : 12604734;
7882 : 4407118;
7883 : 5660802;
7884 : 6054519;
7885 : 15856111;
7886 : 16777215;
7887 : 16777215;
7888 : 16777215;
7889 : 16777215;
7890 : 16777215;
7891 : 16777215;
7892 : 16777215;
7893 : 16777215;
7894 : 16777215;
7895 : 16777215;
7896 : 16777215;
7897 : 16777215;
7898 : 16777215;
7899 : 16777215;
7900 : 16777215;
7901 : 16777215;
7902 : 16777215;
7903 : 13816531;
7904 : 5463164;
7905 : 6253458;
7906 : 6187664;
7907 : 6187664;
7908 : 6187664;
7909 : 6187663;
7910 : 6253198;
7911 : 6187664;
7912 : 6187664;
7913 : 6187664;
7914 : 6187664;
7915 : 6187664;
7916 : 6187664;
7917 : 6187664;
7918 : 6187664;
7919 : 6187664;
7920 : 6187664;
7921 : 6187664;
7922 : 6187664;
7923 : 6253715;
7924 : 4936815;
7925 : 13816529;
7926 : 16777215;
7927 : 16777215;
7928 : 16777215;
7929 : 16777215;
7930 : 11382189;
7931 : 11118245;
7932 : 15855342;
7933 : 16777215;
7934 : 12303291;
7935 : 16448250;
7936 : 16777215;
7937 : 16777215;
7938 : 16777215;
7939 : 16777215;
7940 : 16777215;
7941 : 16777215;
7942 : 16777215;
7943 : 14474460;
7944 : 13421772;
7945 : 16777214;
7946 : 13816269;
7947 : 10723488;
7948 : 14013910;
7949 : 16777215;
7950 : 10790572;
7951 : 5398147;
7952 : 6253457;
7953 : 6187664;
7954 : 6187664;
7955 : 6187664;
7956 : 6187664;
7957 : 6187664;
7958 : 6187664;
7959 : 6187664;
7960 : 6187664;
7961 : 6187664;
7962 : 6187663;
7963 : 6187663;
7964 : 6187664;
7965 : 6187664;
7966 : 6187664;
7967 : 6187664;
7968 : 6187405;
7969 : 6187404;
7970 : 6319249;
7971 : 5529217;
7972 : 6974842;
7973 : 14737631;
7974 : 16579578;
7975 : 15263975;
7976 : 14408410;
7977 : 16579835;
7978 : 16777215;
7979 : 16777215;
7980 : 16777215;
7981 : 16777215;
7982 : 16777215;
7983 : 16777215;
7984 : 16777215;
7985 : 16777215;
7986 : 16777215;
7987 : 16777215;
7988 : 16645371;
7989 : 11645622;
7990 : 5265262;
7991 : 5529218;
7992 : 6253458;
7993 : 6187664;
7994 : 6188180;
7995 : 5919336;
7996 : 12406846;
7997 : 11358523;
7998 : 10444595;
7999 : 11303985;
8000 : 12555827;
8001 : 13936951;
8002 : 14397240;
8003 : 13805367;
8004 : 12423987;
8005 : 10843951;
8006 : 9722159;
8007 : 11226938;
8008 : 13851464;
8009 : 13260864;
8010 : 4866898;
8011 : 5990027;
8012 : 5529733;
8013 : 10001314;
8014 : 16777215;
8015 : 16777215;
8016 : 16777215;
8017 : 16777215;
8018 : 16777215;
8019 : 16777215;
8020 : 16777215;
8021 : 16777215;
8022 : 16777215;
8023 : 16777215;
8024 : 16777215;
8025 : 16777215;
8026 : 16777215;
8027 : 16777215;
8028 : 16777215;
8029 : 16777215;
8030 : 16777215;
8031 : 15856111;
8032 : 5988727;
8033 : 6121873;
8034 : 6187664;
8035 : 6187664;
8036 : 6187664;
8037 : 6187664;
8038 : 6187664;
8039 : 6187664;
8040 : 6187664;
8041 : 6187664;
8042 : 6187664;
8043 : 6187664;
8044 : 6187664;
8045 : 6187664;
8046 : 6187664;
8047 : 6187664;
8048 : 6187664;
8049 : 6187664;
8050 : 6187664;
8051 : 6187666;
8052 : 5396848;
8053 : 15329511;
8054 : 16777215;
8055 : 16777215;
8056 : 16777215;
8057 : 16777215;
8058 : 16448250;
8059 : 10066072;
8060 : 13552586;
8061 : 16777215;
8062 : 12434877;
8063 : 15461355;
8064 : 16777215;
8065 : 16777215;
8066 : 16777215;
8067 : 16777215;
8068 : 16777215;
8069 : 16777215;
8070 : 16777215;
8071 : 12566463;
8072 : 15921649;
8073 : 15131874;
8074 : 10328986;
8075 : 14671582;
8076 : 16777215;
8077 : 16711421;
8078 : 7501444;
8079 : 5858701;
8080 : 6187664;
8081 : 6187664;
8082 : 6187664;
8083 : 6187664;
8084 : 6187664;
8085 : 6187664;
8086 : 6187664;
8087 : 6187664;
8088 : 6187664;
8089 : 6187664;
8090 : 6187662;
8091 : 6187663;
8092 : 6187664;
8093 : 6187406;
8094 : 6121868;
8095 : 6187920;
8096 : 6187664;
8097 : 6253457;
8098 : 5661320;
8099 : 6843516;
8100 : 15592940;
8101 : 16777215;
8102 : 16777215;
8103 : 16777215;
8104 : 16777215;
8105 : 16777215;
8106 : 16777215;
8107 : 16777215;
8108 : 16777215;
8109 : 16777215;
8110 : 16777215;
8111 : 16777215;
8112 : 16777215;
8113 : 16777215;
8114 : 16777215;
8115 : 14737631;
8116 : 8290958;
8117 : 5397886;
8118 : 6121872;
8119 : 5002353;
8120 : 6187664;
8121 : 6187664;
8122 : 6056853;
8123 : 5457224;
8124 : 10645291;
8125 : 13673782;
8126 : 16041021;
8127 : 16763456;
8128 : 16763200;
8129 : 16762944;
8130 : 16434496;
8131 : 16171840;
8132 : 16763457;
8133 : 16763712;
8134 : 15975229;
8135 : 13739574;
8136 : 11170611;
8137 : 11555128;
8138 : 5126467;
8139 : 5990542;
8140 : 6253459;
8141 : 5199729;
8142 : 14342872;
8143 : 16777215;
8144 : 16777215;
8145 : 16777215;
8146 : 16777215;
8147 : 16777215;
8148 : 16777215;
8149 : 16777215;
8150 : 16777215;
8151 : 16777215;
8152 : 16777215;
8153 : 16777215;
8154 : 16777215;
8155 : 16777215;
8156 : 16777215;
8157 : 16777215;
8158 : 16777215;
8159 : 16777214;
8160 : 7633029;
8161 : 5858701;
8162 : 6187664;
8163 : 6187664;
8164 : 6187664;
8165 : 6187664;
8166 : 6187664;
8167 : 6187664;
8168 : 6187664;
8169 : 6187664;
8170 : 6187664;
8171 : 6187663;
8172 : 6187663;
8173 : 6187664;
8174 : 6187664;
8175 : 6187664;
8176 : 6187664;
8177 : 6187664;
8178 : 6187664;
8179 : 6056079;
8180 : 6383224;
8181 : 16382199;
8182 : 16777215;
8183 : 16777215;
8184 : 16777215;
8185 : 16777215;
8186 : 16777215;
8187 : 15066597;
8188 : 10592158;
8189 : 16447991;
8190 : 13158600;
8191 : 14606046;
8192 : 16777215;
8193 : 16777215;
8194 : 16777215;
8195 : 16777215;
8196 : 16777215;
8197 : 16777215;
8198 : 16514043;
8199 : 12566463;
8200 : 16053234;
8201 : 10986916;
8202 : 15132390;
8203 : 16777215;
8204 : 16777215;
8205 : 15395303;
8206 : 5594228;
8207 : 6187665;
8208 : 6187664;
8209 : 6187664;
8210 : 6187664;
8211 : 6187664;
8212 : 6187664;
8213 : 6187664;
8214 : 6187664;
8215 : 6187663;
8216 : 6187663;
8217 : 6187664;
8218 : 6187664;
8219 : 6187664;
8220 : 6187664;
8221 : 6187664;
8222 : 6187663;
8223 : 6187664;
8224 : 6187921;
8225 : 5858957;
8226 : 6054517;
8227 : 15066595;
8228 : 16777215;
8229 : 16777215;
8230 : 16777215;
8231 : 16777215;
8232 : 16777215;
8233 : 16777215;
8234 : 16777215;
8235 : 16777215;
8236 : 16777215;
8237 : 16777215;
8238 : 16777215;
8239 : 16777215;
8240 : 16777215;
8241 : 16448249;
8242 : 11053484;
8243 : 6251899;
8244 : 6516111;
8245 : 7108248;
8246 : 7108248;
8247 : 5857661;
8248 : 5200248;
8249 : 5990544;
8250 : 5068924;
8251 : 11045434;
8252 : 16764223;
8253 : 16763200;
8254 : 16565823;
8255 : 16500031;
8256 : 16500031;
8257 : 16106047;
8258 : 15711806;
8259 : 16040255;
8260 : 16499776;
8261 : 16434239;
8262 : 16565823;
8263 : 16763200;
8264 : 16369727;
8265 : 13804085;
8266 : 5259312;
8267 : 5727629;
8268 : 6253458;
8269 : 5661577;
8270 : 7172477;
8271 : 16316663;
8272 : 16777215;
8273 : 16777215;
8274 : 16777215;
8275 : 16777215;
8276 : 16777215;
8277 : 16777215;
8278 : 16777215;
8279 : 16777215;
8280 : 16777215;
8281 : 16777215;
8282 : 16777215;
8283 : 16777215;
8284 : 16777215;
8285 : 16777215;
8286 : 16777215;
8287 : 16777215;
8288 : 9474712;
8289 : 5398147;
8290 : 6187665;
8291 : 6187664;
8292 : 6187664;
8293 : 6187664;
8294 : 6187664;
8295 : 6187664;
8296 : 6187664;
8297 : 6187664;
8298 : 6187664;
8299 : 6187664;
8300 : 6187664;
8301 : 6187664;
8302 : 6187664;
8303 : 6187664;
8304 : 6187664;
8305 : 6187664;
8306 : 6187664;
8307 : 5727371;
8308 : 8159372;
8309 : 16777215;
8310 : 16777215;
8311 : 16777215;
8312 : 16777215;
8313 : 16777215;
8314 : 16777215;
8315 : 16777215;
8316 : 12566206;
8317 : 13289671;
8318 : 14342617;
8319 : 14145495;
8320 : 16777215;
8321 : 16777215;
8322 : 16777215;
8323 : 16777215;
8324 : 16777215;
8325 : 16777215;
8326 : 15329769;
8327 : 13289929;
8328 : 12039863;
8329 : 14803425;
8330 : 16777215;
8331 : 16777215;
8332 : 16777215;
8333 : 12698051;
8334 : 5331837;
8335 : 6253458;
8336 : 6187664;
8337 : 6187664;
8338 : 6187664;
8339 : 6187664;
8340 : 6187664;
8341 : 6187664;
8342 : 6187664;
8343 : 6187664;
8344 : 6187664;
8345 : 6187664;
8346 : 6187664;
8347 : 6187664;
8348 : 6187664;
8349 : 6187664;
8350 : 6187664;
8351 : 6187664;
8352 : 6056336;
8353 : 5199467;
8354 : 13684687;
8355 : 16777215;
8356 : 16777215;
8357 : 16777215;
8358 : 16777215;
8359 : 16777215;
8360 : 16777215;
8361 : 16777215;
8362 : 16777215;
8363 : 16777215;
8364 : 16777215;
8365 : 16777215;
8366 : 16777215;
8367 : 16777215;
8368 : 14474459;
8369 : 7369598;
8370 : 5989249;
8371 : 7173785;
8372 : 7305368;
8373 : 7305624;
8374 : 7502746;
8375 : 7502746;
8376 : 4146778;
8377 : 8225684;
8378 : 9737103;
8379 : 14199349;
8380 : 16631616;
8381 : 16500031;
8382 : 16434495;
8383 : 16434496;
8384 : 16500288;
8385 : 16237376;
8386 : 16040256;
8387 : 16434496;
8388 : 16434496;
8389 : 15908927;
8390 : 16368703;
8391 : 16500031;
8392 : 16565567;
8393 : 16764736;
8394 : 10190386;
8395 : 5003392;
8396 : 6253458;
8397 : 6319251;
8398 : 5068922;
8399 : 8684938;
8400 : 16711421;
8401 : 16777215;
8402 : 16777215;
8403 : 13158600;
8404 : 14145495;
8405 : 16777215;
8406 : 16777215;
8407 : 16777215;
8408 : 16777215;
8409 : 16777215;
8410 : 16777215;
8411 : 16777215;
8412 : 16777215;
8413 : 16777215;
8414 : 16777215;
8415 : 16777215;
8416 : 12369342;
8417 : 5068663;
8418 : 6253714;
8419 : 6187664;
8420 : 6187664;
8421 : 6187664;
8422 : 6187664;
8423 : 6187664;
8424 : 6187664;
8425 : 6187664;
8426 : 6187664;
8427 : 6187664;
8428 : 6187664;
8429 : 6187664;
8430 : 6187664;
8431 : 6187662;
8432 : 6253198;
8433 : 6187664;
8434 : 6253201;
8435 : 5463940;
8436 : 10658986;
8437 : 16777215;
8438 : 16777215;
8439 : 16777215;
8440 : 16777215;
8441 : 16777215;
8442 : 16777215;
8443 : 16777215;
8444 : 16185079;
8445 : 10921381;
8446 : 13816529;
8447 : 13684944;
8448 : 16777215;
8449 : 16777215;
8450 : 16777215;
8451 : 16777215;
8452 : 16777215;
8453 : 16777215;
8454 : 13816530;
8455 : 9934743;
8456 : 14342874;
8457 : 16777215;
8458 : 16777215;
8459 : 16777215;
8460 : 16777215;
8461 : 9343386;
8462 : 5595527;
8463 : 6187664;
8464 : 6187664;
8465 : 6187664;
8466 : 6187664;
8467 : 6187664;
8468 : 6187664;
8469 : 6187664;
8470 : 6187664;
8471 : 6187664;
8472 : 6187664;
8473 : 6187664;
8474 : 6187664;
8475 : 6187664;
8476 : 6187664;
8477 : 6187664;
8478 : 6187664;
8479 : 6253715;
8480 : 4804972;
8481 : 12237498;
8482 : 16777215;
8483 : 16777215;
8484 : 16777215;
8485 : 16777215;
8486 : 16777215;
8487 : 16777215;
8488 : 16777215;
8489 : 16777215;
8490 : 16777215;
8491 : 16777215;
8492 : 16777215;
8493 : 16777215;
8494 : 16777215;
8495 : 11711154;
8496 : 6383222;
8497 : 7107988;
8498 : 7897245;
8499 : 7896987;
8500 : 7897244;
8501 : 8028830;
8502 : 7568022;
8503 : 6909567;
8504 : 11842743;
8505 : 16382458;
8506 : 11115122;
8507 : 16105271;
8508 : 16368704;
8509 : 16500545;
8510 : 16237891;
8511 : 15843651;
8512 : 16106564;
8513 : 16435013;
8514 : 16566085;
8515 : 16500549;
8516 : 16435269;
8517 : 16369220;
8518 : 16435011;
8519 : 16500290;
8520 : 16500031;
8521 : 16763200;
8522 : 13279027;
8523 : 4739435;
8524 : 6582166;
8525 : 6845333;
8526 : 6977177;
8527 : 4804973;
8528 : 10198174;
8529 : 16777215;
8530 : 13750737;
8531 : 12632255;
8532 : 9868950;
8533 : 16777215;
8534 : 16777215;
8535 : 16777215;
8536 : 16777215;
8537 : 16777215;
8538 : 16777215;
8539 : 16777215;
8540 : 16777215;
8541 : 16777215;
8542 : 16777215;
8543 : 16777215;
8544 : 14737630;
8545 : 5133935;
8546 : 6253459;
8547 : 6187664;
8548 : 6187664;
8549 : 6187664;
8550 : 6187664;
8551 : 6187664;
8552 : 6187664;
8553 : 6187405;
8554 : 6252941;
8555 : 6252941;
8556 : 6187404;
8557 : 6187663;
8558 : 6187664;
8559 : 6187406;
8560 : 6187406;
8561 : 6187664;
8562 : 6253200;
8563 : 5266041;
8564 : 12237757;
8565 : 16777215;
8566 : 16777215;
8567 : 16777215;
8568 : 16777215;
8569 : 16777215;
8570 : 16777215;
8571 : 16777215;
8572 : 16777215;
8573 : 14540253;
8574 : 10197658;
8575 : 14408411;
8576 : 16777215;
8577 : 16777215;
8578 : 16777215;
8579 : 16777215;
8580 : 16777215;
8581 : 16777215;
8582 : 13421772;
8583 : 12105912;
8584 : 16777215;
8585 : 16777215;
8586 : 16777215;
8587 : 16777215;
8588 : 16514041;
8589 : 6843774;
8590 : 5990287;
8591 : 6187664;
8592 : 6187664;
8593 : 6187664;
8594 : 6187664;
8595 : 6187664;
8596 : 6187664;
8597 : 6187664;
8598 : 6187664;
8599 : 6187664;
8600 : 6187664;
8601 : 6187664;
8602 : 6187664;
8603 : 6187664;
8604 : 6187664;
8605 : 6187664;
8606 : 6319251;
8607 : 4739699;
8608 : 9540245;
8609 : 16777215;
8610 : 16777215;
8611 : 16777215;
8612 : 16777215;
8613 : 16777215;
8614 : 16777215;
8615 : 16777215;
8616 : 16777215;
8617 : 16777215;
8618 : 16777215;
8619 : 16777215;
8620 : 16777215;
8621 : 16448249;
8622 : 9606035;
8623 : 5725809;
8624 : 7897245;
8625 : 8028574;
8626 : 7962780;
8627 : 7962780;
8628 : 8094366;
8629 : 7041933;
8630 : 7764612;
8631 : 14342617;
8632 : 16777215;
8633 : 13750995;
8634 : 5195831;
8635 : 14725432;
8636 : 16764230;
8637 : 16435013;
8638 : 16238149;
8639 : 16238150;
8640 : 16106822;
8641 : 16172615;
8642 : 16501320;
8643 : 16501062;
8644 : 16435269;
8645 : 16435269;
8646 : 16435269;
8647 : 16435269;
8648 : 16435268;
8649 : 16631617;
8650 : 15711032;
8651 : 5723733;
8652 : 6780057;
8653 : 7107990;
8654 : 7107990;
8655 : 7108248;
8656 : 5199470;
8657 : 10066588;
8658 : 11842737;
8659 : 16053486;
8660 : 10526879;
8661 : 16777215;
8662 : 16777215;
8663 : 16777215;
8664 : 16777215;
8665 : 16777215;
8666 : 16777215;
8667 : 16777215;
8668 : 16777215;
8669 : 16777215;
8670 : 16777215;
8671 : 16777215;
8672 : 16316406;
8673 : 5922927;
8674 : 6056080;
8675 : 6187664;
8676 : 6187664;
8677 : 6187664;
8678 : 6187664;
8679 : 6187664;
8680 : 6253200;
8681 : 6187148;
8682 : 6187405;
8683 : 6187663;
8684 : 6121610;
8685 : 6121611;
8686 : 6187661;
8687 : 6187663;
8688 : 6187665;
8689 : 6187664;
8690 : 6253458;
8691 : 5331832;
8692 : 13816530;
8693 : 16777215;
8694 : 16777215;
8695 : 16777215;
8696 : 16777215;
8697 : 16777215;
8698 : 16777215;
8699 : 16777215;
8700 : 16777215;
8701 : 16777215;
8702 : 11316396;
8703 : 14935011;
8704 : 16777215;
8705 : 16777215;
8706 : 16777215;
8707 : 16777215;
8708 : 16777215;
8709 : 16777215;
8710 : 16777215;
8711 : 16777215;
8712 : 16777215;
8713 : 16777215;
8714 : 16777215;
8715 : 16777215;
8716 : 14803167;
8717 : 5396852;
8718 : 6187922;
8719 : 6187663;
8720 : 6187664;
8721 : 6187664;
8722 : 6187664;
8723 : 6187664;
8724 : 6187664;
8725 : 6187664;
8726 : 6187664;
8727 : 6187664;
8728 : 6187664;
8729 : 6187664;
8730 : 6187664;
8731 : 6187664;
8732 : 6187664;
8733 : 6253714;
8734 : 5463940;
8735 : 6711922;
8736 : 16185076;
8737 : 16777215;
8738 : 16777215;
8739 : 16777215;
8740 : 16777215;
8741 : 16777215;
8742 : 16777215;
8743 : 16777215;
8744 : 16777215;
8745 : 16777215;
8746 : 16777215;
8747 : 16777215;
8748 : 15329511;
8749 : 7698043;
8750 : 6120571;
8751 : 7963294;
8752 : 7897244;
8753 : 7897244;
8754 : 7831449;
8755 : 7963037;
8756 : 6910090;
8757 : 9408920;
8758 : 16119284;
8759 : 16777215;
8760 : 16579579;
8761 : 7698040;
8762 : 5069183;
8763 : 6249557;
8764 : 14134330;
8765 : 16566855;
8766 : 16238408;
8767 : 16566857;
8768 : 16566857;
8769 : 16501321;
8770 : 16435529;
8771 : 16369993;
8772 : 16501321;
8773 : 16435527;
8774 : 16500806;
8775 : 16435270;
8776 : 16501062;
8777 : 16500549;
8778 : 16762942;
8779 : 8153924;
8780 : 6516629;
8781 : 7173782;
8782 : 7173783;
8783 : 7173526;
8784 : 7042200;
8785 : 5067360;
8786 : 15132388;
8787 : 16579834;
8788 : 10395292;
8789 : 16579836;
8790 : 16777215;
8791 : 16777215;
8792 : 16777215;
8793 : 16777215;
8794 : 16777215;
8795 : 16777215;
8796 : 16777215;
8797 : 16777215;
8798 : 16777215;
8799 : 16777215;
8800 : 16777215;
8801 : 8290698;
8802 : 5595527;
8803 : 6187664;
8804 : 6187664;
8805 : 6187664;
8806 : 6121612;
8807 : 6187147;
8808 : 6187404;
8809 : 6187404;
8810 : 6187404;
8811 : 6187405;
8812 : 6187146;
8813 : 6187146;
8814 : 6187145;
8815 : 6187401;
8816 : 6187405;
8817 : 6187662;
8818 : 6253458;
8819 : 5857400;
8820 : 15526889;
8821 : 16777215;
8822 : 16777215;
8823 : 16777215;
8824 : 16777215;
8825 : 16777215;
8826 : 16777215;
8827 : 16777215;
8828 : 16777215;
8829 : 16777215;
8830 : 16777215;
8831 : 16777215;
8832 : 16777215;
8833 : 16777215;
8834 : 16777215;
8835 : 16777215;
8836 : 16777215;
8837 : 16777215;
8838 : 16777215;
8839 : 16777215;
8840 : 16777215;
8841 : 16777215;
8842 : 16777215;
8843 : 16777215;
8844 : 12171706;
8845 : 5068663;
8846 : 6253458;
8847 : 6187662;
8848 : 6187664;
8849 : 6187664;
8850 : 6187662;
8851 : 6187663;
8852 : 6187664;
8853 : 6187664;
8854 : 6187664;
8855 : 6187664;
8856 : 6187664;
8857 : 6187664;
8858 : 6187664;
8859 : 6187664;
8860 : 6187664;
8861 : 5924750;
8862 : 5198692;
8863 : 14869216;
8864 : 16777215;
8865 : 16777215;
8866 : 16777215;
8867 : 16777215;
8868 : 16777215;
8869 : 16777215;
8870 : 16777215;
8871 : 16777215;
8872 : 16777215;
8873 : 16777215;
8874 : 16777215;
8875 : 14803167;
8876 : 5790562;
8877 : 6581381;
8878 : 8160161;
8879 : 7962780;
8880 : 7962780;
8881 : 7962780;
8882 : 7897501;
8883 : 7304850;
8884 : 7171957;
8885 : 16447992;
8886 : 16777215;
8887 : 16184564;
8888 : 12434104;
8889 : 4080206;
8890 : 5989506;
8891 : 6977436;
8892 : 6118487;
8893 : 14069310;
8894 : 16765006;
8895 : 16436301;
8896 : 16436302;
8897 : 16436302;
8898 : 16370766;
8899 : 16304975;
8900 : 16436559;
8901 : 16436560;
8902 : 16436303;
8903 : 16501837;
8904 : 16501579;
8905 : 16501063;
8906 : 16764485;
8907 : 8612913;
8908 : 6516367;
8909 : 7897246;
8910 : 7831452;
8911 : 7765660;
8912 : 6713228;
8913 : 9671576;
8914 : 16777215;
8915 : 16579834;
8916 : 11119015;
8917 : 16514044;
8918 : 16777215;
8919 : 16777215;
8920 : 16777215;
8921 : 16777215;
8922 : 16777215;
8923 : 16777215;
8924 : 16777215;
8925 : 16777215;
8926 : 16777215;
8927 : 16777215;
8928 : 16777215;
8929 : 11119276;
8930 : 5200252;
8931 : 6253458;
8932 : 6187664;
8933 : 6187664;
8934 : 6187663;
8935 : 6187405;
8936 : 6187146;
8937 : 6187146;
8938 : 6187147;
8939 : 6187147;
8940 : 6187146;
8941 : 6121865;
8942 : 6187401;
8943 : 6187403;
8944 : 6187146;
8945 : 6187146;
8946 : 5990026;
8947 : 6975103;
8948 : 16514042;
8949 : 16777215;
8950 : 16777215;
8951 : 16777215;
8952 : 16777215;
8953 : 16777215;
8954 : 16777215;
8955 : 16777215;
8956 : 16777215;
8957 : 16777215;
8958 : 16777215;
8959 : 16777215;
8960 : 16777215;
8961 : 16777215;
8962 : 16777215;
8963 : 16777215;
8964 : 16777215;
8965 : 16777215;
8966 : 16777215;
8967 : 16777215;
8968 : 16777215;
8969 : 16777215;
8970 : 16777215;
8971 : 16777215;
8972 : 9079955;
8973 : 5529477;
8974 : 6253457;
8975 : 6187664;
8976 : 6187664;
8977 : 6187664;
8978 : 6187663;
8979 : 6187664;
8980 : 6187664;
8981 : 6187664;
8982 : 6187664;
8983 : 6187664;
8984 : 6187664;
8985 : 6187664;
8986 : 6187664;
8987 : 6187664;
8988 : 6187922;
8989 : 5199472;
8990 : 13224648;
8991 : 16777215;
8992 : 16777215;
8993 : 16777215;
8994 : 16777215;
8995 : 16777215;
8996 : 16777215;
8997 : 16777215;
8998 : 16777215;
8999 : 16777215;
9000 : 16777215;
9001 : 16777215;
9002 : 13816528;
9003 : 5922408;
9004 : 7107727;
9005 : 8094367;
9006 : 7831194;
9007 : 7897244;
9008 : 7897243;
9009 : 7896987;
9010 : 7963294;
9011 : 6252157;
9012 : 10526108;
9013 : 15723755;
9014 : 14868703;
9015 : 13420743;
9016 : 7039856;
9017 : 5462906;
9018 : 5594232;
9019 : 7502492;
9020 : 7371419;
9021 : 6906706;
9022 : 15253062;
9023 : 16568145;
9024 : 16107598;
9025 : 16436560;
9026 : 16436560;
9027 : 16436560;
9028 : 16436560;
9029 : 16436560;
9030 : 16436560;
9031 : 16436560;
9032 : 16436560;
9033 : 16567629;
9034 : 16041027;
9035 : 5195832;
9036 : 6055039;
9037 : 8029088;
9038 : 7897244;
9039 : 7963038;
9040 : 6514550;
9041 : 12302515;
9042 : 15395556;
9043 : 15922154;
9044 : 10987685;
9045 : 16645629;
9046 : 16777215;
9047 : 16777215;
9048 : 16579836;
9049 : 11842740;
9050 : 13290186;
9051 : 16777215;
9052 : 16777215;
9053 : 16777215;
9054 : 16777215;
9055 : 16777215;
9056 : 16777215;
9057 : 13750737;
9058 : 5266297;
9059 : 6253458;
9060 : 6187664;
9061 : 6187664;
9062 : 6187664;
9063 : 6187405;
9064 : 6187146;
9065 : 6121611;
9066 : 6187147;
9067 : 6187147;
9068 : 6187147;
9069 : 6187147;
9070 : 6187405;
9071 : 6253199;
9072 : 6187147;
9073 : 6187405;
9074 : 5727113;
9075 : 9409181;
9076 : 16777215;
9077 : 16777215;
9078 : 16777215;
9079 : 16777215;
9080 : 16777215;
9081 : 16777215;
9082 : 16777215;
9083 : 16777215;
9084 : 16777215;
9085 : 16777215;
9086 : 16777215;
9087 : 16777215;
9088 : 16777215;
9089 : 16777215;
9090 : 16777215;
9091 : 16777215;
9092 : 16777215;
9093 : 16777215;
9094 : 16777215;
9095 : 16777215;
9096 : 16777215;
9097 : 16777215;
9098 : 16777215;
9099 : 16645372;
9100 : 6843771;
9101 : 5924492;
9102 : 6187405;
9103 : 6187664;
9104 : 6187664;
9105 : 6187664;
9106 : 6187664;
9107 : 6187664;
9108 : 6187664;
9109 : 6187664;
9110 : 6187663;
9111 : 6187664;
9112 : 6187664;
9113 : 6187664;
9114 : 6187664;
9115 : 6253714;
9116 : 5200507;
9117 : 10790056;
9118 : 16777215;
9119 : 16777215;
9120 : 16777215;
9121 : 16777215;
9122 : 16777215;
9123 : 16777215;
9124 : 16777215;
9125 : 16777215;
9126 : 16777215;
9127 : 16777215;
9128 : 16777215;
9129 : 13290185;
9130 : 5067103;
9131 : 7305108;
9132 : 8094367;
9133 : 7962780;
9134 : 7897244;
9135 : 7765914;
9136 : 7634583;
9137 : 7700119;
9138 : 7963294;
9139 : 6054517;
9140 : 11184037;
9141 : 13749707;
9142 : 12894655;
9143 : 9605519;
9144 : 5067107;
9145 : 6121099;
9146 : 5726592;
9147 : 7042453;
9148 : 7765660;
9149 : 7239576;
9150 : 7563596;
9151 : 15910473;
9152 : 16568144;
9153 : 16436560;
9154 : 16436560;
9155 : 16436560;
9156 : 16436560;
9157 : 16436560;
9158 : 16436560;
9159 : 16436560;
9160 : 16436560;
9161 : 16765519;
9162 : 12229444;
9163 : 5660540;
9164 : 5528175;
9165 : 8029087;
9166 : 7831707;
9167 : 7765659;
9168 : 6053221;
9169 : 12565688;
9170 : 13552584;
9171 : 14342612;
9172 : 6711143;
9173 : 12500671;
9174 : 16777215;
9175 : 16514043;
9176 : 12566463;
9177 : 12237497;
9178 : 10526880;
9179 : 16777215;
9180 : 16777215;
9181 : 16777215;
9182 : 16777215;
9183 : 16777215;
9184 : 16777215;
9185 : 15526890;
9186 : 5660277;
9187 : 6187665;
9188 : 6187662;
9189 : 6187664;
9190 : 6187406;
9191 : 6187146;
9192 : 6252941;
9193 : 6187404;
9194 : 6187147;
9195 : 6187147;
9196 : 6187147;
9197 : 6187147;
9198 : 6187147;
9199 : 6187147;
9200 : 6187402;
9201 : 6253197;
9202 : 5463681;
9203 : 11514294;
9204 : 16777215;
9205 : 16777215;
9206 : 16777215;
9207 : 16777215;
9208 : 16777215;
9209 : 16777215;
9210 : 16777215;
9211 : 16777215;
9212 : 16777215;
9213 : 16777215;
9214 : 16777215;
9215 : 16777215;
9216 : 16777215;
9217 : 16777215;
9218 : 16777215;
9219 : 16777215;
9220 : 16777215;
9221 : 16777215;
9222 : 16777215;
9223 : 16777215;
9224 : 16777215;
9225 : 16777215;
9226 : 16777215;
9227 : 15526889;
9228 : 5660276;
9229 : 6187666;
9230 : 6187664;
9231 : 6187663;
9232 : 6187404;
9233 : 6187663;
9234 : 6187664;
9235 : 6187663;
9236 : 6187664;
9237 : 6187664;
9238 : 6122125;
9239 : 6187664;
9240 : 6187664;
9241 : 6122126;
9242 : 6187920;
9243 : 5595528;
9244 : 7764614;
9245 : 16579834;
9246 : 16777215;
9247 : 16777215;
9248 : 16777215;
9249 : 16777215;
9250 : 16777215;
9251 : 16777215;
9252 : 16777215;
9253 : 16777215;
9254 : 16777215;
9255 : 16777215;
9256 : 13422028;
9257 : 5067360;
9258 : 6779279;
9259 : 7963036;
9260 : 7831449;
9261 : 7831193;
9262 : 7962779;
9263 : 7896987;
9264 : 7700377;
9265 : 7963037;
9266 : 7765403;
9267 : 6712707;
9268 : 8158336;
9269 : 8750730;
9270 : 7040377;
9271 : 5659504;
9272 : 6450316;
9273 : 6187664;
9274 : 6319249;
9275 : 7042198;
9276 : 7765403;
9277 : 8094367;
9278 : 6910610;
9279 : 8154691;
9280 : 16239178;
9281 : 16568145;
9282 : 16436560;
9283 : 16436560;
9284 : 16436560;
9285 : 16436560;
9286 : 16436560;
9287 : 16436559;
9288 : 16568143;
9289 : 15976008;
9290 : 6973020;
9291 : 6648215;
9292 : 5660020;
9293 : 7896985;
9294 : 7765655;
9295 : 7897756;
9296 : 5791087;
9297 : 8223867;
9298 : 12894396;
9299 : 12762808;
9300 : 6579820;
9301 : 6449273;
9302 : 12763842;
9303 : 12763841;
9304 : 14408921;
9305 : 15066596;
9306 : 11711154;
9307 : 16777215;
9308 : 16777215;
9309 : 16777215;
9310 : 16777215;
9311 : 16777215;
9312 : 16777215;
9313 : 16645628;
9314 : 7304067;
9315 : 5924494;
9316 : 6187661;
9317 : 6187664;
9318 : 6187407;
9319 : 6187147;
9320 : 6187147;
9321 : 6187147;
9322 : 6187148;
9323 : 6187147;
9324 : 6187147;
9325 : 6187148;
9326 : 6187147;
9327 : 6187147;
9328 : 6187147;
9329 : 6187404;
9330 : 5397370;
9331 : 13356237;
9332 : 16777215;
9333 : 16777215;
9334 : 16777215;
9335 : 16777215;
9336 : 16777215;
9337 : 16777215;
9338 : 16777215;
9339 : 16777215;
9340 : 16777215;
9341 : 16777215;
9342 : 16777215;
9343 : 16777215;
9344 : 16777215;
9345 : 16777215;
9346 : 16777215;
9347 : 16777215;
9348 : 16777215;
9349 : 16777215;
9350 : 16777215;
9351 : 16777215;
9352 : 16777215;
9353 : 16777215;
9354 : 16777215;
9355 : 13487308;
9356 : 5068404;
9357 : 6253458;
9358 : 6187664;
9359 : 6253199;
9360 : 6187404;
9361 : 6187663;
9362 : 6187664;
9363 : 6121611;
9364 : 6187405;
9365 : 6187664;
9366 : 6187664;
9367 : 6187664;
9368 : 6187664;
9369 : 6187664;
9370 : 6121873;
9371 : 5857657;
9372 : 14803424;
9373 : 16777215;
9374 : 16777215;
9375 : 16777215;
9376 : 16777215;
9377 : 16777215;
9378 : 16777215;
9379 : 16777215;
9380 : 16777215;
9381 : 16777215;
9382 : 16777215;
9383 : 13355978;
9384 : 5725553;
9385 : 6845075;
9386 : 7568536;
9387 : 7896987;
9388 : 7831449;
9389 : 7634583;
9390 : 7700119;
9391 : 7896986;
9392 : 7765916;
9393 : 6844295;
9394 : 8751251;
9395 : 6843513;
9396 : 7305364;
9397 : 6910351;
9398 : 6910611;
9399 : 7108249;
9400 : 6450578;
9401 : 6187664;
9402 : 6187664;
9403 : 6845078;
9404 : 7897244;
9405 : 7962780;
9406 : 8094368;
9407 : 6384521;
9408 : 9008702;
9409 : 16699726;
9410 : 16502096;
9411 : 16436560;
9412 : 16436560;
9413 : 16436560;
9414 : 16436560;
9415 : 16238926;
9416 : 16765259;
9417 : 10323005;
9418 : 5990282;
9419 : 6779543;
9420 : 4870505;
9421 : 7634071;
9422 : 7831449;
9423 : 7700118;
9424 : 7831447;
9425 : 5725033;
9426 : 7499889;
9427 : 10723484;
9428 : 6909303;
9429 : 7634587;
9430 : 5133409;
9431 : 12303286;
9432 : 16448502;
9433 : 14408664;
9434 : 11447981;
9435 : 16777215;
9436 : 16777215;
9437 : 16777215;
9438 : 16777215;
9439 : 16777215;
9440 : 16777215;
9441 : 16777215;
9442 : 9343388;
9443 : 5661321;
9444 : 6187664;
9445 : 6187664;
9446 : 6122124;
9447 : 6121866;
9448 : 6187146;
9449 : 6187147;
9450 : 6187147;
9451 : 6187148;
9452 : 6187147;
9453 : 6187148;
9454 : 6187148;
9455 : 6187148;
9456 : 6187147;
9457 : 6187149;
9458 : 5660278;
9459 : 15132389;
9460 : 16777215;
9461 : 16777215;
9462 : 16777215;
9463 : 16777215;
9464 : 16777215;
9465 : 16777215;
9466 : 16777215;
9467 : 16777215;
9468 : 16777215;
9469 : 16777215;
9470 : 16777215;
9471 : 16777215;
9472 : 16777215;
9473 : 16777215;
9474 : 16777215;
9475 : 16777215;
9476 : 16777215;
9477 : 16777215;
9478 : 16777215;
9479 : 16777215;
9480 : 16777215;
9481 : 16777215;
9482 : 16777215;
9483 : 11119277;
9484 : 5134715;
9485 : 6187404;
9486 : 6187403;
9487 : 6187405;
9488 : 6187664;
9489 : 6187664;
9490 : 6187407;
9491 : 6187662;
9492 : 6252942;
9493 : 6187405;
9494 : 6187664;
9495 : 6187664;
9496 : 6187664;
9497 : 6253714;
9498 : 5002871;
9499 : 11382448;
9500 : 16777215;
9501 : 16777215;
9502 : 16777215;
9503 : 16777215;
9504 : 16777215;
9505 : 16777215;
9506 : 16777215;
9507 : 16777215;
9508 : 16777215;
9509 : 16777215;
9510 : 13158599;
9511 : 5330794;
9512 : 6779538;
9513 : 7239574;
9514 : 7896987;
9515 : 7896986;
9516 : 7831192;
9517 : 7700120;
9518 : 7766170;
9519 : 7239313;
9520 : 7567496;
9521 : 12500672;
9522 : 15658474;
9523 : 6185582;
9524 : 7436955;
9525 : 7107990;
9526 : 7173526;
9527 : 6713747;
9528 : 6187663;
9529 : 6187664;
9530 : 6187663;
9531 : 6450577;
9532 : 7437209;
9533 : 7765659;
9534 : 7962779;
9535 : 8160417;
9536 : 6186363;
9537 : 11505982;
9538 : 16765521;
9539 : 16436560;
9540 : 16436560;
9541 : 16436303;
9542 : 16501579;
9543 : 16765003;
9544 : 13148731;
9545 : 5528172;
9546 : 6714008;
9547 : 6385044;
9548 : 4804972;
9549 : 6779279;
9550 : 7568793;
9551 : 7765913;
9552 : 7831448;
9553 : 7700119;
9554 : 6646398;
9555 : 6119533;
9556 : 7107208;
9557 : 7239055;
9558 : 8816524;
9559 : 15263713;
9560 : 16316916;
9561 : 14079699;
9562 : 12105912;
9563 : 16777215;
9564 : 16777215;
9565 : 16777215;
9566 : 16777215;
9567 : 16777215;
9568 : 16777215;
9569 : 16777215;
9570 : 11316915;
9571 : 5529476;
9572 : 6253457;
9573 : 6252940;
9574 : 6121865;
9575 : 6121609;
9576 : 6187147;
9577 : 6187147;
9578 : 6187147;
9579 : 6187403;
9580 : 6187147;
9581 : 6187147;
9582 : 6187147;
9583 : 6187147;
9584 : 6187147;
9585 : 5923977;
9586 : 7040894;
9587 : 16579578;
9588 : 16777215;
9589 : 16777215;
9590 : 16777215;
9591 : 16777215;
9592 : 16777215;
9593 : 16777215;
9594 : 16777215;
9595 : 16777215;
9596 : 16777215;
9597 : 16777215;
9598 : 16777215;
9599 : 16777215;
9600 : 16777215;
9601 : 16777215;
9602 : 16777215;
9603 : 16777215;
9604 : 16777215;
9605 : 16777215;
9606 : 16777215;
9607 : 16777215;
9608 : 16777215;
9609 : 16777215;
9610 : 16777215;
9611 : 9935263;
9612 : 5463684;
9613 : 6253199;
9614 : 6187147;
9615 : 6187145;
9616 : 6187402;
9617 : 6187147;
9618 : 6187404;
9619 : 6187664;
9620 : 6187664;
9621 : 6187664;
9622 : 6187664;
9623 : 6187663;
9624 : 6187921;
9625 : 5661577;
9626 : 7961993;
9627 : 16579578;
9628 : 16777215;
9629 : 16777215;
9630 : 16777215;
9631 : 16777215;
9632 : 16777215;
9633 : 16777215;
9634 : 16777215;
9635 : 16777215;
9636 : 16777215;
9637 : 13948115;
9638 : 5396846;
9639 : 6516112;
9640 : 7041938;
9641 : 7436948;
9642 : 7765655;
9643 : 7699863;
9644 : 7700117;
9645 : 7831707;
9646 : 7173777;
9647 : 8882836;
9648 : 15395561;
9649 : 16777215;
9650 : 11250344;
9651 : 5725815;
9652 : 7239578;
9653 : 7107990;
9654 : 7042454;
9655 : 6319248;
9656 : 6187663;
9657 : 6187664;
9658 : 6187404;
9659 : 5199731;
9660 : 6516109;
9661 : 7042454;
9662 : 7305369;
9663 : 7634074;
9664 : 7963041;
9665 : 5922151;
9666 : 13477952;
9667 : 16765264;
9668 : 16501579;
9669 : 16501321;
9670 : 16764233;
9671 : 15120444;
9672 : 6052180;
9673 : 6516375;
9674 : 6516370;
9675 : 6253455;
9676 : 4739180;
9677 : 6384522;
9678 : 7173783;
9679 : 7568538;
9680 : 7962780;
9681 : 7700378;
9682 : 7831707;
9683 : 7897243;
9684 : 7831448;
9685 : 5198687;
9686 : 11052446;
9687 : 13881546;
9688 : 15987694;
9689 : 13422024;
9690 : 13224393;
9691 : 16777215;
9692 : 16777215;
9693 : 16777215;
9694 : 16777215;
9695 : 16777215;
9696 : 16777215;
9697 : 16777215;
9698 : 12698309;
9699 : 5463682;
9700 : 6253456;
9701 : 6187146;
9702 : 6187145;
9703 : 6121610;
9704 : 6187147;
9705 : 6187404;
9706 : 6187404;
9707 : 6187146;
9708 : 6187147;
9709 : 6252940;
9710 : 6187147;
9711 : 6187147;
9712 : 6252940;
9713 : 5397630;
9714 : 9737883;
9715 : 16777215;
9716 : 16777215;
9717 : 16777215;
9718 : 16777215;
9719 : 16777215;
9720 : 16777215;
9721 : 16777215;
9722 : 16777215;
9723 : 16777215;
9724 : 16777215;
9725 : 16777215;
9726 : 16777215;
9727 : 16777215;
9728 : 16777215;
9729 : 16777215;
9730 : 16777215;
9731 : 16777215;
9732 : 16777215;
9733 : 16777215;
9734 : 16777215;
9735 : 16777215;
9736 : 16777215;
9737 : 16777215;
9738 : 16777215;
9739 : 8554131;
9740 : 5792907;
9741 : 6187662;
9742 : 6187146;
9743 : 6187403;
9744 : 6187402;
9745 : 6187146;
9746 : 6252942;
9747 : 6187664;
9748 : 6187664;
9749 : 6187664;
9750 : 6187664;
9751 : 6187662;
9752 : 6122129;
9753 : 5660021;
9754 : 14737631;
9755 : 16777215;
9756 : 16777215;
9757 : 16777215;
9758 : 16777215;
9759 : 16777215;
9760 : 16777215;
9761 : 16777215;
9762 : 16777215;
9763 : 16777215;
9764 : 14737374;
9765 : 5857139;
9766 : 5990286;
9767 : 7042198;
9768 : 7239316;
9769 : 7831192;
9770 : 7700119;
9771 : 7634583;
9772 : 7831705;
9773 : 6976139;
9774 : 10198436;
9775 : 16447992;
9776 : 16777215;
9777 : 14737115;
9778 : 6974577;
9779 : 6516109;
9780 : 7107990;
9781 : 7107990;
9782 : 6582419;
9783 : 6187664;
9784 : 6187665;
9785 : 6253199;
9786 : 5989508;
9787 : 4409180;
9788 : 5528696;
9789 : 6252935;
9790 : 6779537;
9791 : 6976661;
9792 : 7305369;
9793 : 7108507;
9794 : 6512204;
9795 : 15843907;
9796 : 16632649;
9797 : 16698440;
9798 : 16172094;
9799 : 7562563;
9800 : 5990030;
9801 : 6582164;
9802 : 6187664;
9803 : 6318993;
9804 : 4278626;
9805 : 6450317;
9806 : 7042195;
9807 : 7042196;
9808 : 7503002;
9809 : 7831964;
9810 : 7897244;
9811 : 7962781;
9812 : 7897244;
9813 : 5922670;
9814 : 10065810;
9815 : 12960189;
9816 : 13618376;
9817 : 10987168;
9818 : 13684944;
9819 : 16777215;
9820 : 16777215;
9821 : 16777215;
9822 : 16777215;
9823 : 16777215;
9824 : 16777215;
9825 : 16777215;
9826 : 13619152;
9827 : 5331577;
9828 : 6253457;
9829 : 6121869;
9830 : 6187663;
9831 : 6187662;
9832 : 6187147;
9833 : 6121610;
9834 : 6187401;
9835 : 6187401;
9836 : 6252938;
9837 : 6187146;
9838 : 6187146;
9839 : 6187146;
9840 : 6252941;
9841 : 5068403;
9842 : 12698050;
9843 : 16777215;
9844 : 16777215;
9845 : 16777215;
9846 : 16777215;
9847 : 16777215;
9848 : 16777215;
9849 : 16777215;
9850 : 16777215;
9851 : 16777215;
9852 : 16777215;
9853 : 16777215;
9854 : 16777215;
9855 : 16777215;
9856 : 16777215;
9857 : 16777215;
9858 : 14211289;
9859 : 12961221;
9860 : 16777215;
9861 : 16777215;
9862 : 16777215;
9863 : 16777215;
9864 : 16777215;
9865 : 16777215;
9866 : 16382455;
9867 : 6646653;
9868 : 6121358;
9869 : 6187401;
9870 : 6187402;
9871 : 6253200;
9872 : 6187663;
9873 : 6187405;
9874 : 6187663;
9875 : 6187664;
9876 : 6187147;
9877 : 6187407;
9878 : 6187664;
9879 : 6253458;
9880 : 5331837;
9881 : 11382450;
9882 : 16777215;
9883 : 16777215;
9884 : 16777215;
9885 : 16777215;
9886 : 16777215;
9887 : 16777215;
9888 : 16777215;
9889 : 16777215;
9890 : 16777215;
9891 : 15461354;
9892 : 6777722;
9893 : 5661061;
9894 : 6516369;
9895 : 6910865;
9896 : 7502742;
9897 : 7962780;
9898 : 7765913;
9899 : 7831707;
9900 : 6778503;
9901 : 9737882;
9902 : 16316913;
9903 : 16777214;
9904 : 15000289;
9905 : 11973039;
9906 : 5725037;
9907 : 7108248;
9908 : 7108246;
9909 : 6714004;
9910 : 6187662;
9911 : 6187662;
9912 : 6187662;
9913 : 5989763;
9914 : 5462644;
9915 : 3488073;
9916 : 5198957;
9917 : 5528183;
9918 : 5791869;
9919 : 6252937;
9920 : 6647698;
9921 : 6845334;
9922 : 5595269;
9923 : 9796666;
9924 : 16765511;
9925 : 15843389;
9926 : 8023114;
9927 : 5792906;
9928 : 6516372;
9929 : 6187664;
9930 : 6187664;
9931 : 6253458;
9932 : 4080990;
9933 : 6647698;
9934 : 7108247;
9935 : 7107990;
9936 : 7107990;
9937 : 7568538;
9938 : 7897500;
9939 : 7897244;
9940 : 7963037;
9941 : 7765658;
9942 : 5527651;
9943 : 9933970;
9944 : 13157567;
9945 : 8881539;
9946 : 7763834;
9947 : 16579835;
9948 : 16777215;
9949 : 16777215;
9950 : 16777215;
9951 : 16777215;
9952 : 16777215;
9953 : 16777215;
9954 : 14474459;
9955 : 5331573;
9956 : 6253458;
9957 : 6187664;
9958 : 6187664;
9959 : 6187664;
9960 : 6187663;
9961 : 6187406;
9962 : 6187403;
9963 : 6187402;
9964 : 6187402;
9965 : 6187401;
9966 : 6187401;
9967 : 6187401;
9968 : 6121612;
9969 : 5791347;
9970 : 15592683;
9971 : 16777215;
9972 : 16777215;
9973 : 16777215;
9974 : 16777215;
9975 : 16777215;
9976 : 16777215;
9977 : 16777215;
9978 : 16777215;
9979 : 16777215;
9980 : 16777215;
9981 : 16777215;
9982 : 16777215;
9983 : 16777215;
9984 : 16777215;
9985 : 16777215;
9986 : 8224389;
9987 : 3027529;
9988 : 7369336;
9989 : 15329768;
9990 : 16777215;
9991 : 16777215;
9992 : 16777215;
9993 : 16777215;
9994 : 15263718;
9995 : 5528433;
9996 : 6187665;
9997 : 6187405;
9998 : 6187146;
9999 : 6187403;
10000 : 6187662;
10001 : 6187664;
10002 : 6187664;
10003 : 6187664;
10004 : 6187663;
10005 : 6187664;
10006 : 6187664;
10007 : 5727114;
10008 : 7896201;
10009 : 16579835;
10010 : 16777215;
10011 : 16777215;
10012 : 16777215;
10013 : 16777215;
10014 : 16777215;
10015 : 16777215;
10016 : 16777215;
10017 : 16777215;
10018 : 16053490;
10019 : 7567495;
10020 : 5661319;
10021 : 6252942;
10022 : 6647698;
10023 : 7108244;
10024 : 7634327;
10025 : 7765399;
10026 : 7831450;
10027 : 7962781;
10028 : 4935257;
10029 : 15263974;
10030 : 16777215;
10031 : 15263461;
10032 : 13157571;
10033 : 9342092;
10034 : 5726074;
10035 : 6976663;
10036 : 6450834;
10037 : 6187664;
10038 : 6187665;
10039 : 6187662;
10040 : 5989765;
10041 : 5527925;
10042 : 5001319;
10043 : 2566710;
10044 : 4211802;
10045 : 5396596;
10046 : 5330546;
10047 : 5659771;
10048 : 5923460;
10049 : 6055303;
10050 : 6187405;
10051 : 5001312;
10052 : 12095789;
10053 : 8089169;
10054 : 5595789;
10055 : 6319250;
10056 : 6187664;
10057 : 6253200;
10058 : 6253199;
10059 : 5924232;
10060 : 4146782;
10061 : 6582420;
10062 : 7107990;
10063 : 7107990;
10064 : 7107990;
10065 : 7107990;
10066 : 7634074;
10067 : 7962780;
10068 : 7962780;
10069 : 7897502;
10070 : 7699866;
10071 : 5922415;
10072 : 7829370;
10073 : 7368818;
10074 : 5593708;
10075 : 10790311;
10076 : 16777215;
10077 : 16777215;
10078 : 16777215;
10079 : 16777215;
10080 : 16777215;
10081 : 16777215;
10082 : 15066340;
10083 : 5462900;
10084 : 6187922;
10085 : 6187664;
10086 : 6187664;
10087 : 6187664;
10088 : 6187664;
10089 : 6253457;
10090 : 6318992;
10091 : 6187919;
10092 : 6187402;
10093 : 6187403;
10094 : 6187662;
10095 : 6187146;
10096 : 5792647;
10097 : 7567234;
10098 : 16777215;
10099 : 16777215;
10100 : 16777215;
10101 : 16777215;
10102 : 16777215;
10103 : 16777215;
10104 : 16777215;
10105 : 16777215;
10106 : 16777215;
10107 : 16777215;
10108 : 16777215;
10109 : 16777215;
10110 : 16777215;
10111 : 16777215;
10112 : 16777215;
10113 : 16777215;
10114 : 10987433;
10115 : 3817307;
10116 : 4014687;
10117 : 5198172;
10118 : 14014164;
10119 : 16777215;
10120 : 16777215;
10121 : 16777215;
10122 : 13553101;
10123 : 5068660;
10124 : 6253715;
10125 : 6187664;
10126 : 6187663;
10127 : 6121868;
10128 : 6121610;
10129 : 6187664;
10130 : 6187664;
10131 : 6187664;
10132 : 6187664;
10133 : 6187664;
10134 : 6122129;
10135 : 5594486;
10136 : 14803424;
10137 : 16777215;
10138 : 16777215;
10139 : 16777215;
10140 : 16777215;
10141 : 16777215;
10142 : 16777215;
10143 : 16777215;
10144 : 16777215;
10145 : 16513785;
10146 : 8619664;
10147 : 5529218;
10148 : 6253457;
10149 : 6253457;
10150 : 6516625;
10151 : 7239828;
10152 : 7831448;
10153 : 7831192;
10154 : 7831449;
10155 : 7370899;
10156 : 6382183;
10157 : 16711421;
10158 : 15658220;
10159 : 13091778;
10160 : 12960703;
10161 : 6250858;
10162 : 6252941;
10163 : 6253456;
10164 : 6187664;
10165 : 6187662;
10166 : 6253200;
10167 : 6121355;
10168 : 5462389;
10169 : 5264494;
10170 : 4672610;
10171 : 3948627;
10172 : 3422280;
10173 : 4540768;
10174 : 5461877;
10175 : 5593720;
10176 : 5593721;
10177 : 5659514;
10178 : 5725821;
10179 : 5462651;
10180 : 4671836;
10181 : 5528961;
10182 : 5989510;
10183 : 5923716;
10184 : 5923716;
10185 : 5791872;
10186 : 5857409;
10187 : 4409440;
10188 : 4212317;
10189 : 6319250;
10190 : 6582163;
10191 : 7042198;
10192 : 7107990;
10193 : 7107990;
10194 : 7107990;
10195 : 7502489;
10196 : 7897244;
10197 : 7897501;
10198 : 7897245;
10199 : 7963295;
10200 : 7042191;
10201 : 6186364;
10202 : 7831710;
10203 : 6252155;
10204 : 12764099;
10205 : 16777215;
10206 : 16777215;
10207 : 16777215;
10208 : 16777215;
10209 : 16777215;
10210 : 15527146;
10211 : 5594227;
10212 : 6122129;
10213 : 6187664;
10214 : 6187664;
10215 : 6187664;
10216 : 6253456;
10217 : 6253456;
10218 : 6253457;
10219 : 6187664;
10220 : 6187662;
10221 : 6187663;
10222 : 6187664;
10223 : 6253454;
10224 : 5068406;
10225 : 10461346;
10226 : 16777215;
10227 : 16777215;
10228 : 16777215;
10229 : 16777215;
10230 : 16777215;
10231 : 16777215;
10232 : 16777215;
10233 : 16777215;
10234 : 16777215;
10235 : 16777215;
10236 : 16777215;
10237 : 16777215;
10238 : 16777215;
10239 : 16777215;
10240 : 16777215;
10241 : 16777215;
10242 : 14737631;
10243 : 4474973;
10244 : 4738413;
10245 : 4080481;
10246 : 4474710;
10247 : 13553357;
10248 : 16777215;
10249 : 16777215;
10250 : 11645619;
10251 : 4937335;
10252 : 6253714;
10253 : 6187664;
10254 : 6187664;
10255 : 6187664;
10256 : 6187664;
10257 : 6187663;
10258 : 6187405;
10259 : 6187664;
10260 : 6187664;
10261 : 6253458;
10262 : 5266045;
10263 : 11053485;
10264 : 16777215;
10265 : 16777215;
10266 : 16777215;
10267 : 16777215;
10268 : 16777215;
10269 : 16777215;
10270 : 16777215;
10271 : 16777215;
10272 : 16777215;
10273 : 10264228;
10274 : 5266046;
10275 : 6187918;
10276 : 6121866;
10277 : 6253196;
10278 : 6516620;
10279 : 7108240;
10280 : 7765658;
10281 : 7765659;
10282 : 7634331;
10283 : 6844558;
10284 : 7237234;
10285 : 15065824;
10286 : 13420998;
10287 : 12302774;
10288 : 8947593;
10289 : 5331318;
10290 : 6253457;
10291 : 6187663;
10292 : 6187664;
10293 : 6187148;
10294 : 6055303;
10295 : 5528182;
10296 : 5133165;
10297 : 5330802;
10298 : 4211801;
10299 : 4804197;
10300 : 5133165;
10301 : 3487817;
10302 : 5133421;
10303 : 5462133;
10304 : 5593720;
10305 : 5593720;
10306 : 5593719;
10307 : 5593720;
10308 : 5659515;
10309 : 5593720;
10310 : 5593720;
10311 : 5593720;
10312 : 5593720;
10313 : 5330802;
10314 : 5264495;
10315 : 2763833;
10316 : 4541025;
10317 : 5989510;
10318 : 6253456;
10319 : 6582162;
10320 : 6844820;
10321 : 6910869;
10322 : 7042454;
10323 : 7042198;
10324 : 6976662;
10325 : 7108247;
10326 : 7174039;
10327 : 7173783;
10328 : 7239576;
10329 : 7305369;
10330 : 7173783;
10331 : 6910869;
10332 : 6185586;
10333 : 15263974;
10334 : 16777215;
10335 : 16777215;
10336 : 16777215;
10337 : 16777215;
10338 : 16053490;
10339 : 5791088;
10340 : 6121873;
10341 : 6187664;
10342 : 6187664;
10343 : 6187664;
10344 : 6253457;
10345 : 6253457;
10346 : 6253457;
10347 : 6187664;
10348 : 6187665;
10349 : 6187664;
10350 : 6187664;
10351 : 6253459;
10352 : 5067885;
10353 : 14342872;
10354 : 16777215;
10355 : 16777215;
10356 : 16777215;
10357 : 16777215;
10358 : 16777215;
10359 : 16777215;
10360 : 16777215;
10361 : 16777215;
10362 : 16777215;
10363 : 16777215;
10364 : 16777215;
10365 : 16777215;
10366 : 16777215;
10367 : 16777215;
10368 : 16777215;
10369 : 16777215;
10370 : 16711422;
10371 : 6777206;
10372 : 4277861;
10373 : 4409446;
10374 : 3882845;
10375 : 4145491;
10376 : 13619152;
10377 : 16777215;
10378 : 10000796;
10379 : 5266301;
10380 : 6385042;
10381 : 6253456;
10382 : 6187665;
10383 : 6187664;
10384 : 6187664;
10385 : 6187663;
10386 : 6187405;
10387 : 6187664;
10388 : 6187921;
10389 : 5727113;
10390 : 8093580;
10391 : 16514041;
10392 : 16777215;
10393 : 16777215;
10394 : 16777215;
10395 : 16777215;
10396 : 16777215;
10397 : 16777215;
10398 : 16777215;
10399 : 16777215;
10400 : 14342872;
10401 : 4738918;
10402 : 6253460;
10403 : 6187664;
10404 : 6187662;
10405 : 6187146;
10406 : 6450572;
10407 : 6648208;
10408 : 7042454;
10409 : 7107990;
10410 : 7107990;
10411 : 6844820;
10412 : 6777460;
10413 : 10131607;
10414 : 7895165;
10415 : 5329761;
10416 : 5002096;
10417 : 6253457;
10418 : 6187664;
10419 : 6187664;
10420 : 6187662;
10421 : 6121096;
10422 : 5659769;
10423 : 5199215;
10424 : 5067370;
10425 : 5067371;
10426 : 3882578;
10427 : 5199215;
10428 : 5330802;
10429 : 4738148;
10430 : 4211800;
10431 : 5330545;
10432 : 5396339;
10433 : 5527927;
10434 : 5593720;
10435 : 5593720;
10436 : 5593720;
10437 : 5593720;
10438 : 5593720;
10439 : 5527927;
10440 : 5396340;
10441 : 5198959;
10442 : 4079957;
10443 : 3224644;
10444 : 5067628;
10445 : 5462391;
10446 : 5990025;
10447 : 6385298;
10448 : 6647699;
10449 : 6647699;
10450 : 6647699;
10451 : 6647698;
10452 : 6582162;
10453 : 6582419;
10454 : 6648212;
10455 : 6779541;
10456 : 6976662;
10457 : 7042454;
10458 : 7107990;
10459 : 7173784;
10460 : 6121350;
10461 : 8356230;
10462 : 16777215;
10463 : 16777215;
10464 : 16777215;
10465 : 16777215;
10466 : 16514041;
10467 : 6251376;
10468 : 5990285;
10469 : 6187664;
10470 : 6187664;
10471 : 6187664;
10472 : 6253457;
10473 : 6253457;
10474 : 6187664;
10475 : 6187664;
10476 : 6253457;
10477 : 6187664;
10478 : 6187664;
10479 : 5858700;
10480 : 7172477;
10481 : 16645371;
10482 : 16777215;
10483 : 16777215;
10484 : 16777215;
10485 : 16777215;
10486 : 16777215;
10487 : 16777215;
10488 : 16777215;
10489 : 16777215;
10490 : 16777215;
10491 : 16777215;
10492 : 16777215;
10493 : 16777215;
10494 : 16777215;
10495 : 16777215;
10496 : 16777215;
10497 : 16777215;
10498 : 16777215;
10499 : 9869211;
10500 : 3553878;
10501 : 4146273;
10502 : 4146016;
10503 : 3751259;
10504 : 4869213;
10505 : 15132132;
10506 : 9277077;
10507 : 5726340;
10508 : 6450577;
10509 : 6384785;
10510 : 6384529;
10511 : 6384784;
10512 : 6318992;
10513 : 6253456;
10514 : 6187664;
10515 : 6187664;
10516 : 6187922;
10517 : 5397108;
10518 : 14342873;
10519 : 16777215;
10520 : 16777215;
10521 : 16777215;
10522 : 16777215;
10523 : 16777215;
10524 : 16777215;
10525 : 16777215;
10526 : 16777215;
10527 : 16777215;
10528 : 10921639;
10529 : 4673904;
10530 : 6384530;
10531 : 6187663;
10532 : 6187664;
10533 : 6187406;
10534 : 6319247;
10535 : 6648211;
10536 : 6845076;
10537 : 6976402;
10538 : 7107990;
10539 : 7173783;
10540 : 6450058;
10541 : 5594490;
10542 : 5397116;
10543 : 5858183;
10544 : 6253457;
10545 : 6253199;
10546 : 6253199;
10547 : 6187660;
10548 : 6055814;
10549 : 5726076;
10550 : 5330802;
10551 : 5396596;
10552 : 5396339;
10553 : 4409180;
10554 : 3948627;
10555 : 5396595;
10556 : 5265008;
10557 : 5330802;
10558 : 4277594;
10559 : 4738148;
10560 : 5330546;
10561 : 5265009;
10562 : 5396338;
10563 : 5396596;
10564 : 5462133;
10565 : 5462133;
10566 : 5396340;
10567 : 5330802;
10568 : 5198958;
10569 : 4014421;
10570 : 4343387;
10571 : 3816784;
10572 : 5331058;
10573 : 5264752;
10574 : 5659771;
10575 : 6055819;
10576 : 6385042;
10577 : 6516626;
10578 : 6581906;
10579 : 6450318;
10580 : 6516113;
10581 : 6581906;
10582 : 6582162;
10583 : 6582163;
10584 : 6647955;
10585 : 6713747;
10586 : 6845333;
10587 : 6976662;
10588 : 6845333;
10589 : 4739433;
10590 : 12303291;
10591 : 16777215;
10592 : 16777215;
10593 : 16777215;
10594 : 16711420;
10595 : 6843515;
10596 : 5924750;
10597 : 6187662;
10598 : 6187664;
10599 : 6187665;
10600 : 6253456;
10601 : 6187664;
10602 : 6187664;
10603 : 6187664;
10604 : 6187664;
10605 : 6187664;
10606 : 6187921;
10607 : 5397889;
10608 : 11448244;
10609 : 16777215;
10610 : 16777215;
10611 : 16777215;
10612 : 16777215;
10613 : 16777215;
10614 : 16777215;
10615 : 16777215;
10616 : 16777215;
10617 : 16777215;
10618 : 16777215;
10619 : 16777215;
10620 : 16777215;
10621 : 16777215;
10622 : 16777215;
10623 : 16777215;
10624 : 16777215;
10625 : 16777215;
10626 : 16777215;
10627 : 13487566;
10628 : 3619410;
10629 : 4146017;
10630 : 4146016;
10631 : 4146016;
10632 : 3290961;
10633 : 5855841;
10634 : 6974838;
10635 : 6384528;
10636 : 6713492;
10637 : 6713235;
10638 : 6713235;
10639 : 6581906;
10640 : 6516370;
10641 : 6516114;
10642 : 6384785;
10643 : 6253457;
10644 : 5332354;
10645 : 9079954;
10646 : 16777215;
10647 : 16777215;
10648 : 16777215;
10649 : 16777215;
10650 : 16777215;
10651 : 16777215;
10652 : 16777215;
10653 : 16777215;
10654 : 16777215;
10655 : 16777215;
10656 : 9408917;
10657 : 5200510;
10658 : 6253455;
10659 : 6121867;
10660 : 6187664;
10661 : 6187664;
10662 : 6187664;
10663 : 6450834;
10664 : 6647699;
10665 : 6779284;
10666 : 6582163;
10667 : 6450578;
10668 : 6319250;
10669 : 6253459;
10670 : 6253458;
10671 : 6187921;
10672 : 6187664;
10673 : 6187664;
10674 : 6252941;
10675 : 5990022;
10676 : 5725820;
10677 : 5396338;
10678 : 5265008;
10679 : 5527926;
10680 : 5462389;
10681 : 3422280;
10682 : 4738406;
10683 : 5330545;
10684 : 5199213;
10685 : 5133421;
10686 : 5199215;
10687 : 4014422;
10688 : 5265009;
10689 : 5265008;
10690 : 5265008;
10691 : 5265008;
10692 : 5265008;
10693 : 5265008;
10694 : 5331058;
10695 : 4935785;
10696 : 3685197;
10697 : 4804198;
10698 : 4211801;
10699 : 4343644;
10700 : 5330801;
10701 : 5067371;
10702 : 5198958;
10703 : 5660027;
10704 : 5990023;
10705 : 6253200;
10706 : 6384785;
10707 : 6450319;
10708 : 6516113;
10709 : 6581906;
10710 : 6581906;
10711 : 6581906;
10712 : 6581906;
10713 : 6582162;
10714 : 6516626;
10715 : 6319505;
10716 : 6253199;
10717 : 5924234;
10718 : 5856875;
10719 : 16053491;
10720 : 16777215;
10721 : 16777215;
10722 : 16711421;
10723 : 6646134;
10724 : 5924490;
10725 : 6187665;
10726 : 6187663;
10727 : 6187403;
10728 : 6187662;
10729 : 6187664;
10730 : 6187663;
10731 : 6187664;
10732 : 6187664;
10733 : 6187664;
10734 : 6122129;
10735 : 6055040;
10736 : 15263975;
10737 : 16777215;
10738 : 16777215;
10739 : 16777215;
10740 : 16777215;
10741 : 16777215;
10742 : 16777215;
10743 : 16777215;
10744 : 16777215;
10745 : 16777215;
10746 : 16777215;
10747 : 16777215;
10748 : 16777215;
10749 : 16777215;
10750 : 16777215;
10751 : 16777215;
10752 : 16777215;
10753 : 16777215;
10754 : 16777215;
10755 : 16053234;
10756 : 4737882;
10757 : 3948638;
10758 : 4080223;
10759 : 3948636;
10760 : 3948636;
10761 : 2961734;
10762 : 3093570;
10763 : 7108506;
10764 : 6976662;
10765 : 6911126;
10766 : 6911126;
10767 : 6845333;
10768 : 6713748;
10769 : 6713492;
10770 : 6647699;
10771 : 6384787;
10772 : 5594226;
10773 : 15263718;
10774 : 16777215;
10775 : 16777215;
10776 : 16777215;
10777 : 16777215;
10778 : 16777215;
10779 : 16777215;
10780 : 16777215;
10781 : 16777215;
10782 : 16777215;
10783 : 16777215;
10784 : 9079953;
10785 : 5397890;
10786 : 6253457;
10787 : 6187664;
10788 : 6187664;
10789 : 6187664;
10790 : 6187664;
10791 : 6187664;
10792 : 6253200;
10793 : 6253200;
10794 : 6122128;
10795 : 6187664;
10796 : 6187664;
10797 : 6187663;
10798 : 6187664;
10799 : 6187664;
10800 : 6187662;
10801 : 6187663;
10802 : 6055561;
10803 : 5726077;
10804 : 5527926;
10805 : 5527926;
10806 : 5330546;
10807 : 5264752;
10808 : 4606818;
10809 : 3093057;
10810 : 5330547;
10811 : 5264497;
10812 : 5264753;
10813 : 5264752;
10814 : 5330802;
10815 : 4738148;
10816 : 4277594;
10817 : 5330802;
10818 : 5265008;
10819 : 5265008;
10820 : 5265008;
10821 : 5396594;
10822 : 4606818;
10823 : 3750734;
10824 : 5001578;
10825 : 5330801;
10826 : 3422024;
10827 : 5198958;
10828 : 5265008;
10829 : 5133164;
10830 : 5461876;
10831 : 5527927;
10832 : 5593976;
10833 : 6055303;
10834 : 6187920;
10835 : 6187664;
10836 : 6253456;
10837 : 6384785;
10838 : 6450578;
10839 : 6450578;
10840 : 6450834;
10841 : 6384785;
10842 : 6253456;
10843 : 6187664;
10844 : 6187404;
10845 : 6253196;
10846 : 5002867;
10847 : 10592932;
10848 : 16777215;
10849 : 16777215;
10850 : 16777214;
10851 : 6909306;
10852 : 5858439;
10853 : 6187406;
10854 : 6187405;
10855 : 6187403;
10856 : 6187663;
10857 : 6187663;
10858 : 6187146;
10859 : 6187147;
10860 : 6187406;
10861 : 6187664;
10862 : 5793164;
10863 : 7698823;
10864 : 16777214;
10865 : 16777215;
10866 : 16777215;
10867 : 16777215;
10868 : 16777215;
10869 : 16777215;
10870 : 16777215;
10871 : 16777215;
10872 : 16777215;
10873 : 16777215;
10874 : 16777215;
10875 : 16777215;
10876 : 16777215;
10877 : 16777215;
10878 : 16777215;
10879 : 16777215;
10880 : 16777215;
10881 : 16777215;
10882 : 16777215;
10883 : 16777215;
10884 : 7105909;
10885 : 3422292;
10886 : 3948635;
10887 : 3882842;
10888 : 3882842;
10889 : 3619411;
10890 : 4409695;
10891 : 7306140;
10892 : 7174037;
10893 : 7174037;
10894 : 7174296;
10895 : 7174296;
10896 : 7042710;
10897 : 6976662;
10898 : 6911127;
10899 : 5595008;
10900 : 10658471;
10901 : 16777215;
10902 : 16777215;
10903 : 16777215;
10904 : 16777215;
10905 : 16777215;
10906 : 16777215;
10907 : 16777215;
10908 : 16777215;
10909 : 16777215;
10910 : 16777215;
10911 : 16777215;
10912 : 9672091;
10913 : 5398147;
10914 : 6253457;
10915 : 6187664;
10916 : 6187664;
10917 : 6187664;
10918 : 6187664;
10919 : 6187664;
10920 : 6187664;
10921 : 6187664;
10922 : 6187664;
10923 : 6187664;
10924 : 6187664;
10925 : 6187663;
10926 : 6187665;
10927 : 6253199;
10928 : 6055560;
10929 : 5791871;
10930 : 5528439;
10931 : 5462389;
10932 : 5527927;
10933 : 5462133;
10934 : 5330546;
10935 : 5396339;
10936 : 3224643;
10937 : 3948373;
10938 : 5264497;
10939 : 5264497;
10940 : 5264497;
10941 : 5264753;
10942 : 5265008;
10943 : 5396594;
10944 : 4146008;
10945 : 4738404;
10946 : 5330801;
10947 : 5330802;
10948 : 5265008;
10949 : 4146008;
10950 : 3948627;
10951 : 5198958;
10952 : 5462388;
10953 : 4277594;
10954 : 3948370;
10955 : 5264494;
10956 : 5198958;
10957 : 5199215;
10958 : 5396596;
10959 : 5396596;
10960 : 5462133;
10961 : 5725821;
10962 : 6121098;
10963 : 6187664;
10964 : 6187664;
10965 : 6187664;
10966 : 6187664;
10967 : 6187664;
10968 : 6187664;
10969 : 6187664;
10970 : 6121870;
10971 : 6187147;
10972 : 6187146;
10973 : 6187146;
10974 : 6055562;
10975 : 5659499;
10976 : 15921904;
10977 : 16777215;
10978 : 16777215;
10979 : 7698820;
10980 : 5792647;
10981 : 6187147;
10982 : 6252939;
10983 : 6253196;
10984 : 6187404;
10985 : 6187403;
10986 : 6187402;
10987 : 6252939;
10988 : 6187402;
10989 : 6253457;
10990 : 5266044;
10991 : 11842743;
10992 : 16777215;
10993 : 16777215;
10994 : 16777215;
10995 : 16777215;
10996 : 16777215;
10997 : 16777215;
10998 : 16777215;
10999 : 16777215;
11000 : 16777215;
11001 : 16777215;
11002 : 16777215;
11003 : 16777215;
11004 : 16777215;
11005 : 16777215;
11006 : 16777215;
11007 : 16777215;
11008 : 16777215;
11009 : 16777215;
11010 : 16777215;
11011 : 16777215;
11012 : 10263712;
11013 : 3159117;
11014 : 3817047;
11015 : 3685717;
11016 : 3817048;
11017 : 3355979;
11018 : 5001831;
11019 : 7437469;
11020 : 7239830;
11021 : 7239574;
11022 : 7240090;
11023 : 7240088;
11024 : 7174036;
11025 : 7108502;
11026 : 6779796;
11027 : 6975358;
11028 : 16119284;
11029 : 16777215;
11030 : 16777215;
11031 : 16777215;
11032 : 16777215;
11033 : 16777215;
11034 : 16777215;
11035 : 16777215;
11036 : 16777215;
11037 : 16777215;
11038 : 16777215;
11039 : 16777215;
11040 : 10263970;
11041 : 5397890;
11042 : 6253457;
11043 : 6187664;
11044 : 6187664;
11045 : 6318993;
11046 : 6450321;
11047 : 6253712;
11048 : 6187664;
11049 : 6187664;
11050 : 6187664;
11051 : 6187664;
11052 : 6187665;
11053 : 6187664;
11054 : 6121613;
11055 : 5989510;
11056 : 5725565;
11057 : 5462132;
11058 : 5265009;
11059 : 5330545;
11060 : 5265009;
11061 : 5199214;
11062 : 5330802;
11063 : 5133165;
11064 : 3093060;
11065 : 4803945;
11066 : 4870250;
11067 : 5133166;
11068 : 5198959;
11069 : 5264752;
11070 : 5330545;
11071 : 5330801;
11072 : 5067373;
11073 : 3882835;
11074 : 5265008;
11075 : 4869734;
11076 : 4211544;
11077 : 4672611;
11078 : 5396594;
11079 : 5265009;
11080 : 5265008;
11081 : 3817041;
11082 : 5133422;
11083 : 5198958;
11084 : 5067368;
11085 : 5067369;
11086 : 5133164;
11087 : 5330802;
11088 : 5527927;
11089 : 5593720;
11090 : 5725564;
11091 : 6055304;
11092 : 6187664;
11093 : 6187664;
11094 : 6187664;
11095 : 6187664;
11096 : 6187664;
11097 : 6187664;
11098 : 6187406;
11099 : 6187405;
11100 : 6187663;
11101 : 6187403;
11102 : 6252941;
11103 : 5068406;
11104 : 11119019;
11105 : 16777215;
11106 : 16777215;
11107 : 8027526;
11108 : 6121609;
11109 : 6648208;
11110 : 6713488;
11111 : 6581902;
11112 : 6450574;
11113 : 6384525;
11114 : 6318986;
11115 : 6384526;
11116 : 6253456;
11117 : 6056336;
11118 : 5923188;
11119 : 15987440;
11120 : 16777215;
11121 : 16777215;
11122 : 16777215;
11123 : 16777215;
11124 : 16777215;
11125 : 16777215;
11126 : 16777215;
11127 : 16777215;
11128 : 16777215;
11129 : 16777215;
11130 : 16777215;
11131 : 16777215;
11132 : 16777215;
11133 : 16777215;
11134 : 16777215;
11135 : 16777215;
11136 : 16777215;
11137 : 16777215;
11138 : 16777215;
11139 : 16777215;
11140 : 13355980;
11141 : 3356494;
11142 : 3751256;
11143 : 3751254;
11144 : 3948634;
11145 : 3224649;
11146 : 5330797;
11147 : 7371415;
11148 : 7239572;
11149 : 7239831;
11150 : 7239831;
11151 : 7239830;
11152 : 7239831;
11153 : 7305883;
11154 : 5857916;
11155 : 12566465;
11156 : 16777215;
11157 : 16777215;
11158 : 16777215;
11159 : 16777215;
11160 : 16777215;
11161 : 16777215;
11162 : 16777215;
11163 : 16777215;
11164 : 16777215;
11165 : 16777215;
11166 : 16777215;
11167 : 16579578;
11168 : 7435130;
11169 : 5726600;
11170 : 6187921;
11171 : 6122126;
11172 : 6319246;
11173 : 6845076;
11174 : 6779284;
11175 : 6450577;
11176 : 6187664;
11177 : 6187664;
11178 : 6187664;
11179 : 6252943;
11180 : 6121356;
11181 : 5923973;
11182 : 5791614;
11183 : 5593977;
11184 : 5593720;
11185 : 5593720;
11186 : 5462390;
11187 : 5265008;
11188 : 5067113;
11189 : 5199214;
11190 : 5199215;
11191 : 3487817;
11192 : 3817045;
11193 : 4672360;
11194 : 4869738;
11195 : 5001580;
11196 : 5133422;
11197 : 5133423;
11198 : 5199217;
11199 : 5264752;
11200 : 5330291;
11201 : 4540769;
11202 : 3751248;
11203 : 4409182;
11204 : 5133165;
11205 : 5264753;
11206 : 5199215;
11207 : 5330546;
11208 : 4409181;
11209 : 4474975;
11210 : 5396338;
11211 : 5199215;
11212 : 5133421;
11213 : 5132906;
11214 : 5067114;
11215 : 5264752;
11216 : 5593720;
11217 : 5593720;
11218 : 5593719;
11219 : 5659770;
11220 : 5923459;
11221 : 6121612;
11222 : 6187664;
11223 : 6187663;
11224 : 6187405;
11225 : 6187663;
11226 : 6187663;
11227 : 6253198;
11228 : 6187148;
11229 : 6187147;
11230 : 6187402;
11231 : 5924234;
11232 : 6053997;
11233 : 16250870;
11234 : 16777215;
11235 : 8817040;
11236 : 6121608;
11237 : 6779538;
11238 : 6779537;
11239 : 6779537;
11240 : 6713744;
11241 : 6647951;
11242 : 6582156;
11243 : 6582158;
11244 : 6647955;
11245 : 5661061;
11246 : 8619660;
11247 : 16777215;
11248 : 16777215;
11249 : 16777215;
11250 : 16777215;
11251 : 16777215;
11252 : 16777215;
11253 : 16777215;
11254 : 16777215;
11255 : 16777215;
11256 : 16777215;
11257 : 16777215;
11258 : 16777215;
11259 : 16777215;
11260 : 16777215;
11261 : 16777215;
11262 : 16777215;
11263 : 16777215;
11264 : 16777215;
11265 : 16777215;
11266 : 16777215;
11267 : 16777215;
11268 : 14935010;
11269 : 3882575;
11270 : 3751512;
11271 : 3882842;
11272 : 3817048;
11273 : 3224391;
11274 : 5594484;
11275 : 7371158;
11276 : 7173778;
11277 : 7174033;
11278 : 7174033;
11279 : 7174033;
11280 : 7305625;
11281 : 6713746;
11282 : 7830148;
11283 : 16645628;
11284 : 16777215;
11285 : 16777215;
11286 : 16777215;
11287 : 16777215;
11288 : 16777215;
11289 : 16777215;
11290 : 16777215;
11291 : 16777215;
11292 : 16777215;
11293 : 16777215;
11294 : 15198182;
11295 : 7171443;
11296 : 2830146;
11297 : 6187407;
11298 : 6187665;
11299 : 6187664;
11300 : 6976662;
11301 : 7305623;
11302 : 7174038;
11303 : 6450834;
11304 : 6187664;
11305 : 6187921;
11306 : 6121869;
11307 : 5791872;
11308 : 5659771;
11309 : 5659513;
11310 : 5593719;
11311 : 5593720;
11312 : 5593721;
11313 : 5462134;
11314 : 5330802;
11315 : 5265008;
11316 : 5330545;
11317 : 4935785;
11318 : 2435123;
11319 : 3290441;
11320 : 4343136;
11321 : 4277601;
11322 : 4803944;
11323 : 5001324;
11324 : 5001581;
11325 : 5067631;
11326 : 5198959;
11327 : 5133424;
11328 : 5133168;
11329 : 5198960;
11330 : 5067374;
11331 : 5199216;
11332 : 5133422;
11333 : 5133422;
11334 : 5199215;
11335 : 4738662;
11336 : 3816784;
11337 : 5264752;
11338 : 5133421;
11339 : 5067370;
11340 : 5199215;
11341 : 5198958;
11342 : 5133165;
11343 : 5199216;
11344 : 5527926;
11345 : 5462133;
11346 : 5527927;
11347 : 5593720;
11348 : 5593720;
11349 : 5725563;
11350 : 5923459;
11351 : 5990025;
11352 : 6187406;
11353 : 6122125;
11354 : 6056330;
11355 : 6121865;
11356 : 6187146;
11357 : 6187402;
11358 : 6121864;
11359 : 6121353;
11360 : 4870505;
11361 : 14145494;
11362 : 16777215;
11363 : 9408920;
11364 : 6318472;
11365 : 7107987;
11366 : 7173779;
11367 : 7173779;
11368 : 7174034;
11369 : 7108244;
11370 : 6845332;
11371 : 6581902;
11372 : 6713747;
11373 : 5528437;
11374 : 14013909;
11375 : 16777215;
11376 : 16777215;
11377 : 16777215;
11378 : 16777215;
11379 : 16777215;
11380 : 16777215;
11381 : 16777215;
11382 : 16777215;
11383 : 16777215;
11384 : 16777215;
11385 : 16777215;
11386 : 16777215;
11387 : 16777215;
11388 : 16777215;
11389 : 16777215;
11390 : 16777215;
11391 : 16777215;
11392 : 16777215;
11393 : 16777215;
11394 : 16777215;
11395 : 16777215;
11396 : 16316663;
11397 : 5132380;
11398 : 3488082;
11399 : 3751254;
11400 : 3751508;
11401 : 3027267;
11402 : 5923450;
11403 : 7371416;
11404 : 7174292;
11405 : 7174034;
11406 : 7173778;
11407 : 7174035;
11408 : 7305882;
11409 : 5857396;
11410 : 14145494;
11411 : 16777215;
11412 : 16777215;
11413 : 16777215;
11414 : 16777215;
11415 : 16777215;
11416 : 16777215;
11417 : 16777215;
11418 : 16777215;
11419 : 16777215;
11420 : 16777215;
11421 : 13092807;
11422 : 4606037;
11423 : 2895943;
11424 : 3488076;
11425 : 6121610;
11426 : 6121868;
11427 : 6647696;
11428 : 7634328;
11429 : 7700122;
11430 : 7174297;
11431 : 6318990;
11432 : 6187662;
11433 : 6055820;
11434 : 5594236;
11435 : 5330547;
11436 : 5199216;
11437 : 5396340;
11438 : 5462134;
11439 : 5462133;
11440 : 5396339;
11441 : 5198701;
11442 : 5198957;
11443 : 4936040;
11444 : 4080215;
11445 : 3158855;
11446 : 3422030;
11447 : 3948636;
11448 : 4080221;
11449 : 4277600;
11450 : 4343393;
11451 : 4804201;
11452 : 4935787;
11453 : 5001325;
11454 : 5001324;
11455 : 5001324;
11456 : 5067375;
11457 : 5133167;
11458 : 5133166;
11459 : 5198959;
11460 : 5133422;
11461 : 5067629;
11462 : 5001836;
11463 : 3553870;
11464 : 4146010;
11465 : 4146006;
11466 : 4343391;
11467 : 4935530;
11468 : 5132908;
11469 : 5067371;
11470 : 5264751;
11471 : 5265008;
11472 : 5265008;
11473 : 5396596;
11474 : 5593720;
11475 : 5593720;
11476 : 5593720;
11477 : 5593720;
11478 : 5593720;
11479 : 5396597;
11480 : 5594234;
11481 : 5857666;
11482 : 5989510;
11483 : 5923714;
11484 : 5989507;
11485 : 5857663;
11486 : 5660025;
11487 : 5593975;
11488 : 4475235;
11489 : 12303292;
11490 : 16777215;
11491 : 9869471;
11492 : 6581899;
11493 : 7174035;
11494 : 7173780;
11495 : 7173780;
11496 : 7174034;
11497 : 7239827;
11498 : 7174036;
11499 : 7042197;
11500 : 6187148;
11501 : 7961477;
11502 : 16776958;
11503 : 16777215;
11504 : 16777215;
11505 : 16777215;
11506 : 16777215;
11507 : 16777215;
11508 : 16777215;
11509 : 16777215;
11510 : 16777215;
11511 : 16777215;
11512 : 16777215;
11513 : 16777215;
11514 : 16777215;
11515 : 16777215;
11516 : 16777215;
11517 : 16777215;
11518 : 16777215;
11519 : 16777215;
11520 : 16777215;
11521 : 16777215;
11522 : 16777215;
11523 : 16777215;
11524 : 16777215;
11525 : 6974581;
11526 : 3422292;
11527 : 3685460;
11528 : 3751253;
11529 : 3027524;
11530 : 6186622;
11531 : 7371161;
11532 : 7240089;
11533 : 7174294;
11534 : 7174037;
11535 : 7305881;
11536 : 6384778;
11537 : 9408661;
11538 : 16777215;
11539 : 16777215;
11540 : 16777215;
11541 : 16777215;
11542 : 16777215;
11543 : 16777215;
11544 : 16777215;
11545 : 16777215;
11546 : 16777215;
11547 : 13487564;
11548 : 7829630;
11549 : 3488074;
11550 : 3356752;
11551 : 3422285;
11552 : 3685454;
11553 : 6187146;
11554 : 6252939;
11555 : 7108241;
11556 : 7634582;
11557 : 7634327;
11558 : 7042711;
11559 : 6187919;
11560 : 6253199;
11561 : 4804716;
11562 : 5133423;
11563 : 5199215;
11564 : 5265008;
11565 : 5265008;
11566 : 5265009;
11567 : 5330802;
11568 : 5265007;
11569 : 4606818;
11570 : 3750993;
11571 : 3290441;
11572 : 3553874;
11573 : 3882843;
11574 : 3948635;
11575 : 3882842;
11576 : 3882842;
11577 : 4080221;
11578 : 4277600;
11579 : 4409186;
11580 : 4738151;
11581 : 4804201;
11582 : 4804457;
11583 : 4804457;
11584 : 4870250;
11585 : 4935531;
11586 : 5067375;
11587 : 5264755;
11588 : 5199475;
11589 : 4672871;
11590 : 2895677;
11591 : 5592927;
11592 : 10724519;
11593 : 13290185;
11594 : 10066588;
11595 : 5264223;
11596 : 4080216;
11597 : 4869736;
11598 : 5264752;
11599 : 5265008;
11600 : 5265008;
11601 : 5265008;
11602 : 5330546;
11603 : 5462133;
11604 : 5527926;
11605 : 5527926;
11606 : 5396340;
11607 : 5264752;
11608 : 5199214;
11609 : 5264752;
11610 : 5396597;
11611 : 5330546;
11612 : 4409182;
11613 : 5330803;
11614 : 5133166;
11615 : 5132909;
11616 : 3817040;
11617 : 13092806;
11618 : 16777215;
11619 : 10132641;
11620 : 6516104;
11621 : 7174035;
11622 : 7173779;
11623 : 7173779;
11624 : 7173779;
11625 : 7174033;
11626 : 7174033;
11627 : 7305883;
11628 : 6055037;
11629 : 13882323;
11630 : 16777215;
11631 : 16777215;
11632 : 16777215;
11633 : 16777215;
11634 : 16777215;
11635 : 16777215;
11636 : 16777215;
11637 : 16777215;
11638 : 16777215;
11639 : 16777215;
11640 : 16777215;
11641 : 16777215;
11642 : 16777215;
11643 : 16777215;
11644 : 16777215;
11645 : 16777215;
11646 : 16777215;
11647 : 16777215;
11648 : 16777215;
11649 : 16777215;
11650 : 16777215;
11651 : 16777215;
11652 : 16777215;
11653 : 7829630;
11654 : 3290961;
11655 : 3817048;
11656 : 3817048;
11657 : 3224904;
11658 : 6581639;
11659 : 7239828;
11660 : 7239830;
11661 : 7240088;
11662 : 7240089;
11663 : 7240347;
11664 : 6120053;
11665 : 15000803;
11666 : 16777215;
11667 : 16777215;
11668 : 16777215;
11669 : 16777215;
11670 : 16777215;
11671 : 16711421;
11672 : 14935010;
11673 : 11447983;
11674 : 7040374;
11675 : 3290183;
11676 : 3158603;
11677 : 3619412;
11678 : 3685718;
11679 : 2895938;
11680 : 4474974;
11681 : 6121096;
11682 : 6384524;
11683 : 7108243;
11684 : 7502742;
11685 : 7502998;
11686 : 6647695;
11687 : 6253200;
11688 : 5397372;
11689 : 4936044;
11690 : 5331058;
11691 : 5265008;
11692 : 5330801;
11693 : 5396595;
11694 : 5067628;
11695 : 4277339;
11696 : 3422027;
11697 : 3356493;
11698 : 3750999;
11699 : 3948635;
11700 : 3883099;
11701 : 3817048;
11702 : 3882842;
11703 : 3882842;
11704 : 3882842;
11705 : 3882842;
11706 : 4014428;
11707 : 4409186;
11708 : 4672358;
11709 : 4869993;
11710 : 4804457;
11711 : 4804200;
11712 : 4869994;
11713 : 4936046;
11714 : 4870253;
11715 : 4804204;
11716 : 4475497;
11717 : 4869468;
11718 : 12500669;
11719 : 16382456;
11720 : 16777215;
11721 : 16777215;
11722 : 16777215;
11723 : 15790319;
11724 : 11119018;
11725 : 5329760;
11726 : 4277854;
11727 : 5001837;
11728 : 5265009;
11729 : 5265008;
11730 : 5265008;
11731 : 5265008;
11732 : 5265008;
11733 : 5265008;
11734 : 5199215;
11735 : 5265008;
11736 : 5133422;
11737 : 5067371;
11738 : 5265007;
11739 : 5001578;
11740 : 3948628;
11741 : 5330801;
11742 : 5265009;
11743 : 4607079;
11744 : 6514286;
11745 : 16382456;
11746 : 16777215;
11747 : 9869469;
11748 : 6450310;
11749 : 7174289;
11750 : 7174032;
11751 : 7174036;
11752 : 7174036;
11753 : 7173779;
11754 : 7239571;
11755 : 6713489;
11756 : 8422027;
11757 : 16776958;
11758 : 16777215;
11759 : 16777215;
11760 : 16777215;
11761 : 16777215;
11762 : 16777215;
11763 : 16777215;
11764 : 16777215;
11765 : 16777215;
11766 : 16777215;
11767 : 16777215;
11768 : 16777215;
11769 : 16777215;
11770 : 16777215;
11771 : 16777215;
11772 : 16777215;
11773 : 16777215;
11774 : 16777215;
11775 : 16777215;
11776 : 16777215;
11777 : 16777215;
11778 : 16711421;
11779 : 16382456;
11780 : 16119284;
11781 : 7829628;
11782 : 3224912;
11783 : 3882843;
11784 : 3948379;
11785 : 3093574;
11786 : 6647692;
11787 : 7305882;
11788 : 7239830;
11789 : 7239829;
11790 : 7305883;
11791 : 6318728;
11792 : 8882572;
11793 : 16645628;
11794 : 15987442;
11795 : 14869217;
11796 : 13553359;
11797 : 11250605;
11798 : 8290180;
11799 : 5000787;
11800 : 3685196;
11801 : 3159116;
11802 : 3553878;
11803 : 3882841;
11804 : 3685716;
11805 : 3685459;
11806 : 3684948;
11807 : 2829886;
11808 : 5001321;
11809 : 5594493;
11810 : 6253196;
11811 : 6647952;
11812 : 6910866;
11813 : 6976657;
11814 : 6253195;
11815 : 6055558;
11816 : 4936299;
11817 : 5330802;
11818 : 5265008;
11819 : 5396594;
11820 : 4936041;
11821 : 3817042;
11822 : 3224648;
11823 : 3487824;
11824 : 3817049;
11825 : 3948635;
11826 : 3882842;
11827 : 3882842;
11828 : 3882842;
11829 : 3817305;
11830 : 3882842;
11831 : 3882842;
11832 : 3882842;
11833 : 3882842;
11834 : 4146014;
11835 : 4277600;
11836 : 4409186;
11837 : 4606565;
11838 : 4738407;
11839 : 4804201;
11840 : 5001326;
11841 : 4870510;
11842 : 4804204;
11843 : 4409191;
11844 : 5132898;
11845 : 13553614;
11846 : 16777215;
11847 : 16777215;
11848 : 16777215;
11849 : 16777215;
11850 : 16777215;
11851 : 16777215;
11852 : 16777215;
11853 : 15658733;
11854 : 10000796;
11855 : 5066847;
11856 : 4541028;
11857 : 5199216;
11858 : 5265008;
11859 : 5265008;
11860 : 5265008;
11861 : 5265008;
11862 : 5265008;
11863 : 5265008;
11864 : 5265008;
11865 : 5265008;
11866 : 5265008;
11867 : 4804198;
11868 : 4804198;
11869 : 5396594;
11870 : 4738665;
11871 : 5329761;
11872 : 14474459;
11873 : 16777215;
11874 : 16777215;
11875 : 8948366;
11876 : 6515847;
11877 : 7239826;
11878 : 7174033;
11879 : 7239832;
11880 : 7239830;
11881 : 7174036;
11882 : 7240090;
11883 : 6120570;
11884 : 14408410;
11885 : 16777215;
11886 : 16777215;
11887 : 16777215;
11888 : 16777215;
11889 : 16777215;
11890 : 16777215;
11891 : 16777215;
11892 : 16777215;
11893 : 16777215;
11894 : 16777215;
11895 : 16777215;
11896 : 16777215;
11897 : 16777215;
11898 : 16777215;
11899 : 16777215;
11900 : 16777215;
11901 : 16777215;
11902 : 16777215;
11903 : 16777215;
11904 : 16777215;
11905 : 11908791;
11906 : 5066588;
11907 : 5263968;
11908 : 4671831;
11909 : 3619402;
11910 : 3751255;
11911 : 3882842;
11912 : 3948379;
11913 : 3159111;
11914 : 6713742;
11915 : 7305883;
11916 : 7240089;
11917 : 7240089;
11918 : 7503004;
11919 : 4607070;
11920 : 3947846;
11921 : 5724521;
11922 : 4145741;
11923 : 3553353;
11924 : 3685203;
11925 : 3356240;
11926 : 2435133;
11927 : 3356497;
11928 : 3882843;
11929 : 3948635;
11930 : 3883099;
11931 : 3817303;
11932 : 3685459;
11933 : 3750996;
11934 : 3224392;
11935 : 3816784;
11936 : 5067370;
11937 : 4146265;
11938 : 6055303;
11939 : 6186891;
11940 : 6187404;
11941 : 6253197;
11942 : 6253196;
11943 : 5857922;
11944 : 5067372;
11945 : 5133165;
11946 : 5198957;
11947 : 3948628;
11948 : 2961473;
11949 : 3488081;
11950 : 3882843;
11951 : 3948635;
11952 : 3882842;
11953 : 3882842;
11954 : 3751254;
11955 : 3817049;
11956 : 3882842;
11957 : 3882842;
11958 : 3882842;
11959 : 3882842;
11960 : 3882842;
11961 : 4014428;
11962 : 4277600;
11963 : 4277600;
11964 : 4343393;
11965 : 4343394;
11966 : 4343650;
11967 : 4541031;
11968 : 4606824;
11969 : 4672618;
11970 : 3948894;
11971 : 6119280;
11972 : 14869218;
11973 : 16777215;
11974 : 16777215;
11975 : 16777215;
11976 : 16777215;
11977 : 16777215;
11978 : 16777215;
11979 : 16777215;
11980 : 16777215;
11981 : 16777215;
11982 : 16777215;
11983 : 15329768;
11984 : 9671833;
11985 : 5461865;
11986 : 4672615;
11987 : 5199217;
11988 : 5330801;
11989 : 5265008;
11990 : 5265008;
11991 : 5265008;
11992 : 5265008;
11993 : 5265008;
11994 : 5265008;
11995 : 5265008;
11996 : 5265008;
11997 : 4541027;
11998 : 6250860;
11999 : 14737631;
12000 : 16777215;
12001 : 16777215;
12002 : 16777215;
12003 : 7961474;
12004 : 6713745;
12005 : 7239831;
12006 : 7173779;
12007 : 7174034;
12008 : 7174035;
12009 : 7305881;
12010 : 6384522;
12011 : 9935005;
12012 : 16777215;
12013 : 16777215;
12014 : 16777215;
12015 : 16777215;
12016 : 16777215;
12017 : 16777215;
12018 : 16777215;
12019 : 16777215;
12020 : 16777215;
12021 : 16777215;
12022 : 16777215;
12023 : 16777215;
12024 : 16777215;
12025 : 16777215;
12026 : 16777215;
12027 : 16777215;
12028 : 16777215;
12029 : 16777215;
12030 : 16777215;
12031 : 16777215;
12032 : 16777215;
12033 : 14474460;
12034 : 5263966;
12035 : 2895947;
12036 : 3553880;
12037 : 3882843;
12038 : 3882842;
12039 : 3882842;
12040 : 3817305;
12041 : 3290439;
12042 : 6910865;
12043 : 7305626;
12044 : 7239833;
12045 : 7305882;
12046 : 6910607;
12047 : 2763833;
12048 : 3553877;
12049 : 3290703;
12050 : 2632253;
12051 : 3882843;
12052 : 4146017;
12053 : 3619668;
12054 : 3422031;
12055 : 4146016;
12056 : 3948634;
12057 : 3817305;
12058 : 3816791;
12059 : 3685204;
12060 : 3750739;
12061 : 3750483;
12062 : 2961216;
12063 : 5001322;
12064 : 4672355;
12065 : 4343388;
12066 : 5659769;
12067 : 5660026;
12068 : 5791871;
12069 : 5528442;
12070 : 5133680;
12071 : 5396596;
12072 : 5264494;
12073 : 4474975;
12074 : 3158852;
12075 : 3356237;
12076 : 3751253;
12077 : 3883098;
12078 : 3882842;
12079 : 3882842;
12080 : 3882842;
12081 : 3882842;
12082 : 3882842;
12083 : 3882842;
12084 : 3882842;
12085 : 3882842;
12086 : 3882842;
12087 : 3882842;
12088 : 3882842;
12089 : 3948635;
12090 : 4343394;
12091 : 4474982;
12092 : 4409445;
12093 : 4475495;
12094 : 4541288;
12095 : 4475238;
12096 : 4343653;
12097 : 3554133;
12098 : 7106167;
12099 : 15395561;
12100 : 16777215;
12101 : 16777215;
12102 : 16777215;
12103 : 16777215;
12104 : 16777215;
12105 : 16777215;
12106 : 16777215;
12107 : 16777215;
12108 : 16777215;
12109 : 16777215;
12110 : 16777215;
12111 : 16777215;
12112 : 16777215;
12113 : 15329768;
12114 : 9869213;
12115 : 4672346;
12116 : 4606819;
12117 : 5330801;
12118 : 5265008;
12119 : 5265008;
12120 : 5265008;
12121 : 5265008;
12122 : 5265008;
12123 : 5265009;
12124 : 4409441;
12125 : 7698047;
12126 : 15724527;
12127 : 16777215;
12128 : 16777215;
12129 : 16777215;
12130 : 16777214;
12131 : 7304062;
12132 : 6911382;
12133 : 7240089;
12134 : 7240088;
12135 : 7239830;
12136 : 7239571;
12137 : 7042451;
12138 : 6580600;
12139 : 15855855;
12140 : 16777215;
12141 : 16777215;
12142 : 16777215;
12143 : 16777215;
12144 : 16777215;
12145 : 16777215;
12146 : 16777215;
12147 : 16777215;
12148 : 16777215;
12149 : 16777215;
12150 : 16777215;
12151 : 16777215;
12152 : 16777215;
12153 : 16777215;
12154 : 16777215;
12155 : 16777215;
12156 : 16777215;
12157 : 16777215;
12158 : 16777215;
12159 : 16777215;
12160 : 16777215;
12161 : 16777215;
12162 : 16119284;
12163 : 10000798;
12164 : 4342870;
12165 : 3356497;
12166 : 3948635;
12167 : 3882842;
12168 : 3882585;
12169 : 3290695;
12170 : 6976915;
12171 : 7305625;
12172 : 7174293;
12173 : 7503262;
12174 : 4672864;
12175 : 2895682;
12176 : 4014686;
12177 : 3093062;
12178 : 3619668;
12179 : 3882843;
12180 : 3948636;
12181 : 3093063;
12182 : 3685460;
12183 : 3751510;
12184 : 3685716;
12185 : 3685459;
12186 : 3685204;
12187 : 3685204;
12188 : 3750997;
12189 : 3093061;
12190 : 4014421;
12191 : 5198701;
12192 : 4738148;
12193 : 4869734;
12194 : 5067116;
12195 : 5133165;
12196 : 4277593;
12197 : 3685198;
12198 : 4737891;
12199 : 4935527;
12200 : 3619661;
12201 : 3093317;
12202 : 3685461;
12203 : 3882842;
12204 : 3882842;
12205 : 3882842;
12206 : 3882842;
12207 : 3882842;
12208 : 3882842;
12209 : 3882842;
12210 : 3882842;
12211 : 3882842;
12212 : 3882842;
12213 : 3882842;
12214 : 3882842;
12215 : 3882842;
12216 : 3882842;
12217 : 4014429;
12218 : 4409445;
12219 : 4541031;
12220 : 4541031;
12221 : 4607338;
12222 : 4673132;
12223 : 4014687;
12224 : 4211542;
12225 : 9935004;
12226 : 16316663;
12227 : 16777215;
12228 : 16777215;
12229 : 16777215;
12230 : 16777215;
12231 : 16777215;
12232 : 16777215;
12233 : 16777215;
12234 : 16777215;
12235 : 16777215;
12236 : 16777215;
12237 : 16777215;
12238 : 16777215;
12239 : 16777215;
12240 : 16777215;
12241 : 16777215;
12242 : 16777215;
12243 : 15198182;
12244 : 6119267;
12245 : 4606822;
12246 : 5330545;
12247 : 5265008;
12248 : 5265008;
12249 : 5265008;
12250 : 5265009;
12251 : 4541026;
12252 : 9277076;
12253 : 16448249;
12254 : 16777215;
12255 : 16777215;
12256 : 16777215;
12257 : 16777215;
12258 : 16447992;
12259 : 6580598;
12260 : 7108504;
12261 : 7240089;
12262 : 7240089;
12263 : 7240089;
12264 : 7305883;
12265 : 5857658;
12266 : 11777204;
12267 : 16777215;
12268 : 16777215;
12269 : 16777215;
12270 : 16777215;
12271 : 16777215;
12272 : 16777215;
12273 : 16777215;
12274 : 16777215;
12275 : 16777215;
12276 : 16777215;
12277 : 16777215;
12278 : 16777215;
12279 : 16777215;
12280 : 16777215;
12281 : 16777215;
12282 : 16777215;
12283 : 16777215;
12284 : 16777215;
12285 : 16777215;
12286 : 16777215;
12287 : 16777215;
12288 : 16777215;
12289 : 16777215;
12290 : 16777215;
12291 : 16777215;
12292 : 15132389;
12293 : 6447975;
12294 : 2698305;
12295 : 3751256;
12296 : 3882842;
12297 : 3356489;
12298 : 7042452;
12299 : 7305882;
12300 : 7305882;
12301 : 6910865;
12302 : 2632504;
12303 : 3619668;
12304 : 3948635;
12305 : 3158855;
12306 : 3882585;
12307 : 3882842;
12308 : 3948378;
12309 : 3027269;
12310 : 3619410;
12311 : 3619922;
12312 : 3619922;
12313 : 3750739;
12314 : 3751255;
12315 : 3751510;
12316 : 3553617;
12317 : 3356232;
12318 : 5133165;
12319 : 5067115;
12320 : 5067115;
12321 : 5067115;
12322 : 5067115;
12323 : 4211543;
12324 : 4277337;
12325 : 5132909;
12326 : 4014422;
12327 : 3027267;
12328 : 3421773;
12329 : 3750996;
12330 : 3685458;
12331 : 3816790;
12332 : 3882843;
12333 : 3882842;
12334 : 3882842;
12335 : 3882842;
12336 : 3882842;
12337 : 3882842;
12338 : 3882842;
12339 : 3882842;
12340 : 3882842;
12341 : 3882842;
12342 : 3882842;
12343 : 3882843;
12344 : 4080223;
12345 : 4146016;
12346 : 4146016;
12347 : 4277859;
12348 : 4475239;
12349 : 4409960;
12350 : 3488598;
12351 : 6382447;
12352 : 14211288;
12353 : 16777215;
12354 : 16777215;
12355 : 16777215;
12356 : 16777215;
12357 : 16777215;
12358 : 16777215;
12359 : 16777215;
12360 : 16777215;
12361 : 16777215;
12362 : 16777215;
12363 : 16777215;
12364 : 16777215;
12365 : 16777215;
12366 : 16777215;
12367 : 16777215;
12368 : 16777215;
12369 : 16777215;
12370 : 16777215;
12371 : 14606303;
12372 : 5593453;
12373 : 5198962;
12374 : 5265010;
12375 : 5265008;
12376 : 5264752;
12377 : 5330801;
12378 : 4607077;
12379 : 9474455;
12380 : 16777214;
12381 : 16777215;
12382 : 16777215;
12383 : 16777215;
12384 : 16777215;
12385 : 16777215;
12386 : 15724269;
12387 : 6054258;
12388 : 7239833;
12389 : 7240089;
12390 : 7240089;
12391 : 7305625;
12392 : 6516109;
12393 : 9540506;
12394 : 16777215;
12395 : 16777215;
12396 : 16777215;
12397 : 16777215;
12398 : 16777215;
12399 : 16777215;
12400 : 16777215;
12401 : 16777215;
12402 : 16777215;
12403 : 16777215;
12404 : 16777215;
12405 : 16777215;
12406 : 16777215;
12407 : 16777215;
12408 : 16777215;
12409 : 16777215;
12410 : 16777215;
12411 : 16777215;
12412 : 16777215;
12413 : 16777215;
12414 : 16777215;
12415 : 16777215;
12416 : 16777215;
12417 : 16777215;
12418 : 16777215;
12419 : 16777215;
12420 : 16777215;
12421 : 9539989;
12422 : 3027275;
12423 : 3817048;
12424 : 3882842;
12425 : 3422283;
12426 : 6976658;
12427 : 7305882;
12428 : 7437726;
12429 : 4870502;
12430 : 2566458;
12431 : 3685205;
12432 : 3948635;
12433 : 3093320;
12434 : 3817049;
12435 : 3882841;
12436 : 3948378;
12437 : 3158598;
12438 : 3816534;
12439 : 3817049;
12440 : 3817048;
12441 : 3685204;
12442 : 3685203;
12443 : 3685716;
12444 : 3027523;
12445 : 4606560;
12446 : 5132909;
12447 : 5067115;
12448 : 5067115;
12449 : 5067115;
12450 : 4738147;
12451 : 4737892;
12452 : 4803941;
12453 : 2632505;
12454 : 3027269;
12455 : 3685204;
12456 : 3750997;
12457 : 3750740;
12458 : 3750740;
12459 : 3750997;
12460 : 3751255;
12461 : 3817049;
12462 : 3882842;
12463 : 3882842;
12464 : 3882842;
12465 : 3882842;
12466 : 3882842;
12467 : 3882842;
12468 : 3882842;
12469 : 3882842;
12470 : 3882842;
12471 : 4014430;
12472 : 4146016;
12473 : 4146016;
12474 : 4211809;
12475 : 4212067;
12476 : 3685724;
12477 : 3948372;
12478 : 9737624;
12479 : 16250869;
12480 : 16777215;
12481 : 16777215;
12482 : 16777215;
12483 : 16777215;
12484 : 16777215;
12485 : 16777215;
12486 : 16777215;
12487 : 16777215;
12488 : 16777215;
12489 : 16777215;
12490 : 16777215;
12491 : 16777215;
12492 : 16777215;
12493 : 16777215;
12494 : 16777215;
12495 : 16777215;
12496 : 16777215;
12497 : 16777215;
12498 : 15658733;
12499 : 6448243;
12500 : 5067633;
12501 : 5330546;
12502 : 5265009;
12503 : 5265008;
12504 : 5330288;
12505 : 4936044;
12506 : 6119273;
12507 : 16382456;
12508 : 16777215;
12509 : 16777215;
12510 : 16777215;
12511 : 16777215;
12512 : 16777215;
12513 : 16777215;
12514 : 14803424;
12515 : 5988984;
12516 : 7305883;
12517 : 7240089;
12518 : 7240089;
12519 : 6976659;
12520 : 7238531;
12521 : 15921904;
12522 : 16777215;
12523 : 16777215;
12524 : 16777215;
12525 : 16777215;
12526 : 16777215;
12527 : 16777215;
12528 : 16777215;
12529 : 16777215;
12530 : 16777215;
12531 : 16777215;
12532 : 16777215;
12533 : 16777215;
12534 : 16777215;
12535 : 16777215;
12536 : 16777215;
12537 : 16777215;
12538 : 16777215;
12539 : 16777215;
12540 : 16777215;
12541 : 16777215;
12542 : 16777215;
12543 : 16777215;
12544 : 16777215;
12545 : 16777215;
12546 : 16777215;
12547 : 16777215;
12548 : 16777215;
12549 : 6645359;
12550 : 3488084;
12551 : 3882842;
12552 : 3882842;
12553 : 3422284;
12554 : 6911122;
12555 : 7371676;
12556 : 6779278;
12557 : 3224903;
12558 : 3422031;
12559 : 3422030;
12560 : 4014429;
12561 : 3224907;
12562 : 3685461;
12563 : 3751511;
12564 : 3948635;
12565 : 3224649;
12566 : 3750998;
12567 : 3882842;
12568 : 3882842;
12569 : 3817049;
12570 : 3882584;
12571 : 3355978;
12572 : 3751246;
12573 : 5198698;
12574 : 5067113;
12575 : 5067113;
12576 : 5067114;
12577 : 5067371;
12578 : 5133166;
12579 : 4869734;
12580 : 2566711;
12581 : 3224393;
12582 : 3816534;
12583 : 3750740;
12584 : 3751253;
12585 : 3750739;
12586 : 3750997;
12587 : 3882585;
12588 : 3751255;
12589 : 3619667;
12590 : 3817047;
12591 : 3882842;
12592 : 3882842;
12593 : 3882842;
12594 : 3882842;
12595 : 3882842;
12596 : 3882842;
12597 : 3882842;
12598 : 3882842;
12599 : 4080223;
12600 : 4211810;
12601 : 4212324;
12602 : 3883103;
12603 : 3488083;
12604 : 7237754;
12605 : 14145494;
12606 : 16777215;
12607 : 16777215;
12608 : 16777215;
12609 : 16777215;
12610 : 16777215;
12611 : 16777215;
12612 : 16777215;
12613 : 16777215;
12614 : 16777215;
12615 : 16777215;
12616 : 16777215;
12617 : 16777215;
12618 : 16777215;
12619 : 16777215;
12620 : 16777215;
12621 : 16777215;
12622 : 16777215;
12623 : 16777215;
12624 : 16777215;
12625 : 16514042;
12626 : 7895681;
12627 : 4606822;
12628 : 5330801;
12629 : 5265008;
12630 : 5265008;
12631 : 5199471;
12632 : 5330802;
12633 : 4080471;
12634 : 12632256;
12635 : 16777215;
12636 : 16777215;
12637 : 16777215;
12638 : 16777215;
12639 : 16777215;
12640 : 16777215;
12641 : 16777215;
12642 : 13619150;
12643 : 5923450;
12644 : 7371676;
12645 : 7240089;
12646 : 7240347;
12647 : 6384003;
12648 : 13355980;
12649 : 16777215;
12650 : 16777215;
12651 : 16777215;
12652 : 16777215;
12653 : 16777215;
12654 : 16777215;
12655 : 16777215;
12656 : 16777215;
12657 : 16777215;
12658 : 16777215;
12659 : 16777215;
12660 : 16777215;
12661 : 16777215;
12662 : 16777215;
12663 : 16777215;
12664 : 16777215;
12665 : 16777215;
12666 : 16777215;
12667 : 16777215;
12668 : 16777215;
12669 : 16777215;
12670 : 16777215;
12671 : 16777215;
12672 : 16777215;
12673 : 16777215;
12674 : 16777215;
12675 : 16777215;
12676 : 15921904;
12677 : 4540247;
12678 : 3685721;
12679 : 3882842;
12680 : 3948635;
12681 : 3290441;
12682 : 6450312;
12683 : 7503519;
12684 : 4804452;
12685 : 3356237;
12686 : 3422546;
12687 : 2566462;
12688 : 3619671;
12689 : 3619668;
12690 : 3356494;
12691 : 3948636;
12692 : 3948635;
12693 : 3487824;
12694 : 3487823;
12695 : 3948635;
12696 : 3882842;
12697 : 3948635;
12698 : 3685462;
12699 : 3487820;
12700 : 5198957;
12701 : 5067114;
12702 : 5067369;
12703 : 5067369;
12704 : 5067114;
12705 : 5133164;
12706 : 5199214;
12707 : 3158851;
12708 : 3356235;
12709 : 3816791;
12710 : 3685204;
12711 : 3750740;
12712 : 3750739;
12713 : 3750739;
12714 : 3685460;
12715 : 3751253;
12716 : 3751252;
12717 : 3817048;
12718 : 3817048;
12719 : 3817049;
12720 : 3882842;
12721 : 3882842;
12722 : 3882842;
12723 : 3882842;
12724 : 3882842;
12725 : 3948636;
12726 : 4080223;
12727 : 4080224;
12728 : 3751517;
12729 : 3422290;
12730 : 5724518;
12731 : 12303292;
12732 : 16777214;
12733 : 16777215;
12734 : 16777215;
12735 : 16777215;
12736 : 16777215;
12737 : 16777215;
12738 : 16777215;
12739 : 16777215;
12740 : 16777215;
12741 : 16777215;
12742 : 16777215;
12743 : 16777215;
12744 : 16777215;
12745 : 16777215;
12746 : 16777215;
12747 : 16777215;
12748 : 16777215;
12749 : 16777215;
12750 : 16777215;
12751 : 16777215;
12752 : 16777215;
12753 : 9211281;
12754 : 4212060;
12755 : 5330802;
12756 : 5264751;
12757 : 5265007;
12758 : 5265008;
12759 : 5265008;
12760 : 4936044;
12761 : 6250858;
12762 : 16514042;
12763 : 16777215;
12764 : 16777215;
12765 : 16777215;
12766 : 16777215;
12767 : 16777215;
12768 : 16777215;
12769 : 16777215;
12770 : 11908791;
12771 : 5989761;
12772 : 7306139;
12773 : 7305883;
12774 : 6384522;
12775 : 10264228;
12776 : 16777215;
12777 : 16777215;
12778 : 16777215;
12779 : 16777215;
12780 : 16777215;
12781 : 16777215;
12782 : 16777215;
12783 : 16777215;
12784 : 16777215;
12785 : 16777215;
12786 : 16777215;
12787 : 16777215;
12788 : 16777215;
12789 : 16777215;
12790 : 16777215;
12791 : 16777215;
12792 : 16777215;
12793 : 16777215;
12794 : 16777215;
12795 : 16777215;
12796 : 16777215;
12797 : 16777215;
12798 : 16777215;
12799 : 16777215;
12800 : 16777215;
12801 : 16777215;
12802 : 16777215;
12803 : 16777215;
12804 : 13027271;
12805 : 3356494;
12806 : 3948636;
12807 : 3882842;
12808 : 3948636;
12809 : 3224649;
12810 : 5726328;
12811 : 7108501;
12812 : 3422026;
12813 : 3685464;
12814 : 4671832;
12815 : 8947852;
12816 : 5132637;
12817 : 3422030;
12818 : 2500925;
12819 : 3224910;
12820 : 3817307;
12821 : 3882842;
12822 : 3158856;
12823 : 3882841;
12824 : 3882842;
12825 : 3882585;
12826 : 3093061;
12827 : 4935784;
12828 : 5330802;
12829 : 5198958;
12830 : 5198959;
12831 : 5199215;
12832 : 5067372;
12833 : 5198702;
12834 : 3948627;
12835 : 3355978;
12836 : 3751252;
12837 : 3685460;
12838 : 3685204;
12839 : 3750740;
12840 : 3750738;
12841 : 3750739;
12842 : 3685204;
12843 : 3750740;
12844 : 3685202;
12845 : 3685717;
12846 : 3882841;
12847 : 3882842;
12848 : 3882841;
12849 : 3817047;
12850 : 3882842;
12851 : 4014430;
12852 : 4146016;
12853 : 3883102;
12854 : 3422292;
12855 : 4014166;
12856 : 6514031;
12857 : 12106170;
12858 : 16382456;
12859 : 16777215;
12860 : 16777215;
12861 : 16777215;
12862 : 16777215;
12863 : 16777215;
12864 : 16777215;
12865 : 16777215;
12866 : 16777215;
12867 : 16777215;
12868 : 16777215;
12869 : 16777215;
12870 : 16777215;
12871 : 16777215;
12872 : 16777215;
12873 : 16777215;
12874 : 16777215;
12875 : 16777215;
12876 : 16777215;
12877 : 16777215;
12878 : 16777215;
12879 : 16777215;
12880 : 10329502;
12881 : 3619662;
12882 : 5265009;
12883 : 5396594;
12884 : 5198958;
12885 : 5264750;
12886 : 5330801;
12887 : 5396595;
12888 : 4277855;
12889 : 10263709;
12890 : 16777215;
12891 : 16777215;
12892 : 16777215;
12893 : 16777215;
12894 : 16777215;
12895 : 16777215;
12896 : 16777215;
12897 : 16777215;
12898 : 10724776;
12899 : 6384522;
12900 : 7371676;
12901 : 6516366;
12902 : 9409181;
12903 : 16447993;
12904 : 16777215;
12905 : 16777215;
12906 : 16777215;
12907 : 16777215;
12908 : 16777215;
12909 : 16777215;
12910 : 16777215;
12911 : 16777215;
12912 : 16777215;
12913 : 16777215;
12914 : 16777215;
12915 : 16777215;
12916 : 16777215;
12917 : 16777215;
12918 : 16777215;
12919 : 16777215;
12920 : 16777215;
12921 : 16777215;
12922 : 16777215;
12923 : 16777215;
12924 : 16777215;
12925 : 16777215;
12926 : 16777215;
12927 : 16777215;
12928 : 16777215;
12929 : 16777215;
12930 : 16777215;
12931 : 16777215;
12932 : 8816525;
12933 : 3488086;
12934 : 4146016;
12935 : 4014430;
12936 : 3948379;
12937 : 3488081;
12938 : 4738915;
12939 : 5331056;
12940 : 3487568;
12941 : 3356238;
12942 : 12171706;
12943 : 16777215;
12944 : 16250613;
12945 : 13158601;
12946 : 8553350;
12947 : 5461339;
12948 : 3685196;
12949 : 3158859;
12950 : 2830151;
12951 : 2829892;
12952 : 3882843;
12953 : 3224649;
12954 : 4474974;
12955 : 5330801;
12956 : 5265008;
12957 : 5265008;
12958 : 5265008;
12959 : 5265008;
12960 : 5330801;
12961 : 4672097;
12962 : 3158854;
12963 : 3685460;
12964 : 3619922;
12965 : 3685458;
12966 : 3750739;
12967 : 3750739;
12968 : 3750740;
12969 : 3685461;
12970 : 3750740;
12971 : 3750740;
12972 : 3750739;
12973 : 3619922;
12974 : 3751253;
12975 : 3882842;
12976 : 3882842;
12977 : 3685464;
12978 : 3554136;
12979 : 3422292;
12980 : 3422030;
12981 : 5527142;
12982 : 9408662;
12983 : 14211544;
12984 : 16777215;
12985 : 16777215;
12986 : 16777215;
12987 : 16777215;
12988 : 16777215;
12989 : 16777215;
12990 : 16777215;
12991 : 16777215;
12992 : 16777215;
12993 : 16777215;
12994 : 16777215;
12995 : 16777215;
12996 : 16777215;
12997 : 16777215;
12998 : 16777215;
12999 : 16777215;
13000 : 16777215;
13001 : 16777215;
13002 : 16777215;
13003 : 16777215;
13004 : 16777215;
13005 : 16777215;
13006 : 16777215;
13007 : 12171705;
13008 : 4014420;
13009 : 4146009;
13010 : 3685453;
13011 : 3948371;
13012 : 4277339;
13013 : 4409181;
13014 : 4475232;
13015 : 4672354;
13016 : 3422024;
13017 : 12698049;
13018 : 16777215;
13019 : 16777215;
13020 : 16777215;
13021 : 16777215;
13022 : 16777215;
13023 : 16777215;
13024 : 16777215;
13025 : 16777215;
13026 : 8751505;
13027 : 6714003;
13028 : 6384779;
13029 : 8619666;
13030 : 16184820;
13031 : 16777215;
13032 : 16777215;
13033 : 16777215;
13034 : 16777215;
13035 : 16777215;
13036 : 16777215;
13037 : 16777215;
13038 : 16777215;
13039 : 16777215;
13040 : 16777215;
13041 : 16777215;
13042 : 16777215;
13043 : 16777215;
13044 : 16777215;
13045 : 16777215;
13046 : 16777215;
13047 : 16777215;
13048 : 16777215;
13049 : 16777215;
13050 : 16777215;
13051 : 16777215;
13052 : 16777215;
13053 : 16777215;
13054 : 16777215;
13055 : 16777215;
13056 : 16777215;
13057 : 16777215;
13058 : 16777215;
13059 : 16645628;
13060 : 5921897;
13061 : 3817052;
13062 : 4146016;
13063 : 4146016;
13064 : 3882843;
13065 : 3882842;
13066 : 3224906;
13067 : 3356235;
13068 : 3290706;
13069 : 7763839;
13070 : 16777214;
13071 : 16777215;
13072 : 16777215;
13073 : 16777215;
13074 : 16777215;
13075 : 16777214;
13076 : 14869217;
13077 : 12369341;
13078 : 9145490;
13079 : 5724514;
13080 : 2829880;
13081 : 3093058;
13082 : 4935785;
13083 : 5330801;
13084 : 5330802;
13085 : 5265265;
13086 : 5265008;
13087 : 5265008;
13088 : 5198958;
13089 : 2829888;
13090 : 3553877;
13091 : 3685719;
13092 : 3553875;
13093 : 3554130;
13094 : 3619923;
13095 : 3685202;
13096 : 3750741;
13097 : 3751255;
13098 : 3684946;
13099 : 3553619;
13100 : 3488085;
13101 : 3290961;
13102 : 3093324;
13103 : 3224654;
13104 : 3356494;
13105 : 4474455;
13106 : 7171961;
13107 : 10987435;
13108 : 13487821;
13109 : 16316662;
13110 : 16777215;
13111 : 16777215;
13112 : 16777215;
13113 : 16777215;
13114 : 16777215;
13115 : 16777215;
13116 : 16777215;
13117 : 16777215;
13118 : 16777215;
13119 : 16777215;
13120 : 16777215;
13121 : 16777215;
13122 : 16777215;
13123 : 16777215;
13124 : 16777215;
13125 : 16777215;
13126 : 16777215;
13127 : 16777215;
13128 : 16777215;
13129 : 16777215;
13130 : 16777215;
13131 : 16777215;
13132 : 16777215;
13133 : 16777215;
13134 : 14079701;
13135 : 4737882;
13136 : 5067374;
13137 : 5396594;
13138 : 5199215;
13139 : 4869992;
13140 : 4672355;
13141 : 4343644;
13142 : 4343645;
13143 : 4606819;
13144 : 4211540;
13145 : 14474203;
13146 : 16777215;
13147 : 16777215;
13148 : 16777215;
13149 : 16777215;
13150 : 16777215;
13151 : 16777215;
13152 : 16777215;
13153 : 16711421;
13154 : 6974840;
13155 : 6252674;
13156 : 10790830;
13157 : 16250870;
13158 : 16777215;
13159 : 16777215;
13160 : 16777215;
13161 : 16777215;
13162 : 16777215;
13163 : 16777215;
13164 : 16777215;
13165 : 16777215;
13166 : 16777215;
13167 : 16777215;
13168 : 16777215;
13169 : 16777215;
13170 : 16777215;
13171 : 16777215;
13172 : 16777215;
13173 : 16777215;
13174 : 16777215;
13175 : 16777215;
13176 : 16777215;
13177 : 16777215;
13178 : 16777215;
13179 : 16777215;
13180 : 16777215;
13181 : 16777215;
13182 : 16777215;
13183 : 16777215;
13184 : 16777215;
13185 : 16777215;
13186 : 16777215;
13187 : 15066596;
13188 : 4079698;
13189 : 4014431;
13190 : 4146016;
13191 : 4146016;
13192 : 3948635;
13193 : 3882842;
13194 : 3948635;
13195 : 3619672;
13196 : 4737626;
13197 : 15395561;
13198 : 16777215;
13199 : 16777215;
13200 : 16777215;
13201 : 16777215;
13202 : 16777215;
13203 : 16777215;
13204 : 16777215;
13205 : 16777215;
13206 : 16777215;
13207 : 15329767;
13208 : 5527140;
13209 : 4869994;
13210 : 4211801;
13211 : 3948371;
13212 : 4474974;
13213 : 5001578;
13214 : 5133422;
13215 : 5330802;
13216 : 4343385;
13217 : 5329502;
13218 : 5329765;
13219 : 4342872;
13220 : 4013907;
13221 : 3882578;
13222 : 3750994;
13223 : 3487820;
13224 : 3290698;
13225 : 3619148;
13226 : 4145234;
13227 : 5000799;
13228 : 5790055;
13229 : 7171704;
13230 : 9145234;
13231 : 11382450;
13232 : 13224394;
13233 : 15592940;
13234 : 16777215;
13235 : 16777215;
13236 : 16777215;
13237 : 16777215;
13238 : 16777215;
13239 : 16777215;
13240 : 16777215;
13241 : 16777215;
13242 : 16777215;
13243 : 16777215;
13244 : 16777215;
13245 : 16777215;
13246 : 16777215;
13247 : 16777215;
13248 : 16777215;
13249 : 16777215;
13250 : 16777215;
13251 : 16777215;
13252 : 16777215;
13253 : 16777215;
13254 : 16777215;
13255 : 16777215;
13256 : 16777215;
13257 : 16777215;
13258 : 16777215;
13259 : 16777215;
13260 : 16777215;
13261 : 15856112;
13262 : 5395292;
13263 : 4014424;
13264 : 5265008;
13265 : 5331058;
13266 : 5264752;
13267 : 5330801;
13268 : 5330802;
13269 : 5330802;
13270 : 5330802;
13271 : 5265009;
13272 : 5527145;
13273 : 15658733;
13274 : 16777215;
13275 : 16777215;
13276 : 16777215;
13277 : 16777215;
13278 : 16777215;
13279 : 16777215;
13280 : 16777215;
13281 : 16777215;
13282 : 13224394;
13283 : 14079703;
13284 : 16777215;
13285 : 16777215;
13286 : 16777215;
13287 : 16777215;
13288 : 16777215;
13289 : 16777215;
13290 : 16777215;
13291 : 16777215;
13292 : 16777215;
13293 : 16777215;
13294 : 16777215;
13295 : 16777215;
13296 : 16777215;
13297 : 16777215;
13298 : 16777215;
13299 : 16777215;
13300 : 16777215;
13301 : 16777215;
13302 : 16777215;
13303 : 16777215;
13304 : 16777215;
13305 : 16777215;
13306 : 16777215;
13307 : 16777215;
13308 : 16777215;
13309 : 16777215;
13310 : 16777215;
13311 : 16777215;
13312 : 16777215;
13313 : 16777215;
13314 : 16777215;
13315 : 11711412;
13316 : 3290703;
13317 : 4146016;
13318 : 4146016;
13319 : 4080223;
13320 : 3882842;
13321 : 3882842;
13322 : 3817049;
13323 : 3619407;
13324 : 12763843;
13325 : 16777215;
13326 : 16777215;
13327 : 16777215;
13328 : 16777215;
13329 : 16777215;
13330 : 16777215;
13331 : 16777215;
13332 : 16777215;
13333 : 16777215;
13334 : 16185077;
13335 : 7040375;
13336 : 4870251;
13337 : 5330802;
13338 : 5330802;
13339 : 5133165;
13340 : 4672355;
13341 : 4475231;
13342 : 4277594;
13343 : 3488077;
13344 : 6579818;
13345 : 16514042;
13346 : 16185077;
13347 : 15329768;
13348 : 14935011;
13349 : 14671839;
13350 : 14342874;
13351 : 13882324;
13352 : 13816530;
13353 : 14408667;
13354 : 15329768;
13355 : 16119284;
13356 : 16645628;
13357 : 16777215;
13358 : 16777215;
13359 : 16777215;
13360 : 16777215;
13361 : 16777215;
13362 : 16777215;
13363 : 16777215;
13364 : 16777215;
13365 : 16777215;
13366 : 16777215;
13367 : 16777215;
13368 : 16777215;
13369 : 16777215;
13370 : 16777215;
13371 : 16777215;
13372 : 16777215;
13373 : 16777215;
13374 : 16777215;
13375 : 16777215;
13376 : 16777215;
13377 : 16777215;
13378 : 16777215;
13379 : 16777215;
13380 : 16777215;
13381 : 16777215;
13382 : 16777215;
13383 : 16777215;
13384 : 16777215;
13385 : 16777215;
13386 : 16777215;
13387 : 16777215;
13388 : 16645628;
13389 : 7895424;
13390 : 4541028;
13391 : 4475231;
13392 : 3816784;
13393 : 4211801;
13394 : 4672611;
13395 : 5001578;
13396 : 5133422;
13397 : 5133165;
13398 : 5133166;
13399 : 4935787;
13400 : 5922155;
13401 : 16316407;
13402 : 16777215;
13403 : 16777215;
13404 : 16777215;
13405 : 16777215;
13406 : 16777215;
13407 : 16777215;
13408 : 16777215;
13409 : 16777215;
13410 : 16777215;
13411 : 16777215;
13412 : 16777215;
13413 : 16777215;
13414 : 16777215;
13415 : 16777215;
13416 : 16777215;
13417 : 16777215;
13418 : 16777215;
13419 : 16777215;
13420 : 16777215;
13421 : 16777215;
13422 : 16777215;
13423 : 16777215;
13424 : 16777215;
13425 : 16777215;
13426 : 16777215;
13427 : 16777215;
13428 : 16777215;
13429 : 16777215;
13430 : 16777215;
13431 : 16777215;
13432 : 16777215;
13433 : 16777215;
13434 : 16777215;
13435 : 16777215;
13436 : 16777215;
13437 : 16777215;
13438 : 16777215;
13439 : 16777215;
13440 : 16777215;
13441 : 16777215;
13442 : 16777215;
13443 : 7171959;
13444 : 3619673;
13445 : 4146016;
13446 : 4146016;
13447 : 4014429;
13448 : 3882842;
13449 : 3882843;
13450 : 3159116;
13451 : 10592677;
13452 : 16777215;
13453 : 16777215;
13454 : 16777215;
13455 : 16777215;
13456 : 16777215;
13457 : 16777215;
13458 : 16777215;
13459 : 16777215;
13460 : 16777215;
13461 : 16777215;
13462 : 9013904;
13463 : 3488077;
13464 : 4804199;
13465 : 5265008;
13466 : 5331058;
13467 : 5330802;
13468 : 5330802;
13469 : 5330801;
13470 : 5396595;
13471 : 4014424;
13472 : 10724516;
13473 : 16777215;
13474 : 16777215;
13475 : 16777215;
13476 : 16777215;
13477 : 16777215;
13478 : 16777215;
13479 : 16777215;
13480 : 16777215;
13481 : 16777215;
13482 : 16777215;
13483 : 16777215;
13484 : 16777215;
13485 : 16777215;
13486 : 16777215;
13487 : 16777215;
13488 : 16777215;
13489 : 16777215;
13490 : 16777215;
13491 : 16777215;
13492 : 16777215;
13493 : 16777215;
13494 : 16777215;
13495 : 16777215;
13496 : 16777215;
13497 : 16777215;
13498 : 16777215;
13499 : 16777215;
13500 : 16777215;
13501 : 16777215;
13502 : 16777215;
13503 : 16777215;
13504 : 16777215;
13505 : 16777215;
13506 : 16777215;
13507 : 16777215;
13508 : 16777215;
13509 : 16777215;
13510 : 16777215;
13511 : 16777215;
13512 : 16777215;
13513 : 16777215;
13514 : 16777215;
13515 : 16777215;
13516 : 11974582;
13517 : 3356232;
13518 : 5462389;
13519 : 5330545;
13520 : 5264751;
13521 : 4869734;
13522 : 4409180;
13523 : 4211801;
13524 : 4146008;
13525 : 4211802;
13526 : 4146008;
13527 : 3882836;
13528 : 5263966;
13529 : 16316663;
13530 : 16777215;
13531 : 16777215;
13532 : 16777215;
13533 : 16777215;
13534 : 16777215;
13535 : 16777215;
13536 : 16777215;
13537 : 16777215;
13538 : 16777215;
13539 : 16777215;
13540 : 16777215;
13541 : 16777215;
13542 : 16777215;
13543 : 16777215;
13544 : 16777215;
13545 : 16777215;
13546 : 16777215;
13547 : 16777215;
13548 : 16777215;
13549 : 16777215;
13550 : 16777215;
13551 : 16777215;
13552 : 16777215;
13553 : 16777215;
13554 : 16777215;
13555 : 16777215;
13556 : 16777215;
13557 : 16777215;
13558 : 16777215;
13559 : 16777215;
13560 : 16777215;
13561 : 16777215;
13562 : 16777215;
13563 : 16777215;
13564 : 16777215;
13565 : 16777215;
13566 : 16777215;
13567 : 16777215;
13568 : 16777215;
13569 : 16777215;
13570 : 15395560;
13571 : 4211541;
13572 : 4080739;
13573 : 4212067;
13574 : 4146273;
13575 : 4080223;
13576 : 4080223;
13577 : 3224911;
13578 : 9408662;
13579 : 16777215;
13580 : 16777215;
13581 : 16777215;
13582 : 16777215;
13583 : 16777215;
13584 : 16777215;
13585 : 16777215;
13586 : 16777215;
13587 : 16777215;
13588 : 16777215;
13589 : 11316398;
13590 : 4409439;
13591 : 5199215;
13592 : 4475232;
13593 : 4014422;
13594 : 4277595;
13595 : 4738405;
13596 : 5133165;
13597 : 5265008;
13598 : 5265009;
13599 : 4737884;
13600 : 15132389;
13601 : 16777215;
13602 : 16777215;
13603 : 16777215;
13604 : 16777215;
13605 : 16777215;
13606 : 16777215;
13607 : 16777215;
13608 : 16777215;
13609 : 16777215;
13610 : 16777215;
13611 : 16777215;
13612 : 16777215;
13613 : 16777215;
13614 : 16777215;
13615 : 16777215;
13616 : 16777215;
13617 : 16777215;
13618 : 16777215;
13619 : 16777215;
13620 : 16777215;
13621 : 16777215;
13622 : 16777215;
13623 : 16777215;
13624 : 16777215;
13625 : 16777215;
13626 : 16777215;
13627 : 16777215;
13628 : 16777215;
13629 : 16777215;
13630 : 16777215;
13631 : 16777215;
13632 : 16777215;
13633 : 16777215;
13634 : 16777215;
13635 : 16777215;
13636 : 16777215;
13637 : 16777215;
13638 : 16777215;
13639 : 16777215;
13640 : 16777215;
13641 : 16777215;
13642 : 16777215;
13643 : 16645629;
13644 : 6711408;
13645 : 3750994;
13646 : 4343388;
13647 : 5199215;
13648 : 5396594;
13649 : 5330802;
13650 : 5330802;
13651 : 5330802;
13652 : 5330801;
13653 : 5330545;
13654 : 5330545;
13655 : 5330802;
13656 : 4803936;
13657 : 14606045;
13658 : 16777215;
13659 : 16777215;
13660 : 16777215;
13661 : 16777215;
13662 : 16777215;
13663 : 16777215;
13664 : 16777215;
13665 : 16777215;
13666 : 16777215;
13667 : 16777215;
13668 : 16777215;
13669 : 16777215;
13670 : 16777215;
13671 : 16777215;
13672 : 16777215;
13673 : 16777215;
13674 : 16777215;
13675 : 16777215;
13676 : 16777215;
13677 : 16777215;
13678 : 16777215;
13679 : 16777215;
13680 : 16777215;
13681 : 16777215;
13682 : 16777215;
13683 : 16777215;
13684 : 16777215;
13685 : 16777215;
13686 : 16777215;
13687 : 16777215;
13688 : 16777215;
13689 : 16777215;
13690 : 16777215;
13691 : 16777215;
13692 : 16777215;
13693 : 16777215;
13694 : 16777215;
13695 : 16777215;
13696 : 16777215;
13697 : 16777215;
13698 : 10987688;
13699 : 3290962;
13700 : 4277860;
13701 : 4212067;
13702 : 4212067;
13703 : 4146274;
13704 : 3159118;
13705 : 8487559;
13706 : 16645628;
13707 : 16777215;
13708 : 16777215;
13709 : 16777215;
13710 : 16777215;
13711 : 16777215;
13712 : 16777215;
13713 : 16777215;
13714 : 16777215;
13715 : 16777215;
13716 : 13750480;
13717 : 4672349;
13718 : 5133679;
13719 : 5199215;
13720 : 5330801;
13721 : 5199215;
13722 : 4738405;
13723 : 4277851;
13724 : 4014421;
13725 : 3817297;
13726 : 3488077;
13727 : 6053476;
13728 : 16711422;
13729 : 16777215;
13730 : 16777215;
13731 : 16777215;
13732 : 16777215;
13733 : 16777215;
13734 : 16777215;
13735 : 16777215;
13736 : 16777215;
13737 : 16777215;
13738 : 16777215;
13739 : 16777215;
13740 : 16777215;
13741 : 16777215;
13742 : 16777215;
13743 : 16777215;
13744 : 16777215;
13745 : 16777215;
13746 : 16777215;
13747 : 16777215;
13748 : 16777215;
13749 : 16777215;
13750 : 16777215;
13751 : 16777215;
13752 : 16777215;
13753 : 16777215;
13754 : 16777215;
13755 : 16777215;
13756 : 16777215;
13757 : 16777215;
13758 : 16777215;
13759 : 16777215;
13760 : 16777215;
13761 : 16777215;
13762 : 16777215;
13763 : 16777215;
13764 : 16777215;
13765 : 16777215;
13766 : 16777215;
13767 : 16777215;
13768 : 16777215;
13769 : 16777215;
13770 : 16777215;
13771 : 16448249;
13772 : 5461344;
13773 : 5001838;
13774 : 4475231;
13775 : 3619661;
13776 : 4277851;
13777 : 5067372;
13778 : 5330546;
13779 : 5330802;
13780 : 5330801;
13781 : 5330801;
13782 : 5330802;
13783 : 5396594;
13784 : 4804458;
13785 : 7303543;
13786 : 16448249;
13787 : 16777215;
13788 : 16777215;
13789 : 16777215;
13790 : 16777215;
13791 : 16777215;
13792 : 16777215;
13793 : 16777215;
13794 : 16777215;
13795 : 16777215;
13796 : 16777215;
13797 : 16777215;
13798 : 16777215;
13799 : 16777215;
13800 : 16777215;
13801 : 16777215;
13802 : 16777215;
13803 : 16777215;
13804 : 16777215;
13805 : 16777215;
13806 : 16777215;
13807 : 16777215;
13808 : 16777215;
13809 : 16777215;
13810 : 16777215;
13811 : 16777215;
13812 : 16777215;
13813 : 16777215;
13814 : 16777215;
13815 : 16777215;
13816 : 16777215;
13817 : 16777215;
13818 : 16777215;
13819 : 16777215;
13820 : 16777215;
13821 : 16777215;
13822 : 16777215;
13823 : 16777215;
13824 : 16777215;
13825 : 16382457;
13826 : 5658980;
13827 : 3883103;
13828 : 4212067;
13829 : 4212067;
13830 : 4146275;
13831 : 3290705;
13832 : 8684940;
13833 : 16513786;
13834 : 16777215;
13835 : 16777215;
13836 : 16777215;
13837 : 16777215;
13838 : 16777215;
13839 : 16777215;
13840 : 16777215;
13841 : 16777215;
13842 : 16777215;
13843 : 15790320;
13844 : 5329756;
13845 : 4277853;
13846 : 5396338;
13847 : 5527926;
13848 : 5330802;
13849 : 5133421;
13850 : 5265008;
13851 : 5396338;
13852 : 5265008;
13853 : 5199215;
13854 : 4541028;
13855 : 9935004;
13856 : 16777215;
13857 : 16777215;
13858 : 16777215;
13859 : 16777215;
13860 : 16777215;
13861 : 16777215;
13862 : 16777215;
13863 : 16777215;
13864 : 16777215;
13865 : 16777215;
13866 : 16777215;
13867 : 16777215;
13868 : 16777215;
13869 : 16777215;
13870 : 16777215;
13871 : 16777215;
13872 : 16777215;
13873 : 16777215;
13874 : 16777215;
13875 : 16777215;
13876 : 16777215;
13877 : 16777215;
13878 : 16777215;
13879 : 16777215;
13880 : 16777215;
13881 : 16777215;
13882 : 16777215;
13883 : 16777215;
13884 : 16777215;
13885 : 16777215;
13886 : 16777215;
13887 : 16777215;
13888 : 16777215;
13889 : 16777215;
13890 : 16777215;
13891 : 16777215;
13892 : 16777215;
13893 : 16777215;
13894 : 16777215;
13895 : 16777215;
13896 : 16777215;
13897 : 16777215;
13898 : 16777215;
13899 : 16777215;
13900 : 11447982;
13901 : 3356485;
13902 : 5265010;
13903 : 5264752;
13904 : 4672357;
13905 : 4409182;
13906 : 4277596;
13907 : 4409438;
13908 : 4541026;
13909 : 4606819;
13910 : 4540768;
13911 : 4211801;
13912 : 3948371;
13913 : 3027267;
13914 : 10066332;
13915 : 16777215;
13916 : 16777215;
13917 : 16777215;
13918 : 16777215;
13919 : 16777215;
13920 : 16777215;
13921 : 16777215;
13922 : 16777215;
13923 : 16777215;
13924 : 16777215;
13925 : 16777215;
13926 : 16777215;
13927 : 16777215;
13928 : 16777215;
13929 : 16777215;
13930 : 16777215;
13931 : 16777215;
13932 : 16777215;
13933 : 16777215;
13934 : 16777215;
13935 : 16777215;
13936 : 16777215;
13937 : 16777215;
13938 : 16777215;
13939 : 16777215;
13940 : 16777215;
13941 : 16777215;
13942 : 16777215;
13943 : 16777215;
13944 : 16777215;
13945 : 16777215;
13946 : 16777215;
13947 : 16777215;
13948 : 16777215;
13949 : 16777215;
13950 : 16777215;
13951 : 16777215;
13952 : 16777215;
13953 : 13027014;
13954 : 3488082;
13955 : 4212324;
13956 : 4212324;
13957 : 3949153;
13958 : 3751253;
13959 : 10263712;
13960 : 16711677;
13961 : 16777215;
13962 : 16777215;
13963 : 16777215;
13964 : 16777215;
13965 : 16777215;
13966 : 16777215;
13967 : 16777215;
13968 : 16777215;
13969 : 16777215;
13970 : 16777215;
13971 : 8619145;
13972 : 4146267;
13973 : 4409436;
13974 : 4014421;
13975 : 4738149;
13976 : 5264753;
13977 : 5462133;
13978 : 5593976;
13979 : 5527669;
13980 : 5264493;
13981 : 5330545;
13982 : 4541026;
13983 : 12566721;
13984 : 16777215;
13985 : 16777215;
13986 : 16777215;
13987 : 16777215;
13988 : 16777215;
13989 : 16777215;
13990 : 16777215;
13991 : 16777215;
13992 : 16777215;
13993 : 16777215;
13994 : 16777215;
13995 : 16777215;
13996 : 16777215;
13997 : 16777215;
13998 : 16777215;
13999 : 16777215;
14000 : 16777215;
14001 : 16777215;
14002 : 16777215;
14003 : 16777215;
14004 : 16777215;
14005 : 16777215;
14006 : 16777215;
14007 : 16777215;
14008 : 16777215;
14009 : 16777215;
14010 : 16777215;
14011 : 16777215;
14012 : 16777215;
14013 : 16777215;
14014 : 16777215;
14015 : 16777215;
14016 : 16777215;
14017 : 16777215;
14018 : 16777215;
14019 : 16777215;
14020 : 16777215;
14021 : 16777215;
14022 : 16777215;
14023 : 16777215;
14024 : 16777215;
14025 : 16777215;
14026 : 16777215;
14027 : 16777215;
14028 : 16777215;
14029 : 11645361;
14030 : 4014419;
14031 : 5330546;
14032 : 5593720;
14033 : 5659513;
14034 : 5527926;
14035 : 5330547;
14036 : 5198959;
14037 : 5133166;
14038 : 5067373;
14039 : 5001579;
14040 : 5198958;
14041 : 5462390;
14042 : 4409436;
14043 : 12500671;
14044 : 16777215;
14045 : 16777215;
14046 : 16777215;
14047 : 16777215;
14048 : 16777215;
14049 : 16777215;
14050 : 16777215;
14051 : 16777215;
14052 : 16777215;
14053 : 16777215;
14054 : 16777215;
14055 : 16777215;
14056 : 16777215;
14057 : 16777215;
14058 : 16777215;
14059 : 16777215;
14060 : 16777215;
14061 : 16777215;
14062 : 16777215;
14063 : 16777215;
14064 : 16777215;
14065 : 16777215;
14066 : 16777215;
14067 : 16777215;
14068 : 16777215;
14069 : 16777215;
14070 : 16777215;
14071 : 16777215;
14072 : 16777215;
14073 : 16777215;
14074 : 16777215;
14075 : 16777215;
14076 : 16777215;
14077 : 16777215;
14078 : 16777215;
14079 : 16777215;
14080 : 16777215;
14081 : 7566461;
14082 : 3751517;
14083 : 4212068;
14084 : 3554138;
14085 : 4935264;
14086 : 12763844;
14087 : 16777215;
14088 : 16777215;
14089 : 16777215;
14090 : 16777215;
14091 : 16777215;
14092 : 16777215;
14093 : 16777215;
14094 : 16777215;
14095 : 16777215;
14096 : 16777215;
14097 : 16777215;
14098 : 13948115;
14099 : 4079953;
14100 : 5264495;
14101 : 5527670;
14102 : 5198960;
14103 : 4672612;
14104 : 4211801;
14105 : 3948628;
14106 : 3882835;
14107 : 4079957;
14108 : 4211544;
14109 : 4014165;
14110 : 3422020;
14111 : 14276824;
14112 : 16777215;
14113 : 16777215;
14114 : 16777215;
14115 : 16777215;
14116 : 16777215;
14117 : 16777215;
14118 : 16777215;
14119 : 16777215;
14120 : 16777215;
14121 : 16777215;
14122 : 16777215;
14123 : 16777215;
14124 : 16777215;
14125 : 16777215;
14126 : 16777215;
14127 : 16777215;
14128 : 16777215;
14129 : 16777215;
14130 : 16777215;
14131 : 16777215;
14132 : 16777215;
14133 : 16777215;
14134 : 16777215;
14135 : 16777215;
14136 : 16777215;
14137 : 16777215;
14138 : 16777215;
14139 : 16777215;
14140 : 16777215;
14141 : 16777215;
14142 : 16777215;
14143 : 16777215;
14144 : 16777215;
14145 : 16777215;
14146 : 16777215;
14147 : 16777215;
14148 : 16777215;
14149 : 16777215;
14150 : 16777215;
14151 : 16777215;
14152 : 16777215;
14153 : 16777215;
14154 : 16777215;
14155 : 16777215;
14156 : 16777215;
14157 : 16777215;
14158 : 10132125;
14159 : 4607079;
14160 : 5725821;
14161 : 5659771;
14162 : 5725308;
14163 : 5725565;
14164 : 5791614;
14165 : 5791614;
14166 : 5791358;
14167 : 5791615;
14168 : 5791873;
14169 : 6055304;
14170 : 5923977;
14171 : 5133158;
14172 : 14737631;
14173 : 16777215;
14174 : 16777215;
14175 : 16777215;
14176 : 16777215;
14177 : 16777215;
14178 : 16777215;
14179 : 16777215;
14180 : 16777215;
14181 : 16777215;
14182 : 16777215;
14183 : 16777215;
14184 : 16777215;
14185 : 16777215;
14186 : 16777215;
14187 : 16777215;
14188 : 16777215;
14189 : 16777215;
14190 : 16777215;
14191 : 16777215;
14192 : 16777215;
14193 : 16777215;
14194 : 16777215;
14195 : 16777215;
14196 : 16777215;
14197 : 16777215;
14198 : 16777215;
14199 : 16777215;
14200 : 16777215;
14201 : 16777215;
14202 : 16777215;
14203 : 16777215;
14204 : 16777215;
14205 : 16777215;
14206 : 16777215;
14207 : 16777215;
14208 : 14671838;
14209 : 4014421;
14210 : 3685982;
14211 : 3553876;
14212 : 7632255;
14213 : 15198182;
14214 : 16777215;
14215 : 16777215;
14216 : 16777215;
14217 : 16777215;
14218 : 16777215;
14219 : 16777215;
14220 : 16777215;
14221 : 16777215;
14222 : 16777215;
14223 : 16777215;
14224 : 16777215;
14225 : 16777215;
14226 : 8158594;
14227 : 4606821;
14228 : 5660027;
14229 : 5791873;
14230 : 5923714;
14231 : 5989507;
14232 : 5923714;
14233 : 5726333;
14234 : 5331316;
14235 : 5001578;
14236 : 4738404;
14237 : 4738406;
14238 : 4211799;
14239 : 13750736;
14240 : 16777215;
14241 : 16777215;
14242 : 16777215;
14243 : 16777215;
14244 : 16777215;
14245 : 16777215;
14246 : 16777215;
14247 : 16777215;
14248 : 16777215;
14249 : 16777215;
14250 : 16777215;
14251 : 16777215;
14252 : 16777215;
14253 : 16777215;
14254 : 16777215;
14255 : 16777215;
14256 : 16777215;
14257 : 16777215;
14258 : 16777215;
14259 : 16777215;
14260 : 16777215;
14261 : 16777215;
14262 : 16777215;
14263 : 16777215;
14264 : 16777215;
14265 : 16777215;
14266 : 16777215;
14267 : 16777215;
14268 : 16777215;
14269 : 16777215;
14270 : 16777215;
14271 : 16777215;
14272 : 16777215;
14273 : 16777215;
14274 : 16777215;
14275 : 16777215;
14276 : 16777215;
14277 : 16777215;
14278 : 16777215;
14279 : 16777215;
14280 : 16777215;
14281 : 16777215;
14282 : 16777215;
14283 : 16777215;
14284 : 16777215;
14285 : 16777215;
14286 : 16448248;
14287 : 7238271;
14288 : 5661319;
14289 : 6121612;
14290 : 6121612;
14291 : 6121612;
14292 : 6121611;
14293 : 6187149;
14294 : 6187406;
14295 : 6187406;
14296 : 6253199;
14297 : 6253201;
14298 : 6253457;
14299 : 5529733;
14300 : 7238268;
14301 : 15395560;
14302 : 16777215;
14303 : 16777215;
14304 : 16777215;
14305 : 16777215;
14306 : 16777215;
14307 : 16777215;
14308 : 16777215;
14309 : 16777215;
14310 : 16777215;
14311 : 16777215;
14312 : 16777215;
14313 : 16777215;
14314 : 16777215;
14315 : 16777215;
14316 : 16777215;
14317 : 16777215;
14318 : 16777215;
14319 : 16777215;
14320 : 16777215;
14321 : 16777215;
14322 : 16777215;
14323 : 16777215;
14324 : 16777215;
14325 : 16777215;
14326 : 16777215;
14327 : 16777215;
14328 : 16777215;
14329 : 16777215;
14330 : 16777215;
14331 : 16777215;
14332 : 16777215;
14333 : 16777215;
14334 : 16777215;
14335 : 16777215;
14336 : 13027015;
14337 : 4803677;
14338 : 7106171;
14339 : 12698051;
14340 : 16777214;
14341 : 16777215;
14342 : 16777215;
14343 : 16777215;
14344 : 16777215;
14345 : 16777215;
14346 : 16777215;
14347 : 16777215;
14348 : 16777215;
14349 : 16777215;
14350 : 16777215;
14351 : 16777215;
14352 : 16777215;
14353 : 15658476;
14354 : 5330534;
14355 : 6055304;
14356 : 6121355;
14357 : 6450317;
14358 : 6976401;
14359 : 6910864;
14360 : 6713744;
14361 : 6516623;
14362 : 6384781;
14363 : 6186888;
14364 : 5989766;
14365 : 5923458;
14366 : 4606821;
14367 : 12763842;
14368 : 16777215;
14369 : 16777215;
14370 : 16777215;
14371 : 16777215;
14372 : 16777215;
14373 : 16777215;
14374 : 16777215;
14375 : 16777215;
14376 : 16777215;
14377 : 16777215;
14378 : 16777215;
14379 : 16777215;
14380 : 16777215;
14381 : 16777215;
14382 : 16777215;
14383 : 16777215;
14384 : 16777215;
14385 : 16777215;
14386 : 16777215;
14387 : 16777215;
14388 : 16777215;
14389 : 16777215;
14390 : 16777215;
14391 : 16777215;
14392 : 16777215;
14393 : 16777215;
14394 : 16777215;
14395 : 16777215;
14396 : 16777215;
14397 : 16777215;
14398 : 16777215;
14399 : 16777215;
14400 : 16777215;
14401 : 16777215;
14402 : 16777215;
14403 : 16777215;
14404 : 16777215;
14405 : 16777215;
14406 : 16777215;
14407 : 16777215;
14408 : 16777215;
14409 : 16777215;
14410 : 16777215;
14411 : 16777215;
14412 : 16777215;
14413 : 16777215;
14414 : 16777215;
14415 : 14277081;
14416 : 5726076;
14417 : 6187921;
14418 : 6187664;
14419 : 6187664;
14420 : 6253200;
14421 : 6187664;
14422 : 6187664;
14423 : 6187918;
14424 : 6121614;
14425 : 6253715;
14426 : 6187664;
14427 : 6319251;
14428 : 5200251;
14429 : 5593450;
14430 : 12698307;
14431 : 16777215;
14432 : 16777215;
14433 : 16777215;
14434 : 16777215;
14435 : 16777215;
14436 : 16777215;
14437 : 16777215;
14438 : 16777215;
14439 : 16777215;
14440 : 16777215;
14441 : 16777215;
14442 : 16777215;
14443 : 16777215;
14444 : 16777215;
14445 : 16777215;
14446 : 16777215;
14447 : 16777215;
14448 : 16777215;
14449 : 16777215;
14450 : 16777215;
14451 : 16777215;
14452 : 16777215;
14453 : 16777215;
14454 : 16777215;
14455 : 16777215;
14456 : 16777215;
14457 : 16777215;
14458 : 16777215;
14459 : 16777215;
14460 : 16777215;
14461 : 16777215;
14462 : 16777215;
14463 : 16777215;
14464 : 16579837;
14465 : 16053491;
14466 : 16777215;
14467 : 16777215;
14468 : 16777215;
14469 : 16777215;
14470 : 16777215;
14471 : 16777215;
14472 : 16777215;
14473 : 16777215;
14474 : 16777215;
14475 : 16777215;
14476 : 16777215;
14477 : 16777215;
14478 : 16777215;
14479 : 16777215;
14480 : 16777215;
14481 : 12303548;
14482 : 5068661;
14483 : 6253197;
14484 : 6318732;
14485 : 6976656;
14486 : 7371155;
14487 : 7699606;
14488 : 7436952;
14489 : 6976661;
14490 : 6647953;
14491 : 6516370;
14492 : 6253457;
14493 : 6253197;
14494 : 5134200;
14495 : 11447985;
14496 : 16777215;
14497 : 16777215;
14498 : 16777215;
14499 : 16777215;
14500 : 16777215;
14501 : 16777215;
14502 : 16777215;
14503 : 16777215;
14504 : 16777215;
14505 : 16777215;
14506 : 16777215;
14507 : 16777215;
14508 : 16777215;
14509 : 16777215;
14510 : 16777215;
14511 : 16777215;
14512 : 16777215;
14513 : 16777215;
14514 : 16777215;
14515 : 16777215;
14516 : 16777215;
14517 : 16777215;
14518 : 16777215;
14519 : 16777215;
14520 : 16777215;
14521 : 16777215;
14522 : 16777215;
14523 : 16777215;
14524 : 16777215;
14525 : 16777215;
14526 : 16777215;
14527 : 16777215;
14528 : 16777215;
14529 : 16777215;
14530 : 16777215;
14531 : 16777215;
14532 : 16777215;
14533 : 16777215;
14534 : 16777215;
14535 : 16777215;
14536 : 16777215;
14537 : 16777215;
14538 : 16777215;
14539 : 16777215;
14540 : 16777215;
14541 : 16777215;
14542 : 16777215;
14543 : 16777215;
14544 : 9738144;
14545 : 5529474;
14546 : 6253456;
14547 : 6187663;
14548 : 6187664;
14549 : 6187664;
14550 : 6253458;
14551 : 5726852;
14552 : 5922929;
14553 : 4739437;
14554 : 6319251;
14555 : 6187664;
14556 : 6385045;
14557 : 5266303;
14558 : 3158588;
14559 : 10000277;
14560 : 13553358;
14561 : 16777215;
14562 : 16777215;
14563 : 16777215;
14564 : 16777215;
14565 : 16777215;
14566 : 16777215;
14567 : 16777215;
14568 : 16777215;
14569 : 16777215;
14570 : 16777215;
14571 : 16777215;
14572 : 16777215;
14573 : 16777215;
14574 : 16777215;
14575 : 16777215;
14576 : 16777215;
14577 : 16777215;
14578 : 16777215;
14579 : 16777215;
14580 : 16777215;
14581 : 16777215;
14582 : 16777215;
14583 : 16777215;
14584 : 16777215;
14585 : 16777215;
14586 : 16777215;
14587 : 16777215;
14588 : 16777215;
14589 : 16777215;
14590 : 16777215;
14591 : 16777215;
14592 : 16777215;
14593 : 16777215;
14594 : 16777215;
14595 : 16777215;
14596 : 16777215;
14597 : 16777215;
14598 : 16777215;
14599 : 16777215;
14600 : 16777215;
14601 : 16777215;
14602 : 16777215;
14603 : 16777215;
14604 : 16777215;
14605 : 16777215;
14606 : 16777215;
14607 : 16777215;
14608 : 16777215;
14609 : 8948371;
14610 : 5529735;
14611 : 6253200;
14612 : 6845074;
14613 : 7568794;
14614 : 7831707;
14615 : 7765656;
14616 : 7765654;
14617 : 7568279;
14618 : 6976662;
14619 : 6385041;
14620 : 6187664;
14621 : 6187665;
14622 : 5595527;
14623 : 9343385;
14624 : 16777215;
14625 : 16777215;
14626 : 16777215;
14627 : 16777215;
14628 : 16777215;
14629 : 16777215;
14630 : 16777215;
14631 : 16777215;
14632 : 16777215;
14633 : 16777215;
14634 : 16777215;
14635 : 16777215;
14636 : 16777215;
14637 : 16777215;
14638 : 16777215;
14639 : 16777215;
14640 : 16777215;
14641 : 16777215;
14642 : 16777215;
14643 : 16777215;
14644 : 16777215;
14645 : 16777215;
14646 : 16777215;
14647 : 16777215;
14648 : 16777215;
14649 : 16777215;
14650 : 16777215;
14651 : 16777215;
14652 : 16777215;
14653 : 16777215;
14654 : 16777215;
14655 : 16777215;
14656 : 16777215;
14657 : 16777215;
14658 : 16777215;
14659 : 16777215;
14660 : 16777215;
14661 : 16777215;
14662 : 16777215;
14663 : 16777215;
14664 : 16777215;
14665 : 16777215;
14666 : 16777215;
14667 : 16777215;
14668 : 16777215;
14669 : 16777215;
14670 : 16777215;
14671 : 16777215;
14672 : 15527147;
14673 : 5988723;
14674 : 5727114;
14675 : 6384787;
14676 : 6187664;
14677 : 6253458;
14678 : 5332095;
14679 : 9145750;
14680 : 15855854;
14681 : 8882313;
14682 : 4147300;
14683 : 6385045;
14684 : 5199992;
14685 : 10198437;
14686 : 9211020;
14687 : 7434352;
14688 : 9144713;
14689 : 9210763;
14690 : 14013909;
14691 : 16777215;
14692 : 16777215;
14693 : 16777215;
14694 : 16777215;
14695 : 16777215;
14696 : 16777215;
14697 : 16777215;
14698 : 16777215;
14699 : 16777215;
14700 : 16777215;
14701 : 16777215;
14702 : 16777215;
14703 : 16777215;
14704 : 16777215;
14705 : 16777215;
14706 : 16777215;
14707 : 16777215;
14708 : 16777215;
14709 : 16777215;
14710 : 16777215;
14711 : 16777215;
14712 : 16777215;
14713 : 16777215;
14714 : 16777215;
14715 : 16777215;
14716 : 16777215;
14717 : 16777215;
14718 : 16777215;
14719 : 16777215;
14720 : 16777215;
14721 : 16777215;
14722 : 16777215;
14723 : 16777215;
14724 : 16777215;
14725 : 16777215;
14726 : 16777215;
14727 : 16777215;
14728 : 16777215;
14729 : 16777215;
14730 : 16777215;
14731 : 16777215;
14732 : 16777215;
14733 : 16777215;
14734 : 16777215;
14735 : 16777215;
14736 : 16382199;
14737 : 6778496;
14738 : 5990543;
14739 : 6582164;
14740 : 7502746;
14741 : 7962780;
14742 : 7765659;
14743 : 7568537;
14744 : 7371158;
14745 : 7108244;
14746 : 6582162;
14747 : 6187920;
14748 : 6187664;
14749 : 6187664;
14750 : 5924493;
14751 : 7435910;
14752 : 16711421;
14753 : 16777215;
14754 : 16777215;
14755 : 16777215;
14756 : 16777215;
14757 : 16777215;
14758 : 16777215;
14759 : 16777215;
14760 : 16777215;
14761 : 16777215;
14762 : 16777215;
14763 : 16777215;
14764 : 16777215;
14765 : 16777215;
14766 : 16777215;
14767 : 16777215;
14768 : 16777215;
14769 : 16777215;
14770 : 16777215;
14771 : 16777215;
14772 : 16777215;
14773 : 16777215;
14774 : 16777215;
14775 : 16777215;
14776 : 16777215;
14777 : 16777215;
14778 : 16777215;
14779 : 16777215;
14780 : 16777215;
14781 : 16777215;
14782 : 16777215;
14783 : 16777215;
14784 : 16777215;
14785 : 16777215;
14786 : 16777215;
14787 : 16777215;
14788 : 16777215;
14789 : 16777215;
14790 : 16777215;
14791 : 16777215;
14792 : 16777215;
14793 : 16777215;
14794 : 16777215;
14795 : 16777215;
14796 : 16777215;
14797 : 16777215;
14798 : 16777215;
14799 : 16777215;
14800 : 16777215;
14801 : 13816529;
14802 : 5198688;
14803 : 4542316;
14804 : 5661321;
14805 : 5463941;
14806 : 8882838;
14807 : 16711164;
14808 : 16777215;
14809 : 16711421;
14810 : 9671573;
14811 : 3949405;
14812 : 7895427;
14813 : 16777213;
14814 : 16777215;
14815 : 13224393;
14816 : 8881542;
14817 : 11052708;
14818 : 9736850;
14819 : 11118760;
14820 : 15856113;
14821 : 16777215;
14822 : 16777215;
14823 : 16777215;
14824 : 16777215;
14825 : 16777215;
14826 : 16777215;
14827 : 16777215;
14828 : 16777215;
14829 : 16777215;
14830 : 16777215;
14831 : 16777215;
14832 : 16777215;
14833 : 16777215;
14834 : 16777215;
14835 : 16777215;
14836 : 16777215;
14837 : 16777215;
14838 : 16777215;
14839 : 16777215;
14840 : 16777215;
14841 : 16777215;
14842 : 16777215;
14843 : 16777215;
14844 : 16777215;
14845 : 16777215;
14846 : 16777215;
14847 : 16777215;
14848 : 16777215;
14849 : 16777215;
14850 : 16777215;
14851 : 16777215;
14852 : 16777215;
14853 : 16777215;
14854 : 16777215;
14855 : 16777215;
14856 : 16777215;
14857 : 16777215;
14858 : 16777215;
14859 : 16777215;
14860 : 16777215;
14861 : 16777215;
14862 : 16777215;
14863 : 16777215;
14864 : 14737632;
14865 : 5792126;
14866 : 5792907;
14867 : 5726335;
14868 : 7239576;
14869 : 7239320;
14870 : 7042197;
14871 : 6910870;
14872 : 6450578;
14873 : 6187407;
14874 : 5989511;
14875 : 6187664;
14876 : 6187664;
14877 : 6187664;
14878 : 6121874;
14879 : 5989243;
14880 : 15658733;
14881 : 16777215;
14882 : 16777215;
14883 : 16777215;
14884 : 16777215;
14885 : 16777215;
14886 : 16777215;
14887 : 16777215;
14888 : 16777215;
14889 : 16777215;
14890 : 16777215;
14891 : 16777215;
14892 : 16777215;
14893 : 16777215;
14894 : 16777215;
14895 : 16777215;
14896 : 16777215;
14897 : 16777215;
14898 : 16777215;
14899 : 16777215;
14900 : 16777215;
14901 : 16777215;
14902 : 16777215;
14903 : 16777215;
14904 : 16777215;
14905 : 16777215;
14906 : 16777215;
14907 : 16777215;
14908 : 16777215;
14909 : 16777215;
14910 : 16777215;
14911 : 16777215;
14912 : 16777215;
14913 : 16777215;
14914 : 16777215;
14915 : 16777215;
14916 : 16777215;
14917 : 16777215;
14918 : 16777215;
14919 : 16777215;
14920 : 16777215;
14921 : 16777215;
14922 : 16777215;
14923 : 16777215;
14924 : 16777215;
14925 : 16777215;
14926 : 16777215;
14927 : 16777215;
14928 : 16777215;
14929 : 16777215;
14930 : 15724525;
14931 : 12105912;
14932 : 9146009;
14933 : 7369856;
14934 : 11579568;
14935 : 15263976;
14936 : 16777215;
14937 : 16777215;
14938 : 16777215;
14939 : 9211021;
14940 : 9802642;
14941 : 16118770;
14942 : 16777215;
14943 : 16777215;
14944 : 15329769;
14945 : 9802900;
14946 : 9736849;
14947 : 10657951;
14948 : 9079434;
14949 : 16053492;
14950 : 16777215;
14951 : 16777215;
14952 : 16777215;
14953 : 16777215;
14954 : 16777215;
14955 : 16777215;
14956 : 16777215;
14957 : 16777215;
14958 : 16777215;
14959 : 16777215;
14960 : 16777215;
14961 : 16777215;
14962 : 16777215;
14963 : 16777215;
14964 : 16777215;
14965 : 16777215;
14966 : 16777215;
14967 : 16777215;
14968 : 16777215;
14969 : 16777215;
14970 : 16777215;
14971 : 16777215;
14972 : 16777215;
14973 : 16777215;
14974 : 16777215;
14975 : 16777215;
14976 : 16777215;
14977 : 16777215;
14978 : 16777215;
14979 : 16777215;
14980 : 16777215;
14981 : 16777215;
14982 : 16777215;
14983 : 16777215;
14984 : 16777215;
14985 : 16777215;
14986 : 16777215;
14987 : 16777215;
14988 : 16777215;
14989 : 16777215;
14990 : 16777215;
14991 : 16777215;
14992 : 12566980;
14993 : 4542320;
14994 : 8290959;
14995 : 10066586;
14996 : 5133679;
14997 : 6910871;
14998 : 6516627;
14999 : 5858699;
15000 : 6975619;
15001 : 5330277;
15002 : 5397113;
15003 : 6121614;
15004 : 6187921;
15005 : 5990286;
15006 : 5857660;
15007 : 4409436;
15008 : 13882324;
15009 : 16777215;
15010 : 16777215;
15011 : 16777215;
15012 : 16777215;
15013 : 16777215;
15014 : 16777215;
15015 : 16777215;
15016 : 16777215;
15017 : 16777215;
15018 : 16777215;
15019 : 16777215;
15020 : 16777215;
15021 : 16777215;
15022 : 16777215;
15023 : 16777215;
15024 : 16777215;
15025 : 16777215;
15026 : 16777215;
15027 : 16777215;
15028 : 16777215;
15029 : 16777215;
15030 : 16777215;
15031 : 16777215;
15032 : 16777215;
15033 : 16777215;
15034 : 16777215;
15035 : 16777215;
15036 : 16777215;
15037 : 16777215;
15038 : 16777215;
15039 : 16777215;
15040 : 16777215;
15041 : 16777215;
15042 : 16777215;
15043 : 16777215;
15044 : 16777215;
15045 : 16777215;
15046 : 16777215;
15047 : 16777215;
15048 : 16777215;
15049 : 16777215;
15050 : 16777215;
15051 : 16777215;
15052 : 16777215;
15053 : 16777215;
15054 : 16777215;
15055 : 16777215;
15056 : 16777215;
15057 : 16777215;
15058 : 16777215;
15059 : 16777215;
15060 : 16777215;
15061 : 16777215;
15062 : 15263976;
15063 : 12698049;
15064 : 12040119;
15065 : 14079702;
15066 : 16382457;
15067 : 16777215;
15068 : 9211019;
15069 : 8552575;
15070 : 13553100;
15071 : 15329769;
15072 : 16448250;
15073 : 16645629;
15074 : 10526880;
15075 : 11579568;
15076 : 15790320;
15077 : 16645629;
15078 : 16777215;
15079 : 16777215;
15080 : 16777215;
15081 : 16777215;
15082 : 16777215;
15083 : 16777215;
15084 : 16777215;
15085 : 16777215;
15086 : 16777215;
15087 : 16777215;
15088 : 16777215;
15089 : 16777215;
15090 : 16777215;
15091 : 16777215;
15092 : 16777215;
15093 : 16777215;
15094 : 16777215;
15095 : 16777215;
15096 : 16777215;
15097 : 16777215;
15098 : 16777215;
15099 : 16777215;
15100 : 16777215;
15101 : 16777215;
15102 : 16777215;
15103 : 16777215;
15104 : 16777215;
15105 : 16777215;
15106 : 16777215;
15107 : 16777215;
15108 : 16777215;
15109 : 16777215;
15110 : 16777215;
15111 : 16777215;
15112 : 16777215;
15113 : 16777215;
15114 : 16777215;
15115 : 16777215;
15116 : 16777215;
15117 : 16777215;
15118 : 16777215;
15119 : 16777215;
15120 : 10395556;
15121 : 7435132;
15122 : 16316662;
15123 : 14342100;
15124 : 5198426;
15125 : 5858440;
15126 : 5924750;
15127 : 6975620;
15128 : 15263972;
15129 : 10723486;
15130 : 3948629;
15131 : 6186892;
15132 : 5990287;
15133 : 6910086;
15134 : 14606046;
15135 : 7303282;
15136 : 11053226;
15137 : 16777215;
15138 : 16777215;
15139 : 16777215;
15140 : 16777215;
15141 : 16777215;
15142 : 16777215;
15143 : 16777215;
15144 : 16777215;
15145 : 16777215;
15146 : 16777215;
15147 : 16777215;
15148 : 16777215;
15149 : 16777215;
15150 : 16777215;
15151 : 16777215;
15152 : 16777215;
15153 : 16777215;
15154 : 16777215;
15155 : 16777215;
15156 : 16777215;
15157 : 16777215;
15158 : 16777215;
15159 : 16777215;
15160 : 16777215;
15161 : 16777215;
15162 : 16777215;
15163 : 16777215;
15164 : 16777215;
15165 : 16777215;
15166 : 16777215;
15167 : 16777215;
15168 : 16777215;
15169 : 16777215;
15170 : 16777215;
15171 : 16777215;
15172 : 16777215;
15173 : 16777215;
15174 : 16777215;
15175 : 16777215;
15176 : 16777215;
15177 : 16777215;
15178 : 16777215;
15179 : 16777215;
15180 : 16777215;
15181 : 16777215;
15182 : 16777215;
15183 : 16777215;
15184 : 16777215;
15185 : 16777215;
15186 : 16777215;
15187 : 16777215;
15188 : 16777215;
15189 : 16777215;
15190 : 16777215;
15191 : 16777215;
15192 : 15987699;
15193 : 13224393;
15194 : 11250603;
15195 : 12566463;
15196 : 14408666;
15197 : 9211019;
15198 : 13487565;
15199 : 12303291;
15200 : 11382189;
15201 : 11974326;
15202 : 13092807;
15203 : 10132122;
15204 : 12895428;
15205 : 16777215;
15206 : 16777215;
15207 : 16777215;
15208 : 16777215;
15209 : 16777215;
15210 : 16777215;
15211 : 16777215;
15212 : 16777215;
15213 : 16777215;
15214 : 16777215;
15215 : 16777215;
15216 : 16777215;
15217 : 16777215;
15218 : 16777215;
15219 : 16777215;
15220 : 16777215;
15221 : 16777215;
15222 : 16777215;
15223 : 16777215;
15224 : 16777215;
15225 : 16777215;
15226 : 16777215;
15227 : 16777215;
15228 : 16777215;
15229 : 16777215;
15230 : 16777215;
15231 : 16777215;
15232 : 16777215;
15233 : 16777215;
15234 : 16777215;
15235 : 16777215;
15236 : 16777215;
15237 : 16777215;
15238 : 16777215;
15239 : 16777215;
15240 : 16777215;
15241 : 16777215;
15242 : 16777215;
15243 : 16777215;
15244 : 16777215;
15245 : 16777215;
15246 : 16777215;
15247 : 16777215;
15248 : 10921638;
15249 : 15395561;
15250 : 16250870;
15251 : 13618121;
15252 : 8815748;
15253 : 4871286;
15254 : 5265524;
15255 : 13750736;
15256 : 16777214;
15257 : 13881293;
15258 : 5921636;
15259 : 5660547;
15260 : 5792384;
15261 : 13750994;
15262 : 16777215;
15263 : 12698044;
15264 : 10329243;
15265 : 16777215;
15266 : 16777215;
15267 : 16777215;
15268 : 16777215;
15269 : 16777215;
15270 : 16777215;
15271 : 16777215;
15272 : 16777215;
15273 : 16777215;
15274 : 16777215;
15275 : 16777215;
15276 : 16777215;
15277 : 16777215;
15278 : 16777215;
15279 : 16777215;
15280 : 16777215;
15281 : 16777215;
15282 : 16777215;
15283 : 16777215;
15284 : 16777215;
15285 : 16777215;
15286 : 16777215;
15287 : 16777215;
15288 : 16777215;
15289 : 16777215;
15290 : 16777215;
15291 : 16777215;
15292 : 16777215;
15293 : 16777215;
15294 : 16777215;
15295 : 16777215;
15296 : 16777215;
15297 : 16777215;
15298 : 16777215;
15299 : 16777215;
15300 : 16777215;
15301 : 16777215;
15302 : 16777215;
15303 : 16777215;
15304 : 16777215;
15305 : 16777215;
15306 : 16777215;
15307 : 16777215;
15308 : 16777215;
15309 : 16777215;
15310 : 16777215;
15311 : 16777215;
15312 : 16777215;
15313 : 16777215;
15314 : 16777215;
15315 : 16777215;
15316 : 16777215;
15317 : 16777215;
15318 : 16777215;
15319 : 16777215;
15320 : 16777215;
15321 : 16777215;
15322 : 16711422;
15323 : 14935011;
15324 : 12763841;
15325 : 9868950;
15326 : 14737632;
15327 : 16777215;
15328 : 16777215;
15329 : 16119285;
15330 : 15329769;
15331 : 14671839;
15332 : 15263976;
15333 : 16777215;
15334 : 16777215;
15335 : 16777215;
15336 : 16777215;
15337 : 16777215;
15338 : 16777215;
15339 : 16777215;
15340 : 16777215;
15341 : 16777215;
15342 : 16777215;
15343 : 16777215;
15344 : 16777215;
15345 : 16777215;
15346 : 16777215;
15347 : 16777215;
15348 : 16777215;
15349 : 16777215;
15350 : 16777215;
15351 : 16777215;
15352 : 16777215;
15353 : 16777215;
15354 : 16777215;
15355 : 16777215;
15356 : 16777215;
15357 : 16777215;
15358 : 16777215;
15359 : 16777215;
15360 : 16777215;
15361 : 16777215;
15362 : 16777215;
15363 : 16777215;
15364 : 16777215;
15365 : 16777215;
15366 : 16777215;
15367 : 16777215;
15368 : 16777215;
15369 : 16777215;
15370 : 16777215;
15371 : 16777215;
15372 : 16777215;
15373 : 16777215;
15374 : 16777215;
15375 : 16645629;
15376 : 11974326;
15377 : 16777215;
15378 : 14934496;
15379 : 13092034;
15380 : 10000021;
15381 : 5461864;
15382 : 7961217;
15383 : 16777215;
15384 : 16119027;
15385 : 14078672;
15386 : 8223871;
15387 : 4146786;
15388 : 9343384;
15389 : 16645622;
15390 : 15988204;
15391 : 14869212;
15392 : 10000278;
15393 : 16711422;
15394 : 16777215;
15395 : 16777215;
15396 : 16777215;
15397 : 16777215;
15398 : 16777215;
15399 : 16777215;
15400 : 16777215;
15401 : 16777215;
15402 : 16777215;
15403 : 16777215;
15404 : 16777215;
15405 : 16777215;
15406 : 16777215;
15407 : 16777215;
15408 : 16777215;
15409 : 16777215;
15410 : 16777215;
15411 : 16777215;
15412 : 16777215;
15413 : 16777215;
15414 : 16777215;
15415 : 16777215;
15416 : 16777215;
15417 : 16777215;
15418 : 16777215;
15419 : 16777215;
15420 : 16777215;
15421 : 16777215;
15422 : 16777215;
15423 : 16777215;
15424 : 16777215;
15425 : 16777215;
15426 : 16777215;
15427 : 16777215;
15428 : 16777215;
15429 : 16777215;
15430 : 16777215;
15431 : 16777215;
15432 : 16777215;
15433 : 16777215;
15434 : 16777215;
15435 : 16777215;
15436 : 16777215;
15437 : 16777215;
15438 : 16777215;
15439 : 16777215;
15440 : 16777215;
15441 : 16777215;
15442 : 16777215;
15443 : 16777215;
15444 : 16777215;
15445 : 16777215;
15446 : 16777215;
15447 : 16777215;
15448 : 16777215;
15449 : 16777215;
15450 : 16777215;
15451 : 16777215;
15452 : 16777215;
15453 : 16777215;
15454 : 16777215;
15455 : 16777215;
15456 : 16777215;
15457 : 16777215;
15458 : 16777215;
15459 : 16777215;
15460 : 16777215;
15461 : 16777215;
15462 : 16777215;
15463 : 16777215;
15464 : 16777215;
15465 : 16777215;
15466 : 16777215;
15467 : 16777215;
15468 : 16777215;
15469 : 16777215;
15470 : 16777215;
15471 : 16777215;
15472 : 16777215;
15473 : 16777215;
15474 : 16777215;
15475 : 16777215;
15476 : 16777215;
15477 : 16777215;
15478 : 16777215;
15479 : 16777215;
15480 : 16777215;
15481 : 16777215;
15482 : 16777215;
15483 : 16777215;
15484 : 16777215;
15485 : 16777215;
15486 : 16777215;
15487 : 16777215;
15488 : 16777215;
15489 : 16777215;
15490 : 16777215;
15491 : 16777215;
15492 : 16777215;
15493 : 16777215;
15494 : 16777215;
15495 : 16777215;
15496 : 16777215;
15497 : 16777215;
15498 : 16777215;
15499 : 16777215;
15500 : 16777215;
15501 : 16777215;
15502 : 16777215;
15503 : 15856113;
15504 : 12369084;
15505 : 16776958;
15506 : 13947344;
15507 : 11118759;
15508 : 12434620;
15509 : 15921648;
15510 : 11645360;
15511 : 16777215;
15512 : 15658476;
15513 : 13420742;
15514 : 8684418;
15515 : 12829635;
15516 : 9934742;
15517 : 15790319;
15518 : 16645627;
15519 : 15724778;
15520 : 10921378;
15521 : 15724528;
15522 : 16777215;
15523 : 16777215;
15524 : 16777215;
15525 : 16777215;
15526 : 16777215;
15527 : 16777215;
15528 : 16777215;
15529 : 16777215;
15530 : 16777215;
15531 : 16777215;
15532 : 16777215;
15533 : 16777215;
15534 : 16777215;
15535 : 16777215;
15536 : 16777215;
15537 : 16777215;
15538 : 16777215;
15539 : 16777215;
15540 : 16777215;
15541 : 16777215;
15542 : 16777215;
15543 : 16777215;
15544 : 16777215;
15545 : 16777215;
15546 : 16777215;
15547 : 16777215;
15548 : 16777215;
15549 : 16777215;
15550 : 16777215;
15551 : 16777215;
15552 : 16777215;
15553 : 16777215;
15554 : 16777215;
15555 : 16777215;
15556 : 16777215;
15557 : 16777215;
15558 : 16777215;
15559 : 16777215;
15560 : 16777215;
15561 : 16777215;
15562 : 16777215;
15563 : 16777215;
15564 : 16777215;
15565 : 16777215;
15566 : 16777215;
15567 : 16777215;
15568 : 16777215;
15569 : 16777215;
15570 : 16777215;
15571 : 16777215;
15572 : 16777215;
15573 : 16777215;
15574 : 16777215;
15575 : 16777215;
15576 : 16777215;
15577 : 16777215;
15578 : 16777215;
15579 : 16777215;
15580 : 16777215;
15581 : 16777215;
15582 : 16777215;
15583 : 16777215;
15584 : 16777215;
15585 : 16777215;
15586 : 16777215;
15587 : 16777215;
15588 : 16777215;
15589 : 16777215;
15590 : 16777215;
15591 : 16777215;
15592 : 16777215;
15593 : 16777215;
15594 : 16777215;
15595 : 16777215;
15596 : 16777215;
15597 : 16777215;
15598 : 16777215;
15599 : 16777215;
15600 : 16777215;
15601 : 16777215;
15602 : 16777215;
15603 : 16777215;
15604 : 16777215;
15605 : 16777215;
15606 : 16777215;
15607 : 16777215;
15608 : 16777215;
15609 : 16777215;
15610 : 16777215;
15611 : 16777215;
15612 : 16777215;
15613 : 16777215;
15614 : 16777215;
15615 : 16777215;
15616 : 16777215;
15617 : 16777215;
15618 : 16777215;
15619 : 16777215;
15620 : 16777215;
15621 : 16777215;
15622 : 16777215;
15623 : 16777215;
15624 : 16777215;
15625 : 16777215;
15626 : 16777215;
15627 : 16777215;
15628 : 16777215;
15629 : 16777215;
15630 : 16777215;
15631 : 14869218;
15632 : 12171704;
15633 : 16316149;
15634 : 11907760;
15635 : 11645360;
15636 : 16645629;
15637 : 16777215;
15638 : 11316396;
15639 : 16645629;
15640 : 15263205;
15641 : 11447208;
15642 : 10921637;
15643 : 16777215;
15644 : 13750737;
15645 : 9211019;
15646 : 16316914;
15647 : 16119535;
15648 : 11711149;
15649 : 14013909;
15650 : 16777215;
15651 : 16777215;
15652 : 16777215;
15653 : 16777215;
15654 : 16777215;
15655 : 16777215;
15656 : 16777215;
15657 : 16777215;
15658 : 16777215;
15659 : 16777215;
15660 : 16777215;
15661 : 16777215;
15662 : 16777215;
15663 : 16777215;
15664 : 16777215;
15665 : 16777215;
15666 : 16777215;
15667 : 16777215;
15668 : 16777215;
15669 : 16777215;
15670 : 16777215;
15671 : 16777215;
15672 : 16777215;
15673 : 16777215;
15674 : 16777215;
15675 : 16777215;
15676 : 16777215;
15677 : 16777215;
15678 : 16777215;
15679 : 16777215;
15680 : 16777215;
15681 : 16777215;
15682 : 16777215;
15683 : 16777215;
15684 : 16777215;
15685 : 16777215;
15686 : 16777215;
15687 : 16777215;
15688 : 16777215;
15689 : 16777215;
15690 : 16777215;
15691 : 16777215;
15692 : 16777215;
15693 : 16777215;
15694 : 16777215;
15695 : 16777215;
15696 : 16777215;
15697 : 16777215;
15698 : 16777215;
15699 : 16777215;
15700 : 16777215;
15701 : 16777215;
15702 : 16777215;
15703 : 16777215;
15704 : 16777215;
15705 : 16777215;
15706 : 16777215;
15707 : 16777215;
15708 : 16777215;
15709 : 16777215;
15710 : 16777215;
15711 : 16777215;
15712 : 16777215;
15713 : 16777215;
15714 : 16777215;
15715 : 16777215;
15716 : 16777215;
15717 : 16777215;
15718 : 16777215;
15719 : 16777215;
15720 : 16777215;
15721 : 16777215;
15722 : 16777215;
15723 : 16777215;
15724 : 16777215;
15725 : 16777215;
15726 : 16777215;
15727 : 16777215;
15728 : 16777215;
15729 : 16777215;
15730 : 16777215;
15731 : 16777215;
15732 : 16777215;
15733 : 16777215;
15734 : 16777215;
15735 : 16777215;
15736 : 16777215;
15737 : 16777215;
15738 : 16777215;
15739 : 16777215;
15740 : 16777215;
15741 : 16777215;
15742 : 16777215;
15743 : 16777215;
15744 : 16777215;
15745 : 16777215;
15746 : 16777215;
15747 : 16777215;
15748 : 16777215;
15749 : 16777215;
15750 : 16777215;
15751 : 16777215;
15752 : 16777215;
15753 : 16777215;
15754 : 16777215;
15755 : 16777215;
15756 : 16777215;
15757 : 16777215;
15758 : 16777215;
15759 : 13816530;
15760 : 13224393;
15761 : 13816015;
15762 : 11052967;
15763 : 16579836;
15764 : 16777215;
15765 : 16777215;
15766 : 10921638;
15767 : 15856113;
15768 : 14934496;
15769 : 9802642;
15770 : 15132390;
15771 : 16777215;
15772 : 16777215;
15773 : 10658466;
15774 : 11777201;
15775 : 16777212;
15776 : 12961216;
15777 : 13026757;
15778 : 16777215;
15779 : 16777215;
15780 : 16777215;
15781 : 16777215;
15782 : 16777215;
15783 : 16777215;
15784 : 16777215;
15785 : 16777215;
15786 : 16777215;
15787 : 16777215;
15788 : 16777215;
15789 : 16777215;
15790 : 16777215;
15791 : 16777215;
15792 : 16777215;
15793 : 16777215;
15794 : 16777215;
15795 : 16777215;
15796 : 16777215;
15797 : 16777215;
15798 : 16777215;
15799 : 16777215;
15800 : 16777215;
15801 : 16777215;
15802 : 16777215;
15803 : 16777215;
15804 : 16777215;
15805 : 16777215;
15806 : 16777215;
15807 : 16777215;
15808 : 16777215;
15809 : 16777215;
15810 : 16777215;
15811 : 16777215;
15812 : 16777215;
15813 : 16777215;
15814 : 16777215;
15815 : 16777215;
15816 : 16777215;
15817 : 16777215;
15818 : 16777215;
15819 : 16777215;
15820 : 16777215;
15821 : 16777215;
15822 : 16777215;
15823 : 16777215;
15824 : 16777215;
15825 : 16777215;
15826 : 16777215;
15827 : 16777215;
15828 : 16777215;
15829 : 16777215;
15830 : 16777215;
15831 : 16777215;
15832 : 16777215;
15833 : 16777215;
15834 : 16777215;
15835 : 16777215;
15836 : 16777215;
15837 : 16777215;
15838 : 16777215;
15839 : 16777215;
15840 : 16777215;
15841 : 16777215;
15842 : 16777215;
15843 : 16777215;
15844 : 16777215;
15845 : 16777215;
15846 : 16777215;
15847 : 16777215;
15848 : 16777215;
15849 : 16777215;
15850 : 16777215;
15851 : 16777215;
15852 : 16777215;
15853 : 16777215;
15854 : 16777215;
15855 : 16777215;
15856 : 16777215;
15857 : 16777215;
15858 : 16777215;
15859 : 16777215;
15860 : 16777215;
15861 : 16777215;
15862 : 16777215;
15863 : 16777215;
15864 : 16777215;
15865 : 16777215;
15866 : 16777215;
15867 : 16777215;
15868 : 16777215;
15869 : 16777215;
15870 : 16777215;
15871 : 16777215;
15872 : 16777215;
15873 : 16777215;
15874 : 16777215;
15875 : 16777215;
15876 : 16777215;
15877 : 16777215;
15878 : 16777215;
15879 : 16777215;
15880 : 16777215;
15881 : 16777215;
15882 : 16777215;
15883 : 16777215;
15884 : 16777215;
15885 : 16777215;
15886 : 16777215;
15887 : 13158857;
15888 : 11908532;
15889 : 11052967;
15890 : 15921906;
15891 : 16777215;
15892 : 16777215;
15893 : 16777215;
15894 : 12171705;
15895 : 14145238;
15896 : 13289414;
15897 : 11052968;
15898 : 16777215;
15899 : 16777215;
15900 : 16777215;
15901 : 16579836;
15902 : 10790053;
15903 : 14145494;
15904 : 14540247;
15905 : 13027013;
15906 : 16777215;
15907 : 16777215;
15908 : 16777215;
15909 : 16777215;
15910 : 16777215;
15911 : 16777215;
15912 : 16777215;
15913 : 16777215;
15914 : 16777215;
15915 : 16777215;
15916 : 16777215;
15917 : 16777215;
15918 : 16777215;
15919 : 16777215;
15920 : 16777215;
15921 : 16777215;
15922 : 16777215;
15923 : 16777215;
15924 : 16777215;
15925 : 16777215;
15926 : 16777215;
15927 : 16777215;
15928 : 16777215;
15929 : 16777215;
15930 : 16777215;
15931 : 16777215;
15932 : 16777215;
15933 : 16777215;
15934 : 16777215;
15935 : 16777215;
15936 : 16777215;
15937 : 16777215;
15938 : 16777215;
15939 : 16777215;
15940 : 16777215;
15941 : 16777215;
15942 : 16777215;
15943 : 16777215;
15944 : 16777215;
15945 : 16777215;
15946 : 16777215;
15947 : 16777215;
15948 : 16777215;
15949 : 16777215;
15950 : 16777215;
15951 : 16777215;
15952 : 16777215;
15953 : 16777215;
15954 : 16777215;
15955 : 16777215;
15956 : 16777215;
15957 : 16777215;
15958 : 16777215;
15959 : 16777215;
15960 : 16777215;
15961 : 16777215;
15962 : 16777215;
15963 : 16777215;
15964 : 16777215;
15965 : 16777215;
15966 : 16777215;
15967 : 16777215;
15968 : 16777215;
15969 : 16777215;
15970 : 16777215;
15971 : 16777215;
15972 : 16777215;
15973 : 16777215;
15974 : 16777215;
15975 : 16777215;
15976 : 16777215;
15977 : 16777215;
15978 : 16777215;
15979 : 16777215;
15980 : 16777215;
15981 : 16777215;
15982 : 16777215;
15983 : 16777215;
15984 : 16777215;
15985 : 16777215;
15986 : 16777215;
15987 : 16777215;
15988 : 16777215;
15989 : 16777215;
15990 : 16777215;
15991 : 16777215;
15992 : 16777215;
15993 : 16777215;
15994 : 16777215;
15995 : 16777215;
15996 : 16777215;
15997 : 16777215;
15998 : 16777215;
15999 : 16777215;
16000 : 16777215;
16001 : 16777215;
16002 : 16777215;
16003 : 16777215;
16004 : 16777215;
16005 : 16777215;
16006 : 16777215;
16007 : 16777215;
16008 : 16777215;
16009 : 16777215;
16010 : 16777215;
16011 : 16777215;
16012 : 16777215;
16013 : 16777215;
16014 : 16777215;
16015 : 13684944;
16016 : 9868950;
16017 : 15856113;
16018 : 16777215;
16019 : 16777215;
16020 : 16777215;
16021 : 16777215;
16022 : 14606046;
16023 : 11710897;
16024 : 11250088;
16025 : 15263976;
16026 : 16777215;
16027 : 16777215;
16028 : 16777215;
16029 : 16777215;
16030 : 16448250;
16031 : 11579568;
16032 : 10724257;
16033 : 12434877;
16034 : 16777215;
16035 : 16777215;
16036 : 16777215;
16037 : 16777215;
16038 : 16777215;
16039 : 16777215;
16040 : 16777215;
16041 : 16777215;
16042 : 16777215;
16043 : 16777215;
16044 : 16777215;
16045 : 16777215;
16046 : 16777215;
16047 : 16777215;
16048 : 16777215;
16049 : 16777215;
16050 : 16777215;
16051 : 16777215;
16052 : 16777215;
16053 : 16777215;
16054 : 16777215;
16055 : 16777215;
16056 : 16777215;
16057 : 16777215;
16058 : 16777215;
16059 : 16777215;
16060 : 16777215;
16061 : 16777215;
16062 : 16777215;
16063 : 16777215;
16064 : 16777215;
16065 : 16777215;
16066 : 16777215;
16067 : 16777215;
16068 : 16777215;
16069 : 16777215;
16070 : 16777215;
16071 : 16777215;
16072 : 16777215;
16073 : 16777215;
16074 : 16777215;
16075 : 16777215;
16076 : 16777215;
16077 : 16777215;
16078 : 16777215;
16079 : 16777215;
16080 : 16777215;
16081 : 16777215;
16082 : 16777215;
16083 : 16777215;
16084 : 16777215;
16085 : 16777215;
16086 : 16777215;
16087 : 16777215;
16088 : 16777215;
16089 : 16777215;
16090 : 16777215;
16091 : 16777215;
16092 : 16777215;
16093 : 16777215;
16094 : 16777215;
16095 : 16777215;
16096 : 16777215;
16097 : 16777215;
16098 : 16777215;
16099 : 16777215;
16100 : 16777215;
16101 : 16777215;
16102 : 16777215;
16103 : 16777215;
16104 : 16777215;
16105 : 16777215;
16106 : 16777215;
16107 : 16777215;
16108 : 16777215;
16109 : 16777215;
16110 : 16777215;
16111 : 16777215;
16112 : 16777215;
16113 : 16777215;
16114 : 16777215;
16115 : 16777215;
16116 : 16777215;
16117 : 16777215;
16118 : 16777215;
16119 : 16777215;
16120 : 16777215;
16121 : 16777215;
16122 : 16777215;
16123 : 16777215;
16124 : 16777215;
16125 : 16777215;
16126 : 16777215;
16127 : 16777215;
16128 : 16777215;
16129 : 16777215;
16130 : 16777215;
16131 : 16777215;
16132 : 16777215;
16133 : 16777215;
16134 : 16777215;
16135 : 16777215;
16136 : 16777215;
16137 : 16777215;
16138 : 16777215;
16139 : 16777215;
16140 : 16777215;
16141 : 16777215;
16142 : 16777215;
16143 : 16448250;
16144 : 16382457;
16145 : 16777215;
16146 : 16777215;
16147 : 16777215;
16148 : 16777215;
16149 : 16777215;
16150 : 16579836;
16151 : 9473935;
16152 : 12369083;
16153 : 16777215;
16154 : 16777215;
16155 : 16777215;
16156 : 16777215;
16157 : 16777215;
16158 : 16777215;
16159 : 16777215;
16160 : 12632256;
16161 : 14079702;
16162 : 16777215;
16163 : 16777215;
16164 : 16777215;
16165 : 16777215;
16166 : 16777215;
16167 : 16777215;
16168 : 16777215;
16169 : 16777215;
16170 : 16777215;
16171 : 16777215;
16172 : 16777215;
16173 : 16777215;
16174 : 16777215;
16175 : 16777215;
16176 : 16777215;
16177 : 16777215;
16178 : 16777215;
16179 : 16777215;
16180 : 16777215;
16181 : 16777215;
16182 : 16777215;
16183 : 16777215;
16184 : 16777215;
16185 : 16777215;
16186 : 16777215;
16187 : 16777215;
16188 : 16777215;
16189 : 16777215;
16190 : 16777215;
16191 : 16777215;
16192 : 16777215;
16193 : 16777215;
16194 : 16777215;
16195 : 16777215;
16196 : 16777215;
16197 : 16777215;
16198 : 16777215;
16199 : 16777215;
16200 : 16777215;
16201 : 16777215;
16202 : 16777215;
16203 : 16777215;
16204 : 16777215;
16205 : 16777215;
16206 : 16777215;
16207 : 16777215;
16208 : 16777215;
16209 : 16777215;
16210 : 16777215;
16211 : 16777215;
16212 : 16777215;
16213 : 16777215;
16214 : 16777215;
16215 : 16777215;
16216 : 16777215;
16217 : 16777215;
16218 : 16777215;
16219 : 16777215;
16220 : 16777215;
16221 : 16777215;
16222 : 16777215;
16223 : 16777215;
16224 : 16777215;
16225 : 16777215;
16226 : 16777215;
16227 : 16777215;
16228 : 16777215;
16229 : 16777215;
16230 : 16777215;
16231 : 16777215;
16232 : 16777215;
16233 : 16777215;
16234 : 16777215;
16235 : 16777215;
16236 : 16777215;
16237 : 16777215;
16238 : 16777215;
16239 : 16777215;
16240 : 16777215;
16241 : 16777215;
16242 : 16777215;
16243 : 16777215;
16244 : 16777215;
16245 : 16777215;
16246 : 16777215;
16247 : 16777215;
16248 : 16777215;
16249 : 16777215;
16250 : 16777215;
16251 : 16777215;
16252 : 16777215;
16253 : 16777215;
16254 : 16777215;
16255 : 16777215;
16256 : 16777215;
16257 : 16777215;
16258 : 16777215;
16259 : 16777215;
16260 : 16777215;
16261 : 16777215;
16262 : 16777215;
16263 : 16777215;
16264 : 16777215;
16265 : 16777215;
16266 : 16777215;
16267 : 16777215;
16268 : 16777215;
16269 : 16777215;
16270 : 16777215;
16271 : 16777215;
16272 : 16777215;
16273 : 16777215;
16274 : 16777215;
16275 : 16777215;
16276 : 16777215;
16277 : 16777215;
16278 : 16777215;
16279 : 14935011;
16280 : 15987699;
16281 : 16777215;
16282 : 16777215;
16283 : 16777215;
16284 : 16777215;
16285 : 16777215;
16286 : 16777215;
16287 : 16777215;
16288 : 16777215;
16289 : 16777215;
16290 : 16777215;
16291 : 16777215;
16292 : 16777215;
16293 : 16777215;
16294 : 16777215;
16295 : 16777215;
16296 : 16777215;
16297 : 16777215;
16298 : 16777215;
16299 : 16777215;
16300 : 16777215;
16301 : 16777215;
16302 : 16777215;
16303 : 16777215;
16304 : 16777215;
16305 : 16777215;
16306 : 16777215;
16307 : 16777215;
16308 : 16777215;
16309 : 16777215;
16310 : 16777215;
16311 : 16777215;
16312 : 16777215;
16313 : 16777215;
16314 : 16777215;
16315 : 16777215;
16316 : 16777215;
16317 : 16777215;
16318 : 16777215;
16319 : 16777215;
16320 : 16777215;
16321 : 16777215;
16322 : 16777215;
16323 : 16777215;
16324 : 16777215;
16325 : 16777215;
16326 : 16777215;
16327 : 16777215;
16328 : 16777215;
16329 : 16777215;
16330 : 16777215;
16331 : 16777215;
16332 : 16777215;
16333 : 16777215;
16334 : 16777215;
16335 : 16777215;
16336 : 16777215;
16337 : 16777215;
16338 : 16777215;
16339 : 16777215;
16340 : 16777215;
16341 : 16777215;
16342 : 16777215;
16343 : 16777215;
16344 : 16777215;
16345 : 16777215;
16346 : 16777215;
16347 : 16777215;
16348 : 16777215;
16349 : 16777215;
16350 : 16777215;
16351 : 16777215;
16352 : 16777215;
16353 : 16777215;
16354 : 16777215;
16355 : 16777215;
16356 : 16777215;
16357 : 16777215;
16358 : 16777215;
16359 : 16777215;
16360 : 16777215;
16361 : 16777215;
16362 : 16777215;
16363 : 16777215;
16364 : 16777215;
16365 : 16777215;
16366 : 16777215;
16367 : 16777215;
16368 : 16777215;
16369 : 16777215;
16370 : 16777215;
16371 : 16777215;
16372 : 16777215;
16373 : 16777215;
16374 : 16777215;
16375 : 16777215;
16376 : 16777215;
16377 : 16777215;
16378 : 16777215;
16379 : 16777215;
16380 : 16777215;
16381 : 16777215;
16382 : 16777215;
16383 : 16777215;
END;
