WIDTH=24;
DEPTH=16384;

ADDRESS_RADIX=UNS;
DATA_RADIX=UNS;

CONTENT BEGIN
0 : 16777215;
1 : 16777215;
2 : 16777215;
3 : 16777215;
4 : 16777215;
5 : 16777215;
6 : 16777215;
7 : 16777215;
8 : 16777215;
9 : 16777215;
10 : 16777215;
11 : 16777215;
12 : 16777215;
13 : 16777215;
14 : 16777215;
15 : 16777215;
16 : 16777215;
17 : 16777215;
18 : 16777215;
19 : 16777215;
20 : 16777215;
21 : 16777215;
22 : 16777215;
23 : 16777215;
24 : 16777215;
25 : 16777215;
26 : 16777215;
27 : 16777215;
28 : 16777215;
29 : 16777215;
30 : 16777215;
31 : 16777215;
32 : 16777215;
33 : 16777215;
34 : 16777215;
35 : 16777215;
36 : 16777215;
37 : 16777215;
38 : 16777215;
39 : 16777215;
40 : 16777215;
41 : 16777215;
42 : 16777215;
43 : 16777215;
44 : 16777215;
45 : 16777215;
46 : 16777215;
47 : 16777215;
48 : 16777215;
49 : 16777215;
50 : 16777215;
51 : 16777215;
52 : 16777215;
53 : 16777215;
54 : 16777215;
55 : 16777215;
56 : 16777215;
57 : 16777215;
58 : 16777215;
59 : 16777215;
60 : 16777215;
61 : 16777215;
62 : 16777215;
63 : 16777215;
64 : 15461873;
65 : 13619411;
66 : 12763842;
67 : 16777215;
68 : 16777215;
69 : 16777215;
70 : 16777215;
71 : 16777215;
72 : 16777215;
73 : 16777215;
74 : 16777215;
75 : 16777215;
76 : 16777215;
77 : 16777215;
78 : 16777215;
79 : 16777215;
80 : 16777215;
81 : 16777215;
82 : 16777215;
83 : 16777215;
84 : 16777215;
85 : 16777215;
86 : 16777215;
87 : 16777215;
88 : 16777215;
89 : 16777215;
90 : 16777215;
91 : 16777215;
92 : 16777215;
93 : 16777215;
94 : 16777215;
95 : 16777215;
96 : 16777215;
97 : 16777215;
98 : 16777215;
99 : 16777215;
100 : 16777215;
101 : 16777215;
102 : 16777215;
103 : 16777215;
104 : 16777215;
105 : 16777215;
106 : 16777215;
107 : 16777215;
108 : 16777215;
109 : 16777215;
110 : 16777215;
111 : 16777215;
112 : 16777215;
113 : 16777215;
114 : 16777215;
115 : 16777215;
116 : 16777215;
117 : 16777215;
118 : 16777215;
119 : 16777215;
120 : 16777215;
121 : 16777215;
122 : 16777215;
123 : 16777215;
124 : 16777215;
125 : 16777215;
126 : 16777215;
127 : 16777215;
128 : 16777215;
129 : 16777215;
130 : 16777215;
131 : 16777215;
132 : 16777215;
133 : 16777215;
134 : 16777215;
135 : 16777215;
136 : 16777215;
137 : 16777215;
138 : 16777215;
139 : 16777215;
140 : 16777215;
141 : 16777215;
142 : 16777215;
143 : 16777215;
144 : 16777215;
145 : 16777215;
146 : 16777215;
147 : 16777215;
148 : 16777215;
149 : 16777215;
150 : 16777215;
151 : 16777215;
152 : 16777215;
153 : 16777215;
154 : 16777215;
155 : 16777215;
156 : 16777215;
157 : 16777215;
158 : 16777215;
159 : 16777215;
160 : 16777215;
161 : 16777215;
162 : 16777215;
163 : 16777215;
164 : 16777215;
165 : 16777215;
166 : 16777215;
167 : 16777215;
168 : 16777215;
169 : 16777215;
170 : 16777215;
171 : 16777215;
172 : 16777215;
173 : 16777215;
174 : 16777215;
175 : 16777215;
176 : 16777215;
177 : 16777215;
178 : 16777215;
179 : 16777215;
180 : 16777215;
181 : 16777215;
182 : 16777215;
183 : 16777215;
184 : 16777215;
185 : 16777215;
186 : 16777215;
187 : 16777215;
188 : 16777215;
189 : 15461617;
190 : 12369083;
191 : 9669752;
192 : 10456927;
193 : 10389322;
194 : 6907487;
195 : 16777215;
196 : 16777215;
197 : 16777215;
198 : 16777215;
199 : 16777215;
200 : 16777215;
201 : 16777215;
202 : 16777215;
203 : 16777215;
204 : 16777215;
205 : 16777215;
206 : 16777215;
207 : 16777215;
208 : 16777215;
209 : 16777215;
210 : 16777215;
211 : 16777215;
212 : 16777215;
213 : 16777215;
214 : 16777215;
215 : 16777215;
216 : 16777215;
217 : 16777215;
218 : 16777215;
219 : 16777215;
220 : 16777215;
221 : 16777215;
222 : 16777215;
223 : 16777215;
224 : 16777215;
225 : 16777215;
226 : 16777215;
227 : 16777215;
228 : 16777215;
229 : 16777215;
230 : 16777215;
231 : 16777215;
232 : 16777215;
233 : 16777215;
234 : 16777215;
235 : 16777215;
236 : 16777215;
237 : 16777215;
238 : 16777215;
239 : 16777215;
240 : 16777215;
241 : 16777215;
242 : 16777215;
243 : 16777215;
244 : 16777215;
245 : 16777215;
246 : 16777215;
247 : 16777215;
248 : 16777215;
249 : 16777215;
250 : 16777215;
251 : 16777215;
252 : 16777215;
253 : 16777215;
254 : 16777215;
255 : 16777215;
256 : 16777215;
257 : 16777215;
258 : 16777215;
259 : 16777215;
260 : 16777215;
261 : 16777215;
262 : 16777215;
263 : 16777215;
264 : 16777215;
265 : 16777215;
266 : 16777215;
267 : 16777215;
268 : 16777215;
269 : 16777215;
270 : 16777215;
271 : 16777215;
272 : 16777215;
273 : 16777215;
274 : 16777215;
275 : 16777215;
276 : 16777215;
277 : 16777215;
278 : 16777215;
279 : 16777215;
280 : 16777215;
281 : 16777215;
282 : 16777215;
283 : 16777215;
284 : 16777215;
285 : 16777215;
286 : 16777215;
287 : 16777215;
288 : 16777215;
289 : 16777215;
290 : 16777215;
291 : 16777215;
292 : 16777215;
293 : 16777215;
294 : 16777215;
295 : 16777215;
296 : 16777215;
297 : 16777215;
298 : 16777215;
299 : 16777215;
300 : 16777215;
301 : 16777215;
302 : 16777215;
303 : 16777215;
304 : 16777215;
305 : 16777215;
306 : 16777215;
307 : 16777215;
308 : 16777215;
309 : 16777215;
310 : 16777215;
311 : 16777215;
312 : 16777215;
313 : 16777215;
314 : 15527409;
315 : 12303806;
316 : 9670014;
317 : 9930329;
318 : 12559189;
319 : 15780710;
320 : 16769395;
321 : 10915143;
322 : 11119275;
323 : 16777215;
324 : 16777215;
325 : 16777215;
326 : 16777215;
327 : 16777215;
328 : 16777215;
329 : 16777215;
330 : 16777215;
331 : 16777215;
332 : 16777215;
333 : 16777215;
334 : 16777215;
335 : 16777215;
336 : 16777215;
337 : 16777215;
338 : 16777215;
339 : 16777215;
340 : 16777215;
341 : 16777215;
342 : 16777215;
343 : 16777215;
344 : 16777215;
345 : 16777215;
346 : 16777215;
347 : 16777215;
348 : 16777215;
349 : 16777215;
350 : 16777215;
351 : 16777215;
352 : 16777215;
353 : 16777215;
354 : 16777215;
355 : 16777215;
356 : 16777215;
357 : 16777215;
358 : 16777215;
359 : 16777215;
360 : 16777215;
361 : 16777215;
362 : 16777215;
363 : 16777215;
364 : 16777215;
365 : 16777215;
366 : 16777215;
367 : 16777215;
368 : 16777215;
369 : 16777215;
370 : 16777215;
371 : 16777215;
372 : 16777215;
373 : 16777215;
374 : 16777215;
375 : 16777215;
376 : 16777215;
377 : 16777215;
378 : 16777215;
379 : 16777215;
380 : 16777215;
381 : 16777215;
382 : 16777215;
383 : 16777215;
384 : 16777215;
385 : 16777215;
386 : 16777215;
387 : 16777215;
388 : 16777215;
389 : 16777215;
390 : 16777215;
391 : 16777215;
392 : 16777215;
393 : 16777215;
394 : 16777215;
395 : 16777215;
396 : 16777215;
397 : 16777215;
398 : 16777215;
399 : 16777215;
400 : 16777215;
401 : 16777215;
402 : 16777215;
403 : 16777215;
404 : 16777215;
405 : 16777215;
406 : 16777215;
407 : 16777215;
408 : 16777215;
409 : 16777215;
410 : 16777215;
411 : 16777215;
412 : 16777215;
413 : 16777215;
414 : 16777215;
415 : 16777215;
416 : 16777215;
417 : 16777215;
418 : 16777215;
419 : 16777215;
420 : 16777215;
421 : 16777215;
422 : 16777215;
423 : 16777215;
424 : 16777215;
425 : 16777215;
426 : 16777215;
427 : 16777215;
428 : 16777215;
429 : 16777215;
430 : 16777215;
431 : 16777215;
432 : 16777215;
433 : 16777215;
434 : 16777215;
435 : 16777215;
436 : 16777215;
437 : 16777215;
438 : 16777215;
439 : 15790837;
440 : 12303551;
441 : 9275775;
442 : 9470039;
443 : 11770192;
444 : 14925664;
445 : 16503917;
446 : 16635760;
447 : 16767347;
448 : 14728801;
449 : 5985863;
450 : 16053494;
451 : 16777215;
452 : 16777215;
453 : 16777215;
454 : 16777215;
455 : 16777215;
456 : 16777215;
457 : 16777215;
458 : 16777215;
459 : 16777215;
460 : 16777215;
461 : 16777215;
462 : 16777215;
463 : 16777215;
464 : 16777215;
465 : 16777215;
466 : 16777215;
467 : 16777215;
468 : 16777215;
469 : 16777215;
470 : 16777215;
471 : 16777215;
472 : 16777215;
473 : 16777215;
474 : 16777215;
475 : 16777215;
476 : 16777215;
477 : 16777215;
478 : 16777215;
479 : 16777215;
480 : 16777215;
481 : 16777215;
482 : 16777215;
483 : 16777215;
484 : 16777215;
485 : 16777215;
486 : 16777215;
487 : 16777215;
488 : 16777215;
489 : 16777215;
490 : 16777215;
491 : 16777215;
492 : 16777215;
493 : 16777215;
494 : 16777215;
495 : 16777215;
496 : 16777215;
497 : 16777215;
498 : 16777215;
499 : 16777215;
500 : 16777215;
501 : 16777215;
502 : 16777215;
503 : 16777215;
504 : 16777215;
505 : 16777215;
506 : 16777215;
507 : 16777215;
508 : 16777215;
509 : 16777215;
510 : 16777215;
511 : 16777215;
512 : 16777215;
513 : 16777215;
514 : 16777215;
515 : 16777215;
516 : 16777215;
517 : 16777215;
518 : 16777215;
519 : 16777215;
520 : 16777215;
521 : 16777215;
522 : 16777215;
523 : 16777215;
524 : 16777215;
525 : 16777215;
526 : 16777215;
527 : 16777215;
528 : 16777215;
529 : 16777215;
530 : 16777215;
531 : 16777215;
532 : 16777215;
533 : 16777215;
534 : 16777215;
535 : 16777215;
536 : 16777215;
537 : 16777215;
538 : 16777215;
539 : 16777215;
540 : 16777215;
541 : 16777215;
542 : 16777215;
543 : 16777215;
544 : 16777215;
545 : 16777215;
546 : 16777215;
547 : 16777215;
548 : 16777215;
549 : 16777215;
550 : 16777215;
551 : 16777215;
552 : 16777215;
553 : 16777215;
554 : 16777215;
555 : 16777215;
556 : 16777215;
557 : 16777215;
558 : 16777215;
559 : 16777215;
560 : 16777215;
561 : 16777215;
562 : 16777215;
563 : 16777215;
564 : 16777215;
565 : 14014170;
566 : 9670795;
567 : 8812888;
568 : 10783561;
569 : 14399837;
570 : 16437868;
571 : 16635248;
572 : 16306799;
573 : 16175215;
574 : 16241007;
575 : 16372846;
576 : 6378545;
577 : 12435138;
578 : 16777215;
579 : 16777215;
580 : 16777215;
581 : 16777215;
582 : 16777215;
583 : 16777215;
584 : 16777215;
585 : 16777215;
586 : 16777215;
587 : 16777215;
588 : 16777215;
589 : 16777215;
590 : 16777215;
591 : 16777215;
592 : 16777215;
593 : 16777215;
594 : 16777215;
595 : 16777215;
596 : 16777215;
597 : 16777215;
598 : 16777215;
599 : 16777215;
600 : 16777215;
601 : 16777215;
602 : 16777215;
603 : 16777215;
604 : 16777215;
605 : 16777215;
606 : 16777215;
607 : 16777215;
608 : 16777215;
609 : 16777215;
610 : 16777215;
611 : 16777215;
612 : 16777215;
613 : 16777215;
614 : 16777215;
615 : 16777215;
616 : 16777215;
617 : 16777215;
618 : 16777215;
619 : 16777215;
620 : 16777215;
621 : 16777215;
622 : 16777215;
623 : 16777215;
624 : 16777215;
625 : 16777215;
626 : 16777215;
627 : 16777215;
628 : 16777215;
629 : 16777215;
630 : 16777215;
631 : 16777215;
632 : 16777215;
633 : 16777215;
634 : 16777215;
635 : 16777215;
636 : 16777215;
637 : 16777215;
638 : 16777215;
639 : 16777215;
640 : 16777215;
641 : 16777215;
642 : 16777215;
643 : 16777215;
644 : 16777215;
645 : 16777215;
646 : 16777215;
647 : 16777215;
648 : 16777215;
649 : 16777215;
650 : 16777215;
651 : 16777215;
652 : 16777215;
653 : 16777215;
654 : 16777215;
655 : 16777215;
656 : 16777215;
657 : 16777215;
658 : 16777215;
659 : 16777215;
660 : 16777215;
661 : 16777215;
662 : 16777215;
663 : 16777215;
664 : 16777215;
665 : 16777215;
666 : 16777215;
667 : 16777215;
668 : 16777215;
669 : 16777215;
670 : 16777215;
671 : 16777215;
672 : 16777215;
673 : 16777215;
674 : 16777215;
675 : 16777215;
676 : 16777215;
677 : 16777215;
678 : 16777215;
679 : 16777215;
680 : 16777215;
681 : 16777215;
682 : 16777215;
683 : 16777215;
684 : 16777215;
685 : 16777215;
686 : 16777215;
687 : 16777215;
688 : 16777215;
689 : 16777215;
690 : 16316924;
691 : 13158602;
692 : 9801601;
693 : 9469514;
694 : 13479255;
695 : 16306540;
696 : 16701042;
697 : 16372334;
698 : 16175213;
699 : 16175213;
700 : 16175470;
701 : 16109678;
702 : 16569714;
703 : 9271100;
704 : 8684936;
705 : 16777215;
706 : 16777215;
707 : 16777215;
708 : 16777215;
709 : 16777215;
710 : 16777215;
711 : 16777215;
712 : 16777215;
713 : 16777215;
714 : 16777215;
715 : 16777215;
716 : 16777215;
717 : 16777215;
718 : 16777215;
719 : 16777215;
720 : 16777215;
721 : 16777215;
722 : 16777215;
723 : 16777215;
724 : 16777215;
725 : 16777215;
726 : 16777215;
727 : 16777215;
728 : 16777215;
729 : 16777215;
730 : 16777215;
731 : 16777215;
732 : 16777215;
733 : 16777215;
734 : 16777215;
735 : 16777215;
736 : 16777215;
737 : 16777215;
738 : 16777215;
739 : 16777215;
740 : 16777215;
741 : 16777215;
742 : 16777215;
743 : 16777215;
744 : 16777215;
745 : 16777215;
746 : 16777215;
747 : 16777215;
748 : 16777215;
749 : 16777215;
750 : 16777215;
751 : 16777215;
752 : 16777215;
753 : 16777215;
754 : 16777215;
755 : 16777215;
756 : 16777215;
757 : 16777215;
758 : 16777215;
759 : 16777215;
760 : 16777215;
761 : 16777215;
762 : 16777215;
763 : 16777215;
764 : 16777215;
765 : 16777215;
766 : 16777215;
767 : 16777215;
768 : 16777215;
769 : 16777215;
770 : 16777215;
771 : 16777215;
772 : 16777215;
773 : 16777215;
774 : 16777215;
775 : 16777215;
776 : 16777215;
777 : 16777215;
778 : 16777215;
779 : 16777215;
780 : 16777215;
781 : 16777215;
782 : 16777215;
783 : 16777215;
784 : 16777215;
785 : 16777215;
786 : 16777215;
787 : 16777215;
788 : 16777215;
789 : 16777215;
790 : 16777215;
791 : 16777215;
792 : 16777215;
793 : 16777215;
794 : 16777215;
795 : 16777215;
796 : 16777215;
797 : 16777215;
798 : 16777215;
799 : 16777215;
800 : 16777215;
801 : 16777215;
802 : 16777215;
803 : 16777215;
804 : 16777215;
805 : 16777215;
806 : 16777215;
807 : 16777215;
808 : 16777215;
809 : 16777215;
810 : 16777215;
811 : 16777215;
812 : 16777215;
813 : 16777215;
814 : 16777215;
815 : 16777215;
816 : 14803685;
817 : 10329500;
818 : 9142632;
819 : 11835990;
820 : 14859871;
821 : 16635248;
822 : 16438385;
823 : 16175215;
824 : 16240751;
825 : 16109934;
826 : 16044142;
827 : 15912302;
828 : 15452270;
829 : 15320946;
830 : 12493148;
831 : 6315350;
832 : 16251129;
833 : 16777215;
834 : 16777215;
835 : 16777215;
836 : 16777215;
837 : 16777215;
838 : 16777215;
839 : 16777215;
840 : 16777215;
841 : 16777215;
842 : 16777215;
843 : 16777215;
844 : 16777215;
845 : 16777215;
846 : 16777215;
847 : 16777215;
848 : 16777215;
849 : 16777215;
850 : 16777215;
851 : 16777215;
852 : 16777215;
853 : 16777215;
854 : 16777215;
855 : 16777215;
856 : 16777215;
857 : 16777215;
858 : 16777215;
859 : 16777215;
860 : 16777215;
861 : 16777215;
862 : 16777215;
863 : 16777215;
864 : 16777215;
865 : 16777215;
866 : 16777215;
867 : 16777215;
868 : 16777215;
869 : 16777215;
870 : 16777215;
871 : 16777215;
872 : 16777215;
873 : 16777215;
874 : 16777215;
875 : 16777215;
876 : 16777215;
877 : 16777215;
878 : 16777215;
879 : 16777215;
880 : 16777215;
881 : 16777215;
882 : 16777215;
883 : 16777215;
884 : 16777215;
885 : 16777215;
886 : 16777215;
887 : 16777215;
888 : 16777215;
889 : 16777215;
890 : 16777215;
891 : 16777215;
892 : 16777215;
893 : 16777215;
894 : 16777215;
895 : 16777215;
896 : 16777215;
897 : 16777215;
898 : 16777215;
899 : 16777215;
900 : 16777215;
901 : 16777215;
902 : 16777215;
903 : 16777215;
904 : 16777215;
905 : 16777215;
906 : 16777215;
907 : 16777215;
908 : 16777215;
909 : 16777215;
910 : 16777215;
911 : 16777215;
912 : 16777215;
913 : 16777215;
914 : 16777215;
915 : 16777215;
916 : 16777215;
917 : 16777215;
918 : 16777215;
919 : 16777215;
920 : 16777215;
921 : 16777215;
922 : 16777215;
923 : 16777215;
924 : 16777215;
925 : 16777215;
926 : 16777215;
927 : 16777215;
928 : 16777215;
929 : 16777215;
930 : 16777215;
931 : 16777215;
932 : 16777215;
933 : 16777215;
934 : 16777215;
935 : 16777215;
936 : 16777215;
937 : 16777215;
938 : 16777215;
939 : 16777215;
940 : 16777215;
941 : 16777215;
942 : 14277340;
943 : 8092023;
944 : 7694413;
945 : 11178070;
946 : 15715181;
947 : 16767602;
948 : 16504432;
949 : 16109678;
950 : 16175471;
951 : 16175471;
952 : 15846768;
953 : 15320946;
954 : 14795122;
955 : 14400372;
956 : 14137461;
957 : 13216877;
958 : 6511432;
959 : 14408926;
960 : 16777215;
961 : 16777215;
962 : 16777215;
963 : 16777215;
964 : 16777215;
965 : 16777215;
966 : 16777215;
967 : 16777215;
968 : 16777215;
969 : 16777215;
970 : 16777215;
971 : 16777215;
972 : 16777215;
973 : 16777215;
974 : 16777215;
975 : 16777215;
976 : 16777215;
977 : 16777215;
978 : 16777215;
979 : 16777215;
980 : 16777215;
981 : 16777215;
982 : 16777215;
983 : 16777215;
984 : 16777215;
985 : 16777215;
986 : 16777215;
987 : 16777215;
988 : 16777215;
989 : 16777215;
990 : 16777215;
991 : 16777215;
992 : 16777215;
993 : 16777215;
994 : 16777215;
995 : 16777215;
996 : 16777215;
997 : 16777215;
998 : 16777215;
999 : 16777215;
1000 : 16777215;
1001 : 16777215;
1002 : 16777215;
1003 : 16777215;
1004 : 16777215;
1005 : 16777215;
1006 : 16777215;
1007 : 16777215;
1008 : 16777215;
1009 : 16777215;
1010 : 16777215;
1011 : 16777215;
1012 : 16777215;
1013 : 16777215;
1014 : 16777215;
1015 : 16777215;
1016 : 16777215;
1017 : 16777215;
1018 : 16777215;
1019 : 16777215;
1020 : 16777215;
1021 : 16777215;
1022 : 16777215;
1023 : 16777215;
1024 : 16777215;
1025 : 16777215;
1026 : 16777215;
1027 : 16777215;
1028 : 16777215;
1029 : 16777215;
1030 : 16777215;
1031 : 16777215;
1032 : 16777215;
1033 : 16777215;
1034 : 16777215;
1035 : 16777215;
1036 : 16777215;
1037 : 16777215;
1038 : 16777215;
1039 : 16777215;
1040 : 16777215;
1041 : 16777215;
1042 : 16777215;
1043 : 16777215;
1044 : 16777215;
1045 : 16777215;
1046 : 16777215;
1047 : 16777215;
1048 : 16777215;
1049 : 16777215;
1050 : 16777215;
1051 : 16777215;
1052 : 16777215;
1053 : 16777215;
1054 : 16777215;
1055 : 16777215;
1056 : 16777215;
1057 : 16777215;
1058 : 16777215;
1059 : 16777215;
1060 : 16777215;
1061 : 16777215;
1062 : 16777215;
1063 : 16777215;
1064 : 16777215;
1065 : 16777215;
1066 : 16777215;
1067 : 16777215;
1068 : 14474976;
1069 : 8684417;
1070 : 6839364;
1071 : 11243867;
1072 : 15254901;
1073 : 16438900;
1074 : 16175729;
1075 : 15715442;
1076 : 15781234;
1077 : 15780978;
1078 : 15255410;
1079 : 14597748;
1080 : 14137461;
1081 : 13874551;
1082 : 13808758;
1083 : 13808759;
1084 : 13874293;
1085 : 7562825;
1086 : 12961480;
1087 : 16777215;
1088 : 16777215;
1089 : 16777215;
1090 : 16777215;
1091 : 16777215;
1092 : 16777215;
1093 : 16777215;
1094 : 16777215;
1095 : 16777215;
1096 : 16777215;
1097 : 16777215;
1098 : 16777215;
1099 : 16777215;
1100 : 16777215;
1101 : 16777215;
1102 : 16777215;
1103 : 16777215;
1104 : 16777215;
1105 : 16777215;
1106 : 16777215;
1107 : 16777215;
1108 : 16777215;
1109 : 16777215;
1110 : 16777215;
1111 : 16777215;
1112 : 16777215;
1113 : 16777215;
1114 : 16777215;
1115 : 16777215;
1116 : 16777215;
1117 : 16777215;
1118 : 16777215;
1119 : 16777215;
1120 : 16777215;
1121 : 16777215;
1122 : 16777215;
1123 : 16777215;
1124 : 16777215;
1125 : 16777215;
1126 : 16777215;
1127 : 16777215;
1128 : 16777215;
1129 : 16777215;
1130 : 16777215;
1131 : 16777215;
1132 : 16777215;
1133 : 16777215;
1134 : 16777215;
1135 : 16777215;
1136 : 16777215;
1137 : 16777215;
1138 : 16777215;
1139 : 16777215;
1140 : 16777215;
1141 : 16777215;
1142 : 16777215;
1143 : 16777215;
1144 : 16777215;
1145 : 16777215;
1146 : 16777215;
1147 : 16777215;
1148 : 16777215;
1149 : 16777215;
1150 : 16777215;
1151 : 16777215;
1152 : 16777215;
1153 : 16777215;
1154 : 16777215;
1155 : 16777215;
1156 : 16777215;
1157 : 16777215;
1158 : 16777215;
1159 : 16777215;
1160 : 16777215;
1161 : 16777215;
1162 : 16777215;
1163 : 16777215;
1164 : 16777215;
1165 : 16777215;
1166 : 16777215;
1167 : 16777215;
1168 : 16777215;
1169 : 16777215;
1170 : 16777215;
1171 : 16777215;
1172 : 16777215;
1173 : 16777215;
1174 : 16777215;
1175 : 16777215;
1176 : 16777215;
1177 : 16777215;
1178 : 16777215;
1179 : 16777215;
1180 : 16777215;
1181 : 16777215;
1182 : 16777215;
1183 : 16777215;
1184 : 16777215;
1185 : 16777215;
1186 : 16777215;
1187 : 16777215;
1188 : 16777215;
1189 : 16777215;
1190 : 16777215;
1191 : 16777215;
1192 : 16777215;
1193 : 16777215;
1194 : 13816789;
1195 : 8486522;
1196 : 6708036;
1197 : 10652248;
1198 : 14268789;
1199 : 15386742;
1200 : 15452530;
1201 : 14795124;
1202 : 14203765;
1203 : 14269045;
1204 : 14334837;
1205 : 14071670;
1206 : 13808758;
1207 : 13742967;
1208 : 13742967;
1209 : 13677431;
1210 : 13677175;
1211 : 14005881;
1212 : 8942927;
1213 : 11382189;
1214 : 16777215;
1215 : 16777215;
1216 : 16777215;
1217 : 16777215;
1218 : 16777215;
1219 : 16777215;
1220 : 16777215;
1221 : 16777215;
1222 : 16777215;
1223 : 16777215;
1224 : 16777215;
1225 : 16777215;
1226 : 16777215;
1227 : 16777215;
1228 : 16777215;
1229 : 16777215;
1230 : 16777215;
1231 : 16777215;
1232 : 16777215;
1233 : 16777215;
1234 : 16777215;
1235 : 16777215;
1236 : 16777215;
1237 : 16777215;
1238 : 16777215;
1239 : 16777215;
1240 : 16777215;
1241 : 16777215;
1242 : 16777215;
1243 : 16777215;
1244 : 16777215;
1245 : 16777215;
1246 : 16777215;
1247 : 16777215;
1248 : 16777215;
1249 : 16777215;
1250 : 16777215;
1251 : 16777215;
1252 : 16777215;
1253 : 16777215;
1254 : 16777215;
1255 : 16777215;
1256 : 16777215;
1257 : 16777215;
1258 : 16777215;
1259 : 16777215;
1260 : 16777215;
1261 : 16777215;
1262 : 16777215;
1263 : 16777215;
1264 : 16777215;
1265 : 16777215;
1266 : 16777215;
1267 : 16777215;
1268 : 16777215;
1269 : 16777215;
1270 : 16777215;
1271 : 16777215;
1272 : 16777215;
1273 : 16777215;
1274 : 16777215;
1275 : 16777215;
1276 : 16777215;
1277 : 16777215;
1278 : 16777215;
1279 : 16777215;
1280 : 16777215;
1281 : 16777215;
1282 : 16777215;
1283 : 16777215;
1284 : 16777215;
1285 : 16777215;
1286 : 16777215;
1287 : 16777215;
1288 : 16777215;
1289 : 16777215;
1290 : 16777215;
1291 : 16777215;
1292 : 16777215;
1293 : 16777215;
1294 : 16777215;
1295 : 16777215;
1296 : 16777215;
1297 : 16777215;
1298 : 16777215;
1299 : 16777215;
1300 : 16777215;
1301 : 16777215;
1302 : 16777215;
1303 : 16777215;
1304 : 16777215;
1305 : 16777215;
1306 : 16777215;
1307 : 16777215;
1308 : 16777215;
1309 : 16777215;
1310 : 16777215;
1311 : 16777215;
1312 : 16777215;
1313 : 16777215;
1314 : 16777215;
1315 : 16777215;
1316 : 16777215;
1317 : 16777215;
1318 : 16777215;
1319 : 16777215;
1320 : 13422031;
1321 : 7960176;
1322 : 7430985;
1323 : 10981214;
1324 : 13414261;
1325 : 13940086;
1326 : 14269045;
1327 : 14203253;
1328 : 13874549;
1329 : 13743222;
1330 : 13808758;
1331 : 13808758;
1332 : 13742967;
1333 : 13677175;
1334 : 13611639;
1335 : 13545847;
1336 : 13545847;
1337 : 13480055;
1338 : 13808763;
1339 : 9600082;
1340 : 9802898;
1341 : 16777215;
1342 : 16777215;
1343 : 16777215;
1344 : 16777215;
1345 : 16777215;
1346 : 16777215;
1347 : 16777215;
1348 : 16777215;
1349 : 16777215;
1350 : 16777215;
1351 : 16777215;
1352 : 16777215;
1353 : 16777215;
1354 : 16777215;
1355 : 16777215;
1356 : 16777215;
1357 : 16777215;
1358 : 16777215;
1359 : 16777215;
1360 : 16777215;
1361 : 16777215;
1362 : 16777215;
1363 : 16777215;
1364 : 16777215;
1365 : 16777215;
1366 : 16777215;
1367 : 16777215;
1368 : 16777215;
1369 : 16777215;
1370 : 16777215;
1371 : 16777215;
1372 : 16777215;
1373 : 16777215;
1374 : 16777215;
1375 : 16777215;
1376 : 16777215;
1377 : 16777215;
1378 : 16777215;
1379 : 16777215;
1380 : 16777215;
1381 : 16777215;
1382 : 16777215;
1383 : 16777215;
1384 : 16777215;
1385 : 16777215;
1386 : 16777215;
1387 : 16777215;
1388 : 16777215;
1389 : 16777215;
1390 : 16777215;
1391 : 16777215;
1392 : 16777215;
1393 : 16777215;
1394 : 16777215;
1395 : 16777215;
1396 : 16777215;
1397 : 16777215;
1398 : 16777215;
1399 : 16777215;
1400 : 16777215;
1401 : 16777215;
1402 : 16777215;
1403 : 16777215;
1404 : 16777215;
1405 : 16777215;
1406 : 16777215;
1407 : 16777215;
1408 : 16777215;
1409 : 16777215;
1410 : 16777215;
1411 : 16777215;
1412 : 16777215;
1413 : 16777215;
1414 : 16777215;
1415 : 16777215;
1416 : 16777215;
1417 : 16777215;
1418 : 16777215;
1419 : 16777215;
1420 : 16777215;
1421 : 16777215;
1422 : 16777215;
1423 : 16777215;
1424 : 16777215;
1425 : 16777215;
1426 : 16777215;
1427 : 16777215;
1428 : 16777215;
1429 : 16777215;
1430 : 16777215;
1431 : 16777215;
1432 : 16777215;
1433 : 16777215;
1434 : 16777215;
1435 : 16777215;
1436 : 16777215;
1437 : 16777215;
1438 : 16777215;
1439 : 16777215;
1440 : 16777215;
1441 : 16777215;
1442 : 16777215;
1443 : 16777215;
1444 : 16777215;
1445 : 16777215;
1446 : 13750996;
1447 : 7499626;
1448 : 8088397;
1449 : 11704421;
1450 : 13414262;
1451 : 13414520;
1452 : 13545846;
1453 : 13808758;
1454 : 13808759;
1455 : 13742966;
1456 : 13742966;
1457 : 13677175;
1458 : 13611639;
1459 : 13545847;
1460 : 13480055;
1461 : 13414263;
1462 : 13414263;
1463 : 13348471;
1464 : 13217399;
1465 : 13480313;
1466 : 11309921;
1467 : 8157554;
1468 : 16382715;
1469 : 16777215;
1470 : 16777215;
1471 : 16777215;
1472 : 16777215;
1473 : 16777215;
1474 : 16777215;
1475 : 16777215;
1476 : 16777215;
1477 : 16777215;
1478 : 16777215;
1479 : 16777215;
1480 : 16777215;
1481 : 16777215;
1482 : 16777215;
1483 : 16777215;
1484 : 16777215;
1485 : 16777215;
1486 : 16777215;
1487 : 16777215;
1488 : 16777215;
1489 : 16777215;
1490 : 16777215;
1491 : 16777215;
1492 : 16777215;
1493 : 16777215;
1494 : 16777215;
1495 : 16777215;
1496 : 16777215;
1497 : 16777215;
1498 : 16777215;
1499 : 16777215;
1500 : 16777215;
1501 : 16777215;
1502 : 16777215;
1503 : 16777215;
1504 : 16777215;
1505 : 16777215;
1506 : 16777215;
1507 : 16777215;
1508 : 16777215;
1509 : 16777215;
1510 : 16777215;
1511 : 16777215;
1512 : 16777215;
1513 : 16777215;
1514 : 16777215;
1515 : 16777215;
1516 : 16777215;
1517 : 16777215;
1518 : 16777215;
1519 : 16777215;
1520 : 16777215;
1521 : 16777215;
1522 : 16777215;
1523 : 16777215;
1524 : 16777215;
1525 : 16777215;
1526 : 16777215;
1527 : 16777215;
1528 : 16777215;
1529 : 16777215;
1530 : 16777215;
1531 : 16777215;
1532 : 16777215;
1533 : 16777215;
1534 : 16777215;
1535 : 16777215;
1536 : 16777215;
1537 : 16777215;
1538 : 16777215;
1539 : 16777215;
1540 : 16777215;
1541 : 16777215;
1542 : 16777215;
1543 : 16777215;
1544 : 16777215;
1545 : 16777215;
1546 : 16777215;
1547 : 16777215;
1548 : 16777215;
1549 : 16777215;
1550 : 16777215;
1551 : 16777215;
1552 : 16777215;
1553 : 16777215;
1554 : 16777215;
1555 : 16777215;
1556 : 16777215;
1557 : 16777215;
1558 : 16777215;
1559 : 16777215;
1560 : 16777215;
1561 : 16777215;
1562 : 16777215;
1563 : 16777215;
1564 : 16777215;
1565 : 16777215;
1566 : 16777215;
1567 : 16777215;
1568 : 16777215;
1569 : 16777215;
1570 : 16777215;
1571 : 16777215;
1572 : 14935270;
1573 : 8158074;
1574 : 7168328;
1575 : 11441250;
1576 : 13611898;
1577 : 13414521;
1578 : 13348471;
1579 : 13545848;
1580 : 13611384;
1581 : 13611639;
1582 : 13545847;
1583 : 13545591;
1584 : 13480055;
1585 : 13348727;
1586 : 13283191;
1587 : 13282935;
1588 : 13282935;
1589 : 13217399;
1590 : 13217399;
1591 : 13217399;
1592 : 13283192;
1593 : 12559470;
1594 : 8222054;
1595 : 16053752;
1596 : 16579836;
1597 : 16645629;
1598 : 16777215;
1599 : 16777215;
1600 : 16777215;
1601 : 16777215;
1602 : 16777215;
1603 : 16777215;
1604 : 16777215;
1605 : 16777215;
1606 : 16777215;
1607 : 16777215;
1608 : 16777215;
1609 : 16777215;
1610 : 16777215;
1611 : 16777215;
1612 : 16777215;
1613 : 16777215;
1614 : 16777215;
1615 : 16777215;
1616 : 16777215;
1617 : 16777215;
1618 : 16777215;
1619 : 16777215;
1620 : 16777215;
1621 : 16777215;
1622 : 16777215;
1623 : 16777215;
1624 : 16777215;
1625 : 16777215;
1626 : 16777215;
1627 : 16777215;
1628 : 16777215;
1629 : 16777215;
1630 : 16777215;
1631 : 16777215;
1632 : 16777215;
1633 : 16777215;
1634 : 16777215;
1635 : 16777215;
1636 : 16777215;
1637 : 16777215;
1638 : 16777215;
1639 : 16777215;
1640 : 16777215;
1641 : 16777215;
1642 : 16777215;
1643 : 16777215;
1644 : 16777215;
1645 : 16777215;
1646 : 16777215;
1647 : 16777215;
1648 : 16777215;
1649 : 16777215;
1650 : 16777215;
1651 : 16777215;
1652 : 16777215;
1653 : 16777215;
1654 : 16777215;
1655 : 16777215;
1656 : 16777215;
1657 : 16777215;
1658 : 16777215;
1659 : 16777215;
1660 : 16777215;
1661 : 16777215;
1662 : 16777215;
1663 : 16777215;
1664 : 16777215;
1665 : 16777215;
1666 : 16777215;
1667 : 16777215;
1668 : 16777215;
1669 : 16777215;
1670 : 16777215;
1671 : 16777215;
1672 : 16777215;
1673 : 16777215;
1674 : 16777215;
1675 : 16777215;
1676 : 16777215;
1677 : 16777215;
1678 : 16777215;
1679 : 16777215;
1680 : 16777215;
1681 : 16777215;
1682 : 16777215;
1683 : 16777215;
1684 : 16777215;
1685 : 16777215;
1686 : 16777215;
1687 : 16777215;
1688 : 16777215;
1689 : 16777215;
1690 : 16777215;
1691 : 16777215;
1692 : 16777215;
1693 : 16777215;
1694 : 16777215;
1695 : 16777215;
1696 : 16777215;
1697 : 16777215;
1698 : 16119543;
1699 : 9803415;
1700 : 6445384;
1701 : 10126423;
1702 : 13480312;
1703 : 13414776;
1704 : 13217399;
1705 : 13217399;
1706 : 13283191;
1707 : 13414263;
1708 : 13348727;
1709 : 13282935;
1710 : 13217399;
1711 : 13217142;
1712 : 13151349;
1713 : 13151606;
1714 : 13217399;
1715 : 13217399;
1716 : 13217399;
1717 : 13217399;
1718 : 13217399;
1719 : 13283191;
1720 : 13282934;
1721 : 8089172;
1722 : 11119276;
1723 : 9933706;
1724 : 6973800;
1725 : 16250871;
1726 : 16777215;
1727 : 16777215;
1728 : 16777215;
1729 : 16777215;
1730 : 16777215;
1731 : 16777215;
1732 : 16777215;
1733 : 16777215;
1734 : 16777215;
1735 : 16777215;
1736 : 16777215;
1737 : 16777215;
1738 : 16777215;
1739 : 16777215;
1740 : 16777215;
1741 : 16777215;
1742 : 16777215;
1743 : 16777215;
1744 : 16777215;
1745 : 16777215;
1746 : 16777215;
1747 : 16777215;
1748 : 16777215;
1749 : 16777215;
1750 : 16777215;
1751 : 16119545;
1752 : 15593200;
1753 : 15855856;
1754 : 16711422;
1755 : 16777215;
1756 : 16777215;
1757 : 16777215;
1758 : 16777215;
1759 : 16777215;
1760 : 16777215;
1761 : 16777215;
1762 : 16777215;
1763 : 16777215;
1764 : 16777215;
1765 : 16777215;
1766 : 16777215;
1767 : 16777215;
1768 : 16777215;
1769 : 16777215;
1770 : 16777215;
1771 : 16777215;
1772 : 16777215;
1773 : 16777215;
1774 : 16777215;
1775 : 16777215;
1776 : 16777215;
1777 : 16777215;
1778 : 16777215;
1779 : 16777215;
1780 : 16777215;
1781 : 16777215;
1782 : 16777215;
1783 : 16777215;
1784 : 16777215;
1785 : 16777215;
1786 : 16777215;
1787 : 16777215;
1788 : 16777215;
1789 : 16777215;
1790 : 16777215;
1791 : 16777215;
1792 : 16777215;
1793 : 16777215;
1794 : 16777215;
1795 : 16777215;
1796 : 16777215;
1797 : 16777215;
1798 : 16777215;
1799 : 16777215;
1800 : 16777215;
1801 : 16777215;
1802 : 16777215;
1803 : 16777215;
1804 : 16777215;
1805 : 16777215;
1806 : 16777215;
1807 : 16777215;
1808 : 16777215;
1809 : 16777215;
1810 : 16777215;
1811 : 16777215;
1812 : 16777215;
1813 : 16777215;
1814 : 16777215;
1815 : 16777215;
1816 : 16777215;
1817 : 16777215;
1818 : 16777215;
1819 : 16777215;
1820 : 16777215;
1821 : 16777215;
1822 : 16777215;
1823 : 16777215;
1824 : 16777215;
1825 : 12171963;
1826 : 6643541;
1827 : 8613705;
1828 : 12888434;
1829 : 13546106;
1830 : 13217399;
1831 : 13151606;
1832 : 13151606;
1833 : 13151606;
1834 : 13151862;
1835 : 13217399;
1836 : 13217399;
1837 : 13085813;
1838 : 13020020;
1839 : 12888691;
1840 : 12888434;
1841 : 12954227;
1842 : 13151606;
1843 : 13151606;
1844 : 13151606;
1845 : 13020020;
1846 : 12954228;
1847 : 12954228;
1848 : 7298881;
1849 : 6510401;
1850 : 10916196;
1851 : 6049847;
1852 : 12632258;
1853 : 16777215;
1854 : 16777215;
1855 : 16777215;
1856 : 16777215;
1857 : 16777215;
1858 : 16777215;
1859 : 16777215;
1860 : 16777215;
1861 : 16777215;
1862 : 16777215;
1863 : 16777215;
1864 : 16777215;
1865 : 16777215;
1866 : 16777215;
1867 : 16777215;
1868 : 16777215;
1869 : 16514303;
1870 : 15922167;
1871 : 15461616;
1872 : 14606307;
1873 : 13487825;
1874 : 13092807;
1875 : 12237498;
1876 : 10526362;
1877 : 9736326;
1878 : 9472632;
1879 : 9734765;
1880 : 6116671;
1881 : 7763832;
1882 : 16579836;
1883 : 16777215;
1884 : 16777215;
1885 : 16777215;
1886 : 16777215;
1887 : 16777215;
1888 : 16777215;
1889 : 16777215;
1890 : 16777215;
1891 : 16777215;
1892 : 16777215;
1893 : 16777215;
1894 : 16777215;
1895 : 16777215;
1896 : 16777215;
1897 : 16777215;
1898 : 16777215;
1899 : 16777215;
1900 : 16777215;
1901 : 16777215;
1902 : 16777215;
1903 : 16777215;
1904 : 16777215;
1905 : 16777215;
1906 : 16777215;
1907 : 16777215;
1908 : 16777215;
1909 : 16777215;
1910 : 16777215;
1911 : 16777215;
1912 : 16777215;
1913 : 16777215;
1914 : 16777215;
1915 : 16777215;
1916 : 16777215;
1917 : 16777215;
1918 : 16777215;
1919 : 16777215;
1920 : 16777215;
1921 : 16777215;
1922 : 16777215;
1923 : 16777215;
1924 : 16777215;
1925 : 16777215;
1926 : 16777215;
1927 : 16777215;
1928 : 16777215;
1929 : 16777215;
1930 : 16777215;
1931 : 16777215;
1932 : 16777215;
1933 : 16777215;
1934 : 16777215;
1935 : 16777215;
1936 : 16777215;
1937 : 16777215;
1938 : 16777215;
1939 : 16777215;
1940 : 16777215;
1941 : 16777215;
1942 : 16777215;
1943 : 16777215;
1944 : 16777215;
1945 : 16777215;
1946 : 16777215;
1947 : 16777215;
1948 : 16777215;
1949 : 16777215;
1950 : 16777215;
1951 : 16579837;
1952 : 7763317;
1953 : 6904382;
1954 : 12230250;
1955 : 13348728;
1956 : 12954228;
1957 : 13020020;
1958 : 13217398;
1959 : 13217399;
1960 : 13151606;
1961 : 13217399;
1962 : 13151607;
1963 : 13217399;
1964 : 13217399;
1965 : 13020020;
1966 : 12954227;
1967 : 12954227;
1968 : 12888434;
1969 : 12954227;
1970 : 13020020;
1971 : 12954227;
1972 : 12888435;
1973 : 12888436;
1974 : 12888436;
1975 : 8811344;
1976 : 10258268;
1977 : 13808761;
1978 : 8219720;
1979 : 10987432;
1980 : 16777215;
1981 : 16777215;
1982 : 16777215;
1983 : 16777215;
1984 : 16777215;
1985 : 16777215;
1986 : 16777215;
1987 : 16777215;
1988 : 16777215;
1989 : 16777215;
1990 : 16645887;
1991 : 15395823;
1992 : 13882840;
1993 : 12632258;
1994 : 11908530;
1995 : 10789531;
1996 : 9407100;
1997 : 8879459;
1998 : 9338970;
1999 : 10325082;
2000 : 10718804;
2001 : 11243856;
2002 : 12558933;
2003 : 12690003;
2004 : 13546343;
2005 : 14927738;
2006 : 16242561;
2007 : 13940586;
2008 : 7432794;
2009 : 15198441;
2010 : 16777215;
2011 : 16777215;
2012 : 16777215;
2013 : 16777215;
2014 : 16777215;
2015 : 16777215;
2016 : 16777215;
2017 : 16777215;
2018 : 16777215;
2019 : 16777215;
2020 : 16777215;
2021 : 16777215;
2022 : 16777215;
2023 : 16777215;
2024 : 16777215;
2025 : 16777215;
2026 : 16777215;
2027 : 16777215;
2028 : 16777215;
2029 : 16777215;
2030 : 16777215;
2031 : 16777215;
2032 : 16777215;
2033 : 16777215;
2034 : 16777215;
2035 : 16777215;
2036 : 16777215;
2037 : 16777215;
2038 : 16777215;
2039 : 16777215;
2040 : 16777215;
2041 : 16777215;
2042 : 16777215;
2043 : 16777215;
2044 : 16777215;
2045 : 16777215;
2046 : 16777215;
2047 : 16777215;
2048 : 16777215;
2049 : 16777215;
2050 : 16777215;
2051 : 16777215;
2052 : 16777215;
2053 : 16777215;
2054 : 16777215;
2055 : 16777215;
2056 : 16777215;
2057 : 16777215;
2058 : 16777215;
2059 : 16777215;
2060 : 16777215;
2061 : 16777215;
2062 : 16777215;
2063 : 16777215;
2064 : 16777215;
2065 : 16777215;
2066 : 16777215;
2067 : 16777215;
2068 : 16777215;
2069 : 16777215;
2070 : 16777215;
2071 : 16777215;
2072 : 16777215;
2073 : 16777215;
2074 : 16777215;
2075 : 16777215;
2076 : 16777215;
2077 : 16777215;
2078 : 16777215;
2079 : 10197141;
2080 : 8942413;
2081 : 13282934;
2082 : 13085557;
2083 : 12888435;
2084 : 12888435;
2085 : 12954227;
2086 : 13020020;
2087 : 13151606;
2088 : 13217399;
2089 : 13217399;
2090 : 13217399;
2091 : 13217399;
2092 : 13217399;
2093 : 13151606;
2094 : 13085813;
2095 : 13085813;
2096 : 13085813;
2097 : 13151606;
2098 : 13151606;
2099 : 13020020;
2100 : 12888435;
2101 : 12954228;
2102 : 12099181;
2103 : 10586975;
2104 : 13743226;
2105 : 8679754;
2106 : 8816261;
2107 : 16777215;
2108 : 16777215;
2109 : 16777215;
2110 : 16777215;
2111 : 16777215;
2112 : 16777215;
2113 : 16777215;
2114 : 15856374;
2115 : 14211550;
2116 : 12106171;
2117 : 9868173;
2118 : 8353635;
2119 : 9075794;
2120 : 10455374;
2121 : 11769936;
2122 : 13281879;
2123 : 14070874;
2124 : 15188577;
2125 : 16372330;
2126 : 16767599;
2127 : 16768369;
2128 : 16767600;
2129 : 16569967;
2130 : 16438126;
2131 : 16635505;
2132 : 16569971;
2133 : 16767861;
2134 : 12032848;
2135 : 8419949;
2136 : 15198443;
2137 : 16777215;
2138 : 16777215;
2139 : 16777215;
2140 : 16777215;
2141 : 16777215;
2142 : 16777215;
2143 : 16777215;
2144 : 16777215;
2145 : 16777215;
2146 : 16777215;
2147 : 16777215;
2148 : 16777215;
2149 : 16777215;
2150 : 16777215;
2151 : 16777215;
2152 : 16777215;
2153 : 16777215;
2154 : 16777215;
2155 : 16777215;
2156 : 16777215;
2157 : 16777215;
2158 : 16777215;
2159 : 16777215;
2160 : 16777215;
2161 : 16777215;
2162 : 16777215;
2163 : 16777215;
2164 : 16777215;
2165 : 16777215;
2166 : 16777215;
2167 : 16777215;
2168 : 16777215;
2169 : 16777215;
2170 : 16777215;
2171 : 16777215;
2172 : 16777215;
2173 : 16777215;
2174 : 16777215;
2175 : 16777215;
2176 : 16777215;
2177 : 16777215;
2178 : 16777215;
2179 : 16777215;
2180 : 16777215;
2181 : 16777215;
2182 : 16777215;
2183 : 16777215;
2184 : 16777215;
2185 : 16777215;
2186 : 16777215;
2187 : 16777215;
2188 : 16777215;
2189 : 16777215;
2190 : 16777215;
2191 : 16777215;
2192 : 16777215;
2193 : 16777215;
2194 : 16777215;
2195 : 16777215;
2196 : 16777215;
2197 : 16777215;
2198 : 16777215;
2199 : 16777215;
2200 : 16777215;
2201 : 16777215;
2202 : 16777215;
2203 : 16777215;
2204 : 16777215;
2205 : 16777215;
2206 : 10724001;
2207 : 9206098;
2208 : 13414263;
2209 : 12954228;
2210 : 12954227;
2211 : 12954227;
2212 : 12888435;
2213 : 12888435;
2214 : 12888435;
2215 : 12954227;
2216 : 13151606;
2217 : 13217399;
2218 : 13217399;
2219 : 13217399;
2220 : 13217399;
2221 : 13151606;
2222 : 13217399;
2223 : 13151606;
2224 : 13151606;
2225 : 13151606;
2226 : 13217399;
2227 : 13217399;
2228 : 13217398;
2229 : 13151605;
2230 : 13151862;
2231 : 13611897;
2232 : 8548170;
2233 : 8684160;
2234 : 16777215;
2235 : 16777215;
2236 : 16777215;
2237 : 16185081;
2238 : 13685204;
2239 : 11579313;
2240 : 9144964;
2241 : 9143408;
2242 : 8813142;
2243 : 10061133;
2244 : 11704142;
2245 : 14136667;
2246 : 16043881;
2247 : 16768370;
2248 : 16769141;
2249 : 16768885;
2250 : 16768116;
2251 : 16241006;
2252 : 14794340;
2253 : 12690518;
2254 : 10257477;
2255 : 8416313;
2256 : 9928772;
2257 : 11638864;
2258 : 14268770;
2259 : 16635761;
2260 : 16767602;
2261 : 10652231;
2262 : 9210502;
2263 : 16316667;
2264 : 16777215;
2265 : 16777215;
2266 : 16777215;
2267 : 16777215;
2268 : 16777215;
2269 : 16777215;
2270 : 16777215;
2271 : 16777215;
2272 : 16777215;
2273 : 16777215;
2274 : 16777215;
2275 : 16777215;
2276 : 16777215;
2277 : 16777215;
2278 : 16777215;
2279 : 16777215;
2280 : 16777215;
2281 : 16777215;
2282 : 16777215;
2283 : 16777215;
2284 : 16777215;
2285 : 16777215;
2286 : 16777215;
2287 : 16777215;
2288 : 16777215;
2289 : 16777215;
2290 : 16777215;
2291 : 16777215;
2292 : 16777215;
2293 : 16777215;
2294 : 16777215;
2295 : 16777215;
2296 : 16777215;
2297 : 16777215;
2298 : 16777215;
2299 : 16777215;
2300 : 16777215;
2301 : 16777215;
2302 : 16777215;
2303 : 16777215;
2304 : 16777215;
2305 : 16777215;
2306 : 16777215;
2307 : 16777215;
2308 : 16777215;
2309 : 16777215;
2310 : 16777215;
2311 : 16777215;
2312 : 16777215;
2313 : 16777215;
2314 : 16777215;
2315 : 16777215;
2316 : 16777215;
2317 : 16777215;
2318 : 16777215;
2319 : 16777215;
2320 : 16777215;
2321 : 16777215;
2322 : 16777215;
2323 : 16777215;
2324 : 16777215;
2325 : 16777215;
2326 : 16777215;
2327 : 16777215;
2328 : 16777215;
2329 : 16777215;
2330 : 16777215;
2331 : 16777215;
2332 : 16777215;
2333 : 10461088;
2334 : 8351050;
2335 : 13282932;
2336 : 12954227;
2337 : 12888435;
2338 : 12954227;
2339 : 12954227;
2340 : 12954227;
2341 : 12888436;
2342 : 12888435;
2343 : 12888434;
2344 : 13085813;
2345 : 13151606;
2346 : 13217399;
2347 : 13151606;
2348 : 13217399;
2349 : 13151606;
2350 : 13217399;
2351 : 13151606;
2352 : 13217399;
2353 : 13217399;
2354 : 13348471;
2355 : 13348727;
2356 : 13414263;
2357 : 13414776;
2358 : 13743483;
2359 : 9337943;
2360 : 9145227;
2361 : 15527666;
2362 : 14014169;
2363 : 11645618;
2364 : 9933963;
2365 : 8353374;
2366 : 9009484;
2367 : 11704403;
2368 : 13873754;
2369 : 15977832;
2370 : 16768113;
2371 : 16770167;
2372 : 16769911;
2373 : 16701553;
2374 : 15189096;
2375 : 13347675;
2376 : 11243853;
2377 : 8285241;
2378 : 5720615;
2379 : 3156246;
2380 : 1183497;
2381 : 65537;
2382 : 0;
2383 : 6049322;
2384 : 15189609;
2385 : 16504176;
2386 : 16635762;
2387 : 16767858;
2388 : 10520647;
2389 : 9539985;
2390 : 16777215;
2391 : 16777215;
2392 : 16777215;
2393 : 16777215;
2394 : 16777215;
2395 : 16777215;
2396 : 16777215;
2397 : 16777215;
2398 : 16777215;
2399 : 16777215;
2400 : 16777215;
2401 : 16777215;
2402 : 16777215;
2403 : 16777215;
2404 : 16777215;
2405 : 16777215;
2406 : 16777215;
2407 : 16777215;
2408 : 16777215;
2409 : 16777215;
2410 : 16777215;
2411 : 16777215;
2412 : 16777215;
2413 : 16777215;
2414 : 16777215;
2415 : 16777215;
2416 : 16777215;
2417 : 16777215;
2418 : 16777215;
2419 : 16777215;
2420 : 16777215;
2421 : 16777215;
2422 : 16777215;
2423 : 16777215;
2424 : 16777215;
2425 : 16777215;
2426 : 16777215;
2427 : 16777215;
2428 : 16777215;
2429 : 16777215;
2430 : 16777215;
2431 : 16777215;
2432 : 16777215;
2433 : 16777215;
2434 : 16777215;
2435 : 16777215;
2436 : 16777215;
2437 : 16777215;
2438 : 16777215;
2439 : 16777215;
2440 : 16777215;
2441 : 16777215;
2442 : 16777215;
2443 : 16777215;
2444 : 16777215;
2445 : 16777215;
2446 : 16777215;
2447 : 16777215;
2448 : 16777215;
2449 : 16777215;
2450 : 16777215;
2451 : 16777215;
2452 : 16777215;
2453 : 16777215;
2454 : 16777215;
2455 : 16777215;
2456 : 16777215;
2457 : 16777215;
2458 : 16777215;
2459 : 16777215;
2460 : 12237757;
2461 : 7299398;
2462 : 13348726;
2463 : 13020020;
2464 : 13020020;
2465 : 13020019;
2466 : 12954227;
2467 : 13085813;
2468 : 13151350;
2469 : 12954228;
2470 : 12954227;
2471 : 13020020;
2472 : 13085813;
2473 : 13151606;
2474 : 13217399;
2475 : 13151606;
2476 : 13217142;
2477 : 13217399;
2478 : 13282935;
2479 : 13282935;
2480 : 13348727;
2481 : 13414519;
2482 : 13611641;
2483 : 13742970;
2484 : 13282935;
2485 : 12230766;
2486 : 6509882;
2487 : 3881527;
2488 : 8617846;
2489 : 8089941;
2490 : 10061911;
2491 : 12099936;
2492 : 14532980;
2493 : 16374407;
2494 : 16771216;
2495 : 16771206;
2496 : 16768372;
2497 : 15452266;
2498 : 12559190;
2499 : 9205568;
2500 : 6180907;
2501 : 3616536;
2502 : 1577995;
2503 : 262914;
2504 : 0;
2505 : 0;
2506 : 0;
2507 : 0;
2508 : 0;
2509 : 0;
2510 : 5720617;
2511 : 16241776;
2512 : 16767090;
2513 : 16635761;
2514 : 16635759;
2515 : 9995079;
2516 : 10131865;
2517 : 16777215;
2518 : 16777215;
2519 : 16777215;
2520 : 16777215;
2521 : 16777215;
2522 : 16777215;
2523 : 16777215;
2524 : 16777215;
2525 : 16777215;
2526 : 16777215;
2527 : 16777215;
2528 : 16777215;
2529 : 16777215;
2530 : 16777215;
2531 : 16777215;
2532 : 16777215;
2533 : 16777215;
2534 : 16777215;
2535 : 16777215;
2536 : 16777215;
2537 : 16777215;
2538 : 16777215;
2539 : 16777215;
2540 : 16777215;
2541 : 16777215;
2542 : 16777215;
2543 : 16777215;
2544 : 16777215;
2545 : 16777215;
2546 : 16777215;
2547 : 16777215;
2548 : 16777215;
2549 : 16777215;
2550 : 16777215;
2551 : 16777215;
2552 : 16777215;
2553 : 16777215;
2554 : 16777215;
2555 : 16777215;
2556 : 16777215;
2557 : 16777215;
2558 : 16777215;
2559 : 16777215;
2560 : 16777215;
2561 : 16777215;
2562 : 16777215;
2563 : 16777215;
2564 : 16777215;
2565 : 16777215;
2566 : 16777215;
2567 : 16777215;
2568 : 16777215;
2569 : 16777215;
2570 : 16777215;
2571 : 16777215;
2572 : 16777215;
2573 : 16777215;
2574 : 16777215;
2575 : 16777215;
2576 : 16777215;
2577 : 16777215;
2578 : 16777215;
2579 : 16777215;
2580 : 16777215;
2581 : 16777215;
2582 : 16777215;
2583 : 16777215;
2584 : 16777215;
2585 : 16777215;
2586 : 16777215;
2587 : 13487824;
2588 : 5261369;
2589 : 12888177;
2590 : 13348984;
2591 : 13151606;
2592 : 13151606;
2593 : 13282935;
2594 : 13480313;
2595 : 12230765;
2596 : 11704682;
2597 : 13283191;
2598 : 13085813;
2599 : 13151606;
2600 : 13151606;
2601 : 13217399;
2602 : 13217655;
2603 : 13282935;
2604 : 13348471;
2605 : 13414263;
2606 : 13348727;
2607 : 13546105;
2608 : 13546106;
2609 : 12559473;
2610 : 10521440;
2611 : 8482636;
2612 : 7496514;
2613 : 7496769;
2614 : 9206863;
2615 : 13086574;
2616 : 14927739;
2617 : 16440457;
2618 : 16770963;
2619 : 16771475;
2620 : 16769929;
2621 : 15913594;
2622 : 13085535;
2623 : 9271360;
2624 : 4734497;
2625 : 1709836;
2626 : 0;
2627 : 0;
2628 : 0;
2629 : 0;
2630 : 0;
2631 : 0;
2632 : 0;
2633 : 0;
2634 : 0;
2635 : 0;
2636 : 0;
2637 : 6246956;
2638 : 16110191;
2639 : 16701554;
2640 : 16701297;
2641 : 16044137;
2642 : 9140552;
2643 : 11382448;
2644 : 16777215;
2645 : 16777215;
2646 : 16777215;
2647 : 16777215;
2648 : 16777215;
2649 : 16777215;
2650 : 16777215;
2651 : 16777215;
2652 : 16777215;
2653 : 16777215;
2654 : 16777215;
2655 : 16777215;
2656 : 16777215;
2657 : 16777215;
2658 : 16777215;
2659 : 16777215;
2660 : 16777215;
2661 : 16777215;
2662 : 16777215;
2663 : 16777215;
2664 : 16777215;
2665 : 16777215;
2666 : 16777215;
2667 : 16777215;
2668 : 16777215;
2669 : 16777215;
2670 : 16777215;
2671 : 16777215;
2672 : 16777215;
2673 : 16777215;
2674 : 16777215;
2675 : 16777215;
2676 : 16777215;
2677 : 16777215;
2678 : 16777215;
2679 : 16777215;
2680 : 16777215;
2681 : 16777215;
2682 : 16777215;
2683 : 16777215;
2684 : 16777215;
2685 : 16777215;
2686 : 16777215;
2687 : 16777215;
2688 : 16777215;
2689 : 16777215;
2690 : 16777215;
2691 : 16777215;
2692 : 16777215;
2693 : 16777215;
2694 : 16777215;
2695 : 16777215;
2696 : 16777215;
2697 : 16777215;
2698 : 16777215;
2699 : 16777215;
2700 : 16777215;
2701 : 16777215;
2702 : 16777215;
2703 : 16777215;
2704 : 16777215;
2705 : 16777215;
2706 : 16777215;
2707 : 16777215;
2708 : 16777215;
2709 : 16777215;
2710 : 16777215;
2711 : 16777215;
2712 : 16777215;
2713 : 16777215;
2714 : 15198441;
2715 : 5262405;
2716 : 11310178;
2717 : 13480570;
2718 : 13151606;
2719 : 13283191;
2720 : 13546106;
2721 : 12428144;
2722 : 10850660;
2723 : 4932401;
2724 : 8811600;
2725 : 13677691;
2726 : 13217399;
2727 : 13217399;
2728 : 13217655;
2729 : 13348471;
2730 : 13414263;
2731 : 13348727;
2732 : 13282935;
2733 : 13414776;
2734 : 13480313;
2735 : 11375975;
2736 : 8680269;
2737 : 9601363;
2738 : 10982751;
2739 : 13350003;
2740 : 15520133;
2741 : 16572303;
2742 : 16770709;
2743 : 16770966;
2744 : 16703632;
2745 : 15322499;
2746 : 12823660;
2747 : 9732428;
2748 : 5983785;
2749 : 2433040;
2750 : 197121;
2751 : 0;
2752 : 0;
2753 : 0;
2754 : 0;
2755 : 0;
2756 : 0;
2757 : 0;
2758 : 0;
2759 : 0;
2760 : 0;
2761 : 0;
2762 : 0;
2763 : 65793;
2764 : 8087864;
2765 : 16438897;
2766 : 16569969;
2767 : 16701298;
2768 : 14991457;
2769 : 8418128;
2770 : 13027275;
2771 : 16777215;
2772 : 16777215;
2773 : 16777215;
2774 : 16777215;
2775 : 16777215;
2776 : 16777215;
2777 : 16777215;
2778 : 16777215;
2779 : 16777215;
2780 : 16777215;
2781 : 16777215;
2782 : 16777215;
2783 : 16777215;
2784 : 16777215;
2785 : 16777215;
2786 : 16777215;
2787 : 16777215;
2788 : 16777215;
2789 : 16777215;
2790 : 16777215;
2791 : 16777215;
2792 : 16777215;
2793 : 16777215;
2794 : 16777215;
2795 : 16777215;
2796 : 16777215;
2797 : 16777215;
2798 : 16777215;
2799 : 16777215;
2800 : 16777215;
2801 : 16777215;
2802 : 16777215;
2803 : 16777215;
2804 : 16777215;
2805 : 16777215;
2806 : 16777215;
2807 : 16777215;
2808 : 16777215;
2809 : 16777215;
2810 : 16777215;
2811 : 16777215;
2812 : 16777215;
2813 : 16777215;
2814 : 16777215;
2815 : 16777215;
2816 : 16777215;
2817 : 16777215;
2818 : 16777215;
2819 : 16777215;
2820 : 16777215;
2821 : 16777215;
2822 : 16777215;
2823 : 16777215;
2824 : 16777215;
2825 : 16777215;
2826 : 16777215;
2827 : 16777215;
2828 : 16777215;
2829 : 16777215;
2830 : 16777215;
2831 : 16777215;
2832 : 16777215;
2833 : 16777215;
2834 : 16777215;
2835 : 16777215;
2836 : 16777215;
2837 : 16777215;
2838 : 16777215;
2839 : 16777215;
2840 : 16777215;
2841 : 16514300;
2842 : 6249820;
2843 : 9665874;
2844 : 13677691;
2845 : 13151862;
2846 : 13546106;
2847 : 12691315;
2848 : 8285774;
2849 : 9273693;
2850 : 13285765;
2851 : 4669486;
2852 : 12362607;
2853 : 13414264;
2854 : 13348727;
2855 : 13348727;
2856 : 13348727;
2857 : 13282934;
2858 : 13282934;
2859 : 13283191;
2860 : 13611898;
2861 : 11639146;
2862 : 9337939;
2863 : 10916702;
2864 : 14402171;
2865 : 16572303;
2866 : 16769938;
2867 : 16770451;
2868 : 16769683;
2869 : 15980170;
2870 : 13546867;
2871 : 9141072;
2872 : 4866346;
2873 : 1906960;
2874 : 131330;
2875 : 0;
2876 : 0;
2877 : 0;
2878 : 0;
2879 : 0;
2880 : 0;
2881 : 0;
2882 : 0;
2883 : 0;
2884 : 256;
2885 : 262661;
2886 : 394247;
2887 : 262916;
2888 : 0;
2889 : 0;
2890 : 920583;
2891 : 10323528;
2892 : 16768116;
2893 : 16569712;
2894 : 16635505;
2895 : 14333788;
2896 : 7892564;
2897 : 14277599;
2898 : 16777215;
2899 : 16777215;
2900 : 16777215;
2901 : 16777215;
2902 : 16777215;
2903 : 16777215;
2904 : 16777215;
2905 : 16777215;
2906 : 16777215;
2907 : 16777215;
2908 : 16777215;
2909 : 16777215;
2910 : 16777215;
2911 : 16777215;
2912 : 16777215;
2913 : 16777215;
2914 : 16777215;
2915 : 16777215;
2916 : 16777215;
2917 : 16777215;
2918 : 16777215;
2919 : 16777215;
2920 : 16777215;
2921 : 16777215;
2922 : 16777215;
2923 : 16777215;
2924 : 16777215;
2925 : 16777215;
2926 : 16777215;
2927 : 16777215;
2928 : 16777215;
2929 : 16777215;
2930 : 16777215;
2931 : 16777215;
2932 : 16777215;
2933 : 16777215;
2934 : 16777215;
2935 : 16777215;
2936 : 16777215;
2937 : 16777215;
2938 : 16777215;
2939 : 16777215;
2940 : 16777215;
2941 : 16777215;
2942 : 16777215;
2943 : 16777215;
2944 : 16777215;
2945 : 16777215;
2946 : 16777215;
2947 : 16777215;
2948 : 16777215;
2949 : 16777215;
2950 : 16777215;
2951 : 16777215;
2952 : 16777215;
2953 : 16777215;
2954 : 16777215;
2955 : 16777215;
2956 : 16777215;
2957 : 16777215;
2958 : 16777215;
2959 : 16777215;
2960 : 16777215;
2961 : 16777215;
2962 : 16777215;
2963 : 16777215;
2964 : 16777215;
2965 : 16777215;
2966 : 16777215;
2967 : 16777215;
2968 : 16777215;
2969 : 9474450;
2970 : 7233086;
2971 : 13677691;
2972 : 13283191;
2973 : 13546106;
2974 : 10192477;
2975 : 7365186;
2976 : 12430714;
2977 : 16772001;
2978 : 8352334;
2979 : 9797720;
2980 : 13612154;
2981 : 13348727;
2982 : 13348727;
2983 : 13282935;
2984 : 13282679;
2985 : 13151606;
2986 : 13480313;
2987 : 12954229;
2988 : 8680014;
2989 : 8746315;
2990 : 14533756;
2991 : 16769424;
2992 : 16637840;
2993 : 16769682;
2994 : 15783048;
2995 : 11903078;
2996 : 6444856;
2997 : 3156507;
2998 : 460292;
2999 : 0;
3000 : 0;
3001 : 0;
3002 : 0;
3003 : 0;
3004 : 0;
3005 : 0;
3006 : 0;
3007 : 0;
3008 : 196867;
3009 : 590860;
3010 : 1181722;
3011 : 1969451;
3012 : 2428469;
3013 : 2100523;
3014 : 1051155;
3015 : 131587;
3016 : 0;
3017 : 2761748;
3018 : 12888153;
3019 : 16768629;
3020 : 16569968;
3021 : 16767859;
3022 : 13282133;
3023 : 8156515;
3024 : 14672100;
3025 : 16777215;
3026 : 16777215;
3027 : 16777215;
3028 : 16777215;
3029 : 16777215;
3030 : 16777215;
3031 : 16777215;
3032 : 16777215;
3033 : 16777215;
3034 : 16777215;
3035 : 16777215;
3036 : 16777215;
3037 : 16777215;
3038 : 16777215;
3039 : 16777215;
3040 : 16777215;
3041 : 16777215;
3042 : 16777215;
3043 : 16777215;
3044 : 16777215;
3045 : 16777215;
3046 : 16777215;
3047 : 16777215;
3048 : 16777215;
3049 : 16777215;
3050 : 16777215;
3051 : 16777215;
3052 : 16777215;
3053 : 16777215;
3054 : 16777215;
3055 : 16777215;
3056 : 16777215;
3057 : 16777215;
3058 : 16777215;
3059 : 16777215;
3060 : 16777215;
3061 : 16777215;
3062 : 16777215;
3063 : 16777215;
3064 : 16777215;
3065 : 16777215;
3066 : 16777215;
3067 : 16777215;
3068 : 16777215;
3069 : 16777215;
3070 : 16777215;
3071 : 16777215;
3072 : 16777215;
3073 : 16777215;
3074 : 16777215;
3075 : 16777215;
3076 : 16777215;
3077 : 16777215;
3078 : 16777215;
3079 : 16777215;
3080 : 16777215;
3081 : 16777215;
3082 : 16777215;
3083 : 16777215;
3084 : 16777215;
3085 : 16777215;
3086 : 16777215;
3087 : 16777215;
3088 : 16777215;
3089 : 16777215;
3090 : 16777215;
3091 : 16777215;
3092 : 16777215;
3093 : 16777215;
3094 : 16777215;
3095 : 16777215;
3096 : 12764102;
3097 : 5458229;
3098 : 13085555;
3099 : 13348983;
3100 : 12362608;
3101 : 8088134;
3102 : 9271619;
3103 : 15651458;
3104 : 16771727;
3105 : 11047507;
3106 : 7956807;
3107 : 13874813;
3108 : 13349240;
3109 : 13217399;
3110 : 13217399;
3111 : 13217399;
3112 : 13283191;
3113 : 13677691;
3114 : 11113060;
3115 : 6904636;
3116 : 12034918;
3117 : 16638095;
3118 : 16572303;
3119 : 16769937;
3120 : 14796672;
3121 : 8483401;
3122 : 2696215;
3123 : 0;
3124 : 0;
3125 : 0;
3126 : 0;
3127 : 0;
3128 : 0;
3129 : 0;
3130 : 256;
3131 : 328455;
3132 : 853523;
3133 : 1509921;
3134 : 2035245;
3135 : 2494519;
3136 : 3019843;
3137 : 3479374;
3138 : 3544654;
3139 : 2757180;
3140 : 1378846;
3141 : 459785;
3142 : 0;
3143 : 0;
3144 : 4800290;
3145 : 15123560;
3146 : 16768116;
3147 : 16569712;
3148 : 16767858;
3149 : 11835726;
3150 : 9012860;
3151 : 15922166;
3152 : 16777215;
3153 : 16777215;
3154 : 16777215;
3155 : 16777215;
3156 : 16777215;
3157 : 16777215;
3158 : 16777215;
3159 : 16777215;
3160 : 16777215;
3161 : 16777215;
3162 : 16777215;
3163 : 16777215;
3164 : 16777215;
3165 : 16777215;
3166 : 16777215;
3167 : 16777215;
3168 : 16777215;
3169 : 16777215;
3170 : 16777215;
3171 : 16777215;
3172 : 16777215;
3173 : 16777215;
3174 : 16777215;
3175 : 16777215;
3176 : 16777215;
3177 : 16777215;
3178 : 16777215;
3179 : 16777215;
3180 : 16777215;
3181 : 16777215;
3182 : 16777215;
3183 : 16777215;
3184 : 16777215;
3185 : 16777215;
3186 : 16777215;
3187 : 16777215;
3188 : 16777215;
3189 : 16777215;
3190 : 16777215;
3191 : 16777215;
3192 : 16777215;
3193 : 16777215;
3194 : 16777215;
3195 : 16777215;
3196 : 16777215;
3197 : 16777215;
3198 : 16777215;
3199 : 16777215;
3200 : 16777215;
3201 : 16777215;
3202 : 16777215;
3203 : 16777215;
3204 : 16777215;
3205 : 16777215;
3206 : 16777215;
3207 : 16777215;
3208 : 16777215;
3209 : 16777215;
3210 : 16777215;
3211 : 16777215;
3212 : 16777215;
3213 : 16777215;
3214 : 16777215;
3215 : 16777215;
3216 : 16777215;
3217 : 16777215;
3218 : 16777215;
3219 : 16777215;
3220 : 16777215;
3221 : 16777215;
3222 : 16777215;
3223 : 15066855;
3224 : 4999230;
3225 : 11901544;
3226 : 13414264;
3227 : 10126684;
3228 : 7430459;
3229 : 13150809;
3230 : 16635762;
3231 : 16636021;
3232 : 13479772;
3233 : 6444088;
3234 : 13020023;
3235 : 12428144;
3236 : 11770730;
3237 : 13283192;
3238 : 13217399;
3239 : 13414777;
3240 : 13282936;
3241 : 8811600;
3242 : 7891523;
3243 : 14994048;
3244 : 16770194;
3245 : 16769679;
3246 : 16243079;
3247 : 9798481;
3248 : 1906960;
3249 : 0;
3250 : 0;
3251 : 0;
3252 : 0;
3253 : 0;
3254 : 0;
3255 : 262661;
3256 : 919315;
3257 : 1772582;
3258 : 2560313;
3259 : 3150919;
3260 : 3544910;
3261 : 3610706;
3262 : 3676243;
3263 : 3676243;
3264 : 3413323;
3265 : 2428980;
3266 : 1050901;
3267 : 131587;
3268 : 0;
3269 : 0;
3270 : 65793;
3271 : 7759158;
3272 : 16043886;
3273 : 16635504;
3274 : 16569969;
3275 : 16767601;
3276 : 10586440;
3277 : 9934484;
3278 : 16514303;
3279 : 16777215;
3280 : 16777215;
3281 : 16777215;
3282 : 16777215;
3283 : 16777215;
3284 : 16777215;
3285 : 16777215;
3286 : 16777215;
3287 : 16777215;
3288 : 16777215;
3289 : 16777215;
3290 : 16777215;
3291 : 16777215;
3292 : 16777215;
3293 : 16777215;
3294 : 16777215;
3295 : 16777215;
3296 : 16777215;
3297 : 16777215;
3298 : 16777215;
3299 : 16777215;
3300 : 16777215;
3301 : 16777215;
3302 : 16777215;
3303 : 16777215;
3304 : 16777215;
3305 : 16777215;
3306 : 16777215;
3307 : 16777215;
3308 : 16777215;
3309 : 16777215;
3310 : 16777215;
3311 : 16777215;
3312 : 16777215;
3313 : 16777215;
3314 : 16777215;
3315 : 16777215;
3316 : 16777215;
3317 : 16777215;
3318 : 16777215;
3319 : 16777215;
3320 : 16777215;
3321 : 16777215;
3322 : 16777215;
3323 : 16777215;
3324 : 16777215;
3325 : 16777215;
3326 : 16777215;
3327 : 16777215;
3328 : 16777215;
3329 : 16777215;
3330 : 16777215;
3331 : 16777215;
3332 : 16777215;
3333 : 16777215;
3334 : 16777215;
3335 : 16777215;
3336 : 16777215;
3337 : 16777215;
3338 : 16777215;
3339 : 16777215;
3340 : 16777215;
3341 : 16777215;
3342 : 16777215;
3343 : 16777215;
3344 : 16777215;
3345 : 16777215;
3346 : 16777215;
3347 : 16777215;
3348 : 16777215;
3349 : 16777215;
3350 : 16645886;
3351 : 6973543;
3352 : 10126167;
3353 : 12427889;
3354 : 7298879;
3355 : 9994822;
3356 : 15649385;
3357 : 16504178;
3358 : 16175472;
3359 : 16044142;
3360 : 5391911;
3361 : 6773051;
3362 : 9666124;
3363 : 4208417;
3364 : 9008722;
3365 : 13546106;
3366 : 13611898;
3367 : 12099438;
3368 : 6839102;
3369 : 10654045;
3370 : 16572816;
3371 : 16769936;
3372 : 16505732;
3373 : 12099420;
3374 : 4142879;
3375 : 0;
3376 : 0;
3377 : 0;
3378 : 0;
3379 : 0;
3380 : 197123;
3381 : 1050390;
3382 : 2166319;
3383 : 3019587;
3384 : 3544655;
3385 : 3676242;
3386 : 3676242;
3387 : 3610449;
3388 : 3544912;
3389 : 3544912;
3390 : 3478862;
3391 : 2822206;
3392 : 1379100;
3393 : 328709;
3394 : 256;
3395 : 0;
3396 : 0;
3397 : 1578252;
3398 : 10849354;
3399 : 16635505;
3400 : 16306800;
3401 : 16504176;
3402 : 16372845;
3403 : 9995083;
3404 : 10987431;
3405 : 16777215;
3406 : 16777215;
3407 : 16777215;
3408 : 16777215;
3409 : 16777215;
3410 : 16777215;
3411 : 16777215;
3412 : 16777215;
3413 : 16777215;
3414 : 16777215;
3415 : 16777215;
3416 : 16777215;
3417 : 16777215;
3418 : 16777215;
3419 : 16777215;
3420 : 16777215;
3421 : 16777215;
3422 : 16777215;
3423 : 16777215;
3424 : 16777215;
3425 : 16777215;
3426 : 16777215;
3427 : 16777215;
3428 : 16777215;
3429 : 16777215;
3430 : 16777215;
3431 : 16777215;
3432 : 16777215;
3433 : 16777215;
3434 : 16777215;
3435 : 16777215;
3436 : 16777215;
3437 : 16777215;
3438 : 16777215;
3439 : 16777215;
3440 : 16777215;
3441 : 16777215;
3442 : 16777215;
3443 : 16777215;
3444 : 16777215;
3445 : 16777215;
3446 : 16777215;
3447 : 16777215;
3448 : 16777215;
3449 : 16777215;
3450 : 16777215;
3451 : 16777215;
3452 : 16777215;
3453 : 16777215;
3454 : 16777215;
3455 : 16777215;
3456 : 16777215;
3457 : 16777215;
3458 : 16777215;
3459 : 16777215;
3460 : 16777215;
3461 : 16777215;
3462 : 16777215;
3463 : 16777215;
3464 : 16777215;
3465 : 16777215;
3466 : 16777215;
3467 : 16777215;
3468 : 16777215;
3469 : 16777215;
3470 : 16777215;
3471 : 16777215;
3472 : 16777215;
3473 : 16777215;
3474 : 16777215;
3475 : 16777215;
3476 : 16777215;
3477 : 16777215;
3478 : 11316653;
3479 : 7627587;
3480 : 10586976;
3481 : 8022334;
3482 : 13545821;
3483 : 16768372;
3484 : 16569969;
3485 : 16306543;
3486 : 16569712;
3487 : 12624983;
3488 : 10455112;
3489 : 15190633;
3490 : 10126405;
3491 : 7364930;
3492 : 13677691;
3493 : 13677691;
3494 : 9863770;
3495 : 6773308;
3496 : 13613431;
3497 : 16770449;
3498 : 16769413;
3499 : 13545827;
3500 : 5326117;
3501 : 131329;
3502 : 0;
3503 : 0;
3504 : 0;
3505 : 0;
3506 : 525323;
3507 : 1772325;
3508 : 2954049;
3509 : 3544912;
3510 : 3676243;
3511 : 3610450;
3512 : 3544912;
3513 : 3544912;
3514 : 3544912;
3515 : 3544912;
3516 : 3544912;
3517 : 3544913;
3518 : 3085125;
3519 : 1641249;
3520 : 591370;
3521 : 591371;
3522 : 394248;
3523 : 0;
3524 : 3484952;
3525 : 13742685;
3526 : 16767603;
3527 : 16438127;
3528 : 16767603;
3529 : 14926434;
3530 : 8681039;
3531 : 12369343;
3532 : 16777215;
3533 : 16777215;
3534 : 16777215;
3535 : 16777215;
3536 : 16777215;
3537 : 16777215;
3538 : 16777215;
3539 : 16777215;
3540 : 16777215;
3541 : 16777215;
3542 : 16777215;
3543 : 16777215;
3544 : 16777215;
3545 : 16777215;
3546 : 16777215;
3547 : 16777215;
3548 : 16777215;
3549 : 16777215;
3550 : 16777215;
3551 : 16777215;
3552 : 16777215;
3553 : 16777215;
3554 : 16777215;
3555 : 16777215;
3556 : 16777215;
3557 : 16777215;
3558 : 16777215;
3559 : 16777215;
3560 : 16777215;
3561 : 16777215;
3562 : 16777215;
3563 : 16777215;
3564 : 16777215;
3565 : 16777215;
3566 : 16777215;
3567 : 16777215;
3568 : 16777215;
3569 : 16777215;
3570 : 16777215;
3571 : 16777215;
3572 : 16777215;
3573 : 16777215;
3574 : 16777215;
3575 : 16777215;
3576 : 16777215;
3577 : 16777215;
3578 : 16777215;
3579 : 16777215;
3580 : 16777215;
3581 : 16777215;
3582 : 16777215;
3583 : 16777215;
3584 : 16777215;
3585 : 16777215;
3586 : 16777215;
3587 : 16777215;
3588 : 16777215;
3589 : 16777215;
3590 : 16777215;
3591 : 16777215;
3592 : 16777215;
3593 : 16777215;
3594 : 16777215;
3595 : 16777215;
3596 : 16777215;
3597 : 16777215;
3598 : 16777215;
3599 : 16777215;
3600 : 16777215;
3601 : 16777215;
3602 : 16777215;
3603 : 16777215;
3604 : 16777215;
3605 : 16119286;
3606 : 5656904;
3607 : 7956292;
3608 : 9929030;
3609 : 16241519;
3610 : 16767605;
3611 : 16504177;
3612 : 16504176;
3613 : 16504176;
3614 : 16504175;
3615 : 16241263;
3616 : 16438897;
3617 : 11112524;
3618 : 6838847;
3619 : 11770475;
3620 : 11836266;
3621 : 7562053;
3622 : 7759421;
3623 : 15651456;
3624 : 16769413;
3625 : 15781489;
3626 : 8942398;
3627 : 986375;
3628 : 0;
3629 : 0;
3630 : 0;
3631 : 0;
3632 : 853522;
3633 : 2363187;
3634 : 3348043;
3635 : 3676242;
3636 : 3610450;
3637 : 3544912;
3638 : 3544912;
3639 : 3544912;
3640 : 3544912;
3641 : 3544912;
3642 : 3544912;
3643 : 3544912;
3644 : 3544912;
3645 : 3150406;
3646 : 2297394;
3647 : 2166317;
3648 : 1903656;
3649 : 656656;
3650 : 0;
3651 : 6115115;
3652 : 15518058;
3653 : 16767602;
3654 : 16504176;
3655 : 16768116;
3656 : 13874526;
3657 : 8024927;
3658 : 14540515;
3659 : 16777215;
3660 : 16777215;
3661 : 16777215;
3662 : 16777215;
3663 : 16777215;
3664 : 16777215;
3665 : 16777215;
3666 : 16777215;
3667 : 16777215;
3668 : 16777215;
3669 : 16777215;
3670 : 16777215;
3671 : 16777215;
3672 : 16777215;
3673 : 16777215;
3674 : 16777215;
3675 : 16777215;
3676 : 16777215;
3677 : 16777215;
3678 : 16777215;
3679 : 16777215;
3680 : 16777215;
3681 : 16777215;
3682 : 16777215;
3683 : 16777215;
3684 : 16777215;
3685 : 16777215;
3686 : 16777215;
3687 : 16777215;
3688 : 16777215;
3689 : 16777215;
3690 : 16777215;
3691 : 16777215;
3692 : 16777215;
3693 : 16777215;
3694 : 16777215;
3695 : 16777215;
3696 : 16777215;
3697 : 16777215;
3698 : 16777215;
3699 : 16777215;
3700 : 16777215;
3701 : 16777215;
3702 : 16777215;
3703 : 16777215;
3704 : 16777215;
3705 : 16777215;
3706 : 16777215;
3707 : 16777215;
3708 : 16777215;
3709 : 16777215;
3710 : 16777215;
3711 : 16777215;
3712 : 16777215;
3713 : 16777215;
3714 : 16777215;
3715 : 16777215;
3716 : 16777215;
3717 : 16777215;
3718 : 16777215;
3719 : 16777215;
3720 : 16777215;
3721 : 16777215;
3722 : 16777215;
3723 : 16777215;
3724 : 16777215;
3725 : 16777215;
3726 : 16777215;
3727 : 16777215;
3728 : 16777215;
3729 : 16448509;
3730 : 15724786;
3731 : 14869476;
3732 : 14408926;
3733 : 8355972;
3734 : 4011037;
3735 : 13743201;
3736 : 16768115;
3737 : 16569969;
3738 : 16504177;
3739 : 16504177;
3740 : 16504176;
3741 : 16504176;
3742 : 16504176;
3743 : 16636018;
3744 : 13480030;
3745 : 9403203;
3746 : 10389580;
3747 : 9008705;
3748 : 3550747;
3749 : 9994822;
3750 : 16504436;
3751 : 16767861;
3752 : 13479259;
3753 : 3813658;
3754 : 0;
3755 : 0;
3756 : 0;
3757 : 0;
3758 : 591116;
3759 : 2297649;
3760 : 3479118;
3761 : 3676243;
3762 : 3610449;
3763 : 3544912;
3764 : 3544912;
3765 : 3544912;
3766 : 3544912;
3767 : 3544912;
3768 : 3544912;
3769 : 3544912;
3770 : 3544912;
3771 : 3479120;
3772 : 3413325;
3773 : 3413068;
3774 : 3085124;
3775 : 1772327;
3776 : 5;
3777 : 1052167;
3778 : 9337408;
3779 : 16438384;
3780 : 16569968;
3781 : 16504176;
3782 : 16570225;
3783 : 13479773;
3784 : 4339742;
3785 : 8552833;
3786 : 14671838;
3787 : 15593199;
3788 : 16053752;
3789 : 16777215;
3790 : 16777215;
3791 : 16777215;
3792 : 16777215;
3793 : 16777215;
3794 : 16777215;
3795 : 16777215;
3796 : 16777215;
3797 : 16777215;
3798 : 16777215;
3799 : 16777215;
3800 : 16777215;
3801 : 16777215;
3802 : 16777215;
3803 : 16777215;
3804 : 16777215;
3805 : 16777215;
3806 : 16777215;
3807 : 16777215;
3808 : 16777215;
3809 : 16777215;
3810 : 16777215;
3811 : 16777215;
3812 : 16777215;
3813 : 16777215;
3814 : 16777215;
3815 : 16777215;
3816 : 16777215;
3817 : 16777215;
3818 : 16777215;
3819 : 16777215;
3820 : 16777215;
3821 : 16777215;
3822 : 16777215;
3823 : 16777215;
3824 : 16777215;
3825 : 16777215;
3826 : 16777215;
3827 : 16777215;
3828 : 16777215;
3829 : 16777215;
3830 : 16777215;
3831 : 16777215;
3832 : 16777215;
3833 : 16777215;
3834 : 16777215;
3835 : 16777215;
3836 : 16777215;
3837 : 16777215;
3838 : 16777215;
3839 : 16777215;
3840 : 16777215;
3841 : 16777215;
3842 : 16777215;
3843 : 16777215;
3844 : 16777215;
3845 : 16777215;
3846 : 16777215;
3847 : 16777215;
3848 : 16777215;
3849 : 16777215;
3850 : 16777215;
3851 : 16777215;
3852 : 16777215;
3853 : 16777215;
3854 : 14737890;
3855 : 12500409;
3856 : 10854807;
3857 : 10787716;
3858 : 12036740;
3859 : 12627838;
3860 : 11377772;
3861 : 8746055;
3862 : 15781487;
3863 : 16767602;
3864 : 16504176;
3865 : 16504176;
3866 : 16504176;
3867 : 16504176;
3868 : 16504176;
3869 : 16504176;
3870 : 16504176;
3871 : 16504176;
3872 : 16504176;
3873 : 16768373;
3874 : 15649386;
3875 : 6706734;
3876 : 11966802;
3877 : 16767348;
3878 : 16767347;
3879 : 11835729;
3880 : 1380874;
3881 : 0;
3882 : 0;
3883 : 0;
3884 : 197124;
3885 : 1707046;
3886 : 3282249;
3887 : 3676243;
3888 : 3544913;
3889 : 3544912;
3890 : 3544912;
3891 : 3544912;
3892 : 3544912;
3893 : 3544912;
3894 : 3544912;
3895 : 3544912;
3896 : 3544912;
3897 : 3544912;
3898 : 3610449;
3899 : 3676243;
3900 : 3348043;
3901 : 1969452;
3902 : 65543;
3903 : 0;
3904 : 5457702;
3905 : 13479772;
3906 : 16767346;
3907 : 16241006;
3908 : 16241005;
3909 : 16569712;
3910 : 16175470;
3911 : 12822104;
3912 : 14991975;
3913 : 14005597;
3914 : 14137701;
3915 : 14006639;
3916 : 10390875;
3917 : 6447454;
3918 : 14211288;
3919 : 16777215;
3920 : 16777215;
3921 : 16777215;
3922 : 16777215;
3923 : 16777215;
3924 : 16777215;
3925 : 16777215;
3926 : 16777215;
3927 : 16777215;
3928 : 16777215;
3929 : 16777215;
3930 : 16777215;
3931 : 16777215;
3932 : 16777215;
3933 : 16777215;
3934 : 16777215;
3935 : 16777215;
3936 : 16777215;
3937 : 16777215;
3938 : 16777215;
3939 : 16777215;
3940 : 16777215;
3941 : 16777215;
3942 : 16777215;
3943 : 16777215;
3944 : 16777215;
3945 : 16777215;
3946 : 16777215;
3947 : 16777215;
3948 : 16777215;
3949 : 16777215;
3950 : 16777215;
3951 : 16777215;
3952 : 16777215;
3953 : 16777215;
3954 : 16777215;
3955 : 16777215;
3956 : 16777215;
3957 : 16777215;
3958 : 16777215;
3959 : 16777215;
3960 : 16777215;
3961 : 16777215;
3962 : 16777215;
3963 : 16777215;
3964 : 16777215;
3965 : 16777215;
3966 : 16777215;
3967 : 16777215;
3968 : 16777215;
3969 : 16777215;
3970 : 16777215;
3971 : 16777215;
3972 : 16777215;
3973 : 16777215;
3974 : 16777215;
3975 : 16777215;
3976 : 16777215;
3977 : 16777215;
3978 : 16777215;
3979 : 16777215;
3980 : 14935014;
3981 : 8552313;
3982 : 11378808;
3983 : 14272140;
3984 : 15455638;
3985 : 16507808;
3986 : 16770980;
3987 : 16771494;
3988 : 16770974;
3989 : 16769937;
3990 : 16438903;
3991 : 16372590;
3992 : 16504176;
3993 : 16504176;
3994 : 16504176;
3995 : 16504176;
3996 : 16504176;
3997 : 16504176;
3998 : 16504176;
3999 : 16438384;
4000 : 16504176;
4001 : 14860132;
4002 : 8087608;
4003 : 12887641;
4004 : 16766836;
4005 : 16767603;
4006 : 12164435;
4007 : 1052168;
4008 : 0;
4009 : 0;
4010 : 0;
4011 : 656905;
4012 : 2625850;
4013 : 3610450;
4014 : 3610449;
4015 : 3544912;
4016 : 3544912;
4017 : 3544912;
4018 : 3544912;
4019 : 3544912;
4020 : 3544912;
4021 : 3544912;
4022 : 3544912;
4023 : 3544912;
4024 : 3610449;
4025 : 3676243;
4026 : 3216713;
4027 : 1903660;
4028 : 262155;
4029 : 0;
4030 : 3813914;
4031 : 11835729;
4032 : 16438384;
4033 : 16569712;
4034 : 16175213;
4035 : 16372592;
4036 : 16438384;
4037 : 16504176;
4038 : 16635761;
4039 : 16768629;
4040 : 16768628;
4041 : 16241002;
4042 : 13084498;
4043 : 9206084;
4044 : 8617063;
4045 : 12303290;
4046 : 16448250;
4047 : 16777215;
4048 : 16777215;
4049 : 16777215;
4050 : 16777215;
4051 : 16777215;
4052 : 16777215;
4053 : 16777215;
4054 : 16777215;
4055 : 16777215;
4056 : 16777215;
4057 : 16777215;
4058 : 16777215;
4059 : 16777215;
4060 : 16777215;
4061 : 16777215;
4062 : 16777215;
4063 : 16777215;
4064 : 16777215;
4065 : 16777215;
4066 : 16777215;
4067 : 16777215;
4068 : 16777215;
4069 : 16777215;
4070 : 16777215;
4071 : 16777215;
4072 : 16777215;
4073 : 16777215;
4074 : 16777215;
4075 : 16777215;
4076 : 16777215;
4077 : 16777215;
4078 : 16777215;
4079 : 16777215;
4080 : 16777215;
4081 : 16777215;
4082 : 16777215;
4083 : 16777215;
4084 : 16777215;
4085 : 16777215;
4086 : 16777215;
4087 : 16777215;
4088 : 16777215;
4089 : 16777215;
4090 : 16777215;
4091 : 16777215;
4092 : 16777215;
4093 : 16777215;
4094 : 16777215;
4095 : 16777215;
4096 : 16777215;
4097 : 16777215;
4098 : 16777215;
4099 : 16777215;
4100 : 16777215;
4101 : 16777215;
4102 : 16777215;
4103 : 16777215;
4104 : 16777215;
4105 : 16777215;
4106 : 16777215;
4107 : 14606305;
4108 : 7828066;
4109 : 13548418;
4110 : 16771751;
4111 : 16770982;
4112 : 16704933;
4113 : 16573604;
4114 : 16573604;
4115 : 16573605;
4116 : 16507549;
4117 : 16309128;
4118 : 16175730;
4119 : 16175213;
4120 : 16306798;
4121 : 16438383;
4122 : 16504176;
4123 : 16504177;
4124 : 16504176;
4125 : 16504176;
4126 : 16438384;
4127 : 16438384;
4128 : 14531427;
4129 : 8350778;
4130 : 14202721;
4131 : 16767091;
4132 : 16767091;
4133 : 10652233;
4134 : 657669;
4135 : 0;
4136 : 2498578;
4137 : 7035697;
4138 : 6641195;
4139 : 2758448;
4140 : 3610451;
4141 : 3544912;
4142 : 3544912;
4143 : 3544912;
4144 : 3544912;
4145 : 3544912;
4146 : 3544912;
4147 : 3544912;
4148 : 3610449;
4149 : 3610450;
4150 : 3544658;
4151 : 3281743;
4152 : 2624834;
4153 : 1180708;
4154 : 131080;
4155 : 460546;
4156 : 2827796;
4157 : 9008447;
4158 : 15780973;
4159 : 16767091;
4160 : 16241007;
4161 : 16175213;
4162 : 16372591;
4163 : 16701554;
4164 : 16767859;
4165 : 16767345;
4166 : 15517798;
4167 : 12887893;
4168 : 9732427;
4169 : 8353374;
4170 : 10197655;
4171 : 13948634;
4172 : 16777215;
4173 : 16777215;
4174 : 16777215;
4175 : 16777215;
4176 : 16777215;
4177 : 16777215;
4178 : 16777215;
4179 : 16777215;
4180 : 16777215;
4181 : 16777215;
4182 : 16777215;
4183 : 16777215;
4184 : 16777215;
4185 : 16777215;
4186 : 16777215;
4187 : 16777215;
4188 : 16777215;
4189 : 16777215;
4190 : 16777215;
4191 : 16777215;
4192 : 16777215;
4193 : 16777215;
4194 : 16777215;
4195 : 16777215;
4196 : 16777215;
4197 : 16777215;
4198 : 16777215;
4199 : 16777215;
4200 : 16777215;
4201 : 16777215;
4202 : 16777215;
4203 : 16777215;
4204 : 16777215;
4205 : 16777215;
4206 : 16777215;
4207 : 16777215;
4208 : 16777215;
4209 : 16777215;
4210 : 16777215;
4211 : 16777215;
4212 : 16777215;
4213 : 16777215;
4214 : 16777215;
4215 : 16777215;
4216 : 16777215;
4217 : 16777215;
4218 : 16777215;
4219 : 16777215;
4220 : 16777215;
4221 : 16777215;
4222 : 16777215;
4223 : 16777215;
4224 : 16777215;
4225 : 16777215;
4226 : 16777215;
4227 : 16777215;
4228 : 16777215;
4229 : 16777215;
4230 : 16777215;
4231 : 16777215;
4232 : 16777215;
4233 : 16777215;
4234 : 15264235;
4235 : 7367518;
4236 : 14731917;
4237 : 16771752;
4238 : 16573604;
4239 : 16507811;
4240 : 16573604;
4241 : 16573604;
4242 : 16573604;
4243 : 16573343;
4244 : 16572304;
4245 : 16373368;
4246 : 16109678;
4247 : 16175214;
4248 : 16175214;
4249 : 16241006;
4250 : 16241007;
4251 : 16372592;
4252 : 16438383;
4253 : 16504176;
4254 : 16504176;
4255 : 16241263;
4256 : 9929029;
4257 : 14860390;
4258 : 16767603;
4259 : 16241263;
4260 : 7693366;
4261 : 1249546;
4262 : 5983786;
4263 : 12098643;
4264 : 15254631;
4265 : 11112522;
4266 : 2366233;
4267 : 3084873;
4268 : 3610705;
4269 : 3544913;
4270 : 3610450;
4271 : 3610450;
4272 : 3544658;
4273 : 3478865;
4274 : 3215951;
4275 : 2887499;
4276 : 2624837;
4277 : 2428220;
4278 : 2561074;
4279 : 3811884;
4280 : 4996646;
4281 : 7956533;
4282 : 11441229;
4283 : 13742685;
4284 : 15780971;
4285 : 16701554;
4286 : 16307057;
4287 : 16438385;
4288 : 16701041;
4289 : 16438126;
4290 : 15583333;
4291 : 14202459;
4292 : 11901776;
4293 : 9469776;
4294 : 7893601;
4295 : 10921380;
4296 : 14014170;
4297 : 16382717;
4298 : 16777215;
4299 : 16777215;
4300 : 16777215;
4301 : 16777215;
4302 : 16777215;
4303 : 16777215;
4304 : 16777215;
4305 : 16777215;
4306 : 16777215;
4307 : 16777215;
4308 : 16777215;
4309 : 16777215;
4310 : 16777215;
4311 : 16777215;
4312 : 16777215;
4313 : 16777215;
4314 : 16777215;
4315 : 16777215;
4316 : 16777215;
4317 : 16777215;
4318 : 16777215;
4319 : 16777215;
4320 : 16777215;
4321 : 16777215;
4322 : 16777215;
4323 : 16777215;
4324 : 16777215;
4325 : 16777215;
4326 : 16777215;
4327 : 16777215;
4328 : 16777215;
4329 : 16777215;
4330 : 16777215;
4331 : 16777215;
4332 : 16777215;
4333 : 16777215;
4334 : 16777215;
4335 : 16777215;
4336 : 16777215;
4337 : 16777215;
4338 : 16777215;
4339 : 16777215;
4340 : 16777215;
4341 : 16777215;
4342 : 16777215;
4343 : 16777215;
4344 : 16777215;
4345 : 16777215;
4346 : 16777215;
4347 : 16777215;
4348 : 16777215;
4349 : 16777215;
4350 : 16777215;
4351 : 16777215;
4352 : 16777215;
4353 : 16777215;
4354 : 16777215;
4355 : 16777215;
4356 : 16777215;
4357 : 16777215;
4358 : 16777215;
4359 : 16777215;
4360 : 16777215;
4361 : 16251129;
4362 : 7170916;
4363 : 13416059;
4364 : 16771239;
4365 : 16507811;
4366 : 16573604;
4367 : 16573604;
4368 : 16573604;
4369 : 16573345;
4370 : 16572825;
4371 : 16506510;
4372 : 16505213;
4373 : 16372592;
4374 : 16175213;
4375 : 16175215;
4376 : 16175215;
4377 : 16175215;
4378 : 16175214;
4379 : 16241006;
4380 : 16438383;
4381 : 16504176;
4382 : 16504176;
4383 : 16372591;
4384 : 16307055;
4385 : 16767346;
4386 : 15518571;
4387 : 9205825;
4388 : 8482620;
4389 : 14334819;
4390 : 16504176;
4391 : 15123046;
4392 : 7956278;
4393 : 328707;
4394 : 1903152;
4395 : 3478611;
4396 : 3018829;
4397 : 2756168;
4398 : 2493506;
4399 : 2559548;
4400 : 2823479;
4401 : 3481907;
4402 : 4732466;
4403 : 6837305;
4404 : 9270853;
4405 : 11507023;
4406 : 13808733;
4407 : 15912554;
4408 : 16701297;
4409 : 16767860;
4410 : 16767860;
4411 : 16767346;
4412 : 16767088;
4413 : 16306796;
4414 : 14991971;
4415 : 13018964;
4416 : 10586442;
4417 : 8943952;
4418 : 8616807;
4419 : 10197136;
4420 : 12171707;
4421 : 14935529;
4422 : 16711679;
4423 : 16777215;
4424 : 16777215;
4425 : 16777215;
4426 : 16777215;
4427 : 16777215;
4428 : 16777215;
4429 : 16777215;
4430 : 16777215;
4431 : 16777215;
4432 : 16777215;
4433 : 16777215;
4434 : 16777215;
4435 : 16777215;
4436 : 16777215;
4437 : 16777215;
4438 : 16777215;
4439 : 16777215;
4440 : 16777215;
4441 : 16777215;
4442 : 16777215;
4443 : 16777215;
4444 : 16777215;
4445 : 16777215;
4446 : 16777215;
4447 : 16777215;
4448 : 16777215;
4449 : 16777215;
4450 : 16777215;
4451 : 16777215;
4452 : 16777215;
4453 : 16777215;
4454 : 16777215;
4455 : 16777215;
4456 : 16777215;
4457 : 16777215;
4458 : 16777215;
4459 : 16777215;
4460 : 16777215;
4461 : 16777215;
4462 : 16777215;
4463 : 16777215;
4464 : 16777215;
4465 : 16777215;
4466 : 16777215;
4467 : 16777215;
4468 : 16777215;
4469 : 16777215;
4470 : 16777215;
4471 : 16777215;
4472 : 16777215;
4473 : 16777215;
4474 : 16777215;
4475 : 16777215;
4476 : 16777215;
4477 : 16777215;
4478 : 16777215;
4479 : 16777215;
4480 : 16777215;
4481 : 16777215;
4482 : 16777215;
4483 : 16777215;
4484 : 16777215;
4485 : 16777215;
4486 : 16777215;
4487 : 16777215;
4488 : 16777215;
4489 : 9737366;
4490 : 10324306;
4491 : 16770456;
4492 : 16310428;
4493 : 16442015;
4494 : 16507807;
4495 : 16507549;
4496 : 16572823;
4497 : 16572045;
4498 : 16505474;
4499 : 16504696;
4500 : 16504177;
4501 : 16372592;
4502 : 16175213;
4503 : 16175215;
4504 : 16241006;
4505 : 16306799;
4506 : 16372591;
4507 : 16438384;
4508 : 16504176;
4509 : 16504176;
4510 : 16504176;
4511 : 16504176;
4512 : 16569968;
4513 : 16570226;
4514 : 14926182;
4515 : 14794854;
4516 : 16636018;
4517 : 14860132;
4518 : 10388805;
4519 : 3550744;
4520 : 0;
4521 : 591116;
4522 : 2495788;
4523 : 3745840;
4524 : 5784885;
4525 : 7757884;
4526 : 9336642;
4527 : 11769936;
4528 : 13611355;
4529 : 15057765;
4530 : 16373102;
4531 : 16768114;
4532 : 16768884;
4533 : 16768885;
4534 : 16768629;
4535 : 16768115;
4536 : 16767344;
4537 : 16306539;
4538 : 15320163;
4539 : 13084756;
4540 : 10126407;
4541 : 8483920;
4542 : 8946291;
4543 : 10592413;
4544 : 13093068;
4545 : 15330030;
4546 : 16711679;
4547 : 16777215;
4548 : 16777215;
4549 : 16777215;
4550 : 16777215;
4551 : 16777215;
4552 : 16777215;
4553 : 16777215;
4554 : 16777215;
4555 : 16777215;
4556 : 16777215;
4557 : 16777215;
4558 : 16777215;
4559 : 16777215;
4560 : 16777215;
4561 : 16777215;
4562 : 16777215;
4563 : 16777215;
4564 : 16777215;
4565 : 16777215;
4566 : 16777215;
4567 : 16777215;
4568 : 16777215;
4569 : 16777215;
4570 : 16777215;
4571 : 16777215;
4572 : 16777215;
4573 : 16777215;
4574 : 16777215;
4575 : 16777215;
4576 : 16777215;
4577 : 16777215;
4578 : 16777215;
4579 : 16777215;
4580 : 16777215;
4581 : 16777215;
4582 : 16777215;
4583 : 16777215;
4584 : 16777215;
4585 : 16777215;
4586 : 16777215;
4587 : 16777215;
4588 : 16777215;
4589 : 16777215;
4590 : 16777215;
4591 : 16777215;
4592 : 16777215;
4593 : 16777215;
4594 : 16777215;
4595 : 16777215;
4596 : 16777215;
4597 : 16777215;
4598 : 16777215;
4599 : 16777215;
4600 : 16777215;
4601 : 16777215;
4602 : 16777215;
4603 : 16777215;
4604 : 16777215;
4605 : 16777215;
4606 : 16777215;
4607 : 16777215;
4608 : 16777215;
4609 : 16777215;
4610 : 16777215;
4611 : 16777215;
4612 : 16777215;
4613 : 16777215;
4614 : 16777215;
4615 : 16777215;
4616 : 13882326;
4617 : 8548678;
4618 : 16241780;
4619 : 16243078;
4620 : 16243340;
4621 : 16243340;
4622 : 16243080;
4623 : 16242561;
4624 : 16242041;
4625 : 16373107;
4626 : 16504177;
4627 : 16504176;
4628 : 16504175;
4629 : 16438383;
4630 : 16372591;
4631 : 16372592;
4632 : 16504176;
4633 : 16504176;
4634 : 16504176;
4635 : 16504176;
4636 : 16504176;
4637 : 16504176;
4638 : 16504176;
4639 : 16504176;
4640 : 16504176;
4641 : 16372848;
4642 : 16372848;
4643 : 15452264;
4644 : 14530912;
4645 : 11178059;
4646 : 9797187;
4647 : 10586696;
4648 : 11770192;
4649 : 13150809;
4650 : 13940061;
4651 : 15452519;
4652 : 16504176;
4653 : 16767602;
4654 : 16767859;
4655 : 16767858;
4656 : 16768371;
4657 : 16767857;
4658 : 16767087;
4659 : 16306795;
4660 : 15451747;
4661 : 14334045;
4662 : 13085015;
4663 : 11770196;
4664 : 10390360;
4665 : 9602405;
4666 : 9867391;
4667 : 10855584;
4668 : 13027530;
4669 : 15461873;
4670 : 16777215;
4671 : 16777215;
4672 : 16777215;
4673 : 16777215;
4674 : 16777215;
4675 : 16777215;
4676 : 16777215;
4677 : 16777215;
4678 : 16777215;
4679 : 16777215;
4680 : 16777215;
4681 : 16777215;
4682 : 16777215;
4683 : 16777215;
4684 : 16777215;
4685 : 16777215;
4686 : 16777215;
4687 : 16777215;
4688 : 16777215;
4689 : 16777215;
4690 : 16777215;
4691 : 16777215;
4692 : 16777215;
4693 : 16777215;
4694 : 16777215;
4695 : 16777215;
4696 : 16777215;
4697 : 16777215;
4698 : 16777215;
4699 : 16777215;
4700 : 16777215;
4701 : 16777215;
4702 : 16777215;
4703 : 16777215;
4704 : 16777215;
4705 : 16777215;
4706 : 16777215;
4707 : 16777215;
4708 : 16777215;
4709 : 16777215;
4710 : 16777215;
4711 : 16777215;
4712 : 16777215;
4713 : 16777215;
4714 : 16777215;
4715 : 16777215;
4716 : 16777215;
4717 : 16777215;
4718 : 16777215;
4719 : 16777215;
4720 : 16777215;
4721 : 16777215;
4722 : 16777215;
4723 : 16777215;
4724 : 16777215;
4725 : 16777215;
4726 : 16777215;
4727 : 16777215;
4728 : 16777215;
4729 : 16777215;
4730 : 16777215;
4731 : 16777215;
4732 : 16777215;
4733 : 16777215;
4734 : 16777215;
4735 : 16777215;
4736 : 16777215;
4737 : 16777215;
4738 : 16777215;
4739 : 16777215;
4740 : 16777215;
4741 : 16777215;
4742 : 16777215;
4743 : 16251130;
4744 : 8551012;
4745 : 15451747;
4746 : 16372591;
4747 : 16109937;
4748 : 16175989;
4749 : 16110196;
4750 : 16109937;
4751 : 16109678;
4752 : 16109677;
4753 : 16175213;
4754 : 16306798;
4755 : 16438383;
4756 : 16504176;
4757 : 16569968;
4758 : 16767346;
4759 : 16767603;
4760 : 16767603;
4761 : 16767346;
4762 : 16701297;
4763 : 16504176;
4764 : 16504176;
4765 : 16504176;
4766 : 16504175;
4767 : 16306799;
4768 : 16241006;
4769 : 16175470;
4770 : 15780972;
4771 : 15386216;
4772 : 15780971;
4773 : 16306799;
4774 : 16767346;
4775 : 16768116;
4776 : 16767860;
4777 : 16701298;
4778 : 16503919;
4779 : 16306798;
4780 : 15977836;
4781 : 15057509;
4782 : 14136928;
4783 : 12756310;
4784 : 11047507;
4785 : 11114080;
4786 : 10259811;
4787 : 9800301;
4788 : 9933185;
4789 : 10855066;
4790 : 12237496;
4791 : 13487568;
4792 : 15132651;
4793 : 16382718;
4794 : 16777215;
4795 : 16777215;
4796 : 16777215;
4797 : 16777215;
4798 : 16777215;
4799 : 16777215;
4800 : 16777215;
4801 : 16777215;
4802 : 16777215;
4803 : 16777215;
4804 : 16777215;
4805 : 16777215;
4806 : 16777215;
4807 : 16777215;
4808 : 16777215;
4809 : 16777215;
4810 : 16777215;
4811 : 16777215;
4812 : 16777215;
4813 : 16777215;
4814 : 16777215;
4815 : 16777215;
4816 : 16777215;
4817 : 16777215;
4818 : 16777215;
4819 : 16777215;
4820 : 16777215;
4821 : 16777215;
4822 : 16777215;
4823 : 16777215;
4824 : 16777215;
4825 : 16777215;
4826 : 16777215;
4827 : 16777215;
4828 : 16777215;
4829 : 16777215;
4830 : 16777215;
4831 : 16777215;
4832 : 16777215;
4833 : 16777215;
4834 : 16777215;
4835 : 16777215;
4836 : 16777215;
4837 : 16777215;
4838 : 16777215;
4839 : 16777215;
4840 : 16777215;
4841 : 16777215;
4842 : 16777215;
4843 : 16777215;
4844 : 16777215;
4845 : 16777215;
4846 : 16777215;
4847 : 16777215;
4848 : 16777215;
4849 : 16777215;
4850 : 16777215;
4851 : 16777215;
4852 : 16777215;
4853 : 16777215;
4854 : 16777215;
4855 : 16777215;
4856 : 16777215;
4857 : 16777215;
4858 : 16777215;
4859 : 16777215;
4860 : 16777215;
4861 : 16777215;
4862 : 16777215;
4863 : 16777215;
4864 : 16777215;
4865 : 16777215;
4866 : 16777215;
4867 : 16777215;
4868 : 16777215;
4869 : 16777215;
4870 : 16777215;
4871 : 10855846;
4872 : 11901519;
4873 : 16767858;
4874 : 16438383;
4875 : 16241006;
4876 : 16175214;
4877 : 16109422;
4878 : 16043887;
4879 : 16043886;
4880 : 16044142;
4881 : 16175988;
4882 : 16569970;
4883 : 16569709;
4884 : 15977833;
4885 : 15123302;
4886 : 13940063;
4887 : 13413980;
4888 : 13742430;
4889 : 14202977;
4890 : 15518058;
4891 : 16635761;
4892 : 16504176;
4893 : 16504176;
4894 : 16306798;
4895 : 16109679;
4896 : 16044142;
4897 : 15846508;
4898 : 15320424;
4899 : 14925925;
4900 : 14663010;
4901 : 14465632;
4902 : 13545050;
4903 : 13939805;
4904 : 14465889;
4905 : 14663010;
4906 : 14728802;
4907 : 14794338;
4908 : 14399840;
4909 : 12953173;
4910 : 12295504;
4911 : 11572042;
4912 : 8811848;
4913 : 9473150;
4914 : 12698052;
4915 : 16316924;
4916 : 16777215;
4917 : 16777215;
4918 : 16777215;
4919 : 16777215;
4920 : 16777215;
4921 : 16777215;
4922 : 16777215;
4923 : 16777215;
4924 : 16777215;
4925 : 16777215;
4926 : 16777215;
4927 : 16777215;
4928 : 16777215;
4929 : 16777215;
4930 : 16777215;
4931 : 16777215;
4932 : 16777215;
4933 : 16777215;
4934 : 16777215;
4935 : 16777215;
4936 : 16777215;
4937 : 16777215;
4938 : 16777215;
4939 : 16777215;
4940 : 16777215;
4941 : 16777215;
4942 : 16777215;
4943 : 16777215;
4944 : 16777215;
4945 : 16777215;
4946 : 16777215;
4947 : 16777215;
4948 : 16777215;
4949 : 16777215;
4950 : 16777215;
4951 : 16777215;
4952 : 16777215;
4953 : 16777215;
4954 : 16777215;
4955 : 16777215;
4956 : 16777215;
4957 : 16777215;
4958 : 16777215;
4959 : 16777215;
4960 : 16777215;
4961 : 16777215;
4962 : 16777215;
4963 : 16777215;
4964 : 16777215;
4965 : 16777215;
4966 : 16777215;
4967 : 16777215;
4968 : 16777215;
4969 : 16777215;
4970 : 16777215;
4971 : 16777215;
4972 : 16777215;
4973 : 16777215;
4974 : 16777215;
4975 : 16777215;
4976 : 16777215;
4977 : 16777215;
4978 : 16777215;
4979 : 16777215;
4980 : 16777215;
4981 : 16777215;
4982 : 16777215;
4983 : 16777215;
4984 : 16777215;
4985 : 16777215;
4986 : 16777215;
4987 : 16777215;
4988 : 16777215;
4989 : 16777215;
4990 : 16777215;
4991 : 16777215;
4992 : 16777215;
4993 : 16777215;
4994 : 16777215;
4995 : 16777215;
4996 : 15330028;
4997 : 12566206;
4998 : 10262926;
4999 : 9996897;
5000 : 16439936;
5001 : 16570489;
5002 : 16504177;
5003 : 16503920;
5004 : 16241007;
5005 : 16175215;
5006 : 16175214;
5007 : 16109937;
5008 : 16637576;
5009 : 16243336;
5010 : 12230484;
5011 : 9732690;
5012 : 7958358;
5013 : 2433303;
5014 : 592133;
5015 : 262914;
5016 : 394500;
5017 : 657670;
5018 : 2038543;
5019 : 10060614;
5020 : 16702323;
5021 : 16306798;
5022 : 16175215;
5023 : 16175215;
5024 : 16175215;
5025 : 16043886;
5026 : 15715179;
5027 : 15123302;
5028 : 14334047;
5029 : 13742172;
5030 : 10914889;
5031 : 9797442;
5032 : 9599808;
5033 : 9600064;
5034 : 9468480;
5035 : 8942140;
5036 : 6443819;
5037 : 8614987;
5038 : 10127194;
5039 : 9798227;
5040 : 9798482;
5041 : 7957319;
5042 : 5525833;
5043 : 13619152;
5044 : 16777215;
5045 : 16777215;
5046 : 16777215;
5047 : 16777215;
5048 : 16777215;
5049 : 16777215;
5050 : 16777215;
5051 : 16777215;
5052 : 16777215;
5053 : 16777215;
5054 : 16777215;
5055 : 16777215;
5056 : 16777215;
5057 : 16777215;
5058 : 16777215;
5059 : 16777215;
5060 : 16777215;
5061 : 16777215;
5062 : 16777215;
5063 : 16777215;
5064 : 16777215;
5065 : 16777215;
5066 : 16777215;
5067 : 16777215;
5068 : 16777215;
5069 : 16777215;
5070 : 16777215;
5071 : 16777215;
5072 : 16777215;
5073 : 16777215;
5074 : 16777215;
5075 : 16777215;
5076 : 16777215;
5077 : 16777215;
5078 : 16777215;
5079 : 16777215;
5080 : 16777215;
5081 : 16777215;
5082 : 16777215;
5083 : 16777215;
5084 : 16777215;
5085 : 16777215;
5086 : 16777215;
5087 : 16777215;
5088 : 16777215;
5089 : 16777215;
5090 : 16777215;
5091 : 16777215;
5092 : 16777215;
5093 : 16777215;
5094 : 16777215;
5095 : 16777215;
5096 : 16777215;
5097 : 16777215;
5098 : 16777215;
5099 : 16777215;
5100 : 16777215;
5101 : 16777215;
5102 : 16777215;
5103 : 16777215;
5104 : 16777215;
5105 : 16777215;
5106 : 16777215;
5107 : 16777215;
5108 : 16777215;
5109 : 16777215;
5110 : 16777215;
5111 : 16777215;
5112 : 16777215;
5113 : 16777215;
5114 : 16777215;
5115 : 16777215;
5116 : 16777215;
5117 : 16777215;
5118 : 16777215;
5119 : 16777215;
5120 : 16777215;
5121 : 16777215;
5122 : 13882839;
5123 : 9144965;
5124 : 9734765;
5125 : 12890751;
5126 : 15521430;
5127 : 16770979;
5128 : 16573601;
5129 : 16572822;
5130 : 16505474;
5131 : 16504434;
5132 : 16504176;
5133 : 16372591;
5134 : 16372849;
5135 : 16770188;
5136 : 12626798;
5137 : 4208675;
5138 : 8487297;
5139 : 15132908;
5140 : 15790580;
5141 : 3158066;
5142 : 0;
5143 : 0;
5144 : 0;
5145 : 0;
5146 : 0;
5147 : 12164692;
5148 : 16701553;
5149 : 16175213;
5150 : 16175215;
5151 : 16175215;
5152 : 16109679;
5153 : 16044143;
5154 : 15912556;
5155 : 15452264;
5156 : 14662754;
5157 : 14268255;
5158 : 14399840;
5159 : 14399840;
5160 : 14268255;
5161 : 14202463;
5162 : 14005342;
5163 : 13676379;
5164 : 9796927;
5165 : 6709586;
5166 : 12830413;
5167 : 15724789;
5168 : 15461616;
5169 : 15790580;
5170 : 16579837;
5171 : 16777215;
5172 : 16777215;
5173 : 16777215;
5174 : 16777215;
5175 : 16777215;
5176 : 16777215;
5177 : 16777215;
5178 : 16777215;
5179 : 16777215;
5180 : 16777215;
5181 : 16777215;
5182 : 16777215;
5183 : 16777215;
5184 : 16777215;
5185 : 16777215;
5186 : 16777215;
5187 : 16777215;
5188 : 16777215;
5189 : 16777215;
5190 : 16777215;
5191 : 16777215;
5192 : 16777215;
5193 : 16777215;
5194 : 16777215;
5195 : 16777215;
5196 : 16777215;
5197 : 16777215;
5198 : 16777214;
5199 : 16711421;
5200 : 15790320;
5201 : 16316664;
5202 : 16777215;
5203 : 16777215;
5204 : 16777215;
5205 : 16777215;
5206 : 16777215;
5207 : 16777215;
5208 : 16777215;
5209 : 16777215;
5210 : 16777215;
5211 : 16777215;
5212 : 16777215;
5213 : 16777215;
5214 : 16777215;
5215 : 16777215;
5216 : 16777215;
5217 : 16777215;
5218 : 16777215;
5219 : 16777215;
5220 : 16777215;
5221 : 16777215;
5222 : 16777215;
5223 : 16777215;
5224 : 16777215;
5225 : 16777215;
5226 : 16777215;
5227 : 16777215;
5228 : 16777215;
5229 : 16777215;
5230 : 16777215;
5231 : 16777215;
5232 : 16777215;
5233 : 16777215;
5234 : 16777215;
5235 : 16777215;
5236 : 16777215;
5237 : 16777215;
5238 : 16777215;
5239 : 16777215;
5240 : 16777215;
5241 : 16777215;
5242 : 16777215;
5243 : 16777215;
5244 : 16777215;
5245 : 16777215;
5246 : 16777215;
5247 : 16777215;
5248 : 16777215;
5249 : 11119018;
5250 : 8878935;
5251 : 14008452;
5252 : 16705188;
5253 : 16771239;
5254 : 16705190;
5255 : 16573605;
5256 : 16573605;
5257 : 16573344;
5258 : 16571791;
5259 : 16504695;
5260 : 16438383;
5261 : 16504175;
5262 : 16768893;
5263 : 10719581;
5264 : 855047;
5265 : 1381914;
5266 : 14869475;
5267 : 14737888;
5268 : 7369071;
5269 : 329220;
5270 : 0;
5271 : 0;
5272 : 0;
5273 : 0;
5274 : 3879708;
5275 : 16438897;
5276 : 16306798;
5277 : 16175215;
5278 : 16175215;
5279 : 16175215;
5280 : 16175215;
5281 : 16175215;
5282 : 15517800;
5283 : 14465376;
5284 : 14136670;
5285 : 14202463;
5286 : 14136670;
5287 : 14136670;
5288 : 14202463;
5289 : 14202463;
5290 : 14202463;
5291 : 14202463;
5292 : 14728290;
5293 : 13281621;
5294 : 8483145;
5295 : 11316136;
5296 : 16448510;
5297 : 16777215;
5298 : 16777215;
5299 : 16777215;
5300 : 16777215;
5301 : 16777215;
5302 : 16777215;
5303 : 16777215;
5304 : 16777215;
5305 : 16777215;
5306 : 16777215;
5307 : 16777215;
5308 : 16777215;
5309 : 16777215;
5310 : 16777215;
5311 : 16777215;
5312 : 16777215;
5313 : 16777215;
5314 : 16777215;
5315 : 16777215;
5316 : 16777215;
5317 : 16777215;
5318 : 16777215;
5319 : 16777215;
5320 : 16382200;
5321 : 15198183;
5322 : 13290186;
5323 : 11711154;
5324 : 10198172;
5325 : 9737623;
5326 : 10001052;
5327 : 8619398;
5328 : 5395026;
5329 : 15132390;
5330 : 16777215;
5331 : 16777215;
5332 : 16777215;
5333 : 16777215;
5334 : 16777215;
5335 : 16777215;
5336 : 16777215;
5337 : 16777215;
5338 : 16777215;
5339 : 16777215;
5340 : 16777215;
5341 : 16777215;
5342 : 16777215;
5343 : 16777215;
5344 : 16777215;
5345 : 16777215;
5346 : 16777215;
5347 : 16777215;
5348 : 16777215;
5349 : 16777215;
5350 : 16777215;
5351 : 16777215;
5352 : 16777215;
5353 : 16777215;
5354 : 16777215;
5355 : 16777215;
5356 : 16777215;
5357 : 16777215;
5358 : 16777215;
5359 : 16777215;
5360 : 16777215;
5361 : 16777215;
5362 : 16777215;
5363 : 16777215;
5364 : 16777215;
5365 : 16777215;
5366 : 16777215;
5367 : 16777215;
5368 : 16777215;
5369 : 16777215;
5370 : 16777215;
5371 : 16777215;
5372 : 16777215;
5373 : 16777215;
5374 : 16777215;
5375 : 16777215;
5376 : 14869478;
5377 : 9601621;
5378 : 16374141;
5379 : 16770708;
5380 : 16770202;
5381 : 16507291;
5382 : 16573084;
5383 : 16507290;
5384 : 16572824;
5385 : 16506512;
5386 : 16439938;
5387 : 16241522;
5388 : 16306543;
5389 : 16701554;
5390 : 11835985;
5391 : 460291;
5392 : 0;
5393 : 263172;
5394 : 2368549;
5395 : 2038564;
5396 : 984344;
5397 : 1838632;
5398 : 1838631;
5399 : 1116183;
5400 : 65538;
5401 : 526084;
5402 : 12427605;
5403 : 16767602;
5404 : 16175214;
5405 : 16175215;
5406 : 16175214;
5407 : 16240750;
5408 : 15978093;
5409 : 15188838;
5410 : 14267999;
5411 : 13939291;
5412 : 14005084;
5413 : 14136670;
5414 : 14136670;
5415 : 14202463;
5416 : 14202463;
5417 : 14202463;
5418 : 14202463;
5419 : 14202463;
5420 : 14202463;
5421 : 14399584;
5422 : 14728288;
5423 : 11506505;
5424 : 8945510;
5425 : 13553615;
5426 : 16711422;
5427 : 16777215;
5428 : 16777215;
5429 : 16777215;
5430 : 16777215;
5431 : 14803425;
5432 : 15000804;
5433 : 16777215;
5434 : 16777215;
5435 : 16777215;
5436 : 16777215;
5437 : 16777215;
5438 : 16777215;
5439 : 16777215;
5440 : 16777215;
5441 : 16777215;
5442 : 16448250;
5443 : 15329769;
5444 : 13618894;
5445 : 11711411;
5446 : 10000536;
5447 : 9013899;
5448 : 8882571;
5449 : 9277586;
5450 : 9803931;
5451 : 11120307;
5452 : 12633806;
5453 : 13884131;
5454 : 10659758;
5455 : 8487812;
5456 : 14606046;
5457 : 16777215;
5458 : 16777215;
5459 : 16777215;
5460 : 16777215;
5461 : 16777215;
5462 : 16777215;
5463 : 16777215;
5464 : 16777215;
5465 : 16777215;
5466 : 16777215;
5467 : 16777215;
5468 : 16777215;
5469 : 15132390;
5470 : 15724527;
5471 : 16777215;
5472 : 16777215;
5473 : 16777215;
5474 : 16777215;
5475 : 16777215;
5476 : 16777215;
5477 : 16777215;
5478 : 16777215;
5479 : 16777215;
5480 : 16777215;
5481 : 16777215;
5482 : 16777215;
5483 : 16777215;
5484 : 16777215;
5485 : 16777215;
5486 : 16777215;
5487 : 16777215;
5488 : 16777215;
5489 : 16777215;
5490 : 16777215;
5491 : 16777215;
5492 : 16777215;
5493 : 16777215;
5494 : 16777215;
5495 : 16777215;
5496 : 16777215;
5497 : 16777215;
5498 : 16777215;
5499 : 16777215;
5500 : 16777215;
5501 : 16777215;
5502 : 16777215;
5503 : 16777215;
5504 : 12566461;
5505 : 8745532;
5506 : 5393205;
5507 : 5721393;
5508 : 11967574;
5509 : 16702329;
5510 : 16504694;
5511 : 16504695;
5512 : 16504694;
5513 : 16504436;
5514 : 16307057;
5515 : 16175215;
5516 : 16175215;
5517 : 16438129;
5518 : 7824694;
5519 : 1117961;
5520 : 0;
5521 : 0;
5522 : 787731;
5523 : 3414090;
5524 : 5385838;
5525 : 5714804;
5526 : 5649268;
5527 : 4925798;
5528 : 655642;
5529 : 7167537;
5530 : 16768629;
5531 : 16372591;
5532 : 16175214;
5533 : 16175215;
5534 : 16241007;
5535 : 15978092;
5536 : 15189094;
5537 : 14202462;
5538 : 13939037;
5539 : 13939037;
5540 : 13939291;
5541 : 14005084;
5542 : 14070877;
5543 : 14070877;
5544 : 14136670;
5545 : 14202463;
5546 : 14202463;
5547 : 14202463;
5548 : 14202463;
5549 : 14202463;
5550 : 11769423;
5551 : 10652496;
5552 : 8943957;
5553 : 8552830;
5554 : 16448250;
5555 : 16777215;
5556 : 15987699;
5557 : 12040119;
5558 : 8421761;
5559 : 4934733;
5560 : 13027014;
5561 : 16777215;
5562 : 16777215;
5563 : 16777215;
5564 : 16777215;
5565 : 15856113;
5566 : 14277081;
5567 : 12171705;
5568 : 10526880;
5569 : 9013898;
5570 : 8356226;
5571 : 8685449;
5572 : 9935773;
5573 : 11054254;
5574 : 12633544;
5575 : 13883612;
5576 : 14541799;
5577 : 14936301;
5578 : 15199474;
5579 : 15462903;
5580 : 12765133;
5581 : 8093313;
5582 : 10592930;
5583 : 16250871;
5584 : 16777215;
5585 : 16777215;
5586 : 16777215;
5587 : 16777215;
5588 : 16777215;
5589 : 16777215;
5590 : 16777215;
5591 : 16777215;
5592 : 16777215;
5593 : 16777215;
5594 : 16777215;
5595 : 16777215;
5596 : 12566205;
5597 : 4473664;
5598 : 15000804;
5599 : 16777215;
5600 : 16777215;
5601 : 16777215;
5602 : 16777215;
5603 : 16777215;
5604 : 16777215;
5605 : 16777215;
5606 : 16777215;
5607 : 16777215;
5608 : 16777215;
5609 : 16777215;
5610 : 16777215;
5611 : 16777215;
5612 : 16777215;
5613 : 16777215;
5614 : 16777215;
5615 : 16777215;
5616 : 16777215;
5617 : 16777215;
5618 : 16777215;
5619 : 16777215;
5620 : 16777215;
5621 : 16777215;
5622 : 16777215;
5623 : 16777215;
5624 : 16777215;
5625 : 16777215;
5626 : 16777215;
5627 : 16777215;
5628 : 16777215;
5629 : 16777215;
5630 : 16777215;
5631 : 16777215;
5632 : 12566723;
5633 : 10323785;
5634 : 10455629;
5635 : 7364661;
5636 : 13085017;
5637 : 16636273;
5638 : 16504175;
5639 : 16504175;
5640 : 16438383;
5641 : 16372590;
5642 : 16109678;
5643 : 16109679;
5644 : 16175215;
5645 : 16175215;
5646 : 16306800;
5647 : 14268770;
5648 : 8350778;
5649 : 3024661;
5650 : 788494;
5651 : 3020105;
5652 : 5386101;
5653 : 5714808;
5654 : 5714809;
5655 : 4006236;
5656 : 4141609;
5657 : 15058022;
5658 : 16635761;
5659 : 16306798;
5660 : 16175215;
5661 : 16175215;
5662 : 15912557;
5663 : 15123301;
5664 : 14268255;
5665 : 13939292;
5666 : 13939037;
5667 : 13939037;
5668 : 13808219;
5669 : 13939548;
5670 : 13939548;
5671 : 13939548;
5672 : 14070877;
5673 : 14202463;
5674 : 14202463;
5675 : 14202463;
5676 : 14202463;
5677 : 14399584;
5678 : 10454340;
5679 : 6709331;
5680 : 14014686;
5681 : 16777215;
5682 : 15395562;
5683 : 9539985;
5684 : 6579558;
5685 : 9475222;
5686 : 11712442;
5687 : 9935000;
5688 : 15724270;
5689 : 13553358;
5690 : 11711154;
5691 : 9671828;
5692 : 9211278;
5693 : 8882828;
5694 : 9475222;
5695 : 10791083;
5696 : 12436166;
5697 : 13489367;
5698 : 14607849;
5699 : 15002863;
5700 : 15068399;
5701 : 15002093;
5702 : 14804714;
5703 : 14673127;
5704 : 14673128;
5705 : 15067887;
5706 : 13291475;
5707 : 8224898;
5708 : 8224125;
5709 : 14276824;
5710 : 16777215;
5711 : 16777215;
5712 : 16777215;
5713 : 16777215;
5714 : 16777215;
5715 : 16777215;
5716 : 16777215;
5717 : 16777215;
5718 : 16777215;
5719 : 16777215;
5720 : 16777215;
5721 : 16777215;
5722 : 15527409;
5723 : 9933446;
5724 : 8021554;
5725 : 7499625;
5726 : 16777215;
5727 : 16777215;
5728 : 16777215;
5729 : 16777215;
5730 : 16777215;
5731 : 16777215;
5732 : 16777215;
5733 : 16777215;
5734 : 16777215;
5735 : 16777215;
5736 : 16777215;
5737 : 16777215;
5738 : 16777215;
5739 : 16777215;
5740 : 16777215;
5741 : 16777215;
5742 : 16777215;
5743 : 16777215;
5744 : 16777215;
5745 : 15527148;
5746 : 12434877;
5747 : 16711422;
5748 : 16777215;
5749 : 16777215;
5750 : 16777215;
5751 : 16777215;
5752 : 16777215;
5753 : 16777215;
5754 : 16777215;
5755 : 16777215;
5756 : 16777215;
5757 : 16777215;
5758 : 16777215;
5759 : 16777215;
5760 : 14935529;
5761 : 9601622;
5762 : 16769396;
5763 : 16768372;
5764 : 16767346;
5765 : 16438383;
5766 : 16438384;
5767 : 16306798;
5768 : 16175215;
5769 : 16175215;
5770 : 16175214;
5771 : 16175213;
5772 : 16175214;
5773 : 16175213;
5774 : 16175213;
5775 : 16438385;
5776 : 16767091;
5777 : 15846764;
5778 : 12756311;
5779 : 9271107;
5780 : 6705472;
5781 : 5257794;
5782 : 5587012;
5783 : 8547646;
5784 : 15189349;
5785 : 16569968;
5786 : 16175214;
5787 : 16175215;
5788 : 16175215;
5789 : 15846507;
5790 : 14991716;
5791 : 14202206;
5792 : 13873757;
5793 : 13873757;
5794 : 13939036;
5795 : 14005341;
5796 : 14070877;
5797 : 14136670;
5798 : 14070877;
5799 : 14005084;
5800 : 13939292;
5801 : 14070877;
5802 : 14202462;
5803 : 14202463;
5804 : 14202463;
5805 : 14202463;
5806 : 14596962;
5807 : 13281878;
5808 : 9403987;
5809 : 8026486;
5810 : 7238005;
5811 : 10857133;
5812 : 14278370;
5813 : 14212577;
5814 : 7895933;
5815 : 7566196;
5816 : 8948620;
5817 : 9606808;
5818 : 11581112;
5819 : 13226195;
5820 : 14410726;
5821 : 15002863;
5822 : 15331572;
5823 : 15331315;
5824 : 15134449;
5825 : 14937070;
5826 : 14673385;
5827 : 14607335;
5828 : 14607592;
5829 : 14673128;
5830 : 14673128;
5831 : 15068143;
5832 : 14080991;
5833 : 9474966;
5834 : 7105901;
5835 : 12566463;
5836 : 16777215;
5837 : 16777215;
5838 : 16777215;
5839 : 16777215;
5840 : 16777215;
5841 : 16777215;
5842 : 16777215;
5843 : 16777215;
5844 : 16777215;
5845 : 16777215;
5846 : 16777215;
5847 : 16777215;
5848 : 16777215;
5849 : 13158860;
5850 : 8484182;
5851 : 12821071;
5852 : 8153400;
5853 : 12895945;
5854 : 16777215;
5855 : 16777215;
5856 : 16777215;
5857 : 16777215;
5858 : 16777215;
5859 : 16777215;
5860 : 16777215;
5861 : 16777215;
5862 : 16777215;
5863 : 16777215;
5864 : 16777215;
5865 : 16777215;
5866 : 16777215;
5867 : 16777215;
5868 : 16777215;
5869 : 16777215;
5870 : 16580095;
5871 : 14211546;
5872 : 10921114;
5873 : 3684150;
5874 : 11645362;
5875 : 16777215;
5876 : 16777215;
5877 : 16777215;
5878 : 15658734;
5879 : 16711422;
5880 : 16777215;
5881 : 16777215;
5882 : 16777215;
5883 : 16777215;
5884 : 16777215;
5885 : 16777215;
5886 : 16777215;
5887 : 16777215;
5888 : 16777215;
5889 : 11183770;
5890 : 14531165;
5891 : 16767091;
5892 : 16372335;
5893 : 16306799;
5894 : 16175215;
5895 : 16175214;
5896 : 16044143;
5897 : 16109679;
5898 : 16175215;
5899 : 16175215;
5900 : 16175215;
5901 : 16175215;
5902 : 16175215;
5903 : 16175215;
5904 : 16175215;
5905 : 16241008;
5906 : 16569714;
5907 : 16767090;
5908 : 16504174;
5909 : 15846760;
5910 : 16175467;
5911 : 16768115;
5912 : 16569712;
5913 : 16240750;
5914 : 16175215;
5915 : 16109422;
5916 : 15583593;
5917 : 14728546;
5918 : 14005085;
5919 : 13873501;
5920 : 14004829;
5921 : 14136670;
5922 : 14136670;
5923 : 14202463;
5924 : 14202463;
5925 : 14202463;
5926 : 14136670;
5927 : 14005084;
5928 : 13873756;
5929 : 13808221;
5930 : 13939549;
5931 : 14334047;
5932 : 14465377;
5933 : 14334048;
5934 : 14268256;
5935 : 14399840;
5936 : 14530911;
5937 : 10454079;
5938 : 6841428;
5939 : 12239302;
5940 : 15265521;
5941 : 14080991;
5942 : 13159888;
5943 : 14147040;
5944 : 14871277;
5945 : 15331828;
5946 : 15200242;
5947 : 15002863;
5948 : 14871277;
5949 : 14871277;
5950 : 14871277;
5951 : 14805484;
5952 : 14805484;
5953 : 14805228;
5954 : 14607591;
5955 : 14607335;
5956 : 14607849;
5957 : 15002607;
5958 : 14738921;
5959 : 9936031;
5960 : 6645351;
5961 : 11776947;
5962 : 16579579;
5963 : 16777215;
5964 : 16777215;
5965 : 16777215;
5966 : 16777215;
5967 : 16777215;
5968 : 16777215;
5969 : 16777215;
5970 : 16777215;
5971 : 16514043;
5972 : 16382457;
5973 : 16777215;
5974 : 16777215;
5975 : 16382716;
5976 : 10592156;
5977 : 9205830;
5978 : 13939032;
5979 : 13018449;
5980 : 7236191;
5981 : 16645886;
5982 : 16777215;
5983 : 16777215;
5984 : 16777215;
5985 : 16777215;
5986 : 16777215;
5987 : 16777215;
5988 : 16777215;
5989 : 16777215;
5990 : 16777215;
5991 : 16777215;
5992 : 16777215;
5993 : 16777215;
5994 : 16777215;
5995 : 16777215;
5996 : 15856372;
5997 : 11842740;
5998 : 9604733;
5999 : 12299904;
6000 : 7760971;
6001 : 10263710;
6002 : 16711679;
6003 : 14342877;
6004 : 11710895;
6005 : 5460819;
6006 : 9474192;
6007 : 16711422;
6008 : 16777215;
6009 : 16777215;
6010 : 16777215;
6011 : 16777215;
6012 : 16777215;
6013 : 16777215;
6014 : 16777215;
6015 : 16777215;
6016 : 16777215;
6017 : 15527408;
6018 : 9470816;
6019 : 14991456;
6020 : 15254632;
6021 : 14926183;
6022 : 16241264;
6023 : 16109679;
6024 : 16175215;
6025 : 16241006;
6026 : 16241006;
6027 : 16241006;
6028 : 16175215;
6029 : 16109679;
6030 : 16175215;
6031 : 16175215;
6032 : 16175215;
6033 : 16175215;
6034 : 16241006;
6035 : 16372591;
6036 : 16504176;
6037 : 16569969;
6038 : 16569969;
6039 : 16504176;
6040 : 16569969;
6041 : 16306799;
6042 : 15780715;
6043 : 15057253;
6044 : 14334047;
6045 : 14005084;
6046 : 13939293;
6047 : 14136670;
6048 : 14136670;
6049 : 14202463;
6050 : 14202463;
6051 : 14202463;
6052 : 14202463;
6053 : 14202463;
6054 : 14136670;
6055 : 13939548;
6056 : 13808221;
6057 : 13874013;
6058 : 13282138;
6059 : 11506509;
6060 : 12032592;
6061 : 13018966;
6062 : 13347413;
6063 : 13676119;
6064 : 13676119;
6065 : 13807447;
6066 : 11966278;
6067 : 5983787;
6068 : 8817035;
6069 : 14673384;
6070 : 14805226;
6071 : 14673383;
6072 : 14739178;
6073 : 14805484;
6074 : 15002093;
6075 : 14936813;
6076 : 14871277;
6077 : 14805484;
6078 : 14805484;
6079 : 14805741;
6080 : 14871277;
6081 : 14871277;
6082 : 14870764;
6083 : 15002607;
6084 : 15266036;
6085 : 11909821;
6086 : 7237489;
6087 : 10329502;
6088 : 15856113;
6089 : 16777215;
6090 : 16777215;
6091 : 16777215;
6092 : 16777215;
6093 : 16777215;
6094 : 16777215;
6095 : 16777215;
6096 : 16777215;
6097 : 16777215;
6098 : 15461613;
6099 : 7039851;
6100 : 15395562;
6101 : 16777215;
6102 : 15264493;
6103 : 9077620;
6104 : 10980422;
6105 : 14267997;
6106 : 14465376;
6107 : 8482105;
6108 : 12171965;
6109 : 16777215;
6110 : 16777215;
6111 : 16777215;
6112 : 16777215;
6113 : 16777215;
6114 : 16777215;
6115 : 16777215;
6116 : 16777215;
6117 : 16777215;
6118 : 16777215;
6119 : 16777215;
6120 : 16777215;
6121 : 16777215;
6122 : 14737892;
6123 : 10526877;
6124 : 9011565;
6125 : 12825215;
6126 : 16574626;
6127 : 12101748;
6128 : 5197647;
6129 : 11184551;
6130 : 9078133;
6131 : 10129002;
6132 : 5853238;
6133 : 7895161;
6134 : 16448250;
6135 : 16777215;
6136 : 16777215;
6137 : 16777215;
6138 : 16777215;
6139 : 16777215;
6140 : 16777215;
6141 : 16777215;
6142 : 16777215;
6143 : 16777215;
6144 : 16777215;
6145 : 16777215;
6146 : 14277342;
6147 : 8287064;
6148 : 8547381;
6149 : 6903855;
6150 : 12164434;
6151 : 15846507;
6152 : 16241263;
6153 : 16438385;
6154 : 16504177;
6155 : 16504176;
6156 : 16372591;
6157 : 16241006;
6158 : 16175214;
6159 : 16241007;
6160 : 16241007;
6161 : 16306799;
6162 : 16504176;
6163 : 16504176;
6164 : 16504176;
6165 : 16569712;
6166 : 16504177;
6167 : 16372592;
6168 : 15978093;
6169 : 15320424;
6170 : 14597217;
6171 : 14070877;
6172 : 13939293;
6173 : 14005342;
6174 : 14136670;
6175 : 14202463;
6176 : 14202463;
6177 : 14202463;
6178 : 14202463;
6179 : 14202463;
6180 : 14202463;
6181 : 14202463;
6182 : 14136670;
6183 : 13939549;
6184 : 13808221;
6185 : 13874013;
6186 : 13413722;
6187 : 11375180;
6188 : 6640940;
6189 : 5657935;
6190 : 9539201;
6191 : 8749166;
6192 : 8419946;
6193 : 8025705;
6194 : 8486259;
6195 : 8618102;
6196 : 7895675;
6197 : 12896972;
6198 : 13949660;
6199 : 14475749;
6200 : 14870507;
6201 : 14936300;
6202 : 14871020;
6203 : 14805484;
6204 : 14805484;
6205 : 14805484;
6206 : 14805484;
6207 : 14871277;
6208 : 14805484;
6209 : 14871277;
6210 : 15397365;
6211 : 13554903;
6212 : 8159362;
6213 : 8882056;
6214 : 15395305;
6215 : 16777215;
6216 : 16777215;
6217 : 16777215;
6218 : 16777215;
6219 : 16777215;
6220 : 16777215;
6221 : 16777215;
6222 : 16777215;
6223 : 16777215;
6224 : 16777215;
6225 : 15329772;
6226 : 7235412;
6227 : 5723214;
6228 : 16777215;
6229 : 13619411;
6230 : 8352597;
6231 : 12426829;
6232 : 14202719;
6233 : 13874014;
6234 : 13216084;
6235 : 7827549;
6236 : 16448252;
6237 : 16777215;
6238 : 16777215;
6239 : 16777215;
6240 : 16777215;
6241 : 16777215;
6242 : 16777215;
6243 : 16777215;
6244 : 16777215;
6245 : 16777215;
6246 : 16777215;
6247 : 16777215;
6248 : 14408926;
6249 : 10263188;
6250 : 9142629;
6251 : 13285506;
6252 : 15587480;
6253 : 13351040;
6254 : 10457185;
6255 : 7102787;
6256 : 10457449;
6257 : 13942920;
6258 : 16048285;
6259 : 9273949;
6260 : 9803156;
6261 : 16777215;
6262 : 16777215;
6263 : 16777215;
6264 : 16777215;
6265 : 16777215;
6266 : 16777215;
6267 : 16777215;
6268 : 16777215;
6269 : 16777215;
6270 : 16777215;
6271 : 16777215;
6272 : 16777215;
6273 : 16777215;
6274 : 16777215;
6275 : 15461615;
6276 : 6973020;
6277 : 11966541;
6278 : 9271103;
6279 : 9073982;
6280 : 13808221;
6281 : 16241006;
6282 : 16504177;
6283 : 16504177;
6284 : 16569713;
6285 : 16569712;
6286 : 16504176;
6287 : 16504176;
6288 : 16569968;
6289 : 16569969;
6290 : 16569969;
6291 : 16504177;
6292 : 16372592;
6293 : 16109677;
6294 : 15649386;
6295 : 15057510;
6296 : 14531426;
6297 : 14202463;
6298 : 14202463;
6299 : 14202463;
6300 : 14136670;
6301 : 14071134;
6302 : 14070877;
6303 : 14070877;
6304 : 14070877;
6305 : 14071133;
6306 : 14202463;
6307 : 14202463;
6308 : 14202463;
6309 : 14202463;
6310 : 14202463;
6311 : 13939548;
6312 : 13873756;
6313 : 13939037;
6314 : 13939292;
6315 : 14333790;
6316 : 14070876;
6317 : 7693887;
6318 : 9080982;
6319 : 13028562;
6320 : 12567755;
6321 : 12699084;
6322 : 12764620;
6323 : 12830413;
6324 : 12896460;
6325 : 12501957;
6326 : 12633544;
6327 : 13291475;
6328 : 14344163;
6329 : 14739434;
6330 : 14805484;
6331 : 14805484;
6332 : 14805484;
6333 : 14871020;
6334 : 15002349;
6335 : 15068143;
6336 : 15068143;
6337 : 14804970;
6338 : 10199202;
6339 : 7303280;
6340 : 12697792;
6341 : 15395562;
6342 : 14605789;
6343 : 13816787;
6344 : 11776947;
6345 : 15263976;
6346 : 16777215;
6347 : 16777215;
6348 : 16777215;
6349 : 16777215;
6350 : 16777215;
6351 : 16777215;
6352 : 14606306;
6353 : 8813406;
6354 : 8941876;
6355 : 10329760;
6356 : 11052964;
6357 : 9008712;
6358 : 13741911;
6359 : 14334047;
6360 : 14005085;
6361 : 14465376;
6362 : 9205309;
6363 : 11908792;
6364 : 16777215;
6365 : 16777215;
6366 : 16777215;
6367 : 16777215;
6368 : 16777215;
6369 : 16777215;
6370 : 16777215;
6371 : 16777215;
6372 : 16777215;
6373 : 16448510;
6374 : 12961480;
6375 : 9538945;
6376 : 10391655;
6377 : 14337415;
6378 : 16770720;
6379 : 16770972;
6380 : 14336639;
6381 : 12693109;
6382 : 14666125;
6383 : 16639395;
6384 : 16773035;
6385 : 16573859;
6386 : 8484697;
6387 : 10921897;
6388 : 16777215;
6389 : 16777215;
6390 : 16777215;
6391 : 16777215;
6392 : 16777215;
6393 : 16777215;
6394 : 16777215;
6395 : 16777215;
6396 : 16777215;
6397 : 16777215;
6398 : 16777215;
6399 : 16777215;
6400 : 16777215;
6401 : 16777215;
6402 : 16777215;
6403 : 16777215;
6404 : 14474720;
6405 : 8614212;
6406 : 14530911;
6407 : 12032593;
6408 : 8745275;
6409 : 8942397;
6410 : 12690262;
6411 : 15189095;
6412 : 15912300;
6413 : 16241006;
6414 : 16372848;
6415 : 16504176;
6416 : 16175470;
6417 : 15517802;
6418 : 15583594;
6419 : 15320680;
6420 : 14925925;
6421 : 14531426;
6422 : 14334047;
6423 : 14202463;
6424 : 14136671;
6425 : 14202463;
6426 : 14202463;
6427 : 14202463;
6428 : 14070877;
6429 : 13873757;
6430 : 13808221;
6431 : 13808220;
6432 : 13873500;
6433 : 13939291;
6434 : 14005084;
6435 : 14136670;
6436 : 14136670;
6437 : 14070878;
6438 : 14004829;
6439 : 13873756;
6440 : 13873757;
6441 : 13939037;
6442 : 14004828;
6443 : 14071133;
6444 : 14268255;
6445 : 14267996;
6446 : 7562299;
6447 : 9080467;
6448 : 12896460;
6449 : 12501445;
6450 : 12501701;
6451 : 12501445;
6452 : 12501701;
6453 : 12501958;
6454 : 12633287;
6455 : 12962509;
6456 : 14212578;
6457 : 14870764;
6458 : 14805484;
6459 : 14871020;
6460 : 14804714;
6461 : 14080991;
6462 : 13094095;
6463 : 11909565;
6464 : 10856877;
6465 : 6580073;
6466 : 4277059;
6467 : 8816777;
6468 : 9606294;
6469 : 9738137;
6470 : 8290692;
6471 : 4868940;
6472 : 8158332;
6473 : 15790320;
6474 : 16777215;
6475 : 16777215;
6476 : 16777215;
6477 : 16777215;
6478 : 16777215;
6479 : 13882839;
6480 : 8483922;
6481 : 13610325;
6482 : 5392428;
6483 : 6709588;
6484 : 11112009;
6485 : 14530910;
6486 : 14333792;
6487 : 14202463;
6488 : 14268255;
6489 : 13742168;
6490 : 6445638;
6491 : 16053751;
6492 : 16777215;
6493 : 16777215;
6494 : 16777215;
6495 : 16777215;
6496 : 16777215;
6497 : 16777215;
6498 : 16777215;
6499 : 16448767;
6500 : 12369344;
6501 : 8814186;
6502 : 10850392;
6503 : 15125374;
6504 : 16769937;
6505 : 16703371;
6506 : 16505474;
6507 : 16440200;
6508 : 16704410;
6509 : 16770979;
6510 : 16639396;
6511 : 16771238;
6512 : 15192722;
6513 : 8353372;
6514 : 12303550;
6515 : 16777215;
6516 : 16777215;
6517 : 16777215;
6518 : 16777215;
6519 : 16777215;
6520 : 16777215;
6521 : 16777215;
6522 : 16777215;
6523 : 16777215;
6524 : 16777215;
6525 : 16777215;
6526 : 16777215;
6527 : 16777215;
6528 : 16777215;
6529 : 16777215;
6530 : 16777215;
6531 : 16777215;
6532 : 16777215;
6533 : 9868692;
6534 : 10125376;
6535 : 14662497;
6536 : 14005598;
6537 : 11375180;
6538 : 8350520;
6539 : 8087606;
6540 : 9271103;
6541 : 10191685;
6542 : 10914889;
6543 : 10783560;
6544 : 9797187;
6545 : 10980682;
6546 : 14071134;
6547 : 14202463;
6548 : 14136670;
6549 : 14070878;
6550 : 14202463;
6551 : 14202463;
6552 : 14202463;
6553 : 14136670;
6554 : 14070877;
6555 : 13939292;
6556 : 13873757;
6557 : 13939037;
6558 : 13808221;
6559 : 13873501;
6560 : 13873501;
6561 : 13808220;
6562 : 13808219;
6563 : 13939291;
6564 : 13873756;
6565 : 13808221;
6566 : 13873501;
6567 : 13873501;
6568 : 13808221;
6569 : 13808221;
6570 : 13939037;
6571 : 14005084;
6572 : 14136670;
6573 : 13018967;
6574 : 12690002;
6575 : 7562041;
6576 : 9146001;
6577 : 12699337;
6578 : 12436165;
6579 : 12501701;
6580 : 12501701;
6581 : 12501701;
6582 : 12501701;
6583 : 12501958;
6584 : 12896459;
6585 : 13949404;
6586 : 14804971;
6587 : 14212576;
6588 : 12106943;
6589 : 11186097;
6590 : 10922925;
6591 : 11185841;
6592 : 12041151;
6593 : 12896460;
6594 : 14410212;
6595 : 15002606;
6596 : 13554904;
6597 : 8817293;
6598 : 8750984;
6599 : 14276824;
6600 : 16777215;
6601 : 16777215;
6602 : 16777215;
6603 : 16777215;
6604 : 16777215;
6605 : 16777215;
6606 : 13027274;
6607 : 8549454;
6608 : 13873496;
6609 : 12032593;
6610 : 8021815;
6611 : 13215829;
6612 : 14596961;
6613 : 14202463;
6614 : 14202463;
6615 : 14202463;
6616 : 14596961;
6617 : 10388288;
6618 : 9211021;
6619 : 16777215;
6620 : 16777215;
6621 : 16777215;
6622 : 16777215;
6623 : 16777215;
6624 : 16777215;
6625 : 16119546;
6626 : 11974585;
6627 : 9208684;
6628 : 10849612;
6629 : 15320681;
6630 : 16768123;
6631 : 16570488;
6632 : 16373106;
6633 : 16438644;
6634 : 16439680;
6635 : 16440977;
6636 : 16441757;
6637 : 16376482;
6638 : 16771236;
6639 : 13219454;
6640 : 8485997;
6641 : 14013912;
6642 : 16777215;
6643 : 16777215;
6644 : 16777215;
6645 : 16777215;
6646 : 16777215;
6647 : 16777215;
6648 : 16777215;
6649 : 16777215;
6650 : 16777215;
6651 : 16777215;
6652 : 16777215;
6653 : 16777215;
6654 : 16777215;
6655 : 16777215;
6656 : 16777215;
6657 : 16777215;
6658 : 16777215;
6659 : 16777215;
6660 : 16777215;
6661 : 16316923;
6662 : 7959657;
6663 : 11177540;
6664 : 14465377;
6665 : 14136927;
6666 : 14334047;
6667 : 13873499;
6668 : 12952918;
6669 : 12361042;
6670 : 12427348;
6671 : 12755797;
6672 : 13741915;
6673 : 14202462;
6674 : 14136670;
6675 : 14202463;
6676 : 14202463;
6677 : 14070877;
6678 : 14070877;
6679 : 14005085;
6680 : 14070621;
6681 : 13939292;
6682 : 13873501;
6683 : 13808221;
6684 : 13873501;
6685 : 13939037;
6686 : 13808221;
6687 : 13808220;
6688 : 13873500;
6689 : 13939292;
6690 : 13939291;
6691 : 13939291;
6692 : 13873501;
6693 : 14070622;
6694 : 14333534;
6695 : 14333533;
6696 : 14268254;
6697 : 14268255;
6698 : 14268255;
6699 : 14399582;
6700 : 14530911;
6701 : 12229969;
6702 : 6706476;
6703 : 4340260;
6704 : 8159104;
6705 : 13094352;
6706 : 12502215;
6707 : 12436165;
6708 : 12435908;
6709 : 12435908;
6710 : 12435908;
6711 : 12501701;
6712 : 12567750;
6713 : 12699336;
6714 : 13423060;
6715 : 14278625;
6716 : 14673127;
6717 : 14804714;
6718 : 14936300;
6719 : 14936557;
6720 : 14870507;
6721 : 15002093;
6722 : 11909820;
6723 : 8225154;
6724 : 5000269;
6725 : 11908533;
6726 : 16777215;
6727 : 16777215;
6728 : 16777215;
6729 : 16777215;
6730 : 16777215;
6731 : 16777215;
6732 : 16777215;
6733 : 11382448;
6734 : 7693629;
6735 : 14004826;
6736 : 14399584;
6737 : 13873757;
6738 : 14531169;
6739 : 14334048;
6740 : 14202463;
6741 : 14202463;
6742 : 14202463;
6743 : 14202463;
6744 : 14662496;
6745 : 7167544;
6746 : 14079963;
6747 : 16777215;
6748 : 16777215;
6749 : 16777215;
6750 : 16777215;
6751 : 16251131;
6752 : 11382448;
6753 : 8090203;
6754 : 11178058;
6755 : 15583077;
6756 : 16767090;
6757 : 16438640;
6758 : 16438383;
6759 : 16504176;
6760 : 16438642;
6761 : 16373629;
6762 : 16309391;
6763 : 16376218;
6764 : 16376222;
6765 : 16770718;
6766 : 12035182;
6767 : 9736845;
6768 : 15987958;
6769 : 16777215;
6770 : 16777215;
6771 : 16777215;
6772 : 16777215;
6773 : 16777215;
6774 : 16777215;
6775 : 16777215;
6776 : 16777215;
6777 : 16777215;
6778 : 16777215;
6779 : 16777215;
6780 : 16777215;
6781 : 16777215;
6782 : 16777215;
6783 : 16777215;
6784 : 16777215;
6785 : 16777215;
6786 : 16777215;
6787 : 16777215;
6788 : 16777215;
6789 : 16777215;
6790 : 15658993;
6791 : 6775901;
6792 : 8218674;
6793 : 14070620;
6794 : 14202206;
6795 : 13939292;
6796 : 13939550;
6797 : 14005342;
6798 : 13939805;
6799 : 13939550;
6800 : 13873501;
6801 : 13939292;
6802 : 14005084;
6803 : 14005341;
6804 : 13939549;
6805 : 13939037;
6806 : 13808220;
6807 : 13808221;
6808 : 13873501;
6809 : 13873501;
6810 : 13873757;
6811 : 13939549;
6812 : 14070621;
6813 : 14070878;
6814 : 14136670;
6815 : 14071134;
6816 : 14136670;
6817 : 14136670;
6818 : 14070877;
6819 : 14136669;
6820 : 14530657;
6821 : 10980425;
6822 : 6839098;
6823 : 8022595;
6824 : 8416832;
6825 : 8745536;
6826 : 9139777;
6827 : 9600065;
6828 : 10717510;
6829 : 12098125;
6830 : 12689743;
6831 : 10585923;
6832 : 7102527;
6833 : 7237486;
6834 : 11844027;
6835 : 12567750;
6836 : 12567237;
6837 : 13028045;
6838 : 13225424;
6839 : 13094095;
6840 : 13291474;
6841 : 13620440;
6842 : 13752026;
6843 : 14015197;
6844 : 14409956;
6845 : 14541800;
6846 : 14607335;
6847 : 14607335;
6848 : 14607335;
6849 : 14738921;
6850 : 13291218;
6851 : 11120048;
6852 : 10528166;
6853 : 9738393;
6854 : 8816776;
6855 : 9211020;
6856 : 10987175;
6857 : 12566463;
6858 : 14803168;
6859 : 16250872;
6860 : 11250344;
6861 : 8153401;
6862 : 14465118;
6863 : 14399841;
6864 : 14202463;
6865 : 14268255;
6866 : 14202463;
6867 : 14202463;
6868 : 14202463;
6869 : 14202463;
6870 : 14202463;
6871 : 14465633;
6872 : 11572040;
6873 : 7434089;
6874 : 16777215;
6875 : 16777215;
6876 : 16777215;
6877 : 16053752;
6878 : 11842742;
6879 : 8090461;
6880 : 11046986;
6881 : 15780710;
6882 : 16767602;
6883 : 16504176;
6884 : 16504176;
6885 : 16504176;
6886 : 16504176;
6887 : 16504177;
6888 : 16438645;
6889 : 16308614;
6890 : 16177546;
6891 : 16243080;
6892 : 16703112;
6893 : 11310683;
6894 : 10065811;
6895 : 16711423;
6896 : 16777215;
6897 : 16777215;
6898 : 16777215;
6899 : 16777215;
6900 : 16777215;
6901 : 16777215;
6902 : 16777215;
6903 : 16777215;
6904 : 16777215;
6905 : 16777215;
6906 : 16777215;
6907 : 16777215;
6908 : 16777215;
6909 : 16777215;
6910 : 16777215;
6911 : 16777215;
6912 : 16777215;
6913 : 16777215;
6914 : 16777215;
6915 : 16777215;
6916 : 16777215;
6917 : 16777215;
6918 : 16777215;
6919 : 16053494;
6920 : 9277073;
6921 : 6970165;
6922 : 13281620;
6923 : 14531168;
6924 : 13874013;
6925 : 13808221;
6926 : 13808221;
6927 : 13873501;
6928 : 13939037;
6929 : 13939292;
6930 : 13873756;
6931 : 13808221;
6932 : 13873756;
6933 : 13808220;
6934 : 13873500;
6935 : 13808221;
6936 : 13808221;
6937 : 13873757;
6938 : 14070878;
6939 : 14136670;
6940 : 14202463;
6941 : 14202463;
6942 : 14202463;
6943 : 14202463;
6944 : 14202463;
6945 : 14136670;
6946 : 14136414;
6947 : 11901264;
6948 : 11572043;
6949 : 12492621;
6950 : 6051138;
6951 : 10067880;
6952 : 10857392;
6953 : 10528427;
6954 : 10396585;
6955 : 10067619;
6956 : 9474967;
6957 : 9079689;
6958 : 9079170;
6959 : 8684152;
6960 : 7697259;
6961 : 6184798;
6962 : 9409429;
6963 : 13094095;
6964 : 12567751;
6965 : 13291474;
6966 : 14409955;
6967 : 14541542;
6968 : 14409956;
6969 : 14409956;
6970 : 14541542;
6971 : 14541542;
6972 : 14476008;
6973 : 14541545;
6974 : 14607336;
6975 : 14607335;
6976 : 14607335;
6977 : 14607335;
6978 : 14738921;
6979 : 15002093;
6980 : 15002350;
6981 : 14673641;
6982 : 14015967;
6983 : 13160401;
6984 : 11646392;
6985 : 9672858;
6986 : 8751242;
6987 : 7961726;
6988 : 4670262;
6989 : 9336895;
6990 : 11834954;
6991 : 13281619;
6992 : 14333788;
6993 : 14596960;
6994 : 14399584;
6995 : 14202463;
6996 : 14202463;
6997 : 14202463;
6998 : 14202463;
6999 : 14531168;
7000 : 5983788;
7001 : 13224910;
7002 : 16777215;
7003 : 14935272;
7004 : 10526879;
7005 : 8550490;
7006 : 11967570;
7007 : 15780968;
7008 : 16768116;
7009 : 16569969;
7010 : 16504176;
7011 : 16504176;
7012 : 16504176;
7013 : 16504176;
7014 : 16504177;
7015 : 16504177;
7016 : 16307314;
7017 : 16110452;
7018 : 16241524;
7019 : 16175472;
7020 : 9732171;
7021 : 10658207;
7022 : 16645887;
7023 : 16777215;
7024 : 16777215;
7025 : 16777215;
7026 : 16777215;
7027 : 16777215;
7028 : 16777215;
7029 : 16777215;
7030 : 16777215;
7031 : 16777215;
7032 : 16777215;
7033 : 16777215;
7034 : 16777215;
7035 : 16777215;
7036 : 16777215;
7037 : 16777215;
7038 : 16777215;
7039 : 16777215;
7040 : 16777215;
7041 : 16777215;
7042 : 16777215;
7043 : 16777215;
7044 : 16777215;
7045 : 16777215;
7046 : 16777215;
7047 : 16777215;
7048 : 16777215;
7049 : 13027530;
7050 : 6972500;
7051 : 9534015;
7052 : 13150290;
7053 : 14399583;
7054 : 14202463;
7055 : 14070878;
7056 : 14136670;
7057 : 14202462;
7058 : 14070877;
7059 : 13873756;
7060 : 13939037;
7061 : 13873500;
7062 : 13939037;
7063 : 13808221;
7064 : 13939549;
7065 : 14136670;
7066 : 14202463;
7067 : 14202463;
7068 : 14202463;
7069 : 14202463;
7070 : 14202463;
7071 : 14202463;
7072 : 14202462;
7073 : 14004829;
7074 : 14268000;
7075 : 10520390;
7076 : 4342336;
7077 : 7498583;
7078 : 7233597;
7079 : 5855574;
7080 : 12699337;
7081 : 13028302;
7082 : 13028302;
7083 : 13028559;
7084 : 13094096;
7085 : 13159889;
7086 : 13094097;
7087 : 13094097;
7088 : 13094353;
7089 : 13160145;
7090 : 12962509;
7091 : 12830923;
7092 : 12699337;
7093 : 12633544;
7094 : 13488853;
7095 : 14409956;
7096 : 14607335;
7097 : 14607335;
7098 : 14607335;
7099 : 14607335;
7100 : 14607335;
7101 : 14607335;
7102 : 14607335;
7103 : 14607335;
7104 : 14607335;
7105 : 14607335;
7106 : 14607335;
7107 : 14607335;
7108 : 14607335;
7109 : 14607335;
7110 : 14607591;
7111 : 14739177;
7112 : 14936300;
7113 : 15067886;
7114 : 14936557;
7115 : 14344678;
7116 : 13620698;
7117 : 11383737;
7118 : 9672084;
7119 : 8683633;
7120 : 8418386;
7121 : 9337411;
7122 : 11769161;
7123 : 13544533;
7124 : 14399583;
7125 : 14465376;
7126 : 14465376;
7127 : 11900747;
7128 : 6644834;
7129 : 14738151;
7130 : 9210501;
7131 : 8483659;
7132 : 12822100;
7133 : 16241003;
7134 : 16767858;
7135 : 16569968;
7136 : 16504175;
7137 : 16504176;
7138 : 16504178;
7139 : 16504435;
7140 : 16504178;
7141 : 16504176;
7142 : 16504176;
7143 : 16504176;
7144 : 16372591;
7145 : 16306798;
7146 : 15846505;
7147 : 8877641;
7148 : 11579827;
7149 : 16777215;
7150 : 16777215;
7151 : 16777215;
7152 : 16777215;
7153 : 16777215;
7154 : 16777215;
7155 : 16777215;
7156 : 16777215;
7157 : 16777215;
7158 : 16777215;
7159 : 16777215;
7160 : 16777215;
7161 : 16777215;
7162 : 16777215;
7163 : 16777215;
7164 : 16777215;
7165 : 16777215;
7166 : 16777215;
7167 : 16777215;
7168 : 16777215;
7169 : 16777215;
7170 : 16777215;
7171 : 16777215;
7172 : 16777215;
7173 : 16777215;
7174 : 16777215;
7175 : 16777215;
7176 : 16777215;
7177 : 16777215;
7178 : 16251130;
7179 : 11842999;
7180 : 8617069;
7181 : 9139778;
7182 : 12689743;
7183 : 14267996;
7184 : 14728546;
7185 : 14465377;
7186 : 14267999;
7187 : 14070877;
7188 : 13939292;
7189 : 13939292;
7190 : 14004828;
7191 : 13939548;
7192 : 14136926;
7193 : 14202463;
7194 : 14202463;
7195 : 14202463;
7196 : 14202463;
7197 : 14136670;
7198 : 14267999;
7199 : 14267999;
7200 : 14005342;
7201 : 13873757;
7202 : 14004831;
7203 : 13018195;
7204 : 6643797;
7205 : 12370379;
7206 : 11646652;
7207 : 10791339;
7208 : 12436164;
7209 : 12765130;
7210 : 12765130;
7211 : 12765130;
7212 : 12765130;
7213 : 12765130;
7214 : 12765130;
7215 : 12765130;
7216 : 12765130;
7217 : 12765130;
7218 : 12765130;
7219 : 12765130;
7220 : 13291474;
7221 : 13752026;
7222 : 13817819;
7223 : 14080989;
7224 : 14475748;
7225 : 14607848;
7226 : 14607848;
7227 : 14673128;
7228 : 14673127;
7229 : 14607591;
7230 : 14542055;
7231 : 14542055;
7232 : 14542054;
7233 : 14542054;
7234 : 14542054;
7235 : 14541799;
7236 : 14607335;
7237 : 14607591;
7238 : 14541798;
7239 : 14607335;
7240 : 14607335;
7241 : 14607335;
7242 : 14607336;
7243 : 14607593;
7244 : 14804971;
7245 : 15199728;
7246 : 15397365;
7247 : 15397367;
7248 : 14608108;
7249 : 12370633;
7250 : 10001308;
7251 : 7828068;
7252 : 6970167;
7253 : 10191426;
7254 : 14136925;
7255 : 6640941;
7256 : 5526092;
7257 : 9732948;
7258 : 13676888;
7259 : 16701551;
7260 : 16767603;
7261 : 16569713;
7262 : 16504178;
7263 : 16504437;
7264 : 16439419;
7265 : 16505215;
7266 : 16439420;
7267 : 16438901;
7268 : 16504177;
7269 : 16504176;
7270 : 16504176;
7271 : 16438384;
7272 : 16438640;
7273 : 16043625;
7274 : 8811848;
7275 : 12566724;
7276 : 16777215;
7277 : 16777215;
7278 : 16777215;
7279 : 16777215;
7280 : 16777215;
7281 : 16777215;
7282 : 16777215;
7283 : 16777215;
7284 : 16777215;
7285 : 16777215;
7286 : 16777215;
7287 : 16777215;
7288 : 16777215;
7289 : 16777215;
7290 : 16777215;
7291 : 16777215;
7292 : 16777215;
7293 : 16777215;
7294 : 16777215;
7295 : 16777215;
7296 : 16777215;
7297 : 16777215;
7298 : 16777215;
7299 : 16777215;
7300 : 16777215;
7301 : 16777215;
7302 : 16777215;
7303 : 16777215;
7304 : 16777215;
7305 : 16777215;
7306 : 16777215;
7307 : 16777215;
7308 : 16777215;
7309 : 13553618;
7310 : 10328463;
7311 : 8023633;
7312 : 8218678;
7313 : 11440455;
7314 : 13610327;
7315 : 14465375;
7316 : 14267997;
7317 : 14070877;
7318 : 14071134;
7319 : 14136927;
7320 : 14202463;
7321 : 14202463;
7322 : 14202463;
7323 : 14070878;
7324 : 14465376;
7325 : 14202463;
7326 : 13873757;
7327 : 13676377;
7328 : 14268253;
7329 : 14005598;
7330 : 13873757;
7331 : 14334048;
7332 : 7298612;
7333 : 9607069;
7334 : 13159632;
7335 : 12896973;
7336 : 12765130;
7337 : 12765130;
7338 : 12699337;
7339 : 12699080;
7340 : 12699080;
7341 : 12633287;
7342 : 12633287;
7343 : 12633544;
7344 : 12765130;
7345 : 12765130;
7346 : 12765130;
7347 : 12765130;
7348 : 13423060;
7349 : 14607592;
7350 : 14871277;
7351 : 14805484;
7352 : 14805227;
7353 : 14739691;
7354 : 14871020;
7355 : 15199985;
7356 : 14936813;
7357 : 14804971;
7358 : 14673641;
7359 : 14542311;
7360 : 14476518;
7361 : 14542311;
7362 : 14739177;
7363 : 14805226;
7364 : 14805483;
7365 : 14871277;
7366 : 14871534;
7367 : 14871278;
7368 : 14804973;
7369 : 14673388;
7370 : 14542316;
7371 : 14410730;
7372 : 13884386;
7373 : 13094614;
7374 : 12239301;
7375 : 11777720;
7376 : 10724511;
7377 : 10131336;
7378 : 10261884;
7379 : 10195054;
7380 : 7430972;
7381 : 8942654;
7382 : 13348704;
7383 : 10126928;
7384 : 14466668;
7385 : 16768124;
7386 : 16768127;
7387 : 16505213;
7388 : 16505216;
7389 : 16505732;
7390 : 16440457;
7391 : 16440458;
7392 : 16439939;
7393 : 16439161;
7394 : 16504178;
7395 : 16504176;
7396 : 16504176;
7397 : 16438384;
7398 : 16306799;
7399 : 16569713;
7400 : 15846248;
7401 : 8943951;
7402 : 12961481;
7403 : 16777215;
7404 : 16777215;
7405 : 16777215;
7406 : 16777215;
7407 : 16777215;
7408 : 16777215;
7409 : 16777215;
7410 : 16777215;
7411 : 16777215;
7412 : 16777215;
7413 : 16777215;
7414 : 16777215;
7415 : 16777215;
7416 : 16777215;
7417 : 16777215;
7418 : 16777215;
7419 : 16777215;
7420 : 16777215;
7421 : 16777215;
7422 : 16777215;
7423 : 16777215;
7424 : 16777215;
7425 : 16777215;
7426 : 16777215;
7427 : 16777215;
7428 : 16777215;
7429 : 16777215;
7430 : 16777215;
7431 : 16777215;
7432 : 16777215;
7433 : 16777215;
7434 : 16777215;
7435 : 16777215;
7436 : 16777215;
7437 : 16777215;
7438 : 16777215;
7439 : 11974843;
7440 : 5790560;
7441 : 7171693;
7442 : 6051655;
7443 : 7364662;
7444 : 11703885;
7445 : 14070878;
7446 : 14136927;
7447 : 14202463;
7448 : 14202463;
7449 : 14202463;
7450 : 14531169;
7451 : 7692852;
7452 : 10059840;
7453 : 14531168;
7454 : 12821845;
7455 : 5458481;
7456 : 9337411;
7457 : 12032588;
7458 : 13939546;
7459 : 14728545;
7460 : 11835211;
7461 : 5987417;
7462 : 13094353;
7463 : 12765130;
7464 : 12765130;
7465 : 12699337;
7466 : 12567494;
7467 : 12501446;
7468 : 12501446;
7469 : 12501446;
7470 : 12501445;
7471 : 12501445;
7472 : 12567751;
7473 : 12764873;
7474 : 12765130;
7475 : 12765130;
7476 : 13423060;
7477 : 14410470;
7478 : 14805484;
7479 : 14871277;
7480 : 14871277;
7481 : 14871277;
7482 : 11844028;
7483 : 11910078;
7484 : 14804971;
7485 : 15331315;
7486 : 14871022;
7487 : 14410986;
7488 : 14082278;
7489 : 13687263;
7490 : 12897490;
7491 : 12041922;
7492 : 11449783;
7493 : 10988972;
7494 : 9935768;
7495 : 9013632;
7496 : 8749424;
7497 : 9143661;
7498 : 9866608;
7499 : 10260588;
7500 : 10522464;
7501 : 11113559;
7502 : 12427865;
7503 : 13611357;
7504 : 14399841;
7505 : 15452522;
7506 : 16044402;
7507 : 16307834;
7508 : 16768902;
7509 : 16769676;
7510 : 16506509;
7511 : 16770193;
7512 : 16769424;
7513 : 16506510;
7514 : 16440974;
7515 : 16506511;
7516 : 16506512;
7517 : 16506252;
7518 : 16439682;
7519 : 16438901;
7520 : 16504176;
7521 : 16504176;
7522 : 16504176;
7523 : 16504176;
7524 : 16504176;
7525 : 16306799;
7526 : 16504177;
7527 : 15057251;
7528 : 8154440;
7529 : 13290446;
7530 : 16777215;
7531 : 16777215;
7532 : 16777215;
7533 : 16777215;
7534 : 16777215;
7535 : 16777215;
7536 : 16777215;
7537 : 16777215;
7538 : 16777215;
7539 : 16777215;
7540 : 16777215;
7541 : 16777215;
7542 : 16777215;
7543 : 16777215;
7544 : 16777215;
7545 : 16777215;
7546 : 16777215;
7547 : 16514302;
7548 : 16185337;
7549 : 16251128;
7550 : 15658734;
7551 : 16382457;
7552 : 16777215;
7553 : 16777215;
7554 : 16777215;
7555 : 16777215;
7556 : 16777215;
7557 : 16777215;
7558 : 16777215;
7559 : 16777215;
7560 : 16777215;
7561 : 16777215;
7562 : 16777215;
7563 : 16777215;
7564 : 16777215;
7565 : 15132390;
7566 : 10724773;
7567 : 11580599;
7568 : 14870507;
7569 : 15133936;
7570 : 14607850;
7571 : 5658973;
7572 : 9007671;
7573 : 14202463;
7574 : 14268255;
7575 : 14333791;
7576 : 14399584;
7577 : 14202463;
7578 : 14728290;
7579 : 8482365;
7580 : 4672077;
7581 : 6115636;
7582 : 10716991;
7583 : 7958615;
7584 : 9738914;
7585 : 7500141;
7586 : 7366218;
7587 : 9468483;
7588 : 12098124;
7589 : 5457449;
7590 : 10659757;
7591 : 12962252;
7592 : 12567495;
7593 : 12501445;
7594 : 12501446;
7595 : 12501447;
7596 : 12501448;
7597 : 12501447;
7598 : 12501446;
7599 : 12501445;
7600 : 12501445;
7601 : 12567494;
7602 : 12765130;
7603 : 12896716;
7604 : 13949405;
7605 : 14673642;
7606 : 14805741;
7607 : 14805741;
7608 : 14805484;
7609 : 14871277;
7610 : 14608106;
7611 : 10857133;
7612 : 7895933;
7613 : 6250849;
7614 : 10065023;
7615 : 11247997;
7616 : 10720364;
7617 : 10654048;
7618 : 10653269;
7619 : 11835989;
7620 : 12493142;
7621 : 13282136;
7622 : 13807962;
7623 : 14860128;
7624 : 15649126;
7625 : 16109417;
7626 : 16372331;
7627 : 16569709;
7628 : 16767089;
7629 : 16767604;
7630 : 16768123;
7631 : 16768387;
7632 : 16637576;
7633 : 16571787;
7634 : 16506252;
7635 : 16440716;
7636 : 16374923;
7637 : 16374666;
7638 : 16374923;
7639 : 16440717;
7640 : 16506510;
7641 : 16506510;
7642 : 16506510;
7643 : 16506252;
7644 : 16439938;
7645 : 16504437;
7646 : 16504176;
7647 : 16504175;
7648 : 16504177;
7649 : 16504177;
7650 : 16504176;
7651 : 16504176;
7652 : 16372591;
7653 : 16701297;
7654 : 14136927;
7655 : 5853499;
7656 : 13224911;
7657 : 16777215;
7658 : 16777215;
7659 : 16777215;
7660 : 16777215;
7661 : 16777215;
7662 : 16777215;
7663 : 16514303;
7664 : 16185338;
7665 : 15724788;
7666 : 15067114;
7667 : 13882582;
7668 : 13027272;
7669 : 12303291;
7670 : 11119015;
7671 : 10657947;
7672 : 10460306;
7673 : 9604996;
7674 : 9407357;
7675 : 10196095;
7676 : 9932404;
7677 : 5788743;
7678 : 6316129;
7679 : 15132390;
7680 : 16777215;
7681 : 16777215;
7682 : 16777215;
7683 : 16777215;
7684 : 16777215;
7685 : 16777215;
7686 : 16777215;
7687 : 16777215;
7688 : 16777215;
7689 : 16777215;
7690 : 16777215;
7691 : 15856112;
7692 : 11184811;
7693 : 10264480;
7694 : 13620440;
7695 : 15002093;
7696 : 14673128;
7697 : 14673385;
7698 : 15266035;
7699 : 9673118;
7700 : 9139258;
7701 : 14859875;
7702 : 13610587;
7703 : 5917738;
7704 : 12032334;
7705 : 14531169;
7706 : 14333790;
7707 : 10849095;
7708 : 9672344;
7709 : 10725551;
7710 : 6250333;
7711 : 4472883;
7712 : 11580600;
7713 : 12962510;
7714 : 11975617;
7715 : 10264998;
7716 : 8290429;
7717 : 5789780;
7718 : 10198946;
7719 : 12764873;
7720 : 12501445;
7721 : 12501446;
7722 : 12501448;
7723 : 12567241;
7724 : 12501447;
7725 : 12501447;
7726 : 12567238;
7727 : 12633031;
7728 : 12633031;
7729 : 12501701;
7730 : 12567751;
7731 : 12699337;
7732 : 13554647;
7733 : 14739434;
7734 : 14805227;
7735 : 14739178;
7736 : 14673897;
7737 : 14673385;
7738 : 14739177;
7739 : 15199728;
7740 : 14344420;
7741 : 10396325;
7742 : 9208162;
7743 : 12887639;
7744 : 16174953;
7745 : 16438381;
7746 : 16569712;
7747 : 16569712;
7748 : 16569712;
7749 : 16701297;
7750 : 16767090;
7751 : 16701297;
7752 : 16569969;
7753 : 16569969;
7754 : 16504176;
7755 : 16504176;
7756 : 16504177;
7757 : 16504177;
7758 : 16504435;
7759 : 16504436;
7760 : 16438900;
7761 : 16504436;
7762 : 16504435;
7763 : 16438642;
7764 : 16438641;
7765 : 16373623;
7766 : 16440199;
7767 : 16440718;
7768 : 16506510;
7769 : 16506510;
7770 : 16440717;
7771 : 16505995;
7772 : 16505733;
7773 : 16439681;
7774 : 16373884;
7775 : 16373368;
7776 : 16241522;
7777 : 16307055;
7778 : 16438384;
7779 : 16241006;
7780 : 15978092;
7781 : 13545307;
7782 : 2564628;
7783 : 9408920;
7784 : 13619409;
7785 : 12434877;
7786 : 11842479;
7787 : 11381411;
7788 : 10986392;
7789 : 10064515;
7790 : 9669752;
7791 : 9274215;
7792 : 9668196;
7793 : 9997157;
7794 : 10128743;
7795 : 10917998;
7796 : 11970167;
7797 : 12693372;
7798 : 13613955;
7799 : 14600333;
7800 : 15323795;
7801 : 15915930;
7802 : 15784599;
7803 : 12035698;
7804 : 8879719;
7805 : 11184551;
7806 : 16053492;
7807 : 16777215;
7808 : 16777215;
7809 : 16777215;
7810 : 16777215;
7811 : 16777215;
7812 : 16777215;
7813 : 16777215;
7814 : 16777215;
7815 : 16777215;
7816 : 16777215;
7817 : 16711421;
7818 : 11447982;
7819 : 7500660;
7820 : 11778235;
7821 : 15331315;
7822 : 15331058;
7823 : 15133679;
7824 : 15067886;
7825 : 15068143;
7826 : 14607848;
7827 : 13094869;
7828 : 6116150;
7829 : 14728287;
7830 : 10323790;
7831 : 9080984;
7832 : 6841171;
7833 : 12163916;
7834 : 14531169;
7835 : 12229455;
7836 : 8158328;
7837 : 13093840;
7838 : 12764875;
7839 : 11382966;
7840 : 12238530;
7841 : 12501701;
7842 : 12501958;
7843 : 12699081;
7844 : 12830667;
7845 : 12765131;
7846 : 12567494;
7847 : 12435909;
7848 : 12501445;
7849 : 12501701;
7850 : 12501446;
7851 : 12501445;
7852 : 12501701;
7853 : 12501701;
7854 : 12501701;
7855 : 12830923;
7856 : 13554646;
7857 : 13752025;
7858 : 13554647;
7859 : 13160144;
7860 : 12765130;
7861 : 13291731;
7862 : 14344421;
7863 : 14607336;
7864 : 14607336;
7865 : 14607335;
7866 : 14607335;
7867 : 13028046;
7868 : 11712444;
7869 : 10856877;
7870 : 8684931;
7871 : 6905150;
7872 : 14794596;
7873 : 16306800;
7874 : 16175215;
7875 : 16175215;
7876 : 16175214;
7877 : 16241005;
7878 : 16438383;
7879 : 16504176;
7880 : 16504175;
7881 : 16372591;
7882 : 16306798;
7883 : 16306798;
7884 : 16241005;
7885 : 16306798;
7886 : 16438384;
7887 : 16504175;
7888 : 16504175;
7889 : 16503920;
7890 : 16504177;
7891 : 16504436;
7892 : 16439421;
7893 : 16505993;
7894 : 16506510;
7895 : 16506511;
7896 : 16506510;
7897 : 16506510;
7898 : 16506510;
7899 : 16375181;
7900 : 16309133;
7901 : 16309133;
7902 : 16177547;
7903 : 16177286;
7904 : 16307837;
7905 : 14466407;
7906 : 10192199;
7907 : 9534786;
7908 : 9337152;
7909 : 8877118;
7910 : 8548156;
7911 : 11178578;
7912 : 12427863;
7913 : 12822103;
7914 : 13742427;
7915 : 14399838;
7916 : 14860127;
7917 : 15386211;
7918 : 15780969;
7919 : 16241783;
7920 : 16571526;
7921 : 16704148;
7922 : 16770976;
7923 : 16771493;
7924 : 16771495;
7925 : 16771495;
7926 : 16771239;
7927 : 16772009;
7928 : 16772007;
7929 : 12693628;
7930 : 8025183;
7931 : 10658209;
7932 : 15592944;
7933 : 16777215;
7934 : 16777215;
7935 : 16777215;
7936 : 16777215;
7937 : 16777215;
7938 : 16777215;
7939 : 16777215;
7940 : 16777215;
7941 : 16777215;
7942 : 16777215;
7943 : 16777215;
7944 : 14277081;
7945 : 6316385;
7946 : 6514023;
7947 : 12041407;
7948 : 11844028;
7949 : 10593703;
7950 : 9474966;
7951 : 9079950;
7952 : 10001052;
7953 : 7105903;
7954 : 6316900;
7955 : 14344933;
7956 : 6908779;
7957 : 10519614;
7958 : 8353374;
7959 : 12963026;
7960 : 11778495;
7961 : 6380622;
7962 : 10848836;
7963 : 13676377;
7964 : 6446416;
7965 : 12435912;
7966 : 12501702;
7967 : 12633032;
7968 : 12501702;
7969 : 12436165;
7970 : 12567494;
7971 : 12567493;
7972 : 12436165;
7973 : 12501445;
7974 : 12501445;
7975 : 12501445;
7976 : 12501444;
7977 : 12436164;
7978 : 12501445;
7979 : 12501445;
7980 : 12501445;
7981 : 12501445;
7982 : 12501445;
7983 : 12567238;
7984 : 13357012;
7985 : 14409956;
7986 : 14673128;
7987 : 14607336;
7988 : 14409700;
7989 : 13883612;
7990 : 13686231;
7991 : 14146781;
7992 : 14475750;
7993 : 14541802;
7994 : 14936557;
7995 : 9212053;
7996 : 6378542;
7997 : 12229969;
7998 : 14137181;
7999 : 16175470;
8000 : 16241007;
8001 : 16175215;
8002 : 16175214;
8003 : 16241006;
8004 : 16372591;
8005 : 16438384;
8006 : 16504176;
8007 : 16504176;
8008 : 16438383;
8009 : 16241006;
8010 : 16109679;
8011 : 16109679;
8012 : 16175215;
8013 : 16175213;
8014 : 16241006;
8015 : 16372591;
8016 : 16438384;
8017 : 16438642;
8018 : 16438904;
8019 : 16439680;
8020 : 16439942;
8021 : 16440457;
8022 : 16440458;
8023 : 16506251;
8024 : 16506252;
8025 : 16506252;
8026 : 16440717;
8027 : 16309132;
8028 : 16243340;
8029 : 16243340;
8030 : 16177804;
8031 : 16177547;
8032 : 16243083;
8033 : 16177289;
8034 : 15980166;
8035 : 16177543;
8036 : 16505735;
8037 : 16768903;
8038 : 16769669;
8039 : 16768638;
8040 : 16767864;
8041 : 16767604;
8042 : 16767091;
8043 : 16701815;
8044 : 16636801;
8045 : 16440459;
8046 : 16441237;
8047 : 16441500;
8048 : 16441760;
8049 : 16442017;
8050 : 16442017;
8051 : 16376226;
8052 : 16376481;
8053 : 16705187;
8054 : 16704929;
8055 : 13613954;
8056 : 8879713;
8057 : 9211019;
8058 : 15198442;
8059 : 16777215;
8060 : 16777215;
8061 : 16777215;
8062 : 16777215;
8063 : 16777215;
8064 : 16777215;
8065 : 16777215;
8066 : 16777215;
8067 : 16777215;
8068 : 16777215;
8069 : 16777215;
8070 : 16777215;
8071 : 16777215;
8072 : 10263708;
8073 : 8355712;
8074 : 11448239;
8075 : 11382189;
8076 : 11119017;
8077 : 12171705;
8078 : 13355979;
8079 : 15263976;
8080 : 13684687;
8081 : 8882827;
8082 : 13620697;
8083 : 9672601;
8084 : 12238788;
8085 : 5326899;
8086 : 9474703;
8087 : 13094352;
8088 : 13028302;
8089 : 11975616;
8090 : 5658196;
8091 : 9205049;
8092 : 6576187;
8093 : 11515066;
8094 : 12633031;
8095 : 12501446;
8096 : 12501701;
8097 : 12501701;
8098 : 12633543;
8099 : 12764873;
8100 : 12699337;
8101 : 12699337;
8102 : 12633544;
8103 : 12633287;
8104 : 12567494;
8105 : 12567494;
8106 : 12501957;
8107 : 12501701;
8108 : 12501701;
8109 : 12501702;
8110 : 12501701;
8111 : 12764873;
8112 : 13225425;
8113 : 13949405;
8114 : 14607335;
8115 : 14673128;
8116 : 14673128;
8117 : 14607594;
8118 : 14344162;
8119 : 14146779;
8120 : 14344419;
8121 : 14476267;
8122 : 14607338;
8123 : 14739180;
8124 : 9671048;
8125 : 12821844;
8126 : 16767347;
8127 : 16109679;
8128 : 16175214;
8129 : 16306798;
8130 : 16438383;
8131 : 16438383;
8132 : 16504176;
8133 : 16504176;
8134 : 16504176;
8135 : 16504176;
8136 : 16504176;
8137 : 16306799;
8138 : 16109679;
8139 : 16109679;
8140 : 16175215;
8141 : 16175214;
8142 : 16175214;
8143 : 16241006;
8144 : 16438383;
8145 : 16504176;
8146 : 16504176;
8147 : 16504176;
8148 : 16504176;
8149 : 16504177;
8150 : 16504178;
8151 : 16504436;
8152 : 16504436;
8153 : 16504436;
8154 : 16504439;
8155 : 16308093;
8156 : 16243077;
8157 : 16177545;
8158 : 16177548;
8159 : 16243341;
8160 : 16374925;
8161 : 16440458;
8162 : 16505990;
8163 : 16505474;
8164 : 16504957;
8165 : 16439160;
8166 : 16504436;
8167 : 16504435;
8168 : 16438901;
8169 : 16373884;
8170 : 16440198;
8171 : 16440717;
8172 : 16243599;
8173 : 16112013;
8174 : 16111754;
8175 : 16243600;
8176 : 16375962;
8177 : 16376222;
8178 : 16244894;
8179 : 16573343;
8180 : 16441495;
8181 : 13547384;
8182 : 9142110;
8183 : 9407882;
8184 : 14540256;
8185 : 16777215;
8186 : 16777215;
8187 : 16777215;
8188 : 16777215;
8189 : 16777215;
8190 : 16777215;
8191 : 16777215;
8192 : 16777215;
8193 : 16777215;
8194 : 16777215;
8195 : 16777215;
8196 : 16777215;
8197 : 16777215;
8198 : 16777215;
8199 : 16777215;
8200 : 16777215;
8201 : 16777215;
8202 : 16777215;
8203 : 16777215;
8204 : 16777215;
8205 : 16777215;
8206 : 16777215;
8207 : 12763842;
8208 : 8093311;
8209 : 12041407;
8210 : 9343379;
8211 : 12435909;
8212 : 15528693;
8213 : 10988977;
8214 : 12765131;
8215 : 12830923;
8216 : 12699337;
8217 : 12699080;
8218 : 12567496;
8219 : 7566450;
8220 : 2828061;
8221 : 10593704;
8222 : 12699081;
8223 : 12501446;
8224 : 12501702;
8225 : 12567494;
8226 : 12699594;
8227 : 12765130;
8228 : 12765130;
8229 : 12765130;
8230 : 12765130;
8231 : 12765130;
8232 : 12765130;
8233 : 12764873;
8234 : 12764873;
8235 : 12699337;
8236 : 12765130;
8237 : 12699337;
8238 : 12699337;
8239 : 12699337;
8240 : 13686232;
8241 : 14409955;
8242 : 14541541;
8243 : 14607335;
8244 : 14607335;
8245 : 14541799;
8246 : 14541801;
8247 : 14541802;
8248 : 14476266;
8249 : 14673646;
8250 : 14541801;
8251 : 14673128;
8252 : 14607594;
8253 : 8684670;
8254 : 12624467;
8255 : 16701297;
8256 : 16372590;
8257 : 16504176;
8258 : 16504176;
8259 : 16504176;
8260 : 16504176;
8261 : 16504176;
8262 : 16504176;
8263 : 16504176;
8264 : 16438384;
8265 : 16241006;
8266 : 16175215;
8267 : 16175215;
8268 : 16175215;
8269 : 16175215;
8270 : 16175215;
8271 : 16175213;
8272 : 16372590;
8273 : 16504176;
8274 : 16504176;
8275 : 16504176;
8276 : 16504176;
8277 : 16504175;
8278 : 16504175;
8279 : 16504176;
8280 : 16504177;
8281 : 16504438;
8282 : 16439678;
8283 : 16505734;
8284 : 16440459;
8285 : 16374925;
8286 : 16374925;
8287 : 16439940;
8288 : 16504695;
8289 : 16504434;
8290 : 16504176;
8291 : 16504175;
8292 : 16504175;
8293 : 16504175;
8294 : 16504176;
8295 : 16438642;
8296 : 16504436;
8297 : 16438901;
8298 : 16504436;
8299 : 16504178;
8300 : 16307055;
8301 : 16109678;
8302 : 16176248;
8303 : 16309130;
8304 : 16506768;
8305 : 16637578;
8306 : 15650683;
8307 : 12691557;
8308 : 9273436;
8309 : 9868688;
8310 : 14672099;
8311 : 16777215;
8312 : 16777215;
8313 : 16777215;
8314 : 16777215;
8315 : 16777215;
8316 : 16777215;
8317 : 16777215;
8318 : 16777215;
8319 : 16777215;
8320 : 16777215;
8321 : 16777215;
8322 : 16777215;
8323 : 16777215;
8324 : 16777215;
8325 : 16777215;
8326 : 16777215;
8327 : 16777215;
8328 : 16777215;
8329 : 16777215;
8330 : 16777215;
8331 : 16777215;
8332 : 16777215;
8333 : 16777215;
8334 : 16777215;
8335 : 10855845;
8336 : 11119017;
8337 : 4605768;
8338 : 11909565;
8339 : 15199985;
8340 : 14804970;
8341 : 15199986;
8342 : 14673385;
8343 : 12765130;
8344 : 12435909;
8345 : 12435909;
8346 : 12567239;
8347 : 12699338;
8348 : 10461862;
8349 : 11975357;
8350 : 12567239;
8351 : 12501446;
8352 : 12567494;
8353 : 12699080;
8354 : 12765130;
8355 : 12765130;
8356 : 12765130;
8357 : 12765130;
8358 : 12765130;
8359 : 12765130;
8360 : 12765130;
8361 : 12765130;
8362 : 12765130;
8363 : 12765130;
8364 : 12765130;
8365 : 12765130;
8366 : 12765130;
8367 : 12699337;
8368 : 13028046;
8369 : 14212833;
8370 : 14673384;
8371 : 14542311;
8372 : 14607335;
8373 : 14607335;
8374 : 14607335;
8375 : 14607335;
8376 : 14278630;
8377 : 12831184;
8378 : 15002351;
8379 : 14738921;
8380 : 14738921;
8381 : 14542058;
8382 : 8092788;
8383 : 13019220;
8384 : 16767859;
8385 : 16504176;
8386 : 16504176;
8387 : 16504176;
8388 : 16504176;
8389 : 16504176;
8390 : 16372591;
8391 : 16241006;
8392 : 16175215;
8393 : 16175214;
8394 : 16175215;
8395 : 16109679;
8396 : 16109679;
8397 : 16175214;
8398 : 16175214;
8399 : 16241007;
8400 : 16504176;
8401 : 16504176;
8402 : 16504177;
8403 : 16504177;
8404 : 16504434;
8405 : 16504694;
8406 : 16439422;
8407 : 16505734;
8408 : 16506251;
8409 : 16506510;
8410 : 16506768;
8411 : 16506511;
8412 : 16440717;
8413 : 16506252;
8414 : 16439938;
8415 : 16504435;
8416 : 16503919;
8417 : 16438382;
8418 : 16438383;
8419 : 16504177;
8420 : 16504176;
8421 : 16504176;
8422 : 16504176;
8423 : 16504176;
8424 : 16504176;
8425 : 16504176;
8426 : 16504176;
8427 : 16504176;
8428 : 16504177;
8429 : 16504438;
8430 : 16768125;
8431 : 16702070;
8432 : 14268767;
8433 : 10587474;
8434 : 9998199;
8435 : 12237239;
8436 : 15330029;
8437 : 16777215;
8438 : 16777215;
8439 : 16777215;
8440 : 16777215;
8441 : 16777215;
8442 : 16777215;
8443 : 16777215;
8444 : 16777215;
8445 : 16777215;
8446 : 16777215;
8447 : 16777215;
8448 : 16777215;
8449 : 16777215;
8450 : 16777215;
8451 : 16777215;
8452 : 16777215;
8453 : 16777215;
8454 : 16777215;
8455 : 16777215;
8456 : 16777215;
8457 : 16777215;
8458 : 16777215;
8459 : 16777215;
8460 : 16777215;
8461 : 16777215;
8462 : 16777215;
8463 : 16711422;
8464 : 9211277;
8465 : 12041408;
8466 : 15199472;
8467 : 13950174;
8468 : 14476518;
8469 : 14607335;
8470 : 14607336;
8471 : 13094096;
8472 : 12238270;
8473 : 12369600;
8474 : 12501447;
8475 : 12501447;
8476 : 12896459;
8477 : 13225425;
8478 : 12633031;
8479 : 12435909;
8480 : 12633544;
8481 : 12699337;
8482 : 12699337;
8483 : 12765130;
8484 : 12765130;
8485 : 12765130;
8486 : 12765130;
8487 : 12765130;
8488 : 12765130;
8489 : 12765130;
8490 : 12765130;
8491 : 12765130;
8492 : 12765130;
8493 : 12765130;
8494 : 12896716;
8495 : 12830666;
8496 : 12765130;
8497 : 13488853;
8498 : 14542312;
8499 : 14805484;
8500 : 14870507;
8501 : 14673127;
8502 : 14607335;
8503 : 14607335;
8504 : 14738921;
8505 : 9541015;
8506 : 10067102;
8507 : 13883871;
8508 : 14608108;
8509 : 15331829;
8510 : 14937331;
8511 : 8157548;
8512 : 13676889;
8513 : 16767603;
8514 : 16504176;
8515 : 16372591;
8516 : 16306799;
8517 : 16241007;
8518 : 16175215;
8519 : 16174959;
8520 : 16174959;
8521 : 16175214;
8522 : 16175215;
8523 : 16175214;
8524 : 16241006;
8525 : 16241006;
8526 : 16306798;
8527 : 16438384;
8528 : 16504176;
8529 : 16504176;
8530 : 16504176;
8531 : 16504178;
8532 : 16438901;
8533 : 16504955;
8534 : 16374144;
8535 : 16374147;
8536 : 16374405;
8537 : 16440456;
8538 : 16506251;
8539 : 16440717;
8540 : 16440717;
8541 : 16440717;
8542 : 16440456;
8543 : 16374146;
8544 : 16373629;
8545 : 16176248;
8546 : 16175732;
8547 : 16241521;
8548 : 16438641;
8549 : 16504177;
8550 : 16504176;
8551 : 16504176;
8552 : 16504176;
8553 : 16504176;
8554 : 16504176;
8555 : 16635761;
8556 : 16767859;
8557 : 16043882;
8558 : 13085014;
8559 : 9601881;
8560 : 10394257;
8561 : 14211549;
8562 : 16711679;
8563 : 16777215;
8564 : 16777215;
8565 : 16777215;
8566 : 16777215;
8567 : 16777215;
8568 : 16777215;
8569 : 16777215;
8570 : 16777215;
8571 : 16777215;
8572 : 16777215;
8573 : 16777215;
8574 : 16777215;
8575 : 16777215;
8576 : 16777215;
8577 : 16777215;
8578 : 16777215;
8579 : 16777215;
8580 : 16777215;
8581 : 16777215;
8582 : 16777215;
8583 : 16777215;
8584 : 16777215;
8585 : 16777215;
8586 : 16777215;
8587 : 16777215;
8588 : 16777215;
8589 : 16777215;
8590 : 16514042;
8591 : 8290175;
8592 : 10725546;
8593 : 15463156;
8594 : 13291730;
8595 : 10856876;
8596 : 14871019;
8597 : 14607334;
8598 : 14673128;
8599 : 13686235;
8600 : 12764617;
8601 : 12370112;
8602 : 12435909;
8603 : 12435910;
8604 : 12830666;
8605 : 14080990;
8606 : 13225682;
8607 : 12370372;
8608 : 12896715;
8609 : 13357266;
8610 : 12830923;
8611 : 12765130;
8612 : 12765130;
8613 : 12765130;
8614 : 12765130;
8615 : 12765130;
8616 : 12896716;
8617 : 12830923;
8618 : 12765130;
8619 : 12765130;
8620 : 12765130;
8621 : 12896716;
8622 : 14015455;
8623 : 14344676;
8624 : 13752282;
8625 : 13620440;
8626 : 14278626;
8627 : 14805227;
8628 : 14871020;
8629 : 14607847;
8630 : 14542054;
8631 : 14607335;
8632 : 14673128;
8633 : 14607591;
8634 : 6250592;
8635 : 7628869;
8636 : 9274986;
8637 : 9013889;
8638 : 9672858;
8639 : 11384255;
8640 : 7302497;
8641 : 14071390;
8642 : 16636018;
8643 : 16372590;
8644 : 16175214;
8645 : 16109679;
8646 : 16175214;
8647 : 16175215;
8648 : 16175214;
8649 : 16241006;
8650 : 16306799;
8651 : 16372591;
8652 : 16438384;
8653 : 16504176;
8654 : 16504176;
8655 : 16504176;
8656 : 16504176;
8657 : 16504176;
8658 : 16504176;
8659 : 16438384;
8660 : 16306799;
8661 : 16306542;
8662 : 16175214;
8663 : 16175213;
8664 : 16175212;
8665 : 16307054;
8666 : 16504435;
8667 : 16439420;
8668 : 16440457;
8669 : 16440718;
8670 : 16506511;
8671 : 16506512;
8672 : 16375181;
8673 : 16177286;
8674 : 16110716;
8675 : 16044402;
8676 : 16438384;
8677 : 16504177;
8678 : 16504176;
8679 : 16504176;
8680 : 16569968;
8681 : 16767603;
8682 : 16767858;
8683 : 15320675;
8684 : 11442003;
8685 : 9800560;
8686 : 11645102;
8687 : 15396080;
8688 : 16777215;
8689 : 16777215;
8690 : 16777215;
8691 : 16777215;
8692 : 16777215;
8693 : 16777215;
8694 : 16777215;
8695 : 16777215;
8696 : 16777215;
8697 : 16777215;
8698 : 16777215;
8699 : 16777215;
8700 : 16777215;
8701 : 16777215;
8702 : 16777215;
8703 : 16777215;
8704 : 16777215;
8705 : 16777215;
8706 : 16777215;
8707 : 16777215;
8708 : 16777215;
8709 : 16777215;
8710 : 16777215;
8711 : 16777215;
8712 : 16777215;
8713 : 16777215;
8714 : 16777215;
8715 : 16777215;
8716 : 16777215;
8717 : 16645372;
8718 : 8947848;
8719 : 10528168;
8720 : 15529207;
8721 : 14278883;
8722 : 8093312;
8723 : 13357523;
8724 : 14870506;
8725 : 14607334;
8726 : 14607335;
8727 : 14212835;
8728 : 13817821;
8729 : 12896459;
8730 : 12435908;
8731 : 12436167;
8732 : 13028047;
8733 : 14475750;
8734 : 14212577;
8735 : 12699080;
8736 : 13159888;
8737 : 14344419;
8738 : 13686232;
8739 : 12699337;
8740 : 12699337;
8741 : 12765130;
8742 : 12765130;
8743 : 12699337;
8744 : 13094095;
8745 : 13818075;
8746 : 12896716;
8747 : 12699337;
8748 : 12962509;
8749 : 13620440;
8750 : 14344419;
8751 : 14542056;
8752 : 15199986;
8753 : 14739434;
8754 : 14738921;
8755 : 14673384;
8756 : 14607847;
8757 : 14541798;
8758 : 14607334;
8759 : 14607334;
8760 : 14607334;
8761 : 14870506;
8762 : 14673128;
8763 : 9799777;
8764 : 15583329;
8765 : 14728287;
8766 : 12164174;
8767 : 11178837;
8768 : 10128222;
8769 : 10718027;
8770 : 16701810;
8771 : 16504176;
8772 : 16438383;
8773 : 16306798;
8774 : 16372591;
8775 : 16372592;
8776 : 16438384;
8777 : 16504176;
8778 : 16504176;
8779 : 16504176;
8780 : 16504176;
8781 : 16504176;
8782 : 16504176;
8783 : 16504176;
8784 : 16504176;
8785 : 16504176;
8786 : 16438384;
8787 : 16241005;
8788 : 16175212;
8789 : 16175213;
8790 : 16044143;
8791 : 16175472;
8792 : 16307317;
8793 : 16373885;
8794 : 16505734;
8795 : 16506251;
8796 : 16506510;
8797 : 16440718;
8798 : 16440458;
8799 : 16439679;
8800 : 16504437;
8801 : 16372849;
8802 : 16306798;
8803 : 16306798;
8804 : 16504176;
8805 : 16504176;
8806 : 16569969;
8807 : 16767859;
8808 : 16372847;
8809 : 12690771;
8810 : 9206859;
8811 : 9604477;
8812 : 13290445;
8813 : 16514303;
8814 : 16777215;
8815 : 16777215;
8816 : 16777215;
8817 : 16777215;
8818 : 16777215;
8819 : 16777215;
8820 : 16777215;
8821 : 16777215;
8822 : 16777215;
8823 : 16777215;
8824 : 16777215;
8825 : 16777215;
8826 : 16777215;
8827 : 16777215;
8828 : 16777215;
8829 : 16777215;
8830 : 16777215;
8831 : 16777215;
8832 : 16777215;
8833 : 16777215;
8834 : 16777215;
8835 : 16777215;
8836 : 16777215;
8837 : 16777215;
8838 : 16777215;
8839 : 16777215;
8840 : 16777215;
8841 : 16777215;
8842 : 16777215;
8843 : 16777215;
8844 : 16777215;
8845 : 10263965;
8846 : 9409686;
8847 : 12699594;
8848 : 11449012;
8849 : 9277327;
8850 : 9146257;
8851 : 15068142;
8852 : 14607335;
8853 : 14607335;
8854 : 14607335;
8855 : 14541802;
8856 : 14476010;
8857 : 13488855;
8858 : 12436167;
8859 : 13094097;
8860 : 13423063;
8861 : 14541542;
8862 : 14673128;
8863 : 13488853;
8864 : 13160145;
8865 : 14739178;
8866 : 14804714;
8867 : 13291731;
8868 : 12699337;
8869 : 12765130;
8870 : 12765130;
8871 : 12765130;
8872 : 12896459;
8873 : 14476007;
8874 : 14147297;
8875 : 12830924;
8876 : 13488854;
8877 : 14541799;
8878 : 14607591;
8879 : 8422277;
8880 : 12896976;
8881 : 15331829;
8882 : 15002350;
8883 : 14673898;
8884 : 14542054;
8885 : 14738921;
8886 : 14804457;
8887 : 14541798;
8888 : 14607591;
8889 : 14673127;
8890 : 15462643;
8891 : 13159376;
8892 : 9732429;
8893 : 16701038;
8894 : 16701297;
8895 : 16767345;
8896 : 16767600;
8897 : 16767090;
8898 : 16504176;
8899 : 16504176;
8900 : 16504176;
8901 : 16504176;
8902 : 16504176;
8903 : 16504176;
8904 : 16504176;
8905 : 16504176;
8906 : 16504176;
8907 : 16504176;
8908 : 16504176;
8909 : 16504176;
8910 : 16504176;
8911 : 16504176;
8912 : 16504177;
8913 : 16504177;
8914 : 16438642;
8915 : 16372594;
8916 : 16241522;
8917 : 16307057;
8918 : 16372593;
8919 : 16373107;
8920 : 16439420;
8921 : 16505736;
8922 : 16506511;
8923 : 16506511;
8924 : 16506510;
8925 : 16506510;
8926 : 16506252;
8927 : 16440197;
8928 : 16504954;
8929 : 16504434;
8930 : 16504176;
8931 : 16504175;
8932 : 16504176;
8933 : 16569968;
8934 : 15781484;
8935 : 11572815;
8936 : 4603175;
8937 : 8619143;
8938 : 14672358;
8939 : 16777215;
8940 : 16777215;
8941 : 16777215;
8942 : 16777215;
8943 : 16777215;
8944 : 16777215;
8945 : 16777215;
8946 : 16777215;
8947 : 16777215;
8948 : 16777215;
8949 : 16777215;
8950 : 16777215;
8951 : 16777215;
8952 : 16777215;
8953 : 16777215;
8954 : 16777215;
8955 : 16777215;
8956 : 16777215;
8957 : 16777215;
8958 : 16777215;
8959 : 16777215;
8960 : 16777215;
8961 : 16777215;
8962 : 16777215;
8963 : 16777215;
8964 : 16777215;
8965 : 16777215;
8966 : 16777215;
8967 : 16777215;
8968 : 16777215;
8969 : 16777215;
8970 : 16777215;
8971 : 16777215;
8972 : 12040119;
8973 : 4540231;
8974 : 10724774;
8975 : 12961221;
8976 : 15724270;
8977 : 9277328;
8978 : 14147041;
8979 : 14673129;
8980 : 14607335;
8981 : 14607335;
8982 : 14673128;
8983 : 14343907;
8984 : 14607335;
8985 : 14146784;
8986 : 12896717;
8987 : 13883612;
8988 : 14146785;
8989 : 14541542;
8990 : 14673127;
8991 : 14344163;
8992 : 13620438;
8993 : 14607591;
8994 : 14739434;
8995 : 14344419;
8996 : 12896972;
8997 : 12765130;
8998 : 12765130;
8999 : 12765130;
9000 : 12699337;
9001 : 13884125;
9002 : 14937070;
9003 : 14212577;
9004 : 14015454;
9005 : 14739691;
9006 : 15331828;
9007 : 9672859;
9008 : 5524787;
9009 : 10527389;
9010 : 14345194;
9011 : 15265779;
9012 : 14805227;
9013 : 14936299;
9014 : 15856628;
9015 : 15593971;
9016 : 14871020;
9017 : 14936300;
9018 : 15133678;
9019 : 16383230;
9020 : 11447982;
9021 : 11441229;
9022 : 16767346;
9023 : 16503920;
9024 : 16504176;
9025 : 16504177;
9026 : 16504176;
9027 : 16504176;
9028 : 16504176;
9029 : 16504176;
9030 : 16504176;
9031 : 16504176;
9032 : 16504176;
9033 : 16504176;
9034 : 16504176;
9035 : 16504176;
9036 : 16504176;
9037 : 16504176;
9038 : 16504176;
9039 : 16504176;
9040 : 16504176;
9041 : 16438642;
9042 : 16438903;
9043 : 16439679;
9044 : 16440200;
9045 : 16505995;
9046 : 16505995;
9047 : 16505992;
9048 : 16505991;
9049 : 16505994;
9050 : 16440717;
9051 : 16506510;
9052 : 16506511;
9053 : 16506510;
9054 : 16506511;
9055 : 16506513;
9056 : 16506512;
9057 : 16440459;
9058 : 16439939;
9059 : 16504698;
9060 : 16504435;
9061 : 16504433;
9062 : 15452266;
9063 : 14071649;
9064 : 12493657;
9065 : 10392173;
9066 : 10526102;
9067 : 13817047;
9068 : 16448767;
9069 : 16777215;
9070 : 16777215;
9071 : 16777215;
9072 : 16777215;
9073 : 16777215;
9074 : 16777215;
9075 : 16777215;
9076 : 16777215;
9077 : 16777215;
9078 : 16777215;
9079 : 16777215;
9080 : 16777215;
9081 : 16777215;
9082 : 16777215;
9083 : 16777215;
9084 : 16777215;
9085 : 16777215;
9086 : 16777215;
9087 : 16777215;
9088 : 16777215;
9089 : 16777215;
9090 : 16777215;
9091 : 16777215;
9092 : 16777215;
9093 : 16777215;
9094 : 16777215;
9095 : 16777215;
9096 : 16777215;
9097 : 16777215;
9098 : 16777215;
9099 : 16777215;
9100 : 14869218;
9101 : 14671582;
9102 : 16777215;
9103 : 16777215;
9104 : 12105912;
9105 : 10198946;
9106 : 15397108;
9107 : 14673128;
9108 : 14607335;
9109 : 14607335;
9110 : 14936300;
9111 : 10593703;
9112 : 13357267;
9113 : 14673128;
9114 : 13752025;
9115 : 14278369;
9116 : 14541541;
9117 : 14607078;
9118 : 14607335;
9119 : 14804714;
9120 : 14476005;
9121 : 14542054;
9122 : 14542054;
9123 : 14673127;
9124 : 13883868;
9125 : 13357267;
9126 : 13291475;
9127 : 12896717;
9128 : 12699080;
9129 : 13291474;
9130 : 14739434;
9131 : 14804714;
9132 : 14475749;
9133 : 14739178;
9134 : 14937070;
9135 : 14279400;
9136 : 9602398;
9137 : 13347926;
9138 : 8879712;
9139 : 11054256;
9140 : 14804975;
9141 : 15265523;
9142 : 15396849;
9143 : 16580093;
9144 : 16382972;
9145 : 15856886;
9146 : 15856886;
9147 : 16119801;
9148 : 16645887;
9149 : 9868427;
9150 : 13347927;
9151 : 16767859;
9152 : 16504176;
9153 : 16504177;
9154 : 16504176;
9155 : 16504176;
9156 : 16504176;
9157 : 16504176;
9158 : 16504176;
9159 : 16504176;
9160 : 16504176;
9161 : 16504176;
9162 : 16504176;
9163 : 16504176;
9164 : 16504176;
9165 : 16504176;
9166 : 16504176;
9167 : 16504176;
9168 : 16504176;
9169 : 16504177;
9170 : 16504177;
9171 : 16504178;
9172 : 16438901;
9173 : 16439418;
9174 : 16439683;
9175 : 16440458;
9176 : 16440717;
9177 : 16375182;
9178 : 16374925;
9179 : 16440716;
9180 : 16440458;
9181 : 16440198;
9182 : 16439939;
9183 : 16439681;
9184 : 16505216;
9185 : 16505216;
9186 : 16439680;
9187 : 16505214;
9188 : 16504698;
9189 : 16373107;
9190 : 16504176;
9191 : 16701553;
9192 : 16767859;
9193 : 16503917;
9194 : 14268508;
9195 : 10850129;
9196 : 9208421;
9197 : 10657947;
9198 : 14408926;
9199 : 16777215;
9200 : 16777215;
9201 : 16777215;
9202 : 16777215;
9203 : 16777215;
9204 : 16777215;
9205 : 16777215;
9206 : 16777215;
9207 : 16777215;
9208 : 16777215;
9209 : 16777215;
9210 : 16777215;
9211 : 16777215;
9212 : 16777215;
9213 : 16777215;
9214 : 16777215;
9215 : 16777215;
9216 : 16777215;
9217 : 16777215;
9218 : 16777215;
9219 : 16777215;
9220 : 16777215;
9221 : 16777215;
9222 : 16777215;
9223 : 16777215;
9224 : 16777215;
9225 : 16777215;
9226 : 16777215;
9227 : 16777215;
9228 : 16777215;
9229 : 16777215;
9230 : 16777215;
9231 : 16119285;
9232 : 7895675;
9233 : 14410469;
9234 : 15265007;
9235 : 15001835;
9236 : 14607334;
9237 : 14673127;
9238 : 15199729;
9239 : 10067616;
9240 : 12172993;
9241 : 15002349;
9242 : 14409956;
9243 : 14476006;
9244 : 14673385;
9245 : 14739178;
9246 : 14870763;
9247 : 14936557;
9248 : 14871020;
9249 : 14739947;
9250 : 14607848;
9251 : 14607335;
9252 : 14607335;
9253 : 14410212;
9254 : 14541542;
9255 : 14080991;
9256 : 13159631;
9257 : 12699080;
9258 : 14212576;
9259 : 14673128;
9260 : 14870506;
9261 : 14607335;
9262 : 14805227;
9263 : 15266036;
9264 : 10264737;
9265 : 13282392;
9266 : 16439150;
9267 : 12230484;
9268 : 9143144;
9269 : 12040637;
9270 : 15856889;
9271 : 16646143;
9272 : 16777215;
9273 : 16777214;
9274 : 16645886;
9275 : 16579838;
9276 : 16711679;
9277 : 15987958;
9278 : 8025187;
9279 : 14465886;
9280 : 16767346;
9281 : 16504176;
9282 : 16504176;
9283 : 16504176;
9284 : 16504176;
9285 : 16504176;
9286 : 16504176;
9287 : 16504176;
9288 : 16504176;
9289 : 16504176;
9290 : 16504176;
9291 : 16504176;
9292 : 16504176;
9293 : 16504176;
9294 : 16504176;
9295 : 16504176;
9296 : 16504176;
9297 : 16504176;
9298 : 16504176;
9299 : 16504176;
9300 : 16504176;
9301 : 16504175;
9302 : 16504176;
9303 : 16438643;
9304 : 16307576;
9305 : 16177027;
9306 : 16177547;
9307 : 16243338;
9308 : 16440200;
9309 : 16505217;
9310 : 16439417;
9311 : 16438642;
9312 : 16438640;
9313 : 16504176;
9314 : 16504177;
9315 : 16438383;
9316 : 16438384;
9317 : 16372592;
9318 : 16306800;
9319 : 16307057;
9320 : 16373109;
9321 : 16439159;
9322 : 16636541;
9323 : 16702849;
9324 : 15913336;
9325 : 13283176;
9326 : 10128745;
9327 : 9473411;
9328 : 12566464;
9329 : 15987701;
9330 : 16777215;
9331 : 16777215;
9332 : 16777215;
9333 : 16777215;
9334 : 16777215;
9335 : 16777215;
9336 : 16777215;
9337 : 16777215;
9338 : 16777215;
9339 : 16777215;
9340 : 16777215;
9341 : 16777215;
9342 : 16777215;
9343 : 16777215;
9344 : 16777215;
9345 : 16777215;
9346 : 16777215;
9347 : 16777215;
9348 : 16777215;
9349 : 16777215;
9350 : 16777215;
9351 : 16777215;
9352 : 16777215;
9353 : 16777215;
9354 : 16777215;
9355 : 16777215;
9356 : 16777215;
9357 : 16777215;
9358 : 16777215;
9359 : 11382188;
9360 : 10528168;
9361 : 15594486;
9362 : 15922678;
9363 : 14738920;
9364 : 14607335;
9365 : 14673127;
9366 : 15397621;
9367 : 9278103;
9368 : 11844285;
9369 : 15134449;
9370 : 14739691;
9371 : 14805228;
9372 : 14871277;
9373 : 14805484;
9374 : 14871277;
9375 : 14871277;
9376 : 14805484;
9377 : 14871277;
9378 : 14805484;
9379 : 14870507;
9380 : 14805484;
9381 : 14805484;
9382 : 14936557;
9383 : 14870763;
9384 : 14409955;
9385 : 13357267;
9386 : 13817818;
9387 : 14607335;
9388 : 15265006;
9389 : 15330800;
9390 : 14739691;
9391 : 15068143;
9392 : 14081252;
9393 : 9405018;
9394 : 16635759;
9395 : 16767859;
9396 : 16109674;
9397 : 11507537;
9398 : 8880238;
9399 : 12632518;
9400 : 16645887;
9401 : 16777215;
9402 : 16777215;
9403 : 16777215;
9404 : 16777215;
9405 : 16777215;
9406 : 14737893;
9407 : 7892045;
9408 : 15846761;
9409 : 16635761;
9410 : 16504176;
9411 : 16504176;
9412 : 16504176;
9413 : 16504176;
9414 : 16504176;
9415 : 16504176;
9416 : 16438383;
9417 : 16504176;
9418 : 16504176;
9419 : 16504176;
9420 : 16504176;
9421 : 16504176;
9422 : 16504176;
9423 : 16504176;
9424 : 16504176;
9425 : 16569969;
9426 : 16504176;
9427 : 16504176;
9428 : 16504176;
9429 : 16504176;
9430 : 16438383;
9431 : 16306542;
9432 : 16109677;
9433 : 16110197;
9434 : 16177028;
9435 : 16177547;
9436 : 16309133;
9437 : 16440717;
9438 : 16440716;
9439 : 16439942;
9440 : 16439163;
9441 : 16307057;
9442 : 16372591;
9443 : 16306799;
9444 : 16372592;
9445 : 16372592;
9446 : 16306799;
9447 : 16241263;
9448 : 16241265;
9449 : 16175989;
9450 : 16176508;
9451 : 16177287;
9452 : 16243858;
9453 : 16508068;
9454 : 16705968;
9455 : 15259299;
9456 : 11510913;
9457 : 9209719;
9458 : 10658463;
9459 : 14408669;
9460 : 16777215;
9461 : 16777215;
9462 : 16777215;
9463 : 16777215;
9464 : 16777215;
9465 : 16777215;
9466 : 16777215;
9467 : 16777215;
9468 : 16777215;
9469 : 16777215;
9470 : 16777215;
9471 : 16777215;
9472 : 16777215;
9473 : 16777215;
9474 : 16777215;
9475 : 16777215;
9476 : 16777215;
9477 : 16777215;
9478 : 16777215;
9479 : 16777215;
9480 : 16777215;
9481 : 16777215;
9482 : 16777215;
9483 : 16777215;
9484 : 16777215;
9485 : 16777215;
9486 : 15724527;
9487 : 8421504;
9488 : 15264493;
9489 : 16448507;
9490 : 15462127;
9491 : 14410472;
9492 : 14607336;
9493 : 15133679;
9494 : 11712442;
9495 : 3946020;
9496 : 11185841;
9497 : 15265779;
9498 : 14871020;
9499 : 14936556;
9500 : 14871277;
9501 : 14805484;
9502 : 14805484;
9503 : 14805740;
9504 : 14871021;
9505 : 14739434;
9506 : 14871277;
9507 : 14871277;
9508 : 14871277;
9509 : 14936813;
9510 : 14871277;
9511 : 14805741;
9512 : 14871277;
9513 : 14738921;
9514 : 14278626;
9515 : 14673128;
9516 : 14936556;
9517 : 16185850;
9518 : 15528179;
9519 : 15133679;
9520 : 16383231;
9521 : 10132114;
9522 : 14531422;
9523 : 16701554;
9524 : 16569969;
9525 : 16768115;
9526 : 15254884;
9527 : 9600324;
9528 : 7696483;
9529 : 13093068;
9530 : 16777215;
9531 : 16777215;
9532 : 16777215;
9533 : 16777215;
9534 : 16777215;
9535 : 12698567;
9536 : 9206087;
9537 : 16767857;
9538 : 16504176;
9539 : 16504176;
9540 : 16504176;
9541 : 16504176;
9542 : 16306798;
9543 : 16241006;
9544 : 16175470;
9545 : 16241006;
9546 : 16438384;
9547 : 16504176;
9548 : 16504176;
9549 : 16504176;
9550 : 16504176;
9551 : 16504176;
9552 : 16504176;
9553 : 16504176;
9554 : 16504176;
9555 : 16504176;
9556 : 16504176;
9557 : 16504176;
9558 : 16438383;
9559 : 16241006;
9560 : 16175213;
9561 : 16175471;
9562 : 16242042;
9563 : 16243080;
9564 : 16309388;
9565 : 16375180;
9566 : 16440717;
9567 : 16440718;
9568 : 16374667;
9569 : 16308353;
9570 : 16242038;
9571 : 16372593;
9572 : 16372591;
9573 : 16306799;
9574 : 16306799;
9575 : 16635504;
9576 : 16635504;
9577 : 16503919;
9578 : 16503662;
9579 : 16438641;
9580 : 16505474;
9581 : 16572823;
9582 : 16639657;
9583 : 16771762;
9584 : 16772793;
9585 : 16048815;
9586 : 13023373;
9587 : 9011559;
9588 : 7500139;
9589 : 12303292;
9590 : 16777215;
9591 : 16777215;
9592 : 16777215;
9593 : 16777215;
9594 : 16777215;
9595 : 16777215;
9596 : 16777215;
9597 : 16777215;
9598 : 16777215;
9599 : 16777215;
9600 : 16777215;
9601 : 16777215;
9602 : 16777215;
9603 : 16777215;
9604 : 16777215;
9605 : 16777215;
9606 : 16777215;
9607 : 16777215;
9608 : 16777215;
9609 : 16777215;
9610 : 16777215;
9611 : 16777215;
9612 : 16777215;
9613 : 16777215;
9614 : 10461087;
9615 : 13158601;
9616 : 16777215;
9617 : 16316922;
9618 : 14410209;
9619 : 14673384;
9620 : 15265267;
9621 : 11515065;
9622 : 8022850;
9623 : 11505989;
9624 : 9145996;
9625 : 15266293;
9626 : 14936813;
9627 : 15068142;
9628 : 14805484;
9629 : 14871020;
9630 : 14805484;
9631 : 14805484;
9632 : 14805227;
9633 : 11581112;
9634 : 14476518;
9635 : 14936814;
9636 : 14936557;
9637 : 14936557;
9638 : 14936813;
9639 : 14871277;
9640 : 14805484;
9641 : 14936813;
9642 : 14936300;
9643 : 14936300;
9644 : 14805228;
9645 : 15462643;
9646 : 16645886;
9647 : 15988472;
9648 : 16448506;
9649 : 14869479;
9650 : 10653525;
9651 : 16767344;
9652 : 16372590;
9653 : 16372591;
9654 : 16635761;
9655 : 16768115;
9656 : 14794592;
9657 : 9600583;
9658 : 9473154;
9659 : 14672100;
9660 : 16777215;
9661 : 16777215;
9662 : 16777215;
9663 : 16777215;
9664 : 9737363;
9665 : 11572556;
9666 : 16768116;
9667 : 16504176;
9668 : 16504176;
9669 : 16438383;
9670 : 16306799;
9671 : 16175215;
9672 : 16044143;
9673 : 16175213;
9674 : 16241005;
9675 : 16438384;
9676 : 16504176;
9677 : 16504176;
9678 : 16438383;
9679 : 16372591;
9680 : 16306799;
9681 : 16241006;
9682 : 16241006;
9683 : 16306798;
9684 : 16372591;
9685 : 16372591;
9686 : 16306799;
9687 : 16175214;
9688 : 16175213;
9689 : 16175730;
9690 : 16439680;
9691 : 16440458;
9692 : 16440461;
9693 : 16374924;
9694 : 16375181;
9695 : 16440717;
9696 : 16440717;
9697 : 16440718;
9698 : 16309389;
9699 : 16308614;
9700 : 16308091;
9701 : 16307315;
9702 : 15978093;
9703 : 13742429;
9704 : 13742171;
9705 : 13742170;
9706 : 13216344;
9707 : 12362590;
9708 : 11640947;
9709 : 11575933;
9710 : 10852730;
9711 : 10458748;
9712 : 10130046;
9713 : 9933444;
9714 : 10328718;
9715 : 10723479;
9716 : 10329241;
9717 : 12237498;
9718 : 16777215;
9719 : 16777215;
9720 : 16777215;
9721 : 16777215;
9722 : 16777215;
9723 : 16777215;
9724 : 16777215;
9725 : 16777215;
9726 : 16777215;
9727 : 16777215;
9728 : 16777215;
9729 : 16777215;
9730 : 16777215;
9731 : 16777215;
9732 : 16777215;
9733 : 16777215;
9734 : 16777215;
9735 : 16777215;
9736 : 16777215;
9737 : 16777215;
9738 : 16777215;
9739 : 16777215;
9740 : 16777215;
9741 : 15263976;
9742 : 9013641;
9743 : 16777215;
9744 : 16711679;
9745 : 15265007;
9746 : 15067886;
9747 : 16514557;
9748 : 12435908;
9749 : 3289648;
9750 : 11637577;
9751 : 13413204;
9752 : 7433826;
9753 : 14937329;
9754 : 15068142;
9755 : 15527922;
9756 : 14805484;
9757 : 14936300;
9758 : 14805227;
9759 : 14673385;
9760 : 14870764;
9761 : 11646392;
9762 : 9343638;
9763 : 15331314;
9764 : 14805484;
9765 : 14871277;
9766 : 14739691;
9767 : 15068657;
9768 : 15002350;
9769 : 15002093;
9770 : 15002093;
9771 : 15331057;
9772 : 14936557;
9773 : 14739177;
9774 : 16119799;
9775 : 16777215;
9776 : 9276813;
9777 : 12764359;
9778 : 10328721;
9779 : 14267995;
9780 : 16438127;
9781 : 16306798;
9782 : 16438383;
9783 : 16503920;
9784 : 16701553;
9785 : 16767858;
9786 : 14400093;
9787 : 9404241;
9788 : 10000273;
9789 : 14672357;
9790 : 16777215;
9791 : 16777215;
9792 : 16251131;
9793 : 8289135;
9794 : 14531422;
9795 : 16767602;
9796 : 16569969;
9797 : 15320680;
9798 : 14597219;
9799 : 16504177;
9800 : 16372336;
9801 : 16240749;
9802 : 16372590;
9803 : 16438383;
9804 : 16438383;
9805 : 16306798;
9806 : 16175214;
9807 : 16175215;
9808 : 16175215;
9809 : 16175215;
9810 : 16175214;
9811 : 16175214;
9812 : 16175214;
9813 : 16175214;
9814 : 16175214;
9815 : 16175215;
9816 : 16175213;
9817 : 16175469;
9818 : 16307572;
9819 : 16439423;
9820 : 16440200;
9821 : 16440460;
9822 : 16440717;
9823 : 16506252;
9824 : 16440457;
9825 : 16505735;
9826 : 16374148;
9827 : 16374147;
9828 : 16308351;
9829 : 16307833;
9830 : 15781486;
9831 : 6246440;
9832 : 4539716;
9833 : 12368823;
9834 : 12697791;
9835 : 13422030;
9836 : 14277340;
9837 : 14869477;
9838 : 15330029;
9839 : 15790579;
9840 : 16119544;
9841 : 16711679;
9842 : 16777215;
9843 : 16777215;
9844 : 16777215;
9845 : 16777215;
9846 : 16777215;
9847 : 16777215;
9848 : 16777215;
9849 : 16777215;
9850 : 16777215;
9851 : 16777215;
9852 : 16777215;
9853 : 16777215;
9854 : 16777215;
9855 : 16777215;
9856 : 16777215;
9857 : 16777215;
9858 : 16777215;
9859 : 16777215;
9860 : 16777215;
9861 : 16777215;
9862 : 16777215;
9863 : 16777215;
9864 : 16777215;
9865 : 16777215;
9866 : 16777215;
9867 : 16777215;
9868 : 16777215;
9869 : 10724259;
9870 : 12895428;
9871 : 16777215;
9872 : 16316922;
9873 : 15462128;
9874 : 16777215;
9875 : 13948116;
9876 : 8619141;
9877 : 7697521;
9878 : 11440712;
9879 : 14267996;
9880 : 7365961;
9881 : 14082021;
9882 : 15068400;
9883 : 16054008;
9884 : 15002093;
9885 : 14936301;
9886 : 15001837;
9887 : 14805226;
9888 : 15002349;
9889 : 10988205;
9890 : 3157024;
9891 : 12370629;
9892 : 15068399;
9893 : 15200242;
9894 : 11581112;
9895 : 8225157;
9896 : 15199987;
9897 : 14937070;
9898 : 14871021;
9899 : 15725557;
9900 : 15593971;
9901 : 14541799;
9902 : 15330543;
9903 : 16777215;
9904 : 11842741;
9905 : 5458225;
9906 : 10526621;
9907 : 9864532;
9908 : 16701296;
9909 : 16438383;
9910 : 16438383;
9911 : 16504176;
9912 : 16504176;
9913 : 16438383;
9914 : 16701297;
9915 : 16635502;
9916 : 13676632;
9917 : 9403983;
9918 : 9868429;
9919 : 14409186;
9920 : 16711679;
9921 : 14278630;
9922 : 7695441;
9923 : 15452261;
9924 : 16767346;
9925 : 15978605;
9926 : 11704401;
9927 : 10981196;
9928 : 14926182;
9929 : 16767602;
9930 : 16569969;
9931 : 16504176;
9932 : 16569969;
9933 : 16438384;
9934 : 16175215;
9935 : 16175215;
9936 : 16109679;
9937 : 16175215;
9938 : 16109679;
9939 : 16109679;
9940 : 16175213;
9941 : 16109679;
9942 : 16044402;
9943 : 16110456;
9944 : 16176509;
9945 : 16242559;
9946 : 16374145;
9947 : 16439937;
9948 : 16439939;
9949 : 16440199;
9950 : 16440458;
9951 : 16505996;
9952 : 16505736;
9953 : 16504957;
9954 : 16372850;
9955 : 16306798;
9956 : 16175470;
9957 : 16109678;
9958 : 16306798;
9959 : 16043883;
9960 : 10259034;
9961 : 12566722;
9962 : 16777215;
9963 : 16777215;
9964 : 16777215;
9965 : 16777215;
9966 : 16777215;
9967 : 16777215;
9968 : 16777215;
9969 : 16777215;
9970 : 16777215;
9971 : 16777215;
9972 : 16777215;
9973 : 16777215;
9974 : 16777215;
9975 : 16777215;
9976 : 16777215;
9977 : 16777215;
9978 : 16777215;
9979 : 16777215;
9980 : 16777215;
9981 : 16777215;
9982 : 16777215;
9983 : 16777215;
9984 : 16777215;
9985 : 16777215;
9986 : 16777215;
9987 : 16777215;
9988 : 16777215;
9989 : 16777215;
9990 : 16777215;
9991 : 16777215;
9992 : 16777215;
9993 : 16777215;
9994 : 16777215;
9995 : 16777215;
9996 : 16119285;
9997 : 8224125;
9998 : 16316664;
9999 : 16777215;
10000 : 16251386;
10001 : 16777215;
10002 : 13816530;
10003 : 7566195;
10004 : 15921906;
10005 : 10987173;
10006 : 10849092;
10007 : 14596704;
10008 : 8416576;
10009 : 12634062;
10010 : 15134449;
10011 : 16382971;
10012 : 15462386;
10013 : 14870507;
10014 : 15462385;
10015 : 15002091;
10016 : 15002351;
10017 : 8882051;
10018 : 12821582;
10019 : 8353372;
10020 : 14015459;
10021 : 15266035;
10022 : 11515063;
10023 : 7430451;
10024 : 10132114;
10025 : 14871537;
10026 : 15067886;
10027 : 15265006;
10028 : 16514301;
10029 : 15396592;
10030 : 15396336;
10031 : 16645629;
10032 : 15790579;
10033 : 8681557;
10034 : 12887898;
10035 : 5721651;
10036 : 14991717;
10037 : 16701297;
10038 : 16504176;
10039 : 16504176;
10040 : 16504176;
10041 : 16438383;
10042 : 16372590;
10043 : 16175213;
10044 : 16503920;
10045 : 16504175;
10046 : 13676633;
10047 : 9140556;
10048 : 8421237;
10049 : 12634062;
10050 : 12239565;
10051 : 8418124;
10052 : 16307310;
10053 : 16635761;
10054 : 16767346;
10055 : 14663525;
10056 : 11046989;
10057 : 12099412;
10058 : 16044398;
10059 : 16767859;
10060 : 15912557;
10061 : 14794854;
10062 : 16767090;
10063 : 16241007;
10064 : 15978350;
10065 : 16109420;
10066 : 16109164;
10067 : 15978093;
10068 : 16109679;
10069 : 16175215;
10070 : 16109679;
10071 : 16241522;
10072 : 16373627;
10073 : 16439683;
10074 : 16505476;
10075 : 16504957;
10076 : 16438904;
10077 : 16439162;
10078 : 16439679;
10079 : 16439940;
10080 : 16505737;
10081 : 16440458;
10082 : 16177026;
10083 : 16110455;
10084 : 16109679;
10085 : 16175213;
10086 : 16175213;
10087 : 16306798;
10088 : 16372331;
10089 : 10192201;
10090 : 10790052;
10091 : 16711679;
10092 : 16777215;
10093 : 16777215;
10094 : 16777215;
10095 : 16777215;
10096 : 16777215;
10097 : 16777215;
10098 : 16777215;
10099 : 16777215;
10100 : 16777215;
10101 : 16777215;
10102 : 16777215;
10103 : 16777215;
10104 : 16777215;
10105 : 16777215;
10106 : 16777215;
10107 : 16777215;
10108 : 16777215;
10109 : 16777215;
10110 : 16777215;
10111 : 16777215;
10112 : 16777215;
10113 : 16777215;
10114 : 16777215;
10115 : 16777215;
10116 : 16777215;
10117 : 16777215;
10118 : 16777215;
10119 : 16777215;
10120 : 16777215;
10121 : 16777215;
10122 : 16777215;
10123 : 16777215;
10124 : 12237498;
10125 : 10855845;
10126 : 16777215;
10127 : 16711422;
10128 : 16777215;
10129 : 14474460;
10130 : 6710886;
10131 : 15000804;
10132 : 16777215;
10133 : 11382191;
10134 : 9928254;
10135 : 14662497;
10136 : 10454339;
10137 : 10987947;
10138 : 15397364;
10139 : 16317179;
10140 : 16316922;
10141 : 15265263;
10142 : 16054264;
10143 : 15462128;
10144 : 14410473;
10145 : 7696220;
10146 : 16043624;
10147 : 13479255;
10148 : 9013892;
10149 : 15397880;
10150 : 12107718;
10151 : 11047248;
10152 : 13085784;
10153 : 8881016;
10154 : 14804714;
10155 : 15462385;
10156 : 16317178;
10157 : 16514300;
10158 : 15856629;
10159 : 16580093;
10160 : 16777215;
10161 : 10395293;
10162 : 12755793;
10163 : 15518056;
10164 : 15978093;
10165 : 16569968;
10166 : 16504176;
10167 : 16504176;
10168 : 16504176;
10169 : 16438383;
10170 : 16306799;
10171 : 16175213;
10172 : 16109678;
10173 : 16109679;
10174 : 16438385;
10175 : 16635247;
10176 : 14333788;
10177 : 9863754;
10178 : 10394508;
10179 : 8488848;
10180 : 9995082;
10181 : 16702067;
10182 : 16504176;
10183 : 16701553;
10184 : 16767346;
10185 : 13808479;
10186 : 10586954;
10187 : 13282651;
10188 : 16373617;
10189 : 11704401;
10190 : 11704144;
10191 : 15978092;
10192 : 16504433;
10193 : 13019224;
10194 : 14136928;
10195 : 16109422;
10196 : 16635506;
10197 : 16569712;
10198 : 16438384;
10199 : 16503919;
10200 : 16504176;
10201 : 16438641;
10202 : 16438643;
10203 : 16504180;
10204 : 16504177;
10205 : 16504175;
10206 : 16504175;
10207 : 16438641;
10208 : 16241522;
10209 : 16175989;
10210 : 16110457;
10211 : 16110714;
10212 : 16110454;
10213 : 16109936;
10214 : 16306799;
10215 : 16372592;
10216 : 16504176;
10217 : 16767345;
10218 : 11178832;
10219 : 9210240;
10220 : 15593200;
10221 : 16777215;
10222 : 16777215;
10223 : 16777215;
10224 : 16777215;
10225 : 16777215;
10226 : 16777215;
10227 : 16777215;
10228 : 16777215;
10229 : 16777215;
10230 : 16777215;
10231 : 16777215;
10232 : 16777215;
10233 : 16777215;
10234 : 16777215;
10235 : 16777215;
10236 : 16777215;
10237 : 16777215;
10238 : 16777215;
10239 : 16777215;
10240 : 16777215;
10241 : 16777215;
10242 : 16777215;
10243 : 16777215;
10244 : 16777215;
10245 : 16777215;
10246 : 16777215;
10247 : 16777215;
10248 : 16777215;
10249 : 16777215;
10250 : 16777215;
10251 : 16514043;
10252 : 7960953;
10253 : 15724527;
10254 : 16777215;
10255 : 16777215;
10256 : 15000804;
10257 : 7500402;
10258 : 14540253;
10259 : 16777215;
10260 : 16777215;
10261 : 12303551;
10262 : 8745017;
10263 : 14662497;
10264 : 12689487;
10265 : 9078654;
10266 : 15725816;
10267 : 16316922;
10268 : 16777215;
10269 : 16054007;
10270 : 16448508;
10271 : 16317178;
10272 : 14212322;
10273 : 7629127;
10274 : 16635759;
10275 : 16767858;
10276 : 11310160;
10277 : 10923184;
10278 : 13423836;
10279 : 9469772;
10280 : 16769397;
10281 : 13742425;
10282 : 8090201;
10283 : 13225168;
10284 : 16711679;
10285 : 16777215;
10286 : 16514300;
10287 : 16514556;
10288 : 16777215;
10289 : 14606307;
10290 : 8548934;
10291 : 16767857;
10292 : 16569712;
10293 : 16504176;
10294 : 16504176;
10295 : 16504176;
10296 : 16504175;
10297 : 16438383;
10298 : 16306799;
10299 : 16175213;
10300 : 16175214;
10301 : 16175215;
10302 : 16175215;
10303 : 16175213;
10304 : 16372592;
10305 : 16701041;
10306 : 15188835;
10307 : 10981974;
10308 : 4998185;
10309 : 14202977;
10310 : 16701554;
10311 : 16504176;
10312 : 16504176;
10313 : 16767346;
10314 : 16175984;
10315 : 12230484;
10316 : 10323783;
10317 : 13216859;
10318 : 6246700;
10319 : 7561524;
10320 : 11770449;
10321 : 7430452;
10322 : 7561524;
10323 : 9139518;
10324 : 11309645;
10325 : 14268769;
10326 : 16307055;
10327 : 16768116;
10328 : 16767602;
10329 : 16635504;
10330 : 16504175;
10331 : 16504176;
10332 : 16504176;
10333 : 16504176;
10334 : 16438383;
10335 : 16241005;
10336 : 16175212;
10337 : 16175212;
10338 : 16306541;
10339 : 16306797;
10340 : 16372848;
10341 : 16438386;
10342 : 16504178;
10343 : 16504178;
10344 : 16504177;
10345 : 16569711;
10346 : 16769152;
10347 : 13679226;
10348 : 8420203;
10349 : 14079961;
10350 : 16777215;
10351 : 16777215;
10352 : 16777215;
10353 : 16777215;
10354 : 16777215;
10355 : 16777215;
10356 : 16777215;
10357 : 16777215;
10358 : 16777215;
10359 : 16777215;
10360 : 16777215;
10361 : 16777215;
10362 : 16777215;
10363 : 16777215;
10364 : 16777215;
10365 : 16777215;
10366 : 16777215;
10367 : 16777215;
10368 : 16777215;
10369 : 16777215;
10370 : 16777215;
10371 : 16777215;
10372 : 16777215;
10373 : 16777215;
10374 : 16777215;
10375 : 16777215;
10376 : 16777215;
10377 : 16777215;
10378 : 16777215;
10379 : 12698049;
10380 : 10132122;
10381 : 16777215;
10382 : 16777215;
10383 : 14737632;
10384 : 7895160;
10385 : 14540253;
10386 : 16777215;
10387 : 16777215;
10388 : 16777215;
10389 : 13553619;
10390 : 7298614;
10391 : 14662497;
10392 : 13807704;
10393 : 8353377;
10394 : 15856889;
10395 : 16382715;
10396 : 16777215;
10397 : 16580093;
10398 : 16711422;
10399 : 16777215;
10400 : 14145757;
10401 : 9403722;
10402 : 16767858;
10403 : 16504176;
10404 : 16570223;
10405 : 9404242;
10406 : 10660790;
10407 : 9601618;
10408 : 16767345;
10409 : 16635505;
10410 : 15188835;
10411 : 8943433;
10412 : 10855589;
10413 : 16711679;
10414 : 16777215;
10415 : 16711422;
10416 : 16777215;
10417 : 16777215;
10418 : 8025965;
10419 : 14728800;
10420 : 16701297;
10421 : 16504176;
10422 : 16504176;
10423 : 16504176;
10424 : 16504176;
10425 : 16504176;
10426 : 16438383;
10427 : 16306798;
10428 : 16175214;
10429 : 16175215;
10430 : 16109678;
10431 : 16044143;
10432 : 16044143;
10433 : 16175214;
10434 : 16306800;
10435 : 16635503;
10436 : 16043884;
10437 : 16044141;
10438 : 16504432;
10439 : 16504176;
10440 : 16504176;
10441 : 16504176;
10442 : 16569968;
10443 : 16767859;
10444 : 15583850;
10445 : 11244110;
10446 : 8022328;
10447 : 5917737;
10448 : 10783305;
10449 : 7364146;
10450 : 11375180;
10451 : 14005342;
10452 : 11703887;
10453 : 9139518;
10454 : 8745532;
10455 : 10521161;
10456 : 13348444;
10457 : 15649643;
10458 : 16767346;
10459 : 16767859;
10460 : 16701553;
10461 : 16504176;
10462 : 16504176;
10463 : 16438383;
10464 : 16372847;
10465 : 16373108;
10466 : 16439159;
10467 : 16504177;
10468 : 16504175;
10469 : 16504176;
10470 : 16504176;
10471 : 16504176;
10472 : 16504178;
10473 : 16439681;
10474 : 15914635;
10475 : 16773032;
10476 : 15981723;
10477 : 9471850;
10478 : 12829637;
10479 : 16777215;
10480 : 16777215;
10481 : 16777215;
10482 : 16777215;
10483 : 16777215;
10484 : 16777215;
10485 : 16777215;
10486 : 16777215;
10487 : 16777215;
10488 : 16777215;
10489 : 16777215;
10490 : 16777215;
10491 : 16777215;
10492 : 16777215;
10493 : 16777215;
10494 : 16777215;
10495 : 16777215;
10496 : 16777215;
10497 : 16777215;
10498 : 16777215;
10499 : 16777215;
10500 : 16777215;
10501 : 16777215;
10502 : 16777215;
10503 : 16777215;
10504 : 16777215;
10505 : 16777215;
10506 : 16777215;
10507 : 8553090;
10508 : 15132390;
10509 : 16777215;
10510 : 14277081;
10511 : 8158332;
10512 : 14803425;
10513 : 16777215;
10514 : 16777215;
10515 : 16777215;
10516 : 16777215;
10517 : 15198443;
10518 : 6839358;
10519 : 14399582;
10520 : 14465374;
10521 : 8154439;
10522 : 14935530;
10523 : 16645886;
10524 : 16777215;
10525 : 16711422;
10526 : 16711422;
10527 : 16777215;
10528 : 12632258;
10529 : 11309900;
10530 : 16767602;
10531 : 16504176;
10532 : 16635761;
10533 : 15780968;
10534 : 6511687;
10535 : 7694145;
10536 : 16701296;
10537 : 16175215;
10538 : 16372592;
10539 : 16503662;
10540 : 10914889;
10541 : 9210243;
10542 : 16053752;
10543 : 16777215;
10544 : 16777215;
10545 : 16777215;
10546 : 12040636;
10547 : 9995077;
10548 : 16768372;
10549 : 16504176;
10550 : 16504176;
10551 : 16504176;
10552 : 16504176;
10553 : 16504176;
10554 : 16504176;
10555 : 16438383;
10556 : 16241006;
10557 : 16175214;
10558 : 16175215;
10559 : 16175215;
10560 : 16241006;
10561 : 16306799;
10562 : 16372591;
10563 : 16438384;
10564 : 16569969;
10565 : 16569968;
10566 : 16504176;
10567 : 16504176;
10568 : 16504176;
10569 : 16504176;
10570 : 16504176;
10571 : 16504176;
10572 : 16635761;
10573 : 16767859;
10574 : 15123560;
10575 : 9731651;
10576 : 12953175;
10577 : 14531169;
10578 : 14005085;
10579 : 14267999;
10580 : 14399840;
10581 : 14596961;
10582 : 13939549;
10583 : 11966800;
10584 : 9797186;
10585 : 8482105;
10586 : 9337153;
10587 : 11770450;
10588 : 14729317;
10589 : 16701810;
10590 : 16768116;
10591 : 16701554;
10592 : 16504176;
10593 : 16504179;
10594 : 16439678;
10595 : 16440200;
10596 : 16504956;
10597 : 16504177;
10598 : 16503919;
10599 : 16438383;
10600 : 16242561;
10601 : 16507808;
10602 : 10128485;
10603 : 7563596;
10604 : 12036475;
10605 : 13680518;
10606 : 9800036;
10607 : 11316135;
10608 : 16579836;
10609 : 16777215;
10610 : 16777215;
10611 : 16777215;
10612 : 16777215;
10613 : 16777215;
10614 : 16777215;
10615 : 16777215;
10616 : 16777215;
10617 : 16777215;
10618 : 16777215;
10619 : 16777215;
10620 : 16777215;
10621 : 16777215;
10622 : 16777215;
10623 : 16777215;
10624 : 16777215;
10625 : 16777215;
10626 : 16777215;
10627 : 16777215;
10628 : 16777215;
10629 : 16777215;
10630 : 16777215;
10631 : 16777215;
10632 : 16777215;
10633 : 16777215;
10634 : 13948116;
10635 : 8816777;
10636 : 16777215;
10637 : 13619151;
10638 : 7895160;
10639 : 15395562;
10640 : 16777215;
10641 : 16777215;
10642 : 16777215;
10643 : 16777215;
10644 : 16777215;
10645 : 16251130;
10646 : 6643017;
10647 : 13939034;
10648 : 14662754;
10649 : 9599551;
10650 : 12237758;
10651 : 16777215;
10652 : 16777215;
10653 : 16777215;
10654 : 16777215;
10655 : 16777215;
10656 : 10460566;
10657 : 13873497;
10658 : 16503920;
10659 : 16306798;
10660 : 16241007;
10661 : 16438385;
10662 : 14136927;
10663 : 11967314;
10664 : 16372336;
10665 : 16175215;
10666 : 16175215;
10667 : 16175215;
10668 : 16701296;
10669 : 12690257;
10670 : 8551532;
10671 : 15198700;
10672 : 16777215;
10673 : 16777215;
10674 : 16119801;
10675 : 7169618;
10676 : 15780713;
10677 : 16635506;
10678 : 16504176;
10679 : 16504176;
10680 : 16504176;
10681 : 16504176;
10682 : 16504176;
10683 : 16504176;
10684 : 16438383;
10685 : 16372591;
10686 : 16372592;
10687 : 16438383;
10688 : 16438383;
10689 : 16569968;
10690 : 16569968;
10691 : 16504176;
10692 : 16504176;
10693 : 16504176;
10694 : 16504176;
10695 : 16504176;
10696 : 16372590;
10697 : 16241006;
10698 : 16306799;
10699 : 16438384;
10700 : 16504176;
10701 : 16504176;
10702 : 16701297;
10703 : 16767860;
10704 : 15912300;
10705 : 14728547;
10706 : 14136671;
10707 : 14202463;
10708 : 14202463;
10709 : 14202463;
10710 : 14202462;
10711 : 14465377;
10712 : 14596962;
10713 : 14334047;
10714 : 13281881;
10715 : 10454599;
10716 : 7956022;
10717 : 8153656;
10718 : 10784075;
10719 : 14597732;
10720 : 16701554;
10721 : 16768115;
10722 : 16701553;
10723 : 16439161;
10724 : 16506254;
10725 : 16506254;
10726 : 16242300;
10727 : 16175991;
10728 : 16111233;
10729 : 16178328;
10730 : 15850139;
10731 : 7366217;
10732 : 6118752;
10733 : 13355977;
10734 : 12631471;
10735 : 8683897;
10736 : 11250604;
10737 : 16777215;
10738 : 16777215;
10739 : 16777215;
10740 : 16777215;
10741 : 16777215;
10742 : 16777215;
10743 : 16777215;
10744 : 16777215;
10745 : 16777215;
10746 : 16777215;
10747 : 16777215;
10748 : 16777215;
10749 : 16777215;
10750 : 16777215;
10751 : 16777215;
10752 : 16777215;
10753 : 16777215;
10754 : 16777215;
10755 : 16777215;
10756 : 16777215;
10757 : 16777215;
10758 : 16777215;
10759 : 16777215;
10760 : 16777215;
10761 : 16777215;
10762 : 10000536;
10763 : 12502215;
10764 : 13027786;
10765 : 8158588;
10766 : 15329769;
10767 : 16777215;
10768 : 16777215;
10769 : 16777215;
10770 : 16777215;
10771 : 16777215;
10772 : 16777215;
10773 : 16777215;
10774 : 6841434;
10775 : 12821329;
10776 : 14465376;
10777 : 11900489;
10778 : 8618363;
10779 : 16777215;
10780 : 16777215;
10781 : 16777215;
10782 : 16777215;
10783 : 16777215;
10784 : 9209203;
10785 : 15451747;
10786 : 16372334;
10787 : 16175213;
10788 : 16175215;
10789 : 16175215;
10790 : 16372592;
10791 : 16569713;
10792 : 16175214;
10793 : 16175215;
10794 : 16175215;
10795 : 16175215;
10796 : 16175213;
10797 : 16635505;
10798 : 14268252;
10799 : 8024148;
10800 : 13224910;
10801 : 16777215;
10802 : 16449022;
10803 : 10067103;
10804 : 11046473;
10805 : 16767860;
10806 : 16504176;
10807 : 16504176;
10808 : 16504176;
10809 : 16504176;
10810 : 16504176;
10811 : 16504178;
10812 : 16504178;
10813 : 16438385;
10814 : 16438384;
10815 : 16372592;
10816 : 16372592;
10817 : 16372592;
10818 : 16306800;
10819 : 16306800;
10820 : 16438385;
10821 : 16635761;
10822 : 16701298;
10823 : 16569968;
10824 : 16438383;
10825 : 16438641;
10826 : 16306800;
10827 : 16175214;
10828 : 16372592;
10829 : 16504176;
10830 : 16504176;
10831 : 16504176;
10832 : 16569969;
10833 : 16372592;
10834 : 15320424;
10835 : 14268255;
10836 : 14136671;
10837 : 14202463;
10838 : 14202462;
10839 : 14136670;
10840 : 14071133;
10841 : 14070878;
10842 : 14334048;
10843 : 15583337;
10844 : 15517801;
10845 : 13347674;
10846 : 10257477;
10847 : 8876861;
10848 : 7891000;
10849 : 10849868;
10850 : 14597733;
10851 : 16569968;
10852 : 16768117;
10853 : 16637576;
10854 : 16309913;
10855 : 16178326;
10856 : 16112531;
10857 : 16178325;
10858 : 16244637;
10859 : 16771751;
10860 : 10917741;
10861 : 9868692;
10862 : 16777215;
10863 : 16777215;
10864 : 16316664;
10865 : 16777215;
10866 : 16777215;
10867 : 16777215;
10868 : 16777215;
10869 : 16777215;
10870 : 16777215;
10871 : 16777215;
10872 : 16777215;
10873 : 16777215;
10874 : 16777215;
10875 : 16777215;
10876 : 16777215;
10877 : 16777215;
10878 : 16777215;
10879 : 16777215;
10880 : 16777215;
10881 : 16777215;
10882 : 16777215;
10883 : 16777215;
10884 : 16777215;
10885 : 16777215;
10886 : 16777215;
10887 : 16777215;
10888 : 16777215;
10889 : 16316664;
10890 : 9145742;
10891 : 11515320;
10892 : 8618885;
10893 : 15856112;
10894 : 16777215;
10895 : 16777215;
10896 : 16777215;
10897 : 16777215;
10898 : 16777215;
10899 : 16777215;
10900 : 16777215;
10901 : 16777215;
10902 : 8355451;
10903 : 11374662;
10904 : 14465376;
10905 : 13873496;
10906 : 6905926;
10907 : 15856372;
10908 : 16777215;
10909 : 16777215;
10910 : 16777215;
10911 : 15988216;
10912 : 9141851;
10913 : 16438380;
10914 : 16372591;
10915 : 16306799;
10916 : 16241006;
10917 : 16241005;
10918 : 16306799;
10919 : 16306798;
10920 : 16438383;
10921 : 16438383;
10922 : 16241007;
10923 : 16175215;
10924 : 16175215;
10925 : 16175214;
10926 : 16635505;
10927 : 15452262;
10928 : 8351813;
10929 : 11250863;
10930 : 16120317;
10931 : 13950178;
10932 : 7234887;
10933 : 16504430;
10934 : 16504177;
10935 : 16372592;
10936 : 16241262;
10937 : 16043885;
10938 : 15912300;
10939 : 15780971;
10940 : 15649386;
10941 : 15517545;
10942 : 15320680;
10943 : 15254631;
10944 : 15123046;
10945 : 15123302;
10946 : 15320422;
10947 : 14859873;
10948 : 13807960;
10949 : 12690001;
10950 : 12098385;
10951 : 11769936;
10952 : 10586185;
10953 : 11441229;
10954 : 14531427;
10955 : 16569712;
10956 : 16438384;
10957 : 16504176;
10958 : 16504176;
10959 : 16504176;
10960 : 16504176;
10961 : 16504176;
10962 : 16569969;
10963 : 15912300;
10964 : 14662755;
10965 : 14070877;
10966 : 14004829;
10967 : 13939037;
10968 : 13807964;
10969 : 13808221;
10970 : 13807964;
10971 : 14333791;
10972 : 16043885;
10973 : 16372592;
10974 : 16241006;
10975 : 16504177;
10976 : 15123560;
10977 : 12099156;
10978 : 8548412;
10979 : 8022328;
10980 : 11112524;
10981 : 14794592;
10982 : 16702332;
10983 : 16770457;
10984 : 16310431;
10985 : 16113053;
10986 : 16178845;
10987 : 11246447;
10988 : 12891008;
10989 : 10259809;
10990 : 8092020;
10991 : 15461356;
10992 : 16777215;
10993 : 16777215;
10994 : 16777215;
10995 : 16777215;
10996 : 16777215;
10997 : 16777215;
10998 : 16777215;
10999 : 16777215;
11000 : 16777215;
11001 : 16777215;
11002 : 16777215;
11003 : 16777215;
11004 : 16777215;
11005 : 16777215;
11006 : 16777215;
11007 : 16777215;
11008 : 16777215;
11009 : 16777215;
11010 : 16777215;
11011 : 16777215;
11012 : 16777215;
11013 : 16777215;
11014 : 16777215;
11015 : 16777215;
11016 : 16777215;
11017 : 14935011;
11018 : 4803404;
11019 : 9803415;
11020 : 16382456;
11021 : 16777215;
11022 : 16777215;
11023 : 16777215;
11024 : 16777215;
11025 : 16777215;
11026 : 16777215;
11027 : 16777215;
11028 : 16777215;
11029 : 16777215;
11030 : 10066845;
11031 : 8876343;
11032 : 14662754;
11033 : 14596960;
11034 : 7824692;
11035 : 12171965;
11036 : 16777215;
11037 : 16777215;
11038 : 16777215;
11039 : 14211550;
11040 : 9600841;
11041 : 16767601;
11042 : 16504176;
11043 : 16504176;
11044 : 16504176;
11045 : 16504176;
11046 : 16504176;
11047 : 16504176;
11048 : 16504176;
11049 : 16438383;
11050 : 16241006;
11051 : 16241006;
11052 : 16175213;
11053 : 16306798;
11054 : 16504176;
11055 : 16701554;
11056 : 16504430;
11057 : 9271618;
11058 : 8685450;
11059 : 15463161;
11060 : 8355706;
11061 : 13939545;
11062 : 16043628;
11063 : 15254887;
11064 : 14991717;
11065 : 14728546;
11066 : 14597217;
11067 : 14662754;
11068 : 14596962;
11069 : 14465633;
11070 : 14465632;
11071 : 14531168;
11072 : 14267739;
11073 : 12426830;
11074 : 9271104;
11075 : 7826251;
11076 : 8617327;
11077 : 7368554;
11078 : 6180919;
11079 : 10060633;
11080 : 9403221;
11081 : 7693381;
11082 : 4997416;
11083 : 13545051;
11084 : 16767860;
11085 : 16504176;
11086 : 16504176;
11087 : 16504176;
11088 : 16504176;
11089 : 16504176;
11090 : 16504176;
11091 : 16569969;
11092 : 16307055;
11093 : 15057509;
11094 : 14071136;
11095 : 13939293;
11096 : 14202463;
11097 : 13939550;
11098 : 13742428;
11099 : 13939549;
11100 : 14925925;
11101 : 16241264;
11102 : 16569969;
11103 : 16504176;
11104 : 16635505;
11105 : 16767859;
11106 : 16767859;
11107 : 15254887;
11108 : 4208934;
11109 : 6710105;
11110 : 8746832;
11111 : 11771229;
11112 : 15126154;
11113 : 16770723;
11114 : 16771238;
11115 : 13877385;
11116 : 4012073;
11117 : 5657679;
11118 : 7039590;
11119 : 11711154;
11120 : 16777215;
11121 : 16777215;
11122 : 16777215;
11123 : 16777215;
11124 : 16777215;
11125 : 16777215;
11126 : 16777215;
11127 : 16777215;
11128 : 16777215;
11129 : 16777215;
11130 : 16777215;
11131 : 16777215;
11132 : 16777215;
11133 : 16777215;
11134 : 16777215;
11135 : 16777215;
11136 : 16777215;
11137 : 16777215;
11138 : 16777215;
11139 : 16777215;
11140 : 16777215;
11141 : 16777215;
11142 : 16777215;
11143 : 16777215;
11144 : 16777215;
11145 : 13882323;
11146 : 9539985;
11147 : 16711422;
11148 : 16777215;
11149 : 16777215;
11150 : 16777215;
11151 : 16777215;
11152 : 16777215;
11153 : 16777215;
11154 : 16777215;
11155 : 16777215;
11156 : 16777215;
11157 : 16777215;
11158 : 13619412;
11159 : 6575665;
11160 : 14596705;
11161 : 14399840;
11162 : 11637832;
11163 : 8092020;
11164 : 16777215;
11165 : 16777215;
11166 : 16777215;
11167 : 12106172;
11168 : 9994820;
11169 : 16768116;
11170 : 16504176;
11171 : 16504176;
11172 : 16504176;
11173 : 16504176;
11174 : 16504176;
11175 : 16438384;
11176 : 16306798;
11177 : 16175214;
11178 : 16175215;
11179 : 16175215;
11180 : 16175215;
11181 : 16306799;
11182 : 16504176;
11183 : 16504176;
11184 : 16701553;
11185 : 16768115;
11186 : 10849351;
11187 : 7303019;
11188 : 10791861;
11189 : 9600325;
11190 : 14860130;
11191 : 14136926;
11192 : 14005340;
11193 : 14004829;
11194 : 14070621;
11195 : 14333790;
11196 : 14333789;
11197 : 13544533;
11198 : 11900746;
11199 : 10718027;
11200 : 9733730;
11201 : 10394258;
11202 : 12895688;
11203 : 15659251;
11204 : 16777215;
11205 : 16645887;
11206 : 7630436;
11207 : 10520665;
11208 : 11507558;
11209 : 11638887;
11210 : 10455134;
11211 : 6969912;
11212 : 14334561;
11213 : 16767859;
11214 : 16504178;
11215 : 16504176;
11216 : 16504176;
11217 : 16504176;
11218 : 16504176;
11219 : 16504176;
11220 : 16504176;
11221 : 16241006;
11222 : 15780715;
11223 : 14991716;
11224 : 15254631;
11225 : 15649386;
11226 : 14860132;
11227 : 14268255;
11228 : 14728546;
11229 : 15846508;
11230 : 16504177;
11231 : 16504177;
11232 : 16504176;
11233 : 16504176;
11234 : 16504176;
11235 : 16701294;
11236 : 9405794;
11237 : 16317183;
11238 : 15264237;
11239 : 11645620;
11240 : 9275775;
11241 : 9734505;
11242 : 12890749;
11243 : 15981722;
11244 : 15850651;
11245 : 8813923;
11246 : 12764101;
11247 : 16777215;
11248 : 16777215;
11249 : 16777215;
11250 : 16777215;
11251 : 16777215;
11252 : 16777215;
11253 : 16777215;
11254 : 16777215;
11255 : 16777215;
11256 : 16777215;
11257 : 16777215;
11258 : 16777215;
11259 : 16777215;
11260 : 16777215;
11261 : 16777215;
11262 : 16777215;
11263 : 16777215;
11264 : 16777215;
11265 : 16777215;
11266 : 16777215;
11267 : 16777215;
11268 : 16777215;
11269 : 16777215;
11270 : 16777215;
11271 : 16777215;
11272 : 16777215;
11273 : 16777215;
11274 : 16777215;
11275 : 16777215;
11276 : 16777215;
11277 : 16777215;
11278 : 16777215;
11279 : 16777215;
11280 : 16777215;
11281 : 16777215;
11282 : 16777215;
11283 : 16777215;
11284 : 16777215;
11285 : 16777215;
11286 : 15922165;
11287 : 6182209;
11288 : 13939291;
11289 : 14268255;
11290 : 14202203;
11291 : 7300169;
11292 : 15856373;
11293 : 16777215;
11294 : 16777215;
11295 : 9145489;
11296 : 6509609;
11297 : 16768629;
11298 : 16504176;
11299 : 16504176;
11300 : 16504176;
11301 : 16504176;
11302 : 16504176;
11303 : 16306798;
11304 : 16175214;
11305 : 16175215;
11306 : 16175213;
11307 : 16175213;
11308 : 16175215;
11309 : 16306798;
11310 : 16504176;
11311 : 16635762;
11312 : 15780972;
11313 : 14925926;
11314 : 15912299;
11315 : 11572040;
11316 : 8090979;
11317 : 5919553;
11318 : 13676377;
11319 : 14071134;
11320 : 14333535;
11321 : 14070363;
11322 : 12558159;
11323 : 9862461;
11324 : 7627836;
11325 : 8090463;
11326 : 10789276;
11327 : 13882325;
11328 : 16185595;
11329 : 16777215;
11330 : 16777215;
11331 : 16777215;
11332 : 16777215;
11333 : 16777215;
11334 : 12961480;
11335 : 6904639;
11336 : 11573093;
11337 : 11244387;
11338 : 11441509;
11339 : 10652768;
11340 : 7561788;
11341 : 14794852;
11342 : 16701298;
11343 : 16438383;
11344 : 16504176;
11345 : 16504176;
11346 : 16504176;
11347 : 16504176;
11348 : 16504176;
11349 : 16504176;
11350 : 16438383;
11351 : 16438384;
11352 : 16241007;
11353 : 16438385;
11354 : 16504177;
11355 : 15912300;
11356 : 15320679;
11357 : 15978093;
11358 : 16503921;
11359 : 16504176;
11360 : 16504176;
11361 : 16504176;
11362 : 16504176;
11363 : 16635758;
11364 : 8682070;
11365 : 15856374;
11366 : 16777215;
11367 : 16777215;
11368 : 16777215;
11369 : 14606305;
11370 : 11316394;
11371 : 9407359;
11372 : 9734765;
11373 : 11970677;
11374 : 8287316;
11375 : 11381930;
11376 : 16711422;
11377 : 16777215;
11378 : 16777215;
11379 : 16777215;
11380 : 16777215;
11381 : 16777215;
11382 : 16777215;
11383 : 16777215;
11384 : 16777215;
11385 : 16777215;
11386 : 16777215;
11387 : 16777215;
11388 : 16777215;
11389 : 16777215;
11390 : 16777215;
11391 : 16777215;
11392 : 16777215;
11393 : 16777215;
11394 : 16777215;
11395 : 16777215;
11396 : 16777215;
11397 : 16777215;
11398 : 16777215;
11399 : 16777215;
11400 : 16777215;
11401 : 16777215;
11402 : 16777215;
11403 : 16777215;
11404 : 16777215;
11405 : 16777215;
11406 : 16777215;
11407 : 16777215;
11408 : 16777215;
11409 : 16777215;
11410 : 16777215;
11411 : 16777215;
11412 : 16777215;
11413 : 16777215;
11414 : 16777215;
11415 : 7170401;
11416 : 12558159;
11417 : 14268255;
11418 : 14531168;
11419 : 9468221;
11420 : 11645621;
11421 : 16777215;
11422 : 16777215;
11423 : 7697263;
11424 : 5391649;
11425 : 16307568;
11426 : 16569969;
11427 : 16504176;
11428 : 16504176;
11429 : 16504176;
11430 : 16504176;
11431 : 16372591;
11432 : 16241006;
11433 : 16109422;
11434 : 16175215;
11435 : 16175214;
11436 : 16175215;
11437 : 16372591;
11438 : 16569712;
11439 : 16636275;
11440 : 8350778;
11441 : 12295763;
11442 : 14925667;
11443 : 14925667;
11444 : 13939289;
11445 : 8942396;
11446 : 12755793;
11447 : 11834953;
11448 : 9534274;
11449 : 7825994;
11450 : 7959915;
11451 : 10329502;
11452 : 14277342;
11453 : 16645887;
11454 : 16777215;
11455 : 16777215;
11456 : 16777215;
11457 : 16777215;
11458 : 16777215;
11459 : 16777215;
11460 : 16777215;
11461 : 16777215;
11462 : 16711679;
11463 : 7763053;
11464 : 9994580;
11465 : 11441509;
11466 : 11244387;
11467 : 11441509;
11468 : 9797721;
11469 : 7101237;
11470 : 15780714;
11471 : 16438384;
11472 : 16504176;
11473 : 16504176;
11474 : 16504177;
11475 : 16504177;
11476 : 16504176;
11477 : 16504176;
11478 : 16504176;
11479 : 16504176;
11480 : 16504176;
11481 : 16504176;
11482 : 16504176;
11483 : 16569968;
11484 : 16438384;
11485 : 16306800;
11486 : 16438385;
11487 : 16504176;
11488 : 16504176;
11489 : 16504176;
11490 : 16504176;
11491 : 16767088;
11492 : 10522463;
11493 : 15658995;
11494 : 16777215;
11495 : 16777215;
11496 : 16777215;
11497 : 16777215;
11498 : 16777215;
11499 : 16777215;
11500 : 15132650;
11501 : 11908533;
11502 : 10131596;
11503 : 5723729;
11504 : 13158601;
11505 : 16777215;
11506 : 16777215;
11507 : 16777215;
11508 : 16777215;
11509 : 16777215;
11510 : 16777215;
11511 : 16777215;
11512 : 16777215;
11513 : 16777215;
11514 : 16777215;
11515 : 16777215;
11516 : 16777215;
11517 : 16777215;
11518 : 16777215;
11519 : 16777215;
11520 : 16777215;
11521 : 16777215;
11522 : 16777215;
11523 : 16777215;
11524 : 16777215;
11525 : 16777215;
11526 : 16777215;
11527 : 16777215;
11528 : 16777215;
11529 : 16777215;
11530 : 16777215;
11531 : 16777215;
11532 : 16777215;
11533 : 16777215;
11534 : 16777215;
11535 : 16777215;
11536 : 16777215;
11537 : 16777215;
11538 : 16777215;
11539 : 16777215;
11540 : 16777215;
11541 : 16777215;
11542 : 16777215;
11543 : 9803157;
11544 : 10388288;
11545 : 14333535;
11546 : 14005085;
11547 : 12886864;
11548 : 7894119;
11549 : 16711679;
11550 : 16514302;
11551 : 7498844;
11552 : 5851683;
11553 : 14729061;
11554 : 16504176;
11555 : 16438383;
11556 : 16504176;
11557 : 16504176;
11558 : 16504176;
11559 : 16504176;
11560 : 16438383;
11561 : 16306798;
11562 : 16306799;
11563 : 16372591;
11564 : 16372591;
11565 : 16504176;
11566 : 16767859;
11567 : 12690518;
11568 : 4865566;
11569 : 10848838;
11570 : 10717254;
11571 : 10717255;
11572 : 10323530;
11573 : 9929811;
11574 : 9208423;
11575 : 10065810;
11576 : 13027273;
11577 : 15593202;
11578 : 16777215;
11579 : 16777215;
11580 : 16777215;
11581 : 16777215;
11582 : 16777215;
11583 : 16777215;
11584 : 16777215;
11585 : 16777215;
11586 : 16777215;
11587 : 16777215;
11588 : 16777215;
11589 : 16777215;
11590 : 16777215;
11591 : 13685203;
11592 : 7167555;
11593 : 11638629;
11594 : 11310180;
11595 : 11310180;
11596 : 11507302;
11597 : 8482637;
11598 : 9074239;
11599 : 16767347;
11600 : 16504176;
11601 : 16504176;
11602 : 16504176;
11603 : 16504176;
11604 : 16504176;
11605 : 16504176;
11606 : 16504176;
11607 : 16504176;
11608 : 16504176;
11609 : 16504176;
11610 : 16438383;
11611 : 16504176;
11612 : 16504176;
11613 : 16504176;
11614 : 16504176;
11615 : 16504176;
11616 : 16504176;
11617 : 16504176;
11618 : 16504176;
11619 : 16767601;
11620 : 10916442;
11621 : 15198444;
11622 : 16777215;
11623 : 16777215;
11624 : 16777215;
11625 : 16777215;
11626 : 16777215;
11627 : 16777215;
11628 : 16777215;
11629 : 16777215;
11630 : 16777215;
11631 : 16579836;
11632 : 16316664;
11633 : 16777215;
11634 : 16777215;
11635 : 16777215;
11636 : 16777215;
11637 : 16777215;
11638 : 16777215;
11639 : 16777215;
11640 : 16777215;
11641 : 16777215;
11642 : 16777215;
11643 : 16777215;
11644 : 16777215;
11645 : 16777215;
11646 : 16777215;
11647 : 16777215;
11648 : 16777215;
11649 : 16777215;
11650 : 16777215;
11651 : 16777215;
11652 : 16777215;
11653 : 16777215;
11654 : 16777215;
11655 : 16777215;
11656 : 16777215;
11657 : 16777215;
11658 : 16777215;
11659 : 16777215;
11660 : 16777215;
11661 : 16777215;
11662 : 16777215;
11663 : 16777215;
11664 : 16777215;
11665 : 16777215;
11666 : 16777215;
11667 : 16777215;
11668 : 16777215;
11669 : 16777215;
11670 : 16777215;
11671 : 12632773;
11672 : 7824693;
11673 : 14399327;
11674 : 13873501;
11675 : 14202718;
11676 : 8022333;
11677 : 13751512;
11678 : 14541543;
11679 : 7563078;
11680 : 7364143;
11681 : 13019225;
11682 : 16503921;
11683 : 16241006;
11684 : 16438383;
11685 : 16504176;
11686 : 16504176;
11687 : 16504176;
11688 : 16504176;
11689 : 16504176;
11690 : 16504176;
11691 : 16504176;
11692 : 16504176;
11693 : 16569712;
11694 : 16504688;
11695 : 7036991;
11696 : 10790312;
11697 : 12303292;
11698 : 12237755;
11699 : 12632257;
11700 : 13948376;
11701 : 15264237;
11702 : 16645887;
11703 : 16777215;
11704 : 16777215;
11705 : 16777215;
11706 : 16777215;
11707 : 16777215;
11708 : 16777215;
11709 : 16777215;
11710 : 16777215;
11711 : 16777215;
11712 : 16777215;
11713 : 16777215;
11714 : 16777215;
11715 : 16777215;
11716 : 16777215;
11717 : 16777215;
11718 : 16777215;
11719 : 16711423;
11720 : 7894125;
11721 : 10257751;
11722 : 11375973;
11723 : 11310180;
11724 : 11244387;
11725 : 11507558;
11726 : 7167295;
11727 : 13019225;
11728 : 16767859;
11729 : 16504176;
11730 : 16504176;
11731 : 16504176;
11732 : 16504176;
11733 : 16504176;
11734 : 16504176;
11735 : 16504176;
11736 : 16504176;
11737 : 16504176;
11738 : 16504176;
11739 : 16504176;
11740 : 16504176;
11741 : 16504176;
11742 : 16504176;
11743 : 16504176;
11744 : 16504176;
11745 : 16504176;
11746 : 16504176;
11747 : 16767601;
11748 : 11573594;
11749 : 14540770;
11750 : 16777215;
11751 : 16777215;
11752 : 16777215;
11753 : 16777215;
11754 : 16777215;
11755 : 16777215;
11756 : 16777215;
11757 : 16777215;
11758 : 16777215;
11759 : 16777215;
11760 : 16777215;
11761 : 16777215;
11762 : 16777215;
11763 : 16777215;
11764 : 16777215;
11765 : 16777215;
11766 : 16777215;
11767 : 16777215;
11768 : 16777215;
11769 : 16777215;
11770 : 16777215;
11771 : 16777215;
11772 : 16777215;
11773 : 16777215;
11774 : 16777215;
11775 : 16777215;
11776 : 16777215;
11777 : 16777215;
11778 : 16777215;
11779 : 16777215;
11780 : 16777215;
11781 : 16777215;
11782 : 16777215;
11783 : 16777215;
11784 : 16777215;
11785 : 16777215;
11786 : 16777215;
11787 : 16777215;
11788 : 16777215;
11789 : 16777215;
11790 : 16777215;
11791 : 16777215;
11792 : 16777215;
11793 : 16777215;
11794 : 16777215;
11795 : 16777215;
11796 : 16777215;
11797 : 16777215;
11798 : 16777215;
11799 : 15593201;
11800 : 6839619;
11801 : 14004826;
11802 : 13939293;
11803 : 14334047;
11804 : 11637832;
11805 : 9343117;
11806 : 12699854;
11807 : 8679744;
11808 : 8876347;
11809 : 12032851;
11810 : 16635506;
11811 : 16306799;
11812 : 16438383;
11813 : 16504176;
11814 : 16504176;
11815 : 16504176;
11816 : 16504176;
11817 : 16504176;
11818 : 16504176;
11819 : 16504176;
11820 : 16504176;
11821 : 16767603;
11822 : 12953428;
11823 : 8750210;
11824 : 16777215;
11825 : 16777215;
11826 : 16777215;
11827 : 16777215;
11828 : 16777215;
11829 : 16777215;
11830 : 16777215;
11831 : 16777215;
11832 : 16777215;
11833 : 16777215;
11834 : 16777215;
11835 : 16777215;
11836 : 16777215;
11837 : 16777215;
11838 : 16777215;
11839 : 16777215;
11840 : 16777215;
11841 : 16777215;
11842 : 16777215;
11843 : 16777215;
11844 : 16777215;
11845 : 16777215;
11846 : 16777215;
11847 : 16777215;
11848 : 12698307;
11849 : 7364673;
11850 : 11638886;
11851 : 11244387;
11852 : 11244387;
11853 : 11310179;
11854 : 10784096;
11855 : 6444083;
11856 : 15452522;
11857 : 16636018;
11858 : 16504176;
11859 : 16504176;
11860 : 16504176;
11861 : 16504176;
11862 : 16504176;
11863 : 16504176;
11864 : 16504176;
11865 : 16504176;
11866 : 16504176;
11867 : 16504176;
11868 : 16504176;
11869 : 16504176;
11870 : 16504176;
11871 : 16504176;
11872 : 16504176;
11873 : 16504176;
11874 : 16504176;
11875 : 16767602;
11876 : 12362326;
11877 : 13027272;
11878 : 16777215;
11879 : 16777215;
11880 : 16777215;
11881 : 16777215;
11882 : 16777215;
11883 : 16777215;
11884 : 16777215;
11885 : 16777215;
11886 : 16777215;
11887 : 16777215;
11888 : 16777215;
11889 : 16777215;
11890 : 16777215;
11891 : 16777215;
11892 : 16777215;
11893 : 16777215;
11894 : 16777215;
11895 : 16777215;
11896 : 16777215;
11897 : 16777215;
11898 : 16777215;
11899 : 16777215;
11900 : 16777215;
11901 : 16777215;
11902 : 16777215;
11903 : 16777215;
11904 : 16777215;
11905 : 16777215;
11906 : 16777215;
11907 : 16777215;
11908 : 16777215;
11909 : 16777215;
11910 : 16777215;
11911 : 16777215;
11912 : 16777215;
11913 : 16777215;
11914 : 16777215;
11915 : 16777215;
11916 : 16777215;
11917 : 16777215;
11918 : 16777215;
11919 : 16777215;
11920 : 16777215;
11921 : 16777215;
11922 : 16777215;
11923 : 16777215;
11924 : 16777215;
11925 : 16777215;
11926 : 16777215;
11927 : 16777215;
11928 : 7630950;
11929 : 12887121;
11930 : 14333792;
11931 : 14202463;
11932 : 14267740;
11933 : 8221526;
11934 : 9804705;
11935 : 10585925;
11936 : 10257477;
11937 : 11112524;
11938 : 16767602;
11939 : 16504176;
11940 : 16504176;
11941 : 16504176;
11942 : 16504176;
11943 : 16504176;
11944 : 16504176;
11945 : 16504176;
11946 : 16504176;
11947 : 16504176;
11948 : 16504176;
11949 : 16768115;
11950 : 8417088;
11951 : 13422034;
11952 : 16777215;
11953 : 16777215;
11954 : 16777215;
11955 : 16777215;
11956 : 16777215;
11957 : 16777215;
11958 : 16777215;
11959 : 16777215;
11960 : 16777215;
11961 : 16777215;
11962 : 16777215;
11963 : 16777215;
11964 : 16777215;
11965 : 16777215;
11966 : 16777215;
11967 : 16777215;
11968 : 16777215;
11969 : 16777215;
11970 : 16777215;
11971 : 16777215;
11972 : 16777215;
11973 : 16777215;
11974 : 16777215;
11975 : 16777215;
11976 : 16119543;
11977 : 6577747;
11978 : 10718044;
11979 : 11178595;
11980 : 11178595;
11981 : 11178596;
11982 : 11573094;
11983 : 8548429;
11984 : 8811070;
11985 : 16768115;
11986 : 16438383;
11987 : 16438383;
11988 : 16438383;
11989 : 16438384;
11990 : 16372591;
11991 : 16372590;
11992 : 16306799;
11993 : 16241006;
11994 : 16306798;
11995 : 16438383;
11996 : 16504176;
11997 : 16504176;
11998 : 16504176;
11999 : 16504176;
12000 : 16504176;
12001 : 16504176;
12002 : 16504176;
12003 : 16767346;
12004 : 13479256;
12005 : 10460826;
12006 : 16777215;
12007 : 16777215;
12008 : 16777215;
12009 : 16777215;
12010 : 16777215;
12011 : 16777215;
12012 : 16777215;
12013 : 16777215;
12014 : 16777215;
12015 : 16777215;
12016 : 16777215;
12017 : 16777215;
12018 : 16777215;
12019 : 16777215;
12020 : 16777215;
12021 : 16777215;
12022 : 16777215;
12023 : 16777215;
12024 : 16777215;
12025 : 16777215;
12026 : 16777215;
12027 : 16777215;
12028 : 16777215;
12029 : 16777215;
12030 : 16777215;
12031 : 16777215;
12032 : 16777215;
12033 : 16777215;
12034 : 16777215;
12035 : 16777215;
12036 : 16777215;
12037 : 16777215;
12038 : 16777215;
12039 : 16777215;
12040 : 16777215;
12041 : 16777215;
12042 : 16777215;
12043 : 16777215;
12044 : 16777215;
12045 : 16777215;
12046 : 16777215;
12047 : 16777215;
12048 : 16777215;
12049 : 16777215;
12050 : 16777215;
12051 : 16777215;
12052 : 16777215;
12053 : 16777215;
12054 : 16777215;
12055 : 16777215;
12056 : 9868951;
12057 : 10191168;
12058 : 14596962;
12059 : 14136670;
12060 : 14399840;
12061 : 11178318;
12062 : 4605248;
12063 : 12164176;
12064 : 11440972;
12065 : 9600066;
12066 : 16768116;
12067 : 16504175;
12068 : 16372591;
12069 : 16438384;
12070 : 16504176;
12071 : 16504176;
12072 : 16504176;
12073 : 16504176;
12074 : 16504176;
12075 : 16504176;
12076 : 16701298;
12077 : 14663008;
12078 : 7433570;
12079 : 16711423;
12080 : 16777215;
12081 : 16777215;
12082 : 16777215;
12083 : 16777215;
12084 : 16777215;
12085 : 16777215;
12086 : 16777215;
12087 : 16777215;
12088 : 16777215;
12089 : 16777215;
12090 : 16777215;
12091 : 16777215;
12092 : 16777215;
12093 : 16777215;
12094 : 16777215;
12095 : 16777215;
12096 : 16777215;
12097 : 16777215;
12098 : 16777215;
12099 : 16777215;
12100 : 16777215;
12101 : 16777215;
12102 : 16777215;
12103 : 16777215;
12104 : 16777215;
12105 : 11184810;
12106 : 8153414;
12107 : 11310180;
12108 : 11047010;
12109 : 11112803;
12110 : 11178596;
12111 : 11375974;
12112 : 5918004;
12113 : 13150808;
12114 : 16767346;
12115 : 16306799;
12116 : 16306799;
12117 : 16241006;
12118 : 16175214;
12119 : 16175215;
12120 : 16175214;
12121 : 16175214;
12122 : 16175214;
12123 : 16241006;
12124 : 16438384;
12125 : 16504176;
12126 : 16504176;
12127 : 16372847;
12128 : 16372591;
12129 : 16306799;
12130 : 16306799;
12131 : 16438383;
12132 : 15188578;
12133 : 8420206;
12134 : 16777215;
12135 : 16777215;
12136 : 16777215;
12137 : 16777215;
12138 : 16777215;
12139 : 16777215;
12140 : 16777215;
12141 : 16777215;
12142 : 16777215;
12143 : 16777215;
12144 : 16777215;
12145 : 16777215;
12146 : 16777215;
12147 : 16777215;
12148 : 16777215;
12149 : 16777215;
12150 : 16777215;
12151 : 16777215;
12152 : 16777215;
12153 : 16777215;
12154 : 16777215;
12155 : 16777215;
12156 : 16777215;
12157 : 16777215;
12158 : 16777215;
12159 : 16777215;
12160 : 16777215;
12161 : 16777215;
12162 : 16777215;
12163 : 16777215;
12164 : 16777215;
12165 : 16777215;
12166 : 16777215;
12167 : 16777215;
12168 : 16777215;
12169 : 16777215;
12170 : 16777215;
12171 : 16777215;
12172 : 16777215;
12173 : 16777215;
12174 : 16777215;
12175 : 16777215;
12176 : 16777215;
12177 : 16777215;
12178 : 16777215;
12179 : 16777215;
12180 : 16777215;
12181 : 16777215;
12182 : 16777215;
12183 : 16777215;
12184 : 13422032;
12185 : 7824953;
12186 : 14531168;
12187 : 13873756;
12188 : 13939037;
12189 : 13939549;
12190 : 9796928;
12191 : 13282137;
12192 : 11901263;
12193 : 8613691;
12194 : 16701554;
12195 : 16241007;
12196 : 16175215;
12197 : 16175215;
12198 : 16241007;
12199 : 16438383;
12200 : 16504176;
12201 : 16504176;
12202 : 16504176;
12203 : 16504176;
12204 : 16768372;
12205 : 10060355;
12206 : 11185327;
12207 : 16777215;
12208 : 16777215;
12209 : 16777215;
12210 : 16777215;
12211 : 16777215;
12212 : 16777215;
12213 : 16777215;
12214 : 16777215;
12215 : 16777215;
12216 : 16777215;
12217 : 16777215;
12218 : 16777215;
12219 : 16777215;
12220 : 16777215;
12221 : 16777215;
12222 : 16777215;
12223 : 16777215;
12224 : 16777215;
12225 : 16777215;
12226 : 16777215;
12227 : 16777215;
12228 : 16777215;
12229 : 16777215;
12230 : 16777215;
12231 : 16777215;
12232 : 16777215;
12233 : 15724785;
12234 : 7694934;
12235 : 11178337;
12236 : 11047010;
12237 : 11047010;
12238 : 11047010;
12239 : 11244388;
12240 : 9995098;
12241 : 5786413;
12242 : 15452265;
12243 : 16503920;
12244 : 16241006;
12245 : 16175214;
12246 : 16044143;
12247 : 16175213;
12248 : 16044142;
12249 : 16109679;
12250 : 16175214;
12251 : 16175213;
12252 : 16306798;
12253 : 16306799;
12254 : 16241006;
12255 : 16175213;
12256 : 16175214;
12257 : 16175215;
12258 : 16175215;
12259 : 16175215;
12260 : 15978089;
12261 : 7431756;
12262 : 15922422;
12263 : 16777215;
12264 : 16777215;
12265 : 16777215;
12266 : 16777215;
12267 : 16777215;
12268 : 16777215;
12269 : 16777215;
12270 : 16777215;
12271 : 16777215;
12272 : 16777215;
12273 : 16777215;
12274 : 16777215;
12275 : 16777215;
12276 : 16777215;
12277 : 16777215;
12278 : 16777215;
12279 : 16777215;
12280 : 16777215;
12281 : 16777215;
12282 : 16777215;
12283 : 16777215;
12284 : 16777215;
12285 : 16777215;
12286 : 16777215;
12287 : 16777215;
12288 : 16777215;
12289 : 16777215;
12290 : 16777215;
12291 : 16777215;
12292 : 16777215;
12293 : 16777215;
12294 : 16777215;
12295 : 16777215;
12296 : 16777215;
12297 : 16777215;
12298 : 16777215;
12299 : 16777215;
12300 : 16777215;
12301 : 16777215;
12302 : 16777215;
12303 : 16777215;
12304 : 16777215;
12305 : 16777215;
12306 : 16777215;
12307 : 16777215;
12308 : 16777215;
12309 : 16777215;
12310 : 16777215;
12311 : 16777215;
12312 : 15922166;
12313 : 6971463;
12314 : 13873497;
12315 : 13808220;
12316 : 13808221;
12317 : 13808221;
12318 : 14268000;
12319 : 14071135;
12320 : 12229970;
12321 : 8022071;
12322 : 16504177;
12323 : 16175215;
12324 : 16175215;
12325 : 16175215;
12326 : 16175215;
12327 : 16241007;
12328 : 16504176;
12329 : 16504176;
12330 : 16504176;
12331 : 16569968;
12332 : 16307053;
12333 : 6774339;
12334 : 15593200;
12335 : 16777215;
12336 : 16777215;
12337 : 16777215;
12338 : 16777215;
12339 : 16777215;
12340 : 16777215;
12341 : 16777215;
12342 : 16777215;
12343 : 16777215;
12344 : 16777215;
12345 : 16777215;
12346 : 16777215;
12347 : 16777215;
12348 : 16777215;
12349 : 16777215;
12350 : 16777215;
12351 : 16777215;
12352 : 16777215;
12353 : 16777215;
12354 : 16777215;
12355 : 16777215;
12356 : 16777215;
12357 : 16777215;
12358 : 16777215;
12359 : 16777215;
12360 : 16777215;
12361 : 16777215;
12362 : 9473158;
12363 : 9862996;
12364 : 11178339;
12365 : 11047010;
12366 : 11047010;
12367 : 11047010;
12368 : 11441510;
12369 : 8285259;
12370 : 7759159;
12371 : 16701297;
12372 : 16306542;
12373 : 16175214;
12374 : 16109679;
12375 : 16175214;
12376 : 16109678;
12377 : 16175214;
12378 : 16372591;
12379 : 16438383;
12380 : 16438384;
12381 : 16306799;
12382 : 16109422;
12383 : 16109422;
12384 : 16175215;
12385 : 16175214;
12386 : 16175214;
12387 : 16175213;
12388 : 15846505;
12389 : 8022074;
12390 : 13356497;
12391 : 16777215;
12392 : 16777215;
12393 : 16777215;
12394 : 16777215;
12395 : 16777215;
12396 : 16777215;
12397 : 16777215;
12398 : 16777215;
12399 : 16777215;
12400 : 16777215;
12401 : 16777215;
12402 : 16777215;
12403 : 16777215;
12404 : 16777215;
12405 : 16777215;
12406 : 16777215;
12407 : 16777215;
12408 : 16777215;
12409 : 16777215;
12410 : 16777215;
12411 : 16777215;
12412 : 16777215;
12413 : 16777215;
12414 : 16777215;
12415 : 16777215;
12416 : 16777215;
12417 : 16777215;
12418 : 16777215;
12419 : 16777215;
12420 : 16777215;
12421 : 16777215;
12422 : 16777215;
12423 : 16777215;
12424 : 16777215;
12425 : 16777215;
12426 : 16777215;
12427 : 16777215;
12428 : 16777215;
12429 : 16777215;
12430 : 16777215;
12431 : 16777215;
12432 : 16777215;
12433 : 16777215;
12434 : 16777215;
12435 : 16777215;
12436 : 16777215;
12437 : 16777215;
12438 : 16777215;
12439 : 16777215;
12440 : 16777215;
12441 : 7763054;
12442 : 11900746;
12443 : 14202462;
12444 : 13939293;
12445 : 13808221;
12446 : 13808221;
12447 : 13939550;
12448 : 12821846;
12449 : 7627573;
12450 : 16307056;
12451 : 16175215;
12452 : 16175215;
12453 : 16175215;
12454 : 16175215;
12455 : 16306799;
12456 : 16504176;
12457 : 16504176;
12458 : 16504176;
12459 : 16767602;
12460 : 13216342;
12461 : 8487038;
12462 : 16777215;
12463 : 16777215;
12464 : 16777215;
12465 : 16777215;
12466 : 16777215;
12467 : 16777215;
12468 : 16777215;
12469 : 16777215;
12470 : 16777215;
12471 : 16777215;
12472 : 16777215;
12473 : 16777215;
12474 : 16777215;
12475 : 16777215;
12476 : 16777215;
12477 : 16777215;
12478 : 16777215;
12479 : 16777215;
12480 : 16777215;
12481 : 16777215;
12482 : 16777215;
12483 : 16777215;
12484 : 16777215;
12485 : 16777215;
12486 : 16777215;
12487 : 16777215;
12488 : 16777215;
12489 : 16777215;
12490 : 12961478;
12491 : 8219466;
12492 : 11309924;
12493 : 11047011;
12494 : 11047010;
12495 : 10981219;
12496 : 10981218;
12497 : 11375717;
12498 : 6904382;
12499 : 10323527;
12500 : 16767603;
12501 : 16241005;
12502 : 16241006;
12503 : 16241006;
12504 : 16372591;
12505 : 16438383;
12506 : 16504176;
12507 : 16504176;
12508 : 16504176;
12509 : 16504176;
12510 : 16372591;
12511 : 16306799;
12512 : 16306798;
12513 : 16372592;
12514 : 16438385;
12515 : 15912300;
12516 : 15188838;
12517 : 10848835;
12518 : 8947847;
12519 : 16777215;
12520 : 16777215;
12521 : 16777215;
12522 : 16777215;
12523 : 16777215;
12524 : 16777215;
12525 : 16777215;
12526 : 16777215;
12527 : 16777215;
12528 : 16777215;
12529 : 16777215;
12530 : 16777215;
12531 : 16777215;
12532 : 16777215;
12533 : 16777215;
12534 : 16777215;
12535 : 16777215;
12536 : 16777215;
12537 : 16777215;
12538 : 16777215;
12539 : 16777215;
12540 : 16777215;
12541 : 16777215;
12542 : 16777215;
12543 : 16777215;
12544 : 16777215;
12545 : 16777215;
12546 : 16777215;
12547 : 16777215;
12548 : 16777215;
12549 : 16777215;
12550 : 16777215;
12551 : 16777215;
12552 : 16777215;
12553 : 16777215;
12554 : 16777215;
12555 : 16777215;
12556 : 16777215;
12557 : 16777215;
12558 : 16777215;
12559 : 16777215;
12560 : 16777215;
12561 : 16777215;
12562 : 16777215;
12563 : 16777215;
12564 : 16777215;
12565 : 16777215;
12566 : 16777215;
12567 : 16777215;
12568 : 16777215;
12569 : 11448241;
12570 : 9796927;
12571 : 14662497;
12572 : 14202463;
12573 : 14071134;
12574 : 13939548;
12575 : 13939548;
12576 : 13413465;
12577 : 7298866;
12578 : 16175470;
12579 : 16306799;
12580 : 16306798;
12581 : 16306799;
12582 : 16372591;
12583 : 16504175;
12584 : 16504176;
12585 : 16504176;
12586 : 16504176;
12587 : 16768115;
12588 : 8679999;
12589 : 13093325;
12590 : 16777215;
12591 : 16777215;
12592 : 16777215;
12593 : 16777215;
12594 : 16777215;
12595 : 16777215;
12596 : 16777215;
12597 : 16777215;
12598 : 16777215;
12599 : 16777215;
12600 : 16777215;
12601 : 16777215;
12602 : 16777215;
12603 : 16777215;
12604 : 16777215;
12605 : 16777215;
12606 : 16777215;
12607 : 16777215;
12608 : 16777215;
12609 : 16777215;
12610 : 16777215;
12611 : 16777215;
12612 : 16777215;
12613 : 16777215;
12614 : 16777215;
12615 : 16777215;
12616 : 16777215;
12617 : 16777215;
12618 : 15395821;
12619 : 7628881;
12620 : 11178338;
12621 : 11047010;
12622 : 11047010;
12623 : 10981218;
12624 : 10981218;
12625 : 11047010;
12626 : 11178596;
12627 : 6115382;
12628 : 10849353;
12629 : 16767346;
12630 : 16569713;
12631 : 16438383;
12632 : 16504176;
12633 : 16504176;
12634 : 16504176;
12635 : 16504176;
12636 : 16504176;
12637 : 16504176;
12638 : 16569968;
12639 : 16504178;
12640 : 16504177;
12641 : 16372593;
12642 : 15780971;
12643 : 14860132;
12644 : 14334048;
12645 : 13939034;
12646 : 6774086;
12647 : 15856372;
12648 : 16777215;
12649 : 16777215;
12650 : 16777215;
12651 : 16777215;
12652 : 16777215;
12653 : 16777215;
12654 : 16777215;
12655 : 16777215;
12656 : 16777215;
12657 : 16777215;
12658 : 16777215;
12659 : 16777215;
12660 : 16777215;
12661 : 16777215;
12662 : 16777215;
12663 : 16777215;
12664 : 16777215;
12665 : 16777215;
12666 : 16777215;
12667 : 16777215;
12668 : 16777215;
12669 : 16777215;
12670 : 16777215;
12671 : 16777215;
12672 : 16777215;
12673 : 16777215;
12674 : 16777215;
12675 : 16777215;
12676 : 16777215;
12677 : 16777215;
12678 : 16777215;
12679 : 16777215;
12680 : 16777215;
12681 : 16777215;
12682 : 16777215;
12683 : 16777215;
12684 : 16777215;
12685 : 16777215;
12686 : 16777215;
12687 : 16777215;
12688 : 16777215;
12689 : 16777215;
12690 : 16777215;
12691 : 16777215;
12692 : 16777215;
12693 : 16777215;
12694 : 16777215;
12695 : 16777215;
12696 : 16777215;
12697 : 14737892;
12698 : 9995086;
12699 : 14530911;
12700 : 14202463;
12701 : 14202463;
12702 : 14202463;
12703 : 14202462;
12704 : 14070878;
12705 : 7627572;
12706 : 15978349;
12707 : 16569969;
12708 : 16504176;
12709 : 16504176;
12710 : 16504177;
12711 : 16504177;
12712 : 16504176;
12713 : 16504176;
12714 : 16569969;
12715 : 15978089;
12716 : 7366739;
12717 : 16250873;
12718 : 16777215;
12719 : 16777215;
12720 : 16777215;
12721 : 16777215;
12722 : 16777215;
12723 : 16777215;
12724 : 16777215;
12725 : 16777215;
12726 : 16777215;
12727 : 16777215;
12728 : 16777215;
12729 : 16777215;
12730 : 16777215;
12731 : 16777215;
12732 : 16777215;
12733 : 16777215;
12734 : 16777215;
12735 : 16777215;
12736 : 16777215;
12737 : 16777215;
12738 : 16777215;
12739 : 16777215;
12740 : 16777215;
12741 : 16777215;
12742 : 16777215;
12743 : 16777215;
12744 : 16777215;
12745 : 16777215;
12746 : 15593457;
12747 : 7628883;
12748 : 11244130;
12749 : 11047010;
12750 : 11047010;
12751 : 10981217;
12752 : 10981217;
12753 : 10981218;
12754 : 11112803;
12755 : 10981475;
12756 : 5852469;
12757 : 8087863;
12758 : 15452265;
12759 : 16767859;
12760 : 16635506;
12761 : 16504177;
12762 : 16504177;
12763 : 16504177;
12764 : 16438384;
12765 : 16372591;
12766 : 16372591;
12767 : 16175471;
12768 : 15846508;
12769 : 15320424;
12770 : 14596962;
12771 : 14202463;
12772 : 14202463;
12773 : 14662498;
12774 : 10125377;
12775 : 10921639;
12776 : 16777215;
12777 : 16777215;
12778 : 16777215;
12779 : 16777215;
12780 : 16777215;
12781 : 16777215;
12782 : 16777215;
12783 : 16777215;
12784 : 16777215;
12785 : 16777215;
12786 : 16777215;
12787 : 16777215;
12788 : 16777215;
12789 : 16777215;
12790 : 16777215;
12791 : 16777215;
12792 : 16777215;
12793 : 16777215;
12794 : 16777215;
12795 : 16777215;
12796 : 16777215;
12797 : 16777215;
12798 : 16777215;
12799 : 16777215;
12800 : 16777215;
12801 : 16777215;
12802 : 16777215;
12803 : 16777215;
12804 : 16777215;
12805 : 16777215;
12806 : 16777215;
12807 : 16777215;
12808 : 16777215;
12809 : 16777215;
12810 : 16777215;
12811 : 16777215;
12812 : 16777215;
12813 : 16777215;
12814 : 16777215;
12815 : 16777215;
12816 : 16777215;
12817 : 16777215;
12818 : 16777215;
12819 : 16777215;
12820 : 16777215;
12821 : 16777215;
12822 : 16777215;
12823 : 16777215;
12824 : 16777215;
12825 : 16053752;
12826 : 9404763;
12827 : 14333532;
12828 : 14202463;
12829 : 14202463;
12830 : 14202463;
12831 : 14202463;
12832 : 14334047;
12833 : 7824694;
12834 : 15452266;
12835 : 16635761;
12836 : 16504176;
12837 : 16504176;
12838 : 16504176;
12839 : 16504176;
12840 : 16504176;
12841 : 16504176;
12842 : 16767602;
12843 : 13282133;
12844 : 8684417;
12845 : 16777215;
12846 : 16777215;
12847 : 16777215;
12848 : 16777215;
12849 : 16777215;
12850 : 16777215;
12851 : 16777215;
12852 : 16777215;
12853 : 16777215;
12854 : 16777215;
12855 : 16777215;
12856 : 16777215;
12857 : 16777215;
12858 : 16777215;
12859 : 16777215;
12860 : 16777215;
12861 : 16777215;
12862 : 16777215;
12863 : 16777215;
12864 : 16777215;
12865 : 16777215;
12866 : 16777215;
12867 : 16777215;
12868 : 16777215;
12869 : 16777215;
12870 : 16777215;
12871 : 16777215;
12872 : 16777215;
12873 : 16777215;
12874 : 12434876;
12875 : 8613965;
12876 : 11244131;
12877 : 11047010;
12878 : 10981217;
12879 : 10981217;
12880 : 11047010;
12881 : 11047010;
12882 : 11047010;
12883 : 11178339;
12884 : 11309925;
12885 : 7627845;
12886 : 3945245;
12887 : 9928769;
12888 : 15320164;
12889 : 16569969;
12890 : 16175471;
12891 : 15912556;
12892 : 15649385;
12893 : 15452008;
12894 : 15386215;
12895 : 15123302;
12896 : 14662754;
12897 : 14268255;
12898 : 14202463;
12899 : 14202463;
12900 : 14202463;
12901 : 14268255;
12902 : 13939290;
12903 : 7037256;
12904 : 15527408;
12905 : 16777215;
12906 : 16777215;
12907 : 16777215;
12908 : 16777215;
12909 : 16777215;
12910 : 16777215;
12911 : 16777215;
12912 : 16777215;
12913 : 16777215;
12914 : 16777215;
12915 : 16777215;
12916 : 16777215;
12917 : 16777215;
12918 : 16777215;
12919 : 16777215;
12920 : 16777215;
12921 : 16777215;
12922 : 16777215;
12923 : 16777215;
12924 : 16777215;
12925 : 16777215;
12926 : 16777215;
12927 : 16777215;
12928 : 16777215;
12929 : 16777215;
12930 : 16777215;
12931 : 16777215;
12932 : 16777215;
12933 : 16777215;
12934 : 16777215;
12935 : 16777215;
12936 : 16777215;
12937 : 16777215;
12938 : 16777215;
12939 : 16777215;
12940 : 16777215;
12941 : 16777215;
12942 : 16777215;
12943 : 16777215;
12944 : 16777215;
12945 : 16777215;
12946 : 16777215;
12947 : 16777215;
12948 : 16777215;
12949 : 16777215;
12950 : 16777215;
12951 : 16777215;
12952 : 16777215;
12953 : 16514301;
12954 : 7893082;
12955 : 13873240;
12956 : 14267999;
12957 : 14202463;
12958 : 14202463;
12959 : 14136670;
12960 : 14399584;
12961 : 9139774;
12962 : 15452522;
12963 : 16635505;
12964 : 16504176;
12965 : 16504176;
12966 : 16504176;
12967 : 16504176;
12968 : 16504176;
12969 : 16504176;
12970 : 16768115;
12971 : 9797701;
12972 : 12435395;
12973 : 16777215;
12974 : 16777215;
12975 : 16777215;
12976 : 16777215;
12977 : 16777215;
12978 : 16777215;
12979 : 16777215;
12980 : 16777215;
12981 : 16777215;
12982 : 16777215;
12983 : 16777215;
12984 : 16777215;
12985 : 16777215;
12986 : 16777215;
12987 : 16777215;
12988 : 16777215;
12989 : 16777215;
12990 : 16777215;
12991 : 16777215;
12992 : 16777215;
12993 : 16777215;
12994 : 16777215;
12995 : 16777215;
12996 : 16777215;
12997 : 16777215;
12998 : 16777215;
12999 : 16777215;
13000 : 16777215;
13001 : 15724529;
13002 : 7892829;
13003 : 10980959;
13004 : 11112803;
13005 : 11178594;
13006 : 11112803;
13007 : 11112803;
13008 : 11047010;
13009 : 11047010;
13010 : 11047010;
13011 : 11047010;
13012 : 11573095;
13013 : 8416584;
13014 : 7499886;
13015 : 10329761;
13016 : 6643276;
13017 : 9599550;
13018 : 14399581;
13019 : 15451751;
13020 : 14991717;
13021 : 14860132;
13022 : 14597218;
13023 : 14268256;
13024 : 14136670;
13025 : 14136670;
13026 : 14202463;
13027 : 14202463;
13028 : 14202463;
13029 : 14202463;
13030 : 14531169;
13031 : 11243334;
13032 : 8749952;
13033 : 16777215;
13034 : 16777215;
13035 : 16777215;
13036 : 16777215;
13037 : 16777215;
13038 : 16777215;
13039 : 16777215;
13040 : 16777215;
13041 : 16777215;
13042 : 16777215;
13043 : 16777215;
13044 : 16777215;
13045 : 16777215;
13046 : 16777215;
13047 : 16777215;
13048 : 16777215;
13049 : 16777215;
13050 : 16777215;
13051 : 16777215;
13052 : 16777215;
13053 : 16777215;
13054 : 16777215;
13055 : 16777215;
13056 : 16777215;
13057 : 16777215;
13058 : 16777215;
13059 : 16777215;
13060 : 16777215;
13061 : 16777215;
13062 : 16777215;
13063 : 16777215;
13064 : 16777215;
13065 : 16777215;
13066 : 16777215;
13067 : 16777215;
13068 : 16777215;
13069 : 16777215;
13070 : 16777215;
13071 : 16777215;
13072 : 16777215;
13073 : 16777215;
13074 : 16777215;
13075 : 16777215;
13076 : 16777215;
13077 : 16777215;
13078 : 16777215;
13079 : 16777215;
13080 : 16777215;
13081 : 16777215;
13082 : 8223344;
13083 : 13478997;
13084 : 15057253;
13085 : 14728547;
13086 : 14465633;
13087 : 14268255;
13088 : 14399584;
13089 : 9600065;
13090 : 15583851;
13091 : 16569968;
13092 : 16504176;
13093 : 16504176;
13094 : 16504176;
13095 : 16504176;
13096 : 16504176;
13097 : 16504177;
13098 : 16635760;
13099 : 7629128;
13100 : 15395823;
13101 : 16777215;
13102 : 16777215;
13103 : 16777215;
13104 : 16777215;
13105 : 16777215;
13106 : 16777215;
13107 : 16777215;
13108 : 16777215;
13109 : 16777215;
13110 : 16777215;
13111 : 16777215;
13112 : 16777215;
13113 : 16777215;
13114 : 16777215;
13115 : 16777215;
13116 : 16777215;
13117 : 16777215;
13118 : 16777215;
13119 : 16777215;
13120 : 16777215;
13121 : 16777215;
13122 : 16777215;
13123 : 16777215;
13124 : 16777215;
13125 : 16777215;
13126 : 16777215;
13127 : 16777215;
13128 : 16711423;
13129 : 7039851;
13130 : 8613704;
13131 : 11573351;
13132 : 11244388;
13133 : 11244387;
13134 : 11244388;
13135 : 11178595;
13136 : 11047010;
13137 : 11047010;
13138 : 11047010;
13139 : 11441509;
13140 : 7693378;
13141 : 8157816;
13142 : 16316922;
13143 : 16777215;
13144 : 16053752;
13145 : 10724518;
13146 : 7300689;
13147 : 10059841;
13148 : 14070618;
13149 : 14662754;
13150 : 14202463;
13151 : 14202463;
13152 : 14202463;
13153 : 14202463;
13154 : 14202463;
13155 : 14136670;
13156 : 14202463;
13157 : 14202463;
13158 : 14202463;
13159 : 14596960;
13160 : 8810810;
13161 : 10329502;
13162 : 16777215;
13163 : 16777215;
13164 : 16777215;
13165 : 16777215;
13166 : 16777215;
13167 : 16777215;
13168 : 16777215;
13169 : 16777215;
13170 : 16777215;
13171 : 16777215;
13172 : 16777215;
13173 : 16777215;
13174 : 16777215;
13175 : 16777215;
13176 : 16777215;
13177 : 16777215;
13178 : 16777215;
13179 : 16777215;
13180 : 16777215;
13181 : 16777215;
13182 : 16777215;
13183 : 16777215;
13184 : 16777215;
13185 : 16777215;
13186 : 16777215;
13187 : 16777215;
13188 : 16777215;
13189 : 16777215;
13190 : 16777215;
13191 : 16777215;
13192 : 16777215;
13193 : 16777215;
13194 : 16777215;
13195 : 16777215;
13196 : 16777215;
13197 : 16777215;
13198 : 16777215;
13199 : 16777215;
13200 : 16777215;
13201 : 16777215;
13202 : 16777215;
13203 : 16777215;
13204 : 16777215;
13205 : 16777215;
13206 : 16777215;
13207 : 16777215;
13208 : 16777215;
13209 : 16777215;
13210 : 9605516;
13211 : 13282134;
13212 : 16109421;
13213 : 15517544;
13214 : 15189094;
13215 : 14925924;
13216 : 14794339;
13217 : 7824694;
13218 : 15320937;
13219 : 16635761;
13220 : 16504176;
13221 : 16504176;
13222 : 16504177;
13223 : 16504176;
13224 : 16504176;
13225 : 16635505;
13226 : 15517798;
13227 : 7762016;
13228 : 16711423;
13229 : 16777215;
13230 : 16777215;
13231 : 16777215;
13232 : 16777215;
13233 : 16777215;
13234 : 16777215;
13235 : 16777215;
13236 : 16777215;
13237 : 16777215;
13238 : 16777215;
13239 : 16777215;
13240 : 16777215;
13241 : 16777215;
13242 : 16777215;
13243 : 16777215;
13244 : 16777215;
13245 : 16777215;
13246 : 16777215;
13247 : 16777215;
13248 : 16777215;
13249 : 16777215;
13250 : 16777215;
13251 : 16777215;
13252 : 16777215;
13253 : 16777215;
13254 : 16777215;
13255 : 16777215;
13256 : 10987690;
13257 : 5194539;
13258 : 11901543;
13259 : 11375716;
13260 : 11309923;
13261 : 11244387;
13262 : 11178596;
13263 : 11178595;
13264 : 11047010;
13265 : 11047010;
13266 : 11441253;
13267 : 7495999;
13268 : 7434351;
13269 : 16448251;
13270 : 16777215;
13271 : 16777215;
13272 : 16777215;
13273 : 16777215;
13274 : 15988215;
13275 : 10921639;
13276 : 7300428;
13277 : 10125632;
13278 : 14202461;
13279 : 14465377;
13280 : 14202463;
13281 : 14202463;
13282 : 14202463;
13283 : 14202463;
13284 : 14202463;
13285 : 14202463;
13286 : 14202463;
13287 : 14202463;
13288 : 14465375;
13289 : 6969648;
13290 : 10329762;
13291 : 16777215;
13292 : 16777215;
13293 : 16777215;
13294 : 16777215;
13295 : 16777215;
13296 : 16777215;
13297 : 16777215;
13298 : 16777215;
13299 : 16777215;
13300 : 16777215;
13301 : 16777215;
13302 : 16777215;
13303 : 16777215;
13304 : 16777215;
13305 : 16777215;
13306 : 16777215;
13307 : 16777215;
13308 : 16777215;
13309 : 16777215;
13310 : 16777215;
13311 : 16777215;
13312 : 16777215;
13313 : 16777215;
13314 : 16777215;
13315 : 16777215;
13316 : 16777215;
13317 : 16777215;
13318 : 16777215;
13319 : 16777215;
13320 : 16777215;
13321 : 16777215;
13322 : 16777215;
13323 : 16777215;
13324 : 16777215;
13325 : 16777215;
13326 : 16777215;
13327 : 16777215;
13328 : 16777215;
13329 : 16777215;
13330 : 16777215;
13331 : 16777215;
13332 : 16777215;
13333 : 16777215;
13334 : 16777215;
13335 : 16777215;
13336 : 16777215;
13337 : 16777215;
13338 : 9802897;
13339 : 13348182;
13340 : 16569713;
13341 : 16109678;
13342 : 15978093;
13343 : 15846507;
13344 : 15123302;
13345 : 7627316;
13346 : 15978093;
13347 : 16438383;
13348 : 16372591;
13349 : 16241007;
13350 : 16306799;
13351 : 16438384;
13352 : 16504177;
13353 : 16767346;
13354 : 13216598;
13355 : 9671567;
13356 : 16777215;
13357 : 16777215;
13358 : 16777215;
13359 : 16777215;
13360 : 16777215;
13361 : 16777215;
13362 : 16777215;
13363 : 16777215;
13364 : 16777215;
13365 : 16777215;
13366 : 16777215;
13367 : 16777215;
13368 : 16777215;
13369 : 16777215;
13370 : 16777215;
13371 : 16777215;
13372 : 16777215;
13373 : 16777215;
13374 : 16777215;
13375 : 16777215;
13376 : 16777215;
13377 : 16777215;
13378 : 16777215;
13379 : 16777215;
13380 : 16777215;
13381 : 16777215;
13382 : 16777215;
13383 : 14408925;
13384 : 4340785;
13385 : 11243869;
13386 : 11901541;
13387 : 11638371;
13388 : 11375715;
13389 : 11178594;
13390 : 11047009;
13391 : 11047010;
13392 : 11047010;
13393 : 11441509;
13394 : 8416326;
13395 : 6710370;
13396 : 16250872;
13397 : 16777215;
13398 : 16777215;
13399 : 16777215;
13400 : 16777215;
13401 : 16777215;
13402 : 16777215;
13403 : 16777215;
13404 : 15724787;
13405 : 9737365;
13406 : 6970426;
13407 : 12623951;
13408 : 14596961;
13409 : 14202463;
13410 : 14136670;
13411 : 14202463;
13412 : 14202463;
13413 : 14202463;
13414 : 14202463;
13415 : 14202463;
13416 : 14268256;
13417 : 14070620;
13418 : 5391912;
13419 : 11514036;
13420 : 16777215;
13421 : 16777215;
13422 : 16777215;
13423 : 16777215;
13424 : 16777215;
13425 : 16777215;
13426 : 16777215;
13427 : 16777215;
13428 : 16777215;
13429 : 16777215;
13430 : 16777215;
13431 : 16777215;
13432 : 16777215;
13433 : 16777215;
13434 : 16777215;
13435 : 16777215;
13436 : 16777215;
13437 : 16777215;
13438 : 16777215;
13439 : 16777215;
13440 : 16777215;
13441 : 16777215;
13442 : 16777215;
13443 : 16777215;
13444 : 16777215;
13445 : 16777215;
13446 : 16777215;
13447 : 16777215;
13448 : 16777215;
13449 : 16777215;
13450 : 16777215;
13451 : 16777215;
13452 : 16777215;
13453 : 16777215;
13454 : 16777215;
13455 : 16777215;
13456 : 16777215;
13457 : 16777215;
13458 : 16777215;
13459 : 16777215;
13460 : 16777215;
13461 : 16777215;
13462 : 16777215;
13463 : 16777215;
13464 : 16777215;
13465 : 16777215;
13466 : 9473932;
13467 : 13019219;
13468 : 16503921;
13469 : 16175215;
13470 : 16175215;
13471 : 16372592;
13472 : 14663012;
13473 : 7035696;
13474 : 16307055;
13475 : 16109679;
13476 : 16175214;
13477 : 16175215;
13478 : 16175214;
13479 : 16175214;
13480 : 16372848;
13481 : 16768115;
13482 : 10652488;
13483 : 12106172;
13484 : 16777215;
13485 : 16777215;
13486 : 16777215;
13487 : 16777215;
13488 : 16777215;
13489 : 16777215;
13490 : 16777215;
13491 : 16777215;
13492 : 16777215;
13493 : 16777215;
13494 : 16777215;
13495 : 16777215;
13496 : 16777215;
13497 : 16777215;
13498 : 16777215;
13499 : 16777215;
13500 : 16777215;
13501 : 16777215;
13502 : 16777215;
13503 : 16777215;
13504 : 16777215;
13505 : 16777215;
13506 : 16777215;
13507 : 16777215;
13508 : 16777215;
13509 : 16777215;
13510 : 16119286;
13511 : 5460302;
13512 : 9271115;
13513 : 12230247;
13514 : 11835491;
13515 : 11704419;
13516 : 11441505;
13517 : 11309922;
13518 : 11244130;
13519 : 11178593;
13520 : 11507301;
13521 : 8876618;
13522 : 6907233;
13523 : 15921907;
13524 : 16777215;
13525 : 16777215;
13526 : 16777215;
13527 : 16777215;
13528 : 16777215;
13529 : 16777215;
13530 : 16777215;
13531 : 16777215;
13532 : 16777215;
13533 : 16777215;
13534 : 13619412;
13535 : 7301983;
13536 : 10388805;
13537 : 14531166;
13538 : 14268255;
13539 : 14202463;
13540 : 14202463;
13541 : 14202463;
13542 : 14202463;
13543 : 14202463;
13544 : 14202463;
13545 : 14399840;
13546 : 13412950;
13547 : 6642498;
13548 : 15395821;
13549 : 16777215;
13550 : 16777215;
13551 : 16777215;
13552 : 16777215;
13553 : 16777215;
13554 : 16777215;
13555 : 16777215;
13556 : 16777215;
13557 : 16777215;
13558 : 16777215;
13559 : 16777215;
13560 : 16777215;
13561 : 16777215;
13562 : 16777215;
13563 : 16777215;
13564 : 16777215;
13565 : 16777215;
13566 : 16777215;
13567 : 16777215;
13568 : 16777215;
13569 : 16777215;
13570 : 16777215;
13571 : 16777215;
13572 : 16777215;
13573 : 16777215;
13574 : 16777215;
13575 : 16777215;
13576 : 16777215;
13577 : 16777215;
13578 : 16777215;
13579 : 16777215;
13580 : 16777215;
13581 : 16777215;
13582 : 16777215;
13583 : 16777215;
13584 : 16777215;
13585 : 16777215;
13586 : 16777215;
13587 : 16777215;
13588 : 16777215;
13589 : 16777215;
13590 : 16777215;
13591 : 16777215;
13592 : 16777215;
13593 : 16777215;
13594 : 9342345;
13595 : 13084755;
13596 : 16503920;
13597 : 16175214;
13598 : 16175214;
13599 : 16503920;
13600 : 13282139;
13601 : 9008445;
13602 : 16701297;
13603 : 16175215;
13604 : 16175215;
13605 : 16175215;
13606 : 16175215;
13607 : 16175215;
13608 : 16241006;
13609 : 16767602;
13610 : 9206601;
13611 : 14146013;
13612 : 16777215;
13613 : 16777215;
13614 : 16777215;
13615 : 16777215;
13616 : 16777215;
13617 : 16777215;
13618 : 16777215;
13619 : 16777215;
13620 : 16777215;
13621 : 16777215;
13622 : 16777215;
13623 : 16777215;
13624 : 16777215;
13625 : 16777215;
13626 : 16777215;
13627 : 16777215;
13628 : 16777215;
13629 : 16777215;
13630 : 16777215;
13631 : 16777215;
13632 : 16777215;
13633 : 16777215;
13634 : 16777215;
13635 : 16777215;
13636 : 16777215;
13637 : 16777215;
13638 : 7631989;
13639 : 7166777;
13640 : 12493417;
13641 : 11835748;
13642 : 11835748;
13643 : 11835748;
13644 : 11638882;
13645 : 11573090;
13646 : 11507298;
13647 : 11901797;
13648 : 9402446;
13649 : 6972766;
13650 : 15592943;
13651 : 16777215;
13652 : 16777215;
13653 : 16777215;
13654 : 16777215;
13655 : 16777215;
13656 : 16777215;
13657 : 16777215;
13658 : 16777215;
13659 : 16777215;
13660 : 16777215;
13661 : 16777215;
13662 : 16777215;
13663 : 16514302;
13664 : 11579308;
13665 : 8680006;
13666 : 13479000;
13667 : 14333792;
13668 : 14202463;
13669 : 14202463;
13670 : 14202463;
13671 : 14202463;
13672 : 14202463;
13673 : 14202463;
13674 : 14596961;
13675 : 11045956;
13676 : 10000277;
13677 : 16777215;
13678 : 16777215;
13679 : 16777215;
13680 : 16777215;
13681 : 16777215;
13682 : 16777215;
13683 : 16777215;
13684 : 16777215;
13685 : 16777215;
13686 : 16777215;
13687 : 16777215;
13688 : 16777215;
13689 : 16777215;
13690 : 16777215;
13691 : 16777215;
13692 : 16777215;
13693 : 16777215;
13694 : 16777215;
13695 : 16777215;
13696 : 16777215;
13697 : 16777215;
13698 : 16777215;
13699 : 16777215;
13700 : 16777215;
13701 : 16777215;
13702 : 16777215;
13703 : 16777215;
13704 : 16777215;
13705 : 16777215;
13706 : 16777215;
13707 : 16777215;
13708 : 16777215;
13709 : 16777215;
13710 : 16777215;
13711 : 16777215;
13712 : 16777215;
13713 : 16777215;
13714 : 16777215;
13715 : 16777215;
13716 : 16777215;
13717 : 16777215;
13718 : 16777215;
13719 : 16777215;
13720 : 16777215;
13721 : 16777215;
13722 : 8947070;
13723 : 14070874;
13724 : 16438128;
13725 : 16175213;
13726 : 16241006;
13727 : 16767346;
13728 : 10783818;
13729 : 10915403;
13730 : 16766833;
13731 : 16175214;
13732 : 16175215;
13733 : 16175214;
13734 : 16175214;
13735 : 16175214;
13736 : 16175214;
13737 : 16306539;
13738 : 8878680;
13739 : 15988216;
13740 : 16777215;
13741 : 16777215;
13742 : 16777215;
13743 : 16777215;
13744 : 16777215;
13745 : 16777215;
13746 : 16777215;
13747 : 16777215;
13748 : 16777215;
13749 : 16777215;
13750 : 16777215;
13751 : 16777215;
13752 : 16777215;
13753 : 16777215;
13754 : 16777215;
13755 : 16777215;
13756 : 16777215;
13757 : 16777215;
13758 : 16777215;
13759 : 16777215;
13760 : 16777215;
13761 : 16777215;
13762 : 16777215;
13763 : 16777215;
13764 : 16579837;
13765 : 8026747;
13766 : 6509365;
13767 : 12098918;
13768 : 11901541;
13769 : 11835748;
13770 : 11835748;
13771 : 11770211;
13772 : 11638882;
13773 : 11704675;
13774 : 12164711;
13775 : 9205065;
13776 : 7170659;
13777 : 15790579;
13778 : 16777215;
13779 : 16777215;
13780 : 16777215;
13781 : 16777215;
13782 : 16777215;
13783 : 16777215;
13784 : 16777215;
13785 : 16777215;
13786 : 16777215;
13787 : 16777215;
13788 : 16777215;
13789 : 16777215;
13790 : 16777215;
13791 : 16777215;
13792 : 16777215;
13793 : 11053744;
13794 : 6246185;
13795 : 14596961;
13796 : 14202463;
13797 : 14202463;
13798 : 14202463;
13799 : 14202207;
13800 : 14071134;
13801 : 14005341;
13802 : 14070877;
13803 : 12295244;
13804 : 7828588;
13805 : 16777215;
13806 : 16777215;
13807 : 16777215;
13808 : 16777215;
13809 : 16777215;
13810 : 16777215;
13811 : 16777215;
13812 : 16777215;
13813 : 16777215;
13814 : 16777215;
13815 : 16777215;
13816 : 16777215;
13817 : 16777215;
13818 : 16777215;
13819 : 16777215;
13820 : 16777215;
13821 : 16777215;
13822 : 16777215;
13823 : 16777215;
13824 : 16777215;
13825 : 16777215;
13826 : 16777215;
13827 : 16777215;
13828 : 16777215;
13829 : 16777215;
13830 : 16777215;
13831 : 16777215;
13832 : 16777215;
13833 : 16777215;
13834 : 16777215;
13835 : 16777215;
13836 : 16777215;
13837 : 16777215;
13838 : 16777215;
13839 : 16777215;
13840 : 16777215;
13841 : 16777215;
13842 : 16777215;
13843 : 16777215;
13844 : 16777215;
13845 : 16777215;
13846 : 16777215;
13847 : 16777215;
13848 : 16777215;
13849 : 16777215;
13850 : 8880756;
13851 : 14925665;
13852 : 16241264;
13853 : 16175214;
13854 : 16241006;
13855 : 16767346;
13856 : 9600066;
13857 : 13479773;
13858 : 16701298;
13859 : 16306798;
13860 : 16241005;
13861 : 16175213;
13862 : 16175213;
13863 : 16175213;
13864 : 16306798;
13865 : 15583334;
13866 : 8485478;
13867 : 16711679;
13868 : 16777215;
13869 : 16777215;
13870 : 16777215;
13871 : 16777215;
13872 : 16777215;
13873 : 16777215;
13874 : 16777215;
13875 : 16777215;
13876 : 16777215;
13877 : 16777215;
13878 : 16777215;
13879 : 16777215;
13880 : 16777215;
13881 : 16777215;
13882 : 16777215;
13883 : 16777215;
13884 : 16777215;
13885 : 16777215;
13886 : 16777215;
13887 : 16777215;
13888 : 16777215;
13889 : 16777215;
13890 : 16777215;
13891 : 15987701;
13892 : 6974058;
13893 : 6706741;
13894 : 12164710;
13895 : 11901540;
13896 : 11836004;
13897 : 11704163;
13898 : 11638626;
13899 : 11572833;
13900 : 11507041;
13901 : 11967589;
13902 : 9336650;
13903 : 6183764;
13904 : 15790578;
13905 : 16777215;
13906 : 16777215;
13907 : 16777215;
13908 : 16777215;
13909 : 16777215;
13910 : 16777215;
13911 : 16777215;
13912 : 16777215;
13913 : 16777215;
13914 : 16777215;
13915 : 16777215;
13916 : 16777215;
13917 : 16777215;
13918 : 16777215;
13919 : 16777215;
13920 : 16777215;
13921 : 10263969;
13922 : 8021554;
13923 : 14662754;
13924 : 14202463;
13925 : 14136670;
13926 : 14136670;
13927 : 13939293;
13928 : 13808221;
13929 : 13808221;
13930 : 14268000;
13931 : 10717251;
13932 : 10197914;
13933 : 16777215;
13934 : 16777215;
13935 : 16777215;
13936 : 16777215;
13937 : 16777215;
13938 : 16777215;
13939 : 16777215;
13940 : 16777215;
13941 : 16777215;
13942 : 16777215;
13943 : 16777215;
13944 : 16777215;
13945 : 16777215;
13946 : 16777215;
13947 : 16777215;
13948 : 16777215;
13949 : 16777215;
13950 : 16777215;
13951 : 16777215;
13952 : 16777215;
13953 : 16777215;
13954 : 16777215;
13955 : 16777215;
13956 : 16777215;
13957 : 16777215;
13958 : 16777215;
13959 : 16777215;
13960 : 16777215;
13961 : 16777215;
13962 : 16777215;
13963 : 16777215;
13964 : 16777215;
13965 : 16777215;
13966 : 16777215;
13967 : 16777215;
13968 : 16777215;
13969 : 16777215;
13970 : 16777215;
13971 : 16777215;
13972 : 16777215;
13973 : 16777215;
13974 : 16777215;
13975 : 16777215;
13976 : 16777215;
13977 : 16580094;
13978 : 7958876;
13979 : 15583334;
13980 : 16175472;
13981 : 16175215;
13982 : 16175214;
13983 : 16438127;
13984 : 7825207;
13985 : 15123815;
13986 : 16635761;
13987 : 16504176;
13988 : 16438383;
13989 : 16372591;
13990 : 16372591;
13991 : 16372591;
13992 : 16635761;
13993 : 14136923;
13994 : 9078912;
13995 : 16777215;
13996 : 16777215;
13997 : 16777215;
13998 : 16777215;
13999 : 16777215;
14000 : 16777215;
14001 : 16777215;
14002 : 16777215;
14003 : 16777215;
14004 : 16777215;
14005 : 16777215;
14006 : 16777215;
14007 : 16777215;
14008 : 16777215;
14009 : 16777215;
14010 : 16777215;
14011 : 16777215;
14012 : 16777215;
14013 : 16777215;
14014 : 16777215;
14015 : 16777215;
14016 : 15659249;
14017 : 15330027;
14018 : 12961223;
14019 : 5854800;
14020 : 7824447;
14021 : 12230247;
14022 : 11901284;
14023 : 11769955;
14024 : 11573089;
14025 : 11507297;
14026 : 11507043;
14027 : 11507043;
14028 : 11901541;
14029 : 8876615;
14030 : 6315351;
14031 : 15264235;
14032 : 16777215;
14033 : 16777215;
14034 : 16777215;
14035 : 16777215;
14036 : 16777215;
14037 : 16777215;
14038 : 16777215;
14039 : 16777215;
14040 : 16777215;
14041 : 16777215;
14042 : 16777215;
14043 : 16777215;
14044 : 16777215;
14045 : 16777215;
14046 : 16777215;
14047 : 16777215;
14048 : 15987958;
14049 : 5788228;
14050 : 13215829;
14051 : 14333791;
14052 : 14136670;
14053 : 14070877;
14054 : 14005084;
14055 : 13873756;
14056 : 13808221;
14057 : 13873757;
14058 : 14070619;
14059 : 7825733;
14060 : 14935271;
14061 : 16777215;
14062 : 16777215;
14063 : 16777215;
14064 : 16777215;
14065 : 16777215;
14066 : 16777215;
14067 : 16777215;
14068 : 16777215;
14069 : 16777215;
14070 : 16777215;
14071 : 16777215;
14072 : 16777215;
14073 : 16777215;
14074 : 16777215;
14075 : 16777215;
14076 : 16777215;
14077 : 16777215;
14078 : 16777215;
14079 : 16777215;
14080 : 16777215;
14081 : 16777215;
14082 : 16777215;
14083 : 16777215;
14084 : 16777215;
14085 : 16777215;
14086 : 16777215;
14087 : 16777215;
14088 : 16777215;
14089 : 16777215;
14090 : 16777215;
14091 : 16777215;
14092 : 16777215;
14093 : 16777215;
14094 : 16777215;
14095 : 16777215;
14096 : 16777215;
14097 : 16777215;
14098 : 16777215;
14099 : 16777215;
14100 : 16777215;
14101 : 16777215;
14102 : 16777215;
14103 : 16777215;
14104 : 16777215;
14105 : 15856374;
14106 : 8089681;
14107 : 16175467;
14108 : 16175214;
14109 : 16175215;
14110 : 16306800;
14111 : 15189096;
14112 : 8219448;
14113 : 16438640;
14114 : 16504176;
14115 : 16504176;
14116 : 16504176;
14117 : 16504176;
14118 : 16504176;
14119 : 16504176;
14120 : 16768116;
14121 : 10914886;
14122 : 9869209;
14123 : 16777215;
14124 : 16777215;
14125 : 16777215;
14126 : 16777215;
14127 : 16777215;
14128 : 16777215;
14129 : 16777215;
14130 : 16777215;
14131 : 16777215;
14132 : 16777215;
14133 : 16777215;
14134 : 16777215;
14135 : 16777215;
14136 : 16777215;
14137 : 16777215;
14138 : 16777215;
14139 : 16777215;
14140 : 16777215;
14141 : 16777215;
14142 : 11250861;
14143 : 7235676;
14144 : 9141341;
14145 : 9864286;
14146 : 8942926;
14147 : 10454870;
14148 : 12230247;
14149 : 11835748;
14150 : 11835748;
14151 : 11835748;
14152 : 11704418;
14153 : 11572833;
14154 : 11507042;
14155 : 11967076;
14156 : 8942408;
14157 : 7631212;
14158 : 15790579;
14159 : 16777215;
14160 : 16777215;
14161 : 16777215;
14162 : 16777215;
14163 : 16777215;
14164 : 16777215;
14165 : 16777215;
14166 : 16777215;
14167 : 16777215;
14168 : 16777215;
14169 : 16777215;
14170 : 16777215;
14171 : 16777215;
14172 : 16777215;
14173 : 16777215;
14174 : 16777215;
14175 : 16777215;
14176 : 10921641;
14177 : 8876345;
14178 : 14728290;
14179 : 14202463;
14180 : 14202463;
14181 : 14136670;
14182 : 14136670;
14183 : 14136670;
14184 : 14070877;
14185 : 14399584;
14186 : 11374662;
14187 : 9605518;
14188 : 16777215;
14189 : 16777215;
14190 : 16777215;
14191 : 16777215;
14192 : 16777215;
14193 : 16777215;
14194 : 16777215;
14195 : 16777215;
14196 : 16777215;
14197 : 16777215;
14198 : 16777215;
14199 : 16777215;
14200 : 16777215;
14201 : 16777215;
14202 : 16777215;
14203 : 16777215;
14204 : 16777215;
14205 : 16777215;
14206 : 16777215;
14207 : 16777215;
14208 : 16777215;
14209 : 16777215;
14210 : 16777215;
14211 : 16777215;
14212 : 16777215;
14213 : 16777215;
14214 : 16777215;
14215 : 16777215;
14216 : 16777215;
14217 : 16777215;
14218 : 16777215;
14219 : 16777215;
14220 : 16777215;
14221 : 16777215;
14222 : 16777215;
14223 : 16777215;
14224 : 16777215;
14225 : 16777215;
14226 : 16777215;
14227 : 16777215;
14228 : 16777215;
14229 : 16777215;
14230 : 16777215;
14231 : 16777215;
14232 : 16777215;
14233 : 14869479;
14234 : 9601103;
14235 : 16569711;
14236 : 16175214;
14237 : 16175214;
14238 : 16503921;
14239 : 12690519;
14240 : 10257733;
14241 : 16767603;
14242 : 16504176;
14243 : 16504176;
14244 : 16504176;
14245 : 16504176;
14246 : 16504176;
14247 : 16504176;
14248 : 16768372;
14249 : 9271617;
14250 : 12303552;
14251 : 16777215;
14252 : 16777215;
14253 : 16777215;
14254 : 16777215;
14255 : 16777215;
14256 : 16777215;
14257 : 16777215;
14258 : 16777215;
14259 : 16777215;
14260 : 16777215;
14261 : 16777215;
14262 : 16777215;
14263 : 16777215;
14264 : 16777215;
14265 : 16777215;
14266 : 16777215;
14267 : 16777215;
14268 : 16777215;
14269 : 12040376;
14270 : 5589296;
14271 : 10125649;
14272 : 12032611;
14273 : 12098661;
14274 : 12098662;
14275 : 11967333;
14276 : 11835748;
14277 : 11835748;
14278 : 11835748;
14279 : 11835748;
14280 : 11901541;
14281 : 11770211;
14282 : 12033124;
14283 : 8482118;
14284 : 9276294;
14285 : 16382715;
14286 : 16777215;
14287 : 16777215;
14288 : 16777215;
14289 : 16777215;
14290 : 16777215;
14291 : 16777215;
14292 : 16777215;
14293 : 16777215;
14294 : 16777215;
14295 : 16777215;
14296 : 16777215;
14297 : 16777215;
14298 : 16777215;
14299 : 16777215;
14300 : 16777215;
14301 : 16777215;
14302 : 16777215;
14303 : 15593200;
14304 : 6643014;
14305 : 13873241;
14306 : 14268255;
14307 : 14202463;
14308 : 14202463;
14309 : 14202463;
14310 : 14202463;
14311 : 14202463;
14312 : 14268255;
14313 : 14136411;
14314 : 7826252;
14315 : 15264235;
14316 : 16777215;
14317 : 16777215;
14318 : 16777215;
14319 : 16777215;
14320 : 16777215;
14321 : 16777215;
14322 : 16777215;
14323 : 16777215;
14324 : 16777215;
14325 : 16777215;
14326 : 16777215;
14327 : 16777215;
14328 : 16777215;
14329 : 16777215;
14330 : 16777215;
14331 : 16777215;
14332 : 16777215;
14333 : 16777215;
14334 : 16777215;
14335 : 16777215;
14336 : 16777215;
14337 : 16777215;
14338 : 16777215;
14339 : 16777215;
14340 : 16777215;
14341 : 16777215;
14342 : 16777215;
14343 : 16777215;
14344 : 16777215;
14345 : 16777215;
14346 : 16777215;
14347 : 16777215;
14348 : 16777215;
14349 : 16777215;
14350 : 16777215;
14351 : 16777215;
14352 : 16777215;
14353 : 16777215;
14354 : 16777215;
14355 : 16777215;
14356 : 16777215;
14357 : 16777215;
14358 : 16777215;
14359 : 16777215;
14360 : 16777215;
14361 : 12303292;
14362 : 12164691;
14363 : 16569713;
14364 : 16175214;
14365 : 16175214;
14366 : 16701298;
14367 : 9994821;
14368 : 12690775;
14369 : 16767602;
14370 : 16504176;
14371 : 16504176;
14372 : 16504176;
14373 : 16504176;
14374 : 16504176;
14375 : 16504176;
14376 : 16635759;
14377 : 8221005;
14378 : 15461616;
14379 : 16777215;
14380 : 16777215;
14381 : 16777215;
14382 : 16777215;
14383 : 16777215;
14384 : 16777215;
14385 : 16777215;
14386 : 16777215;
14387 : 16777215;
14388 : 16777215;
14389 : 16777215;
14390 : 16777215;
14391 : 16777215;
14392 : 16777215;
14393 : 16777215;
14394 : 16777215;
14395 : 16777215;
14396 : 16777215;
14397 : 7564643;
14398 : 8087359;
14399 : 10718043;
14400 : 12033126;
14401 : 10915164;
14402 : 11572834;
14403 : 11835748;
14404 : 11835748;
14405 : 11835748;
14406 : 11835748;
14407 : 11835748;
14408 : 11901541;
14409 : 12164454;
14410 : 8219203;
14411 : 9473932;
14412 : 16711679;
14413 : 16777215;
14414 : 16777215;
14415 : 16777215;
14416 : 16777215;
14417 : 16777215;
14418 : 16777215;
14419 : 16777215;
14420 : 16777215;
14421 : 16777215;
14422 : 16777215;
14423 : 16777215;
14424 : 16777215;
14425 : 16777215;
14426 : 16777215;
14427 : 16777215;
14428 : 16777215;
14429 : 16777215;
14430 : 16777215;
14431 : 10395295;
14432 : 9993789;
14433 : 14662754;
14434 : 14202463;
14435 : 14202463;
14436 : 14202463;
14437 : 14202463;
14438 : 14202463;
14439 : 14202463;
14440 : 14662754;
14441 : 9665341;
14442 : 11250861;
14443 : 16777215;
14444 : 16777215;
14445 : 16777215;
14446 : 16777215;
14447 : 16777215;
14448 : 16777215;
14449 : 16777215;
14450 : 16777215;
14451 : 16777215;
14452 : 16777215;
14453 : 16777215;
14454 : 16777215;
14455 : 16777215;
14456 : 16777215;
14457 : 16777215;
14458 : 16777215;
14459 : 16777215;
14460 : 16777215;
14461 : 16777215;
14462 : 16777215;
14463 : 16777215;
14464 : 16777215;
14465 : 16777215;
14466 : 16777215;
14467 : 16777215;
14468 : 16777215;
14469 : 16777215;
14470 : 16777215;
14471 : 16777215;
14472 : 16777215;
14473 : 16777215;
14474 : 16777215;
14475 : 16777215;
14476 : 16777215;
14477 : 16777215;
14478 : 16777215;
14479 : 16777215;
14480 : 16777215;
14481 : 16777215;
14482 : 16777215;
14483 : 16777215;
14484 : 16777215;
14485 : 16777215;
14486 : 16777215;
14487 : 16777215;
14488 : 16777215;
14489 : 9933446;
14490 : 14794335;
14491 : 16503920;
14492 : 16372591;
14493 : 16438385;
14494 : 16635762;
14495 : 8416826;
14496 : 15254888;
14497 : 16635761;
14498 : 16504176;
14499 : 16504176;
14500 : 16504177;
14501 : 16504176;
14502 : 16504176;
14503 : 16635761;
14504 : 15188835;
14505 : 8683121;
14506 : 16777215;
14507 : 16777215;
14508 : 16777215;
14509 : 16777215;
14510 : 16777215;
14511 : 16777215;
14512 : 16777215;
14513 : 16777215;
14514 : 16777215;
14515 : 16777215;
14516 : 16777215;
14517 : 16777215;
14518 : 16777215;
14519 : 16777215;
14520 : 16777215;
14521 : 16777215;
14522 : 16777215;
14523 : 16777215;
14524 : 16777215;
14525 : 7631212;
14526 : 9468235;
14527 : 12296040;
14528 : 10915164;
14529 : 8153670;
14530 : 11901540;
14531 : 11835748;
14532 : 11835748;
14533 : 11835748;
14534 : 11901540;
14535 : 12098918;
14536 : 11572576;
14537 : 6115380;
14538 : 9671313;
14539 : 16711679;
14540 : 16777215;
14541 : 16777215;
14542 : 16777215;
14543 : 16777215;
14544 : 16777215;
14545 : 16777215;
14546 : 16777215;
14547 : 16777215;
14548 : 16777215;
14549 : 16777215;
14550 : 16777215;
14551 : 16777215;
14552 : 16777215;
14553 : 16777215;
14554 : 16777215;
14555 : 16777215;
14556 : 16777215;
14557 : 16777215;
14558 : 15593457;
14559 : 7300170;
14560 : 14070619;
14561 : 14268255;
14562 : 14202463;
14563 : 14202463;
14564 : 14202463;
14565 : 14202463;
14566 : 14202463;
14567 : 14334048;
14568 : 13281620;
14569 : 8024929;
14570 : 16119544;
14571 : 16777215;
14572 : 16777215;
14573 : 16777215;
14574 : 16777215;
14575 : 16777215;
14576 : 16777215;
14577 : 16777215;
14578 : 16777215;
14579 : 16777215;
14580 : 16777215;
14581 : 16777215;
14582 : 16777215;
14583 : 16777215;
14584 : 16777215;
14585 : 16777215;
14586 : 16777215;
14587 : 16777215;
14588 : 16777215;
14589 : 16777215;
14590 : 16777215;
14591 : 16777215;
14592 : 16777215;
14593 : 16777215;
14594 : 16777215;
14595 : 16777215;
14596 : 16777215;
14597 : 16777215;
14598 : 16777215;
14599 : 16777215;
14600 : 16777215;
14601 : 16777215;
14602 : 16777215;
14603 : 16777215;
14604 : 16777215;
14605 : 16777215;
14606 : 16777215;
14607 : 16777215;
14608 : 16777215;
14609 : 16777215;
14610 : 16777215;
14611 : 16777215;
14612 : 16777215;
14613 : 16777215;
14614 : 16777215;
14615 : 16777215;
14616 : 16053753;
14617 : 9536607;
14618 : 16569966;
14619 : 16504176;
14620 : 16504176;
14621 : 16635761;
14622 : 15386473;
14623 : 8285498;
14624 : 16636018;
14625 : 16504176;
14626 : 16504176;
14627 : 16504176;
14628 : 16504177;
14629 : 16504176;
14630 : 16504176;
14631 : 16767859;
14632 : 12493136;
14633 : 10066329;
14634 : 16777215;
14635 : 16777215;
14636 : 16777215;
14637 : 16777215;
14638 : 16777215;
14639 : 16777215;
14640 : 16777215;
14641 : 16777215;
14642 : 16777215;
14643 : 16777215;
14644 : 16777215;
14645 : 16777215;
14646 : 16777215;
14647 : 16777215;
14648 : 16777215;
14649 : 16777215;
14650 : 16777215;
14651 : 16777215;
14652 : 16777215;
14653 : 13158600;
14654 : 8153928;
14655 : 12032609;
14656 : 8482118;
14657 : 9074252;
14658 : 12493161;
14659 : 12098660;
14660 : 11967075;
14661 : 11769696;
14662 : 11046489;
14663 : 9402956;
14664 : 5261109;
14665 : 10132381;
14666 : 16777215;
14667 : 16777215;
14668 : 16777215;
14669 : 16777215;
14670 : 16777215;
14671 : 16777215;
14672 : 16777215;
14673 : 16777215;
14674 : 16777215;
14675 : 16777215;
14676 : 16777215;
14677 : 16777215;
14678 : 16777215;
14679 : 16777215;
14680 : 16777215;
14681 : 16777215;
14682 : 16777215;
14683 : 16777215;
14684 : 16777215;
14685 : 16777215;
14686 : 9802900;
14687 : 10717251;
14688 : 14596961;
14689 : 14202463;
14690 : 14202463;
14691 : 14202463;
14692 : 14202463;
14693 : 14202463;
14694 : 14202463;
14695 : 14399581;
14696 : 8219716;
14697 : 14343134;
14698 : 16777215;
14699 : 16777215;
14700 : 16777215;
14701 : 16777215;
14702 : 16777215;
14703 : 16777215;
14704 : 16777215;
14705 : 16777215;
14706 : 16777215;
14707 : 16777215;
14708 : 16777215;
14709 : 16777215;
14710 : 16777215;
14711 : 16777215;
14712 : 16777215;
14713 : 16777215;
14714 : 16777215;
14715 : 16777215;
14716 : 16777215;
14717 : 16777215;
14718 : 16777215;
14719 : 16777215;
14720 : 16777215;
14721 : 16777215;
14722 : 16777215;
14723 : 16777215;
14724 : 16777215;
14725 : 16777215;
14726 : 16777215;
14727 : 16777215;
14728 : 16777215;
14729 : 16777215;
14730 : 16777215;
14731 : 16777215;
14732 : 16777215;
14733 : 16777215;
14734 : 16777215;
14735 : 16777215;
14736 : 16777215;
14737 : 16777215;
14738 : 16777215;
14739 : 16777215;
14740 : 16777215;
14741 : 16777215;
14742 : 16777215;
14743 : 16777215;
14744 : 13487824;
14745 : 12033623;
14746 : 16767603;
14747 : 16504176;
14748 : 16504176;
14749 : 16767859;
14750 : 12361813;
14751 : 10323784;
14752 : 16768116;
14753 : 16504176;
14754 : 16504176;
14755 : 16504176;
14756 : 16504176;
14757 : 16504176;
14758 : 16504176;
14759 : 16768372;
14760 : 9468992;
14761 : 11843001;
14762 : 16777215;
14763 : 16777215;
14764 : 16777215;
14765 : 16777215;
14766 : 16777215;
14767 : 16777215;
14768 : 16777215;
14769 : 16777215;
14770 : 16777215;
14771 : 16777215;
14772 : 16777215;
14773 : 16777215;
14774 : 16777215;
14775 : 16777215;
14776 : 16777215;
14777 : 16777215;
14778 : 16777215;
14779 : 16777215;
14780 : 16777215;
14781 : 16777215;
14782 : 11974325;
14783 : 8221793;
14784 : 6182209;
14785 : 6312761;
14786 : 7956551;
14787 : 8022861;
14788 : 8220759;
14789 : 8353378;
14790 : 9670275;
14791 : 11711152;
14792 : 14672098;
14793 : 16777215;
14794 : 16777215;
14795 : 16777215;
14796 : 16777215;
14797 : 16777215;
14798 : 16777215;
14799 : 16777215;
14800 : 16777215;
14801 : 16777215;
14802 : 16777215;
14803 : 16777215;
14804 : 16777215;
14805 : 16777215;
14806 : 16777215;
14807 : 16777215;
14808 : 16777215;
14809 : 16777215;
14810 : 16777215;
14811 : 16777215;
14812 : 16777215;
14813 : 14343136;
14814 : 7430978;
14815 : 14267997;
14816 : 14202463;
14817 : 14071134;
14818 : 14005341;
14819 : 13939293;
14820 : 13939293;
14821 : 13939549;
14822 : 14531168;
14823 : 10783045;
14824 : 10724001;
14825 : 16777215;
14826 : 16777215;
14827 : 16777215;
14828 : 16777215;
14829 : 16777215;
14830 : 16777215;
14831 : 16777215;
14832 : 16777215;
14833 : 16777215;
14834 : 16777215;
14835 : 16777215;
14836 : 16777215;
14837 : 16777215;
14838 : 16777215;
14839 : 16777215;
14840 : 16777215;
14841 : 16777215;
14842 : 16777215;
14843 : 16777215;
14844 : 16777215;
14845 : 16777215;
14846 : 16777215;
14847 : 16777215;
14848 : 16777215;
14849 : 16777215;
14850 : 16777215;
14851 : 16777215;
14852 : 16777215;
14853 : 16777215;
14854 : 16777215;
14855 : 16777215;
14856 : 16777215;
14857 : 16777215;
14858 : 16777215;
14859 : 16777215;
14860 : 16777215;
14861 : 16777215;
14862 : 16777215;
14863 : 16777215;
14864 : 16777215;
14865 : 16777215;
14866 : 16777215;
14867 : 16777215;
14868 : 16777215;
14869 : 16777215;
14870 : 16777215;
14871 : 16777215;
14872 : 10525062;
14873 : 15517797;
14874 : 16635505;
14875 : 16504176;
14876 : 16438384;
14877 : 16767859;
14878 : 9731907;
14879 : 13611101;
14880 : 16767346;
14881 : 16504176;
14882 : 16504176;
14883 : 16504176;
14884 : 16504176;
14885 : 16504176;
14886 : 16504177;
14887 : 16570480;
14888 : 7299905;
14889 : 14803686;
14890 : 16777215;
14891 : 16777215;
14892 : 16777215;
14893 : 16777215;
14894 : 16777215;
14895 : 16777215;
14896 : 16777215;
14897 : 16777215;
14898 : 16777215;
14899 : 16777215;
14900 : 16777215;
14901 : 16777215;
14902 : 16777215;
14903 : 16777215;
14904 : 16777215;
14905 : 16777215;
14906 : 16777215;
14907 : 16777215;
14908 : 16777215;
14909 : 16777215;
14910 : 16777215;
14911 : 16514302;
14912 : 15395820;
14913 : 13948374;
14914 : 14145754;
14915 : 14935271;
14916 : 15856372;
14917 : 16448509;
14918 : 16777215;
14919 : 16777215;
14920 : 16777215;
14921 : 16777215;
14922 : 16777215;
14923 : 16777215;
14924 : 16777215;
14925 : 16777215;
14926 : 16777215;
14927 : 16777215;
14928 : 16777215;
14929 : 16777215;
14930 : 16777215;
14931 : 16777215;
14932 : 16777215;
14933 : 16777215;
14934 : 16777215;
14935 : 16777215;
14936 : 16777215;
14937 : 16777215;
14938 : 16777215;
14939 : 16777215;
14940 : 16251131;
14941 : 7696225;
14942 : 12689743;
14943 : 14333791;
14944 : 14004829;
14945 : 13873501;
14946 : 13873757;
14947 : 13808221;
14948 : 13873502;
14949 : 14136415;
14950 : 12361036;
14951 : 8814706;
14952 : 16580094;
14953 : 16777215;
14954 : 16777215;
14955 : 16777215;
14956 : 16777215;
14957 : 16777215;
14958 : 16777215;
14959 : 16777215;
14960 : 16777215;
14961 : 16777215;
14962 : 16777215;
14963 : 16777215;
14964 : 16777215;
14965 : 16777215;
14966 : 16777215;
14967 : 16777215;
14968 : 16777215;
14969 : 16777215;
14970 : 16777215;
14971 : 16777215;
14972 : 16777215;
14973 : 16777215;
14974 : 16777215;
14975 : 16777215;
14976 : 16777215;
14977 : 16777215;
14978 : 16777215;
14979 : 16777215;
14980 : 16777215;
14981 : 16777215;
14982 : 16777215;
14983 : 16777215;
14984 : 16777215;
14985 : 16777215;
14986 : 16777215;
14987 : 16777215;
14988 : 16777215;
14989 : 16777215;
14990 : 16777215;
14991 : 16777215;
14992 : 16777215;
14993 : 16777215;
14994 : 16777215;
14995 : 16777215;
14996 : 16777215;
14997 : 16777215;
14998 : 16777215;
14999 : 13290445;
15000 : 11836248;
15001 : 16767089;
15002 : 16241007;
15003 : 16241007;
15004 : 16175215;
15005 : 16109422;
15006 : 8022071;
15007 : 15846764;
15008 : 16569969;
15009 : 16504176;
15010 : 16504176;
15011 : 16504176;
15012 : 16504176;
15013 : 16504176;
15014 : 16635762;
15015 : 15452006;
15016 : 7433309;
15017 : 16645887;
15018 : 16777215;
15019 : 16777215;
15020 : 16777215;
15021 : 16777215;
15022 : 16777215;
15023 : 16777215;
15024 : 16777215;
15025 : 16777215;
15026 : 16777215;
15027 : 16777215;
15028 : 16777215;
15029 : 16777215;
15030 : 16777215;
15031 : 16777215;
15032 : 16777215;
15033 : 16777215;
15034 : 16777215;
15035 : 16777215;
15036 : 16777215;
15037 : 16777215;
15038 : 16777215;
15039 : 16777215;
15040 : 16777215;
15041 : 16777215;
15042 : 16777215;
15043 : 16777215;
15044 : 16777215;
15045 : 16777215;
15046 : 16777215;
15047 : 16777215;
15048 : 16777215;
15049 : 16777215;
15050 : 16777215;
15051 : 16777215;
15052 : 16777215;
15053 : 16777215;
15054 : 16777215;
15055 : 16777215;
15056 : 16777215;
15057 : 16777215;
15058 : 16777215;
15059 : 16777215;
15060 : 16777215;
15061 : 16777215;
15062 : 16777215;
15063 : 16777215;
15064 : 16777215;
15065 : 16777215;
15066 : 16382974;
15067 : 14211549;
15068 : 8880758;
15069 : 11243336;
15070 : 14333791;
15071 : 13939038;
15072 : 13939038;
15073 : 13873502;
15074 : 13939037;
15075 : 13873245;
15076 : 13939550;
15077 : 13610583;
15078 : 8221011;
15079 : 15132651;
15080 : 16777215;
15081 : 16777215;
15082 : 16777215;
15083 : 16777215;
15084 : 16777215;
15085 : 16777215;
15086 : 16777215;
15087 : 16777215;
15088 : 16777215;
15089 : 16777215;
15090 : 16777215;
15091 : 16777215;
15092 : 16777215;
15093 : 16777215;
15094 : 16777215;
15095 : 16777215;
15096 : 16777215;
15097 : 16777215;
15098 : 16777215;
15099 : 16777215;
15100 : 16777215;
15101 : 16777215;
15102 : 16777215;
15103 : 16777215;
15104 : 16777215;
15105 : 16777215;
15106 : 16777215;
15107 : 16777215;
15108 : 16777215;
15109 : 16777215;
15110 : 16777215;
15111 : 16777215;
15112 : 16777215;
15113 : 16777215;
15114 : 16777215;
15115 : 16777215;
15116 : 16777215;
15117 : 16777215;
15118 : 16777215;
15119 : 16777215;
15120 : 16777215;
15121 : 16777215;
15122 : 16777215;
15123 : 16777215;
15124 : 16777215;
15125 : 16777215;
15126 : 14343134;
15127 : 10325347;
15128 : 15978092;
15129 : 16241008;
15130 : 16175214;
15131 : 16175215;
15132 : 16438384;
15133 : 14005599;
15134 : 9074239;
15135 : 16635504;
15136 : 16438383;
15137 : 16504176;
15138 : 16504176;
15139 : 16504176;
15140 : 16504176;
15141 : 16504176;
15142 : 16767346;
15143 : 12887635;
15144 : 9013382;
15145 : 16777215;
15146 : 16777215;
15147 : 16777215;
15148 : 16777215;
15149 : 16777215;
15150 : 16777215;
15151 : 16777215;
15152 : 16777215;
15153 : 16777215;
15154 : 16777215;
15155 : 16777215;
15156 : 16777215;
15157 : 16777215;
15158 : 16777215;
15159 : 16777215;
15160 : 16777215;
15161 : 16777215;
15162 : 16777215;
15163 : 16777215;
15164 : 16777215;
15165 : 16777215;
15166 : 16777215;
15167 : 16777215;
15168 : 16777215;
15169 : 16777215;
15170 : 16777215;
15171 : 16777215;
15172 : 16777215;
15173 : 16777215;
15174 : 16777215;
15175 : 16777215;
15176 : 16777215;
15177 : 16777215;
15178 : 16777215;
15179 : 16777215;
15180 : 16777215;
15181 : 16777215;
15182 : 16777215;
15183 : 16777215;
15184 : 16777215;
15185 : 16777215;
15186 : 16777215;
15187 : 16777215;
15188 : 16777215;
15189 : 16777215;
15190 : 16777215;
15191 : 16777215;
15192 : 13487307;
15193 : 11117198;
15194 : 10062953;
15195 : 9732171;
15196 : 12426830;
15197 : 14267742;
15198 : 13939037;
15199 : 13873503;
15200 : 13873502;
15201 : 13873502;
15202 : 13873757;
15203 : 14005085;
15204 : 14399326;
15205 : 9206088;
15206 : 13422031;
15207 : 16777215;
15208 : 16777215;
15209 : 16777215;
15210 : 16777215;
15211 : 16777215;
15212 : 16777215;
15213 : 16777215;
15214 : 16777215;
15215 : 16777215;
15216 : 16777215;
15217 : 16777215;
15218 : 16777215;
15219 : 16777215;
15220 : 16777215;
15221 : 16777215;
15222 : 16777215;
15223 : 16777215;
15224 : 16777215;
15225 : 16777215;
15226 : 16777215;
15227 : 16777215;
15228 : 16777215;
15229 : 16777215;
15230 : 16777215;
15231 : 16777215;
15232 : 16777215;
15233 : 16777215;
15234 : 16777215;
15235 : 16777215;
15236 : 16777215;
15237 : 16777215;
15238 : 16777215;
15239 : 16777215;
15240 : 16777215;
15241 : 16777215;
15242 : 16777215;
15243 : 16777215;
15244 : 16777215;
15245 : 16777215;
15246 : 16777215;
15247 : 16777215;
15248 : 16777215;
15249 : 16777215;
15250 : 16777215;
15251 : 16777215;
15252 : 16777215;
15253 : 14606046;
15254 : 10259812;
15255 : 14073203;
15256 : 16440714;
15257 : 16242821;
15258 : 16176510;
15259 : 16307315;
15260 : 16569712;
15261 : 8350778;
15262 : 13742686;
15263 : 16569967;
15264 : 16438383;
15265 : 16438383;
15266 : 16504176;
15267 : 16438383;
15268 : 16504176;
15269 : 16504176;
15270 : 16768372;
15271 : 9928770;
15272 : 11382450;
15273 : 16777215;
15274 : 16777215;
15275 : 16777215;
15276 : 16777215;
15277 : 16777215;
15278 : 16777215;
15279 : 16777215;
15280 : 16777215;
15281 : 16777215;
15282 : 16777215;
15283 : 16777215;
15284 : 16777215;
15285 : 16777215;
15286 : 16777215;
15287 : 16777215;
15288 : 16777215;
15289 : 16777215;
15290 : 16777215;
15291 : 16777215;
15292 : 16777215;
15293 : 16777215;
15294 : 16777215;
15295 : 16777215;
15296 : 16777215;
15297 : 16777215;
15298 : 16777215;
15299 : 16777215;
15300 : 16777215;
15301 : 16777215;
15302 : 16777215;
15303 : 16777215;
15304 : 16777215;
15305 : 16777215;
15306 : 16777215;
15307 : 16777215;
15308 : 16777215;
15309 : 16777215;
15310 : 16777215;
15311 : 16777215;
15312 : 16777215;
15313 : 16777215;
15314 : 16777215;
15315 : 16777215;
15316 : 16777215;
15317 : 16777215;
15318 : 16711423;
15319 : 10328983;
15320 : 11046733;
15321 : 14531164;
15322 : 14793823;
15323 : 14728545;
15324 : 14334047;
15325 : 13939292;
15326 : 13939037;
15327 : 13808221;
15328 : 13939293;
15329 : 14004829;
15330 : 14070877;
15331 : 14531168;
15332 : 10585924;
15333 : 10855587;
15334 : 16777215;
15335 : 16777215;
15336 : 16777215;
15337 : 16777215;
15338 : 16777215;
15339 : 16777215;
15340 : 16777215;
15341 : 16777215;
15342 : 16777215;
15343 : 16777215;
15344 : 16777215;
15345 : 16777215;
15346 : 16777215;
15347 : 16777215;
15348 : 16777215;
15349 : 16777215;
15350 : 16777215;
15351 : 16777215;
15352 : 16777215;
15353 : 16777215;
15354 : 16777215;
15355 : 16777215;
15356 : 16777215;
15357 : 16777215;
15358 : 16777215;
15359 : 16777215;
15360 : 16777215;
15361 : 16777215;
15362 : 16777215;
15363 : 16777215;
15364 : 16777215;
15365 : 16777215;
15366 : 16777215;
15367 : 16777215;
15368 : 16777215;
15369 : 16777215;
15370 : 16777215;
15371 : 16777215;
15372 : 16777215;
15373 : 16777215;
15374 : 16777215;
15375 : 16777215;
15376 : 16777215;
15377 : 16777215;
15378 : 16777215;
15379 : 16777215;
15380 : 16777215;
15381 : 9604739;
15382 : 9929543;
15383 : 14731135;
15384 : 15191428;
15385 : 14665345;
15386 : 16572560;
15387 : 15584630;
15388 : 9468995;
15389 : 11836245;
15390 : 16767606;
15391 : 16504178;
15392 : 16504177;
15393 : 16504175;
15394 : 16504176;
15395 : 16504176;
15396 : 16504176;
15397 : 16504176;
15398 : 16701809;
15399 : 7365439;
15400 : 14738149;
15401 : 16777215;
15402 : 16777215;
15403 : 16777215;
15404 : 16777215;
15405 : 16777215;
15406 : 16777215;
15407 : 16777215;
15408 : 16777215;
15409 : 16777215;
15410 : 16777215;
15411 : 16777215;
15412 : 16777215;
15413 : 16777215;
15414 : 16777215;
15415 : 16777215;
15416 : 16777215;
15417 : 16777215;
15418 : 16777215;
15419 : 16777215;
15420 : 16777215;
15421 : 16777215;
15422 : 16777215;
15423 : 16777215;
15424 : 16777215;
15425 : 16777215;
15426 : 16777215;
15427 : 16777215;
15428 : 16777215;
15429 : 16777215;
15430 : 16777215;
15431 : 16777215;
15432 : 16777215;
15433 : 16777215;
15434 : 16777215;
15435 : 16777215;
15436 : 16777215;
15437 : 16777215;
15438 : 16777215;
15439 : 16777215;
15440 : 16777215;
15441 : 16777215;
15442 : 16777215;
15443 : 16777215;
15444 : 16777215;
15445 : 16777215;
15446 : 12237758;
15447 : 8547898;
15448 : 14334047;
15449 : 14268257;
15450 : 15320424;
15451 : 15254631;
15452 : 14794340;
15453 : 14465376;
15454 : 14070621;
15455 : 14070878;
15456 : 14136670;
15457 : 14136670;
15458 : 14399584;
15459 : 13281619;
15460 : 8946290;
15461 : 16514302;
15462 : 16777215;
15463 : 16777215;
15464 : 16777215;
15465 : 16777215;
15466 : 16777215;
15467 : 16777215;
15468 : 16777215;
15469 : 16777215;
15470 : 16777215;
15471 : 16777215;
15472 : 16777215;
15473 : 16777215;
15474 : 16777215;
15475 : 16777215;
15476 : 16777215;
15477 : 16777215;
15478 : 16777215;
15479 : 16777215;
15480 : 16777215;
15481 : 16777215;
15482 : 16777215;
15483 : 16777215;
15484 : 16777215;
15485 : 16777215;
15486 : 16777215;
15487 : 16777215;
15488 : 16777215;
15489 : 16777215;
15490 : 16777215;
15491 : 16777215;
15492 : 16777215;
15493 : 16777215;
15494 : 16777215;
15495 : 16777215;
15496 : 16777215;
15497 : 16777215;
15498 : 16777215;
15499 : 16777215;
15500 : 16777215;
15501 : 16777215;
15502 : 16777215;
15503 : 16777215;
15504 : 16777215;
15505 : 16777215;
15506 : 16777215;
15507 : 16777215;
15508 : 16777215;
15509 : 6447195;
15510 : 8350517;
15511 : 16768122;
15512 : 12231518;
15513 : 16242556;
15514 : 16045178;
15515 : 9206859;
15516 : 13350260;
15517 : 16769934;
15518 : 16506250;
15519 : 16505992;
15520 : 16505732;
15521 : 16505212;
15522 : 16438642;
15523 : 16504176;
15524 : 16504176;
15525 : 16767346;
15526 : 13742168;
15527 : 7697518;
15528 : 16711679;
15529 : 16777215;
15530 : 16777215;
15531 : 16777215;
15532 : 16777215;
15533 : 16777215;
15534 : 16777215;
15535 : 16777215;
15536 : 16777215;
15537 : 16777215;
15538 : 16777215;
15539 : 16777215;
15540 : 16777215;
15541 : 16777215;
15542 : 16777215;
15543 : 16777215;
15544 : 16777215;
15545 : 16777215;
15546 : 16777215;
15547 : 16777215;
15548 : 16777215;
15549 : 16777215;
15550 : 16777215;
15551 : 16777215;
15552 : 16777215;
15553 : 16777215;
15554 : 16777215;
15555 : 16777215;
15556 : 16777215;
15557 : 16777215;
15558 : 16777215;
15559 : 16777215;
15560 : 16777215;
15561 : 16777215;
15562 : 16777215;
15563 : 16777215;
15564 : 16777215;
15565 : 16777215;
15566 : 16777215;
15567 : 16777215;
15568 : 16777215;
15569 : 16777215;
15570 : 16777215;
15571 : 16777215;
15572 : 16777215;
15573 : 16777215;
15574 : 7697781;
15575 : 9599546;
15576 : 11769680;
15577 : 15188839;
15578 : 15517802;
15579 : 11638607;
15580 : 13808221;
15581 : 15188838;
15582 : 14465376;
15583 : 14202463;
15584 : 14202463;
15585 : 14334048;
15586 : 14201945;
15587 : 8680263;
15588 : 14277340;
15589 : 16777215;
15590 : 16777215;
15591 : 16777215;
15592 : 16777215;
15593 : 16777215;
15594 : 16777215;
15595 : 16777215;
15596 : 16777215;
15597 : 16777215;
15598 : 16777215;
15599 : 16777215;
15600 : 16777215;
15601 : 16777215;
15602 : 16777215;
15603 : 16777215;
15604 : 16777215;
15605 : 16777215;
15606 : 16777215;
15607 : 16777215;
15608 : 16777215;
15609 : 16777215;
15610 : 16777215;
15611 : 16777215;
15612 : 16777215;
15613 : 16777215;
15614 : 16777215;
15615 : 16777215;
15616 : 16777215;
15617 : 16777215;
15618 : 16777215;
15619 : 16777215;
15620 : 16777215;
15621 : 16777215;
15622 : 16777215;
15623 : 16777215;
15624 : 16777215;
15625 : 16777215;
15626 : 16777215;
15627 : 16777215;
15628 : 16777215;
15629 : 16777215;
15630 : 16777215;
15631 : 16777215;
15632 : 16777215;
15633 : 16777215;
15634 : 16777215;
15635 : 16777215;
15636 : 16777215;
15637 : 10000796;
15638 : 3944985;
15639 : 13807961;
15640 : 10717768;
15641 : 16768629;
15642 : 10323270;
15643 : 12165730;
15644 : 15257477;
15645 : 16177804;
15646 : 16375181;
15647 : 16440719;
15648 : 16112270;
15649 : 16572048;
15650 : 16504956;
15651 : 16504177;
15652 : 16569713;
15653 : 16636015;
15654 : 9008968;
15655 : 13685205;
15656 : 16777215;
15657 : 16777215;
15658 : 16777215;
15659 : 16777215;
15660 : 16777215;
15661 : 16777215;
15662 : 16777215;
15663 : 16777215;
15664 : 16777215;
15665 : 16777215;
15666 : 16777215;
15667 : 16777215;
15668 : 16777215;
15669 : 16777215;
15670 : 16777215;
15671 : 16777215;
15672 : 16777215;
15673 : 16777215;
15674 : 16777215;
15675 : 16777215;
15676 : 16777215;
15677 : 16777215;
15678 : 16777215;
15679 : 16777215;
15680 : 16777215;
15681 : 16777215;
15682 : 16777215;
15683 : 16777215;
15684 : 16777215;
15685 : 16777215;
15686 : 16777215;
15687 : 16777215;
15688 : 16777215;
15689 : 16777215;
15690 : 16777215;
15691 : 16777215;
15692 : 16777215;
15693 : 16777215;
15694 : 16777215;
15695 : 16777215;
15696 : 16777215;
15697 : 16777215;
15698 : 16777215;
15699 : 16777215;
15700 : 16777215;
15701 : 16777215;
15702 : 9013642;
15703 : 3944210;
15704 : 11967057;
15705 : 15188837;
15706 : 14531425;
15707 : 7364401;
15708 : 14597217;
15709 : 14860131;
15710 : 14268254;
15711 : 14136670;
15712 : 14399582;
15713 : 13215827;
15714 : 10719845;
15715 : 13093064;
15716 : 16777215;
15717 : 16777215;
15718 : 16777215;
15719 : 16777215;
15720 : 16777215;
15721 : 16777215;
15722 : 16777215;
15723 : 16777215;
15724 : 16777215;
15725 : 16777215;
15726 : 16777215;
15727 : 16777215;
15728 : 16777215;
15729 : 16777215;
15730 : 16777215;
15731 : 16777215;
15732 : 16777215;
15733 : 16777215;
15734 : 16777215;
15735 : 16777215;
15736 : 16777215;
15737 : 16777215;
15738 : 16777215;
15739 : 16777215;
15740 : 16777215;
15741 : 16777215;
15742 : 16777215;
15743 : 16777215;
15744 : 16777215;
15745 : 16777215;
15746 : 16777215;
15747 : 16777215;
15748 : 16777215;
15749 : 16777215;
15750 : 16777215;
15751 : 16777215;
15752 : 16777215;
15753 : 16777215;
15754 : 16777215;
15755 : 16777215;
15756 : 16777215;
15757 : 16777215;
15758 : 16777215;
15759 : 16777215;
15760 : 16777215;
15761 : 16777215;
15762 : 16777215;
15763 : 16777215;
15764 : 16777215;
15765 : 16777215;
15766 : 10395038;
15767 : 7629133;
15768 : 4931621;
15769 : 12821330;
15770 : 5522977;
15771 : 10454856;
15772 : 13414244;
15773 : 16308354;
15774 : 16440198;
15775 : 13875827;
15776 : 14467704;
15777 : 16505732;
15778 : 16307317;
15779 : 16175471;
15780 : 16175212;
15781 : 11638351;
15782 : 11645100;
15783 : 16777215;
15784 : 16777215;
15785 : 16777215;
15786 : 16777215;
15787 : 16777215;
15788 : 16777215;
15789 : 16777215;
15790 : 16777215;
15791 : 16777215;
15792 : 16777215;
15793 : 16777215;
15794 : 16777215;
15795 : 16777215;
15796 : 16777215;
15797 : 16777215;
15798 : 16777215;
15799 : 16777215;
15800 : 16777215;
15801 : 16777215;
15802 : 16777215;
15803 : 16777215;
15804 : 16777215;
15805 : 16777215;
15806 : 16777215;
15807 : 16777215;
15808 : 16777215;
15809 : 16777215;
15810 : 16777215;
15811 : 16777215;
15812 : 16777215;
15813 : 16777215;
15814 : 16777215;
15815 : 16777215;
15816 : 16777215;
15817 : 16777215;
15818 : 16777215;
15819 : 16777215;
15820 : 16777215;
15821 : 16777215;
15822 : 16777215;
15823 : 16777215;
15824 : 16777215;
15825 : 16777215;
15826 : 16777215;
15827 : 16777215;
15828 : 16777215;
15829 : 16777215;
15830 : 15329769;
15831 : 5855579;
15832 : 8942135;
15833 : 14860130;
15834 : 13150295;
15835 : 6969903;
15836 : 14794338;
15837 : 14465632;
15838 : 14267740;
15839 : 13412691;
15840 : 11375699;
15841 : 11906974;
15842 : 15724787;
15843 : 16777215;
15844 : 16777215;
15845 : 16777215;
15846 : 16777215;
15847 : 16777215;
15848 : 16777215;
15849 : 16777215;
15850 : 16777215;
15851 : 16777215;
15852 : 16777215;
15853 : 16777215;
15854 : 16777215;
15855 : 16777215;
15856 : 16777215;
15857 : 16777215;
15858 : 16777215;
15859 : 16777215;
15860 : 16777215;
15861 : 16777215;
15862 : 16777215;
15863 : 16777215;
15864 : 16777215;
15865 : 16777215;
15866 : 16777215;
15867 : 16777215;
15868 : 16777215;
15869 : 16777215;
15870 : 16777215;
15871 : 16777215;
15872 : 16777215;
15873 : 16777215;
15874 : 16777215;
15875 : 16777215;
15876 : 16777215;
15877 : 16777215;
15878 : 16777215;
15879 : 16777215;
15880 : 16777215;
15881 : 16777215;
15882 : 16777215;
15883 : 16777215;
15884 : 16777215;
15885 : 16777215;
15886 : 16777215;
15887 : 16777215;
15888 : 16777215;
15889 : 16777215;
15890 : 16777215;
15891 : 16777215;
15892 : 16777215;
15893 : 16777215;
15894 : 16777215;
15895 : 16053495;
15896 : 13619153;
15897 : 12368564;
15898 : 7828849;
15899 : 4339483;
15900 : 12690004;
15901 : 15123302;
15902 : 15320681;
15903 : 10389063;
15904 : 14663268;
15905 : 15123558;
15906 : 15057508;
15907 : 14728286;
15908 : 11112785;
15909 : 12105392;
15910 : 16711679;
15911 : 16777215;
15912 : 16777215;
15913 : 16777215;
15914 : 16777215;
15915 : 16777215;
15916 : 16777215;
15917 : 16777215;
15918 : 16777215;
15919 : 16777215;
15920 : 16777215;
15921 : 16777215;
15922 : 16777215;
15923 : 16777215;
15924 : 16777215;
15925 : 16777215;
15926 : 16777215;
15927 : 16777215;
15928 : 16777215;
15929 : 16777215;
15930 : 16777215;
15931 : 16777215;
15932 : 16777215;
15933 : 16777215;
15934 : 16777215;
15935 : 16777215;
15936 : 16777215;
15937 : 16777215;
15938 : 16777215;
15939 : 16777215;
15940 : 16777215;
15941 : 16777215;
15942 : 16777215;
15943 : 16777215;
15944 : 16777215;
15945 : 16777215;
15946 : 16777215;
15947 : 16777215;
15948 : 16777215;
15949 : 16777215;
15950 : 16777215;
15951 : 16777215;
15952 : 16777215;
15953 : 16777215;
15954 : 16777215;
15955 : 16777215;
15956 : 16777215;
15957 : 16777215;
15958 : 16777215;
15959 : 15856371;
15960 : 6117712;
15961 : 9665340;
15962 : 12624207;
15963 : 6377512;
15964 : 9270842;
15965 : 10059585;
15966 : 8943436;
15967 : 10590853;
15968 : 14276824;
15969 : 16777215;
15970 : 16777215;
15971 : 16777215;
15972 : 16777215;
15973 : 16777215;
15974 : 16777215;
15975 : 16777215;
15976 : 16777215;
15977 : 16777215;
15978 : 16777215;
15979 : 16777215;
15980 : 16777215;
15981 : 16777215;
15982 : 16777215;
15983 : 16777215;
15984 : 16777215;
15985 : 16777215;
15986 : 16777215;
15987 : 16777215;
15988 : 16777215;
15989 : 16777215;
15990 : 16777215;
15991 : 16777215;
15992 : 16777215;
15993 : 16777215;
15994 : 16777215;
15995 : 16777215;
15996 : 16777215;
15997 : 16777215;
15998 : 16777215;
15999 : 16777215;
16000 : 16777215;
16001 : 16777215;
16002 : 16777215;
16003 : 16777215;
16004 : 16777215;
16005 : 16777215;
16006 : 16777215;
16007 : 16777215;
16008 : 16777215;
16009 : 16777215;
16010 : 16777215;
16011 : 16777215;
16012 : 16777215;
16013 : 16777215;
16014 : 16777215;
16015 : 16777215;
16016 : 16777215;
16017 : 16777215;
16018 : 16777215;
16019 : 16777215;
16020 : 16777215;
16021 : 16777215;
16022 : 16777215;
16023 : 16777215;
16024 : 16777215;
16025 : 16777215;
16026 : 16711679;
16027 : 7105901;
16028 : 5654565;
16029 : 13807448;
16030 : 14399583;
16031 : 9139517;
16032 : 14268253;
16033 : 14333787;
16034 : 12952655;
16035 : 9996120;
16036 : 12698048;
16037 : 16777215;
16038 : 16777215;
16039 : 16777215;
16040 : 16777215;
16041 : 16777215;
16042 : 16777215;
16043 : 16777215;
16044 : 16777215;
16045 : 16777215;
16046 : 16777215;
16047 : 16777215;
16048 : 16777215;
16049 : 16777215;
16050 : 16777215;
16051 : 16777215;
16052 : 16777215;
16053 : 16777215;
16054 : 16777215;
16055 : 16777215;
16056 : 16777215;
16057 : 16777215;
16058 : 16777215;
16059 : 16777215;
16060 : 16777215;
16061 : 16777215;
16062 : 16777215;
16063 : 16777215;
16064 : 16777215;
16065 : 16777215;
16066 : 16777215;
16067 : 16777215;
16068 : 16777215;
16069 : 16777215;
16070 : 16777215;
16071 : 16777215;
16072 : 16777215;
16073 : 16777215;
16074 : 16777215;
16075 : 16777215;
16076 : 16777215;
16077 : 16777215;
16078 : 16777215;
16079 : 16777215;
16080 : 16777215;
16081 : 16777215;
16082 : 16777215;
16083 : 16777215;
16084 : 16777215;
16085 : 16777215;
16086 : 16777215;
16087 : 16777215;
16088 : 15987701;
16089 : 11645361;
16090 : 11512993;
16091 : 12434614;
16092 : 10724261;
16093 : 11645362;
16094 : 15001064;
16095 : 16777215;
16096 : 16777215;
16097 : 16777215;
16098 : 16777215;
16099 : 16777215;
16100 : 16777215;
16101 : 16777215;
16102 : 16777215;
16103 : 16777215;
16104 : 16777215;
16105 : 16777215;
16106 : 16777215;
16107 : 16777215;
16108 : 16777215;
16109 : 16777215;
16110 : 16777215;
16111 : 16777215;
16112 : 16777215;
16113 : 16777215;
16114 : 16777215;
16115 : 16777215;
16116 : 16777215;
16117 : 16777215;
16118 : 16777215;
16119 : 16777215;
16120 : 16777215;
16121 : 16777215;
16122 : 16777215;
16123 : 16777215;
16124 : 16777215;
16125 : 16777215;
16126 : 16777215;
16127 : 16777215;
16128 : 16777215;
16129 : 16777215;
16130 : 16777215;
16131 : 16777215;
16132 : 16777215;
16133 : 16777215;
16134 : 16777215;
16135 : 16777215;
16136 : 16777215;
16137 : 16777215;
16138 : 16777215;
16139 : 16777215;
16140 : 16777215;
16141 : 16777215;
16142 : 16777215;
16143 : 16777215;
16144 : 16777215;
16145 : 16777215;
16146 : 16777215;
16147 : 16777215;
16148 : 16777215;
16149 : 16777215;
16150 : 16777215;
16151 : 16777215;
16152 : 16777215;
16153 : 16777215;
16154 : 16777215;
16155 : 16711423;
16156 : 11514034;
16157 : 7629393;
16158 : 9863241;
16159 : 5654822;
16160 : 8285244;
16161 : 9930068;
16162 : 10854546;
16163 : 15330029;
16164 : 16777215;
16165 : 16777215;
16166 : 16777215;
16167 : 16777215;
16168 : 16777215;
16169 : 16777215;
16170 : 16777215;
16171 : 16777215;
16172 : 16777215;
16173 : 16777215;
16174 : 16777215;
16175 : 16777215;
16176 : 16777215;
16177 : 16777215;
16178 : 16777215;
16179 : 16777215;
16180 : 16777215;
16181 : 16777215;
16182 : 16777215;
16183 : 16777215;
16184 : 16777215;
16185 : 16777215;
16186 : 16777215;
16187 : 16777215;
16188 : 16777215;
16189 : 16777215;
16190 : 16777215;
16191 : 16777215;
16192 : 16777215;
16193 : 16777215;
16194 : 16777215;
16195 : 16777215;
16196 : 16777215;
16197 : 16777215;
16198 : 16777215;
16199 : 16777215;
16200 : 16777215;
16201 : 16777215;
16202 : 16777215;
16203 : 16777215;
16204 : 16777215;
16205 : 16777215;
16206 : 16777215;
16207 : 16777215;
16208 : 16777215;
16209 : 16777215;
16210 : 16777215;
16211 : 16777215;
16212 : 16777215;
16213 : 16777215;
16214 : 16777215;
16215 : 16777215;
16216 : 16777215;
16217 : 16777215;
16218 : 16777215;
16219 : 16777215;
16220 : 16777215;
16221 : 16777215;
16222 : 16777215;
16223 : 16777215;
16224 : 16777215;
16225 : 16777215;
16226 : 16777215;
16227 : 16777215;
16228 : 16777215;
16229 : 16777215;
16230 : 16777215;
16231 : 16777215;
16232 : 16777215;
16233 : 16777215;
16234 : 16777215;
16235 : 16777215;
16236 : 16777215;
16237 : 16777215;
16238 : 16777215;
16239 : 16777215;
16240 : 16777215;
16241 : 16777215;
16242 : 16777215;
16243 : 16777215;
16244 : 16777215;
16245 : 16777215;
16246 : 16777215;
16247 : 16777215;
16248 : 16777215;
16249 : 16777215;
16250 : 16777215;
16251 : 16777215;
16252 : 16777215;
16253 : 16777215;
16254 : 16777215;
16255 : 16777215;
16256 : 16777215;
16257 : 16777215;
16258 : 16777215;
16259 : 16777215;
16260 : 16777215;
16261 : 16777215;
16262 : 16777215;
16263 : 16777215;
16264 : 16777215;
16265 : 16777215;
16266 : 16777215;
16267 : 16777215;
16268 : 16777215;
16269 : 16777215;
16270 : 16777215;
16271 : 16777215;
16272 : 16777215;
16273 : 16777215;
16274 : 16777215;
16275 : 16777215;
16276 : 16777215;
16277 : 16777215;
16278 : 16777215;
16279 : 16777215;
16280 : 16777215;
16281 : 16777215;
16282 : 16777215;
16283 : 16777215;
16284 : 16777215;
16285 : 16119545;
16286 : 13553618;
16287 : 11579570;
16288 : 13224653;
16289 : 15198444;
16290 : 16777215;
16291 : 16777215;
16292 : 16777215;
16293 : 16777215;
16294 : 16777215;
16295 : 16777215;
16296 : 16777215;
16297 : 16777215;
16298 : 16777215;
16299 : 16777215;
16300 : 16777215;
16301 : 16777215;
16302 : 16777215;
16303 : 16777215;
16304 : 16777215;
16305 : 16777215;
16306 : 16777215;
16307 : 16777215;
16308 : 16777215;
16309 : 16777215;
16310 : 16777215;
16311 : 16777215;
16312 : 16777215;
16313 : 16777215;
16314 : 16777215;
16315 : 16777215;
16316 : 16777215;
16317 : 16777215;
16318 : 16777215;
16319 : 16777215;
16320 : 16777215;
16321 : 16777215;
16322 : 16777215;
16323 : 16777215;
16324 : 16777215;
16325 : 16777215;
16326 : 16777215;
16327 : 16777215;
16328 : 16777215;
16329 : 16777215;
16330 : 16777215;
16331 : 16777215;
16332 : 16777215;
16333 : 16777215;
16334 : 16777215;
16335 : 16777215;
16336 : 16777215;
16337 : 16777215;
16338 : 16777215;
16339 : 16777215;
16340 : 16777215;
16341 : 16777215;
16342 : 16777215;
16343 : 16777215;
16344 : 16777215;
16345 : 16777215;
16346 : 16777215;
16347 : 16777215;
16348 : 16777215;
16349 : 16777215;
16350 : 16777215;
16351 : 16777215;
16352 : 16777215;
16353 : 16777215;
16354 : 16777215;
16355 : 16777215;
16356 : 16777215;
16357 : 16777215;
16358 : 16777215;
16359 : 16777215;
16360 : 16777215;
16361 : 16777215;
16362 : 16777215;
16363 : 16777215;
16364 : 16777215;
16365 : 16777215;
16366 : 16777215;
16367 : 16777215;
16368 : 16777215;
16369 : 16777215;
16370 : 16777215;
16371 : 16777215;
16372 : 16777215;
16373 : 16777215;
16374 : 16777215;
16375 : 16777215;
16376 : 16777215;
16377 : 16777215;
16378 : 16777215;
16379 : 16777215;
16380 : 16777215;
16381 : 16777215;
16382 : 16777215;
16383 : 16777215;
END;
