WIDTH=16;
DEPTH=16384;

ADDRESS_RADIX=UNS;
DATA_RADIX=UNS;

CONTENT BEGIN
0 : 65535;
1 : 65535;
2 : 65535;
3 : 65535;
4 : 65535;
5 : 65535;
6 : 65535;
7 : 65535;
8 : 65535;
9 : 65535;
10 : 65535;
11 : 65535;
12 : 65535;
13 : 65535;
14 : 65535;
15 : 65535;
16 : 65535;
17 : 65535;
18 : 65535;
19 : 65535;
20 : 65535;
21 : 65535;
22 : 65535;
23 : 65535;
24 : 65535;
25 : 65535;
26 : 65535;
27 : 65535;
28 : 65535;
29 : 65535;
30 : 65535;
31 : 65535;
32 : 65535;
33 : 65535;
34 : 65535;
35 : 65535;
36 : 65535;
37 : 65535;
38 : 65535;
39 : 65535;
40 : 65535;
41 : 65535;
42 : 65535;
43 : 65535;
44 : 65535;
45 : 65535;
46 : 65535;
47 : 65535;
48 : 65535;
49 : 65535;
50 : 65535;
51 : 65535;
52 : 65535;
53 : 65535;
54 : 65535;
55 : 65535;
56 : 65535;
57 : 65535;
58 : 65535;
59 : 65535;
60 : 65535;
61 : 65535;
62 : 65535;
63 : 65535;
64 : 65535;
65 : 65535;
66 : 65535;
67 : 65535;
68 : 65535;
69 : 65535;
70 : 65535;
71 : 65535;
72 : 65535;
73 : 65535;
74 : 65535;
75 : 65535;
76 : 65535;
77 : 65535;
78 : 65535;
79 : 65535;
80 : 65535;
81 : 65535;
82 : 65535;
83 : 65535;
84 : 65535;
85 : 65535;
86 : 65535;
87 : 65535;
88 : 65535;
89 : 65535;
90 : 65535;
91 : 65535;
92 : 65535;
93 : 65535;
94 : 65535;
95 : 65535;
96 : 65535;
97 : 65535;
98 : 65535;
99 : 65535;
100 : 65535;
101 : 65535;
102 : 65535;
103 : 65535;
104 : 65535;
105 : 65535;
106 : 65535;
107 : 65535;
108 : 65535;
109 : 65535;
110 : 65535;
111 : 65535;
112 : 65535;
113 : 65535;
114 : 65535;
115 : 65535;
116 : 65535;
117 : 65535;
118 : 65535;
119 : 65535;
120 : 65535;
121 : 65535;
122 : 65535;
123 : 65535;
124 : 65535;
125 : 65535;
126 : 65535;
127 : 65535;
128 : 65535;
129 : 65535;
130 : 65535;
131 : 65535;
132 : 65535;
133 : 65535;
134 : 65535;
135 : 65535;
136 : 65535;
137 : 65535;
138 : 65535;
139 : 65535;
140 : 65535;
141 : 65535;
142 : 65535;
143 : 65535;
144 : 65535;
145 : 65535;
146 : 65535;
147 : 65535;
148 : 65535;
149 : 65535;
150 : 65535;
151 : 65535;
152 : 65535;
153 : 65535;
154 : 65535;
155 : 65535;
156 : 65535;
157 : 65535;
158 : 65535;
159 : 65535;
160 : 65535;
161 : 65535;
162 : 65535;
163 : 65535;
164 : 65535;
165 : 65535;
166 : 65535;
167 : 65535;
168 : 65535;
169 : 65535;
170 : 65535;
171 : 65535;
172 : 65535;
173 : 65535;
174 : 65535;
175 : 65535;
176 : 65535;
177 : 65535;
178 : 65535;
179 : 65535;
180 : 57051;
181 : 44405;
182 : 33906;
183 : 31858;
184 : 42358;
185 : 54905;
186 : 65535;
187 : 65535;
188 : 65535;
189 : 65535;
190 : 65535;
191 : 65535;
192 : 65535;
193 : 65535;
194 : 65535;
195 : 65535;
196 : 65535;
197 : 65535;
198 : 65535;
199 : 65535;
200 : 65535;
201 : 65535;
202 : 65535;
203 : 65535;
204 : 65535;
205 : 65535;
206 : 65535;
207 : 65535;
208 : 65535;
209 : 65535;
210 : 65535;
211 : 65535;
212 : 65535;
213 : 65535;
214 : 65535;
215 : 65535;
216 : 65535;
217 : 65535;
218 : 65535;
219 : 65535;
220 : 65535;
221 : 65535;
222 : 65535;
223 : 65535;
224 : 65535;
225 : 65535;
226 : 65535;
227 : 65535;
228 : 65535;
229 : 65535;
230 : 65535;
231 : 65535;
232 : 65535;
233 : 65535;
234 : 65535;
235 : 65535;
236 : 65535;
237 : 65535;
238 : 65535;
239 : 65535;
240 : 65535;
241 : 65535;
242 : 65535;
243 : 65535;
244 : 65535;
245 : 65535;
246 : 65535;
247 : 65535;
248 : 65535;
249 : 65535;
250 : 65535;
251 : 65535;
252 : 65535;
253 : 65535;
254 : 65535;
255 : 65535;
256 : 65535;
257 : 65535;
258 : 65535;
259 : 65535;
260 : 65535;
261 : 65535;
262 : 65535;
263 : 65535;
264 : 65535;
265 : 65535;
266 : 65535;
267 : 65535;
268 : 65535;
269 : 65535;
270 : 65535;
271 : 65535;
272 : 65535;
273 : 65535;
274 : 65535;
275 : 65535;
276 : 65535;
277 : 65535;
278 : 65535;
279 : 65535;
280 : 65535;
281 : 65535;
282 : 65535;
283 : 65535;
284 : 65535;
285 : 65535;
286 : 65535;
287 : 65535;
288 : 65535;
289 : 65535;
290 : 65535;
291 : 65535;
292 : 65535;
293 : 65535;
294 : 65535;
295 : 65535;
296 : 65535;
297 : 65535;
298 : 65535;
299 : 65535;
300 : 65535;
301 : 65535;
302 : 65535;
303 : 65535;
304 : 65535;
305 : 65535;
306 : 61276;
307 : 31858;
308 : 17362;
309 : 17526;
310 : 17526;
311 : 19607;
312 : 17461;
313 : 15217;
314 : 31859;
315 : 61244;
316 : 65535;
317 : 65535;
318 : 65535;
319 : 65535;
320 : 65535;
321 : 65535;
322 : 65535;
323 : 65535;
324 : 65535;
325 : 65535;
326 : 65535;
327 : 65535;
328 : 65535;
329 : 65535;
330 : 65535;
331 : 65535;
332 : 65535;
333 : 65535;
334 : 65535;
335 : 65535;
336 : 65535;
337 : 65535;
338 : 65535;
339 : 65535;
340 : 65535;
341 : 65535;
342 : 65535;
343 : 65535;
344 : 65535;
345 : 65535;
346 : 65535;
347 : 65535;
348 : 65535;
349 : 65535;
350 : 65535;
351 : 65535;
352 : 65535;
353 : 65535;
354 : 65535;
355 : 65535;
356 : 65535;
357 : 65535;
358 : 65535;
359 : 65535;
360 : 65535;
361 : 65535;
362 : 65535;
363 : 65535;
364 : 65535;
365 : 65535;
366 : 65535;
367 : 65535;
368 : 65535;
369 : 65535;
370 : 65535;
371 : 65535;
372 : 65535;
373 : 65535;
374 : 65535;
375 : 65535;
376 : 65535;
377 : 65535;
378 : 65535;
379 : 65535;
380 : 65535;
381 : 65535;
382 : 65535;
383 : 65535;
384 : 65535;
385 : 65535;
386 : 65535;
387 : 65535;
388 : 65535;
389 : 65535;
390 : 65535;
391 : 65535;
392 : 65535;
393 : 65535;
394 : 65535;
395 : 65535;
396 : 65535;
397 : 65535;
398 : 65535;
399 : 65535;
400 : 65535;
401 : 65535;
402 : 65535;
403 : 65535;
404 : 65535;
405 : 65535;
406 : 65535;
407 : 65535;
408 : 65535;
409 : 65535;
410 : 65535;
411 : 65535;
412 : 65535;
413 : 65535;
414 : 65535;
415 : 65535;
416 : 65535;
417 : 65535;
418 : 65535;
419 : 65535;
420 : 65535;
421 : 65535;
422 : 65535;
423 : 65535;
424 : 65535;
425 : 65535;
426 : 65535;
427 : 65535;
428 : 65535;
429 : 65535;
430 : 65535;
431 : 65535;
432 : 65535;
433 : 61309;
434 : 27796;
435 : 21817;
436 : 26077;
437 : 23996;
438 : 21817;
439 : 19736;
440 : 19704;
441 : 19672;
442 : 15446;
443 : 21425;
444 : 57051;
445 : 65535;
446 : 65535;
447 : 65535;
448 : 65535;
449 : 65535;
450 : 65535;
451 : 65535;
452 : 65535;
453 : 65535;
454 : 65535;
455 : 65535;
456 : 65535;
457 : 65535;
458 : 65535;
459 : 65535;
460 : 65535;
461 : 65535;
462 : 65535;
463 : 65535;
464 : 65535;
465 : 65535;
466 : 65535;
467 : 65535;
468 : 65535;
469 : 65535;
470 : 65535;
471 : 65535;
472 : 65535;
473 : 65535;
474 : 65535;
475 : 65535;
476 : 65535;
477 : 65535;
478 : 65535;
479 : 65535;
480 : 65535;
481 : 65535;
482 : 65535;
483 : 65535;
484 : 65535;
485 : 65535;
486 : 65535;
487 : 65535;
488 : 65535;
489 : 65535;
490 : 65535;
491 : 65535;
492 : 65535;
493 : 65535;
494 : 65535;
495 : 65535;
496 : 65535;
497 : 65535;
498 : 65535;
499 : 65535;
500 : 65535;
501 : 65535;
502 : 65535;
503 : 65535;
504 : 65535;
505 : 65535;
506 : 65535;
507 : 65535;
508 : 65535;
509 : 65535;
510 : 65535;
511 : 65535;
512 : 65535;
513 : 65535;
514 : 65535;
515 : 65535;
516 : 65535;
517 : 65535;
518 : 65535;
519 : 65535;
520 : 65535;
521 : 65535;
522 : 65535;
523 : 65535;
524 : 65535;
525 : 65535;
526 : 65535;
527 : 65535;
528 : 65535;
529 : 65535;
530 : 65535;
531 : 65535;
532 : 65535;
533 : 65535;
534 : 65535;
535 : 65535;
536 : 65535;
537 : 65535;
538 : 65535;
539 : 65535;
540 : 65535;
541 : 65535;
542 : 65535;
543 : 65535;
544 : 65535;
545 : 65535;
546 : 65535;
547 : 65535;
548 : 65535;
549 : 65535;
550 : 65535;
551 : 65535;
552 : 65535;
553 : 65535;
554 : 65535;
555 : 65535;
556 : 65535;
557 : 65535;
558 : 65535;
559 : 65535;
560 : 65503;
561 : 29843;
562 : 21850;
563 : 26044;
564 : 26044;
565 : 23963;
566 : 19737;
567 : 19704;
568 : 19704;
569 : 19671;
570 : 17559;
571 : 15479;
572 : 21425;
573 : 61277;
574 : 65535;
575 : 65535;
576 : 65535;
577 : 65535;
578 : 65535;
579 : 65535;
580 : 65535;
581 : 61277;
582 : 48599;
583 : 46519;
584 : 46551;
585 : 52857;
586 : 63422;
587 : 65535;
588 : 65535;
589 : 65535;
590 : 65535;
591 : 65535;
592 : 65535;
593 : 65535;
594 : 65535;
595 : 65535;
596 : 65535;
597 : 65535;
598 : 65535;
599 : 65535;
600 : 65535;
601 : 65535;
602 : 65535;
603 : 65535;
604 : 65535;
605 : 65535;
606 : 65535;
607 : 65535;
608 : 65535;
609 : 65535;
610 : 65535;
611 : 65535;
612 : 65535;
613 : 65535;
614 : 65535;
615 : 65535;
616 : 65535;
617 : 65535;
618 : 65535;
619 : 65535;
620 : 65535;
621 : 65535;
622 : 65535;
623 : 65535;
624 : 65535;
625 : 65535;
626 : 65535;
627 : 65535;
628 : 65535;
629 : 65535;
630 : 65535;
631 : 65535;
632 : 65535;
633 : 65535;
634 : 65535;
635 : 65535;
636 : 65535;
637 : 65535;
638 : 65535;
639 : 65535;
640 : 65535;
641 : 65535;
642 : 65535;
643 : 65535;
644 : 65535;
645 : 65535;
646 : 65535;
647 : 65535;
648 : 65535;
649 : 65535;
650 : 65535;
651 : 65535;
652 : 65535;
653 : 65535;
654 : 65535;
655 : 65535;
656 : 65535;
657 : 65535;
658 : 65535;
659 : 65535;
660 : 65535;
661 : 65535;
662 : 65535;
663 : 65535;
664 : 65535;
665 : 65535;
666 : 65535;
667 : 65535;
668 : 65535;
669 : 65535;
670 : 65535;
671 : 65535;
672 : 65535;
673 : 65535;
674 : 65535;
675 : 65535;
676 : 65535;
677 : 65535;
678 : 65535;
679 : 65535;
680 : 65535;
681 : 65535;
682 : 65535;
683 : 65535;
684 : 65535;
685 : 65535;
686 : 65535;
687 : 65535;
688 : 48664;
689 : 21752;
690 : 26076;
691 : 26044;
692 : 26044;
693 : 23930;
694 : 19704;
695 : 19672;
696 : 19671;
697 : 19671;
698 : 17591;
699 : 17559;
700 : 13333;
701 : 33939;
702 : 65535;
703 : 65535;
704 : 65535;
705 : 65535;
706 : 65535;
707 : 57083;
708 : 33938;
709 : 29811;
710 : 32023;
711 : 32088;
712 : 25879;
713 : 21589;
714 : 23570;
715 : 42293;
716 : 65470;
717 : 65535;
718 : 65535;
719 : 65535;
720 : 65535;
721 : 65535;
722 : 65535;
723 : 65535;
724 : 65535;
725 : 65535;
726 : 65535;
727 : 65535;
728 : 65535;
729 : 65535;
730 : 65535;
731 : 65535;
732 : 65535;
733 : 65535;
734 : 65535;
735 : 65535;
736 : 65535;
737 : 65535;
738 : 65535;
739 : 65535;
740 : 65535;
741 : 65535;
742 : 65535;
743 : 65535;
744 : 65535;
745 : 65535;
746 : 65535;
747 : 65535;
748 : 65535;
749 : 65535;
750 : 65535;
751 : 65535;
752 : 65535;
753 : 65535;
754 : 65535;
755 : 65535;
756 : 65535;
757 : 65535;
758 : 65535;
759 : 65535;
760 : 65535;
761 : 65535;
762 : 65535;
763 : 65535;
764 : 65535;
765 : 65535;
766 : 65535;
767 : 65535;
768 : 65535;
769 : 65535;
770 : 65535;
771 : 65535;
772 : 65535;
773 : 65535;
774 : 65535;
775 : 65535;
776 : 65535;
777 : 65535;
778 : 65535;
779 : 65535;
780 : 65535;
781 : 65535;
782 : 65535;
783 : 65535;
784 : 65535;
785 : 65535;
786 : 65535;
787 : 65535;
788 : 65535;
789 : 65535;
790 : 65535;
791 : 65535;
792 : 65535;
793 : 65535;
794 : 65535;
795 : 65535;
796 : 65535;
797 : 65535;
798 : 65535;
799 : 65535;
800 : 65535;
801 : 65535;
802 : 65535;
803 : 65535;
804 : 65535;
805 : 65535;
806 : 65535;
807 : 65535;
808 : 65535;
809 : 65535;
810 : 65535;
811 : 65535;
812 : 65535;
813 : 65535;
814 : 65535;
815 : 65470;
816 : 25716;
817 : 23996;
818 : 23996;
819 : 26044;
820 : 23963;
821 : 19736;
822 : 19671;
823 : 19671;
824 : 17591;
825 : 17591;
826 : 17591;
827 : 17559;
828 : 17559;
829 : 15282;
830 : 57051;
831 : 65535;
832 : 65535;
833 : 65535;
834 : 48631;
835 : 27698;
836 : 38460;
837 : 44766;
838 : 44799;
839 : 44766;
840 : 36478;
841 : 28157;
842 : 23996;
843 : 19639;
844 : 25617;
845 : 59131;
846 : 65535;
847 : 65535;
848 : 65535;
849 : 65535;
850 : 65535;
851 : 65535;
852 : 65535;
853 : 65535;
854 : 65535;
855 : 65535;
856 : 65535;
857 : 65535;
858 : 65535;
859 : 65535;
860 : 65535;
861 : 65535;
862 : 65535;
863 : 65535;
864 : 65535;
865 : 65535;
866 : 65535;
867 : 65535;
868 : 65535;
869 : 65535;
870 : 65535;
871 : 65535;
872 : 65535;
873 : 65535;
874 : 65535;
875 : 65535;
876 : 65535;
877 : 65535;
878 : 65535;
879 : 65535;
880 : 65535;
881 : 65535;
882 : 65535;
883 : 65535;
884 : 65535;
885 : 65535;
886 : 65535;
887 : 65535;
888 : 65535;
889 : 65535;
890 : 65535;
891 : 65535;
892 : 65535;
893 : 65535;
894 : 65535;
895 : 65535;
896 : 65535;
897 : 65535;
898 : 65535;
899 : 65535;
900 : 65535;
901 : 65535;
902 : 65535;
903 : 65535;
904 : 65535;
905 : 65535;
906 : 65535;
907 : 65535;
908 : 65535;
909 : 65535;
910 : 65535;
911 : 65535;
912 : 65535;
913 : 65535;
914 : 65535;
915 : 65535;
916 : 65535;
917 : 65535;
918 : 65535;
919 : 65535;
920 : 65535;
921 : 65535;
922 : 65535;
923 : 65535;
924 : 65535;
925 : 65535;
926 : 65535;
927 : 65535;
928 : 65535;
929 : 65535;
930 : 65535;
931 : 65535;
932 : 65535;
933 : 65535;
934 : 65535;
935 : 65535;
936 : 65535;
937 : 65535;
938 : 65535;
939 : 65535;
940 : 65535;
941 : 65535;
942 : 65535;
943 : 54938;
944 : 19573;
945 : 26076;
946 : 26044;
947 : 23931;
948 : 19737;
949 : 19639;
950 : 19639;
951 : 19671;
952 : 17623;
953 : 17623;
954 : 17623;
955 : 17623;
956 : 17623;
957 : 15446;
958 : 40245;
959 : 65535;
960 : 65535;
961 : 50745;
962 : 32023;
963 : 42686;
964 : 44766;
965 : 44734;
966 : 42686;
967 : 38525;
968 : 32285;
969 : 26044;
970 : 23964;
971 : 26076;
972 : 21882;
973 : 23537;
974 : 59163;
975 : 65535;
976 : 65535;
977 : 65535;
978 : 65535;
979 : 65535;
980 : 65535;
981 : 65535;
982 : 65535;
983 : 65535;
984 : 65535;
985 : 65535;
986 : 65535;
987 : 65535;
988 : 65535;
989 : 65535;
990 : 65535;
991 : 65535;
992 : 65535;
993 : 65535;
994 : 65535;
995 : 65535;
996 : 65535;
997 : 65535;
998 : 65535;
999 : 65535;
1000 : 65535;
1001 : 65535;
1002 : 65535;
1003 : 65535;
1004 : 65535;
1005 : 65535;
1006 : 65535;
1007 : 65535;
1008 : 65535;
1009 : 65535;
1010 : 65535;
1011 : 65535;
1012 : 65535;
1013 : 65535;
1014 : 65535;
1015 : 65535;
1016 : 65535;
1017 : 65535;
1018 : 65535;
1019 : 65535;
1020 : 65535;
1021 : 65535;
1022 : 65535;
1023 : 65535;
1024 : 65535;
1025 : 65535;
1026 : 65535;
1027 : 65535;
1028 : 65535;
1029 : 65535;
1030 : 65535;
1031 : 65535;
1032 : 65535;
1033 : 65535;
1034 : 65535;
1035 : 65535;
1036 : 65535;
1037 : 65535;
1038 : 65535;
1039 : 65535;
1040 : 65535;
1041 : 65535;
1042 : 65535;
1043 : 65535;
1044 : 65535;
1045 : 65535;
1046 : 65535;
1047 : 65535;
1048 : 65535;
1049 : 65535;
1050 : 65535;
1051 : 65535;
1052 : 65535;
1053 : 65535;
1054 : 65535;
1055 : 65535;
1056 : 65535;
1057 : 65535;
1058 : 65535;
1059 : 65535;
1060 : 65535;
1061 : 65535;
1062 : 65535;
1063 : 65535;
1064 : 65535;
1065 : 65535;
1066 : 65535;
1067 : 61244;
1068 : 44373;
1069 : 57051;
1070 : 65535;
1071 : 46486;
1072 : 17493;
1073 : 23996;
1074 : 21818;
1075 : 19672;
1076 : 17591;
1077 : 17623;
1078 : 17526;
1079 : 15347;
1080 : 13201;
1081 : 13136;
1082 : 11023;
1083 : 13168;
1084 : 13201;
1085 : 11121;
1086 : 23406;
1087 : 65502;
1088 : 57051;
1089 : 27862;
1090 : 42719;
1091 : 42718;
1092 : 42686;
1093 : 40605;
1094 : 36445;
1095 : 30236;
1096 : 26044;
1097 : 26044;
1098 : 26044;
1099 : 23963;
1100 : 26044;
1101 : 21850;
1102 : 25618;
1103 : 61277;
1104 : 65535;
1105 : 65535;
1106 : 65535;
1107 : 65535;
1108 : 65535;
1109 : 65535;
1110 : 65535;
1111 : 65535;
1112 : 65535;
1113 : 65535;
1114 : 65535;
1115 : 65535;
1116 : 65535;
1117 : 65535;
1118 : 65535;
1119 : 65535;
1120 : 65535;
1121 : 65535;
1122 : 65535;
1123 : 65535;
1124 : 65535;
1125 : 65535;
1126 : 65535;
1127 : 65535;
1128 : 65535;
1129 : 65535;
1130 : 65535;
1131 : 65535;
1132 : 65535;
1133 : 65535;
1134 : 65535;
1135 : 65535;
1136 : 65535;
1137 : 65535;
1138 : 65535;
1139 : 65535;
1140 : 65535;
1141 : 65535;
1142 : 65535;
1143 : 65535;
1144 : 65535;
1145 : 65535;
1146 : 65535;
1147 : 65535;
1148 : 65535;
1149 : 65535;
1150 : 65535;
1151 : 65535;
1152 : 65535;
1153 : 65535;
1154 : 65535;
1155 : 65535;
1156 : 65535;
1157 : 65535;
1158 : 65535;
1159 : 65535;
1160 : 65535;
1161 : 65535;
1162 : 65535;
1163 : 65535;
1164 : 65535;
1165 : 65535;
1166 : 65535;
1167 : 65535;
1168 : 65535;
1169 : 65535;
1170 : 65535;
1171 : 65535;
1172 : 65535;
1173 : 65535;
1174 : 65535;
1175 : 65535;
1176 : 65535;
1177 : 65535;
1178 : 65535;
1179 : 65535;
1180 : 65535;
1181 : 65535;
1182 : 65535;
1183 : 65535;
1184 : 65535;
1185 : 65535;
1186 : 65535;
1187 : 65535;
1188 : 65535;
1189 : 65535;
1190 : 65535;
1191 : 65535;
1192 : 65535;
1193 : 65535;
1194 : 63357;
1195 : 27796;
1196 : 21686;
1197 : 21458;
1198 : 54938;
1199 : 50744;
1200 : 13234;
1201 : 19736;
1202 : 17623;
1203 : 17526;
1204 : 13202;
1205 : 13038;
1206 : 17264;
1207 : 23636;
1208 : 27927;
1209 : 30073;
1210 : 28058;
1211 : 26011;
1212 : 23898;
1213 : 21752;
1214 : 19541;
1215 : 25716;
1216 : 21391;
1217 : 36445;
1218 : 44766;
1219 : 40606;
1220 : 34397;
1221 : 30204;
1222 : 28124;
1223 : 26044;
1224 : 23996;
1225 : 26044;
1226 : 26044;
1227 : 23963;
1228 : 23963;
1229 : 23996;
1230 : 19672;
1231 : 31858;
1232 : 65535;
1233 : 65535;
1234 : 65535;
1235 : 65535;
1236 : 65535;
1237 : 65535;
1238 : 65535;
1239 : 65535;
1240 : 65535;
1241 : 65535;
1242 : 65535;
1243 : 65535;
1244 : 65535;
1245 : 65535;
1246 : 65535;
1247 : 65535;
1248 : 65535;
1249 : 65535;
1250 : 65535;
1251 : 65535;
1252 : 65535;
1253 : 65535;
1254 : 65535;
1255 : 65535;
1256 : 65535;
1257 : 65535;
1258 : 65535;
1259 : 65535;
1260 : 65535;
1261 : 65535;
1262 : 65535;
1263 : 65535;
1264 : 65535;
1265 : 65535;
1266 : 65535;
1267 : 65535;
1268 : 65535;
1269 : 65535;
1270 : 65535;
1271 : 65535;
1272 : 65535;
1273 : 65535;
1274 : 65535;
1275 : 65535;
1276 : 65535;
1277 : 65535;
1278 : 65535;
1279 : 65535;
1280 : 65535;
1281 : 65535;
1282 : 65535;
1283 : 65535;
1284 : 65535;
1285 : 65535;
1286 : 65535;
1287 : 65535;
1288 : 65535;
1289 : 65535;
1290 : 65535;
1291 : 65535;
1292 : 65535;
1293 : 65535;
1294 : 65535;
1295 : 65535;
1296 : 65535;
1297 : 65535;
1298 : 65535;
1299 : 65535;
1300 : 65535;
1301 : 65535;
1302 : 65535;
1303 : 65535;
1304 : 65535;
1305 : 65535;
1306 : 65535;
1307 : 65535;
1308 : 65535;
1309 : 65535;
1310 : 65535;
1311 : 65535;
1312 : 65535;
1313 : 65535;
1314 : 65535;
1315 : 65535;
1316 : 65535;
1317 : 65535;
1318 : 65535;
1319 : 65535;
1320 : 65535;
1321 : 65535;
1322 : 46584;
1323 : 23865;
1324 : 44799;
1325 : 30237;
1326 : 23669;
1327 : 42260;
1328 : 15216;
1329 : 17591;
1330 : 13201;
1331 : 13169;
1332 : 21588;
1333 : 34234;
1334 : 38494;
1335 : 38558;
1336 : 38558;
1337 : 38526;
1338 : 36477;
1339 : 32317;
1340 : 26076;
1341 : 26044;
1342 : 26109;
1343 : 17461;
1344 : 21686;
1345 : 40638;
1346 : 34365;
1347 : 30204;
1348 : 26044;
1349 : 23996;
1350 : 23996;
1351 : 26044;
1352 : 26044;
1353 : 26044;
1354 : 26044;
1355 : 26044;
1356 : 23963;
1357 : 23963;
1358 : 21883;
1359 : 17330;
1360 : 57050;
1361 : 65535;
1362 : 65535;
1363 : 65535;
1364 : 65535;
1365 : 65535;
1366 : 65535;
1367 : 65535;
1368 : 65535;
1369 : 65535;
1370 : 65535;
1371 : 65535;
1372 : 65535;
1373 : 65535;
1374 : 65535;
1375 : 65535;
1376 : 65535;
1377 : 65535;
1378 : 65535;
1379 : 65535;
1380 : 65535;
1381 : 65535;
1382 : 65535;
1383 : 65535;
1384 : 65535;
1385 : 65535;
1386 : 65535;
1387 : 65535;
1388 : 65535;
1389 : 65535;
1390 : 65535;
1391 : 65535;
1392 : 65535;
1393 : 65535;
1394 : 65535;
1395 : 65535;
1396 : 65535;
1397 : 65535;
1398 : 65535;
1399 : 65535;
1400 : 65535;
1401 : 65535;
1402 : 65535;
1403 : 65535;
1404 : 65535;
1405 : 65535;
1406 : 65535;
1407 : 65535;
1408 : 65535;
1409 : 65535;
1410 : 65535;
1411 : 65535;
1412 : 65535;
1413 : 65535;
1414 : 65535;
1415 : 65535;
1416 : 65535;
1417 : 65535;
1418 : 65535;
1419 : 65535;
1420 : 65535;
1421 : 65535;
1422 : 65535;
1423 : 65535;
1424 : 65535;
1425 : 65535;
1426 : 65535;
1427 : 65535;
1428 : 65535;
1429 : 65535;
1430 : 65535;
1431 : 65535;
1432 : 65535;
1433 : 65535;
1434 : 65535;
1435 : 65535;
1436 : 65535;
1437 : 65535;
1438 : 65535;
1439 : 65535;
1440 : 65535;
1441 : 65535;
1442 : 65535;
1443 : 65535;
1444 : 65535;
1445 : 65535;
1446 : 65535;
1447 : 65535;
1448 : 65535;
1449 : 65535;
1450 : 52825;
1451 : 19573;
1452 : 32317;
1453 : 28156;
1454 : 23963;
1455 : 19409;
1456 : 8615;
1457 : 10958;
1458 : 19606;
1459 : 30237;
1460 : 38558;
1461 : 38525;
1462 : 36413;
1463 : 36413;
1464 : 36445;
1465 : 36445;
1466 : 32317;
1467 : 30204;
1468 : 26044;
1469 : 26044;
1470 : 26044;
1471 : 13169;
1472 : 28091;
1473 : 28156;
1474 : 26044;
1475 : 23996;
1476 : 23996;
1477 : 26044;
1478 : 26044;
1479 : 23898;
1480 : 23963;
1481 : 26076;
1482 : 26044;
1483 : 26044;
1484 : 26044;
1485 : 23964;
1486 : 21817;
1487 : 15478;
1488 : 38165;
1489 : 65535;
1490 : 65535;
1491 : 65535;
1492 : 65535;
1493 : 65535;
1494 : 65535;
1495 : 65535;
1496 : 65535;
1497 : 65535;
1498 : 65535;
1499 : 65535;
1500 : 65535;
1501 : 65535;
1502 : 65535;
1503 : 65535;
1504 : 65535;
1505 : 65535;
1506 : 65535;
1507 : 65535;
1508 : 65535;
1509 : 65535;
1510 : 65535;
1511 : 65535;
1512 : 65535;
1513 : 65535;
1514 : 65535;
1515 : 65535;
1516 : 65535;
1517 : 65535;
1518 : 65535;
1519 : 65535;
1520 : 65535;
1521 : 65535;
1522 : 65535;
1523 : 65535;
1524 : 65535;
1525 : 65535;
1526 : 65535;
1527 : 65535;
1528 : 65535;
1529 : 65535;
1530 : 65535;
1531 : 65535;
1532 : 65535;
1533 : 65535;
1534 : 65535;
1535 : 65535;
1536 : 65535;
1537 : 65535;
1538 : 65535;
1539 : 65535;
1540 : 65535;
1541 : 65535;
1542 : 65535;
1543 : 65535;
1544 : 65535;
1545 : 65535;
1546 : 65535;
1547 : 65535;
1548 : 65535;
1549 : 65535;
1550 : 65535;
1551 : 65535;
1552 : 65535;
1553 : 65535;
1554 : 65535;
1555 : 65535;
1556 : 65535;
1557 : 65535;
1558 : 65535;
1559 : 65535;
1560 : 65535;
1561 : 65535;
1562 : 65535;
1563 : 65535;
1564 : 65535;
1565 : 65535;
1566 : 65535;
1567 : 65535;
1568 : 65535;
1569 : 65535;
1570 : 65535;
1571 : 65535;
1572 : 65535;
1573 : 65535;
1574 : 65535;
1575 : 65535;
1576 : 65535;
1577 : 65535;
1578 : 63389;
1579 : 21490;
1580 : 23996;
1581 : 26044;
1582 : 23930;
1583 : 19769;
1584 : 10990;
1585 : 17395;
1586 : 26076;
1587 : 34365;
1588 : 36445;
1589 : 36445;
1590 : 34365;
1591 : 32252;
1592 : 30172;
1593 : 28124;
1594 : 26076;
1595 : 26044;
1596 : 26044;
1597 : 26044;
1598 : 23931;
1599 : 15217;
1600 : 23963;
1601 : 23931;
1602 : 23963;
1603 : 23996;
1604 : 26076;
1605 : 21752;
1606 : 15282;
1607 : 13136;
1608 : 10892;
1609 : 15314;
1610 : 23963;
1611 : 26044;
1612 : 26044;
1613 : 23963;
1614 : 19736;
1615 : 17624;
1616 : 23635;
1617 : 65470;
1618 : 65535;
1619 : 65535;
1620 : 65535;
1621 : 65535;
1622 : 65535;
1623 : 65535;
1624 : 65535;
1625 : 65535;
1626 : 65535;
1627 : 65535;
1628 : 65535;
1629 : 65535;
1630 : 65535;
1631 : 65535;
1632 : 65535;
1633 : 65535;
1634 : 65535;
1635 : 65535;
1636 : 65535;
1637 : 65535;
1638 : 65535;
1639 : 65535;
1640 : 65535;
1641 : 65535;
1642 : 65535;
1643 : 65535;
1644 : 65535;
1645 : 65535;
1646 : 65535;
1647 : 65535;
1648 : 65535;
1649 : 65535;
1650 : 65535;
1651 : 65535;
1652 : 65535;
1653 : 65535;
1654 : 65535;
1655 : 65535;
1656 : 65535;
1657 : 65535;
1658 : 65535;
1659 : 65535;
1660 : 65535;
1661 : 65535;
1662 : 65535;
1663 : 65535;
1664 : 65535;
1665 : 65535;
1666 : 65535;
1667 : 65535;
1668 : 65535;
1669 : 65535;
1670 : 65535;
1671 : 65535;
1672 : 65535;
1673 : 65535;
1674 : 65535;
1675 : 65535;
1676 : 65535;
1677 : 65535;
1678 : 65535;
1679 : 65535;
1680 : 65535;
1681 : 65535;
1682 : 65535;
1683 : 65535;
1684 : 65535;
1685 : 65535;
1686 : 65535;
1687 : 65535;
1688 : 65535;
1689 : 65535;
1690 : 65535;
1691 : 65535;
1692 : 65535;
1693 : 65535;
1694 : 65535;
1695 : 65535;
1696 : 65535;
1697 : 65535;
1698 : 65535;
1699 : 65535;
1700 : 65535;
1701 : 65535;
1702 : 65535;
1703 : 65535;
1704 : 65535;
1705 : 65535;
1706 : 65535;
1707 : 29745;
1708 : 21818;
1709 : 26044;
1710 : 23963;
1711 : 21817;
1712 : 21850;
1713 : 17493;
1714 : 17525;
1715 : 28124;
1716 : 28156;
1717 : 28156;
1718 : 28124;
1719 : 26011;
1720 : 23931;
1721 : 23963;
1722 : 23996;
1723 : 26044;
1724 : 26044;
1725 : 26044;
1726 : 21817;
1727 : 15347;
1728 : 23996;
1729 : 23931;
1730 : 23931;
1731 : 26076;
1732 : 19573;
1733 : 13201;
1734 : 19639;
1735 : 23963;
1736 : 23931;
1737 : 17363;
1738 : 13103;
1739 : 23963;
1740 : 23931;
1741 : 21817;
1742 : 19671;
1743 : 17656;
1744 : 17362;
1745 : 59164;
1746 : 65535;
1747 : 65535;
1748 : 65535;
1749 : 65535;
1750 : 65535;
1751 : 65535;
1752 : 65535;
1753 : 65535;
1754 : 65535;
1755 : 65535;
1756 : 65535;
1757 : 65535;
1758 : 65535;
1759 : 65535;
1760 : 65535;
1761 : 65535;
1762 : 65535;
1763 : 65535;
1764 : 65535;
1765 : 65535;
1766 : 65535;
1767 : 65535;
1768 : 65535;
1769 : 65535;
1770 : 65535;
1771 : 65535;
1772 : 65535;
1773 : 65535;
1774 : 65535;
1775 : 65535;
1776 : 65535;
1777 : 65535;
1778 : 65535;
1779 : 65535;
1780 : 65535;
1781 : 65535;
1782 : 65535;
1783 : 65535;
1784 : 65535;
1785 : 65535;
1786 : 65535;
1787 : 65535;
1788 : 65535;
1789 : 65535;
1790 : 65535;
1791 : 65535;
1792 : 65535;
1793 : 65535;
1794 : 65535;
1795 : 65535;
1796 : 65535;
1797 : 65535;
1798 : 65535;
1799 : 65535;
1800 : 65535;
1801 : 65535;
1802 : 65535;
1803 : 65535;
1804 : 65535;
1805 : 65535;
1806 : 65535;
1807 : 65535;
1808 : 65535;
1809 : 65535;
1810 : 65535;
1811 : 65535;
1812 : 65535;
1813 : 65535;
1814 : 65535;
1815 : 65535;
1816 : 65535;
1817 : 65535;
1818 : 65535;
1819 : 65535;
1820 : 65535;
1821 : 65535;
1822 : 65535;
1823 : 65535;
1824 : 65535;
1825 : 65535;
1826 : 65535;
1827 : 65535;
1828 : 65535;
1829 : 65535;
1830 : 65535;
1831 : 65535;
1832 : 65535;
1833 : 65535;
1834 : 65535;
1835 : 46550;
1836 : 17493;
1837 : 26076;
1838 : 26044;
1839 : 23930;
1840 : 21817;
1841 : 21850;
1842 : 21817;
1843 : 21850;
1844 : 23963;
1845 : 26044;
1846 : 26044;
1847 : 26044;
1848 : 23964;
1849 : 23964;
1850 : 26044;
1851 : 26044;
1852 : 26044;
1853 : 26044;
1854 : 23898;
1855 : 17395;
1856 : 26076;
1857 : 23963;
1858 : 23932;
1859 : 19672;
1860 : 13168;
1861 : 17623;
1862 : 17591;
1863 : 19671;
1864 : 19704;
1865 : 21883;
1866 : 15315;
1867 : 15412;
1868 : 19737;
1869 : 19671;
1870 : 19671;
1871 : 19704;
1872 : 15281;
1873 : 57051;
1874 : 65535;
1875 : 65535;
1876 : 65535;
1877 : 65535;
1878 : 65535;
1879 : 65535;
1880 : 65535;
1881 : 65535;
1882 : 65535;
1883 : 65535;
1884 : 65535;
1885 : 65535;
1886 : 65535;
1887 : 65535;
1888 : 65535;
1889 : 65535;
1890 : 65535;
1891 : 65535;
1892 : 65535;
1893 : 65535;
1894 : 65535;
1895 : 65535;
1896 : 65535;
1897 : 65535;
1898 : 65535;
1899 : 65535;
1900 : 65535;
1901 : 65535;
1902 : 65535;
1903 : 65535;
1904 : 65535;
1905 : 65535;
1906 : 65535;
1907 : 65535;
1908 : 65535;
1909 : 65535;
1910 : 65535;
1911 : 65535;
1912 : 65535;
1913 : 65535;
1914 : 65535;
1915 : 65535;
1916 : 65535;
1917 : 65535;
1918 : 65535;
1919 : 65535;
1920 : 65535;
1921 : 65535;
1922 : 65535;
1923 : 65535;
1924 : 65535;
1925 : 65535;
1926 : 65535;
1927 : 65535;
1928 : 65535;
1929 : 65535;
1930 : 65535;
1931 : 65535;
1932 : 65535;
1933 : 65535;
1934 : 65535;
1935 : 65535;
1936 : 65535;
1937 : 65535;
1938 : 65535;
1939 : 65535;
1940 : 65535;
1941 : 65535;
1942 : 65535;
1943 : 65535;
1944 : 65535;
1945 : 65535;
1946 : 65535;
1947 : 65535;
1948 : 65535;
1949 : 65535;
1950 : 65535;
1951 : 65535;
1952 : 65535;
1953 : 65535;
1954 : 65535;
1955 : 65535;
1956 : 65535;
1957 : 65535;
1958 : 65535;
1959 : 65535;
1960 : 65535;
1961 : 65535;
1962 : 65535;
1963 : 63357;
1964 : 23636;
1965 : 23996;
1966 : 26044;
1967 : 23963;
1968 : 21850;
1969 : 21817;
1970 : 21817;
1971 : 21817;
1972 : 23931;
1973 : 26044;
1974 : 26044;
1975 : 26044;
1976 : 26044;
1977 : 26044;
1978 : 26044;
1979 : 26044;
1980 : 26044;
1981 : 26044;
1982 : 23963;
1983 : 17460;
1984 : 26044;
1985 : 23996;
1986 : 23996;
1987 : 13136;
1988 : 15445;
1989 : 17591;
1990 : 17591;
1991 : 17591;
1992 : 17591;
1993 : 17623;
1994 : 15347;
1995 : 13234;
1996 : 19704;
1997 : 19671;
1998 : 19672;
1999 : 19704;
2000 : 15216;
2001 : 59164;
2002 : 65535;
2003 : 65535;
2004 : 65535;
2005 : 65535;
2006 : 65535;
2007 : 65535;
2008 : 65535;
2009 : 65535;
2010 : 65535;
2011 : 65535;
2012 : 65535;
2013 : 65535;
2014 : 65535;
2015 : 65535;
2016 : 65535;
2017 : 65535;
2018 : 65535;
2019 : 65535;
2020 : 65535;
2021 : 65535;
2022 : 65535;
2023 : 65535;
2024 : 65535;
2025 : 65535;
2026 : 65535;
2027 : 65535;
2028 : 65535;
2029 : 65535;
2030 : 65535;
2031 : 65535;
2032 : 65535;
2033 : 65535;
2034 : 65535;
2035 : 65535;
2036 : 65535;
2037 : 65535;
2038 : 65535;
2039 : 65535;
2040 : 65535;
2041 : 65535;
2042 : 65535;
2043 : 65535;
2044 : 65535;
2045 : 65535;
2046 : 65535;
2047 : 65535;
2048 : 65535;
2049 : 65535;
2050 : 65535;
2051 : 65535;
2052 : 65535;
2053 : 65535;
2054 : 65535;
2055 : 65535;
2056 : 65535;
2057 : 65535;
2058 : 65535;
2059 : 65535;
2060 : 65535;
2061 : 65535;
2062 : 65535;
2063 : 65535;
2064 : 65535;
2065 : 65535;
2066 : 65535;
2067 : 65535;
2068 : 65535;
2069 : 65535;
2070 : 65535;
2071 : 65535;
2072 : 65535;
2073 : 65535;
2074 : 65535;
2075 : 65535;
2076 : 65535;
2077 : 65535;
2078 : 65535;
2079 : 65535;
2080 : 65535;
2081 : 65535;
2082 : 65535;
2083 : 65535;
2084 : 65535;
2085 : 65535;
2086 : 65535;
2087 : 65535;
2088 : 65535;
2089 : 65535;
2090 : 65535;
2091 : 61276;
2092 : 19312;
2093 : 23996;
2094 : 26044;
2095 : 26044;
2096 : 23963;
2097 : 23931;
2098 : 21850;
2099 : 23930;
2100 : 23963;
2101 : 23964;
2102 : 23963;
2103 : 26044;
2104 : 26044;
2105 : 26044;
2106 : 26044;
2107 : 26044;
2108 : 26044;
2109 : 26044;
2110 : 26044;
2111 : 17428;
2112 : 23931;
2113 : 26044;
2114 : 23963;
2115 : 13136;
2116 : 17559;
2117 : 17559;
2118 : 17591;
2119 : 17591;
2120 : 17591;
2121 : 17623;
2122 : 13201;
2123 : 17493;
2124 : 19704;
2125 : 19672;
2126 : 19672;
2127 : 17623;
2128 : 23504;
2129 : 65503;
2130 : 65535;
2131 : 65535;
2132 : 65535;
2133 : 65535;
2134 : 65535;
2135 : 65535;
2136 : 65535;
2137 : 65535;
2138 : 65535;
2139 : 65535;
2140 : 65535;
2141 : 65535;
2142 : 65535;
2143 : 65535;
2144 : 65535;
2145 : 65535;
2146 : 65535;
2147 : 65535;
2148 : 65535;
2149 : 65535;
2150 : 65535;
2151 : 65535;
2152 : 65535;
2153 : 65535;
2154 : 65535;
2155 : 65535;
2156 : 65535;
2157 : 65535;
2158 : 65535;
2159 : 65535;
2160 : 65535;
2161 : 65535;
2162 : 65535;
2163 : 65535;
2164 : 65535;
2165 : 65535;
2166 : 65535;
2167 : 65535;
2168 : 65535;
2169 : 65535;
2170 : 65535;
2171 : 65535;
2172 : 65535;
2173 : 65535;
2174 : 65535;
2175 : 65535;
2176 : 65535;
2177 : 65535;
2178 : 65535;
2179 : 65535;
2180 : 65535;
2181 : 65535;
2182 : 65535;
2183 : 65535;
2184 : 65535;
2185 : 65535;
2186 : 65535;
2187 : 65535;
2188 : 65535;
2189 : 65535;
2190 : 65535;
2191 : 65535;
2192 : 65535;
2193 : 65535;
2194 : 65535;
2195 : 65535;
2196 : 65535;
2197 : 65535;
2198 : 65535;
2199 : 65535;
2200 : 65535;
2201 : 65535;
2202 : 65535;
2203 : 65535;
2204 : 65535;
2205 : 65535;
2206 : 65535;
2207 : 65535;
2208 : 65535;
2209 : 65535;
2210 : 65535;
2211 : 65535;
2212 : 65535;
2213 : 65535;
2214 : 65535;
2215 : 65535;
2216 : 65535;
2217 : 65535;
2218 : 65535;
2219 : 38165;
2220 : 13169;
2221 : 23963;
2222 : 23964;
2223 : 23964;
2224 : 26044;
2225 : 26044;
2226 : 26044;
2227 : 23964;
2228 : 23964;
2229 : 23963;
2230 : 23963;
2231 : 23964;
2232 : 26044;
2233 : 26044;
2234 : 26044;
2235 : 26044;
2236 : 26044;
2237 : 26044;
2238 : 26044;
2239 : 23931;
2240 : 23963;
2241 : 26044;
2242 : 23963;
2243 : 10990;
2244 : 17559;
2245 : 17526;
2246 : 17526;
2247 : 17558;
2248 : 17591;
2249 : 17591;
2250 : 17558;
2251 : 19671;
2252 : 19672;
2253 : 19672;
2254 : 19704;
2255 : 15412;
2256 : 40212;
2257 : 65535;
2258 : 65535;
2259 : 65535;
2260 : 65535;
2261 : 65535;
2262 : 65535;
2263 : 65535;
2264 : 65535;
2265 : 65535;
2266 : 65535;
2267 : 65535;
2268 : 65535;
2269 : 65535;
2270 : 65535;
2271 : 65535;
2272 : 65535;
2273 : 65535;
2274 : 65535;
2275 : 65535;
2276 : 65535;
2277 : 65535;
2278 : 65535;
2279 : 65535;
2280 : 65535;
2281 : 65535;
2282 : 65535;
2283 : 65535;
2284 : 65535;
2285 : 65535;
2286 : 65535;
2287 : 65535;
2288 : 65535;
2289 : 65535;
2290 : 65535;
2291 : 65535;
2292 : 65535;
2293 : 65535;
2294 : 65535;
2295 : 65535;
2296 : 65535;
2297 : 65535;
2298 : 65535;
2299 : 65535;
2300 : 65535;
2301 : 65535;
2302 : 65535;
2303 : 65535;
2304 : 65535;
2305 : 65535;
2306 : 65535;
2307 : 65535;
2308 : 65535;
2309 : 65535;
2310 : 65535;
2311 : 65535;
2312 : 65535;
2313 : 65535;
2314 : 65535;
2315 : 65535;
2316 : 65535;
2317 : 65535;
2318 : 65535;
2319 : 65535;
2320 : 65535;
2321 : 65535;
2322 : 65535;
2323 : 65535;
2324 : 65535;
2325 : 65535;
2326 : 65535;
2327 : 65535;
2328 : 65535;
2329 : 65535;
2330 : 65535;
2331 : 65535;
2332 : 65535;
2333 : 65535;
2334 : 65535;
2335 : 65535;
2336 : 65535;
2337 : 65535;
2338 : 65535;
2339 : 65535;
2340 : 65535;
2341 : 65535;
2342 : 65535;
2343 : 65535;
2344 : 65535;
2345 : 65535;
2346 : 48696;
2347 : 21752;
2348 : 21785;
2349 : 23931;
2350 : 23964;
2351 : 23931;
2352 : 23931;
2353 : 23931;
2354 : 23963;
2355 : 23963;
2356 : 23963;
2357 : 23963;
2358 : 23963;
2359 : 26044;
2360 : 26044;
2361 : 26044;
2362 : 26044;
2363 : 26044;
2364 : 26044;
2365 : 26044;
2366 : 26044;
2367 : 26044;
2368 : 26044;
2369 : 26044;
2370 : 26076;
2371 : 13071;
2372 : 17493;
2373 : 17591;
2374 : 17559;
2375 : 17526;
2376 : 17559;
2377 : 17591;
2378 : 17623;
2379 : 17623;
2380 : 19672;
2381 : 19672;
2382 : 17624;
2383 : 21522;
2384 : 61277;
2385 : 65535;
2386 : 65535;
2387 : 65535;
2388 : 65535;
2389 : 65535;
2390 : 65535;
2391 : 65535;
2392 : 65535;
2393 : 65535;
2394 : 65535;
2395 : 65535;
2396 : 65535;
2397 : 65535;
2398 : 65535;
2399 : 65535;
2400 : 65535;
2401 : 65535;
2402 : 65535;
2403 : 65535;
2404 : 65535;
2405 : 65535;
2406 : 65535;
2407 : 65535;
2408 : 65535;
2409 : 65535;
2410 : 65535;
2411 : 65535;
2412 : 65535;
2413 : 65535;
2414 : 65535;
2415 : 65535;
2416 : 65535;
2417 : 65535;
2418 : 65535;
2419 : 65535;
2420 : 65535;
2421 : 65535;
2422 : 65535;
2423 : 65535;
2424 : 65535;
2425 : 65535;
2426 : 65535;
2427 : 65535;
2428 : 65535;
2429 : 65535;
2430 : 65535;
2431 : 65535;
2432 : 65535;
2433 : 65535;
2434 : 65535;
2435 : 65535;
2436 : 65535;
2437 : 65535;
2438 : 65535;
2439 : 65535;
2440 : 65535;
2441 : 65535;
2442 : 65535;
2443 : 65535;
2444 : 65535;
2445 : 65535;
2446 : 65535;
2447 : 65535;
2448 : 65535;
2449 : 65535;
2450 : 65535;
2451 : 65535;
2452 : 65535;
2453 : 65535;
2454 : 65535;
2455 : 65535;
2456 : 65535;
2457 : 65535;
2458 : 65535;
2459 : 65535;
2460 : 65535;
2461 : 65535;
2462 : 65535;
2463 : 65535;
2464 : 65535;
2465 : 65535;
2466 : 65535;
2467 : 65535;
2468 : 65535;
2469 : 65535;
2470 : 65535;
2471 : 65535;
2472 : 65535;
2473 : 59164;
2474 : 25749;
2475 : 30236;
2476 : 28124;
2477 : 23964;
2478 : 23931;
2479 : 23931;
2480 : 23931;
2481 : 23931;
2482 : 23931;
2483 : 23931;
2484 : 23931;
2485 : 23963;
2486 : 26044;
2487 : 21817;
2488 : 23963;
2489 : 26044;
2490 : 26044;
2491 : 26044;
2492 : 26044;
2493 : 26044;
2494 : 26044;
2495 : 26044;
2496 : 26044;
2497 : 26044;
2498 : 26076;
2499 : 17492;
2500 : 13103;
2501 : 19704;
2502 : 17591;
2503 : 17559;
2504 : 17559;
2505 : 17591;
2506 : 19671;
2507 : 19671;
2508 : 19671;
2509 : 17656;
2510 : 15315;
2511 : 50777;
2512 : 65535;
2513 : 65535;
2514 : 65535;
2515 : 65535;
2516 : 65535;
2517 : 65535;
2518 : 65535;
2519 : 65535;
2520 : 65535;
2521 : 65535;
2522 : 65535;
2523 : 65535;
2524 : 65535;
2525 : 65535;
2526 : 65535;
2527 : 65535;
2528 : 65535;
2529 : 65535;
2530 : 65535;
2531 : 65535;
2532 : 65535;
2533 : 65535;
2534 : 65535;
2535 : 65535;
2536 : 65535;
2537 : 65535;
2538 : 65535;
2539 : 65535;
2540 : 65535;
2541 : 65535;
2542 : 65535;
2543 : 65535;
2544 : 65535;
2545 : 65535;
2546 : 65535;
2547 : 65535;
2548 : 65535;
2549 : 65535;
2550 : 65535;
2551 : 65535;
2552 : 65535;
2553 : 65535;
2554 : 65535;
2555 : 65535;
2556 : 65535;
2557 : 65535;
2558 : 65535;
2559 : 65535;
2560 : 65535;
2561 : 65535;
2562 : 65535;
2563 : 65535;
2564 : 65535;
2565 : 65535;
2566 : 65535;
2567 : 65535;
2568 : 65535;
2569 : 65535;
2570 : 65535;
2571 : 65535;
2572 : 65535;
2573 : 65535;
2574 : 65535;
2575 : 65535;
2576 : 65535;
2577 : 65535;
2578 : 65535;
2579 : 65535;
2580 : 65535;
2581 : 65535;
2582 : 65535;
2583 : 65535;
2584 : 65535;
2585 : 65535;
2586 : 65535;
2587 : 65535;
2588 : 65535;
2589 : 65535;
2590 : 65535;
2591 : 65535;
2592 : 65535;
2593 : 65535;
2594 : 65535;
2595 : 65535;
2596 : 65535;
2597 : 65535;
2598 : 65535;
2599 : 65535;
2600 : 65470;
2601 : 31859;
2602 : 32284;
2603 : 32317;
2604 : 26044;
2605 : 23996;
2606 : 23931;
2607 : 23931;
2608 : 23931;
2609 : 23931;
2610 : 23931;
2611 : 23931;
2612 : 23963;
2613 : 23931;
2614 : 17428;
2615 : 19574;
2616 : 23963;
2617 : 26044;
2618 : 26044;
2619 : 26044;
2620 : 26044;
2621 : 26044;
2622 : 26044;
2623 : 26044;
2624 : 26044;
2625 : 26044;
2626 : 26044;
2627 : 23963;
2628 : 10990;
2629 : 15347;
2630 : 19671;
2631 : 17591;
2632 : 17591;
2633 : 17591;
2634 : 17591;
2635 : 19672;
2636 : 17591;
2637 : 15249;
2638 : 46519;
2639 : 65535;
2640 : 65535;
2641 : 65535;
2642 : 65535;
2643 : 65535;
2644 : 65535;
2645 : 65535;
2646 : 65535;
2647 : 65535;
2648 : 65535;
2649 : 65535;
2650 : 65535;
2651 : 65535;
2652 : 65535;
2653 : 65535;
2654 : 65535;
2655 : 65535;
2656 : 65535;
2657 : 65535;
2658 : 65535;
2659 : 65535;
2660 : 65535;
2661 : 65535;
2662 : 65535;
2663 : 65535;
2664 : 65535;
2665 : 65535;
2666 : 65535;
2667 : 65535;
2668 : 65535;
2669 : 65535;
2670 : 65535;
2671 : 65535;
2672 : 65535;
2673 : 65535;
2674 : 65535;
2675 : 65535;
2676 : 65535;
2677 : 65535;
2678 : 65535;
2679 : 65535;
2680 : 65535;
2681 : 65535;
2682 : 65535;
2683 : 65535;
2684 : 65535;
2685 : 65535;
2686 : 65535;
2687 : 65535;
2688 : 65535;
2689 : 65535;
2690 : 65535;
2691 : 65535;
2692 : 65535;
2693 : 65535;
2694 : 65535;
2695 : 65535;
2696 : 65535;
2697 : 65535;
2698 : 65535;
2699 : 65535;
2700 : 65535;
2701 : 65535;
2702 : 65535;
2703 : 65535;
2704 : 65535;
2705 : 65535;
2706 : 65535;
2707 : 65535;
2708 : 65535;
2709 : 65535;
2710 : 65535;
2711 : 65535;
2712 : 65535;
2713 : 65535;
2714 : 65535;
2715 : 65535;
2716 : 65535;
2717 : 65535;
2718 : 65535;
2719 : 65535;
2720 : 65535;
2721 : 65535;
2722 : 65535;
2723 : 65535;
2724 : 65535;
2725 : 65535;
2726 : 65535;
2727 : 65535;
2728 : 48599;
2729 : 34168;
2730 : 38558;
2731 : 26076;
2732 : 23996;
2733 : 26044;
2734 : 23963;
2735 : 23931;
2736 : 23931;
2737 : 23931;
2738 : 23931;
2739 : 23931;
2740 : 21851;
2741 : 17428;
2742 : 28025;
2743 : 30237;
2744 : 26044;
2745 : 26076;
2746 : 26076;
2747 : 23963;
2748 : 23996;
2749 : 23963;
2750 : 23931;
2751 : 23963;
2752 : 26044;
2753 : 26043;
2754 : 23963;
2755 : 21817;
2756 : 17590;
2757 : 11023;
2758 : 13201;
2759 : 17558;
2760 : 17591;
2761 : 17624;
2762 : 15510;
2763 : 15412;
2764 : 21457;
2765 : 50712;
2766 : 65535;
2767 : 65535;
2768 : 65535;
2769 : 65535;
2770 : 65535;
2771 : 65535;
2772 : 65535;
2773 : 65535;
2774 : 65535;
2775 : 65535;
2776 : 65535;
2777 : 65535;
2778 : 65535;
2779 : 65535;
2780 : 65535;
2781 : 65535;
2782 : 65535;
2783 : 65535;
2784 : 65535;
2785 : 65535;
2786 : 65535;
2787 : 65535;
2788 : 65535;
2789 : 65535;
2790 : 65535;
2791 : 65535;
2792 : 65535;
2793 : 65535;
2794 : 65535;
2795 : 65535;
2796 : 65535;
2797 : 65535;
2798 : 65535;
2799 : 65535;
2800 : 65535;
2801 : 65535;
2802 : 65535;
2803 : 65535;
2804 : 65535;
2805 : 65535;
2806 : 65535;
2807 : 65535;
2808 : 65535;
2809 : 65535;
2810 : 65535;
2811 : 65535;
2812 : 65535;
2813 : 65535;
2814 : 65535;
2815 : 65535;
2816 : 65535;
2817 : 65535;
2818 : 65535;
2819 : 65535;
2820 : 65535;
2821 : 65535;
2822 : 65535;
2823 : 65535;
2824 : 65535;
2825 : 65535;
2826 : 65535;
2827 : 65535;
2828 : 65535;
2829 : 65535;
2830 : 65535;
2831 : 65535;
2832 : 65535;
2833 : 65535;
2834 : 65535;
2835 : 65535;
2836 : 65535;
2837 : 65535;
2838 : 65535;
2839 : 65535;
2840 : 65535;
2841 : 65535;
2842 : 65535;
2843 : 65535;
2844 : 65535;
2845 : 65535;
2846 : 65535;
2847 : 65535;
2848 : 65535;
2849 : 65535;
2850 : 65535;
2851 : 65535;
2852 : 65535;
2853 : 65535;
2854 : 65535;
2855 : 63390;
2856 : 33972;
2857 : 40638;
2858 : 30236;
2859 : 23964;
2860 : 26044;
2861 : 26044;
2862 : 26044;
2863 : 23963;
2864 : 23931;
2865 : 23931;
2866 : 23931;
2867 : 23932;
2868 : 19508;
2869 : 38395;
2870 : 42718;
2871 : 32317;
2872 : 23931;
2873 : 19606;
2874 : 15249;
2875 : 27763;
2876 : 17101;
2877 : 8812;
2878 : 17526;
2879 : 17592;
2880 : 19704;
2881 : 19704;
2882 : 19671;
2883 : 17591;
2884 : 17591;
2885 : 17623;
2886 : 15347;
2887 : 13201;
2888 : 13136;
2889 : 10892;
2890 : 31891;
2891 : 44438;
2892 : 63357;
2893 : 65535;
2894 : 65535;
2895 : 65535;
2896 : 65535;
2897 : 65535;
2898 : 65535;
2899 : 65535;
2900 : 65535;
2901 : 65535;
2902 : 65535;
2903 : 65535;
2904 : 65535;
2905 : 65535;
2906 : 65535;
2907 : 65535;
2908 : 65535;
2909 : 65535;
2910 : 65535;
2911 : 65535;
2912 : 65535;
2913 : 65535;
2914 : 65535;
2915 : 65535;
2916 : 65535;
2917 : 65535;
2918 : 65535;
2919 : 65535;
2920 : 65535;
2921 : 65535;
2922 : 65535;
2923 : 65535;
2924 : 65535;
2925 : 65535;
2926 : 65535;
2927 : 65535;
2928 : 65535;
2929 : 65535;
2930 : 65535;
2931 : 65535;
2932 : 65535;
2933 : 65535;
2934 : 65535;
2935 : 65535;
2936 : 65535;
2937 : 65535;
2938 : 65535;
2939 : 65535;
2940 : 65535;
2941 : 65535;
2942 : 65535;
2943 : 65535;
2944 : 65535;
2945 : 65535;
2946 : 65535;
2947 : 65535;
2948 : 65535;
2949 : 65535;
2950 : 65535;
2951 : 65535;
2952 : 65535;
2953 : 65535;
2954 : 65535;
2955 : 65535;
2956 : 65535;
2957 : 65535;
2958 : 65535;
2959 : 65535;
2960 : 65535;
2961 : 65535;
2962 : 65535;
2963 : 65535;
2964 : 65535;
2965 : 65535;
2966 : 65535;
2967 : 65535;
2968 : 65535;
2969 : 65535;
2970 : 65535;
2971 : 65535;
2972 : 65535;
2973 : 65535;
2974 : 65535;
2975 : 65535;
2976 : 65535;
2977 : 65535;
2978 : 65535;
2979 : 65535;
2980 : 65535;
2981 : 65535;
2982 : 65535;
2983 : 48664;
2984 : 36313;
2985 : 36478;
2986 : 26044;
2987 : 23996;
2988 : 26044;
2989 : 26044;
2990 : 26044;
2991 : 26044;
2992 : 23964;
2993 : 23964;
2994 : 23964;
2995 : 19672;
2996 : 29910;
2997 : 40606;
2998 : 28091;
2999 : 19508;
3000 : 14987;
3001 : 32;
3002 : 21064;
3003 : 65535;
3004 : 27371;
3005 : 4520;
3006 : 17624;
3007 : 17558;
3008 : 17526;
3009 : 17558;
3010 : 17591;
3011 : 17591;
3012 : 17591;
3013 : 17591;
3014 : 17623;
3015 : 17623;
3016 : 15478;
3017 : 21326;
3018 : 65535;
3019 : 65535;
3020 : 65535;
3021 : 65535;
3022 : 65535;
3023 : 65535;
3024 : 65535;
3025 : 65535;
3026 : 65535;
3027 : 65535;
3028 : 65535;
3029 : 65535;
3030 : 65535;
3031 : 65535;
3032 : 65535;
3033 : 65535;
3034 : 65535;
3035 : 65535;
3036 : 65535;
3037 : 65535;
3038 : 65535;
3039 : 65535;
3040 : 65535;
3041 : 65535;
3042 : 65535;
3043 : 65535;
3044 : 65535;
3045 : 65535;
3046 : 65535;
3047 : 65535;
3048 : 65535;
3049 : 65535;
3050 : 65535;
3051 : 65535;
3052 : 65535;
3053 : 65535;
3054 : 65535;
3055 : 65535;
3056 : 65535;
3057 : 65535;
3058 : 65535;
3059 : 65535;
3060 : 65535;
3061 : 65535;
3062 : 65535;
3063 : 65535;
3064 : 65535;
3065 : 65535;
3066 : 65535;
3067 : 65535;
3068 : 65535;
3069 : 65535;
3070 : 65535;
3071 : 65535;
3072 : 65535;
3073 : 65535;
3074 : 65535;
3075 : 65535;
3076 : 65535;
3077 : 65535;
3078 : 65535;
3079 : 65535;
3080 : 65535;
3081 : 65535;
3082 : 65535;
3083 : 65535;
3084 : 65535;
3085 : 65535;
3086 : 65535;
3087 : 65535;
3088 : 65535;
3089 : 65535;
3090 : 65535;
3091 : 65535;
3092 : 65535;
3093 : 65535;
3094 : 65535;
3095 : 65535;
3096 : 65535;
3097 : 65535;
3098 : 65535;
3099 : 65535;
3100 : 65535;
3101 : 65535;
3102 : 65535;
3103 : 65535;
3104 : 65535;
3105 : 65535;
3106 : 65535;
3107 : 65535;
3108 : 65535;
3109 : 65535;
3110 : 65503;
3111 : 31858;
3112 : 40606;
3113 : 30236;
3114 : 23964;
3115 : 26044;
3116 : 26044;
3117 : 26044;
3118 : 26044;
3119 : 26044;
3120 : 26044;
3121 : 26044;
3122 : 23996;
3123 : 19541;
3124 : 30107;
3125 : 21720;
3126 : 25618;
3127 : 52793;
3128 : 27436;
3129 : 0;
3130 : 18984;
3131 : 63390;
3132 : 16838;
3133 : 8779;
3134 : 19672;
3135 : 17591;
3136 : 17591;
3137 : 17591;
3138 : 17591;
3139 : 17591;
3140 : 17591;
3141 : 17591;
3142 : 17591;
3143 : 17591;
3144 : 15510;
3145 : 29811;
3146 : 65535;
3147 : 65535;
3148 : 65535;
3149 : 65535;
3150 : 65535;
3151 : 65535;
3152 : 65535;
3153 : 65535;
3154 : 65535;
3155 : 65535;
3156 : 65535;
3157 : 65535;
3158 : 65535;
3159 : 65535;
3160 : 65535;
3161 : 65535;
3162 : 65535;
3163 : 65535;
3164 : 65535;
3165 : 65535;
3166 : 65535;
3167 : 65535;
3168 : 65535;
3169 : 65535;
3170 : 65535;
3171 : 65535;
3172 : 65535;
3173 : 65535;
3174 : 65535;
3175 : 65535;
3176 : 65535;
3177 : 65535;
3178 : 65535;
3179 : 65535;
3180 : 65535;
3181 : 65535;
3182 : 65535;
3183 : 65535;
3184 : 65535;
3185 : 65535;
3186 : 65535;
3187 : 65535;
3188 : 65535;
3189 : 65535;
3190 : 65535;
3191 : 65535;
3192 : 65535;
3193 : 65535;
3194 : 65535;
3195 : 65535;
3196 : 65535;
3197 : 65535;
3198 : 65535;
3199 : 65535;
3200 : 65535;
3201 : 65535;
3202 : 65535;
3203 : 65535;
3204 : 65535;
3205 : 65535;
3206 : 65535;
3207 : 65535;
3208 : 65535;
3209 : 65535;
3210 : 65535;
3211 : 65535;
3212 : 65535;
3213 : 65535;
3214 : 65535;
3215 : 65535;
3216 : 65535;
3217 : 65535;
3218 : 65535;
3219 : 65535;
3220 : 65535;
3221 : 65535;
3222 : 65535;
3223 : 65535;
3224 : 65535;
3225 : 65535;
3226 : 65535;
3227 : 65535;
3228 : 65535;
3229 : 65535;
3230 : 65535;
3231 : 65535;
3232 : 65535;
3233 : 65535;
3234 : 65535;
3235 : 65535;
3236 : 65535;
3237 : 65535;
3238 : 57050;
3239 : 29877;
3240 : 40606;
3241 : 26044;
3242 : 23996;
3243 : 26044;
3244 : 26044;
3245 : 26044;
3246 : 26044;
3247 : 26044;
3248 : 26044;
3249 : 26044;
3250 : 26044;
3251 : 23963;
3252 : 21719;
3253 : 33939;
3254 : 61277;
3255 : 63423;
3256 : 21097;
3257 : 20998;
3258 : 12612;
3259 : 12677;
3260 : 12611;
3261 : 15249;
3262 : 17623;
3263 : 17591;
3264 : 17591;
3265 : 17591;
3266 : 17591;
3267 : 17591;
3268 : 17591;
3269 : 17591;
3270 : 17591;
3271 : 17591;
3272 : 15510;
3273 : 27665;
3274 : 65535;
3275 : 65535;
3276 : 65535;
3277 : 65535;
3278 : 65535;
3279 : 65535;
3280 : 65535;
3281 : 65535;
3282 : 65535;
3283 : 65535;
3284 : 65535;
3285 : 65535;
3286 : 65535;
3287 : 65535;
3288 : 65535;
3289 : 65535;
3290 : 65535;
3291 : 65535;
3292 : 65535;
3293 : 65535;
3294 : 65535;
3295 : 65535;
3296 : 65535;
3297 : 65535;
3298 : 65535;
3299 : 65535;
3300 : 65535;
3301 : 65535;
3302 : 65535;
3303 : 65535;
3304 : 65535;
3305 : 65535;
3306 : 65535;
3307 : 65535;
3308 : 65535;
3309 : 65535;
3310 : 65535;
3311 : 65535;
3312 : 65535;
3313 : 65535;
3314 : 65535;
3315 : 65535;
3316 : 65535;
3317 : 65535;
3318 : 65535;
3319 : 65535;
3320 : 65535;
3321 : 65535;
3322 : 65535;
3323 : 65535;
3324 : 65535;
3325 : 65535;
3326 : 65535;
3327 : 65535;
3328 : 65535;
3329 : 65535;
3330 : 65535;
3331 : 65535;
3332 : 65535;
3333 : 65535;
3334 : 65535;
3335 : 65535;
3336 : 65535;
3337 : 65535;
3338 : 65535;
3339 : 65535;
3340 : 65535;
3341 : 65535;
3342 : 65535;
3343 : 65535;
3344 : 65535;
3345 : 65535;
3346 : 65535;
3347 : 65535;
3348 : 65535;
3349 : 65535;
3350 : 65535;
3351 : 65535;
3352 : 65535;
3353 : 65535;
3354 : 65535;
3355 : 65535;
3356 : 65535;
3357 : 65535;
3358 : 65535;
3359 : 65535;
3360 : 65535;
3361 : 65535;
3362 : 65535;
3363 : 65535;
3364 : 65535;
3365 : 65535;
3366 : 48664;
3367 : 34201;
3368 : 34365;
3369 : 23931;
3370 : 23963;
3371 : 26044;
3372 : 26044;
3373 : 26044;
3374 : 26044;
3375 : 26044;
3376 : 26044;
3377 : 26044;
3378 : 26044;
3379 : 23963;
3380 : 19475;
3381 : 50778;
3382 : 59197;
3383 : 65503;
3384 : 31596;
3385 : 35722;
3386 : 29449;
3387 : 23111;
3388 : 23176;
3389 : 15413;
3390 : 17623;
3391 : 17591;
3392 : 17591;
3393 : 17591;
3394 : 17591;
3395 : 17591;
3396 : 17591;
3397 : 17591;
3398 : 17591;
3399 : 17591;
3400 : 15477;
3401 : 31858;
3402 : 65535;
3403 : 65535;
3404 : 65535;
3405 : 65535;
3406 : 65535;
3407 : 65535;
3408 : 65535;
3409 : 65535;
3410 : 65535;
3411 : 65535;
3412 : 65535;
3413 : 65535;
3414 : 65535;
3415 : 65535;
3416 : 65535;
3417 : 65535;
3418 : 65535;
3419 : 65535;
3420 : 65535;
3421 : 65535;
3422 : 65535;
3423 : 65535;
3424 : 65535;
3425 : 65535;
3426 : 65535;
3427 : 65535;
3428 : 65535;
3429 : 65535;
3430 : 65535;
3431 : 65535;
3432 : 65535;
3433 : 65535;
3434 : 65535;
3435 : 65535;
3436 : 65535;
3437 : 65535;
3438 : 65535;
3439 : 65535;
3440 : 65535;
3441 : 65535;
3442 : 65535;
3443 : 65535;
3444 : 65535;
3445 : 65535;
3446 : 65535;
3447 : 65535;
3448 : 65535;
3449 : 65535;
3450 : 65535;
3451 : 65535;
3452 : 65535;
3453 : 65535;
3454 : 65535;
3455 : 65535;
3456 : 65535;
3457 : 65535;
3458 : 65535;
3459 : 65535;
3460 : 65535;
3461 : 65535;
3462 : 65535;
3463 : 65535;
3464 : 65535;
3465 : 65535;
3466 : 65535;
3467 : 65535;
3468 : 65535;
3469 : 65535;
3470 : 65535;
3471 : 65535;
3472 : 65535;
3473 : 65535;
3474 : 65535;
3475 : 65535;
3476 : 65535;
3477 : 65535;
3478 : 65535;
3479 : 65535;
3480 : 65535;
3481 : 65535;
3482 : 65535;
3483 : 65535;
3484 : 65535;
3485 : 65535;
3486 : 65535;
3487 : 65535;
3488 : 65535;
3489 : 65535;
3490 : 65535;
3491 : 65535;
3492 : 65535;
3493 : 65535;
3494 : 48632;
3495 : 36347;
3496 : 30204;
3497 : 21883;
3498 : 23931;
3499 : 23963;
3500 : 23964;
3501 : 23963;
3502 : 23963;
3503 : 23964;
3504 : 26044;
3505 : 26044;
3506 : 26044;
3507 : 26044;
3508 : 23963;
3509 : 19639;
3510 : 23668;
3511 : 29909;
3512 : 19245;
3513 : 19114;
3514 : 19049;
3515 : 19114;
3516 : 15183;
3517 : 17591;
3518 : 17591;
3519 : 17623;
3520 : 17590;
3521 : 17591;
3522 : 17591;
3523 : 17591;
3524 : 17591;
3525 : 17591;
3526 : 17526;
3527 : 17591;
3528 : 13332;
3529 : 38099;
3530 : 65535;
3531 : 65535;
3532 : 65535;
3533 : 65535;
3534 : 65535;
3535 : 65535;
3536 : 65535;
3537 : 65535;
3538 : 65535;
3539 : 65535;
3540 : 65535;
3541 : 65535;
3542 : 65535;
3543 : 65535;
3544 : 65535;
3545 : 65535;
3546 : 65535;
3547 : 65535;
3548 : 65535;
3549 : 65535;
3550 : 65535;
3551 : 65535;
3552 : 65535;
3553 : 65535;
3554 : 65535;
3555 : 65535;
3556 : 65535;
3557 : 65535;
3558 : 65535;
3559 : 65535;
3560 : 65535;
3561 : 65535;
3562 : 65535;
3563 : 65535;
3564 : 65535;
3565 : 65535;
3566 : 65535;
3567 : 65535;
3568 : 65535;
3569 : 65535;
3570 : 65535;
3571 : 65535;
3572 : 65535;
3573 : 65535;
3574 : 65535;
3575 : 65535;
3576 : 65535;
3577 : 65535;
3578 : 65535;
3579 : 65535;
3580 : 65535;
3581 : 65535;
3582 : 65535;
3583 : 65535;
3584 : 65535;
3585 : 65535;
3586 : 65535;
3587 : 65535;
3588 : 65535;
3589 : 65535;
3590 : 65535;
3591 : 65535;
3592 : 65535;
3593 : 65535;
3594 : 65535;
3595 : 65535;
3596 : 65535;
3597 : 65535;
3598 : 65535;
3599 : 65535;
3600 : 65535;
3601 : 65535;
3602 : 65535;
3603 : 65535;
3604 : 65535;
3605 : 65535;
3606 : 65535;
3607 : 65535;
3608 : 65535;
3609 : 65535;
3610 : 65535;
3611 : 65535;
3612 : 65535;
3613 : 65535;
3614 : 65535;
3615 : 65535;
3616 : 65535;
3617 : 65535;
3618 : 65535;
3619 : 65535;
3620 : 65535;
3621 : 65535;
3622 : 42358;
3623 : 34299;
3624 : 28156;
3625 : 23931;
3626 : 23931;
3627 : 23931;
3628 : 23931;
3629 : 23931;
3630 : 23931;
3631 : 23963;
3632 : 26044;
3633 : 26044;
3634 : 26044;
3635 : 26044;
3636 : 26044;
3637 : 26044;
3638 : 23996;
3639 : 23996;
3640 : 24028;
3641 : 23963;
3642 : 19737;
3643 : 17559;
3644 : 17623;
3645 : 17591;
3646 : 17623;
3647 : 15347;
3648 : 38163;
3649 : 40374;
3650 : 19671;
3651 : 17591;
3652 : 19671;
3653 : 13300;
3654 : 9010;
3655 : 15478;
3656 : 15281;
3657 : 52825;
3658 : 65535;
3659 : 65535;
3660 : 65535;
3661 : 65535;
3662 : 65535;
3663 : 65535;
3664 : 65535;
3665 : 65535;
3666 : 65535;
3667 : 65535;
3668 : 65535;
3669 : 65535;
3670 : 65535;
3671 : 65535;
3672 : 65535;
3673 : 65535;
3674 : 65535;
3675 : 65535;
3676 : 65535;
3677 : 65535;
3678 : 65535;
3679 : 65535;
3680 : 65535;
3681 : 65535;
3682 : 65535;
3683 : 65535;
3684 : 65535;
3685 : 65535;
3686 : 65535;
3687 : 65535;
3688 : 65535;
3689 : 65535;
3690 : 65535;
3691 : 65535;
3692 : 65535;
3693 : 65535;
3694 : 65535;
3695 : 65535;
3696 : 65535;
3697 : 65535;
3698 : 65535;
3699 : 65535;
3700 : 65535;
3701 : 65535;
3702 : 65535;
3703 : 65535;
3704 : 65535;
3705 : 65535;
3706 : 65535;
3707 : 65535;
3708 : 65535;
3709 : 65535;
3710 : 65535;
3711 : 65535;
3712 : 65535;
3713 : 65535;
3714 : 65535;
3715 : 65535;
3716 : 65535;
3717 : 65535;
3718 : 65535;
3719 : 65535;
3720 : 65535;
3721 : 65535;
3722 : 65535;
3723 : 65535;
3724 : 65535;
3725 : 65535;
3726 : 65535;
3727 : 65535;
3728 : 65535;
3729 : 65535;
3730 : 65535;
3731 : 65535;
3732 : 65535;
3733 : 65535;
3734 : 65535;
3735 : 65535;
3736 : 65535;
3737 : 65535;
3738 : 65535;
3739 : 65535;
3740 : 65535;
3741 : 65535;
3742 : 65535;
3743 : 65535;
3744 : 65535;
3745 : 65535;
3746 : 65535;
3747 : 65535;
3748 : 65535;
3749 : 65535;
3750 : 36019;
3751 : 28058;
3752 : 26044;
3753 : 23963;
3754 : 23899;
3755 : 23931;
3756 : 23931;
3757 : 23931;
3758 : 23931;
3759 : 23931;
3760 : 23931;
3761 : 23964;
3762 : 26044;
3763 : 26044;
3764 : 26044;
3765 : 26044;
3766 : 23996;
3767 : 26044;
3768 : 23963;
3769 : 21850;
3770 : 19672;
3771 : 17591;
3772 : 17591;
3773 : 17591;
3774 : 13169;
3775 : 35887;
3776 : 56917;
3777 : 56917;
3778 : 32086;
3779 : 15511;
3780 : 17591;
3781 : 11187;
3782 : 6929;
3783 : 13333;
3784 : 21424;
3785 : 65470;
3786 : 65535;
3787 : 65535;
3788 : 65535;
3789 : 65535;
3790 : 65535;
3791 : 65535;
3792 : 65535;
3793 : 65535;
3794 : 65535;
3795 : 65535;
3796 : 65535;
3797 : 65535;
3798 : 65535;
3799 : 65535;
3800 : 65535;
3801 : 65535;
3802 : 65535;
3803 : 65535;
3804 : 65535;
3805 : 65535;
3806 : 65535;
3807 : 65535;
3808 : 65535;
3809 : 65535;
3810 : 65535;
3811 : 65535;
3812 : 65535;
3813 : 65535;
3814 : 65535;
3815 : 65535;
3816 : 65535;
3817 : 65535;
3818 : 65535;
3819 : 65535;
3820 : 65535;
3821 : 65535;
3822 : 65535;
3823 : 65535;
3824 : 65535;
3825 : 65535;
3826 : 65535;
3827 : 65535;
3828 : 65535;
3829 : 65535;
3830 : 65535;
3831 : 65535;
3832 : 65535;
3833 : 65535;
3834 : 65535;
3835 : 65535;
3836 : 65535;
3837 : 65535;
3838 : 65535;
3839 : 65535;
3840 : 65535;
3841 : 65535;
3842 : 65535;
3843 : 65535;
3844 : 65535;
3845 : 65535;
3846 : 65535;
3847 : 65535;
3848 : 65535;
3849 : 65535;
3850 : 65535;
3851 : 65535;
3852 : 65535;
3853 : 65535;
3854 : 65535;
3855 : 65535;
3856 : 65535;
3857 : 65535;
3858 : 65535;
3859 : 65535;
3860 : 65535;
3861 : 65535;
3862 : 65535;
3863 : 65535;
3864 : 65535;
3865 : 65535;
3866 : 65535;
3867 : 65535;
3868 : 65535;
3869 : 65535;
3870 : 65535;
3871 : 65535;
3872 : 65535;
3873 : 65535;
3874 : 65535;
3875 : 65535;
3876 : 65535;
3877 : 65535;
3878 : 42326;
3879 : 23866;
3880 : 23964;
3881 : 19574;
3882 : 17494;
3883 : 23931;
3884 : 23931;
3885 : 23931;
3886 : 23931;
3887 : 23931;
3888 : 23931;
3889 : 23931;
3890 : 23964;
3891 : 26044;
3892 : 26044;
3893 : 26044;
3894 : 23995;
3895 : 23930;
3896 : 19737;
3897 : 19671;
3898 : 17623;
3899 : 17591;
3900 : 15445;
3901 : 17198;
3902 : 40047;
3903 : 54837;
3904 : 54837;
3905 : 56917;
3906 : 38262;
3907 : 15511;
3908 : 17559;
3909 : 11155;
3910 : 6930;
3911 : 9074;
3912 : 36019;
3913 : 65535;
3914 : 65535;
3915 : 65535;
3916 : 65535;
3917 : 65535;
3918 : 65535;
3919 : 65535;
3920 : 65535;
3921 : 65535;
3922 : 65535;
3923 : 65535;
3924 : 65535;
3925 : 65535;
3926 : 65535;
3927 : 65535;
3928 : 65535;
3929 : 65535;
3930 : 65535;
3931 : 65535;
3932 : 65535;
3933 : 65535;
3934 : 65535;
3935 : 65535;
3936 : 65535;
3937 : 65535;
3938 : 65535;
3939 : 65535;
3940 : 65535;
3941 : 65535;
3942 : 65535;
3943 : 65535;
3944 : 65535;
3945 : 65535;
3946 : 65535;
3947 : 65535;
3948 : 65535;
3949 : 65535;
3950 : 65535;
3951 : 65535;
3952 : 65535;
3953 : 65535;
3954 : 65535;
3955 : 65535;
3956 : 65535;
3957 : 65535;
3958 : 65535;
3959 : 65535;
3960 : 65535;
3961 : 65535;
3962 : 65535;
3963 : 65535;
3964 : 65535;
3965 : 65535;
3966 : 65535;
3967 : 65535;
3968 : 65535;
3969 : 65535;
3970 : 65535;
3971 : 65535;
3972 : 65535;
3973 : 65535;
3974 : 65535;
3975 : 65535;
3976 : 65535;
3977 : 65535;
3978 : 65535;
3979 : 65535;
3980 : 65535;
3981 : 65535;
3982 : 65535;
3983 : 65535;
3984 : 65535;
3985 : 65535;
3986 : 65535;
3987 : 65535;
3988 : 65535;
3989 : 65535;
3990 : 65535;
3991 : 65535;
3992 : 65535;
3993 : 65535;
3994 : 65535;
3995 : 65535;
3996 : 65535;
3997 : 65535;
3998 : 65535;
3999 : 65535;
4000 : 65535;
4001 : 65535;
4002 : 65535;
4003 : 65535;
4004 : 65535;
4005 : 65535;
4006 : 48664;
4007 : 17461;
4008 : 23964;
4009 : 21850;
4010 : 23963;
4011 : 23964;
4012 : 23931;
4013 : 23932;
4014 : 21883;
4015 : 21851;
4016 : 21818;
4017 : 19770;
4018 : 19738;
4019 : 21850;
4020 : 21850;
4021 : 21818;
4022 : 19704;
4023 : 17591;
4024 : 15478;
4025 : 15412;
4026 : 15282;
4027 : 19310;
4028 : 33807;
4029 : 50611;
4030 : 56918;
4031 : 54805;
4032 : 52756;
4033 : 54837;
4034 : 32054;
4035 : 15511;
4036 : 17559;
4037 : 11155;
4038 : 6930;
4039 : 11024;
4040 : 52857;
4041 : 65535;
4042 : 65535;
4043 : 65535;
4044 : 65535;
4045 : 65535;
4046 : 65535;
4047 : 65535;
4048 : 65535;
4049 : 65535;
4050 : 65535;
4051 : 65535;
4052 : 65535;
4053 : 65535;
4054 : 65535;
4055 : 65535;
4056 : 65535;
4057 : 65535;
4058 : 65535;
4059 : 65535;
4060 : 65535;
4061 : 65535;
4062 : 65535;
4063 : 65535;
4064 : 65535;
4065 : 65535;
4066 : 65535;
4067 : 65535;
4068 : 65535;
4069 : 65535;
4070 : 65535;
4071 : 65535;
4072 : 65535;
4073 : 65535;
4074 : 65535;
4075 : 65535;
4076 : 65535;
4077 : 65535;
4078 : 65535;
4079 : 65535;
4080 : 65535;
4081 : 65535;
4082 : 65535;
4083 : 65535;
4084 : 65535;
4085 : 65535;
4086 : 65535;
4087 : 65535;
4088 : 65535;
4089 : 65535;
4090 : 65535;
4091 : 65535;
4092 : 65535;
4093 : 65535;
4094 : 65535;
4095 : 65535;
4096 : 65535;
4097 : 65535;
4098 : 65535;
4099 : 65535;
4100 : 65535;
4101 : 65535;
4102 : 65535;
4103 : 65535;
4104 : 65535;
4105 : 65535;
4106 : 65535;
4107 : 65535;
4108 : 65535;
4109 : 65535;
4110 : 65535;
4111 : 65535;
4112 : 65535;
4113 : 65535;
4114 : 65535;
4115 : 65535;
4116 : 65535;
4117 : 65535;
4118 : 65535;
4119 : 65535;
4120 : 65535;
4121 : 65535;
4122 : 65535;
4123 : 65535;
4124 : 65535;
4125 : 65535;
4126 : 65535;
4127 : 65535;
4128 : 65535;
4129 : 65535;
4130 : 65535;
4131 : 65535;
4132 : 65535;
4133 : 65535;
4134 : 63389;
4135 : 27567;
4136 : 15217;
4137 : 17527;
4138 : 17559;
4139 : 17559;
4140 : 17526;
4141 : 17395;
4142 : 17297;
4143 : 21391;
4144 : 25551;
4145 : 25519;
4146 : 25519;
4147 : 23503;
4148 : 23471;
4149 : 21391;
4150 : 21390;
4151 : 23405;
4152 : 27566;
4153 : 35951;
4154 : 46386;
4155 : 54804;
4156 : 56950;
4157 : 56917;
4158 : 54837;
4159 : 54837;
4160 : 54805;
4161 : 50677;
4162 : 21686;
4163 : 17559;
4164 : 17559;
4165 : 9075;
4166 : 6963;
4167 : 21392;
4168 : 65470;
4169 : 65535;
4170 : 65535;
4171 : 65535;
4172 : 65535;
4173 : 65535;
4174 : 65535;
4175 : 65535;
4176 : 65535;
4177 : 65535;
4178 : 65535;
4179 : 65535;
4180 : 65535;
4181 : 65535;
4182 : 65535;
4183 : 65535;
4184 : 65535;
4185 : 65535;
4186 : 65535;
4187 : 65535;
4188 : 65535;
4189 : 65535;
4190 : 65535;
4191 : 65535;
4192 : 65535;
4193 : 65535;
4194 : 65535;
4195 : 65535;
4196 : 65535;
4197 : 65535;
4198 : 65535;
4199 : 65535;
4200 : 65535;
4201 : 65535;
4202 : 65535;
4203 : 65535;
4204 : 65535;
4205 : 65535;
4206 : 65535;
4207 : 65535;
4208 : 65535;
4209 : 65535;
4210 : 65535;
4211 : 65535;
4212 : 65535;
4213 : 65535;
4214 : 65535;
4215 : 65535;
4216 : 65535;
4217 : 65535;
4218 : 65535;
4219 : 65535;
4220 : 65535;
4221 : 65535;
4222 : 65535;
4223 : 65535;
4224 : 65535;
4225 : 65535;
4226 : 65535;
4227 : 65535;
4228 : 65535;
4229 : 65535;
4230 : 65535;
4231 : 65535;
4232 : 65535;
4233 : 65535;
4234 : 65535;
4235 : 65535;
4236 : 65535;
4237 : 65535;
4238 : 65535;
4239 : 65535;
4240 : 65535;
4241 : 65535;
4242 : 65535;
4243 : 65535;
4244 : 65535;
4245 : 65535;
4246 : 65535;
4247 : 65535;
4248 : 65535;
4249 : 65535;
4250 : 65535;
4251 : 65535;
4252 : 65535;
4253 : 65535;
4254 : 65535;
4255 : 65535;
4256 : 65535;
4257 : 65535;
4258 : 65535;
4259 : 65535;
4260 : 65535;
4261 : 65535;
4262 : 65535;
4263 : 65535;
4264 : 57018;
4265 : 44471;
4266 : 40245;
4267 : 29680;
4268 : 23275;
4269 : 44305;
4270 : 52724;
4271 : 56885;
4272 : 56885;
4273 : 56885;
4274 : 56885;
4275 : 56885;
4276 : 56885;
4277 : 56885;
4278 : 56885;
4279 : 56917;
4280 : 56917;
4281 : 56950;
4282 : 56918;
4283 : 56917;
4284 : 54837;
4285 : 54837;
4286 : 54869;
4287 : 56917;
4288 : 52757;
4289 : 27894;
4290 : 17527;
4291 : 17559;
4292 : 17559;
4293 : 11188;
4294 : 11155;
4295 : 40212;
4296 : 65535;
4297 : 65535;
4298 : 65535;
4299 : 65535;
4300 : 65535;
4301 : 65535;
4302 : 65535;
4303 : 65535;
4304 : 65535;
4305 : 65535;
4306 : 65535;
4307 : 65535;
4308 : 65535;
4309 : 65535;
4310 : 65535;
4311 : 65535;
4312 : 65535;
4313 : 65535;
4314 : 65535;
4315 : 65535;
4316 : 65535;
4317 : 65535;
4318 : 65535;
4319 : 65535;
4320 : 65535;
4321 : 65535;
4322 : 65535;
4323 : 65535;
4324 : 65535;
4325 : 65535;
4326 : 65535;
4327 : 65535;
4328 : 65535;
4329 : 65535;
4330 : 65535;
4331 : 65535;
4332 : 65535;
4333 : 65535;
4334 : 65535;
4335 : 65535;
4336 : 65535;
4337 : 65535;
4338 : 65535;
4339 : 65535;
4340 : 65535;
4341 : 65535;
4342 : 65535;
4343 : 65535;
4344 : 65535;
4345 : 65535;
4346 : 65535;
4347 : 65535;
4348 : 65535;
4349 : 65535;
4350 : 65535;
4351 : 65535;
4352 : 65535;
4353 : 65535;
4354 : 65535;
4355 : 65535;
4356 : 65535;
4357 : 65535;
4358 : 65535;
4359 : 65535;
4360 : 65535;
4361 : 65535;
4362 : 65535;
4363 : 65535;
4364 : 65535;
4365 : 65535;
4366 : 65535;
4367 : 65535;
4368 : 65535;
4369 : 65535;
4370 : 65535;
4371 : 65535;
4372 : 65535;
4373 : 65535;
4374 : 65535;
4375 : 65535;
4376 : 65535;
4377 : 65535;
4378 : 65535;
4379 : 65535;
4380 : 65535;
4381 : 65535;
4382 : 65535;
4383 : 65535;
4384 : 65535;
4385 : 65535;
4386 : 65535;
4387 : 65535;
4388 : 65535;
4389 : 65535;
4390 : 65535;
4391 : 65535;
4392 : 65535;
4393 : 65535;
4394 : 65535;
4395 : 65535;
4396 : 61244;
4397 : 48566;
4398 : 44306;
4399 : 50644;
4400 : 54869;
4401 : 56950;
4402 : 56950;
4403 : 56917;
4404 : 56917;
4405 : 54837;
4406 : 54837;
4407 : 54837;
4408 : 54837;
4409 : 54837;
4410 : 54837;
4411 : 54837;
4412 : 56917;
4413 : 56917;
4414 : 54837;
4415 : 46549;
4416 : 25846;
4417 : 17559;
4418 : 17559;
4419 : 17559;
4420 : 17559;
4421 : 17591;
4422 : 15249;
4423 : 54970;
4424 : 65535;
4425 : 65535;
4426 : 65535;
4427 : 65535;
4428 : 65535;
4429 : 65535;
4430 : 65535;
4431 : 65535;
4432 : 65535;
4433 : 65535;
4434 : 65535;
4435 : 65535;
4436 : 65535;
4437 : 65535;
4438 : 65535;
4439 : 65535;
4440 : 65535;
4441 : 65535;
4442 : 65535;
4443 : 65535;
4444 : 65535;
4445 : 65535;
4446 : 65535;
4447 : 65535;
4448 : 65535;
4449 : 65535;
4450 : 65535;
4451 : 65535;
4452 : 65535;
4453 : 65535;
4454 : 65535;
4455 : 65535;
4456 : 65535;
4457 : 65535;
4458 : 65535;
4459 : 65535;
4460 : 65535;
4461 : 65535;
4462 : 65535;
4463 : 65535;
4464 : 65535;
4465 : 65535;
4466 : 65535;
4467 : 65535;
4468 : 65535;
4469 : 65535;
4470 : 65535;
4471 : 65535;
4472 : 65535;
4473 : 65535;
4474 : 65535;
4475 : 65535;
4476 : 65535;
4477 : 65535;
4478 : 65535;
4479 : 65535;
4480 : 65535;
4481 : 65535;
4482 : 65535;
4483 : 65535;
4484 : 65535;
4485 : 65535;
4486 : 65535;
4487 : 65535;
4488 : 65535;
4489 : 65535;
4490 : 65535;
4491 : 65535;
4492 : 65535;
4493 : 65535;
4494 : 65535;
4495 : 65535;
4496 : 65535;
4497 : 65535;
4498 : 65535;
4499 : 65535;
4500 : 65535;
4501 : 65535;
4502 : 65535;
4503 : 65535;
4504 : 65535;
4505 : 65535;
4506 : 65535;
4507 : 65535;
4508 : 65535;
4509 : 65535;
4510 : 65535;
4511 : 65535;
4512 : 65535;
4513 : 65535;
4514 : 65535;
4515 : 65535;
4516 : 65535;
4517 : 65535;
4518 : 65535;
4519 : 65535;
4520 : 65535;
4521 : 65535;
4522 : 65535;
4523 : 65535;
4524 : 65535;
4525 : 65535;
4526 : 61309;
4527 : 50711;
4528 : 42226;
4529 : 40080;
4530 : 44338;
4531 : 50644;
4532 : 54837;
4533 : 56950;
4534 : 56950;
4535 : 56950;
4536 : 56950;
4537 : 56950;
4538 : 58998;
4539 : 56917;
4540 : 52691;
4541 : 40145;
4542 : 23634;
4543 : 17591;
4544 : 17591;
4545 : 17591;
4546 : 15478;
4547 : 15478;
4548 : 17559;
4549 : 17559;
4550 : 21457;
4551 : 65470;
4552 : 65535;
4553 : 65535;
4554 : 65535;
4555 : 65535;
4556 : 65535;
4557 : 65535;
4558 : 65535;
4559 : 65535;
4560 : 65535;
4561 : 65535;
4562 : 65535;
4563 : 65535;
4564 : 65535;
4565 : 65535;
4566 : 65535;
4567 : 65535;
4568 : 65535;
4569 : 65535;
4570 : 65535;
4571 : 65535;
4572 : 65535;
4573 : 65535;
4574 : 65535;
4575 : 65535;
4576 : 65535;
4577 : 65535;
4578 : 65535;
4579 : 65535;
4580 : 65535;
4581 : 65535;
4582 : 65535;
4583 : 65535;
4584 : 65535;
4585 : 65535;
4586 : 65535;
4587 : 65535;
4588 : 65535;
4589 : 65535;
4590 : 65535;
4591 : 65535;
4592 : 65535;
4593 : 65535;
4594 : 65535;
4595 : 65535;
4596 : 65535;
4597 : 65535;
4598 : 65535;
4599 : 65535;
4600 : 65535;
4601 : 65535;
4602 : 65535;
4603 : 65535;
4604 : 65535;
4605 : 65535;
4606 : 65535;
4607 : 65535;
4608 : 65535;
4609 : 65535;
4610 : 65535;
4611 : 65535;
4612 : 65535;
4613 : 65535;
4614 : 65535;
4615 : 65535;
4616 : 65535;
4617 : 65535;
4618 : 65535;
4619 : 65535;
4620 : 65535;
4621 : 65535;
4622 : 65535;
4623 : 65535;
4624 : 65535;
4625 : 65535;
4626 : 65535;
4627 : 65535;
4628 : 65535;
4629 : 65535;
4630 : 65535;
4631 : 65535;
4632 : 65535;
4633 : 65535;
4634 : 65535;
4635 : 65535;
4636 : 65535;
4637 : 65535;
4638 : 65535;
4639 : 65535;
4640 : 65535;
4641 : 65535;
4642 : 65535;
4643 : 65535;
4644 : 65535;
4645 : 65535;
4646 : 65535;
4647 : 65535;
4648 : 65535;
4649 : 65535;
4650 : 65535;
4651 : 65535;
4652 : 65535;
4653 : 65535;
4654 : 65535;
4655 : 65535;
4656 : 65535;
4657 : 61309;
4658 : 54970;
4659 : 48631;
4660 : 44372;
4661 : 42226;
4662 : 44338;
4663 : 44338;
4664 : 42225;
4665 : 42192;
4666 : 33871;
4667 : 27599;
4668 : 17231;
4669 : 15413;
4670 : 17591;
4671 : 17591;
4672 : 17591;
4673 : 17591;
4674 : 9074;
4675 : 13333;
4676 : 19671;
4677 : 15413;
4678 : 38132;
4679 : 65535;
4680 : 65535;
4681 : 65535;
4682 : 65535;
4683 : 65535;
4684 : 65535;
4685 : 65535;
4686 : 65535;
4687 : 65535;
4688 : 65535;
4689 : 65535;
4690 : 65535;
4691 : 65535;
4692 : 65535;
4693 : 65535;
4694 : 65535;
4695 : 65535;
4696 : 65535;
4697 : 65535;
4698 : 65535;
4699 : 65535;
4700 : 65535;
4701 : 65535;
4702 : 65535;
4703 : 65535;
4704 : 65535;
4705 : 65535;
4706 : 65535;
4707 : 65535;
4708 : 65535;
4709 : 65535;
4710 : 65535;
4711 : 65535;
4712 : 65535;
4713 : 65535;
4714 : 65535;
4715 : 65535;
4716 : 65535;
4717 : 65535;
4718 : 65535;
4719 : 65535;
4720 : 65535;
4721 : 65535;
4722 : 65535;
4723 : 65535;
4724 : 65535;
4725 : 65535;
4726 : 65535;
4727 : 65535;
4728 : 65535;
4729 : 65535;
4730 : 65535;
4731 : 65535;
4732 : 65535;
4733 : 65535;
4734 : 65535;
4735 : 65535;
4736 : 65535;
4737 : 65535;
4738 : 65535;
4739 : 65535;
4740 : 65535;
4741 : 65535;
4742 : 65535;
4743 : 65535;
4744 : 65535;
4745 : 65535;
4746 : 65535;
4747 : 65535;
4748 : 65535;
4749 : 65535;
4750 : 65535;
4751 : 65535;
4752 : 65535;
4753 : 65535;
4754 : 65535;
4755 : 65535;
4756 : 65535;
4757 : 65535;
4758 : 65535;
4759 : 65535;
4760 : 65535;
4761 : 65535;
4762 : 65535;
4763 : 65535;
4764 : 65535;
4765 : 65535;
4766 : 65535;
4767 : 65535;
4768 : 65535;
4769 : 65535;
4770 : 65535;
4771 : 65535;
4772 : 65535;
4773 : 65535;
4774 : 65535;
4775 : 65535;
4776 : 65535;
4777 : 65535;
4778 : 65535;
4779 : 65535;
4780 : 65535;
4781 : 65535;
4782 : 65535;
4783 : 65535;
4784 : 65535;
4785 : 65535;
4786 : 65535;
4787 : 65535;
4788 : 65535;
4789 : 65503;
4790 : 61309;
4791 : 57083;
4792 : 31661;
4793 : 40243;
4794 : 13365;
4795 : 15510;
4796 : 17623;
4797 : 17623;
4798 : 17591;
4799 : 17591;
4800 : 17591;
4801 : 15478;
4802 : 9010;
4803 : 15446;
4804 : 19704;
4805 : 15282;
4806 : 57051;
4807 : 65535;
4808 : 65535;
4809 : 65535;
4810 : 65535;
4811 : 65535;
4812 : 65535;
4813 : 65535;
4814 : 65535;
4815 : 65535;
4816 : 65535;
4817 : 65535;
4818 : 65535;
4819 : 65535;
4820 : 65535;
4821 : 65535;
4822 : 65535;
4823 : 65535;
4824 : 65535;
4825 : 65535;
4826 : 65535;
4827 : 65535;
4828 : 65535;
4829 : 65535;
4830 : 65535;
4831 : 65535;
4832 : 65535;
4833 : 65535;
4834 : 65535;
4835 : 65535;
4836 : 65535;
4837 : 65535;
4838 : 65535;
4839 : 65535;
4840 : 65535;
4841 : 65535;
4842 : 65535;
4843 : 65535;
4844 : 65535;
4845 : 65535;
4846 : 65535;
4847 : 65535;
4848 : 65535;
4849 : 65535;
4850 : 65535;
4851 : 65535;
4852 : 65535;
4853 : 65535;
4854 : 65535;
4855 : 65535;
4856 : 65535;
4857 : 65535;
4858 : 65535;
4859 : 65535;
4860 : 65535;
4861 : 65535;
4862 : 65535;
4863 : 65535;
4864 : 65535;
4865 : 65535;
4866 : 65535;
4867 : 65535;
4868 : 65535;
4869 : 65535;
4870 : 65535;
4871 : 65535;
4872 : 65535;
4873 : 65535;
4874 : 65535;
4875 : 65535;
4876 : 65535;
4877 : 65535;
4878 : 65535;
4879 : 65535;
4880 : 65535;
4881 : 65535;
4882 : 65535;
4883 : 65535;
4884 : 65535;
4885 : 65535;
4886 : 65535;
4887 : 65535;
4888 : 65535;
4889 : 65535;
4890 : 65535;
4891 : 65535;
4892 : 65535;
4893 : 65535;
4894 : 65535;
4895 : 65535;
4896 : 65535;
4897 : 65535;
4898 : 65535;
4899 : 65535;
4900 : 65535;
4901 : 65535;
4902 : 65535;
4903 : 65535;
4904 : 65535;
4905 : 65535;
4906 : 65535;
4907 : 65535;
4908 : 65535;
4909 : 65535;
4910 : 65535;
4911 : 65535;
4912 : 65535;
4913 : 65535;
4914 : 65535;
4915 : 65535;
4916 : 65535;
4917 : 65535;
4918 : 65535;
4919 : 63422;
4920 : 42160;
4921 : 44534;
4922 : 17591;
4923 : 17591;
4924 : 17591;
4925 : 17591;
4926 : 17591;
4927 : 17591;
4928 : 17591;
4929 : 17558;
4930 : 15413;
4931 : 17623;
4932 : 17591;
4933 : 25617;
4934 : 65503;
4935 : 65535;
4936 : 65535;
4937 : 65535;
4938 : 65535;
4939 : 65535;
4940 : 65535;
4941 : 65535;
4942 : 65535;
4943 : 65535;
4944 : 65535;
4945 : 65535;
4946 : 65535;
4947 : 65535;
4948 : 65535;
4949 : 65535;
4950 : 65535;
4951 : 65535;
4952 : 65535;
4953 : 65535;
4954 : 65535;
4955 : 65535;
4956 : 65535;
4957 : 65535;
4958 : 65535;
4959 : 65535;
4960 : 65535;
4961 : 65535;
4962 : 65535;
4963 : 65535;
4964 : 65535;
4965 : 65535;
4966 : 65535;
4967 : 65535;
4968 : 65535;
4969 : 65535;
4970 : 65535;
4971 : 65535;
4972 : 65535;
4973 : 65535;
4974 : 65535;
4975 : 65535;
4976 : 65535;
4977 : 65535;
4978 : 65535;
4979 : 65535;
4980 : 65535;
4981 : 65535;
4982 : 65535;
4983 : 65535;
4984 : 65535;
4985 : 65535;
4986 : 65535;
4987 : 65535;
4988 : 65535;
4989 : 65535;
4990 : 65535;
4991 : 65535;
4992 : 65535;
4993 : 65535;
4994 : 65535;
4995 : 65535;
4996 : 65535;
4997 : 65535;
4998 : 65535;
4999 : 65535;
5000 : 65535;
5001 : 65535;
5002 : 65535;
5003 : 65535;
5004 : 65535;
5005 : 65535;
5006 : 65535;
5007 : 65535;
5008 : 65535;
5009 : 65535;
5010 : 65535;
5011 : 65535;
5012 : 65535;
5013 : 65535;
5014 : 65535;
5015 : 65535;
5016 : 65535;
5017 : 65535;
5018 : 65535;
5019 : 65535;
5020 : 65535;
5021 : 65535;
5022 : 65535;
5023 : 65535;
5024 : 65535;
5025 : 65535;
5026 : 65535;
5027 : 65535;
5028 : 65535;
5029 : 65535;
5030 : 65535;
5031 : 65535;
5032 : 65535;
5033 : 65535;
5034 : 65535;
5035 : 65535;
5036 : 65535;
5037 : 65535;
5038 : 65535;
5039 : 65535;
5040 : 65535;
5041 : 65535;
5042 : 65535;
5043 : 65535;
5044 : 65535;
5045 : 65535;
5046 : 65535;
5047 : 59164;
5048 : 46385;
5049 : 44502;
5050 : 17591;
5051 : 17591;
5052 : 17591;
5053 : 17591;
5054 : 17591;
5055 : 17591;
5056 : 17559;
5057 : 19639;
5058 : 19671;
5059 : 19671;
5060 : 15413;
5061 : 42325;
5062 : 65535;
5063 : 65535;
5064 : 65535;
5065 : 65535;
5066 : 65535;
5067 : 65535;
5068 : 65535;
5069 : 65535;
5070 : 65535;
5071 : 65535;
5072 : 65535;
5073 : 65535;
5074 : 65535;
5075 : 65535;
5076 : 65535;
5077 : 65535;
5078 : 65535;
5079 : 65535;
5080 : 65535;
5081 : 65535;
5082 : 65535;
5083 : 65535;
5084 : 65535;
5085 : 65535;
5086 : 65535;
5087 : 65535;
5088 : 65535;
5089 : 65535;
5090 : 65535;
5091 : 65535;
5092 : 65535;
5093 : 65535;
5094 : 65535;
5095 : 65535;
5096 : 65535;
5097 : 65535;
5098 : 65535;
5099 : 65535;
5100 : 65535;
5101 : 65535;
5102 : 65535;
5103 : 65535;
5104 : 65535;
5105 : 65535;
5106 : 65535;
5107 : 65535;
5108 : 65535;
5109 : 65535;
5110 : 65535;
5111 : 65535;
5112 : 65535;
5113 : 65535;
5114 : 65535;
5115 : 65535;
5116 : 65535;
5117 : 65535;
5118 : 65535;
5119 : 65535;
5120 : 65535;
5121 : 65535;
5122 : 65535;
5123 : 65535;
5124 : 65535;
5125 : 65535;
5126 : 65535;
5127 : 65535;
5128 : 65535;
5129 : 65535;
5130 : 65535;
5131 : 65535;
5132 : 65535;
5133 : 65535;
5134 : 65535;
5135 : 65535;
5136 : 65535;
5137 : 65535;
5138 : 65535;
5139 : 65535;
5140 : 65535;
5141 : 65535;
5142 : 65535;
5143 : 65535;
5144 : 65535;
5145 : 65535;
5146 : 65535;
5147 : 65535;
5148 : 65535;
5149 : 65535;
5150 : 65535;
5151 : 65535;
5152 : 65535;
5153 : 65535;
5154 : 65535;
5155 : 65535;
5156 : 65535;
5157 : 65535;
5158 : 65535;
5159 : 65535;
5160 : 65535;
5161 : 65535;
5162 : 65535;
5163 : 65535;
5164 : 65535;
5165 : 65535;
5166 : 65535;
5167 : 65535;
5168 : 65535;
5169 : 65535;
5170 : 65535;
5171 : 65535;
5172 : 65535;
5173 : 65535;
5174 : 65535;
5175 : 48599;
5176 : 48465;
5177 : 40374;
5178 : 17591;
5179 : 17591;
5180 : 17591;
5181 : 17591;
5182 : 17591;
5183 : 17559;
5184 : 17559;
5185 : 17559;
5186 : 17591;
5187 : 17623;
5188 : 17394;
5189 : 57083;
5190 : 65535;
5191 : 65535;
5192 : 65535;
5193 : 65535;
5194 : 65535;
5195 : 65535;
5196 : 65535;
5197 : 65535;
5198 : 65535;
5199 : 65535;
5200 : 65535;
5201 : 65535;
5202 : 65535;
5203 : 65535;
5204 : 65535;
5205 : 65535;
5206 : 65535;
5207 : 65535;
5208 : 65535;
5209 : 65535;
5210 : 65535;
5211 : 65535;
5212 : 65535;
5213 : 65535;
5214 : 65535;
5215 : 65535;
5216 : 65535;
5217 : 65535;
5218 : 65535;
5219 : 65535;
5220 : 65535;
5221 : 65535;
5222 : 65535;
5223 : 65535;
5224 : 65535;
5225 : 65535;
5226 : 65535;
5227 : 65535;
5228 : 65535;
5229 : 65535;
5230 : 65535;
5231 : 65535;
5232 : 65535;
5233 : 65535;
5234 : 65535;
5235 : 65535;
5236 : 65535;
5237 : 65535;
5238 : 65535;
5239 : 65535;
5240 : 65535;
5241 : 65535;
5242 : 65535;
5243 : 65535;
5244 : 65535;
5245 : 65535;
5246 : 65535;
5247 : 65535;
5248 : 65535;
5249 : 65535;
5250 : 65535;
5251 : 65535;
5252 : 65535;
5253 : 65535;
5254 : 65535;
5255 : 65535;
5256 : 65535;
5257 : 65535;
5258 : 65535;
5259 : 65535;
5260 : 65535;
5261 : 65535;
5262 : 65535;
5263 : 65535;
5264 : 65535;
5265 : 65535;
5266 : 65535;
5267 : 65535;
5268 : 65535;
5269 : 65535;
5270 : 65535;
5271 : 65535;
5272 : 65535;
5273 : 65535;
5274 : 65535;
5275 : 65535;
5276 : 65535;
5277 : 65535;
5278 : 65535;
5279 : 65535;
5280 : 65535;
5281 : 65535;
5282 : 65535;
5283 : 65535;
5284 : 65535;
5285 : 65535;
5286 : 65535;
5287 : 65535;
5288 : 65535;
5289 : 65535;
5290 : 65535;
5291 : 65535;
5292 : 65535;
5293 : 65535;
5294 : 65535;
5295 : 65535;
5296 : 65535;
5297 : 65535;
5298 : 65535;
5299 : 65535;
5300 : 65535;
5301 : 65535;
5302 : 65535;
5303 : 40113;
5304 : 52724;
5305 : 36182;
5306 : 15511;
5307 : 17591;
5308 : 17591;
5309 : 17591;
5310 : 17559;
5311 : 17559;
5312 : 17559;
5313 : 17559;
5314 : 17559;
5315 : 17559;
5316 : 25617;
5317 : 65503;
5318 : 65535;
5319 : 65535;
5320 : 65535;
5321 : 65535;
5322 : 65535;
5323 : 65535;
5324 : 65535;
5325 : 65535;
5326 : 65535;
5327 : 65535;
5328 : 65535;
5329 : 65535;
5330 : 65535;
5331 : 65535;
5332 : 65535;
5333 : 65535;
5334 : 65535;
5335 : 65535;
5336 : 65535;
5337 : 65535;
5338 : 65535;
5339 : 65535;
5340 : 65535;
5341 : 65535;
5342 : 65535;
5343 : 65535;
5344 : 65535;
5345 : 65535;
5346 : 65535;
5347 : 65535;
5348 : 65535;
5349 : 65535;
5350 : 65535;
5351 : 65535;
5352 : 65535;
5353 : 65535;
5354 : 65535;
5355 : 65535;
5356 : 65535;
5357 : 65535;
5358 : 65535;
5359 : 65535;
5360 : 65535;
5361 : 65535;
5362 : 65535;
5363 : 65535;
5364 : 65535;
5365 : 65535;
5366 : 65535;
5367 : 65535;
5368 : 65535;
5369 : 65535;
5370 : 65535;
5371 : 65535;
5372 : 65535;
5373 : 65535;
5374 : 65535;
5375 : 65535;
5376 : 65535;
5377 : 65535;
5378 : 65535;
5379 : 65535;
5380 : 65535;
5381 : 65535;
5382 : 65535;
5383 : 65535;
5384 : 65535;
5385 : 65535;
5386 : 65535;
5387 : 65535;
5388 : 65535;
5389 : 65535;
5390 : 65535;
5391 : 65535;
5392 : 65535;
5393 : 65535;
5394 : 65535;
5395 : 65535;
5396 : 65535;
5397 : 65535;
5398 : 65535;
5399 : 65535;
5400 : 65535;
5401 : 65535;
5402 : 65535;
5403 : 65535;
5404 : 65535;
5405 : 65535;
5406 : 65535;
5407 : 65535;
5408 : 65535;
5409 : 65535;
5410 : 65535;
5411 : 65535;
5412 : 65535;
5413 : 65535;
5414 : 65535;
5415 : 65535;
5416 : 65535;
5417 : 65535;
5418 : 65535;
5419 : 65535;
5420 : 65535;
5421 : 65535;
5422 : 65535;
5423 : 65535;
5424 : 65535;
5425 : 65535;
5426 : 65535;
5427 : 65535;
5428 : 65535;
5429 : 65535;
5430 : 61277;
5431 : 42193;
5432 : 58997;
5433 : 32022;
5434 : 15478;
5435 : 17559;
5436 : 17591;
5437 : 17591;
5438 : 17559;
5439 : 17559;
5440 : 17559;
5441 : 17559;
5442 : 17559;
5443 : 13365;
5444 : 36084;
5445 : 65535;
5446 : 65535;
5447 : 65535;
5448 : 65535;
5449 : 65535;
5450 : 65535;
5451 : 65535;
5452 : 65535;
5453 : 65535;
5454 : 65535;
5455 : 65535;
5456 : 65535;
5457 : 65535;
5458 : 65535;
5459 : 65535;
5460 : 65535;
5461 : 65535;
5462 : 65535;
5463 : 65535;
5464 : 65535;
5465 : 65535;
5466 : 65535;
5467 : 65535;
5468 : 65535;
5469 : 65535;
5470 : 65535;
5471 : 65535;
5472 : 65535;
5473 : 65535;
5474 : 65535;
5475 : 65535;
5476 : 65535;
5477 : 65535;
5478 : 65535;
5479 : 65535;
5480 : 65535;
5481 : 65535;
5482 : 65535;
5483 : 65535;
5484 : 65535;
5485 : 65535;
5486 : 65535;
5487 : 65535;
5488 : 65535;
5489 : 65535;
5490 : 65535;
5491 : 65535;
5492 : 65535;
5493 : 65535;
5494 : 65535;
5495 : 65535;
5496 : 65535;
5497 : 65535;
5498 : 65535;
5499 : 65535;
5500 : 65535;
5501 : 65535;
5502 : 65535;
5503 : 65535;
5504 : 65535;
5505 : 65535;
5506 : 65535;
5507 : 65535;
5508 : 65535;
5509 : 65535;
5510 : 65535;
5511 : 65535;
5512 : 65535;
5513 : 65535;
5514 : 65535;
5515 : 65535;
5516 : 65535;
5517 : 65535;
5518 : 65535;
5519 : 65535;
5520 : 65535;
5521 : 65535;
5522 : 65535;
5523 : 65535;
5524 : 65535;
5525 : 65535;
5526 : 65535;
5527 : 65535;
5528 : 65535;
5529 : 65535;
5530 : 65535;
5531 : 65535;
5532 : 65535;
5533 : 65535;
5534 : 65535;
5535 : 65535;
5536 : 65535;
5537 : 65535;
5538 : 65535;
5539 : 65535;
5540 : 65535;
5541 : 65535;
5542 : 65535;
5543 : 65535;
5544 : 65535;
5545 : 65535;
5546 : 65535;
5547 : 65535;
5548 : 65535;
5549 : 65535;
5550 : 65535;
5551 : 65535;
5552 : 65535;
5553 : 65535;
5554 : 65535;
5555 : 65535;
5556 : 65535;
5557 : 65535;
5558 : 52857;
5559 : 52757;
5560 : 59030;
5561 : 29974;
5562 : 15479;
5563 : 17559;
5564 : 17559;
5565 : 17591;
5566 : 17591;
5567 : 17559;
5568 : 17559;
5569 : 17559;
5570 : 17591;
5571 : 13235;
5572 : 48631;
5573 : 65535;
5574 : 65535;
5575 : 65535;
5576 : 65535;
5577 : 65535;
5578 : 65535;
5579 : 65535;
5580 : 65535;
5581 : 65535;
5582 : 65535;
5583 : 65535;
5584 : 65535;
5585 : 65535;
5586 : 65535;
5587 : 65535;
5588 : 65535;
5589 : 65535;
5590 : 65535;
5591 : 65535;
5592 : 65535;
5593 : 65535;
5594 : 65535;
5595 : 65535;
5596 : 65535;
5597 : 65535;
5598 : 65535;
5599 : 65535;
5600 : 65535;
5601 : 65535;
5602 : 65535;
5603 : 65535;
5604 : 65535;
5605 : 65535;
5606 : 65535;
5607 : 65535;
5608 : 65535;
5609 : 65535;
5610 : 65535;
5611 : 65535;
5612 : 65535;
5613 : 65535;
5614 : 65535;
5615 : 65535;
5616 : 65535;
5617 : 65535;
5618 : 65535;
5619 : 65535;
5620 : 65535;
5621 : 65535;
5622 : 65535;
5623 : 65535;
5624 : 65535;
5625 : 65535;
5626 : 65535;
5627 : 65535;
5628 : 65535;
5629 : 65535;
5630 : 65535;
5631 : 65535;
5632 : 65535;
5633 : 65535;
5634 : 65535;
5635 : 65535;
5636 : 65535;
5637 : 65535;
5638 : 65535;
5639 : 65535;
5640 : 65535;
5641 : 65535;
5642 : 65535;
5643 : 65535;
5644 : 65535;
5645 : 65535;
5646 : 65535;
5647 : 65535;
5648 : 65535;
5649 : 65535;
5650 : 65535;
5651 : 65535;
5652 : 65535;
5653 : 65535;
5654 : 65535;
5655 : 65535;
5656 : 65535;
5657 : 65535;
5658 : 65535;
5659 : 65535;
5660 : 65535;
5661 : 65535;
5662 : 65535;
5663 : 65535;
5664 : 65535;
5665 : 65535;
5666 : 65535;
5667 : 65535;
5668 : 65535;
5669 : 65535;
5670 : 65535;
5671 : 65535;
5672 : 65535;
5673 : 65535;
5674 : 65535;
5675 : 65535;
5676 : 65535;
5677 : 65535;
5678 : 65535;
5679 : 65535;
5680 : 65535;
5681 : 65535;
5682 : 65535;
5683 : 65535;
5684 : 65535;
5685 : 65535;
5686 : 46453;
5687 : 63289;
5688 : 59030;
5689 : 23799;
5690 : 17559;
5691 : 17559;
5692 : 17559;
5693 : 17559;
5694 : 17591;
5695 : 17591;
5696 : 17591;
5697 : 17591;
5698 : 17624;
5699 : 17297;
5700 : 61244;
5701 : 65535;
5702 : 65535;
5703 : 65535;
5704 : 65535;
5705 : 65535;
5706 : 65535;
5707 : 65535;
5708 : 65535;
5709 : 65535;
5710 : 65535;
5711 : 65535;
5712 : 65535;
5713 : 65535;
5714 : 65535;
5715 : 65535;
5716 : 65535;
5717 : 65535;
5718 : 65535;
5719 : 65535;
5720 : 65535;
5721 : 65535;
5722 : 65535;
5723 : 65535;
5724 : 65535;
5725 : 65535;
5726 : 65535;
5727 : 65535;
5728 : 65535;
5729 : 65535;
5730 : 65535;
5731 : 65535;
5732 : 65535;
5733 : 65535;
5734 : 65535;
5735 : 65535;
5736 : 65535;
5737 : 65535;
5738 : 65535;
5739 : 65535;
5740 : 65535;
5741 : 65535;
5742 : 65535;
5743 : 65535;
5744 : 65535;
5745 : 65535;
5746 : 65535;
5747 : 65535;
5748 : 65535;
5749 : 65535;
5750 : 65535;
5751 : 65535;
5752 : 65535;
5753 : 65535;
5754 : 65535;
5755 : 65535;
5756 : 65535;
5757 : 65535;
5758 : 65535;
5759 : 65535;
5760 : 65535;
5761 : 65535;
5762 : 65535;
5763 : 65535;
5764 : 65535;
5765 : 65535;
5766 : 65535;
5767 : 65535;
5768 : 65535;
5769 : 65535;
5770 : 65535;
5771 : 65535;
5772 : 65535;
5773 : 65535;
5774 : 65535;
5775 : 65535;
5776 : 65535;
5777 : 65535;
5778 : 65535;
5779 : 65535;
5780 : 65535;
5781 : 65535;
5782 : 65535;
5783 : 65535;
5784 : 65535;
5785 : 65535;
5786 : 65535;
5787 : 65535;
5788 : 65535;
5789 : 65535;
5790 : 65535;
5791 : 65535;
5792 : 65535;
5793 : 65535;
5794 : 65535;
5795 : 65535;
5796 : 65535;
5797 : 65535;
5798 : 65535;
5799 : 65535;
5800 : 65535;
5801 : 65535;
5802 : 65535;
5803 : 65535;
5804 : 65535;
5805 : 65535;
5806 : 65535;
5807 : 65535;
5808 : 65535;
5809 : 65535;
5810 : 65535;
5811 : 65535;
5812 : 65535;
5813 : 59164;
5814 : 48532;
5815 : 65466;
5816 : 57016;
5817 : 19671;
5818 : 17591;
5819 : 17559;
5820 : 17559;
5821 : 17559;
5822 : 17591;
5823 : 17591;
5824 : 17591;
5825 : 17591;
5826 : 17559;
5827 : 27698;
5828 : 65535;
5829 : 65535;
5830 : 65535;
5831 : 65535;
5832 : 65535;
5833 : 65535;
5834 : 65535;
5835 : 65535;
5836 : 65535;
5837 : 65535;
5838 : 65535;
5839 : 65535;
5840 : 65535;
5841 : 65535;
5842 : 65535;
5843 : 65535;
5844 : 65535;
5845 : 65535;
5846 : 65535;
5847 : 65535;
5848 : 65535;
5849 : 65535;
5850 : 65535;
5851 : 65535;
5852 : 65535;
5853 : 65535;
5854 : 65535;
5855 : 65535;
5856 : 65535;
5857 : 65535;
5858 : 65535;
5859 : 65535;
5860 : 65535;
5861 : 65535;
5862 : 65535;
5863 : 65535;
5864 : 65535;
5865 : 65535;
5866 : 65535;
5867 : 65535;
5868 : 65535;
5869 : 65535;
5870 : 65535;
5871 : 65535;
5872 : 65535;
5873 : 65535;
5874 : 65535;
5875 : 65535;
5876 : 65535;
5877 : 65535;
5878 : 65535;
5879 : 65535;
5880 : 65535;
5881 : 65535;
5882 : 65535;
5883 : 65535;
5884 : 65535;
5885 : 65535;
5886 : 65535;
5887 : 65535;
5888 : 65535;
5889 : 65535;
5890 : 65535;
5891 : 65535;
5892 : 65535;
5893 : 65535;
5894 : 65535;
5895 : 65535;
5896 : 65535;
5897 : 65535;
5898 : 65535;
5899 : 65535;
5900 : 65535;
5901 : 65535;
5902 : 65535;
5903 : 65535;
5904 : 65535;
5905 : 65535;
5906 : 65535;
5907 : 65535;
5908 : 65535;
5909 : 65535;
5910 : 65535;
5911 : 65535;
5912 : 65535;
5913 : 65535;
5914 : 65535;
5915 : 65535;
5916 : 65535;
5917 : 65535;
5918 : 65535;
5919 : 65535;
5920 : 65535;
5921 : 65535;
5922 : 65535;
5923 : 65535;
5924 : 65535;
5925 : 65535;
5926 : 65535;
5927 : 65535;
5928 : 65535;
5929 : 65535;
5930 : 65535;
5931 : 65535;
5932 : 65535;
5933 : 65535;
5934 : 65535;
5935 : 65535;
5936 : 65535;
5937 : 65535;
5938 : 65535;
5939 : 65535;
5940 : 65535;
5941 : 46518;
5942 : 59095;
5943 : 65466;
5944 : 50873;
5945 : 17656;
5946 : 19671;
5947 : 17591;
5948 : 17559;
5949 : 17559;
5950 : 17559;
5951 : 17559;
5952 : 17559;
5953 : 17591;
5954 : 15380;
5955 : 42325;
5956 : 65535;
5957 : 65535;
5958 : 65535;
5959 : 65535;
5960 : 65535;
5961 : 65535;
5962 : 65535;
5963 : 65535;
5964 : 65535;
5965 : 65535;
5966 : 65535;
5967 : 65535;
5968 : 65535;
5969 : 65535;
5970 : 65535;
5971 : 65535;
5972 : 65535;
5973 : 65535;
5974 : 65535;
5975 : 65535;
5976 : 65535;
5977 : 65535;
5978 : 65535;
5979 : 65535;
5980 : 65535;
5981 : 65535;
5982 : 65535;
5983 : 65535;
5984 : 65535;
5985 : 65535;
5986 : 65535;
5987 : 65535;
5988 : 65535;
5989 : 65535;
5990 : 65535;
5991 : 65535;
5992 : 65535;
5993 : 65535;
5994 : 65535;
5995 : 65535;
5996 : 65535;
5997 : 65535;
5998 : 65535;
5999 : 65535;
6000 : 65535;
6001 : 65535;
6002 : 65535;
6003 : 65535;
6004 : 65535;
6005 : 65535;
6006 : 65535;
6007 : 65535;
6008 : 65535;
6009 : 65535;
6010 : 65535;
6011 : 65535;
6012 : 65535;
6013 : 65535;
6014 : 65535;
6015 : 65535;
6016 : 65535;
6017 : 65535;
6018 : 65535;
6019 : 65535;
6020 : 65535;
6021 : 65535;
6022 : 65535;
6023 : 65535;
6024 : 65535;
6025 : 65535;
6026 : 65535;
6027 : 65535;
6028 : 65535;
6029 : 65535;
6030 : 65535;
6031 : 65535;
6032 : 65535;
6033 : 65535;
6034 : 65535;
6035 : 65535;
6036 : 65535;
6037 : 65535;
6038 : 65535;
6039 : 65535;
6040 : 65535;
6041 : 65535;
6042 : 65535;
6043 : 65535;
6044 : 65535;
6045 : 65535;
6046 : 65535;
6047 : 65535;
6048 : 65535;
6049 : 65535;
6050 : 65535;
6051 : 65535;
6052 : 65535;
6053 : 65535;
6054 : 65535;
6055 : 65535;
6056 : 65535;
6057 : 65535;
6058 : 65535;
6059 : 65535;
6060 : 65535;
6061 : 65535;
6062 : 65535;
6063 : 65535;
6064 : 65535;
6065 : 65535;
6066 : 65535;
6067 : 65535;
6068 : 63422;
6069 : 42226;
6070 : 65434;
6071 : 65434;
6072 : 44699;
6073 : 19770;
6074 : 19671;
6075 : 17591;
6076 : 17559;
6077 : 17559;
6078 : 17559;
6079 : 17559;
6080 : 17559;
6081 : 17591;
6082 : 15315;
6083 : 54970;
6084 : 65535;
6085 : 65535;
6086 : 65535;
6087 : 65535;
6088 : 65535;
6089 : 65535;
6090 : 65535;
6091 : 65535;
6092 : 65535;
6093 : 65535;
6094 : 65535;
6095 : 65535;
6096 : 65535;
6097 : 65535;
6098 : 65535;
6099 : 65535;
6100 : 65535;
6101 : 65535;
6102 : 65535;
6103 : 65535;
6104 : 65535;
6105 : 65535;
6106 : 65535;
6107 : 65535;
6108 : 65535;
6109 : 65535;
6110 : 65535;
6111 : 65535;
6112 : 65535;
6113 : 65535;
6114 : 65535;
6115 : 65535;
6116 : 65535;
6117 : 65535;
6118 : 65535;
6119 : 65535;
6120 : 65535;
6121 : 65535;
6122 : 65535;
6123 : 65535;
6124 : 65535;
6125 : 65535;
6126 : 65535;
6127 : 65535;
6128 : 65535;
6129 : 65535;
6130 : 65535;
6131 : 65535;
6132 : 65535;
6133 : 65535;
6134 : 65535;
6135 : 65535;
6136 : 65535;
6137 : 65535;
6138 : 65535;
6139 : 65535;
6140 : 65535;
6141 : 65535;
6142 : 65535;
6143 : 65535;
6144 : 65535;
6145 : 65535;
6146 : 65535;
6147 : 65535;
6148 : 65535;
6149 : 65535;
6150 : 65535;
6151 : 65535;
6152 : 65535;
6153 : 65535;
6154 : 65535;
6155 : 65535;
6156 : 65535;
6157 : 65535;
6158 : 65535;
6159 : 65535;
6160 : 65535;
6161 : 65535;
6162 : 65535;
6163 : 65535;
6164 : 65535;
6165 : 65535;
6166 : 65535;
6167 : 65535;
6168 : 65535;
6169 : 65535;
6170 : 65535;
6171 : 65535;
6172 : 65535;
6173 : 65535;
6174 : 65535;
6175 : 65535;
6176 : 65535;
6177 : 65535;
6178 : 65535;
6179 : 65535;
6180 : 65535;
6181 : 65535;
6182 : 65535;
6183 : 65535;
6184 : 65535;
6185 : 65535;
6186 : 65535;
6187 : 65535;
6188 : 65535;
6189 : 65535;
6190 : 65535;
6191 : 65535;
6192 : 65535;
6193 : 65535;
6194 : 65535;
6195 : 65535;
6196 : 48664;
6197 : 46484;
6198 : 65467;
6199 : 65402;
6200 : 34331;
6201 : 23963;
6202 : 21850;
6203 : 19704;
6204 : 17591;
6205 : 17559;
6206 : 17559;
6207 : 17559;
6208 : 19672;
6209 : 21818;
6210 : 23571;
6211 : 63390;
6212 : 65535;
6213 : 65535;
6214 : 65535;
6215 : 65535;
6216 : 65535;
6217 : 65535;
6218 : 65535;
6219 : 65535;
6220 : 65535;
6221 : 65535;
6222 : 65535;
6223 : 65535;
6224 : 65535;
6225 : 65535;
6226 : 65535;
6227 : 65535;
6228 : 65535;
6229 : 65535;
6230 : 65535;
6231 : 65535;
6232 : 65535;
6233 : 65535;
6234 : 65535;
6235 : 65535;
6236 : 65535;
6237 : 65535;
6238 : 65535;
6239 : 65535;
6240 : 65535;
6241 : 65535;
6242 : 65535;
6243 : 65535;
6244 : 65535;
6245 : 65535;
6246 : 65535;
6247 : 65535;
6248 : 65535;
6249 : 65535;
6250 : 65535;
6251 : 65535;
6252 : 65535;
6253 : 65535;
6254 : 65535;
6255 : 65535;
6256 : 65535;
6257 : 65535;
6258 : 65535;
6259 : 65535;
6260 : 65535;
6261 : 65535;
6262 : 65535;
6263 : 65535;
6264 : 65535;
6265 : 65535;
6266 : 65535;
6267 : 65535;
6268 : 65535;
6269 : 65535;
6270 : 65535;
6271 : 65535;
6272 : 65535;
6273 : 65535;
6274 : 65535;
6275 : 65535;
6276 : 65535;
6277 : 65535;
6278 : 65535;
6279 : 65535;
6280 : 65535;
6281 : 65535;
6282 : 65535;
6283 : 65535;
6284 : 65535;
6285 : 65535;
6286 : 65535;
6287 : 65535;
6288 : 65535;
6289 : 65535;
6290 : 65535;
6291 : 65535;
6292 : 65535;
6293 : 65535;
6294 : 65535;
6295 : 65535;
6296 : 65535;
6297 : 65535;
6298 : 65535;
6299 : 65535;
6300 : 65535;
6301 : 65535;
6302 : 65535;
6303 : 65535;
6304 : 65535;
6305 : 65535;
6306 : 65535;
6307 : 65535;
6308 : 65535;
6309 : 65535;
6310 : 65535;
6311 : 65535;
6312 : 65535;
6313 : 65535;
6314 : 65535;
6315 : 65535;
6316 : 65535;
6317 : 65535;
6318 : 65535;
6319 : 65535;
6320 : 65535;
6321 : 65535;
6322 : 65535;
6323 : 65535;
6324 : 42259;
6325 : 63289;
6326 : 65434;
6327 : 57114;
6328 : 26044;
6329 : 23996;
6330 : 23995;
6331 : 23931;
6332 : 21850;
6333 : 21818;
6334 : 21785;
6335 : 21818;
6336 : 23931;
6337 : 23963;
6338 : 29811;
6339 : 65535;
6340 : 65535;
6341 : 65535;
6342 : 65535;
6343 : 65535;
6344 : 65535;
6345 : 65535;
6346 : 65535;
6347 : 65535;
6348 : 65535;
6349 : 65535;
6350 : 65535;
6351 : 65535;
6352 : 65535;
6353 : 65535;
6354 : 65535;
6355 : 65535;
6356 : 65535;
6357 : 65535;
6358 : 65535;
6359 : 65535;
6360 : 65535;
6361 : 65535;
6362 : 65535;
6363 : 65535;
6364 : 65535;
6365 : 65535;
6366 : 65535;
6367 : 65535;
6368 : 65535;
6369 : 65535;
6370 : 65535;
6371 : 65535;
6372 : 65535;
6373 : 65535;
6374 : 65535;
6375 : 65535;
6376 : 65535;
6377 : 65535;
6378 : 65535;
6379 : 65535;
6380 : 65535;
6381 : 65535;
6382 : 65535;
6383 : 65535;
6384 : 65535;
6385 : 65535;
6386 : 65535;
6387 : 65535;
6388 : 65535;
6389 : 65535;
6390 : 65535;
6391 : 65535;
6392 : 65535;
6393 : 65535;
6394 : 65535;
6395 : 65535;
6396 : 65535;
6397 : 65535;
6398 : 65535;
6399 : 65535;
6400 : 65535;
6401 : 65535;
6402 : 65535;
6403 : 65535;
6404 : 65535;
6405 : 65535;
6406 : 65535;
6407 : 65535;
6408 : 65535;
6409 : 65535;
6410 : 65535;
6411 : 65535;
6412 : 65535;
6413 : 65535;
6414 : 65535;
6415 : 65535;
6416 : 65535;
6417 : 65535;
6418 : 65535;
6419 : 65535;
6420 : 65535;
6421 : 65535;
6422 : 65535;
6423 : 65535;
6424 : 65535;
6425 : 65535;
6426 : 65535;
6427 : 65535;
6428 : 65535;
6429 : 65535;
6430 : 65535;
6431 : 65535;
6432 : 65535;
6433 : 65535;
6434 : 65535;
6435 : 65535;
6436 : 65535;
6437 : 65535;
6438 : 65535;
6439 : 65535;
6440 : 65535;
6441 : 65535;
6442 : 65535;
6443 : 65535;
6444 : 65535;
6445 : 65535;
6446 : 65535;
6447 : 65535;
6448 : 65535;
6449 : 65535;
6450 : 65535;
6451 : 54971;
6452 : 44370;
6453 : 65467;
6454 : 65434;
6455 : 48827;
6456 : 23964;
6457 : 26044;
6458 : 26044;
6459 : 26044;
6460 : 26044;
6461 : 26044;
6462 : 23963;
6463 : 23931;
6464 : 23964;
6465 : 19672;
6466 : 40212;
6467 : 65535;
6468 : 65535;
6469 : 65535;
6470 : 65535;
6471 : 65535;
6472 : 65535;
6473 : 65535;
6474 : 65535;
6475 : 65535;
6476 : 65535;
6477 : 65535;
6478 : 65535;
6479 : 65535;
6480 : 65535;
6481 : 65535;
6482 : 65535;
6483 : 65535;
6484 : 65535;
6485 : 65535;
6486 : 65535;
6487 : 65535;
6488 : 65535;
6489 : 65535;
6490 : 65535;
6491 : 65535;
6492 : 65535;
6493 : 65535;
6494 : 65535;
6495 : 65535;
6496 : 65535;
6497 : 65535;
6498 : 65535;
6499 : 65535;
6500 : 65535;
6501 : 65535;
6502 : 65535;
6503 : 65535;
6504 : 65535;
6505 : 65535;
6506 : 65535;
6507 : 65535;
6508 : 65535;
6509 : 65535;
6510 : 65535;
6511 : 65535;
6512 : 65535;
6513 : 65535;
6514 : 65535;
6515 : 65535;
6516 : 65535;
6517 : 65535;
6518 : 65535;
6519 : 65535;
6520 : 65535;
6521 : 65535;
6522 : 65535;
6523 : 65535;
6524 : 65535;
6525 : 65535;
6526 : 65535;
6527 : 65535;
6528 : 65535;
6529 : 65535;
6530 : 65535;
6531 : 65535;
6532 : 65535;
6533 : 65535;
6534 : 65535;
6535 : 65535;
6536 : 65535;
6537 : 65535;
6538 : 65535;
6539 : 65535;
6540 : 65535;
6541 : 65535;
6542 : 65535;
6543 : 65535;
6544 : 65535;
6545 : 65535;
6546 : 65535;
6547 : 65535;
6548 : 65535;
6549 : 65535;
6550 : 65535;
6551 : 65535;
6552 : 65535;
6553 : 65535;
6554 : 65535;
6555 : 65535;
6556 : 65535;
6557 : 65535;
6558 : 65535;
6559 : 65535;
6560 : 65535;
6561 : 65535;
6562 : 65535;
6563 : 65535;
6564 : 65535;
6565 : 65535;
6566 : 65535;
6567 : 65535;
6568 : 65535;
6569 : 65535;
6570 : 65535;
6571 : 65535;
6572 : 65535;
6573 : 65535;
6574 : 65535;
6575 : 65535;
6576 : 65535;
6577 : 65535;
6578 : 65535;
6579 : 42227;
6580 : 59095;
6581 : 65434;
6582 : 65434;
6583 : 36411;
6584 : 23964;
6585 : 26044;
6586 : 26044;
6587 : 26044;
6588 : 26044;
6589 : 26044;
6590 : 23996;
6591 : 23931;
6592 : 23964;
6593 : 17461;
6594 : 48631;
6595 : 65535;
6596 : 65535;
6597 : 65535;
6598 : 65535;
6599 : 65535;
6600 : 65535;
6601 : 65535;
6602 : 65535;
6603 : 65535;
6604 : 65535;
6605 : 65535;
6606 : 65535;
6607 : 65535;
6608 : 65535;
6609 : 65535;
6610 : 65535;
6611 : 65535;
6612 : 65535;
6613 : 65535;
6614 : 65535;
6615 : 65535;
6616 : 65535;
6617 : 65535;
6618 : 65535;
6619 : 65535;
6620 : 65535;
6621 : 65535;
6622 : 65535;
6623 : 65535;
6624 : 65535;
6625 : 65535;
6626 : 65535;
6627 : 65535;
6628 : 65535;
6629 : 65535;
6630 : 65535;
6631 : 65535;
6632 : 65535;
6633 : 65535;
6634 : 65535;
6635 : 65535;
6636 : 65535;
6637 : 65535;
6638 : 65535;
6639 : 65535;
6640 : 65535;
6641 : 65535;
6642 : 65535;
6643 : 65535;
6644 : 65535;
6645 : 65535;
6646 : 65535;
6647 : 65535;
6648 : 65535;
6649 : 65535;
6650 : 65535;
6651 : 65535;
6652 : 65535;
6653 : 65535;
6654 : 65535;
6655 : 65535;
6656 : 65535;
6657 : 65535;
6658 : 65535;
6659 : 65535;
6660 : 65535;
6661 : 65535;
6662 : 65535;
6663 : 65535;
6664 : 65535;
6665 : 65535;
6666 : 65535;
6667 : 65535;
6668 : 65535;
6669 : 65535;
6670 : 65535;
6671 : 65535;
6672 : 65535;
6673 : 65535;
6674 : 65535;
6675 : 65535;
6676 : 65535;
6677 : 65535;
6678 : 65535;
6679 : 65535;
6680 : 65535;
6681 : 65535;
6682 : 65535;
6683 : 65535;
6684 : 65535;
6685 : 65535;
6686 : 65535;
6687 : 65535;
6688 : 65535;
6689 : 65535;
6690 : 65535;
6691 : 65535;
6692 : 65535;
6693 : 65535;
6694 : 65535;
6695 : 65535;
6696 : 65535;
6697 : 65535;
6698 : 65535;
6699 : 65535;
6700 : 65535;
6701 : 65535;
6702 : 65535;
6703 : 65535;
6704 : 65535;
6705 : 65535;
6706 : 59164;
6707 : 40145;
6708 : 65434;
6709 : 65434;
6710 : 59194;
6711 : 26044;
6712 : 23996;
6713 : 26044;
6714 : 26044;
6715 : 26044;
6716 : 23964;
6717 : 23964;
6718 : 23963;
6719 : 23931;
6720 : 23964;
6721 : 17330;
6722 : 59163;
6723 : 65535;
6724 : 65535;
6725 : 65535;
6726 : 65535;
6727 : 65535;
6728 : 65535;
6729 : 65535;
6730 : 65535;
6731 : 65535;
6732 : 65535;
6733 : 65535;
6734 : 65535;
6735 : 65535;
6736 : 65535;
6737 : 65535;
6738 : 65535;
6739 : 65535;
6740 : 65535;
6741 : 65535;
6742 : 65535;
6743 : 65535;
6744 : 65535;
6745 : 65535;
6746 : 65535;
6747 : 65535;
6748 : 65535;
6749 : 65535;
6750 : 65535;
6751 : 65535;
6752 : 65535;
6753 : 65535;
6754 : 65535;
6755 : 65535;
6756 : 65535;
6757 : 65535;
6758 : 65535;
6759 : 65535;
6760 : 65535;
6761 : 65535;
6762 : 65535;
6763 : 65535;
6764 : 65535;
6765 : 65535;
6766 : 65535;
6767 : 65535;
6768 : 65535;
6769 : 65535;
6770 : 65535;
6771 : 65535;
6772 : 65535;
6773 : 65535;
6774 : 65535;
6775 : 65535;
6776 : 65535;
6777 : 65535;
6778 : 65535;
6779 : 65535;
6780 : 65535;
6781 : 65535;
6782 : 65535;
6783 : 65535;
6784 : 65535;
6785 : 65535;
6786 : 65535;
6787 : 65535;
6788 : 65535;
6789 : 65535;
6790 : 65535;
6791 : 65535;
6792 : 65535;
6793 : 65535;
6794 : 65535;
6795 : 65535;
6796 : 65535;
6797 : 65535;
6798 : 65535;
6799 : 65535;
6800 : 65535;
6801 : 65535;
6802 : 65535;
6803 : 65535;
6804 : 65535;
6805 : 65535;
6806 : 65535;
6807 : 65535;
6808 : 65535;
6809 : 65535;
6810 : 65535;
6811 : 65535;
6812 : 65535;
6813 : 65535;
6814 : 65535;
6815 : 65535;
6816 : 65535;
6817 : 65535;
6818 : 65535;
6819 : 65535;
6820 : 65535;
6821 : 65535;
6822 : 65535;
6823 : 65535;
6824 : 65535;
6825 : 65535;
6826 : 65535;
6827 : 65535;
6828 : 65535;
6829 : 65535;
6830 : 65535;
6831 : 65535;
6832 : 65535;
6833 : 65535;
6834 : 42259;
6835 : 56982;
6836 : 65434;
6837 : 65434;
6838 : 44699;
6839 : 23964;
6840 : 26044;
6841 : 26044;
6842 : 26044;
6843 : 23963;
6844 : 23931;
6845 : 23931;
6846 : 23931;
6847 : 23963;
6848 : 23964;
6849 : 21424;
6850 : 63389;
6851 : 65535;
6852 : 65535;
6853 : 65535;
6854 : 65535;
6855 : 65535;
6856 : 65535;
6857 : 65535;
6858 : 65535;
6859 : 65535;
6860 : 65535;
6861 : 65535;
6862 : 65535;
6863 : 65535;
6864 : 65535;
6865 : 65535;
6866 : 65535;
6867 : 65535;
6868 : 65535;
6869 : 65535;
6870 : 65535;
6871 : 65535;
6872 : 65535;
6873 : 65535;
6874 : 65535;
6875 : 65535;
6876 : 65535;
6877 : 65535;
6878 : 65535;
6879 : 65535;
6880 : 65535;
6881 : 65535;
6882 : 65535;
6883 : 65535;
6884 : 65535;
6885 : 65535;
6886 : 65535;
6887 : 65535;
6888 : 65535;
6889 : 65535;
6890 : 65535;
6891 : 65535;
6892 : 65535;
6893 : 65535;
6894 : 65535;
6895 : 65535;
6896 : 65535;
6897 : 65535;
6898 : 65535;
6899 : 65535;
6900 : 65535;
6901 : 65535;
6902 : 65535;
6903 : 65535;
6904 : 65535;
6905 : 65535;
6906 : 65535;
6907 : 65535;
6908 : 65535;
6909 : 65535;
6910 : 65535;
6911 : 65535;
6912 : 65535;
6913 : 65535;
6914 : 65535;
6915 : 65535;
6916 : 65535;
6917 : 65535;
6918 : 65535;
6919 : 65535;
6920 : 65535;
6921 : 65535;
6922 : 65535;
6923 : 65535;
6924 : 65535;
6925 : 65535;
6926 : 65535;
6927 : 65535;
6928 : 65535;
6929 : 65535;
6930 : 65535;
6931 : 65535;
6932 : 65535;
6933 : 65535;
6934 : 65535;
6935 : 65535;
6936 : 65535;
6937 : 65535;
6938 : 65535;
6939 : 65535;
6940 : 65535;
6941 : 65535;
6942 : 65535;
6943 : 65535;
6944 : 65535;
6945 : 65535;
6946 : 65535;
6947 : 65535;
6948 : 65535;
6949 : 65535;
6950 : 65535;
6951 : 65535;
6952 : 65535;
6953 : 65535;
6954 : 65535;
6955 : 65535;
6956 : 65535;
6957 : 65535;
6958 : 65535;
6959 : 65535;
6960 : 65535;
6961 : 59196;
6962 : 40112;
6963 : 65434;
6964 : 65402;
6965 : 63354;
6966 : 32251;
6967 : 23964;
6968 : 26044;
6969 : 26044;
6970 : 23964;
6971 : 23963;
6972 : 23931;
6973 : 23931;
6974 : 23931;
6975 : 26044;
6976 : 23963;
6977 : 23472;
6978 : 65503;
6979 : 65535;
6980 : 65535;
6981 : 65535;
6982 : 65535;
6983 : 65535;
6984 : 65535;
6985 : 65535;
6986 : 63422;
6987 : 63390;
6988 : 65535;
6989 : 65535;
6990 : 65535;
6991 : 65535;
6992 : 65535;
6993 : 65535;
6994 : 65535;
6995 : 65535;
6996 : 65535;
6997 : 65535;
6998 : 65535;
6999 : 65535;
7000 : 65535;
7001 : 65535;
7002 : 65535;
7003 : 65535;
7004 : 65535;
7005 : 65535;
7006 : 65535;
7007 : 65535;
7008 : 65535;
7009 : 65535;
7010 : 65535;
7011 : 65535;
7012 : 65535;
7013 : 65535;
7014 : 65535;
7015 : 65535;
7016 : 65535;
7017 : 65535;
7018 : 65535;
7019 : 65535;
7020 : 65535;
7021 : 65535;
7022 : 65535;
7023 : 65535;
7024 : 65535;
7025 : 65535;
7026 : 65535;
7027 : 65535;
7028 : 65535;
7029 : 65535;
7030 : 65535;
7031 : 65535;
7032 : 65535;
7033 : 65535;
7034 : 65535;
7035 : 65535;
7036 : 65535;
7037 : 65535;
7038 : 65535;
7039 : 65535;
7040 : 65535;
7041 : 65535;
7042 : 65535;
7043 : 65535;
7044 : 65535;
7045 : 65535;
7046 : 65535;
7047 : 65535;
7048 : 65535;
7049 : 65535;
7050 : 65535;
7051 : 65535;
7052 : 65535;
7053 : 65535;
7054 : 65535;
7055 : 65535;
7056 : 65535;
7057 : 65535;
7058 : 65535;
7059 : 65535;
7060 : 65535;
7061 : 65535;
7062 : 65535;
7063 : 65535;
7064 : 65535;
7065 : 65535;
7066 : 65535;
7067 : 65535;
7068 : 65535;
7069 : 65535;
7070 : 65535;
7071 : 65535;
7072 : 65535;
7073 : 65535;
7074 : 65535;
7075 : 65535;
7076 : 65535;
7077 : 65535;
7078 : 65535;
7079 : 65535;
7080 : 65535;
7081 : 65535;
7082 : 65535;
7083 : 65535;
7084 : 65535;
7085 : 65535;
7086 : 65535;
7087 : 65535;
7088 : 65535;
7089 : 42227;
7090 : 54870;
7091 : 65434;
7092 : 65434;
7093 : 50907;
7094 : 23931;
7095 : 23964;
7096 : 26044;
7097 : 26044;
7098 : 23963;
7099 : 23931;
7100 : 23931;
7101 : 23931;
7102 : 23963;
7103 : 26044;
7104 : 23930;
7105 : 23406;
7106 : 65535;
7107 : 65535;
7108 : 65535;
7109 : 65535;
7110 : 65535;
7111 : 65535;
7112 : 54938;
7113 : 31695;
7114 : 33841;
7115 : 35953;
7116 : 38066;
7117 : 42292;
7118 : 63390;
7119 : 65535;
7120 : 65535;
7121 : 65535;
7122 : 65535;
7123 : 65535;
7124 : 65535;
7125 : 65535;
7126 : 65535;
7127 : 65535;
7128 : 65535;
7129 : 65535;
7130 : 65535;
7131 : 65535;
7132 : 65535;
7133 : 65535;
7134 : 65535;
7135 : 65535;
7136 : 65535;
7137 : 65535;
7138 : 65535;
7139 : 65535;
7140 : 65535;
7141 : 65535;
7142 : 65535;
7143 : 65535;
7144 : 65535;
7145 : 65535;
7146 : 65535;
7147 : 65535;
7148 : 65535;
7149 : 65535;
7150 : 65535;
7151 : 65535;
7152 : 65535;
7153 : 65535;
7154 : 65535;
7155 : 65535;
7156 : 65535;
7157 : 65535;
7158 : 65535;
7159 : 65535;
7160 : 65535;
7161 : 65535;
7162 : 65535;
7163 : 65535;
7164 : 65535;
7165 : 65535;
7166 : 65535;
7167 : 65535;
7168 : 65535;
7169 : 65535;
7170 : 65535;
7171 : 65535;
7172 : 65535;
7173 : 65535;
7174 : 65535;
7175 : 65535;
7176 : 65535;
7177 : 65535;
7178 : 65535;
7179 : 65535;
7180 : 65535;
7181 : 65535;
7182 : 65535;
7183 : 65535;
7184 : 65535;
7185 : 65535;
7186 : 65535;
7187 : 65535;
7188 : 65535;
7189 : 65535;
7190 : 65535;
7191 : 65535;
7192 : 65535;
7193 : 65535;
7194 : 65535;
7195 : 65535;
7196 : 65535;
7197 : 65535;
7198 : 65535;
7199 : 65535;
7200 : 65535;
7201 : 65535;
7202 : 65535;
7203 : 65535;
7204 : 65535;
7205 : 65535;
7206 : 65535;
7207 : 65535;
7208 : 65535;
7209 : 65535;
7210 : 65535;
7211 : 65535;
7212 : 65535;
7213 : 65535;
7214 : 65535;
7215 : 65535;
7216 : 61277;
7217 : 40145;
7218 : 65434;
7219 : 65402;
7220 : 63354;
7221 : 32251;
7222 : 21851;
7223 : 23931;
7224 : 23931;
7225 : 23964;
7226 : 23964;
7227 : 23931;
7228 : 23931;
7229 : 23932;
7230 : 26044;
7231 : 26076;
7232 : 23931;
7233 : 27600;
7234 : 65535;
7235 : 65535;
7236 : 65535;
7237 : 65535;
7238 : 65535;
7239 : 63390;
7240 : 29582;
7241 : 48599;
7242 : 59197;
7243 : 61310;
7244 : 61277;
7245 : 44406;
7246 : 33808;
7247 : 65503;
7248 : 65535;
7249 : 65535;
7250 : 65535;
7251 : 65535;
7252 : 65535;
7253 : 65535;
7254 : 65535;
7255 : 65535;
7256 : 65535;
7257 : 65535;
7258 : 65535;
7259 : 65535;
7260 : 65535;
7261 : 65535;
7262 : 65535;
7263 : 65535;
7264 : 65535;
7265 : 65535;
7266 : 65535;
7267 : 65535;
7268 : 65535;
7269 : 65535;
7270 : 65535;
7271 : 65535;
7272 : 65535;
7273 : 65535;
7274 : 65535;
7275 : 65535;
7276 : 65535;
7277 : 65535;
7278 : 65535;
7279 : 65535;
7280 : 65535;
7281 : 65535;
7282 : 65535;
7283 : 65535;
7284 : 65535;
7285 : 65535;
7286 : 65535;
7287 : 65535;
7288 : 65535;
7289 : 65535;
7290 : 65535;
7291 : 65535;
7292 : 65535;
7293 : 65535;
7294 : 65535;
7295 : 65535;
7296 : 65535;
7297 : 65535;
7298 : 65535;
7299 : 65535;
7300 : 65535;
7301 : 65535;
7302 : 65535;
7303 : 65535;
7304 : 65535;
7305 : 65535;
7306 : 65535;
7307 : 65535;
7308 : 65535;
7309 : 65535;
7310 : 65535;
7311 : 65535;
7312 : 65535;
7313 : 65535;
7314 : 65535;
7315 : 65535;
7316 : 65535;
7317 : 65535;
7318 : 65535;
7319 : 65535;
7320 : 65535;
7321 : 65535;
7322 : 65535;
7323 : 65535;
7324 : 65535;
7325 : 65535;
7326 : 65535;
7327 : 65535;
7328 : 65535;
7329 : 65535;
7330 : 65535;
7331 : 65535;
7332 : 65535;
7333 : 65535;
7334 : 65535;
7335 : 65535;
7336 : 65535;
7337 : 65535;
7338 : 65535;
7339 : 65535;
7340 : 65535;
7341 : 65535;
7342 : 65535;
7343 : 65535;
7344 : 46486;
7345 : 56983;
7346 : 65402;
7347 : 65369;
7348 : 46714;
7349 : 21883;
7350 : 23931;
7351 : 23931;
7352 : 23931;
7353 : 23931;
7354 : 23963;
7355 : 26012;
7356 : 23964;
7357 : 19672;
7358 : 15283;
7359 : 17232;
7360 : 17199;
7361 : 23276;
7362 : 38066;
7363 : 48599;
7364 : 61277;
7365 : 65535;
7366 : 65535;
7367 : 48599;
7368 : 40180;
7369 : 50681;
7370 : 50713;
7371 : 52858;
7372 : 57052;
7373 : 57085;
7374 : 35954;
7375 : 61276;
7376 : 65535;
7377 : 65535;
7378 : 65535;
7379 : 65535;
7380 : 65535;
7381 : 65535;
7382 : 65535;
7383 : 65535;
7384 : 65535;
7385 : 65535;
7386 : 65535;
7387 : 65535;
7388 : 65535;
7389 : 65535;
7390 : 65535;
7391 : 65535;
7392 : 65535;
7393 : 65535;
7394 : 65535;
7395 : 65535;
7396 : 65535;
7397 : 65535;
7398 : 65535;
7399 : 65535;
7400 : 65535;
7401 : 65535;
7402 : 65535;
7403 : 65535;
7404 : 65535;
7405 : 65535;
7406 : 65535;
7407 : 65535;
7408 : 65535;
7409 : 65535;
7410 : 65535;
7411 : 65535;
7412 : 65535;
7413 : 65535;
7414 : 65535;
7415 : 65535;
7416 : 65535;
7417 : 65535;
7418 : 65535;
7419 : 65535;
7420 : 65535;
7421 : 65535;
7422 : 65535;
7423 : 65535;
7424 : 65535;
7425 : 65535;
7426 : 65535;
7427 : 65535;
7428 : 65535;
7429 : 65535;
7430 : 65535;
7431 : 65535;
7432 : 65535;
7433 : 65535;
7434 : 65535;
7435 : 65535;
7436 : 65535;
7437 : 65535;
7438 : 65535;
7439 : 65535;
7440 : 65535;
7441 : 65535;
7442 : 65535;
7443 : 65535;
7444 : 65535;
7445 : 65535;
7446 : 65535;
7447 : 65535;
7448 : 65535;
7449 : 65535;
7450 : 65535;
7451 : 65535;
7452 : 65535;
7453 : 65535;
7454 : 65535;
7455 : 65535;
7456 : 65535;
7457 : 65535;
7458 : 65535;
7459 : 65535;
7460 : 65535;
7461 : 65535;
7462 : 65535;
7463 : 65535;
7464 : 65535;
7465 : 65535;
7466 : 65535;
7467 : 65535;
7468 : 65535;
7469 : 65535;
7470 : 65535;
7471 : 59164;
7472 : 44371;
7473 : 65370;
7474 : 63289;
7475 : 59130;
7476 : 26011;
7477 : 21851;
7478 : 23931;
7479 : 23931;
7480 : 23931;
7481 : 23931;
7482 : 23996;
7483 : 19672;
7484 : 17264;
7485 : 27600;
7486 : 42228;
7487 : 48568;
7488 : 52793;
7489 : 50745;
7490 : 46487;
7491 : 40148;
7492 : 33841;
7493 : 44373;
7494 : 63422;
7495 : 35921;
7496 : 48600;
7497 : 48633;
7498 : 48632;
7499 : 48633;
7500 : 48633;
7501 : 50713;
7502 : 38067;
7503 : 61277;
7504 : 65535;
7505 : 65535;
7506 : 65535;
7507 : 65535;
7508 : 65535;
7509 : 65535;
7510 : 65535;
7511 : 65535;
7512 : 65535;
7513 : 65535;
7514 : 65535;
7515 : 65535;
7516 : 65535;
7517 : 65535;
7518 : 65535;
7519 : 65535;
7520 : 65535;
7521 : 65535;
7522 : 65535;
7523 : 65535;
7524 : 65535;
7525 : 65535;
7526 : 65535;
7527 : 65535;
7528 : 65535;
7529 : 65535;
7530 : 65535;
7531 : 65535;
7532 : 65535;
7533 : 65535;
7534 : 65535;
7535 : 65535;
7536 : 65535;
7537 : 65535;
7538 : 65535;
7539 : 65535;
7540 : 65535;
7541 : 65535;
7542 : 65535;
7543 : 65535;
7544 : 65535;
7545 : 65535;
7546 : 65535;
7547 : 65535;
7548 : 65535;
7549 : 65535;
7550 : 65535;
7551 : 65535;
7552 : 65535;
7553 : 65535;
7554 : 65535;
7555 : 65535;
7556 : 65535;
7557 : 65535;
7558 : 65535;
7559 : 65535;
7560 : 65535;
7561 : 65535;
7562 : 65535;
7563 : 65535;
7564 : 65535;
7565 : 65535;
7566 : 65535;
7567 : 65535;
7568 : 65535;
7569 : 65535;
7570 : 65535;
7571 : 65535;
7572 : 65535;
7573 : 65535;
7574 : 65535;
7575 : 65535;
7576 : 65535;
7577 : 65535;
7578 : 65535;
7579 : 65535;
7580 : 65535;
7581 : 65535;
7582 : 65535;
7583 : 65535;
7584 : 65535;
7585 : 65535;
7586 : 65535;
7587 : 65535;
7588 : 65535;
7589 : 65535;
7590 : 65535;
7591 : 65535;
7592 : 65535;
7593 : 65535;
7594 : 65535;
7595 : 65535;
7596 : 65535;
7597 : 65535;
7598 : 65535;
7599 : 44339;
7600 : 59096;
7601 : 63290;
7602 : 63290;
7603 : 36347;
7604 : 21851;
7605 : 23931;
7606 : 23931;
7607 : 23931;
7608 : 26012;
7609 : 23996;
7610 : 19573;
7611 : 33874;
7612 : 54906;
7613 : 61310;
7614 : 61278;
7615 : 59165;
7616 : 57052;
7617 : 52826;
7618 : 50746;
7619 : 52827;
7620 : 52859;
7621 : 44407;
7622 : 33776;
7623 : 31728;
7624 : 50746;
7625 : 50713;
7626 : 48633;
7627 : 48633;
7628 : 48633;
7629 : 48633;
7630 : 35921;
7631 : 63390;
7632 : 65535;
7633 : 65535;
7634 : 65535;
7635 : 65535;
7636 : 65535;
7637 : 65535;
7638 : 65535;
7639 : 65535;
7640 : 65535;
7641 : 65535;
7642 : 65535;
7643 : 65535;
7644 : 65535;
7645 : 65535;
7646 : 65535;
7647 : 65535;
7648 : 65535;
7649 : 65535;
7650 : 65535;
7651 : 65535;
7652 : 65535;
7653 : 65535;
7654 : 65535;
7655 : 65535;
7656 : 65535;
7657 : 65535;
7658 : 65535;
7659 : 65535;
7660 : 65535;
7661 : 65535;
7662 : 65535;
7663 : 65535;
7664 : 65535;
7665 : 65535;
7666 : 65535;
7667 : 65535;
7668 : 65535;
7669 : 65535;
7670 : 65535;
7671 : 65535;
7672 : 65535;
7673 : 65535;
7674 : 65535;
7675 : 65535;
7676 : 65535;
7677 : 65535;
7678 : 65535;
7679 : 65535;
7680 : 65535;
7681 : 65535;
7682 : 65535;
7683 : 65535;
7684 : 65535;
7685 : 65535;
7686 : 65535;
7687 : 65535;
7688 : 65535;
7689 : 65535;
7690 : 65535;
7691 : 65535;
7692 : 65535;
7693 : 65535;
7694 : 65535;
7695 : 65535;
7696 : 65535;
7697 : 65535;
7698 : 65535;
7699 : 65535;
7700 : 65535;
7701 : 65535;
7702 : 65535;
7703 : 65535;
7704 : 65535;
7705 : 65535;
7706 : 65535;
7707 : 65535;
7708 : 65535;
7709 : 65535;
7710 : 65535;
7711 : 65535;
7712 : 65535;
7713 : 65535;
7714 : 65535;
7715 : 65535;
7716 : 65535;
7717 : 65535;
7718 : 65535;
7719 : 65535;
7720 : 65535;
7721 : 65535;
7722 : 65535;
7723 : 65535;
7724 : 65535;
7725 : 65535;
7726 : 54970;
7727 : 50644;
7728 : 65402;
7729 : 63289;
7730 : 46714;
7731 : 21851;
7732 : 23931;
7733 : 23931;
7734 : 23931;
7735 : 26012;
7736 : 23996;
7737 : 21556;
7738 : 46519;
7739 : 63390;
7740 : 61310;
7741 : 61277;
7742 : 61277;
7743 : 59197;
7744 : 57052;
7745 : 48633;
7746 : 42262;
7747 : 40148;
7748 : 38002;
7749 : 40148;
7750 : 31696;
7751 : 38035;
7752 : 50713;
7753 : 48632;
7754 : 48600;
7755 : 48600;
7756 : 46488;
7757 : 44407;
7758 : 33841;
7759 : 65503;
7760 : 65535;
7761 : 65535;
7762 : 65535;
7763 : 65535;
7764 : 65535;
7765 : 65535;
7766 : 65535;
7767 : 65535;
7768 : 65535;
7769 : 65535;
7770 : 65535;
7771 : 65535;
7772 : 65535;
7773 : 65535;
7774 : 65535;
7775 : 65535;
7776 : 65535;
7777 : 65535;
7778 : 65535;
7779 : 65535;
7780 : 65535;
7781 : 65535;
7782 : 65535;
7783 : 65535;
7784 : 65535;
7785 : 65535;
7786 : 65535;
7787 : 65535;
7788 : 65535;
7789 : 65535;
7790 : 65535;
7791 : 65535;
7792 : 65535;
7793 : 65535;
7794 : 65535;
7795 : 65535;
7796 : 65535;
7797 : 65535;
7798 : 65535;
7799 : 65535;
7800 : 65535;
7801 : 65535;
7802 : 65535;
7803 : 65535;
7804 : 65535;
7805 : 65535;
7806 : 65535;
7807 : 65535;
7808 : 65535;
7809 : 65535;
7810 : 65535;
7811 : 65535;
7812 : 65535;
7813 : 65535;
7814 : 65535;
7815 : 65535;
7816 : 65535;
7817 : 65535;
7818 : 65535;
7819 : 65535;
7820 : 65535;
7821 : 65535;
7822 : 65535;
7823 : 65535;
7824 : 65535;
7825 : 65535;
7826 : 65535;
7827 : 65535;
7828 : 65535;
7829 : 65535;
7830 : 65535;
7831 : 65535;
7832 : 65535;
7833 : 65535;
7834 : 65535;
7835 : 65535;
7836 : 65535;
7837 : 65535;
7838 : 65535;
7839 : 65535;
7840 : 65535;
7841 : 65535;
7842 : 65535;
7843 : 65535;
7844 : 65535;
7845 : 65535;
7846 : 65535;
7847 : 65535;
7848 : 65535;
7849 : 65535;
7850 : 65535;
7851 : 65535;
7852 : 65535;
7853 : 63422;
7854 : 46452;
7855 : 63321;
7856 : 65402;
7857 : 57114;
7858 : 26011;
7859 : 21851;
7860 : 23931;
7861 : 23931;
7862 : 23931;
7863 : 26044;
7864 : 15151;
7865 : 44373;
7866 : 63390;
7867 : 61310;
7868 : 61278;
7869 : 61277;
7870 : 57084;
7871 : 50713;
7872 : 35890;
7873 : 23244;
7874 : 23211;
7875 : 27470;
7876 : 31663;
7877 : 33808;
7878 : 23211;
7879 : 46520;
7880 : 48600;
7881 : 46487;
7882 : 48600;
7883 : 46520;
7884 : 44374;
7885 : 44374;
7886 : 33841;
7887 : 65503;
7888 : 65535;
7889 : 65535;
7890 : 65535;
7891 : 65535;
7892 : 65535;
7893 : 65535;
7894 : 65535;
7895 : 65535;
7896 : 65535;
7897 : 65535;
7898 : 65535;
7899 : 65535;
7900 : 65535;
7901 : 65535;
7902 : 65535;
7903 : 65535;
7904 : 65535;
7905 : 65535;
7906 : 65535;
7907 : 65535;
7908 : 65535;
7909 : 65535;
7910 : 65535;
7911 : 65535;
7912 : 65535;
7913 : 65535;
7914 : 65535;
7915 : 65535;
7916 : 65535;
7917 : 65535;
7918 : 65535;
7919 : 65535;
7920 : 65535;
7921 : 65535;
7922 : 65535;
7923 : 65535;
7924 : 65535;
7925 : 65535;
7926 : 65535;
7927 : 65535;
7928 : 65535;
7929 : 65535;
7930 : 65535;
7931 : 65535;
7932 : 65535;
7933 : 65535;
7934 : 65535;
7935 : 65535;
7936 : 65535;
7937 : 65535;
7938 : 65535;
7939 : 65535;
7940 : 65535;
7941 : 65535;
7942 : 65535;
7943 : 65535;
7944 : 65535;
7945 : 65535;
7946 : 65535;
7947 : 65535;
7948 : 65535;
7949 : 65535;
7950 : 65535;
7951 : 65535;
7952 : 65535;
7953 : 65535;
7954 : 65535;
7955 : 65535;
7956 : 65535;
7957 : 65535;
7958 : 65535;
7959 : 65535;
7960 : 65535;
7961 : 65535;
7962 : 65535;
7963 : 65535;
7964 : 65535;
7965 : 65535;
7966 : 65535;
7967 : 65535;
7968 : 65535;
7969 : 65535;
7970 : 65535;
7971 : 65535;
7972 : 65535;
7973 : 65535;
7974 : 65535;
7975 : 65535;
7976 : 65535;
7977 : 65535;
7978 : 65535;
7979 : 65535;
7980 : 65535;
7981 : 48631;
7982 : 56983;
7983 : 65434;
7984 : 63354;
7985 : 34331;
7986 : 23964;
7987 : 23931;
7988 : 23931;
7989 : 23963;
7990 : 23996;
7991 : 15184;
7992 : 40147;
7993 : 63391;
7994 : 61278;
7995 : 61277;
7996 : 61278;
7997 : 57052;
7998 : 44374;
7999 : 23276;
8000 : 25389;
8001 : 38003;
8002 : 46455;
8003 : 46487;
8004 : 50713;
8005 : 46487;
8006 : 31728;
8007 : 50713;
8008 : 46519;
8009 : 44407;
8010 : 46487;
8011 : 46519;
8012 : 44341;
8013 : 42261;
8014 : 33808;
8015 : 65535;
8016 : 65535;
8017 : 65535;
8018 : 65535;
8019 : 65535;
8020 : 65535;
8021 : 65535;
8022 : 65535;
8023 : 65535;
8024 : 65535;
8025 : 65535;
8026 : 65535;
8027 : 65535;
8028 : 65535;
8029 : 65535;
8030 : 65535;
8031 : 65535;
8032 : 65535;
8033 : 65535;
8034 : 65535;
8035 : 65535;
8036 : 65535;
8037 : 65535;
8038 : 65535;
8039 : 65535;
8040 : 65535;
8041 : 65535;
8042 : 65535;
8043 : 65535;
8044 : 65535;
8045 : 65535;
8046 : 65535;
8047 : 65535;
8048 : 65535;
8049 : 65535;
8050 : 65535;
8051 : 65535;
8052 : 65535;
8053 : 65535;
8054 : 65535;
8055 : 65535;
8056 : 65535;
8057 : 65535;
8058 : 65535;
8059 : 65535;
8060 : 65535;
8061 : 65535;
8062 : 65535;
8063 : 65535;
8064 : 65535;
8065 : 65535;
8066 : 65535;
8067 : 65535;
8068 : 65535;
8069 : 65535;
8070 : 65535;
8071 : 65535;
8072 : 65535;
8073 : 65535;
8074 : 65535;
8075 : 65535;
8076 : 65535;
8077 : 65535;
8078 : 65535;
8079 : 65535;
8080 : 65535;
8081 : 65535;
8082 : 65535;
8083 : 65535;
8084 : 65535;
8085 : 65535;
8086 : 65535;
8087 : 65535;
8088 : 65535;
8089 : 65535;
8090 : 65535;
8091 : 65535;
8092 : 65535;
8093 : 65535;
8094 : 65535;
8095 : 65535;
8096 : 65535;
8097 : 65535;
8098 : 65535;
8099 : 65535;
8100 : 65535;
8101 : 65535;
8102 : 65535;
8103 : 65535;
8104 : 65535;
8105 : 65535;
8106 : 65535;
8107 : 65535;
8108 : 59196;
8109 : 44371;
8110 : 65434;
8111 : 65434;
8112 : 40571;
8113 : 23964;
8114 : 26044;
8115 : 26044;
8116 : 26044;
8117 : 26077;
8118 : 15250;
8119 : 31696;
8120 : 63390;
8121 : 63390;
8122 : 61310;
8123 : 61245;
8124 : 54939;
8125 : 40148;
8126 : 29550;
8127 : 40148;
8128 : 46520;
8129 : 46487;
8130 : 48568;
8131 : 50713;
8132 : 50745;
8133 : 35922;
8134 : 46487;
8135 : 50713;
8136 : 48600;
8137 : 48600;
8138 : 46487;
8139 : 46487;
8140 : 42293;
8141 : 42260;
8142 : 35953;
8143 : 65535;
8144 : 65535;
8145 : 65535;
8146 : 65535;
8147 : 65535;
8148 : 65535;
8149 : 65535;
8150 : 65535;
8151 : 65535;
8152 : 65535;
8153 : 65535;
8154 : 65535;
8155 : 65535;
8156 : 65535;
8157 : 65535;
8158 : 65535;
8159 : 65535;
8160 : 65535;
8161 : 65535;
8162 : 65535;
8163 : 65535;
8164 : 65535;
8165 : 65535;
8166 : 65535;
8167 : 65535;
8168 : 65535;
8169 : 65535;
8170 : 65535;
8171 : 65535;
8172 : 65535;
8173 : 65535;
8174 : 65535;
8175 : 65535;
8176 : 65535;
8177 : 65535;
8178 : 65535;
8179 : 65535;
8180 : 65535;
8181 : 65535;
8182 : 65535;
8183 : 65535;
8184 : 65535;
8185 : 65535;
8186 : 65535;
8187 : 65535;
8188 : 65535;
8189 : 65535;
8190 : 65535;
8191 : 65535;
8192 : 65535;
8193 : 65535;
8194 : 65535;
8195 : 65535;
8196 : 65535;
8197 : 65535;
8198 : 65535;
8199 : 65535;
8200 : 65535;
8201 : 65535;
8202 : 65535;
8203 : 65535;
8204 : 65535;
8205 : 65535;
8206 : 65535;
8207 : 65535;
8208 : 65535;
8209 : 65535;
8210 : 65535;
8211 : 65535;
8212 : 65535;
8213 : 65535;
8214 : 65535;
8215 : 65535;
8216 : 65535;
8217 : 65535;
8218 : 65535;
8219 : 65535;
8220 : 65535;
8221 : 65535;
8222 : 65535;
8223 : 65535;
8224 : 65535;
8225 : 65535;
8226 : 65535;
8227 : 65535;
8228 : 65535;
8229 : 65535;
8230 : 65535;
8231 : 65535;
8232 : 65535;
8233 : 65535;
8234 : 65535;
8235 : 65535;
8236 : 44404;
8237 : 61241;
8238 : 65434;
8239 : 48859;
8240 : 23964;
8241 : 26044;
8242 : 26044;
8243 : 26044;
8244 : 26109;
8245 : 17461;
8246 : 27535;
8247 : 61278;
8248 : 59229;
8249 : 54971;
8250 : 54971;
8251 : 50713;
8252 : 33841;
8253 : 31696;
8254 : 44374;
8255 : 48633;
8256 : 48600;
8257 : 48600;
8258 : 48633;
8259 : 50713;
8260 : 50713;
8261 : 48633;
8262 : 50713;
8263 : 48633;
8264 : 46519;
8265 : 48632;
8266 : 44406;
8267 : 42260;
8268 : 42228;
8269 : 42293;
8270 : 27501;
8271 : 52857;
8272 : 65535;
8273 : 65535;
8274 : 65535;
8275 : 65535;
8276 : 65535;
8277 : 65535;
8278 : 65503;
8279 : 54937;
8280 : 63422;
8281 : 65535;
8282 : 65535;
8283 : 65535;
8284 : 65535;
8285 : 65535;
8286 : 65535;
8287 : 65535;
8288 : 65535;
8289 : 65535;
8290 : 65535;
8291 : 65535;
8292 : 65535;
8293 : 65535;
8294 : 65535;
8295 : 65535;
8296 : 65535;
8297 : 65535;
8298 : 65535;
8299 : 65535;
8300 : 65535;
8301 : 65535;
8302 : 65535;
8303 : 65535;
8304 : 65535;
8305 : 65535;
8306 : 65535;
8307 : 65535;
8308 : 65535;
8309 : 65535;
8310 : 65535;
8311 : 65535;
8312 : 65535;
8313 : 65535;
8314 : 65535;
8315 : 65535;
8316 : 65535;
8317 : 65535;
8318 : 65535;
8319 : 65535;
8320 : 65535;
8321 : 65535;
8322 : 65535;
8323 : 65535;
8324 : 65535;
8325 : 65535;
8326 : 65535;
8327 : 65535;
8328 : 65535;
8329 : 65535;
8330 : 65535;
8331 : 65535;
8332 : 65535;
8333 : 65535;
8334 : 65535;
8335 : 65535;
8336 : 65535;
8337 : 65535;
8338 : 65535;
8339 : 65535;
8340 : 65535;
8341 : 65535;
8342 : 65535;
8343 : 65535;
8344 : 65535;
8345 : 65535;
8346 : 65535;
8347 : 65535;
8348 : 65535;
8349 : 65535;
8350 : 65535;
8351 : 65535;
8352 : 65535;
8353 : 65535;
8354 : 65535;
8355 : 65535;
8356 : 65535;
8357 : 65535;
8358 : 65535;
8359 : 65535;
8360 : 65535;
8361 : 65535;
8362 : 65535;
8363 : 50712;
8364 : 50677;
8365 : 65467;
8366 : 55066;
8367 : 26044;
8368 : 23996;
8369 : 26044;
8370 : 26044;
8371 : 26076;
8372 : 17395;
8373 : 31729;
8374 : 54939;
8375 : 42261;
8376 : 31695;
8377 : 29582;
8378 : 23211;
8379 : 14824;
8380 : 33841;
8381 : 46519;
8382 : 48600;
8383 : 48600;
8384 : 48600;
8385 : 48600;
8386 : 50713;
8387 : 50713;
8388 : 50745;
8389 : 50745;
8390 : 48632;
8391 : 48633;
8392 : 48633;
8393 : 48600;
8394 : 46486;
8395 : 42293;
8396 : 42261;
8397 : 44374;
8398 : 25324;
8399 : 27469;
8400 : 33840;
8401 : 52857;
8402 : 65535;
8403 : 65535;
8404 : 65535;
8405 : 63390;
8406 : 33808;
8407 : 21163;
8408 : 29582;
8409 : 52857;
8410 : 65535;
8411 : 65535;
8412 : 65535;
8413 : 65535;
8414 : 65535;
8415 : 65535;
8416 : 65535;
8417 : 65535;
8418 : 65535;
8419 : 65535;
8420 : 65535;
8421 : 65535;
8422 : 65535;
8423 : 65535;
8424 : 65535;
8425 : 65535;
8426 : 65535;
8427 : 65535;
8428 : 65535;
8429 : 65535;
8430 : 65535;
8431 : 65535;
8432 : 65535;
8433 : 65535;
8434 : 65535;
8435 : 65535;
8436 : 65535;
8437 : 65535;
8438 : 65535;
8439 : 65535;
8440 : 65535;
8441 : 65535;
8442 : 65535;
8443 : 65535;
8444 : 65535;
8445 : 65535;
8446 : 65535;
8447 : 65535;
8448 : 65535;
8449 : 65535;
8450 : 65535;
8451 : 65535;
8452 : 65535;
8453 : 65535;
8454 : 65535;
8455 : 65535;
8456 : 65535;
8457 : 65535;
8458 : 65535;
8459 : 65535;
8460 : 65535;
8461 : 65535;
8462 : 65535;
8463 : 65535;
8464 : 65535;
8465 : 65535;
8466 : 65535;
8467 : 65535;
8468 : 65535;
8469 : 65535;
8470 : 65535;
8471 : 65535;
8472 : 65535;
8473 : 65535;
8474 : 65535;
8475 : 65535;
8476 : 65535;
8477 : 65535;
8478 : 65535;
8479 : 65535;
8480 : 65535;
8481 : 65535;
8482 : 65535;
8483 : 65535;
8484 : 65535;
8485 : 65535;
8486 : 65535;
8487 : 65535;
8488 : 65535;
8489 : 65535;
8490 : 63422;
8491 : 42226;
8492 : 65370;
8493 : 59195;
8494 : 32284;
8495 : 26076;
8496 : 26044;
8497 : 26076;
8498 : 23931;
8499 : 17264;
8500 : 35954;
8501 : 54939;
8502 : 35954;
8503 : 48599;
8504 : 59197;
8505 : 61310;
8506 : 57051;
8507 : 29615;
8508 : 31728;
8509 : 48600;
8510 : 48567;
8511 : 48599;
8512 : 48600;
8513 : 48632;
8514 : 48632;
8515 : 48632;
8516 : 50745;
8517 : 50713;
8518 : 48600;
8519 : 48600;
8520 : 50713;
8521 : 50713;
8522 : 46519;
8523 : 42293;
8524 : 44374;
8525 : 44374;
8526 : 35954;
8527 : 35954;
8528 : 46519;
8529 : 31695;
8530 : 31695;
8531 : 52857;
8532 : 63390;
8533 : 33808;
8534 : 33841;
8535 : 46487;
8536 : 46519;
8537 : 31728;
8538 : 52825;
8539 : 65535;
8540 : 65535;
8541 : 65535;
8542 : 65535;
8543 : 65535;
8544 : 65535;
8545 : 65535;
8546 : 65535;
8547 : 65535;
8548 : 65535;
8549 : 65535;
8550 : 65535;
8551 : 65535;
8552 : 65535;
8553 : 65535;
8554 : 65535;
8555 : 65535;
8556 : 65535;
8557 : 65535;
8558 : 65535;
8559 : 65535;
8560 : 65535;
8561 : 65535;
8562 : 65535;
8563 : 65535;
8564 : 65535;
8565 : 65535;
8566 : 65535;
8567 : 65535;
8568 : 65535;
8569 : 65535;
8570 : 65535;
8571 : 65535;
8572 : 65535;
8573 : 65535;
8574 : 65535;
8575 : 65535;
8576 : 65535;
8577 : 65535;
8578 : 65535;
8579 : 65535;
8580 : 65535;
8581 : 65535;
8582 : 65535;
8583 : 65535;
8584 : 65535;
8585 : 65535;
8586 : 65535;
8587 : 65535;
8588 : 65535;
8589 : 65535;
8590 : 65535;
8591 : 65535;
8592 : 65535;
8593 : 65535;
8594 : 65535;
8595 : 65535;
8596 : 65535;
8597 : 65535;
8598 : 65535;
8599 : 65535;
8600 : 65535;
8601 : 65535;
8602 : 65535;
8603 : 65535;
8604 : 65535;
8605 : 65535;
8606 : 65535;
8607 : 65535;
8608 : 65535;
8609 : 65535;
8610 : 65535;
8611 : 65535;
8612 : 65535;
8613 : 65535;
8614 : 65535;
8615 : 65535;
8616 : 65535;
8617 : 65535;
8618 : 46485;
8619 : 54902;
8620 : 61274;
8621 : 38459;
8622 : 32285;
8623 : 26044;
8624 : 26076;
8625 : 21785;
8626 : 17133;
8627 : 44374;
8628 : 54972;
8629 : 46520;
8630 : 42293;
8631 : 63390;
8632 : 61245;
8633 : 61277;
8634 : 57084;
8635 : 48600;
8636 : 29615;
8637 : 31663;
8638 : 44406;
8639 : 46487;
8640 : 46519;
8641 : 48600;
8642 : 48632;
8643 : 48632;
8644 : 48633;
8645 : 48567;
8646 : 46519;
8647 : 48633;
8648 : 48633;
8649 : 50713;
8650 : 48600;
8651 : 44374;
8652 : 44406;
8653 : 44374;
8654 : 44374;
8655 : 38067;
8656 : 48600;
8657 : 46487;
8658 : 40180;
8659 : 33776;
8660 : 21163;
8661 : 25356;
8662 : 38034;
8663 : 38067;
8664 : 40148;
8665 : 40115;
8666 : 38034;
8667 : 65535;
8668 : 65535;
8669 : 65535;
8670 : 65535;
8671 : 65535;
8672 : 65535;
8673 : 65535;
8674 : 65535;
8675 : 65535;
8676 : 65535;
8677 : 65535;
8678 : 65535;
8679 : 65535;
8680 : 65535;
8681 : 65535;
8682 : 65535;
8683 : 65535;
8684 : 65535;
8685 : 65535;
8686 : 65535;
8687 : 65535;
8688 : 65535;
8689 : 65535;
8690 : 65535;
8691 : 65535;
8692 : 65535;
8693 : 65535;
8694 : 65535;
8695 : 65535;
8696 : 65535;
8697 : 65535;
8698 : 65535;
8699 : 65535;
8700 : 65535;
8701 : 65535;
8702 : 65535;
8703 : 65535;
8704 : 65535;
8705 : 65535;
8706 : 65535;
8707 : 65535;
8708 : 65535;
8709 : 65535;
8710 : 65535;
8711 : 65535;
8712 : 65535;
8713 : 65535;
8714 : 65535;
8715 : 65535;
8716 : 65535;
8717 : 65535;
8718 : 65535;
8719 : 65535;
8720 : 65535;
8721 : 65535;
8722 : 65535;
8723 : 65535;
8724 : 65535;
8725 : 65535;
8726 : 65535;
8727 : 65535;
8728 : 65535;
8729 : 65535;
8730 : 65535;
8731 : 65535;
8732 : 65535;
8733 : 65535;
8734 : 65535;
8735 : 65535;
8736 : 65535;
8737 : 65535;
8738 : 65535;
8739 : 65535;
8740 : 65535;
8741 : 65535;
8742 : 65535;
8743 : 65535;
8744 : 65535;
8745 : 59164;
8746 : 44306;
8747 : 63322;
8748 : 46748;
8749 : 40573;
8750 : 30172;
8751 : 23964;
8752 : 19639;
8753 : 19148;
8754 : 46487;
8755 : 54972;
8756 : 54972;
8757 : 38035;
8758 : 46486;
8759 : 61310;
8760 : 61277;
8761 : 59164;
8762 : 50745;
8763 : 44406;
8764 : 46454;
8765 : 35954;
8766 : 27469;
8767 : 40180;
8768 : 46454;
8769 : 46519;
8770 : 48600;
8771 : 48600;
8772 : 48600;
8773 : 48568;
8774 : 40147;
8775 : 46487;
8776 : 48632;
8777 : 50713;
8778 : 48632;
8779 : 44374;
8780 : 44373;
8781 : 44341;
8782 : 44374;
8783 : 44374;
8784 : 46519;
8785 : 48632;
8786 : 46519;
8787 : 46487;
8788 : 42293;
8789 : 33808;
8790 : 33776;
8791 : 40147;
8792 : 40115;
8793 : 38034;
8794 : 38066;
8795 : 65535;
8796 : 65535;
8797 : 65535;
8798 : 65535;
8799 : 65535;
8800 : 65535;
8801 : 65535;
8802 : 65535;
8803 : 65535;
8804 : 65535;
8805 : 65535;
8806 : 65535;
8807 : 65535;
8808 : 65535;
8809 : 65535;
8810 : 65535;
8811 : 65535;
8812 : 65535;
8813 : 65535;
8814 : 65535;
8815 : 65535;
8816 : 65535;
8817 : 65535;
8818 : 65535;
8819 : 65535;
8820 : 65535;
8821 : 65535;
8822 : 65535;
8823 : 65535;
8824 : 65535;
8825 : 65535;
8826 : 65535;
8827 : 65535;
8828 : 65535;
8829 : 65535;
8830 : 65535;
8831 : 65535;
8832 : 65535;
8833 : 65535;
8834 : 65535;
8835 : 65535;
8836 : 65535;
8837 : 65535;
8838 : 65535;
8839 : 65535;
8840 : 65535;
8841 : 65535;
8842 : 65535;
8843 : 65535;
8844 : 65535;
8845 : 65535;
8846 : 65535;
8847 : 65535;
8848 : 65535;
8849 : 65535;
8850 : 65535;
8851 : 65535;
8852 : 65535;
8853 : 65535;
8854 : 65535;
8855 : 65535;
8856 : 65535;
8857 : 65535;
8858 : 65535;
8859 : 65535;
8860 : 65535;
8861 : 65535;
8862 : 65535;
8863 : 65535;
8864 : 65535;
8865 : 65535;
8866 : 65535;
8867 : 65535;
8868 : 65535;
8869 : 65535;
8870 : 65535;
8871 : 65535;
8872 : 65535;
8873 : 42227;
8874 : 59096;
8875 : 50908;
8876 : 42654;
8877 : 36413;
8878 : 26012;
8879 : 17494;
8880 : 21229;
8881 : 50713;
8882 : 52859;
8883 : 44374;
8884 : 31728;
8885 : 25389;
8886 : 31695;
8887 : 54939;
8888 : 54939;
8889 : 50680;
8890 : 46487;
8891 : 44374;
8892 : 44374;
8893 : 44374;
8894 : 44374;
8895 : 46454;
8896 : 46454;
8897 : 46487;
8898 : 46519;
8899 : 48633;
8900 : 48600;
8901 : 44406;
8902 : 46487;
8903 : 44341;
8904 : 46455;
8905 : 48632;
8906 : 50713;
8907 : 46487;
8908 : 40115;
8909 : 44341;
8910 : 40180;
8911 : 46455;
8912 : 46519;
8913 : 50681;
8914 : 46486;
8915 : 48600;
8916 : 46519;
8917 : 46519;
8918 : 46519;
8919 : 44406;
8920 : 40147;
8921 : 33841;
8922 : 48631;
8923 : 65535;
8924 : 65535;
8925 : 65535;
8926 : 65535;
8927 : 65535;
8928 : 65535;
8929 : 65535;
8930 : 65535;
8931 : 65535;
8932 : 65535;
8933 : 65535;
8934 : 65535;
8935 : 65535;
8936 : 65535;
8937 : 65535;
8938 : 65535;
8939 : 65535;
8940 : 65535;
8941 : 65535;
8942 : 65535;
8943 : 65535;
8944 : 65535;
8945 : 65535;
8946 : 65535;
8947 : 65535;
8948 : 65535;
8949 : 65535;
8950 : 65535;
8951 : 65535;
8952 : 65535;
8953 : 65535;
8954 : 65535;
8955 : 65535;
8956 : 65535;
8957 : 65535;
8958 : 65535;
8959 : 65535;
8960 : 65535;
8961 : 65535;
8962 : 65535;
8963 : 65535;
8964 : 65535;
8965 : 65535;
8966 : 65535;
8967 : 65535;
8968 : 65535;
8969 : 65535;
8970 : 65535;
8971 : 65535;
8972 : 65535;
8973 : 65535;
8974 : 65535;
8975 : 65535;
8976 : 65535;
8977 : 65535;
8978 : 65535;
8979 : 65535;
8980 : 65535;
8981 : 65535;
8982 : 65535;
8983 : 65535;
8984 : 65535;
8985 : 65535;
8986 : 65535;
8987 : 65535;
8988 : 65535;
8989 : 65535;
8990 : 65535;
8991 : 65535;
8992 : 65535;
8993 : 65535;
8994 : 65535;
8995 : 65535;
8996 : 65535;
8997 : 65535;
8998 : 65535;
8999 : 65535;
9000 : 52825;
9001 : 48499;
9002 : 55101;
9003 : 40606;
9004 : 40605;
9005 : 34365;
9006 : 19574;
9007 : 23310;
9008 : 52794;
9009 : 44407;
9010 : 29551;
9011 : 27502;
9012 : 40148;
9013 : 48632;
9014 : 29582;
9015 : 40147;
9016 : 46487;
9017 : 44374;
9018 : 44374;
9019 : 44374;
9020 : 44373;
9021 : 42293;
9022 : 42293;
9023 : 44374;
9024 : 48600;
9025 : 46519;
9026 : 46520;
9027 : 48601;
9028 : 48600;
9029 : 48600;
9030 : 48600;
9031 : 48600;
9032 : 48600;
9033 : 48568;
9034 : 48600;
9035 : 42293;
9036 : 42293;
9037 : 44341;
9038 : 44374;
9039 : 46487;
9040 : 48633;
9041 : 50713;
9042 : 46519;
9043 : 48600;
9044 : 48600;
9045 : 46454;
9046 : 48600;
9047 : 48567;
9048 : 40180;
9049 : 25356;
9050 : 54938;
9051 : 65535;
9052 : 65535;
9053 : 65535;
9054 : 65535;
9055 : 65535;
9056 : 65535;
9057 : 65535;
9058 : 65535;
9059 : 65535;
9060 : 65535;
9061 : 65535;
9062 : 65535;
9063 : 65535;
9064 : 65535;
9065 : 65535;
9066 : 65535;
9067 : 65535;
9068 : 65535;
9069 : 65535;
9070 : 65535;
9071 : 65535;
9072 : 65535;
9073 : 65535;
9074 : 65535;
9075 : 65535;
9076 : 65535;
9077 : 65535;
9078 : 65535;
9079 : 65535;
9080 : 65535;
9081 : 65535;
9082 : 65535;
9083 : 65535;
9084 : 65535;
9085 : 65535;
9086 : 65535;
9087 : 65535;
9088 : 65535;
9089 : 65535;
9090 : 65535;
9091 : 65535;
9092 : 65535;
9093 : 65535;
9094 : 65535;
9095 : 65535;
9096 : 65535;
9097 : 65535;
9098 : 65535;
9099 : 65535;
9100 : 65535;
9101 : 65535;
9102 : 65535;
9103 : 65535;
9104 : 65535;
9105 : 65535;
9106 : 65535;
9107 : 65535;
9108 : 65535;
9109 : 65535;
9110 : 65535;
9111 : 65535;
9112 : 65535;
9113 : 65535;
9114 : 65535;
9115 : 65535;
9116 : 65535;
9117 : 65535;
9118 : 65535;
9119 : 65535;
9120 : 65535;
9121 : 65535;
9122 : 65535;
9123 : 65535;
9124 : 65535;
9125 : 65535;
9126 : 65535;
9127 : 63422;
9128 : 44339;
9129 : 55035;
9130 : 42686;
9131 : 42686;
9132 : 42718;
9133 : 34201;
9134 : 27568;
9135 : 54972;
9136 : 35955;
9137 : 23244;
9138 : 38035;
9139 : 48600;
9140 : 50745;
9141 : 50713;
9142 : 42261;
9143 : 29615;
9144 : 46454;
9145 : 44373;
9146 : 44373;
9147 : 44373;
9148 : 42261;
9149 : 42261;
9150 : 35921;
9151 : 44406;
9152 : 48600;
9153 : 46519;
9154 : 48633;
9155 : 48600;
9156 : 46520;
9157 : 48632;
9158 : 48632;
9159 : 48632;
9160 : 48600;
9161 : 48568;
9162 : 46520;
9163 : 48600;
9164 : 48600;
9165 : 48600;
9166 : 48632;
9167 : 50713;
9168 : 50746;
9169 : 50713;
9170 : 48600;
9171 : 46519;
9172 : 48600;
9173 : 48600;
9174 : 46487;
9175 : 46519;
9176 : 48567;
9177 : 33808;
9178 : 38066;
9179 : 65535;
9180 : 65535;
9181 : 65535;
9182 : 65535;
9183 : 65535;
9184 : 65535;
9185 : 65535;
9186 : 65535;
9187 : 65535;
9188 : 65535;
9189 : 65535;
9190 : 65535;
9191 : 65535;
9192 : 65535;
9193 : 65535;
9194 : 65535;
9195 : 65535;
9196 : 65535;
9197 : 65535;
9198 : 65535;
9199 : 65535;
9200 : 65535;
9201 : 65535;
9202 : 65535;
9203 : 65535;
9204 : 65535;
9205 : 65535;
9206 : 65535;
9207 : 65535;
9208 : 65535;
9209 : 65535;
9210 : 65535;
9211 : 65535;
9212 : 65535;
9213 : 65535;
9214 : 65535;
9215 : 65535;
9216 : 65535;
9217 : 65535;
9218 : 65535;
9219 : 65535;
9220 : 65535;
9221 : 65535;
9222 : 65535;
9223 : 65535;
9224 : 65535;
9225 : 65535;
9226 : 65535;
9227 : 65535;
9228 : 65535;
9229 : 65535;
9230 : 65535;
9231 : 65535;
9232 : 65535;
9233 : 65535;
9234 : 65535;
9235 : 65535;
9236 : 65535;
9237 : 65535;
9238 : 65535;
9239 : 65535;
9240 : 65535;
9241 : 65535;
9242 : 65535;
9243 : 65535;
9244 : 65535;
9245 : 65535;
9246 : 65535;
9247 : 65535;
9248 : 65535;
9249 : 65535;
9250 : 65535;
9251 : 65535;
9252 : 65535;
9253 : 65535;
9254 : 65535;
9255 : 46485;
9256 : 52857;
9257 : 44766;
9258 : 42654;
9259 : 42718;
9260 : 40540;
9261 : 29713;
9262 : 59197;
9263 : 38067;
9264 : 25389;
9265 : 46487;
9266 : 50713;
9267 : 50713;
9268 : 50713;
9269 : 50713;
9270 : 48600;
9271 : 29550;
9272 : 46487;
9273 : 44373;
9274 : 44341;
9275 : 42293;
9276 : 42228;
9277 : 42261;
9278 : 40180;
9279 : 46454;
9280 : 50713;
9281 : 50714;
9282 : 50746;
9283 : 48633;
9284 : 48601;
9285 : 48568;
9286 : 50713;
9287 : 52826;
9288 : 50745;
9289 : 48633;
9290 : 48633;
9291 : 46520;
9292 : 48568;
9293 : 46520;
9294 : 46519;
9295 : 48665;
9296 : 48632;
9297 : 50713;
9298 : 48633;
9299 : 48600;
9300 : 50680;
9301 : 46455;
9302 : 33809;
9303 : 27469;
9304 : 29583;
9305 : 42260;
9306 : 35954;
9307 : 40179;
9308 : 65535;
9309 : 65535;
9310 : 65535;
9311 : 65535;
9312 : 65535;
9313 : 65535;
9314 : 65535;
9315 : 65535;
9316 : 65535;
9317 : 65535;
9318 : 65535;
9319 : 65535;
9320 : 65535;
9321 : 65535;
9322 : 65535;
9323 : 65535;
9324 : 65535;
9325 : 65535;
9326 : 65535;
9327 : 65535;
9328 : 65535;
9329 : 65535;
9330 : 65535;
9331 : 65535;
9332 : 65535;
9333 : 65535;
9334 : 65535;
9335 : 65535;
9336 : 65535;
9337 : 65535;
9338 : 65535;
9339 : 65535;
9340 : 65535;
9341 : 65535;
9342 : 65535;
9343 : 65535;
9344 : 65535;
9345 : 65535;
9346 : 65535;
9347 : 65535;
9348 : 65535;
9349 : 65535;
9350 : 65535;
9351 : 65535;
9352 : 65535;
9353 : 65535;
9354 : 65535;
9355 : 65535;
9356 : 65535;
9357 : 65535;
9358 : 65535;
9359 : 65535;
9360 : 65535;
9361 : 65535;
9362 : 65535;
9363 : 65535;
9364 : 65535;
9365 : 65535;
9366 : 65535;
9367 : 65535;
9368 : 65535;
9369 : 65535;
9370 : 65535;
9371 : 65535;
9372 : 65535;
9373 : 65535;
9374 : 65535;
9375 : 65535;
9376 : 65535;
9377 : 65535;
9378 : 65535;
9379 : 65535;
9380 : 65535;
9381 : 65535;
9382 : 57018;
9383 : 44437;
9384 : 46846;
9385 : 42686;
9386 : 42686;
9387 : 42686;
9388 : 31924;
9389 : 59132;
9390 : 48599;
9391 : 23276;
9392 : 48600;
9393 : 50746;
9394 : 50745;
9395 : 50713;
9396 : 48633;
9397 : 50713;
9398 : 50713;
9399 : 35889;
9400 : 44374;
9401 : 44374;
9402 : 42293;
9403 : 42261;
9404 : 40180;
9405 : 40148;
9406 : 42261;
9407 : 48600;
9408 : 50746;
9409 : 50746;
9410 : 50746;
9411 : 50746;
9412 : 50713;
9413 : 46488;
9414 : 46520;
9415 : 52826;
9416 : 54938;
9417 : 52826;
9418 : 50713;
9419 : 48633;
9420 : 48601;
9421 : 46455;
9422 : 44407;
9423 : 48600;
9424 : 48632;
9425 : 48632;
9426 : 48632;
9427 : 42261;
9428 : 25389;
9429 : 21131;
9430 : 31696;
9431 : 46519;
9432 : 44374;
9433 : 31663;
9434 : 38034;
9435 : 31728;
9436 : 46486;
9437 : 65535;
9438 : 65535;
9439 : 65535;
9440 : 65535;
9441 : 65535;
9442 : 65535;
9443 : 65535;
9444 : 65535;
9445 : 65535;
9446 : 65535;
9447 : 65535;
9448 : 65535;
9449 : 65535;
9450 : 65535;
9451 : 65535;
9452 : 65535;
9453 : 65535;
9454 : 65535;
9455 : 65535;
9456 : 65535;
9457 : 65535;
9458 : 65535;
9459 : 65535;
9460 : 65535;
9461 : 65535;
9462 : 65535;
9463 : 65535;
9464 : 65535;
9465 : 65535;
9466 : 65535;
9467 : 65535;
9468 : 65535;
9469 : 65535;
9470 : 65535;
9471 : 65535;
9472 : 65535;
9473 : 65535;
9474 : 65535;
9475 : 65535;
9476 : 65535;
9477 : 65535;
9478 : 65535;
9479 : 65535;
9480 : 65535;
9481 : 65535;
9482 : 65535;
9483 : 65535;
9484 : 65535;
9485 : 65535;
9486 : 65535;
9487 : 65535;
9488 : 65535;
9489 : 65535;
9490 : 65535;
9491 : 65535;
9492 : 65535;
9493 : 65535;
9494 : 65535;
9495 : 65535;
9496 : 65535;
9497 : 65535;
9498 : 65535;
9499 : 65535;
9500 : 65535;
9501 : 65535;
9502 : 65535;
9503 : 65535;
9504 : 65535;
9505 : 65535;
9506 : 65535;
9507 : 65535;
9508 : 65535;
9509 : 65503;
9510 : 44340;
9511 : 48893;
9512 : 42686;
9513 : 42686;
9514 : 44799;
9515 : 32022;
9516 : 52825;
9517 : 61277;
9518 : 21163;
9519 : 44374;
9520 : 52794;
9521 : 50746;
9522 : 50713;
9523 : 50713;
9524 : 50713;
9525 : 50713;
9526 : 48632;
9527 : 48567;
9528 : 48632;
9529 : 48567;
9530 : 46454;
9531 : 44374;
9532 : 42261;
9533 : 40148;
9534 : 44342;
9535 : 48633;
9536 : 52826;
9537 : 52827;
9538 : 52826;
9539 : 52826;
9540 : 52826;
9541 : 50746;
9542 : 46520;
9543 : 46520;
9544 : 50713;
9545 : 52826;
9546 : 52826;
9547 : 52826;
9548 : 48568;
9549 : 44407;
9550 : 46487;
9551 : 46455;
9552 : 46487;
9553 : 50713;
9554 : 50713;
9555 : 48632;
9556 : 46520;
9557 : 46487;
9558 : 50746;
9559 : 54907;
9560 : 52858;
9561 : 52826;
9562 : 27469;
9563 : 42293;
9564 : 29615;
9565 : 48631;
9566 : 65535;
9567 : 65535;
9568 : 65535;
9569 : 65535;
9570 : 65535;
9571 : 65535;
9572 : 65535;
9573 : 65535;
9574 : 65535;
9575 : 65535;
9576 : 65535;
9577 : 65535;
9578 : 65535;
9579 : 65535;
9580 : 65535;
9581 : 65535;
9582 : 65535;
9583 : 65535;
9584 : 65535;
9585 : 65535;
9586 : 65535;
9587 : 65535;
9588 : 65535;
9589 : 65535;
9590 : 65535;
9591 : 65535;
9592 : 65535;
9593 : 65535;
9594 : 65535;
9595 : 65535;
9596 : 65535;
9597 : 65535;
9598 : 65535;
9599 : 65535;
9600 : 65535;
9601 : 65535;
9602 : 65535;
9603 : 65535;
9604 : 65535;
9605 : 65535;
9606 : 65535;
9607 : 65535;
9608 : 65535;
9609 : 65535;
9610 : 65535;
9611 : 65535;
9612 : 65535;
9613 : 65535;
9614 : 65535;
9615 : 65535;
9616 : 65535;
9617 : 65535;
9618 : 65535;
9619 : 65535;
9620 : 65535;
9621 : 65535;
9622 : 65535;
9623 : 65535;
9624 : 65535;
9625 : 65535;
9626 : 65535;
9627 : 65535;
9628 : 65535;
9629 : 65535;
9630 : 65535;
9631 : 65535;
9632 : 65535;
9633 : 65535;
9634 : 65535;
9635 : 65535;
9636 : 65535;
9637 : 50711;
9638 : 44536;
9639 : 44766;
9640 : 42686;
9641 : 44766;
9642 : 36346;
9643 : 38067;
9644 : 65503;
9645 : 38067;
9646 : 31663;
9647 : 52826;
9648 : 52826;
9649 : 48633;
9650 : 48632;
9651 : 48632;
9652 : 50713;
9653 : 48600;
9654 : 48600;
9655 : 48633;
9656 : 48633;
9657 : 50713;
9658 : 48633;
9659 : 48600;
9660 : 46520;
9661 : 48600;
9662 : 48600;
9663 : 48633;
9664 : 50746;
9665 : 52826;
9666 : 52826;
9667 : 50746;
9668 : 52826;
9669 : 50745;
9670 : 48633;
9671 : 48600;
9672 : 48600;
9673 : 50713;
9674 : 52826;
9675 : 50746;
9676 : 50681;
9677 : 46455;
9678 : 44342;
9679 : 44342;
9680 : 44374;
9681 : 46487;
9682 : 48600;
9683 : 50713;
9684 : 50713;
9685 : 48633;
9686 : 50714;
9687 : 52859;
9688 : 52858;
9689 : 54939;
9690 : 40147;
9691 : 33809;
9692 : 44406;
9693 : 29582;
9694 : 57083;
9695 : 65535;
9696 : 65535;
9697 : 65535;
9698 : 65535;
9699 : 65535;
9700 : 65535;
9701 : 65535;
9702 : 65535;
9703 : 65535;
9704 : 65535;
9705 : 65535;
9706 : 65535;
9707 : 65535;
9708 : 65535;
9709 : 65535;
9710 : 65535;
9711 : 65535;
9712 : 65535;
9713 : 65535;
9714 : 65535;
9715 : 65535;
9716 : 65535;
9717 : 65535;
9718 : 65535;
9719 : 65535;
9720 : 65535;
9721 : 65535;
9722 : 65535;
9723 : 65535;
9724 : 65535;
9725 : 65535;
9726 : 65535;
9727 : 65535;
9728 : 65535;
9729 : 65535;
9730 : 65535;
9731 : 65535;
9732 : 65535;
9733 : 65535;
9734 : 65535;
9735 : 65535;
9736 : 65535;
9737 : 65535;
9738 : 65535;
9739 : 65535;
9740 : 65535;
9741 : 65535;
9742 : 65535;
9743 : 65535;
9744 : 65535;
9745 : 65535;
9746 : 65535;
9747 : 65535;
9748 : 65535;
9749 : 65535;
9750 : 65535;
9751 : 65535;
9752 : 65535;
9753 : 65535;
9754 : 65535;
9755 : 65535;
9756 : 65535;
9757 : 65535;
9758 : 65535;
9759 : 65535;
9760 : 65535;
9761 : 65535;
9762 : 65535;
9763 : 65535;
9764 : 63390;
9765 : 40180;
9766 : 44766;
9767 : 42686;
9768 : 42686;
9769 : 42718;
9770 : 27633;
9771 : 57051;
9772 : 59164;
9773 : 23243;
9774 : 48568;
9775 : 52826;
9776 : 50745;
9777 : 48632;
9778 : 50713;
9779 : 50713;
9780 : 48632;
9781 : 48633;
9782 : 48632;
9783 : 50713;
9784 : 50713;
9785 : 50713;
9786 : 48632;
9787 : 50713;
9788 : 50746;
9789 : 50746;
9790 : 48633;
9791 : 48600;
9792 : 50713;
9793 : 50746;
9794 : 50746;
9795 : 50746;
9796 : 50746;
9797 : 50713;
9798 : 50713;
9799 : 50713;
9800 : 50714;
9801 : 50713;
9802 : 50713;
9803 : 50681;
9804 : 48633;
9805 : 46520;
9806 : 44374;
9807 : 42261;
9808 : 44374;
9809 : 44374;
9810 : 46487;
9811 : 50713;
9812 : 50745;
9813 : 50713;
9814 : 48600;
9815 : 52826;
9816 : 54939;
9817 : 54971;
9818 : 40180;
9819 : 33776;
9820 : 44374;
9821 : 40148;
9822 : 33840;
9823 : 65535;
9824 : 65535;
9825 : 65535;
9826 : 65535;
9827 : 65535;
9828 : 65535;
9829 : 65535;
9830 : 65535;
9831 : 65535;
9832 : 65535;
9833 : 65535;
9834 : 65535;
9835 : 65535;
9836 : 65535;
9837 : 65535;
9838 : 65535;
9839 : 65535;
9840 : 65535;
9841 : 65535;
9842 : 65535;
9843 : 65535;
9844 : 65535;
9845 : 65535;
9846 : 65535;
9847 : 65535;
9848 : 65535;
9849 : 65535;
9850 : 65535;
9851 : 65535;
9852 : 65535;
9853 : 65535;
9854 : 65535;
9855 : 65535;
9856 : 65535;
9857 : 65535;
9858 : 65535;
9859 : 65535;
9860 : 65535;
9861 : 65535;
9862 : 65535;
9863 : 65535;
9864 : 65535;
9865 : 65535;
9866 : 65535;
9867 : 65535;
9868 : 65535;
9869 : 65535;
9870 : 65535;
9871 : 65535;
9872 : 65535;
9873 : 65535;
9874 : 65535;
9875 : 65535;
9876 : 65535;
9877 : 65535;
9878 : 65535;
9879 : 65535;
9880 : 65535;
9881 : 65535;
9882 : 65535;
9883 : 65535;
9884 : 65535;
9885 : 65535;
9886 : 65535;
9887 : 65535;
9888 : 65535;
9889 : 65535;
9890 : 65535;
9891 : 65535;
9892 : 50712;
9893 : 40408;
9894 : 42686;
9895 : 42686;
9896 : 44767;
9897 : 34136;
9898 : 38099;
9899 : 65503;
9900 : 38034;
9901 : 29615;
9902 : 52858;
9903 : 48632;
9904 : 48600;
9905 : 50713;
9906 : 50746;
9907 : 50713;
9908 : 50713;
9909 : 48633;
9910 : 48632;
9911 : 50713;
9912 : 50745;
9913 : 50745;
9914 : 50745;
9915 : 50713;
9916 : 50746;
9917 : 50713;
9918 : 48633;
9919 : 48633;
9920 : 50746;
9921 : 50746;
9922 : 50746;
9923 : 50746;
9924 : 50713;
9925 : 48632;
9926 : 48633;
9927 : 50713;
9928 : 48633;
9929 : 50713;
9930 : 48600;
9931 : 48633;
9932 : 48600;
9933 : 48600;
9934 : 46455;
9935 : 44374;
9936 : 42293;
9937 : 42293;
9938 : 48600;
9939 : 48632;
9940 : 50713;
9941 : 50746;
9942 : 48600;
9943 : 46487;
9944 : 46519;
9945 : 52793;
9946 : 31695;
9947 : 38035;
9948 : 44342;
9949 : 44374;
9950 : 31695;
9951 : 52793;
9952 : 65535;
9953 : 65535;
9954 : 65535;
9955 : 65535;
9956 : 65535;
9957 : 65535;
9958 : 65535;
9959 : 65535;
9960 : 65535;
9961 : 65535;
9962 : 65535;
9963 : 65535;
9964 : 65535;
9965 : 65535;
9966 : 65535;
9967 : 65535;
9968 : 65535;
9969 : 65535;
9970 : 65535;
9971 : 65535;
9972 : 65535;
9973 : 65535;
9974 : 65535;
9975 : 65535;
9976 : 65535;
9977 : 65535;
9978 : 65535;
9979 : 65535;
9980 : 65535;
9981 : 65535;
9982 : 65535;
9983 : 65535;
9984 : 65535;
9985 : 65535;
9986 : 65535;
9987 : 65535;
9988 : 65535;
9989 : 65535;
9990 : 65535;
9991 : 65535;
9992 : 65535;
9993 : 65535;
9994 : 65535;
9995 : 65535;
9996 : 65535;
9997 : 65535;
9998 : 65535;
9999 : 65535;
10000 : 65535;
10001 : 65535;
10002 : 65535;
10003 : 65535;
10004 : 65535;
10005 : 65535;
10006 : 65535;
10007 : 65535;
10008 : 65535;
10009 : 65535;
10010 : 65535;
10011 : 65535;
10012 : 65535;
10013 : 65535;
10014 : 65535;
10015 : 65535;
10016 : 65535;
10017 : 65535;
10018 : 65535;
10019 : 65503;
10020 : 40212;
10021 : 42686;
10022 : 42654;
10023 : 42654;
10024 : 42718;
10025 : 23439;
10026 : 57051;
10027 : 59197;
10028 : 23276;
10029 : 48600;
10030 : 33809;
10031 : 25388;
10032 : 33808;
10033 : 31696;
10034 : 35954;
10035 : 38067;
10036 : 46487;
10037 : 50713;
10038 : 50713;
10039 : 50713;
10040 : 50745;
10041 : 52826;
10042 : 50713;
10043 : 48633;
10044 : 50745;
10045 : 48633;
10046 : 50713;
10047 : 50713;
10048 : 50713;
10049 : 50713;
10050 : 50745;
10051 : 52794;
10052 : 50713;
10053 : 48633;
10054 : 46520;
10055 : 50713;
10056 : 48633;
10057 : 48568;
10058 : 48568;
10059 : 46520;
10060 : 46520;
10061 : 46520;
10062 : 48568;
10063 : 46487;
10064 : 44342;
10065 : 42293;
10066 : 46520;
10067 : 48567;
10068 : 50713;
10069 : 50713;
10070 : 46487;
10071 : 42261;
10072 : 42261;
10073 : 31728;
10074 : 31695;
10075 : 48568;
10076 : 44374;
10077 : 42228;
10078 : 38002;
10079 : 31727;
10080 : 65535;
10081 : 63422;
10082 : 52857;
10083 : 59196;
10084 : 65535;
10085 : 65535;
10086 : 65535;
10087 : 65535;
10088 : 65535;
10089 : 65535;
10090 : 65535;
10091 : 65535;
10092 : 65535;
10093 : 65535;
10094 : 65535;
10095 : 65535;
10096 : 65535;
10097 : 65535;
10098 : 65535;
10099 : 65535;
10100 : 65535;
10101 : 65535;
10102 : 65535;
10103 : 65535;
10104 : 65535;
10105 : 65535;
10106 : 65535;
10107 : 65535;
10108 : 65535;
10109 : 65535;
10110 : 65535;
10111 : 65535;
10112 : 65535;
10113 : 65535;
10114 : 65535;
10115 : 65535;
10116 : 65535;
10117 : 65535;
10118 : 65535;
10119 : 65535;
10120 : 65535;
10121 : 65535;
10122 : 65535;
10123 : 65535;
10124 : 65535;
10125 : 65535;
10126 : 65535;
10127 : 65535;
10128 : 65535;
10129 : 65535;
10130 : 65535;
10131 : 65535;
10132 : 65535;
10133 : 65535;
10134 : 65535;
10135 : 65535;
10136 : 65535;
10137 : 65535;
10138 : 65535;
10139 : 65535;
10140 : 65535;
10141 : 65535;
10142 : 65535;
10143 : 65535;
10144 : 65535;
10145 : 65535;
10146 : 65535;
10147 : 54970;
10148 : 38296;
10149 : 42718;
10150 : 42686;
10151 : 42686;
10152 : 38395;
10153 : 29648;
10154 : 63423;
10155 : 42261;
10156 : 31695;
10157 : 40180;
10158 : 29582;
10159 : 59197;
10160 : 59164;
10161 : 44374;
10162 : 38067;
10163 : 40148;
10164 : 46487;
10165 : 48568;
10166 : 48632;
10167 : 50713;
10168 : 50745;
10169 : 50746;
10170 : 50746;
10171 : 50746;
10172 : 50746;
10173 : 50713;
10174 : 48633;
10175 : 52826;
10176 : 50746;
10177 : 48633;
10178 : 50746;
10179 : 50713;
10180 : 48633;
10181 : 50713;
10182 : 50713;
10183 : 48633;
10184 : 48601;
10185 : 48568;
10186 : 48568;
10187 : 46455;
10188 : 46488;
10189 : 46520;
10190 : 48568;
10191 : 46487;
10192 : 46455;
10193 : 42294;
10194 : 44374;
10195 : 46487;
10196 : 48632;
10197 : 50713;
10198 : 46454;
10199 : 42261;
10200 : 38034;
10201 : 27469;
10202 : 48632;
10203 : 46519;
10204 : 44406;
10205 : 42260;
10206 : 40115;
10207 : 29614;
10208 : 23275;
10209 : 29582;
10210 : 27501;
10211 : 29615;
10212 : 40147;
10213 : 65503;
10214 : 65535;
10215 : 65535;
10216 : 65535;
10217 : 65535;
10218 : 65535;
10219 : 65535;
10220 : 65535;
10221 : 65535;
10222 : 65535;
10223 : 65535;
10224 : 65535;
10225 : 65535;
10226 : 65535;
10227 : 65535;
10228 : 65535;
10229 : 65535;
10230 : 65535;
10231 : 65535;
10232 : 65535;
10233 : 65535;
10234 : 65535;
10235 : 65535;
10236 : 65535;
10237 : 65535;
10238 : 65535;
10239 : 65535;
10240 : 65535;
10241 : 65535;
10242 : 65535;
10243 : 65535;
10244 : 65535;
10245 : 65535;
10246 : 65535;
10247 : 65535;
10248 : 65535;
10249 : 65535;
10250 : 65535;
10251 : 65535;
10252 : 65535;
10253 : 65535;
10254 : 65535;
10255 : 65535;
10256 : 65535;
10257 : 65535;
10258 : 65535;
10259 : 65535;
10260 : 65535;
10261 : 65535;
10262 : 65535;
10263 : 65535;
10264 : 65535;
10265 : 65535;
10266 : 65535;
10267 : 65535;
10268 : 65535;
10269 : 65535;
10270 : 65535;
10271 : 65535;
10272 : 65535;
10273 : 65535;
10274 : 65535;
10275 : 44438;
10276 : 40572;
10277 : 42718;
10278 : 40605;
10279 : 42718;
10280 : 27797;
10281 : 44374;
10282 : 61278;
10283 : 27469;
10284 : 44374;
10285 : 38067;
10286 : 59164;
10287 : 61310;
10288 : 59164;
10289 : 44406;
10290 : 42261;
10291 : 40180;
10292 : 44374;
10293 : 48568;
10294 : 48600;
10295 : 50713;
10296 : 48632;
10297 : 50713;
10298 : 50746;
10299 : 50713;
10300 : 52826;
10301 : 50713;
10302 : 48633;
10303 : 50746;
10304 : 50713;
10305 : 48600;
10306 : 48601;
10307 : 48633;
10308 : 48600;
10309 : 46519;
10310 : 50713;
10311 : 48633;
10312 : 48633;
10313 : 48633;
10314 : 48601;
10315 : 46488;
10316 : 46487;
10317 : 48568;
10318 : 46520;
10319 : 46455;
10320 : 44374;
10321 : 42261;
10322 : 44406;
10323 : 46487;
10324 : 46454;
10325 : 48632;
10326 : 48600;
10327 : 44373;
10328 : 35889;
10329 : 42261;
10330 : 50713;
10331 : 48568;
10332 : 44406;
10333 : 40147;
10334 : 40115;
10335 : 40147;
10336 : 19017;
10337 : 35921;
10338 : 42293;
10339 : 44341;
10340 : 33776;
10341 : 40147;
10342 : 65535;
10343 : 65535;
10344 : 65535;
10345 : 65535;
10346 : 65535;
10347 : 65535;
10348 : 65535;
10349 : 65535;
10350 : 65535;
10351 : 65535;
10352 : 65535;
10353 : 65535;
10354 : 65535;
10355 : 65535;
10356 : 65535;
10357 : 65535;
10358 : 65535;
10359 : 65535;
10360 : 65535;
10361 : 65535;
10362 : 65535;
10363 : 65535;
10364 : 65535;
10365 : 65535;
10366 : 65535;
10367 : 65535;
10368 : 65535;
10369 : 65535;
10370 : 65535;
10371 : 65535;
10372 : 65535;
10373 : 65535;
10374 : 65535;
10375 : 65535;
10376 : 65535;
10377 : 65535;
10378 : 65535;
10379 : 65535;
10380 : 65535;
10381 : 65535;
10382 : 65535;
10383 : 65535;
10384 : 65535;
10385 : 65535;
10386 : 65535;
10387 : 65535;
10388 : 65535;
10389 : 65535;
10390 : 65535;
10391 : 65535;
10392 : 65535;
10393 : 65535;
10394 : 65535;
10395 : 65535;
10396 : 65535;
10397 : 65535;
10398 : 65535;
10399 : 65535;
10400 : 65535;
10401 : 65535;
10402 : 63390;
10403 : 36150;
10404 : 42718;
10405 : 30074;
10406 : 25913;
10407 : 36478;
10408 : 19311;
10409 : 54971;
10410 : 50713;
10411 : 25389;
10412 : 48633;
10413 : 40147;
10414 : 61310;
10415 : 61277;
10416 : 52826;
10417 : 42293;
10418 : 42229;
10419 : 40148;
10420 : 40148;
10421 : 46487;
10422 : 48633;
10423 : 50713;
10424 : 50713;
10425 : 50745;
10426 : 52826;
10427 : 50746;
10428 : 50746;
10429 : 50746;
10430 : 50745;
10431 : 50745;
10432 : 50713;
10433 : 48600;
10434 : 46488;
10435 : 48568;
10436 : 50713;
10437 : 48600;
10438 : 48600;
10439 : 46487;
10440 : 50713;
10441 : 50713;
10442 : 48600;
10443 : 48633;
10444 : 46487;
10445 : 44374;
10446 : 44375;
10447 : 46487;
10448 : 46487;
10449 : 44374;
10450 : 46519;
10451 : 48600;
10452 : 46487;
10453 : 46519;
10454 : 48633;
10455 : 46519;
10456 : 44406;
10457 : 48632;
10458 : 50713;
10459 : 48632;
10460 : 42293;
10461 : 40147;
10462 : 40147;
10463 : 42228;
10464 : 35889;
10465 : 29582;
10466 : 42228;
10467 : 40147;
10468 : 42293;
10469 : 29582;
10470 : 63390;
10471 : 65535;
10472 : 65535;
10473 : 65535;
10474 : 65535;
10475 : 65535;
10476 : 65535;
10477 : 65535;
10478 : 65535;
10479 : 65535;
10480 : 65535;
10481 : 65535;
10482 : 65535;
10483 : 65535;
10484 : 65535;
10485 : 65535;
10486 : 65535;
10487 : 65535;
10488 : 65535;
10489 : 65535;
10490 : 65535;
10491 : 65535;
10492 : 65535;
10493 : 65535;
10494 : 65535;
10495 : 65535;
10496 : 65535;
10497 : 65535;
10498 : 65535;
10499 : 65535;
10500 : 65535;
10501 : 65535;
10502 : 65535;
10503 : 65535;
10504 : 65535;
10505 : 65535;
10506 : 65535;
10507 : 65535;
10508 : 65535;
10509 : 65535;
10510 : 65535;
10511 : 65535;
10512 : 65535;
10513 : 65535;
10514 : 65535;
10515 : 65535;
10516 : 65535;
10517 : 65535;
10518 : 65535;
10519 : 65535;
10520 : 65535;
10521 : 65535;
10522 : 65535;
10523 : 65535;
10524 : 65535;
10525 : 65535;
10526 : 65535;
10527 : 65535;
10528 : 65535;
10529 : 65535;
10530 : 54938;
10531 : 36281;
10532 : 34267;
10533 : 11189;
10534 : 17527;
10535 : 23898;
10536 : 23342;
10537 : 59132;
10538 : 38067;
10539 : 33809;
10540 : 50714;
10541 : 33841;
10542 : 54971;
10543 : 57051;
10544 : 46487;
10545 : 44341;
10546 : 42261;
10547 : 40148;
10548 : 38035;
10549 : 40148;
10550 : 48601;
10551 : 48633;
10552 : 50746;
10553 : 50746;
10554 : 52826;
10555 : 52826;
10556 : 52826;
10557 : 50746;
10558 : 50713;
10559 : 50745;
10560 : 50713;
10561 : 48632;
10562 : 48600;
10563 : 35955;
10564 : 31663;
10565 : 40148;
10566 : 48567;
10567 : 46454;
10568 : 50713;
10569 : 50745;
10570 : 50713;
10571 : 48600;
10572 : 46520;
10573 : 44374;
10574 : 46455;
10575 : 46455;
10576 : 46519;
10577 : 46487;
10578 : 46487;
10579 : 46487;
10580 : 46454;
10581 : 48600;
10582 : 48600;
10583 : 50681;
10584 : 48600;
10585 : 48632;
10586 : 48600;
10587 : 44406;
10588 : 40148;
10589 : 40180;
10590 : 40147;
10591 : 42260;
10592 : 44308;
10593 : 40115;
10594 : 40115;
10595 : 38034;
10596 : 40180;
10597 : 31695;
10598 : 59164;
10599 : 65535;
10600 : 65535;
10601 : 65535;
10602 : 65535;
10603 : 65535;
10604 : 65535;
10605 : 65535;
10606 : 65535;
10607 : 65535;
10608 : 65535;
10609 : 65535;
10610 : 65535;
10611 : 65535;
10612 : 65535;
10613 : 65535;
10614 : 65535;
10615 : 65535;
10616 : 65535;
10617 : 65535;
10618 : 65535;
10619 : 65535;
10620 : 65535;
10621 : 65535;
10622 : 65535;
10623 : 65535;
10624 : 65535;
10625 : 65535;
10626 : 65535;
10627 : 65535;
10628 : 65535;
10629 : 65535;
10630 : 65535;
10631 : 65535;
10632 : 65535;
10633 : 65535;
10634 : 65535;
10635 : 65535;
10636 : 65535;
10637 : 65535;
10638 : 65535;
10639 : 65535;
10640 : 65535;
10641 : 65535;
10642 : 65535;
10643 : 65535;
10644 : 65535;
10645 : 65535;
10646 : 65535;
10647 : 65535;
10648 : 65535;
10649 : 65535;
10650 : 65535;
10651 : 65535;
10652 : 65535;
10653 : 65535;
10654 : 65535;
10655 : 65535;
10656 : 65535;
10657 : 65535;
10658 : 46551;
10659 : 36315;
10660 : 15382;
10661 : 11157;
10662 : 17561;
10663 : 15348;
10664 : 33809;
10665 : 57052;
10666 : 33809;
10667 : 42261;
10668 : 50714;
10669 : 42294;
10670 : 25356;
10671 : 35921;
10672 : 44406;
10673 : 44374;
10674 : 42294;
10675 : 42261;
10676 : 38035;
10677 : 42261;
10678 : 48633;
10679 : 50681;
10680 : 50746;
10681 : 50713;
10682 : 50713;
10683 : 50746;
10684 : 50713;
10685 : 48632;
10686 : 50713;
10687 : 50745;
10688 : 50745;
10689 : 48632;
10690 : 27502;
10691 : 27469;
10692 : 38034;
10693 : 29615;
10694 : 29582;
10695 : 46454;
10696 : 50713;
10697 : 48600;
10698 : 50713;
10699 : 48633;
10700 : 48600;
10701 : 46520;
10702 : 46487;
10703 : 44407;
10704 : 46487;
10705 : 46486;
10706 : 44373;
10707 : 44406;
10708 : 46487;
10709 : 48568;
10710 : 48568;
10711 : 50713;
10712 : 48600;
10713 : 46487;
10714 : 44406;
10715 : 44373;
10716 : 42261;
10717 : 42260;
10718 : 42260;
10719 : 42260;
10720 : 42260;
10721 : 42260;
10722 : 38034;
10723 : 38034;
10724 : 40115;
10725 : 33841;
10726 : 63422;
10727 : 65535;
10728 : 65535;
10729 : 65535;
10730 : 65535;
10731 : 65535;
10732 : 65535;
10733 : 65535;
10734 : 65535;
10735 : 65535;
10736 : 65535;
10737 : 65535;
10738 : 65535;
10739 : 65535;
10740 : 65535;
10741 : 65535;
10742 : 65535;
10743 : 65535;
10744 : 65535;
10745 : 65535;
10746 : 65535;
10747 : 65535;
10748 : 65535;
10749 : 65535;
10750 : 65535;
10751 : 65535;
10752 : 65535;
10753 : 65535;
10754 : 65535;
10755 : 65535;
10756 : 65535;
10757 : 65535;
10758 : 65535;
10759 : 65535;
10760 : 65535;
10761 : 65535;
10762 : 65535;
10763 : 65535;
10764 : 65535;
10765 : 65535;
10766 : 65535;
10767 : 65535;
10768 : 65535;
10769 : 65535;
10770 : 65535;
10771 : 65535;
10772 : 65535;
10773 : 65535;
10774 : 65535;
10775 : 65535;
10776 : 65535;
10777 : 65535;
10778 : 65535;
10779 : 65535;
10780 : 65535;
10781 : 65535;
10782 : 65535;
10783 : 65535;
10784 : 65535;
10785 : 65503;
10786 : 34037;
10787 : 23833;
10788 : 11189;
10789 : 11189;
10790 : 19738;
10791 : 15152;
10792 : 42196;
10793 : 52826;
10794 : 29583;
10795 : 44406;
10796 : 50713;
10797 : 48601;
10798 : 44407;
10799 : 29583;
10800 : 29583;
10801 : 42294;
10802 : 42261;
10803 : 42229;
10804 : 40181;
10805 : 44407;
10806 : 48633;
10807 : 50746;
10808 : 50746;
10809 : 50713;
10810 : 50745;
10811 : 50746;
10812 : 50713;
10813 : 50746;
10814 : 50746;
10815 : 50745;
10816 : 50746;
10817 : 35921;
10818 : 44373;
10819 : 57084;
10820 : 59164;
10821 : 57052;
10822 : 40148;
10823 : 29583;
10824 : 46519;
10825 : 50746;
10826 : 50713;
10827 : 48601;
10828 : 48568;
10829 : 46520;
10830 : 46488;
10831 : 46487;
10832 : 46455;
10833 : 46455;
10834 : 44406;
10835 : 46487;
10836 : 46454;
10837 : 46487;
10838 : 46519;
10839 : 46487;
10840 : 46454;
10841 : 42228;
10842 : 42228;
10843 : 44341;
10844 : 44373;
10845 : 44341;
10846 : 44308;
10847 : 42260;
10848 : 42228;
10849 : 42228;
10850 : 29550;
10851 : 40147;
10852 : 33809;
10853 : 52825;
10854 : 65535;
10855 : 65535;
10856 : 65535;
10857 : 65535;
10858 : 65535;
10859 : 65535;
10860 : 65535;
10861 : 65535;
10862 : 65535;
10863 : 65535;
10864 : 65535;
10865 : 65535;
10866 : 65535;
10867 : 65535;
10868 : 65535;
10869 : 65535;
10870 : 65535;
10871 : 65535;
10872 : 65535;
10873 : 65535;
10874 : 65535;
10875 : 65535;
10876 : 65535;
10877 : 65535;
10878 : 65535;
10879 : 65535;
10880 : 65535;
10881 : 65535;
10882 : 65535;
10883 : 65535;
10884 : 65535;
10885 : 65535;
10886 : 65535;
10887 : 65535;
10888 : 65535;
10889 : 65535;
10890 : 65535;
10891 : 65535;
10892 : 65535;
10893 : 65535;
10894 : 65535;
10895 : 65535;
10896 : 65535;
10897 : 65535;
10898 : 65535;
10899 : 65535;
10900 : 65535;
10901 : 65535;
10902 : 65535;
10903 : 65535;
10904 : 65535;
10905 : 65535;
10906 : 65535;
10907 : 65535;
10908 : 65535;
10909 : 65535;
10910 : 65535;
10911 : 65535;
10912 : 65535;
10913 : 61276;
10914 : 25749;
10915 : 15447;
10916 : 11221;
10917 : 13302;
10918 : 21851;
10919 : 17133;
10920 : 46487;
10921 : 48601;
10922 : 27437;
10923 : 48600;
10924 : 50746;
10925 : 46520;
10926 : 46520;
10927 : 50681;
10928 : 38068;
10929 : 40148;
10930 : 44374;
10931 : 42229;
10932 : 42261;
10933 : 46519;
10934 : 50713;
10935 : 52826;
10936 : 50746;
10937 : 50746;
10938 : 50746;
10939 : 50714;
10940 : 50746;
10941 : 50746;
10942 : 50713;
10943 : 50746;
10944 : 44407;
10945 : 38099;
10946 : 59165;
10947 : 57051;
10948 : 57084;
10949 : 57052;
10950 : 52826;
10951 : 40148;
10952 : 25389;
10953 : 29615;
10954 : 48633;
10955 : 50681;
10956 : 46520;
10957 : 48568;
10958 : 44407;
10959 : 44407;
10960 : 46455;
10961 : 46455;
10962 : 44406;
10963 : 46487;
10964 : 46487;
10965 : 46454;
10966 : 44406;
10967 : 44373;
10968 : 42228;
10969 : 40147;
10970 : 42260;
10971 : 44374;
10972 : 46486;
10973 : 44373;
10974 : 44341;
10975 : 44308;
10976 : 42260;
10977 : 44341;
10978 : 31663;
10979 : 31695;
10980 : 42292;
10981 : 65535;
10982 : 65535;
10983 : 65535;
10984 : 65535;
10985 : 65535;
10986 : 65535;
10987 : 65535;
10988 : 65535;
10989 : 65535;
10990 : 65535;
10991 : 65535;
10992 : 65535;
10993 : 65535;
10994 : 65535;
10995 : 65535;
10996 : 65535;
10997 : 65535;
10998 : 65535;
10999 : 65535;
11000 : 65535;
11001 : 65535;
11002 : 65535;
11003 : 65535;
11004 : 65535;
11005 : 65535;
11006 : 65535;
11007 : 65535;
11008 : 65535;
11009 : 65535;
11010 : 65535;
11011 : 65535;
11012 : 65535;
11013 : 65535;
11014 : 65535;
11015 : 65535;
11016 : 65535;
11017 : 65535;
11018 : 65535;
11019 : 65535;
11020 : 65535;
11021 : 65535;
11022 : 65535;
11023 : 65535;
11024 : 65535;
11025 : 65535;
11026 : 65535;
11027 : 65535;
11028 : 65535;
11029 : 65535;
11030 : 65535;
11031 : 65535;
11032 : 65535;
11033 : 65535;
11034 : 65535;
11035 : 65535;
11036 : 65535;
11037 : 65535;
11038 : 65535;
11039 : 65535;
11040 : 65535;
11041 : 52857;
11042 : 21719;
11043 : 13367;
11044 : 13269;
11045 : 21786;
11046 : 21818;
11047 : 21229;
11048 : 50681;
11049 : 48600;
11050 : 27470;
11051 : 48632;
11052 : 48633;
11053 : 48633;
11054 : 48633;
11055 : 48568;
11056 : 50714;
11057 : 50682;
11058 : 48633;
11059 : 48600;
11060 : 48600;
11061 : 50746;
11062 : 52826;
11063 : 52826;
11064 : 50746;
11065 : 50713;
11066 : 50746;
11067 : 50713;
11068 : 50713;
11069 : 50713;
11070 : 50745;
11071 : 50746;
11072 : 35954;
11073 : 46486;
11074 : 57084;
11075 : 57052;
11076 : 57084;
11077 : 57052;
11078 : 50713;
11079 : 44374;
11080 : 42261;
11081 : 35921;
11082 : 44374;
11083 : 50714;
11084 : 48601;
11085 : 48601;
11086 : 48569;
11087 : 46487;
11088 : 44342;
11089 : 44375;
11090 : 46487;
11091 : 46487;
11092 : 46487;
11093 : 44374;
11094 : 42261;
11095 : 42260;
11096 : 42228;
11097 : 42260;
11098 : 44341;
11099 : 44373;
11100 : 46487;
11101 : 46519;
11102 : 46454;
11103 : 44373;
11104 : 44341;
11105 : 42260;
11106 : 33809;
11107 : 19017;
11108 : 59196;
11109 : 65535;
11110 : 65535;
11111 : 65535;
11112 : 65535;
11113 : 65535;
11114 : 65535;
11115 : 65535;
11116 : 65535;
11117 : 65535;
11118 : 65535;
11119 : 65535;
11120 : 65535;
11121 : 65535;
11122 : 65535;
11123 : 65535;
11124 : 65535;
11125 : 65535;
11126 : 65535;
11127 : 65535;
11128 : 65535;
11129 : 65535;
11130 : 65535;
11131 : 65535;
11132 : 65535;
11133 : 65535;
11134 : 65535;
11135 : 65535;
11136 : 65535;
11137 : 65535;
11138 : 65535;
11139 : 65535;
11140 : 65535;
11141 : 65535;
11142 : 65535;
11143 : 65535;
11144 : 65535;
11145 : 65535;
11146 : 65535;
11147 : 65535;
11148 : 65535;
11149 : 65535;
11150 : 65535;
11151 : 65535;
11152 : 65535;
11153 : 65535;
11154 : 65535;
11155 : 65535;
11156 : 65535;
11157 : 65535;
11158 : 65535;
11159 : 65535;
11160 : 65535;
11161 : 65535;
11162 : 65535;
11163 : 65535;
11164 : 65535;
11165 : 65535;
11166 : 65535;
11167 : 65535;
11168 : 65535;
11169 : 42325;
11170 : 21784;
11171 : 17593;
11172 : 21786;
11173 : 26076;
11174 : 19672;
11175 : 27535;
11176 : 50681;
11177 : 48600;
11178 : 27502;
11179 : 48633;
11180 : 50713;
11181 : 50713;
11182 : 50745;
11183 : 50714;
11184 : 50714;
11185 : 50682;
11186 : 50681;
11187 : 50746;
11188 : 52826;
11189 : 52859;
11190 : 52827;
11191 : 52859;
11192 : 50778;
11193 : 50746;
11194 : 52826;
11195 : 50746;
11196 : 50713;
11197 : 50713;
11198 : 50713;
11199 : 50746;
11200 : 33841;
11201 : 46519;
11202 : 57084;
11203 : 57052;
11204 : 57084;
11205 : 54972;
11206 : 48600;
11207 : 42294;
11208 : 44342;
11209 : 44375;
11210 : 42294;
11211 : 44374;
11212 : 46520;
11213 : 48633;
11214 : 48601;
11215 : 46488;
11216 : 46488;
11217 : 44407;
11218 : 44374;
11219 : 44374;
11220 : 42293;
11221 : 40180;
11222 : 42228;
11223 : 42260;
11224 : 42260;
11225 : 42293;
11226 : 44373;
11227 : 31663;
11228 : 29550;
11229 : 27469;
11230 : 25388;
11231 : 33808;
11232 : 44373;
11233 : 42260;
11234 : 38002;
11235 : 25356;
11236 : 65535;
11237 : 65535;
11238 : 65535;
11239 : 65535;
11240 : 65535;
11241 : 65535;
11242 : 65535;
11243 : 65535;
11244 : 65535;
11245 : 65535;
11246 : 65535;
11247 : 65535;
11248 : 65535;
11249 : 65535;
11250 : 65535;
11251 : 65535;
11252 : 65535;
11253 : 65535;
11254 : 65535;
11255 : 65535;
11256 : 65535;
11257 : 65535;
11258 : 65535;
11259 : 65535;
11260 : 65535;
11261 : 65535;
11262 : 65535;
11263 : 65535;
11264 : 65535;
11265 : 65535;
11266 : 65535;
11267 : 65535;
11268 : 65535;
11269 : 65535;
11270 : 65535;
11271 : 65535;
11272 : 65535;
11273 : 65535;
11274 : 65535;
11275 : 65535;
11276 : 65535;
11277 : 65535;
11278 : 65535;
11279 : 65535;
11280 : 65535;
11281 : 65535;
11282 : 65535;
11283 : 65535;
11284 : 65535;
11285 : 65535;
11286 : 65535;
11287 : 65535;
11288 : 65535;
11289 : 65535;
11290 : 65535;
11291 : 65535;
11292 : 65535;
11293 : 65535;
11294 : 65535;
11295 : 65535;
11296 : 65535;
11297 : 33939;
11298 : 21850;
11299 : 26044;
11300 : 26044;
11301 : 26076;
11302 : 19574;
11303 : 35922;
11304 : 52826;
11305 : 50713;
11306 : 27502;
11307 : 48633;
11308 : 50745;
11309 : 50745;
11310 : 50713;
11311 : 50745;
11312 : 52794;
11313 : 50714;
11314 : 50714;
11315 : 52827;
11316 : 52859;
11317 : 52826;
11318 : 52826;
11319 : 52859;
11320 : 52826;
11321 : 52826;
11322 : 52826;
11323 : 50746;
11324 : 50746;
11325 : 50746;
11326 : 50713;
11327 : 50713;
11328 : 40148;
11329 : 33841;
11330 : 57084;
11331 : 54972;
11332 : 54939;
11333 : 50713;
11334 : 44407;
11335 : 42293;
11336 : 42294;
11337 : 44342;
11338 : 42294;
11339 : 42261;
11340 : 42261;
11341 : 46488;
11342 : 46487;
11343 : 46487;
11344 : 44374;
11345 : 42261;
11346 : 42229;
11347 : 42228;
11348 : 42260;
11349 : 42260;
11350 : 42292;
11351 : 42260;
11352 : 44373;
11353 : 44373;
11354 : 44373;
11355 : 40180;
11356 : 40147;
11357 : 38034;
11358 : 35889;
11359 : 29550;
11360 : 29582;
11361 : 42228;
11362 : 38067;
11363 : 33841;
11364 : 65535;
11365 : 65535;
11366 : 65535;
11367 : 65535;
11368 : 65535;
11369 : 65535;
11370 : 65535;
11371 : 65535;
11372 : 65535;
11373 : 65535;
11374 : 65535;
11375 : 65535;
11376 : 65535;
11377 : 65535;
11378 : 65535;
11379 : 65535;
11380 : 65535;
11381 : 65535;
11382 : 65535;
11383 : 65535;
11384 : 65535;
11385 : 65535;
11386 : 65535;
11387 : 65535;
11388 : 65535;
11389 : 65535;
11390 : 65535;
11391 : 65535;
11392 : 65535;
11393 : 65535;
11394 : 65535;
11395 : 65535;
11396 : 65535;
11397 : 65535;
11398 : 65535;
11399 : 65535;
11400 : 65535;
11401 : 65535;
11402 : 65535;
11403 : 65535;
11404 : 65535;
11405 : 65535;
11406 : 65535;
11407 : 65535;
11408 : 65535;
11409 : 65535;
11410 : 65535;
11411 : 65535;
11412 : 65535;
11413 : 65535;
11414 : 65535;
11415 : 65535;
11416 : 65535;
11417 : 65535;
11418 : 65535;
11419 : 65535;
11420 : 65535;
11421 : 65535;
11422 : 65535;
11423 : 65535;
11424 : 65535;
11425 : 27633;
11426 : 21883;
11427 : 26044;
11428 : 26044;
11429 : 26076;
11430 : 17428;
11431 : 38002;
11432 : 52826;
11433 : 52826;
11434 : 38067;
11435 : 35921;
11436 : 48633;
11437 : 50713;
11438 : 50745;
11439 : 52826;
11440 : 54939;
11441 : 52859;
11442 : 52859;
11443 : 52859;
11444 : 52859;
11445 : 52891;
11446 : 52891;
11447 : 54939;
11448 : 52859;
11449 : 52826;
11450 : 50746;
11451 : 50746;
11452 : 50746;
11453 : 50746;
11454 : 50714;
11455 : 50746;
11456 : 50746;
11457 : 23276;
11458 : 40148;
11459 : 48600;
11460 : 46519;
11461 : 44406;
11462 : 44407;
11463 : 44342;
11464 : 44342;
11465 : 44374;
11466 : 42261;
11467 : 40148;
11468 : 42261;
11469 : 42261;
11470 : 44342;
11471 : 42294;
11472 : 42229;
11473 : 42261;
11474 : 42229;
11475 : 42228;
11476 : 42260;
11477 : 44341;
11478 : 42293;
11479 : 42260;
11480 : 44373;
11481 : 40180;
11482 : 42260;
11483 : 44373;
11484 : 44374;
11485 : 44374;
11486 : 44374;
11487 : 46519;
11488 : 29582;
11489 : 31696;
11490 : 40115;
11491 : 31695;
11492 : 63390;
11493 : 65535;
11494 : 65535;
11495 : 65535;
11496 : 65535;
11497 : 65535;
11498 : 65535;
11499 : 65535;
11500 : 65535;
11501 : 65535;
11502 : 65535;
11503 : 65535;
11504 : 65535;
11505 : 65535;
11506 : 65535;
11507 : 65535;
11508 : 65535;
11509 : 65535;
11510 : 65535;
11511 : 65535;
11512 : 65535;
11513 : 65535;
11514 : 65535;
11515 : 65535;
11516 : 65535;
11517 : 65535;
11518 : 65535;
11519 : 65535;
11520 : 65535;
11521 : 65535;
11522 : 65535;
11523 : 65535;
11524 : 65535;
11525 : 65535;
11526 : 65535;
11527 : 65535;
11528 : 65535;
11529 : 65535;
11530 : 65535;
11531 : 65535;
11532 : 65535;
11533 : 65535;
11534 : 65535;
11535 : 65535;
11536 : 65535;
11537 : 65535;
11538 : 65535;
11539 : 65535;
11540 : 65535;
11541 : 65535;
11542 : 65535;
11543 : 65535;
11544 : 65535;
11545 : 65535;
11546 : 65535;
11547 : 65535;
11548 : 65535;
11549 : 65535;
11550 : 65535;
11551 : 65535;
11552 : 65535;
11553 : 23504;
11554 : 21883;
11555 : 23931;
11556 : 26044;
11557 : 26077;
11558 : 17363;
11559 : 42261;
11560 : 52859;
11561 : 52794;
11562 : 52826;
11563 : 38067;
11564 : 29615;
11565 : 29582;
11566 : 29583;
11567 : 31696;
11568 : 35954;
11569 : 42261;
11570 : 48633;
11571 : 54972;
11572 : 54940;
11573 : 52891;
11574 : 52891;
11575 : 52859;
11576 : 52826;
11577 : 50746;
11578 : 52826;
11579 : 52826;
11580 : 52794;
11581 : 52826;
11582 : 52827;
11583 : 50746;
11584 : 52827;
11585 : 44342;
11586 : 27470;
11587 : 44407;
11588 : 44374;
11589 : 44374;
11590 : 44406;
11591 : 44374;
11592 : 44374;
11593 : 44374;
11594 : 44374;
11595 : 44374;
11596 : 44342;
11597 : 42261;
11598 : 42261;
11599 : 42261;
11600 : 44342;
11601 : 42293;
11602 : 42294;
11603 : 42261;
11604 : 42261;
11605 : 44373;
11606 : 44373;
11607 : 44341;
11608 : 42292;
11609 : 42293;
11610 : 44341;
11611 : 44373;
11612 : 44342;
11613 : 42293;
11614 : 42261;
11615 : 44341;
11616 : 38002;
11617 : 25357;
11618 : 40148;
11619 : 27501;
11620 : 54970;
11621 : 65535;
11622 : 65535;
11623 : 65535;
11624 : 65535;
11625 : 65535;
11626 : 65535;
11627 : 65535;
11628 : 65535;
11629 : 65535;
11630 : 65535;
11631 : 65535;
11632 : 65535;
11633 : 65535;
11634 : 65535;
11635 : 65535;
11636 : 65535;
11637 : 65535;
11638 : 65535;
11639 : 65535;
11640 : 65535;
11641 : 65535;
11642 : 65535;
11643 : 65535;
11644 : 65535;
11645 : 65535;
11646 : 65535;
11647 : 65535;
11648 : 65535;
11649 : 65535;
11650 : 65535;
11651 : 65535;
11652 : 65535;
11653 : 65535;
11654 : 65535;
11655 : 65535;
11656 : 65535;
11657 : 65535;
11658 : 65535;
11659 : 65535;
11660 : 65535;
11661 : 65535;
11662 : 65535;
11663 : 65535;
11664 : 65535;
11665 : 65535;
11666 : 65535;
11667 : 65535;
11668 : 65535;
11669 : 65535;
11670 : 65535;
11671 : 65535;
11672 : 65535;
11673 : 65535;
11674 : 65535;
11675 : 65535;
11676 : 65535;
11677 : 65535;
11678 : 65535;
11679 : 65535;
11680 : 65535;
11681 : 23471;
11682 : 19705;
11683 : 17592;
11684 : 26044;
11685 : 26076;
11686 : 17395;
11687 : 50680;
11688 : 57052;
11689 : 50746;
11690 : 52826;
11691 : 52859;
11692 : 50746;
11693 : 50713;
11694 : 46520;
11695 : 46520;
11696 : 42261;
11697 : 33841;
11698 : 29582;
11699 : 29615;
11700 : 40181;
11701 : 50714;
11702 : 50746;
11703 : 50746;
11704 : 50714;
11705 : 50746;
11706 : 52858;
11707 : 52859;
11708 : 52826;
11709 : 52827;
11710 : 52826;
11711 : 50746;
11712 : 50746;
11713 : 52827;
11714 : 31696;
11715 : 40148;
11716 : 46487;
11717 : 46455;
11718 : 44406;
11719 : 44406;
11720 : 44374;
11721 : 44407;
11722 : 40181;
11723 : 42261;
11724 : 42261;
11725 : 42261;
11726 : 44342;
11727 : 44342;
11728 : 42261;
11729 : 44341;
11730 : 44374;
11731 : 42293;
11732 : 44373;
11733 : 44373;
11734 : 44373;
11735 : 44373;
11736 : 42260;
11737 : 42292;
11738 : 44373;
11739 : 42293;
11740 : 42261;
11741 : 42261;
11742 : 40148;
11743 : 42261;
11744 : 40116;
11745 : 27469;
11746 : 40148;
11747 : 31663;
11748 : 46518;
11749 : 65535;
11750 : 65535;
11751 : 65535;
11752 : 65535;
11753 : 65535;
11754 : 65535;
11755 : 65535;
11756 : 65535;
11757 : 65535;
11758 : 65535;
11759 : 65535;
11760 : 65535;
11761 : 65535;
11762 : 65535;
11763 : 65535;
11764 : 65535;
11765 : 65535;
11766 : 65535;
11767 : 65535;
11768 : 65535;
11769 : 65535;
11770 : 65535;
11771 : 65535;
11772 : 65535;
11773 : 65535;
11774 : 65535;
11775 : 65535;
11776 : 65535;
11777 : 65535;
11778 : 65535;
11779 : 65535;
11780 : 65535;
11781 : 65535;
11782 : 65535;
11783 : 65535;
11784 : 65535;
11785 : 65535;
11786 : 65535;
11787 : 65535;
11788 : 65535;
11789 : 65535;
11790 : 65535;
11791 : 65535;
11792 : 65535;
11793 : 65535;
11794 : 65535;
11795 : 65535;
11796 : 65535;
11797 : 65535;
11798 : 65535;
11799 : 65535;
11800 : 65535;
11801 : 65535;
11802 : 65535;
11803 : 65535;
11804 : 65535;
11805 : 65535;
11806 : 65535;
11807 : 65535;
11808 : 65535;
11809 : 25585;
11810 : 19705;
11811 : 15415;
11812 : 26044;
11813 : 26076;
11814 : 19574;
11815 : 42261;
11816 : 59197;
11817 : 54939;
11818 : 52826;
11819 : 50778;
11820 : 50746;
11821 : 50746;
11822 : 52826;
11823 : 52826;
11824 : 48632;
11825 : 46487;
11826 : 46454;
11827 : 42228;
11828 : 31663;
11829 : 25357;
11830 : 38068;
11831 : 46520;
11832 : 46487;
11833 : 46520;
11834 : 48600;
11835 : 48632;
11836 : 48632;
11837 : 48633;
11838 : 48632;
11839 : 48600;
11840 : 48600;
11841 : 48633;
11842 : 40115;
11843 : 35922;
11844 : 46520;
11845 : 46487;
11846 : 46486;
11847 : 46487;
11848 : 46487;
11849 : 44374;
11850 : 42261;
11851 : 42261;
11852 : 42261;
11853 : 42293;
11854 : 42293;
11855 : 44374;
11856 : 46454;
11857 : 44406;
11858 : 46454;
11859 : 44374;
11860 : 44373;
11861 : 44341;
11862 : 44373;
11863 : 44373;
11864 : 42292;
11865 : 44373;
11866 : 44373;
11867 : 44341;
11868 : 42261;
11869 : 42261;
11870 : 40148;
11871 : 40148;
11872 : 29583;
11873 : 31696;
11874 : 40116;
11875 : 33776;
11876 : 31695;
11877 : 65535;
11878 : 65535;
11879 : 65535;
11880 : 65535;
11881 : 65535;
11882 : 65535;
11883 : 65535;
11884 : 65535;
11885 : 65535;
11886 : 65535;
11887 : 65535;
11888 : 65535;
11889 : 65535;
11890 : 65535;
11891 : 65535;
11892 : 65535;
11893 : 65535;
11894 : 65535;
11895 : 65535;
11896 : 65535;
11897 : 65535;
11898 : 65535;
11899 : 65535;
11900 : 65535;
11901 : 65535;
11902 : 65535;
11903 : 65535;
11904 : 65535;
11905 : 65535;
11906 : 65535;
11907 : 65535;
11908 : 65535;
11909 : 65535;
11910 : 65535;
11911 : 65535;
11912 : 65535;
11913 : 65535;
11914 : 65535;
11915 : 65535;
11916 : 65535;
11917 : 65535;
11918 : 65535;
11919 : 65535;
11920 : 65535;
11921 : 65535;
11922 : 65535;
11923 : 65535;
11924 : 65535;
11925 : 65535;
11926 : 65535;
11927 : 65535;
11928 : 65535;
11929 : 65535;
11930 : 65535;
11931 : 65535;
11932 : 65535;
11933 : 65535;
11934 : 65535;
11935 : 65535;
11936 : 65535;
11937 : 27698;
11938 : 21850;
11939 : 17560;
11940 : 23963;
11941 : 26044;
11942 : 21850;
11943 : 23407;
11944 : 52793;
11945 : 52826;
11946 : 50746;
11947 : 52794;
11948 : 50746;
11949 : 50713;
11950 : 50713;
11951 : 48600;
11952 : 46487;
11953 : 44406;
11954 : 44374;
11955 : 46454;
11956 : 46487;
11957 : 42228;
11958 : 25357;
11959 : 31663;
11960 : 44342;
11961 : 44342;
11962 : 44374;
11963 : 44374;
11964 : 46454;
11965 : 44406;
11966 : 44406;
11967 : 46454;
11968 : 46487;
11969 : 46487;
11970 : 44406;
11971 : 44374;
11972 : 44407;
11973 : 44407;
11974 : 46487;
11975 : 44406;
11976 : 46454;
11977 : 44406;
11978 : 44374;
11979 : 42261;
11980 : 42293;
11981 : 42261;
11982 : 44341;
11983 : 46486;
11984 : 46486;
11985 : 46454;
11986 : 46486;
11987 : 46454;
11988 : 44374;
11989 : 42261;
11990 : 44341;
11991 : 44341;
11992 : 42293;
11993 : 44341;
11994 : 42260;
11995 : 44341;
11996 : 44341;
11997 : 42261;
11998 : 40148;
11999 : 29550;
12000 : 25357;
12001 : 38035;
12002 : 40115;
12003 : 35922;
12004 : 16937;
12005 : 48599;
12006 : 65535;
12007 : 65535;
12008 : 65535;
12009 : 65535;
12010 : 65535;
12011 : 65535;
12012 : 65535;
12013 : 65535;
12014 : 65535;
12015 : 65535;
12016 : 65535;
12017 : 65535;
12018 : 65535;
12019 : 65535;
12020 : 65535;
12021 : 65535;
12022 : 65535;
12023 : 65535;
12024 : 65535;
12025 : 65535;
12026 : 65535;
12027 : 65535;
12028 : 65535;
12029 : 65535;
12030 : 65535;
12031 : 65535;
12032 : 65535;
12033 : 65535;
12034 : 65535;
12035 : 65535;
12036 : 65535;
12037 : 65535;
12038 : 65535;
12039 : 65535;
12040 : 65535;
12041 : 65535;
12042 : 65535;
12043 : 65535;
12044 : 65535;
12045 : 65535;
12046 : 65535;
12047 : 65535;
12048 : 65535;
12049 : 65535;
12050 : 65535;
12051 : 65535;
12052 : 65535;
12053 : 65535;
12054 : 65535;
12055 : 65535;
12056 : 65535;
12057 : 65535;
12058 : 65535;
12059 : 65535;
12060 : 65535;
12061 : 65535;
12062 : 65535;
12063 : 65535;
12064 : 65535;
12065 : 34004;
12066 : 23963;
12067 : 26076;
12068 : 26044;
12069 : 26044;
12070 : 26076;
12071 : 19606;
12072 : 23341;
12073 : 33808;
12074 : 35921;
12075 : 29615;
12076 : 27502;
12077 : 27502;
12078 : 27534;
12079 : 35921;
12080 : 44341;
12081 : 46487;
12082 : 46454;
12083 : 44406;
12084 : 44406;
12085 : 46454;
12086 : 44406;
12087 : 29583;
12088 : 29615;
12089 : 44374;
12090 : 44406;
12091 : 44374;
12092 : 44406;
12093 : 46454;
12094 : 46454;
12095 : 46486;
12096 : 46487;
12097 : 46487;
12098 : 46487;
12099 : 46454;
12100 : 44407;
12101 : 44374;
12102 : 38067;
12103 : 44406;
12104 : 46519;
12105 : 44406;
12106 : 44406;
12107 : 44373;
12108 : 42293;
12109 : 42293;
12110 : 44406;
12111 : 46486;
12112 : 48567;
12113 : 46486;
12114 : 46486;
12115 : 46454;
12116 : 44373;
12117 : 44341;
12118 : 42261;
12119 : 42293;
12120 : 42293;
12121 : 42293;
12122 : 44373;
12123 : 44341;
12124 : 44373;
12125 : 40180;
12126 : 25357;
12127 : 31695;
12128 : 40115;
12129 : 40147;
12130 : 40148;
12131 : 35954;
12132 : 29582;
12133 : 31695;
12134 : 50744;
12135 : 52857;
12136 : 54938;
12137 : 57018;
12138 : 61277;
12139 : 65535;
12140 : 65535;
12141 : 65535;
12142 : 65535;
12143 : 65535;
12144 : 65535;
12145 : 65535;
12146 : 65535;
12147 : 65535;
12148 : 65535;
12149 : 65535;
12150 : 65535;
12151 : 65535;
12152 : 65535;
12153 : 65535;
12154 : 65535;
12155 : 65535;
12156 : 65535;
12157 : 65535;
12158 : 65535;
12159 : 65535;
12160 : 65535;
12161 : 65535;
12162 : 65535;
12163 : 65535;
12164 : 65535;
12165 : 65535;
12166 : 65535;
12167 : 65535;
12168 : 65535;
12169 : 65535;
12170 : 65535;
12171 : 65535;
12172 : 65535;
12173 : 65535;
12174 : 65535;
12175 : 65535;
12176 : 65535;
12177 : 65535;
12178 : 65535;
12179 : 65535;
12180 : 65535;
12181 : 65535;
12182 : 65535;
12183 : 61277;
12184 : 54937;
12185 : 48599;
12186 : 42293;
12187 : 38132;
12188 : 36085;
12189 : 31859;
12190 : 29745;
12191 : 29745;
12192 : 33906;
12193 : 17100;
12194 : 15282;
12195 : 19574;
12196 : 21752;
12197 : 23898;
12198 : 26044;
12199 : 26076;
12200 : 21752;
12201 : 17428;
12202 : 17428;
12203 : 15412;
12204 : 15445;
12205 : 15412;
12206 : 15347;
12207 : 13168;
12208 : 15053;
12209 : 25422;
12210 : 42228;
12211 : 46486;
12212 : 44406;
12213 : 44406;
12214 : 44406;
12215 : 46487;
12216 : 29615;
12217 : 33809;
12218 : 44407;
12219 : 44374;
12220 : 44374;
12221 : 44406;
12222 : 46454;
12223 : 46486;
12224 : 46487;
12225 : 46487;
12226 : 46519;
12227 : 46454;
12228 : 44374;
12229 : 44374;
12230 : 40180;
12231 : 44406;
12232 : 46487;
12233 : 46487;
12234 : 46454;
12235 : 44406;
12236 : 44374;
12237 : 46454;
12238 : 46454;
12239 : 46486;
12240 : 46486;
12241 : 46454;
12242 : 44406;
12243 : 46454;
12244 : 46454;
12245 : 44406;
12246 : 44374;
12247 : 44342;
12248 : 42293;
12249 : 42261;
12250 : 44373;
12251 : 44373;
12252 : 44406;
12253 : 40115;
12254 : 38002;
12255 : 44341;
12256 : 42228;
12257 : 40148;
12258 : 40115;
12259 : 35921;
12260 : 29550;
12261 : 27502;
12262 : 15282;
12263 : 21687;
12264 : 19509;
12265 : 17363;
12266 : 19377;
12267 : 25552;
12268 : 40212;
12269 : 57083;
12270 : 65535;
12271 : 65535;
12272 : 65535;
12273 : 65535;
12274 : 65535;
12275 : 65535;
12276 : 65535;
12277 : 65535;
12278 : 65535;
12279 : 65535;
12280 : 65535;
12281 : 65535;
12282 : 65535;
12283 : 65535;
12284 : 65535;
12285 : 65535;
12286 : 65535;
12287 : 65535;
12288 : 65535;
12289 : 65535;
12290 : 65535;
12291 : 65535;
12292 : 65535;
12293 : 65535;
12294 : 65535;
12295 : 65535;
12296 : 65535;
12297 : 65535;
12298 : 65535;
12299 : 65535;
12300 : 65535;
12301 : 65535;
12302 : 65535;
12303 : 65535;
12304 : 65535;
12305 : 65535;
12306 : 65535;
12307 : 65470;
12308 : 54905;
12309 : 40180;
12310 : 27698;
12311 : 21490;
12312 : 17428;
12313 : 17493;
12314 : 17559;
12315 : 19705;
12316 : 21818;
12317 : 21850;
12318 : 21850;
12319 : 21850;
12320 : 21850;
12321 : 21850;
12322 : 21784;
12323 : 19639;
12324 : 19541;
12325 : 17395;
12326 : 17427;
12327 : 23866;
12328 : 26076;
12329 : 26076;
12330 : 26077;
12331 : 23996;
12332 : 23964;
12333 : 23996;
12334 : 23996;
12335 : 26076;
12336 : 23996;
12337 : 21785;
12338 : 19344;
12339 : 31728;
12340 : 46422;
12341 : 46454;
12342 : 44406;
12343 : 44374;
12344 : 44406;
12345 : 27470;
12346 : 38035;
12347 : 44374;
12348 : 42294;
12349 : 44342;
12350 : 44374;
12351 : 44406;
12352 : 46486;
12353 : 46486;
12354 : 46487;
12355 : 44406;
12356 : 44374;
12357 : 44374;
12358 : 44374;
12359 : 44406;
12360 : 46487;
12361 : 46519;
12362 : 46486;
12363 : 46454;
12364 : 46486;
12365 : 46486;
12366 : 44406;
12367 : 44373;
12368 : 44373;
12369 : 46486;
12370 : 46486;
12371 : 46519;
12372 : 46454;
12373 : 44406;
12374 : 44373;
12375 : 44341;
12376 : 42293;
12377 : 42260;
12378 : 44341;
12379 : 46454;
12380 : 44374;
12381 : 44373;
12382 : 44341;
12383 : 44373;
12384 : 44341;
12385 : 42196;
12386 : 42228;
12387 : 33808;
12388 : 29582;
12389 : 31695;
12390 : 15315;
12391 : 26109;
12392 : 26076;
12393 : 23964;
12394 : 23932;
12395 : 21818;
12396 : 17526;
12397 : 17297;
12398 : 31793;
12399 : 54938;
12400 : 65535;
12401 : 65535;
12402 : 65535;
12403 : 65535;
12404 : 65535;
12405 : 65535;
12406 : 65535;
12407 : 65535;
12408 : 65535;
12409 : 65535;
12410 : 65535;
12411 : 65535;
12412 : 65535;
12413 : 65535;
12414 : 65535;
12415 : 65535;
12416 : 65535;
12417 : 65535;
12418 : 65535;
12419 : 65535;
12420 : 65535;
12421 : 65535;
12422 : 65535;
12423 : 65535;
12424 : 65535;
12425 : 65535;
12426 : 65535;
12427 : 65535;
12428 : 65535;
12429 : 65535;
12430 : 65535;
12431 : 65535;
12432 : 65535;
12433 : 54938;
12434 : 35954;
12435 : 21392;
12436 : 15282;
12437 : 17559;
12438 : 21851;
12439 : 24028;
12440 : 26076;
12441 : 23996;
12442 : 23964;
12443 : 23931;
12444 : 23931;
12445 : 23963;
12446 : 23996;
12447 : 26044;
12448 : 26044;
12449 : 26044;
12450 : 26044;
12451 : 26076;
12452 : 26076;
12453 : 26076;
12454 : 23963;
12455 : 23963;
12456 : 26044;
12457 : 26044;
12458 : 26044;
12459 : 23963;
12460 : 23931;
12461 : 23931;
12462 : 26044;
12463 : 26044;
12464 : 26044;
12465 : 26044;
12466 : 24028;
12467 : 17461;
12468 : 21261;
12469 : 42260;
12470 : 44406;
12471 : 44374;
12472 : 44374;
12473 : 42261;
12474 : 27437;
12475 : 42229;
12476 : 42229;
12477 : 42261;
12478 : 42261;
12479 : 42293;
12480 : 44374;
12481 : 44406;
12482 : 44406;
12483 : 44406;
12484 : 44374;
12485 : 44342;
12486 : 44342;
12487 : 44342;
12488 : 44374;
12489 : 46454;
12490 : 46486;
12491 : 46454;
12492 : 46454;
12493 : 46454;
12494 : 44406;
12495 : 44374;
12496 : 44374;
12497 : 46487;
12498 : 46486;
12499 : 46454;
12500 : 44373;
12501 : 44373;
12502 : 42292;
12503 : 44341;
12504 : 42260;
12505 : 42228;
12506 : 44341;
12507 : 44374;
12508 : 44373;
12509 : 42260;
12510 : 42293;
12511 : 44373;
12512 : 42260;
12513 : 42260;
12514 : 42228;
12515 : 29582;
12516 : 35888;
12517 : 31695;
12518 : 13104;
12519 : 21882;
12520 : 23963;
12521 : 23964;
12522 : 23931;
12523 : 23931;
12524 : 23964;
12525 : 23964;
12526 : 19673;
12527 : 17265;
12528 : 31825;
12529 : 59131;
12530 : 65535;
12531 : 65535;
12532 : 65535;
12533 : 65535;
12534 : 65535;
12535 : 65535;
12536 : 65535;
12537 : 65535;
12538 : 65535;
12539 : 65535;
12540 : 65535;
12541 : 65535;
12542 : 65535;
12543 : 65535;
12544 : 65535;
12545 : 65535;
12546 : 65535;
12547 : 65535;
12548 : 65535;
12549 : 65535;
12550 : 65535;
12551 : 65535;
12552 : 65535;
12553 : 65535;
12554 : 65535;
12555 : 65535;
12556 : 65535;
12557 : 65535;
12558 : 65535;
12559 : 52857;
12560 : 29680;
12561 : 15184;
12562 : 19672;
12563 : 23996;
12564 : 24028;
12565 : 23964;
12566 : 23931;
12567 : 23963;
12568 : 26044;
12569 : 26044;
12570 : 26044;
12571 : 23963;
12572 : 23931;
12573 : 23963;
12574 : 23963;
12575 : 26044;
12576 : 26044;
12577 : 26044;
12578 : 26044;
12579 : 26044;
12580 : 26044;
12581 : 26044;
12582 : 26044;
12583 : 26044;
12584 : 26044;
12585 : 26044;
12586 : 26044;
12587 : 26044;
12588 : 23931;
12589 : 23931;
12590 : 23931;
12591 : 23964;
12592 : 23964;
12593 : 23963;
12594 : 23963;
12595 : 23996;
12596 : 19672;
12597 : 19214;
12598 : 42228;
12599 : 44374;
12600 : 44374;
12601 : 44374;
12602 : 35954;
12603 : 29583;
12604 : 42261;
12605 : 42261;
12606 : 42229;
12607 : 42261;
12608 : 44342;
12609 : 44374;
12610 : 44374;
12611 : 44406;
12612 : 44374;
12613 : 42293;
12614 : 44342;
12615 : 44342;
12616 : 44342;
12617 : 44341;
12618 : 44373;
12619 : 44374;
12620 : 44373;
12621 : 44406;
12622 : 44406;
12623 : 44373;
12624 : 44374;
12625 : 44374;
12626 : 44341;
12627 : 44373;
12628 : 44341;
12629 : 44373;
12630 : 42293;
12631 : 42260;
12632 : 42228;
12633 : 42261;
12634 : 44341;
12635 : 44341;
12636 : 44374;
12637 : 42260;
12638 : 42228;
12639 : 42260;
12640 : 42195;
12641 : 42260;
12642 : 42260;
12643 : 25324;
12644 : 40147;
12645 : 31695;
12646 : 13168;
12647 : 19704;
12648 : 21785;
12649 : 23931;
12650 : 23931;
12651 : 23931;
12652 : 23931;
12653 : 23931;
12654 : 23932;
12655 : 26044;
12656 : 21753;
12657 : 17264;
12658 : 40180;
12659 : 65470;
12660 : 65535;
12661 : 65535;
12662 : 65535;
12663 : 65535;
12664 : 65535;
12665 : 65535;
12666 : 65535;
12667 : 65535;
12668 : 65535;
12669 : 65535;
12670 : 65535;
12671 : 65535;
12672 : 65535;
12673 : 65535;
12674 : 65535;
12675 : 65535;
12676 : 65535;
12677 : 65535;
12678 : 65535;
12679 : 65535;
12680 : 65535;
12681 : 65535;
12682 : 65535;
12683 : 65535;
12684 : 65535;
12685 : 59196;
12686 : 29680;
12687 : 17264;
12688 : 23897;
12689 : 32317;
12690 : 28156;
12691 : 26044;
12692 : 23996;
12693 : 23996;
12694 : 23931;
12695 : 23931;
12696 : 26012;
12697 : 26044;
12698 : 26044;
12699 : 26044;
12700 : 23964;
12701 : 26044;
12702 : 26044;
12703 : 26044;
12704 : 26044;
12705 : 26044;
12706 : 26044;
12707 : 26044;
12708 : 26044;
12709 : 26044;
12710 : 26044;
12711 : 26044;
12712 : 26044;
12713 : 26044;
12714 : 26044;
12715 : 26044;
12716 : 23964;
12717 : 23931;
12718 : 23931;
12719 : 23931;
12720 : 23931;
12721 : 23931;
12722 : 21786;
12723 : 19673;
12724 : 23931;
12725 : 17559;
12726 : 17133;
12727 : 42196;
12728 : 44374;
12729 : 44342;
12730 : 44374;
12731 : 29583;
12732 : 33809;
12733 : 42294;
12734 : 42229;
12735 : 42261;
12736 : 42294;
12737 : 42293;
12738 : 42293;
12739 : 44373;
12740 : 44373;
12741 : 42293;
12742 : 42293;
12743 : 42294;
12744 : 42261;
12745 : 42261;
12746 : 42260;
12747 : 42260;
12748 : 42292;
12749 : 44373;
12750 : 44373;
12751 : 42293;
12752 : 42293;
12753 : 44374;
12754 : 42293;
12755 : 44341;
12756 : 44373;
12757 : 44373;
12758 : 44341;
12759 : 44341;
12760 : 42260;
12761 : 44340;
12762 : 44341;
12763 : 42260;
12764 : 42261;
12765 : 40180;
12766 : 38034;
12767 : 44341;
12768 : 42260;
12769 : 42260;
12770 : 42227;
12771 : 23243;
12772 : 44341;
12773 : 27501;
12774 : 13266;
12775 : 17623;
12776 : 17623;
12777 : 19704;
12778 : 21818;
12779 : 23931;
12780 : 23931;
12781 : 23931;
12782 : 23931;
12783 : 23931;
12784 : 26076;
12785 : 26076;
12786 : 19606;
12787 : 25552;
12788 : 52825;
12789 : 65535;
12790 : 65535;
12791 : 65535;
12792 : 65535;
12793 : 65535;
12794 : 65535;
12795 : 65535;
12796 : 65535;
12797 : 65535;
12798 : 65535;
12799 : 65535;
12800 : 65535;
12801 : 65535;
12802 : 65535;
12803 : 65535;
12804 : 65535;
12805 : 65535;
12806 : 65535;
12807 : 65535;
12808 : 65535;
12809 : 65535;
12810 : 65535;
12811 : 65535;
12812 : 48599;
12813 : 21293;
12814 : 25847;
12815 : 36510;
12816 : 36477;
12817 : 30204;
12818 : 26044;
12819 : 26044;
12820 : 28124;
12821 : 30204;
12822 : 32284;
12823 : 30204;
12824 : 26011;
12825 : 23963;
12826 : 26044;
12827 : 26044;
12828 : 26076;
12829 : 26076;
12830 : 26044;
12831 : 26044;
12832 : 26044;
12833 : 26044;
12834 : 26044;
12835 : 26044;
12836 : 26044;
12837 : 26044;
12838 : 23964;
12839 : 23964;
12840 : 23964;
12841 : 23963;
12842 : 23963;
12843 : 23963;
12844 : 26044;
12845 : 23996;
12846 : 23964;
12847 : 23963;
12848 : 23963;
12849 : 23963;
12850 : 15447;
12851 : 11157;
12852 : 15479;
12853 : 19672;
12854 : 15413;
12855 : 19181;
12856 : 42261;
12857 : 44406;
12858 : 44342;
12859 : 42261;
12860 : 25357;
12861 : 40115;
12862 : 42261;
12863 : 42261;
12864 : 42261;
12865 : 42261;
12866 : 44341;
12867 : 44373;
12868 : 44373;
12869 : 42293;
12870 : 42293;
12871 : 42261;
12872 : 42261;
12873 : 42261;
12874 : 42229;
12875 : 40148;
12876 : 42261;
12877 : 44373;
12878 : 44373;
12879 : 44341;
12880 : 44374;
12881 : 44341;
12882 : 42261;
12883 : 42261;
12884 : 42261;
12885 : 44341;
12886 : 44341;
12887 : 44341;
12888 : 42260;
12889 : 42260;
12890 : 42260;
12891 : 42260;
12892 : 42228;
12893 : 40148;
12894 : 40115;
12895 : 42261;
12896 : 42260;
12897 : 44308;
12898 : 33776;
12899 : 27502;
12900 : 44308;
12901 : 19148;
12902 : 15445;
12903 : 17591;
12904 : 17591;
12905 : 17591;
12906 : 19671;
12907 : 21785;
12908 : 21850;
12909 : 23931;
12910 : 23931;
12911 : 23931;
12912 : 26012;
12913 : 26044;
12914 : 26076;
12915 : 21883;
12916 : 17362;
12917 : 38099;
12918 : 65470;
12919 : 65535;
12920 : 65535;
12921 : 65535;
12922 : 65535;
12923 : 65535;
12924 : 65535;
12925 : 65535;
12926 : 65535;
12927 : 65535;
12928 : 65535;
12929 : 65535;
12930 : 65535;
12931 : 65535;
12932 : 65535;
12933 : 65535;
12934 : 65535;
12935 : 65535;
12936 : 65535;
12937 : 65535;
12938 : 65535;
12939 : 38066;
12940 : 21360;
12941 : 36413;
12942 : 38558;
12943 : 36445;
12944 : 32317;
12945 : 30204;
12946 : 32284;
12947 : 34397;
12948 : 36445;
12949 : 38525;
12950 : 36445;
12951 : 32284;
12952 : 30172;
12953 : 32252;
12954 : 34364;
12955 : 34365;
12956 : 32284;
12957 : 28124;
12958 : 26043;
12959 : 26044;
12960 : 26044;
12961 : 26044;
12962 : 26044;
12963 : 26044;
12964 : 26044;
12965 : 23931;
12966 : 23931;
12967 : 23931;
12968 : 23963;
12969 : 23964;
12970 : 23964;
12971 : 23963;
12972 : 26044;
12973 : 26044;
12974 : 26044;
12975 : 26044;
12976 : 26044;
12977 : 23963;
12978 : 13302;
12979 : 9043;
12980 : 9043;
12981 : 17559;
12982 : 19704;
12983 : 15412;
12984 : 23309;
12985 : 44373;
12986 : 44373;
12987 : 44374;
12988 : 40115;
12989 : 25357;
12990 : 42261;
12991 : 42293;
12992 : 42293;
12993 : 42293;
12994 : 44341;
12995 : 44373;
12996 : 44373;
12997 : 44373;
12998 : 44374;
12999 : 42293;
13000 : 42261;
13001 : 42229;
13002 : 40180;
13003 : 40180;
13004 : 42228;
13005 : 42293;
13006 : 44373;
13007 : 44373;
13008 : 44341;
13009 : 44341;
13010 : 42261;
13011 : 42261;
13012 : 42260;
13013 : 42261;
13014 : 42261;
13015 : 42228;
13016 : 42260;
13017 : 42260;
13018 : 42260;
13019 : 42228;
13020 : 42228;
13021 : 40148;
13022 : 40083;
13023 : 40148;
13024 : 42228;
13025 : 42260;
13026 : 23243;
13027 : 40115;
13028 : 40115;
13029 : 12940;
13030 : 17623;
13031 : 17591;
13032 : 17591;
13033 : 17591;
13034 : 17591;
13035 : 17591;
13036 : 19672;
13037 : 21785;
13038 : 21850;
13039 : 23963;
13040 : 26044;
13041 : 26044;
13042 : 26044;
13043 : 26044;
13044 : 26076;
13045 : 19639;
13046 : 27698;
13047 : 59131;
13048 : 65535;
13049 : 65535;
13050 : 65535;
13051 : 65535;
13052 : 65535;
13053 : 65535;
13054 : 65535;
13055 : 65535;
13056 : 65535;
13057 : 65535;
13058 : 65535;
13059 : 65535;
13060 : 65535;
13061 : 65535;
13062 : 65535;
13063 : 65535;
13064 : 65535;
13065 : 65535;
13066 : 40179;
13067 : 21458;
13068 : 36478;
13069 : 38525;
13070 : 36445;
13071 : 36445;
13072 : 36445;
13073 : 36445;
13074 : 38525;
13075 : 38525;
13076 : 38493;
13077 : 36445;
13078 : 36445;
13079 : 36445;
13080 : 38525;
13081 : 38493;
13082 : 36445;
13083 : 36445;
13084 : 32284;
13085 : 26076;
13086 : 26044;
13087 : 26044;
13088 : 26044;
13089 : 26044;
13090 : 26044;
13091 : 26044;
13092 : 23964;
13093 : 23931;
13094 : 23899;
13095 : 23931;
13096 : 23931;
13097 : 26044;
13098 : 26044;
13099 : 26044;
13100 : 26044;
13101 : 26044;
13102 : 26044;
13103 : 26044;
13104 : 23963;
13105 : 21818;
13106 : 11156;
13107 : 9042;
13108 : 9010;
13109 : 13333;
13110 : 19704;
13111 : 19704;
13112 : 13234;
13113 : 27534;
13114 : 44406;
13115 : 44374;
13116 : 44406;
13117 : 38002;
13118 : 25389;
13119 : 44341;
13120 : 44373;
13121 : 44341;
13122 : 44341;
13123 : 42293;
13124 : 44341;
13125 : 44373;
13126 : 44373;
13127 : 44373;
13128 : 42293;
13129 : 42261;
13130 : 42228;
13131 : 42228;
13132 : 42260;
13133 : 44341;
13134 : 44373;
13135 : 44373;
13136 : 44341;
13137 : 42293;
13138 : 42260;
13139 : 42261;
13140 : 42261;
13141 : 42261;
13142 : 42228;
13143 : 42228;
13144 : 42260;
13145 : 42260;
13146 : 44341;
13147 : 42228;
13148 : 42228;
13149 : 42196;
13150 : 38035;
13151 : 40115;
13152 : 40147;
13153 : 33808;
13154 : 25323;
13155 : 44406;
13156 : 31695;
13157 : 13168;
13158 : 19672;
13159 : 17591;
13160 : 17591;
13161 : 17591;
13162 : 17591;
13163 : 17591;
13164 : 17591;
13165 : 17591;
13166 : 19671;
13167 : 21785;
13168 : 23930;
13169 : 23963;
13170 : 26044;
13171 : 26044;
13172 : 26044;
13173 : 26076;
13174 : 21850;
13175 : 21490;
13176 : 44405;
13177 : 65503;
13178 : 65535;
13179 : 65535;
13180 : 65535;
13181 : 65535;
13182 : 65535;
13183 : 65535;
13184 : 65535;
13185 : 65535;
13186 : 65535;
13187 : 65535;
13188 : 65535;
13189 : 65535;
13190 : 65535;
13191 : 65535;
13192 : 65535;
13193 : 38099;
13194 : 27862;
13195 : 38558;
13196 : 38525;
13197 : 36445;
13198 : 36445;
13199 : 36445;
13200 : 36445;
13201 : 36445;
13202 : 36445;
13203 : 36445;
13204 : 36445;
13205 : 36445;
13206 : 36445;
13207 : 38493;
13208 : 36445;
13209 : 38525;
13210 : 36445;
13211 : 32252;
13212 : 26044;
13213 : 26044;
13214 : 26044;
13215 : 26044;
13216 : 26044;
13217 : 26044;
13218 : 23964;
13219 : 23964;
13220 : 26044;
13221 : 23963;
13222 : 23931;
13223 : 23931;
13224 : 23931;
13225 : 23963;
13226 : 26044;
13227 : 19574;
13228 : 23930;
13229 : 23963;
13230 : 23931;
13231 : 21850;
13232 : 21785;
13233 : 19704;
13234 : 11155;
13235 : 9010;
13236 : 9010;
13237 : 11188;
13238 : 19672;
13239 : 19671;
13240 : 17623;
13241 : 13136;
13242 : 31728;
13243 : 46486;
13244 : 44374;
13245 : 46487;
13246 : 33841;
13247 : 25389;
13248 : 44341;
13249 : 44406;
13250 : 44341;
13251 : 42260;
13252 : 42260;
13253 : 44341;
13254 : 44341;
13255 : 44341;
13256 : 44341;
13257 : 44373;
13258 : 42260;
13259 : 40180;
13260 : 44341;
13261 : 44341;
13262 : 44373;
13263 : 44341;
13264 : 44373;
13265 : 44341;
13266 : 44341;
13267 : 44341;
13268 : 42261;
13269 : 42228;
13270 : 42228;
13271 : 42228;
13272 : 42260;
13273 : 44341;
13274 : 44341;
13275 : 42260;
13276 : 42228;
13277 : 40115;
13278 : 40115;
13279 : 40147;
13280 : 42228;
13281 : 23210;
13282 : 38034;
13283 : 44373;
13284 : 21261;
13285 : 15477;
13286 : 17591;
13287 : 17591;
13288 : 17591;
13289 : 17591;
13290 : 17591;
13291 : 17591;
13292 : 17591;
13293 : 17591;
13294 : 17591;
13295 : 17591;
13296 : 17623;
13297 : 19704;
13298 : 21817;
13299 : 23930;
13300 : 23963;
13301 : 26044;
13302 : 26044;
13303 : 23996;
13304 : 17493;
13305 : 25552;
13306 : 52825;
13307 : 65535;
13308 : 65535;
13309 : 65535;
13310 : 65535;
13311 : 65535;
13312 : 65535;
13313 : 65535;
13314 : 65535;
13315 : 65535;
13316 : 65535;
13317 : 65535;
13318 : 65535;
13319 : 65535;
13320 : 40147;
13321 : 27862;
13322 : 38558;
13323 : 36445;
13324 : 36445;
13325 : 36445;
13326 : 36445;
13327 : 36445;
13328 : 36445;
13329 : 36445;
13330 : 36445;
13331 : 36445;
13332 : 36445;
13333 : 36445;
13334 : 36445;
13335 : 36445;
13336 : 36445;
13337 : 36445;
13338 : 30204;
13339 : 26044;
13340 : 26011;
13341 : 23963;
13342 : 26044;
13343 : 26044;
13344 : 26044;
13345 : 23964;
13346 : 23964;
13347 : 23964;
13348 : 26044;
13349 : 26044;
13350 : 23996;
13351 : 23963;
13352 : 23931;
13353 : 23963;
13354 : 23931;
13355 : 13201;
13356 : 19737;
13357 : 19704;
13358 : 19704;
13359 : 19704;
13360 : 19671;
13361 : 19704;
13362 : 15478;
13363 : 11188;
13364 : 9075;
13365 : 11187;
13366 : 17623;
13367 : 17591;
13368 : 17591;
13369 : 17623;
13370 : 13103;
13371 : 35889;
13372 : 46454;
13373 : 44406;
13374 : 46487;
13375 : 38002;
13376 : 25356;
13377 : 35921;
13378 : 44406;
13379 : 46486;
13380 : 44373;
13381 : 44341;
13382 : 44341;
13383 : 42293;
13384 : 44373;
13385 : 44373;
13386 : 44341;
13387 : 42261;
13388 : 44374;
13389 : 44406;
13390 : 44406;
13391 : 46454;
13392 : 44406;
13393 : 44374;
13394 : 44373;
13395 : 44341;
13396 : 42260;
13397 : 42261;
13398 : 42228;
13399 : 42228;
13400 : 42261;
13401 : 42261;
13402 : 42260;
13403 : 42260;
13404 : 42260;
13405 : 35921;
13406 : 40147;
13407 : 44308;
13408 : 31662;
13409 : 31663;
13410 : 44373;
13411 : 35888;
13412 : 13038;
13413 : 17656;
13414 : 17591;
13415 : 17591;
13416 : 17591;
13417 : 17591;
13418 : 17591;
13419 : 17591;
13420 : 17591;
13421 : 17591;
13422 : 17591;
13423 : 17591;
13424 : 17591;
13425 : 17591;
13426 : 17591;
13427 : 19671;
13428 : 19704;
13429 : 21817;
13430 : 23930;
13431 : 23963;
13432 : 26076;
13433 : 21850;
13434 : 17362;
13435 : 35986;
13436 : 61244;
13437 : 65535;
13438 : 65535;
13439 : 65535;
13440 : 65535;
13441 : 65535;
13442 : 65535;
13443 : 65535;
13444 : 65535;
13445 : 65535;
13446 : 65535;
13447 : 48599;
13448 : 25716;
13449 : 38526;
13450 : 36445;
13451 : 36445;
13452 : 36445;
13453 : 36445;
13454 : 36445;
13455 : 36445;
13456 : 36445;
13457 : 36445;
13458 : 36445;
13459 : 36445;
13460 : 36477;
13461 : 36445;
13462 : 36445;
13463 : 36445;
13464 : 36445;
13465 : 34365;
13466 : 34365;
13467 : 34365;
13468 : 28124;
13469 : 23931;
13470 : 23931;
13471 : 26044;
13472 : 26044;
13473 : 26044;
13474 : 26044;
13475 : 26044;
13476 : 26044;
13477 : 26044;
13478 : 26044;
13479 : 26044;
13480 : 23964;
13481 : 23996;
13482 : 17396;
13483 : 13267;
13484 : 19704;
13485 : 19671;
13486 : 19671;
13487 : 19672;
13488 : 19672;
13489 : 17623;
13490 : 19671;
13491 : 19671;
13492 : 17591;
13493 : 17591;
13494 : 17591;
13495 : 17591;
13496 : 17591;
13497 : 17591;
13498 : 17591;
13499 : 13038;
13500 : 33776;
13501 : 46454;
13502 : 44406;
13503 : 46487;
13504 : 42261;
13505 : 29583;
13506 : 25357;
13507 : 31696;
13508 : 38034;
13509 : 40147;
13510 : 40148;
13511 : 40115;
13512 : 38034;
13513 : 35921;
13514 : 31728;
13515 : 29615;
13516 : 29615;
13517 : 31695;
13518 : 33776;
13519 : 33776;
13520 : 33776;
13521 : 35921;
13522 : 38067;
13523 : 42261;
13524 : 44341;
13525 : 44406;
13526 : 44374;
13527 : 42261;
13528 : 42261;
13529 : 42260;
13530 : 42228;
13531 : 42228;
13532 : 40179;
13533 : 38034;
13534 : 42260;
13535 : 35889;
13536 : 27436;
13537 : 44341;
13538 : 44373;
13539 : 16904;
13540 : 8811;
13541 : 17591;
13542 : 17558;
13543 : 17591;
13544 : 17623;
13545 : 17623;
13546 : 17623;
13547 : 17591;
13548 : 17591;
13549 : 17591;
13550 : 17591;
13551 : 17591;
13552 : 17591;
13553 : 17591;
13554 : 17591;
13555 : 17591;
13556 : 17591;
13557 : 17591;
13558 : 19671;
13559 : 19704;
13560 : 19737;
13561 : 21850;
13562 : 23931;
13563 : 17558;
13564 : 19344;
13565 : 42260;
13566 : 63422;
13567 : 65535;
13568 : 65535;
13569 : 65535;
13570 : 65535;
13571 : 65535;
13572 : 65535;
13573 : 65535;
13574 : 52857;
13575 : 27797;
13576 : 38526;
13577 : 36445;
13578 : 36445;
13579 : 36445;
13580 : 36445;
13581 : 36445;
13582 : 38525;
13583 : 36445;
13584 : 38525;
13585 : 36445;
13586 : 36445;
13587 : 36445;
13588 : 36477;
13589 : 38525;
13590 : 36445;
13591 : 36445;
13592 : 36445;
13593 : 38525;
13594 : 36445;
13595 : 30204;
13596 : 23995;
13597 : 23931;
13598 : 23931;
13599 : 23931;
13600 : 23963;
13601 : 26044;
13602 : 26044;
13603 : 26044;
13604 : 26044;
13605 : 26044;
13606 : 26044;
13607 : 26044;
13608 : 23996;
13609 : 23898;
13610 : 19180;
13611 : 27894;
13612 : 17591;
13613 : 17623;
13614 : 19671;
13615 : 19672;
13616 : 17623;
13617 : 17623;
13618 : 17591;
13619 : 17591;
13620 : 17591;
13621 : 17591;
13622 : 17559;
13623 : 15446;
13624 : 15446;
13625 : 17591;
13626 : 17591;
13627 : 17591;
13628 : 13103;
13629 : 27470;
13630 : 44341;
13631 : 46454;
13632 : 44374;
13633 : 44407;
13634 : 42261;
13635 : 35889;
13636 : 33809;
13637 : 31695;
13638 : 29582;
13639 : 29615;
13640 : 31695;
13641 : 35889;
13642 : 38002;
13643 : 38035;
13644 : 38067;
13645 : 40148;
13646 : 40147;
13647 : 38067;
13648 : 38035;
13649 : 33841;
13650 : 29583;
13651 : 25357;
13652 : 25324;
13653 : 29582;
13654 : 35921;
13655 : 40180;
13656 : 42293;
13657 : 44341;
13658 : 42261;
13659 : 40147;
13660 : 42196;
13661 : 42195;
13662 : 33808;
13663 : 27437;
13664 : 44373;
13665 : 46454;
13666 : 38002;
13667 : 8779;
13668 : 8747;
13669 : 8877;
13670 : 8779;
13671 : 8812;
13672 : 8877;
13673 : 11023;
13674 : 13266;
13675 : 17526;
13676 : 19671;
13677 : 19671;
13678 : 17591;
13679 : 17591;
13680 : 17591;
13681 : 17591;
13682 : 17591;
13683 : 17591;
13684 : 17591;
13685 : 17591;
13686 : 17591;
13687 : 17591;
13688 : 17591;
13689 : 17591;
13690 : 17591;
13691 : 19704;
13692 : 19737;
13693 : 11219;
13694 : 33939;
13695 : 65535;
13696 : 65535;
13697 : 65535;
13698 : 65535;
13699 : 65535;
13700 : 65535;
13701 : 59163;
13702 : 25585;
13703 : 36477;
13704 : 38525;
13705 : 36445;
13706 : 36445;
13707 : 36445;
13708 : 38525;
13709 : 38525;
13710 : 36445;
13711 : 36445;
13712 : 38525;
13713 : 36445;
13714 : 36445;
13715 : 36445;
13716 : 36445;
13717 : 36445;
13718 : 38525;
13719 : 36445;
13720 : 36445;
13721 : 36445;
13722 : 32316;
13723 : 26076;
13724 : 26043;
13725 : 26044;
13726 : 23963;
13727 : 23931;
13728 : 23931;
13729 : 26012;
13730 : 26044;
13731 : 26044;
13732 : 23963;
13733 : 26044;
13734 : 26044;
13735 : 23964;
13736 : 28124;
13737 : 25551;
13738 : 44272;
13739 : 54838;
13740 : 34134;
13741 : 19639;
13742 : 17591;
13743 : 17591;
13744 : 17591;
13745 : 17591;
13746 : 17559;
13747 : 17559;
13748 : 17558;
13749 : 17558;
13750 : 17526;
13751 : 9010;
13752 : 11187;
13753 : 17559;
13754 : 17559;
13755 : 17591;
13756 : 17624;
13757 : 13266;
13758 : 17068;
13759 : 33809;
13760 : 44406;
13761 : 44374;
13762 : 42294;
13763 : 44374;
13764 : 44406;
13765 : 46487;
13766 : 46487;
13767 : 46487;
13768 : 46487;
13769 : 46486;
13770 : 46486;
13771 : 46487;
13772 : 44374;
13773 : 44374;
13774 : 46455;
13775 : 46519;
13776 : 48632;
13777 : 46519;
13778 : 46455;
13779 : 44341;
13780 : 40115;
13781 : 35922;
13782 : 29615;
13783 : 25356;
13784 : 27470;
13785 : 33841;
13786 : 38035;
13787 : 40148;
13788 : 38002;
13789 : 27502;
13790 : 25356;
13791 : 44341;
13792 : 46454;
13793 : 44373;
13794 : 19180;
13795 : 11088;
13796 : 15315;
13797 : 17623;
13798 : 17591;
13799 : 17558;
13800 : 15412;
13801 : 13234;
13802 : 10958;
13803 : 8811;
13804 : 8877;
13805 : 15347;
13806 : 17558;
13807 : 19703;
13808 : 19671;
13809 : 21719;
13810 : 21751;
13811 : 23799;
13812 : 21751;
13813 : 21751;
13814 : 21751;
13815 : 23799;
13816 : 23831;
13817 : 25879;
13818 : 25879;
13819 : 23733;
13820 : 17329;
13821 : 19279;
13822 : 50777;
13823 : 65535;
13824 : 65535;
13825 : 65535;
13826 : 65535;
13827 : 65535;
13828 : 65503;
13829 : 29713;
13830 : 30138;
13831 : 38526;
13832 : 38525;
13833 : 36445;
13834 : 36445;
13835 : 36445;
13836 : 36445;
13837 : 36445;
13838 : 38525;
13839 : 38525;
13840 : 38525;
13841 : 38525;
13842 : 36477;
13843 : 36477;
13844 : 36445;
13845 : 36445;
13846 : 36445;
13847 : 36445;
13848 : 36445;
13849 : 32284;
13850 : 28124;
13851 : 26044;
13852 : 23996;
13853 : 26044;
13854 : 26044;
13855 : 23963;
13856 : 23931;
13857 : 23931;
13858 : 23963;
13859 : 23964;
13860 : 23963;
13861 : 23963;
13862 : 23963;
13863 : 30171;
13864 : 36050;
13865 : 31595;
13866 : 59030;
13867 : 54837;
13868 : 54805;
13869 : 46517;
13870 : 27926;
13871 : 17559;
13872 : 15511;
13873 : 17559;
13874 : 17558;
13875 : 17558;
13876 : 17558;
13877 : 17559;
13878 : 17559;
13879 : 15413;
13880 : 15446;
13881 : 17526;
13882 : 15413;
13883 : 15380;
13884 : 15380;
13885 : 17493;
13886 : 15445;
13887 : 13071;
13888 : 19148;
13889 : 31663;
13890 : 40115;
13891 : 44342;
13892 : 44374;
13893 : 46454;
13894 : 46454;
13895 : 44374;
13896 : 44341;
13897 : 44341;
13898 : 44373;
13899 : 44373;
13900 : 44374;
13901 : 44374;
13902 : 46455;
13903 : 46487;
13904 : 46519;
13905 : 46486;
13906 : 42293;
13907 : 42260;
13908 : 42260;
13909 : 44341;
13910 : 44406;
13911 : 44373;
13912 : 38035;
13913 : 31663;
13914 : 25324;
13915 : 23276;
13916 : 23243;
13917 : 33809;
13918 : 44374;
13919 : 44406;
13920 : 46486;
13921 : 25422;
13922 : 13299;
13923 : 11055;
13924 : 17525;
13925 : 17591;
13926 : 17591;
13927 : 17591;
13928 : 17623;
13929 : 17623;
13930 : 19672;
13931 : 17591;
13932 : 15380;
13933 : 13136;
13934 : 10924;
13935 : 27599;
13936 : 48564;
13937 : 50709;
13938 : 50644;
13939 : 50644;
13940 : 50644;
13941 : 46483;
13942 : 44305;
13943 : 40112;
13944 : 33806;
13945 : 33774;
13946 : 31694;
13947 : 35920;
13948 : 46485;
13949 : 63357;
13950 : 65535;
13951 : 65535;
13952 : 65535;
13953 : 65535;
13954 : 65535;
13955 : 65535;
13956 : 44438;
13957 : 25847;
13958 : 36478;
13959 : 36445;
13960 : 38525;
13961 : 36445;
13962 : 36445;
13963 : 36445;
13964 : 36445;
13965 : 36445;
13966 : 38493;
13967 : 38525;
13968 : 38525;
13969 : 38525;
13970 : 36477;
13971 : 36477;
13972 : 36445;
13973 : 36445;
13974 : 36413;
13975 : 36413;
13976 : 34364;
13977 : 32252;
13978 : 30204;
13979 : 28124;
13980 : 26044;
13981 : 26044;
13982 : 26044;
13983 : 26044;
13984 : 23963;
13985 : 23931;
13986 : 23931;
13987 : 23963;
13988 : 21883;
13989 : 21850;
13990 : 34265;
13991 : 46483;
13992 : 25322;
13993 : 27468;
13994 : 44272;
13995 : 56949;
13996 : 56917;
13997 : 54837;
13998 : 54805;
13999 : 44469;
14000 : 27894;
14001 : 19606;
14002 : 15479;
14003 : 17559;
14004 : 17559;
14005 : 15413;
14006 : 13234;
14007 : 13136;
14008 : 13137;
14009 : 15282;
14010 : 17395;
14011 : 17461;
14012 : 17460;
14013 : 15315;
14014 : 15315;
14015 : 19704;
14016 : 15446;
14017 : 13169;
14018 : 13037;
14019 : 17101;
14020 : 19213;
14021 : 21261;
14022 : 21326;
14023 : 19246;
14024 : 17133;
14025 : 15053;
14026 : 17133;
14027 : 17100;
14028 : 17068;
14029 : 17035;
14030 : 23309;
14031 : 31728;
14032 : 40148;
14033 : 46454;
14034 : 44374;
14035 : 42261;
14036 : 42261;
14037 : 44341;
14038 : 44373;
14039 : 44341;
14040 : 44374;
14041 : 44406;
14042 : 44341;
14043 : 42228;
14044 : 42261;
14045 : 42261;
14046 : 44374;
14047 : 48567;
14048 : 35888;
14049 : 13103;
14050 : 17558;
14051 : 11023;
14052 : 17623;
14053 : 17591;
14054 : 17591;
14055 : 17591;
14056 : 17591;
14057 : 17591;
14058 : 17591;
14059 : 17591;
14060 : 17623;
14061 : 19671;
14062 : 17591;
14063 : 15314;
14064 : 12841;
14065 : 16870;
14066 : 35920;
14067 : 40114;
14068 : 38033;
14069 : 42227;
14070 : 44373;
14071 : 48598;
14072 : 52824;
14073 : 59164;
14074 : 65503;
14075 : 65535;
14076 : 65535;
14077 : 65535;
14078 : 65535;
14079 : 65535;
14080 : 65535;
14081 : 65535;
14082 : 65535;
14083 : 61276;
14084 : 25683;
14085 : 36478;
14086 : 38525;
14087 : 38525;
14088 : 38525;
14089 : 36445;
14090 : 36445;
14091 : 36445;
14092 : 36445;
14093 : 36413;
14094 : 36445;
14095 : 36445;
14096 : 38525;
14097 : 36445;
14098 : 38525;
14099 : 36477;
14100 : 36445;
14101 : 36413;
14102 : 36413;
14103 : 36413;
14104 : 36413;
14105 : 36413;
14106 : 34365;
14107 : 34364;
14108 : 32284;
14109 : 30236;
14110 : 30204;
14111 : 28124;
14112 : 26076;
14113 : 23963;
14114 : 21851;
14115 : 21818;
14116 : 32120;
14117 : 48663;
14118 : 50579;
14119 : 27468;
14120 : 59196;
14121 : 61310;
14122 : 35953;
14123 : 40112;
14124 : 54804;
14125 : 56917;
14126 : 54837;
14127 : 56885;
14128 : 54805;
14129 : 48597;
14130 : 40310;
14131 : 21555;
14132 : 11056;
14133 : 13169;
14134 : 17461;
14135 : 21785;
14136 : 23963;
14137 : 26076;
14138 : 26076;
14139 : 26076;
14140 : 26076;
14141 : 26076;
14142 : 26044;
14143 : 23963;
14144 : 21817;
14145 : 19704;
14146 : 17623;
14147 : 17591;
14148 : 17558;
14149 : 15510;
14150 : 17558;
14151 : 17591;
14152 : 17591;
14153 : 17591;
14154 : 17559;
14155 : 17559;
14156 : 17558;
14157 : 15446;
14158 : 13300;
14159 : 13137;
14160 : 13005;
14161 : 19181;
14162 : 29615;
14163 : 38002;
14164 : 44341;
14165 : 44374;
14166 : 44406;
14167 : 44373;
14168 : 44373;
14169 : 44373;
14170 : 42293;
14171 : 42261;
14172 : 42228;
14173 : 42261;
14174 : 46487;
14175 : 40115;
14176 : 15053;
14177 : 17591;
14178 : 13234;
14179 : 15347;
14180 : 19671;
14181 : 17591;
14182 : 17591;
14183 : 17559;
14184 : 17559;
14185 : 17591;
14186 : 17591;
14187 : 17591;
14188 : 17591;
14189 : 17591;
14190 : 17591;
14191 : 19672;
14192 : 15510;
14193 : 13071;
14194 : 33906;
14195 : 63422;
14196 : 65535;
14197 : 65535;
14198 : 65535;
14199 : 65535;
14200 : 65535;
14201 : 65535;
14202 : 65535;
14203 : 65535;
14204 : 65535;
14205 : 65535;
14206 : 65535;
14207 : 65535;
14208 : 65535;
14209 : 65535;
14210 : 65535;
14211 : 40180;
14212 : 30073;
14213 : 38526;
14214 : 36445;
14215 : 38525;
14216 : 38525;
14217 : 36445;
14218 : 36445;
14219 : 36445;
14220 : 36445;
14221 : 36413;
14222 : 36445;
14223 : 36445;
14224 : 36445;
14225 : 38493;
14226 : 38525;
14227 : 38493;
14228 : 38493;
14229 : 36445;
14230 : 36445;
14231 : 36413;
14232 : 36413;
14233 : 36445;
14234 : 36445;
14235 : 36445;
14236 : 34397;
14237 : 32317;
14238 : 28156;
14239 : 23963;
14240 : 21883;
14241 : 25977;
14242 : 34199;
14243 : 48630;
14244 : 56917;
14245 : 46385;
14246 : 27468;
14247 : 57084;
14248 : 65535;
14249 : 65535;
14250 : 65535;
14251 : 54970;
14252 : 42226;
14253 : 46386;
14254 : 54804;
14255 : 56917;
14256 : 56917;
14257 : 50579;
14258 : 31694;
14259 : 19442;
14260 : 21785;
14261 : 23964;
14262 : 23996;
14263 : 23964;
14264 : 26044;
14265 : 26044;
14266 : 26044;
14267 : 26044;
14268 : 26044;
14269 : 26044;
14270 : 26044;
14271 : 26044;
14272 : 26043;
14273 : 21850;
14274 : 19671;
14275 : 17591;
14276 : 17591;
14277 : 17591;
14278 : 17591;
14279 : 17591;
14280 : 17591;
14281 : 17591;
14282 : 17559;
14283 : 17559;
14284 : 17559;
14285 : 17559;
14286 : 17559;
14287 : 17559;
14288 : 17591;
14289 : 15446;
14290 : 13235;
14291 : 13070;
14292 : 17133;
14293 : 29615;
14294 : 40147;
14295 : 46486;
14296 : 46486;
14297 : 44406;
14298 : 44341;
14299 : 42261;
14300 : 42261;
14301 : 44342;
14302 : 40083;
14303 : 12972;
14304 : 15510;
14305 : 17591;
14306 : 15347;
14307 : 17591;
14308 : 17591;
14309 : 17591;
14310 : 17591;
14311 : 17559;
14312 : 17526;
14313 : 17559;
14314 : 17591;
14315 : 17591;
14316 : 17591;
14317 : 17591;
14318 : 17559;
14319 : 17591;
14320 : 17591;
14321 : 17624;
14322 : 13267;
14323 : 19246;
14324 : 54938;
14325 : 65535;
14326 : 65535;
14327 : 65535;
14328 : 65535;
14329 : 65535;
14330 : 65535;
14331 : 65535;
14332 : 65535;
14333 : 65535;
14334 : 65535;
14335 : 65535;
14336 : 65535;
14337 : 65535;
14338 : 61244;
14339 : 25618;
14340 : 38558;
14341 : 36445;
14342 : 36445;
14343 : 36445;
14344 : 36445;
14345 : 36445;
14346 : 36477;
14347 : 36445;
14348 : 36445;
14349 : 36445;
14350 : 36445;
14351 : 36445;
14352 : 36445;
14353 : 36445;
14354 : 36445;
14355 : 36445;
14356 : 34397;
14357 : 34365;
14358 : 32285;
14359 : 30204;
14360 : 30172;
14361 : 28124;
14362 : 26043;
14363 : 26011;
14364 : 23931;
14365 : 23898;
14366 : 25945;
14367 : 32152;
14368 : 44535;
14369 : 52822;
14370 : 59030;
14371 : 54804;
14372 : 35886;
14373 : 35888;
14374 : 61277;
14375 : 65535;
14376 : 65535;
14377 : 65535;
14378 : 65535;
14379 : 65535;
14380 : 65503;
14381 : 50744;
14382 : 35920;
14383 : 42192;
14384 : 37966;
14385 : 19311;
14386 : 19737;
14387 : 23996;
14388 : 23996;
14389 : 23963;
14390 : 23995;
14391 : 23996;
14392 : 23996;
14393 : 23995;
14394 : 23996;
14395 : 26044;
14396 : 26044;
14397 : 26044;
14398 : 26044;
14399 : 23964;
14400 : 26044;
14401 : 26044;
14402 : 21850;
14403 : 19672;
14404 : 17591;
14405 : 17591;
14406 : 17591;
14407 : 17591;
14408 : 17591;
14409 : 17559;
14410 : 17559;
14411 : 17526;
14412 : 17526;
14413 : 17558;
14414 : 17558;
14415 : 17527;
14416 : 17527;
14417 : 17527;
14418 : 17559;
14419 : 17591;
14420 : 17559;
14421 : 13267;
14422 : 13038;
14423 : 25454;
14424 : 35921;
14425 : 42260;
14426 : 44373;
14427 : 44373;
14428 : 46422;
14429 : 35889;
14430 : 15085;
14431 : 15445;
14432 : 17591;
14433 : 17558;
14434 : 17591;
14435 : 17591;
14436 : 17591;
14437 : 17591;
14438 : 17591;
14439 : 17559;
14440 : 17559;
14441 : 17558;
14442 : 17558;
14443 : 17591;
14444 : 17591;
14445 : 17591;
14446 : 17591;
14447 : 17559;
14448 : 17559;
14449 : 17591;
14450 : 19704;
14451 : 17591;
14452 : 15183;
14453 : 46518;
14454 : 65535;
14455 : 65535;
14456 : 65535;
14457 : 65535;
14458 : 65535;
14459 : 65535;
14460 : 65535;
14461 : 65535;
14462 : 65535;
14463 : 65535;
14464 : 65535;
14465 : 65535;
14466 : 42260;
14467 : 27862;
14468 : 38526;
14469 : 36445;
14470 : 36413;
14471 : 36413;
14472 : 36445;
14473 : 36445;
14474 : 38525;
14475 : 36445;
14476 : 34365;
14477 : 30236;
14478 : 30172;
14479 : 28092;
14480 : 26043;
14481 : 26011;
14482 : 28091;
14483 : 28091;
14484 : 28090;
14485 : 28058;
14486 : 28058;
14487 : 28025;
14488 : 27993;
14489 : 27992;
14490 : 30072;
14491 : 34200;
14492 : 40375;
14493 : 46582;
14494 : 54870;
14495 : 58998;
14496 : 58997;
14497 : 52691;
14498 : 37999;
14499 : 33774;
14500 : 48631;
14501 : 65535;
14502 : 65535;
14503 : 65535;
14504 : 65535;
14505 : 65535;
14506 : 65535;
14507 : 65535;
14508 : 65535;
14509 : 65535;
14510 : 65503;
14511 : 31760;
14512 : 13071;
14513 : 23996;
14514 : 28124;
14515 : 26044;
14516 : 26044;
14517 : 23996;
14518 : 23996;
14519 : 26044;
14520 : 26044;
14521 : 26044;
14522 : 26044;
14523 : 26044;
14524 : 26044;
14525 : 26044;
14526 : 23964;
14527 : 23963;
14528 : 26043;
14529 : 26044;
14530 : 26044;
14531 : 21850;
14532 : 19672;
14533 : 17591;
14534 : 17591;
14535 : 17591;
14536 : 17559;
14537 : 17559;
14538 : 17558;
14539 : 17526;
14540 : 17559;
14541 : 17559;
14542 : 17558;
14543 : 17558;
14544 : 17559;
14545 : 17559;
14546 : 17558;
14547 : 17559;
14548 : 17559;
14549 : 17559;
14550 : 17591;
14551 : 15445;
14552 : 13201;
14553 : 15085;
14554 : 21228;
14555 : 23276;
14556 : 21196;
14557 : 13103;
14558 : 17559;
14559 : 15413;
14560 : 13070;
14561 : 19671;
14562 : 17591;
14563 : 17591;
14564 : 17591;
14565 : 17591;
14566 : 17591;
14567 : 17591;
14568 : 17591;
14569 : 17559;
14570 : 17526;
14571 : 17558;
14572 : 17559;
14573 : 17591;
14574 : 17591;
14575 : 17591;
14576 : 17559;
14577 : 17591;
14578 : 19671;
14579 : 19704;
14580 : 17656;
14581 : 13169;
14582 : 40179;
14583 : 65535;
14584 : 65535;
14585 : 65535;
14586 : 65535;
14587 : 65535;
14588 : 65535;
14589 : 65535;
14590 : 65535;
14591 : 65535;
14592 : 65535;
14593 : 65503;
14594 : 25519;
14595 : 34332;
14596 : 36413;
14597 : 36413;
14598 : 36413;
14599 : 36413;
14600 : 36413;
14601 : 32285;
14602 : 30172;
14603 : 28090;
14604 : 32185;
14605 : 36312;
14606 : 42488;
14607 : 46615;
14608 : 48695;
14609 : 48662;
14610 : 50710;
14611 : 50742;
14612 : 52790;
14613 : 52822;
14614 : 54870;
14615 : 54837;
14616 : 54837;
14617 : 54837;
14618 : 56917;
14619 : 58998;
14620 : 58998;
14621 : 56917;
14622 : 50578;
14623 : 42160;
14624 : 33741;
14625 : 33808;
14626 : 48599;
14627 : 65503;
14628 : 65535;
14629 : 65535;
14630 : 65535;
14631 : 65535;
14632 : 65535;
14633 : 65535;
14634 : 65535;
14635 : 65535;
14636 : 65535;
14637 : 65535;
14638 : 42292;
14639 : 25716;
14640 : 32317;
14641 : 34333;
14642 : 32284;
14643 : 26076;
14644 : 28124;
14645 : 30204;
14646 : 34365;
14647 : 36413;
14648 : 32284;
14649 : 26044;
14650 : 23931;
14651 : 23964;
14652 : 26044;
14653 : 23964;
14654 : 23964;
14655 : 23963;
14656 : 23964;
14657 : 26044;
14658 : 26044;
14659 : 26044;
14660 : 21817;
14661 : 19639;
14662 : 17559;
14663 : 17559;
14664 : 17591;
14665 : 15412;
14666 : 17558;
14667 : 17558;
14668 : 17559;
14669 : 17558;
14670 : 17559;
14671 : 17559;
14672 : 17559;
14673 : 17559;
14674 : 17558;
14675 : 17526;
14676 : 17526;
14677 : 17526;
14678 : 17558;
14679 : 17559;
14680 : 17591;
14681 : 17591;
14682 : 15477;
14683 : 13299;
14684 : 15445;
14685 : 17623;
14686 : 17591;
14687 : 17558;
14688 : 12841;
14689 : 31759;
14690 : 27926;
14691 : 19671;
14692 : 17591;
14693 : 17591;
14694 : 17591;
14695 : 17591;
14696 : 17591;
14697 : 17591;
14698 : 17559;
14699 : 17526;
14700 : 17526;
14701 : 17559;
14702 : 17591;
14703 : 17591;
14704 : 17591;
14705 : 17591;
14706 : 17591;
14707 : 19671;
14708 : 19704;
14709 : 19737;
14710 : 15314;
14711 : 38132;
14712 : 65535;
14713 : 65535;
14714 : 65535;
14715 : 65535;
14716 : 65535;
14717 : 65535;
14718 : 65535;
14719 : 65535;
14720 : 65535;
14721 : 54970;
14722 : 23570;
14723 : 38526;
14724 : 36413;
14725 : 36413;
14726 : 34365;
14727 : 30172;
14728 : 30106;
14729 : 36280;
14730 : 46583;
14731 : 52790;
14732 : 56950;
14733 : 58998;
14734 : 58998;
14735 : 58997;
14736 : 56949;
14737 : 56917;
14738 : 56917;
14739 : 54837;
14740 : 56917;
14741 : 56917;
14742 : 56917;
14743 : 56917;
14744 : 54837;
14745 : 52692;
14746 : 48498;
14747 : 42192;
14748 : 33774;
14749 : 31661;
14750 : 35953;
14751 : 48599;
14752 : 59196;
14753 : 65535;
14754 : 65535;
14755 : 65535;
14756 : 65535;
14757 : 65535;
14758 : 65535;
14759 : 65535;
14760 : 65535;
14761 : 65535;
14762 : 65535;
14763 : 65535;
14764 : 65535;
14765 : 46518;
14766 : 25683;
14767 : 38558;
14768 : 36445;
14769 : 34332;
14770 : 32252;
14771 : 34364;
14772 : 36445;
14773 : 38493;
14774 : 36445;
14775 : 32316;
14776 : 28092;
14777 : 26011;
14778 : 26011;
14779 : 23963;
14780 : 23963;
14781 : 23963;
14782 : 23963;
14783 : 23963;
14784 : 23964;
14785 : 26044;
14786 : 26044;
14787 : 26044;
14788 : 26011;
14789 : 19737;
14790 : 17559;
14791 : 17559;
14792 : 17591;
14793 : 13168;
14794 : 17558;
14795 : 17591;
14796 : 17558;
14797 : 17558;
14798 : 17559;
14799 : 17559;
14800 : 17558;
14801 : 17558;
14802 : 17558;
14803 : 17526;
14804 : 17526;
14805 : 17526;
14806 : 17558;
14807 : 17558;
14808 : 17526;
14809 : 17559;
14810 : 17591;
14811 : 17623;
14812 : 17591;
14813 : 17591;
14814 : 17591;
14815 : 17623;
14816 : 19344;
14817 : 48566;
14818 : 35919;
14819 : 42291;
14820 : 32119;
14821 : 19671;
14822 : 17591;
14823 : 17591;
14824 : 17591;
14825 : 17591;
14826 : 17591;
14827 : 17559;
14828 : 17527;
14829 : 17526;
14830 : 17559;
14831 : 17591;
14832 : 17591;
14833 : 17591;
14834 : 17591;
14835 : 17591;
14836 : 19672;
14837 : 19704;
14838 : 21850;
14839 : 17428;
14840 : 42293;
14841 : 65535;
14842 : 65535;
14843 : 65535;
14844 : 65535;
14845 : 65535;
14846 : 65535;
14847 : 65535;
14848 : 65535;
14849 : 42260;
14850 : 27927;
14851 : 38493;
14852 : 36413;
14853 : 32285;
14854 : 32187;
14855 : 42455;
14856 : 52757;
14857 : 54804;
14858 : 52691;
14859 : 50578;
14860 : 46417;
14861 : 44305;
14862 : 42192;
14863 : 40112;
14864 : 40080;
14865 : 42160;
14866 : 40080;
14867 : 38000;
14868 : 37999;
14869 : 37967;
14870 : 40112;
14871 : 40080;
14872 : 35887;
14873 : 38000;
14874 : 40146;
14875 : 46486;
14876 : 54970;
14877 : 63422;
14878 : 65535;
14879 : 65535;
14880 : 65535;
14881 : 65535;
14882 : 65535;
14883 : 65535;
14884 : 65535;
14885 : 65535;
14886 : 65535;
14887 : 65535;
14888 : 65535;
14889 : 65535;
14890 : 65535;
14891 : 65535;
14892 : 57018;
14893 : 21327;
14894 : 36477;
14895 : 38525;
14896 : 36445;
14897 : 36413;
14898 : 36413;
14899 : 36445;
14900 : 36445;
14901 : 36445;
14902 : 36445;
14903 : 36445;
14904 : 36445;
14905 : 36445;
14906 : 36413;
14907 : 32252;
14908 : 30172;
14909 : 28092;
14910 : 26043;
14911 : 23963;
14912 : 23963;
14913 : 23963;
14914 : 23964;
14915 : 26044;
14916 : 26044;
14917 : 23930;
14918 : 17591;
14919 : 17591;
14920 : 17591;
14921 : 11055;
14922 : 17590;
14923 : 17591;
14924 : 17559;
14925 : 15479;
14926 : 15511;
14927 : 17559;
14928 : 17559;
14929 : 17559;
14930 : 17559;
14931 : 17559;
14932 : 17558;
14933 : 17526;
14934 : 17526;
14935 : 17558;
14936 : 17526;
14937 : 17526;
14938 : 17559;
14939 : 17591;
14940 : 17591;
14941 : 17591;
14942 : 19671;
14943 : 17624;
14944 : 13234;
14945 : 52825;
14946 : 63390;
14947 : 42259;
14948 : 40047;
14949 : 48564;
14950 : 42454;
14951 : 30006;
14952 : 19671;
14953 : 17591;
14954 : 17591;
14955 : 15543;
14956 : 17559;
14957 : 17527;
14958 : 15479;
14959 : 17559;
14960 : 17591;
14961 : 17591;
14962 : 17591;
14963 : 17591;
14964 : 17623;
14965 : 19704;
14966 : 19769;
14967 : 21883;
14968 : 17428;
14969 : 50744;
14970 : 65535;
14971 : 65535;
14972 : 65535;
14973 : 65535;
14974 : 65535;
14975 : 65535;
14976 : 65535;
14977 : 31761;
14978 : 32187;
14979 : 36445;
14980 : 32285;
14981 : 38328;
14982 : 42193;
14983 : 35821;
14984 : 35854;
14985 : 35920;
14986 : 42259;
14987 : 46485;
14988 : 48599;
14989 : 50744;
14990 : 54970;
14991 : 57051;
14992 : 59164;
14993 : 59164;
14994 : 59164;
14995 : 59197;
14996 : 59197;
14997 : 61309;
14998 : 63422;
14999 : 63423;
15000 : 65535;
15001 : 65535;
15002 : 65535;
15003 : 65535;
15004 : 65535;
15005 : 65535;
15006 : 65535;
15007 : 65535;
15008 : 65535;
15009 : 65535;
15010 : 65535;
15011 : 65535;
15012 : 65535;
15013 : 65535;
15014 : 65535;
15015 : 65535;
15016 : 65535;
15017 : 65535;
15018 : 65535;
15019 : 65503;
15020 : 25422;
15021 : 30073;
15022 : 38526;
15023 : 36445;
15024 : 36477;
15025 : 36445;
15026 : 36445;
15027 : 36445;
15028 : 36445;
15029 : 38525;
15030 : 38493;
15031 : 38525;
15032 : 38525;
15033 : 36477;
15034 : 36413;
15035 : 34332;
15036 : 30172;
15037 : 28092;
15038 : 26011;
15039 : 23931;
15040 : 23931;
15041 : 23931;
15042 : 23931;
15043 : 23963;
15044 : 26044;
15045 : 21850;
15046 : 17591;
15047 : 17591;
15048 : 23700;
15049 : 33806;
15050 : 48662;
15051 : 46582;
15052 : 42454;
15053 : 36214;
15054 : 27926;
15055 : 23766;
15056 : 17559;
15057 : 17559;
15058 : 17559;
15059 : 17559;
15060 : 17559;
15061 : 17559;
15062 : 17558;
15063 : 17558;
15064 : 17558;
15065 : 17558;
15066 : 17526;
15067 : 17559;
15068 : 17591;
15069 : 17591;
15070 : 19672;
15071 : 19704;
15072 : 15445;
15073 : 31826;
15074 : 65535;
15075 : 65535;
15076 : 57051;
15077 : 40146;
15078 : 40015;
15079 : 50578;
15080 : 50709;
15081 : 46582;
15082 : 40374;
15083 : 32087;
15084 : 27959;
15085 : 27927;
15086 : 23799;
15087 : 23767;
15088 : 23799;
15089 : 23831;
15090 : 21751;
15091 : 21751;
15092 : 21719;
15093 : 21751;
15094 : 21751;
15095 : 21784;
15096 : 19737;
15097 : 21457;
15098 : 63389;
15099 : 65535;
15100 : 65535;
15101 : 65535;
15102 : 65535;
15103 : 65535;
15104 : 65535;
15105 : 27632;
15106 : 34332;
15107 : 30172;
15108 : 27697;
15109 : 29548;
15110 : 38033;
15111 : 52858;
15112 : 63422;
15113 : 65535;
15114 : 65535;
15115 : 65535;
15116 : 65535;
15117 : 65535;
15118 : 65535;
15119 : 65535;
15120 : 65535;
15121 : 65535;
15122 : 65535;
15123 : 65535;
15124 : 65535;
15125 : 65535;
15126 : 65535;
15127 : 65535;
15128 : 65535;
15129 : 65535;
15130 : 65535;
15131 : 65535;
15132 : 65535;
15133 : 65535;
15134 : 65535;
15135 : 65535;
15136 : 65535;
15137 : 65535;
15138 : 65535;
15139 : 65535;
15140 : 65535;
15141 : 65535;
15142 : 65535;
15143 : 65535;
15144 : 65535;
15145 : 65535;
15146 : 65535;
15147 : 46486;
15148 : 21425;
15149 : 38558;
15150 : 36445;
15151 : 36445;
15152 : 36445;
15153 : 38525;
15154 : 36445;
15155 : 36445;
15156 : 36445;
15157 : 36445;
15158 : 38525;
15159 : 38525;
15160 : 36445;
15161 : 32284;
15162 : 28124;
15163 : 26044;
15164 : 23931;
15165 : 23931;
15166 : 23931;
15167 : 23931;
15168 : 23931;
15169 : 23931;
15170 : 23931;
15171 : 21851;
15172 : 21785;
15173 : 17623;
15174 : 15511;
15175 : 30039;
15176 : 33838;
15177 : 35887;
15178 : 42193;
15179 : 42160;
15180 : 44305;
15181 : 52691;
15182 : 54837;
15183 : 54837;
15184 : 46549;
15185 : 34134;
15186 : 21719;
15187 : 17559;
15188 : 17559;
15189 : 17559;
15190 : 17559;
15191 : 17558;
15192 : 17526;
15193 : 17527;
15194 : 17526;
15195 : 17526;
15196 : 17559;
15197 : 17591;
15198 : 19704;
15199 : 19704;
15200 : 19736;
15201 : 17231;
15202 : 61276;
15203 : 65535;
15204 : 65535;
15205 : 65535;
15206 : 57051;
15207 : 42259;
15208 : 35854;
15209 : 40047;
15210 : 44272;
15211 : 46385;
15212 : 48465;
15213 : 46385;
15214 : 44305;
15215 : 42160;
15216 : 37999;
15217 : 35887;
15218 : 33806;
15219 : 33840;
15220 : 33872;
15221 : 35985;
15222 : 38066;
15223 : 36018;
15224 : 29713;
15225 : 33906;
15226 : 63422;
15227 : 65535;
15228 : 65535;
15229 : 65535;
15230 : 65535;
15231 : 65535;
15232 : 65535;
15233 : 27731;
15234 : 19705;
15235 : 17166;
15236 : 40114;
15237 : 61309;
15238 : 65535;
15239 : 65535;
15240 : 65535;
15241 : 65535;
15242 : 65535;
15243 : 65535;
15244 : 65535;
15245 : 65535;
15246 : 65535;
15247 : 65535;
15248 : 65535;
15249 : 65535;
15250 : 65535;
15251 : 65535;
15252 : 65535;
15253 : 65535;
15254 : 65535;
15255 : 65535;
15256 : 65535;
15257 : 65535;
15258 : 65535;
15259 : 65535;
15260 : 65535;
15261 : 65535;
15262 : 65535;
15263 : 65535;
15264 : 65535;
15265 : 65535;
15266 : 65535;
15267 : 65535;
15268 : 65535;
15269 : 65535;
15270 : 65535;
15271 : 65535;
15272 : 65535;
15273 : 65535;
15274 : 65503;
15275 : 27567;
15276 : 34299;
15277 : 38525;
15278 : 36445;
15279 : 36445;
15280 : 36445;
15281 : 38525;
15282 : 36445;
15283 : 38525;
15284 : 38525;
15285 : 38493;
15286 : 38525;
15287 : 36445;
15288 : 32284;
15289 : 28124;
15290 : 26044;
15291 : 26044;
15292 : 26044;
15293 : 23964;
15294 : 23931;
15295 : 23931;
15296 : 21851;
15297 : 21818;
15298 : 19705;
15299 : 17591;
15300 : 15478;
15301 : 17559;
15302 : 36247;
15303 : 42225;
15304 : 44340;
15305 : 65535;
15306 : 65535;
15307 : 61310;
15308 : 54937;
15309 : 44340;
15310 : 38032;
15311 : 42160;
15312 : 50579;
15313 : 58998;
15314 : 54838;
15315 : 40374;
15316 : 25846;
15317 : 17559;
15318 : 17559;
15319 : 17559;
15320 : 17559;
15321 : 17559;
15322 : 17559;
15323 : 17559;
15324 : 17558;
15325 : 17591;
15326 : 19704;
15327 : 19737;
15328 : 21850;
15329 : 15380;
15330 : 42292;
15331 : 65535;
15332 : 65535;
15333 : 65535;
15334 : 65535;
15335 : 65535;
15336 : 63422;
15337 : 54938;
15338 : 46453;
15339 : 42260;
15340 : 40146;
15341 : 40147;
15342 : 42260;
15343 : 46453;
15344 : 50712;
15345 : 54970;
15346 : 59164;
15347 : 63390;
15348 : 65503;
15349 : 65535;
15350 : 65535;
15351 : 65535;
15352 : 65535;
15353 : 65535;
15354 : 65535;
15355 : 65535;
15356 : 65535;
15357 : 65535;
15358 : 65535;
15359 : 65535;
15360 : 65535;
15361 : 40277;
15362 : 21294;
15363 : 57018;
15364 : 65535;
15365 : 65535;
15366 : 65535;
15367 : 65535;
15368 : 65535;
15369 : 65535;
15370 : 65535;
15371 : 65535;
15372 : 65535;
15373 : 65535;
15374 : 65535;
15375 : 65535;
15376 : 65535;
15377 : 65535;
15378 : 65535;
15379 : 65535;
15380 : 65535;
15381 : 65535;
15382 : 65535;
15383 : 65535;
15384 : 65535;
15385 : 65535;
15386 : 65535;
15387 : 65535;
15388 : 65535;
15389 : 65535;
15390 : 65535;
15391 : 65535;
15392 : 65535;
15393 : 65535;
15394 : 65535;
15395 : 65535;
15396 : 65535;
15397 : 65535;
15398 : 65535;
15399 : 65535;
15400 : 65535;
15401 : 65535;
15402 : 54970;
15403 : 23570;
15404 : 38558;
15405 : 36445;
15406 : 38525;
15407 : 36445;
15408 : 36445;
15409 : 38525;
15410 : 38525;
15411 : 36445;
15412 : 34397;
15413 : 32285;
15414 : 30204;
15415 : 30172;
15416 : 28123;
15417 : 28091;
15418 : 23931;
15419 : 23930;
15420 : 21850;
15421 : 21850;
15422 : 19737;
15423 : 19672;
15424 : 17592;
15425 : 17559;
15426 : 15479;
15427 : 17526;
15428 : 25814;
15429 : 42390;
15430 : 42160;
15431 : 38033;
15432 : 65503;
15433 : 65535;
15434 : 65535;
15435 : 65535;
15436 : 65535;
15437 : 65535;
15438 : 65503;
15439 : 52857;
15440 : 35920;
15441 : 33774;
15442 : 46385;
15443 : 56917;
15444 : 56918;
15445 : 42422;
15446 : 25846;
15447 : 17559;
15448 : 15511;
15449 : 17559;
15450 : 17559;
15451 : 17559;
15452 : 17559;
15453 : 17591;
15454 : 19704;
15455 : 21817;
15456 : 21850;
15457 : 19769;
15458 : 21326;
15459 : 63390;
15460 : 65535;
15461 : 65535;
15462 : 65535;
15463 : 65535;
15464 : 65535;
15465 : 65535;
15466 : 65535;
15467 : 65535;
15468 : 65535;
15469 : 65535;
15470 : 65535;
15471 : 65535;
15472 : 65535;
15473 : 65535;
15474 : 65535;
15475 : 65535;
15476 : 65535;
15477 : 65535;
15478 : 65535;
15479 : 65535;
15480 : 65535;
15481 : 65535;
15482 : 65535;
15483 : 65535;
15484 : 65535;
15485 : 65535;
15486 : 65535;
15487 : 65535;
15488 : 65535;
15489 : 65503;
15490 : 65470;
15491 : 65535;
15492 : 65535;
15493 : 65535;
15494 : 65535;
15495 : 65535;
15496 : 65535;
15497 : 65535;
15498 : 65535;
15499 : 65535;
15500 : 65535;
15501 : 65535;
15502 : 65535;
15503 : 65535;
15504 : 65535;
15505 : 65535;
15506 : 65535;
15507 : 65535;
15508 : 65535;
15509 : 65535;
15510 : 65535;
15511 : 65535;
15512 : 65535;
15513 : 65535;
15514 : 65535;
15515 : 65535;
15516 : 65535;
15517 : 65535;
15518 : 65535;
15519 : 65535;
15520 : 65535;
15521 : 65535;
15522 : 65535;
15523 : 65535;
15524 : 65535;
15525 : 65535;
15526 : 65535;
15527 : 65535;
15528 : 65535;
15529 : 65535;
15530 : 42292;
15531 : 30008;
15532 : 38558;
15533 : 36445;
15534 : 38525;
15535 : 38525;
15536 : 36445;
15537 : 32285;
15538 : 28092;
15539 : 23930;
15540 : 23898;
15541 : 23897;
15542 : 25912;
15543 : 25880;
15544 : 25879;
15545 : 23832;
15546 : 23799;
15547 : 21751;
15548 : 19671;
15549 : 19671;
15550 : 21719;
15551 : 21719;
15552 : 23767;
15553 : 29974;
15554 : 36182;
15555 : 44437;
15556 : 44273;
15557 : 33774;
15558 : 44373;
15559 : 65535;
15560 : 65535;
15561 : 65535;
15562 : 65535;
15563 : 65535;
15564 : 65535;
15565 : 65535;
15566 : 65535;
15567 : 65535;
15568 : 65535;
15569 : 59164;
15570 : 42260;
15571 : 35855;
15572 : 40111;
15573 : 50546;
15574 : 52756;
15575 : 48630;
15576 : 36214;
15577 : 23767;
15578 : 17527;
15579 : 15479;
15580 : 15479;
15581 : 17559;
15582 : 19672;
15583 : 19737;
15584 : 21850;
15585 : 21851;
15586 : 17396;
15587 : 48631;
15588 : 65535;
15589 : 65535;
15590 : 65535;
15591 : 65535;
15592 : 65535;
15593 : 65535;
15594 : 65535;
15595 : 65535;
15596 : 65535;
15597 : 65535;
15598 : 65535;
15599 : 65535;
15600 : 65535;
15601 : 65535;
15602 : 65535;
15603 : 65535;
15604 : 65535;
15605 : 65535;
15606 : 65535;
15607 : 65535;
15608 : 65535;
15609 : 65535;
15610 : 65535;
15611 : 65535;
15612 : 65535;
15613 : 65535;
15614 : 65535;
15615 : 65535;
15616 : 65535;
15617 : 65535;
15618 : 65535;
15619 : 65535;
15620 : 65535;
15621 : 65535;
15622 : 65535;
15623 : 65535;
15624 : 65535;
15625 : 65535;
15626 : 65535;
15627 : 65535;
15628 : 65535;
15629 : 65535;
15630 : 65535;
15631 : 65535;
15632 : 65535;
15633 : 65535;
15634 : 65535;
15635 : 65535;
15636 : 65535;
15637 : 65535;
15638 : 65535;
15639 : 65535;
15640 : 65535;
15641 : 65535;
15642 : 65535;
15643 : 65535;
15644 : 65535;
15645 : 65535;
15646 : 65535;
15647 : 65535;
15648 : 65535;
15649 : 65535;
15650 : 65535;
15651 : 65535;
15652 : 65535;
15653 : 65535;
15654 : 65535;
15655 : 65535;
15656 : 65535;
15657 : 65535;
15658 : 35986;
15659 : 34299;
15660 : 38525;
15661 : 38525;
15662 : 36445;
15663 : 30204;
15664 : 26011;
15665 : 28057;
15666 : 36247;
15667 : 42454;
15668 : 48629;
15669 : 50644;
15670 : 50644;
15671 : 50644;
15672 : 50611;
15673 : 48531;
15674 : 46483;
15675 : 46451;
15676 : 46483;
15677 : 46483;
15678 : 46451;
15679 : 46418;
15680 : 44273;
15681 : 42192;
15682 : 42160;
15683 : 40081;
15684 : 42260;
15685 : 59196;
15686 : 65535;
15687 : 65535;
15688 : 65535;
15689 : 65535;
15690 : 65535;
15691 : 65535;
15692 : 65535;
15693 : 65535;
15694 : 65535;
15695 : 65535;
15696 : 65535;
15697 : 65535;
15698 : 65535;
15699 : 63423;
15700 : 52857;
15701 : 40146;
15702 : 33807;
15703 : 35854;
15704 : 42160;
15705 : 46419;
15706 : 42357;
15707 : 34134;
15708 : 25847;
15709 : 19671;
15710 : 17624;
15711 : 19737;
15712 : 19770;
15713 : 21882;
15714 : 19770;
15715 : 27730;
15716 : 65503;
15717 : 65535;
15718 : 65535;
15719 : 65535;
15720 : 65535;
15721 : 65535;
15722 : 65535;
15723 : 65535;
15724 : 65535;
15725 : 65535;
15726 : 65535;
15727 : 65535;
15728 : 65535;
15729 : 65535;
15730 : 65535;
15731 : 65535;
15732 : 65535;
15733 : 65535;
15734 : 65535;
15735 : 65535;
15736 : 65535;
15737 : 65535;
15738 : 65535;
15739 : 65535;
15740 : 65535;
15741 : 65535;
15742 : 65535;
15743 : 65535;
15744 : 65535;
15745 : 65535;
15746 : 65535;
15747 : 65535;
15748 : 65535;
15749 : 65535;
15750 : 65535;
15751 : 65535;
15752 : 65535;
15753 : 65535;
15754 : 65535;
15755 : 65535;
15756 : 65535;
15757 : 65535;
15758 : 65535;
15759 : 65535;
15760 : 65535;
15761 : 65535;
15762 : 65535;
15763 : 65535;
15764 : 65535;
15765 : 65535;
15766 : 65535;
15767 : 65535;
15768 : 65535;
15769 : 65535;
15770 : 65535;
15771 : 65535;
15772 : 65535;
15773 : 65535;
15774 : 65535;
15775 : 65535;
15776 : 65535;
15777 : 65535;
15778 : 65535;
15779 : 65535;
15780 : 65535;
15781 : 65535;
15782 : 65535;
15783 : 65535;
15784 : 65535;
15785 : 65535;
15786 : 27633;
15787 : 36413;
15788 : 36445;
15789 : 30236;
15790 : 26043;
15791 : 32119;
15792 : 38130;
15793 : 37999;
15794 : 37967;
15795 : 37967;
15796 : 37968;
15797 : 40113;
15798 : 42259;
15799 : 42259;
15800 : 44340;
15801 : 44340;
15802 : 44339;
15803 : 44372;
15804 : 46453;
15805 : 48533;
15806 : 48565;
15807 : 48598;
15808 : 50679;
15809 : 54938;
15810 : 59229;
15811 : 65535;
15812 : 65535;
15813 : 65535;
15814 : 65535;
15815 : 65535;
15816 : 65535;
15817 : 65535;
15818 : 65535;
15819 : 65535;
15820 : 65535;
15821 : 65535;
15822 : 65535;
15823 : 65535;
15824 : 65535;
15825 : 65535;
15826 : 65535;
15827 : 65535;
15828 : 65535;
15829 : 65535;
15830 : 65535;
15831 : 59164;
15832 : 48631;
15833 : 40146;
15834 : 37968;
15835 : 37935;
15836 : 37967;
15837 : 35952;
15838 : 31857;
15839 : 29875;
15840 : 25781;
15841 : 19606;
15842 : 17559;
15843 : 15183;
15844 : 59164;
15845 : 65535;
15846 : 65535;
15847 : 65535;
15848 : 65535;
15849 : 65535;
15850 : 65535;
15851 : 65535;
15852 : 65535;
15853 : 65535;
15854 : 65535;
15855 : 65535;
15856 : 65535;
15857 : 65535;
15858 : 65535;
15859 : 65535;
15860 : 65535;
15861 : 65535;
15862 : 65535;
15863 : 65535;
15864 : 65535;
15865 : 65535;
15866 : 65535;
15867 : 65535;
15868 : 65535;
15869 : 65535;
15870 : 65535;
15871 : 65535;
15872 : 65535;
15873 : 65535;
15874 : 65535;
15875 : 65535;
15876 : 65535;
15877 : 65535;
15878 : 65535;
15879 : 65535;
15880 : 65535;
15881 : 65535;
15882 : 65535;
15883 : 65535;
15884 : 65535;
15885 : 65535;
15886 : 65535;
15887 : 65535;
15888 : 65535;
15889 : 65535;
15890 : 65535;
15891 : 65535;
15892 : 65535;
15893 : 65535;
15894 : 65535;
15895 : 65535;
15896 : 65535;
15897 : 65535;
15898 : 65535;
15899 : 65535;
15900 : 65535;
15901 : 65535;
15902 : 65535;
15903 : 65535;
15904 : 65535;
15905 : 65535;
15906 : 65535;
15907 : 65535;
15908 : 65535;
15909 : 65535;
15910 : 65535;
15911 : 65535;
15912 : 65535;
15913 : 65535;
15914 : 29778;
15915 : 34333;
15916 : 26011;
15917 : 23734;
15918 : 27598;
15919 : 33774;
15920 : 42259;
15921 : 52825;
15922 : 61277;
15923 : 63422;
15924 : 65535;
15925 : 65535;
15926 : 65535;
15927 : 65535;
15928 : 65535;
15929 : 65535;
15930 : 65535;
15931 : 65535;
15932 : 65535;
15933 : 65535;
15934 : 65535;
15935 : 65535;
15936 : 65535;
15937 : 65535;
15938 : 65535;
15939 : 65535;
15940 : 65535;
15941 : 65535;
15942 : 65535;
15943 : 65535;
15944 : 65535;
15945 : 65535;
15946 : 65535;
15947 : 65535;
15948 : 65535;
15949 : 65535;
15950 : 65535;
15951 : 65535;
15952 : 65535;
15953 : 65535;
15954 : 65535;
15955 : 65535;
15956 : 65535;
15957 : 65535;
15958 : 65535;
15959 : 65535;
15960 : 65535;
15961 : 65535;
15962 : 65535;
15963 : 61277;
15964 : 54970;
15965 : 50712;
15966 : 46485;
15967 : 42227;
15968 : 38033;
15969 : 33808;
15970 : 33873;
15971 : 48599;
15972 : 65503;
15973 : 65535;
15974 : 65535;
15975 : 65535;
15976 : 65535;
15977 : 65535;
15978 : 65535;
15979 : 65535;
15980 : 65535;
15981 : 65535;
15982 : 65535;
15983 : 65535;
15984 : 65535;
15985 : 65535;
15986 : 65535;
15987 : 65535;
15988 : 65535;
15989 : 65535;
15990 : 65535;
15991 : 65535;
15992 : 65535;
15993 : 65535;
15994 : 65535;
15995 : 65535;
15996 : 65535;
15997 : 65535;
15998 : 65535;
15999 : 65535;
16000 : 65535;
16001 : 65535;
16002 : 65535;
16003 : 65535;
16004 : 65535;
16005 : 65535;
16006 : 65535;
16007 : 65535;
16008 : 65535;
16009 : 65535;
16010 : 65535;
16011 : 65535;
16012 : 65535;
16013 : 65535;
16014 : 65535;
16015 : 65535;
16016 : 65535;
16017 : 65535;
16018 : 65535;
16019 : 65535;
16020 : 65535;
16021 : 65535;
16022 : 65535;
16023 : 65535;
16024 : 65535;
16025 : 65535;
16026 : 65535;
16027 : 65535;
16028 : 65535;
16029 : 65535;
16030 : 65535;
16031 : 65535;
16032 : 65535;
16033 : 65535;
16034 : 65535;
16035 : 65535;
16036 : 65535;
16037 : 65535;
16038 : 65535;
16039 : 65535;
16040 : 65535;
16041 : 65535;
16042 : 44503;
16043 : 17526;
16044 : 13038;
16045 : 33808;
16046 : 52857;
16047 : 65503;
16048 : 65535;
16049 : 65535;
16050 : 65535;
16051 : 65535;
16052 : 65535;
16053 : 65535;
16054 : 65535;
16055 : 65535;
16056 : 65535;
16057 : 65535;
16058 : 65535;
16059 : 65535;
16060 : 65535;
16061 : 65535;
16062 : 65535;
16063 : 65535;
16064 : 65535;
16065 : 65535;
16066 : 65535;
16067 : 65535;
16068 : 65535;
16069 : 65535;
16070 : 65535;
16071 : 65535;
16072 : 65535;
16073 : 65535;
16074 : 65535;
16075 : 65535;
16076 : 65535;
16077 : 65535;
16078 : 65535;
16079 : 65535;
16080 : 65535;
16081 : 65535;
16082 : 65535;
16083 : 65535;
16084 : 65535;
16085 : 65535;
16086 : 65535;
16087 : 65535;
16088 : 65535;
16089 : 65535;
16090 : 65535;
16091 : 65535;
16092 : 65535;
16093 : 65535;
16094 : 65535;
16095 : 65535;
16096 : 65535;
16097 : 65535;
16098 : 65535;
16099 : 65535;
16100 : 65535;
16101 : 65535;
16102 : 65535;
16103 : 65535;
16104 : 65535;
16105 : 65535;
16106 : 65535;
16107 : 65535;
16108 : 65535;
16109 : 65535;
16110 : 65535;
16111 : 65535;
16112 : 65535;
16113 : 65535;
16114 : 65535;
16115 : 65535;
16116 : 65535;
16117 : 65535;
16118 : 65535;
16119 : 65535;
16120 : 65535;
16121 : 65535;
16122 : 65535;
16123 : 65535;
16124 : 65535;
16125 : 65535;
16126 : 65535;
16127 : 65535;
16128 : 65535;
16129 : 65535;
16130 : 65535;
16131 : 65535;
16132 : 65535;
16133 : 65535;
16134 : 65535;
16135 : 65535;
16136 : 65535;
16137 : 65535;
16138 : 65535;
16139 : 65535;
16140 : 65535;
16141 : 65535;
16142 : 65535;
16143 : 65535;
16144 : 65535;
16145 : 65535;
16146 : 65535;
16147 : 65535;
16148 : 65535;
16149 : 65535;
16150 : 65535;
16151 : 65535;
16152 : 65535;
16153 : 65535;
16154 : 65535;
16155 : 65535;
16156 : 65535;
16157 : 65535;
16158 : 65535;
16159 : 65535;
16160 : 65535;
16161 : 65535;
16162 : 65535;
16163 : 65535;
16164 : 65535;
16165 : 65535;
16166 : 65535;
16167 : 65535;
16168 : 65535;
16169 : 65535;
16170 : 61309;
16171 : 31793;
16172 : 52824;
16173 : 65535;
16174 : 65535;
16175 : 65535;
16176 : 65535;
16177 : 65535;
16178 : 65535;
16179 : 65535;
16180 : 65535;
16181 : 65535;
16182 : 65535;
16183 : 65535;
16184 : 65535;
16185 : 65535;
16186 : 65535;
16187 : 65535;
16188 : 65535;
16189 : 65535;
16190 : 65535;
16191 : 65535;
16192 : 65535;
16193 : 65535;
16194 : 65535;
16195 : 65535;
16196 : 65535;
16197 : 65535;
16198 : 65535;
16199 : 65535;
16200 : 65535;
16201 : 65535;
16202 : 65535;
16203 : 65535;
16204 : 65535;
16205 : 65535;
16206 : 65535;
16207 : 65535;
16208 : 65535;
16209 : 65535;
16210 : 65535;
16211 : 65535;
16212 : 65535;
16213 : 65535;
16214 : 65535;
16215 : 65535;
16216 : 65535;
16217 : 65535;
16218 : 65535;
16219 : 65535;
16220 : 65535;
16221 : 65535;
16222 : 65535;
16223 : 65535;
16224 : 65535;
16225 : 65535;
16226 : 65535;
16227 : 65535;
16228 : 65535;
16229 : 65535;
16230 : 65535;
16231 : 65535;
16232 : 65535;
16233 : 65535;
16234 : 65535;
16235 : 65535;
16236 : 65535;
16237 : 65535;
16238 : 65535;
16239 : 65535;
16240 : 65535;
16241 : 65535;
16242 : 65535;
16243 : 65535;
16244 : 65535;
16245 : 65535;
16246 : 65535;
16247 : 65535;
16248 : 65535;
16249 : 65535;
16250 : 65535;
16251 : 65535;
16252 : 65535;
16253 : 65535;
16254 : 65535;
16255 : 65535;
16256 : 65535;
16257 : 65535;
16258 : 65535;
16259 : 65535;
16260 : 65535;
16261 : 65535;
16262 : 65535;
16263 : 65535;
16264 : 65535;
16265 : 65535;
16266 : 65535;
16267 : 65535;
16268 : 65535;
16269 : 65535;
16270 : 65535;
16271 : 65535;
16272 : 65535;
16273 : 65535;
16274 : 65535;
16275 : 65535;
16276 : 65535;
16277 : 65535;
16278 : 65535;
16279 : 65535;
16280 : 65535;
16281 : 65535;
16282 : 65535;
16283 : 65535;
16284 : 65535;
16285 : 65535;
16286 : 65535;
16287 : 65535;
16288 : 65535;
16289 : 65535;
16290 : 65535;
16291 : 65535;
16292 : 65535;
16293 : 65535;
16294 : 65535;
16295 : 65535;
16296 : 65535;
16297 : 65535;
16298 : 65535;
16299 : 65535;
16300 : 65535;
16301 : 65535;
16302 : 65535;
16303 : 65535;
16304 : 65535;
16305 : 65535;
16306 : 65535;
16307 : 65535;
16308 : 65535;
16309 : 65535;
16310 : 65535;
16311 : 65535;
16312 : 65535;
16313 : 65535;
16314 : 65535;
16315 : 65535;
16316 : 65535;
16317 : 65535;
16318 : 65535;
16319 : 65535;
16320 : 65535;
16321 : 65535;
16322 : 65535;
16323 : 65535;
16324 : 65535;
16325 : 65535;
16326 : 65535;
16327 : 65535;
16328 : 65535;
16329 : 65535;
16330 : 65535;
16331 : 65535;
16332 : 65535;
16333 : 65535;
16334 : 65535;
16335 : 65535;
16336 : 65535;
16337 : 65535;
16338 : 65535;
16339 : 65535;
16340 : 65535;
16341 : 65535;
16342 : 65535;
16343 : 65535;
16344 : 65535;
16345 : 65535;
16346 : 65535;
16347 : 65535;
16348 : 65535;
16349 : 65535;
16350 : 65535;
16351 : 65535;
16352 : 65535;
16353 : 65535;
16354 : 65535;
16355 : 65535;
16356 : 65535;
16357 : 65535;
16358 : 65535;
16359 : 65535;
16360 : 65535;
16361 : 65535;
16362 : 65535;
16363 : 65535;
16364 : 65535;
16365 : 65535;
16366 : 65535;
16367 : 65535;
16368 : 65535;
16369 : 65535;
16370 : 65535;
16371 : 65535;
16372 : 65535;
16373 : 65535;
16374 : 65535;
16375 : 65535;
16376 : 65535;
16377 : 65535;
16378 : 65535;
16379 : 65535;
16380 : 65535;
16381 : 65535;
16382 : 65535;
16383 : 65535;
END;
