WIDTH=16;
DEPTH=16384;

ADDRESS_RADIX=UNS;
DATA_RADIX=UNS;

CONTENT BEGIN
0 : 65535;
1 : 65535;
2 : 65535;
3 : 65535;
4 : 65535;
5 : 65535;
6 : 65535;
7 : 65535;
8 : 65535;
9 : 65535;
10 : 65535;
11 : 65535;
12 : 65535;
13 : 65535;
14 : 65535;
15 : 65535;
16 : 65535;
17 : 65535;
18 : 65535;
19 : 65535;
20 : 65535;
21 : 65535;
22 : 65535;
23 : 65535;
24 : 65535;
25 : 65535;
26 : 65535;
27 : 65535;
28 : 65535;
29 : 65535;
30 : 65535;
31 : 65535;
32 : 65535;
33 : 65535;
34 : 65535;
35 : 65535;
36 : 65535;
37 : 65535;
38 : 65535;
39 : 65535;
40 : 65535;
41 : 65535;
42 : 65535;
43 : 65535;
44 : 65535;
45 : 65535;
46 : 65535;
47 : 65535;
48 : 65535;
49 : 65535;
50 : 65535;
51 : 65535;
52 : 65535;
53 : 65535;
54 : 65535;
55 : 65535;
56 : 65535;
57 : 65535;
58 : 65535;
59 : 65535;
60 : 65535;
61 : 65535;
62 : 65535;
63 : 65535;
64 : 65535;
65 : 65535;
66 : 65535;
67 : 65535;
68 : 65535;
69 : 65535;
70 : 65535;
71 : 65535;
72 : 65535;
73 : 65535;
74 : 65535;
75 : 65535;
76 : 65535;
77 : 65535;
78 : 65535;
79 : 65535;
80 : 65535;
81 : 65535;
82 : 65535;
83 : 65535;
84 : 65535;
85 : 65535;
86 : 65535;
87 : 65535;
88 : 65535;
89 : 65535;
90 : 65535;
91 : 65535;
92 : 65535;
93 : 65535;
94 : 65535;
95 : 65535;
96 : 65535;
97 : 65535;
98 : 65535;
99 : 65535;
100 : 65535;
101 : 65535;
102 : 65535;
103 : 65535;
104 : 65535;
105 : 65535;
106 : 65535;
107 : 65535;
108 : 65535;
109 : 65535;
110 : 65535;
111 : 65535;
112 : 65535;
113 : 65535;
114 : 65535;
115 : 65535;
116 : 65535;
117 : 65535;
118 : 65535;
119 : 65535;
120 : 65535;
121 : 65535;
122 : 65535;
123 : 52857;
124 : 61309;
125 : 65535;
126 : 65535;
127 : 65535;
128 : 65535;
129 : 65535;
130 : 65535;
131 : 65535;
132 : 65535;
133 : 65535;
134 : 65535;
135 : 65535;
136 : 65535;
137 : 65535;
138 : 65535;
139 : 65535;
140 : 65535;
141 : 65535;
142 : 65535;
143 : 65535;
144 : 65535;
145 : 65535;
146 : 65535;
147 : 65535;
148 : 65535;
149 : 65535;
150 : 65535;
151 : 65535;
152 : 65535;
153 : 65535;
154 : 65535;
155 : 65535;
156 : 65535;
157 : 65535;
158 : 65535;
159 : 65535;
160 : 65535;
161 : 65535;
162 : 65535;
163 : 65535;
164 : 65535;
165 : 65535;
166 : 65535;
167 : 65535;
168 : 65535;
169 : 65535;
170 : 65535;
171 : 65535;
172 : 65535;
173 : 65535;
174 : 65535;
175 : 65535;
176 : 65535;
177 : 65535;
178 : 65535;
179 : 65535;
180 : 65535;
181 : 65535;
182 : 65535;
183 : 65535;
184 : 65535;
185 : 65535;
186 : 65535;
187 : 65535;
188 : 65535;
189 : 65535;
190 : 65535;
191 : 65535;
192 : 65535;
193 : 65535;
194 : 65535;
195 : 65535;
196 : 65535;
197 : 65535;
198 : 65535;
199 : 65535;
200 : 65535;
201 : 65535;
202 : 65535;
203 : 65535;
204 : 65535;
205 : 65535;
206 : 65535;
207 : 65535;
208 : 65535;
209 : 65535;
210 : 65535;
211 : 65535;
212 : 65535;
213 : 65535;
214 : 65535;
215 : 65535;
216 : 65535;
217 : 65535;
218 : 65535;
219 : 65535;
220 : 65535;
221 : 65535;
222 : 65535;
223 : 65535;
224 : 65535;
225 : 65535;
226 : 65535;
227 : 65535;
228 : 65535;
229 : 65535;
230 : 65535;
231 : 65535;
232 : 65535;
233 : 65535;
234 : 65535;
235 : 65535;
236 : 65535;
237 : 65535;
238 : 65535;
239 : 65535;
240 : 65535;
241 : 65535;
242 : 65535;
243 : 65535;
244 : 65535;
245 : 65535;
246 : 65535;
247 : 65535;
248 : 57083;
249 : 44437;
250 : 21227;
251 : 19017;
252 : 63390;
253 : 65535;
254 : 65535;
255 : 65535;
256 : 65535;
257 : 65535;
258 : 65535;
259 : 65535;
260 : 65535;
261 : 65535;
262 : 65535;
263 : 65535;
264 : 65535;
265 : 65535;
266 : 65535;
267 : 65535;
268 : 65535;
269 : 65535;
270 : 65535;
271 : 65535;
272 : 65535;
273 : 65535;
274 : 65535;
275 : 65535;
276 : 65535;
277 : 65535;
278 : 65535;
279 : 65535;
280 : 65535;
281 : 65535;
282 : 65535;
283 : 65535;
284 : 65535;
285 : 65535;
286 : 65535;
287 : 65535;
288 : 65535;
289 : 65535;
290 : 65535;
291 : 65535;
292 : 65535;
293 : 65535;
294 : 65535;
295 : 65535;
296 : 65535;
297 : 65535;
298 : 65535;
299 : 65535;
300 : 65535;
301 : 65535;
302 : 65535;
303 : 65535;
304 : 65535;
305 : 65535;
306 : 65535;
307 : 65535;
308 : 65535;
309 : 65535;
310 : 65535;
311 : 65535;
312 : 65535;
313 : 65535;
314 : 65535;
315 : 65535;
316 : 65535;
317 : 65535;
318 : 65535;
319 : 65535;
320 : 65535;
321 : 65535;
322 : 65535;
323 : 65535;
324 : 65535;
325 : 65535;
326 : 65535;
327 : 65535;
328 : 65535;
329 : 65535;
330 : 65535;
331 : 65535;
332 : 65535;
333 : 65535;
334 : 65535;
335 : 65535;
336 : 65535;
337 : 65535;
338 : 65535;
339 : 65535;
340 : 65535;
341 : 65535;
342 : 65535;
343 : 65535;
344 : 65535;
345 : 65535;
346 : 65535;
347 : 65535;
348 : 65535;
349 : 65535;
350 : 65535;
351 : 65535;
352 : 65535;
353 : 65535;
354 : 65535;
355 : 65535;
356 : 65535;
357 : 65535;
358 : 65535;
359 : 65535;
360 : 65535;
361 : 65535;
362 : 65535;
363 : 65535;
364 : 65535;
365 : 65535;
366 : 65535;
367 : 65535;
368 : 65535;
369 : 65535;
370 : 65535;
371 : 65535;
372 : 65535;
373 : 63390;
374 : 48631;
375 : 31888;
376 : 19275;
377 : 19306;
378 : 17064;
379 : 57019;
380 : 65535;
381 : 65535;
382 : 65535;
383 : 65535;
384 : 65535;
385 : 65535;
386 : 65535;
387 : 65535;
388 : 65535;
389 : 65535;
390 : 65535;
391 : 65535;
392 : 65535;
393 : 65535;
394 : 65535;
395 : 65535;
396 : 65535;
397 : 65535;
398 : 65535;
399 : 65535;
400 : 65535;
401 : 65535;
402 : 65535;
403 : 65535;
404 : 65535;
405 : 65535;
406 : 65535;
407 : 65535;
408 : 65535;
409 : 65535;
410 : 65535;
411 : 65535;
412 : 65535;
413 : 65535;
414 : 65535;
415 : 65535;
416 : 65535;
417 : 65535;
418 : 65535;
419 : 65535;
420 : 65535;
421 : 65535;
422 : 65535;
423 : 65535;
424 : 65535;
425 : 65535;
426 : 65535;
427 : 65535;
428 : 65535;
429 : 65535;
430 : 65535;
431 : 65535;
432 : 65535;
433 : 65535;
434 : 65535;
435 : 65535;
436 : 65535;
437 : 65535;
438 : 65535;
439 : 65535;
440 : 65535;
441 : 65535;
442 : 65535;
443 : 65535;
444 : 65535;
445 : 65535;
446 : 65535;
447 : 65535;
448 : 65535;
449 : 65535;
450 : 65535;
451 : 65535;
452 : 65535;
453 : 65535;
454 : 65535;
455 : 65535;
456 : 65535;
457 : 65535;
458 : 65535;
459 : 65535;
460 : 65535;
461 : 65535;
462 : 65535;
463 : 65535;
464 : 65535;
465 : 65535;
466 : 65535;
467 : 65535;
468 : 65535;
469 : 65535;
470 : 65535;
471 : 65535;
472 : 65535;
473 : 65535;
474 : 65535;
475 : 65535;
476 : 65535;
477 : 65535;
478 : 65535;
479 : 65535;
480 : 65535;
481 : 65535;
482 : 65535;
483 : 65535;
484 : 65535;
485 : 65535;
486 : 65535;
487 : 65535;
488 : 65535;
489 : 65535;
490 : 65535;
491 : 65535;
492 : 65535;
493 : 65535;
494 : 65535;
495 : 65535;
496 : 65535;
497 : 65535;
498 : 65535;
499 : 59196;
500 : 44437;
501 : 31920;
502 : 27855;
503 : 23564;
504 : 29935;
505 : 27758;
506 : 50712;
507 : 65535;
508 : 65535;
509 : 65535;
510 : 65535;
511 : 65535;
512 : 65535;
513 : 65535;
514 : 65535;
515 : 65535;
516 : 65535;
517 : 65535;
518 : 65535;
519 : 65535;
520 : 65535;
521 : 65535;
522 : 65535;
523 : 65535;
524 : 65535;
525 : 65535;
526 : 65535;
527 : 65535;
528 : 65535;
529 : 65535;
530 : 65535;
531 : 65535;
532 : 65535;
533 : 65535;
534 : 65535;
535 : 65535;
536 : 65535;
537 : 65535;
538 : 65535;
539 : 65535;
540 : 65535;
541 : 65535;
542 : 65535;
543 : 65535;
544 : 65535;
545 : 65535;
546 : 65535;
547 : 65535;
548 : 65535;
549 : 65535;
550 : 65535;
551 : 65535;
552 : 65535;
553 : 65535;
554 : 65535;
555 : 65535;
556 : 65535;
557 : 65535;
558 : 65535;
559 : 65535;
560 : 65535;
561 : 65535;
562 : 65535;
563 : 65535;
564 : 65535;
565 : 65535;
566 : 65535;
567 : 65535;
568 : 65535;
569 : 65535;
570 : 65535;
571 : 65535;
572 : 65535;
573 : 65535;
574 : 65535;
575 : 65535;
576 : 65535;
577 : 65535;
578 : 65535;
579 : 65535;
580 : 65535;
581 : 65535;
582 : 65535;
583 : 65535;
584 : 65535;
585 : 65535;
586 : 65535;
587 : 65535;
588 : 65535;
589 : 65535;
590 : 65535;
591 : 65535;
592 : 65535;
593 : 65535;
594 : 65535;
595 : 65535;
596 : 65535;
597 : 65535;
598 : 65535;
599 : 65535;
600 : 65535;
601 : 65535;
602 : 65535;
603 : 65535;
604 : 65535;
605 : 65535;
606 : 65535;
607 : 65535;
608 : 65535;
609 : 65535;
610 : 65535;
611 : 65535;
612 : 65535;
613 : 65535;
614 : 65535;
615 : 65535;
616 : 65535;
617 : 65535;
618 : 65535;
619 : 65535;
620 : 65535;
621 : 65535;
622 : 65535;
623 : 65535;
624 : 65503;
625 : 52825;
626 : 36050;
627 : 29871;
628 : 34225;
629 : 32048;
630 : 27757;
631 : 36370;
632 : 29967;
633 : 42259;
634 : 65535;
635 : 65535;
636 : 65535;
637 : 65535;
638 : 65535;
639 : 65535;
640 : 65535;
641 : 65535;
642 : 65535;
643 : 65535;
644 : 65535;
645 : 65535;
646 : 65535;
647 : 65535;
648 : 65535;
649 : 65535;
650 : 65535;
651 : 65535;
652 : 65535;
653 : 65535;
654 : 65535;
655 : 65535;
656 : 65535;
657 : 65535;
658 : 65535;
659 : 65535;
660 : 65535;
661 : 65535;
662 : 65535;
663 : 65535;
664 : 65535;
665 : 65535;
666 : 65535;
667 : 65535;
668 : 65535;
669 : 65535;
670 : 65535;
671 : 65535;
672 : 65535;
673 : 65535;
674 : 65535;
675 : 65535;
676 : 65535;
677 : 65535;
678 : 65535;
679 : 65535;
680 : 65535;
681 : 65535;
682 : 65535;
683 : 65535;
684 : 65535;
685 : 65535;
686 : 65535;
687 : 65535;
688 : 65535;
689 : 65535;
690 : 65535;
691 : 65535;
692 : 65535;
693 : 65535;
694 : 65535;
695 : 65535;
696 : 65535;
697 : 65535;
698 : 65535;
699 : 65535;
700 : 65535;
701 : 65535;
702 : 65535;
703 : 65535;
704 : 65535;
705 : 65535;
706 : 65535;
707 : 65535;
708 : 65535;
709 : 65535;
710 : 65535;
711 : 65535;
712 : 65535;
713 : 65535;
714 : 65535;
715 : 65535;
716 : 65535;
717 : 65535;
718 : 65535;
719 : 65535;
720 : 65535;
721 : 65535;
722 : 65535;
723 : 65535;
724 : 65535;
725 : 65535;
726 : 65535;
727 : 65535;
728 : 65535;
729 : 65535;
730 : 65535;
731 : 65535;
732 : 65535;
733 : 65535;
734 : 65535;
735 : 65535;
736 : 65535;
737 : 65535;
738 : 65535;
739 : 65535;
740 : 65535;
741 : 65535;
742 : 65535;
743 : 65535;
744 : 65535;
745 : 65535;
746 : 65535;
747 : 65535;
748 : 65535;
749 : 65535;
750 : 57083;
751 : 42292;
752 : 29775;
753 : 27855;
754 : 34322;
755 : 36338;
756 : 27758;
757 : 32080;
758 : 40596;
759 : 32145;
760 : 36018;
761 : 65535;
762 : 65535;
763 : 65535;
764 : 65535;
765 : 65535;
766 : 65535;
767 : 65535;
768 : 65535;
769 : 65535;
770 : 65535;
771 : 65535;
772 : 65535;
773 : 65535;
774 : 65535;
775 : 65535;
776 : 65535;
777 : 65535;
778 : 65535;
779 : 65535;
780 : 65535;
781 : 65535;
782 : 65535;
783 : 65535;
784 : 65535;
785 : 65535;
786 : 65535;
787 : 65535;
788 : 65535;
789 : 65535;
790 : 65535;
791 : 65535;
792 : 65535;
793 : 65535;
794 : 65535;
795 : 65535;
796 : 59196;
797 : 65535;
798 : 65535;
799 : 65535;
800 : 65535;
801 : 65535;
802 : 65535;
803 : 65535;
804 : 65535;
805 : 65535;
806 : 65535;
807 : 65535;
808 : 65535;
809 : 65535;
810 : 65535;
811 : 65535;
812 : 65535;
813 : 65535;
814 : 65535;
815 : 65535;
816 : 65535;
817 : 65535;
818 : 65535;
819 : 65535;
820 : 65535;
821 : 65535;
822 : 65535;
823 : 65535;
824 : 65535;
825 : 65535;
826 : 65535;
827 : 65535;
828 : 65535;
829 : 65535;
830 : 65535;
831 : 65535;
832 : 65535;
833 : 65535;
834 : 65535;
835 : 65535;
836 : 65535;
837 : 65535;
838 : 65535;
839 : 65535;
840 : 65535;
841 : 65535;
842 : 65535;
843 : 65535;
844 : 65535;
845 : 65535;
846 : 65535;
847 : 65535;
848 : 65535;
849 : 65535;
850 : 65535;
851 : 65535;
852 : 65535;
853 : 65535;
854 : 65535;
855 : 65535;
856 : 65535;
857 : 65535;
858 : 65535;
859 : 65535;
860 : 65535;
861 : 65535;
862 : 65535;
863 : 65535;
864 : 65535;
865 : 65535;
866 : 65535;
867 : 65535;
868 : 65535;
869 : 65535;
870 : 65535;
871 : 65535;
872 : 65535;
873 : 65535;
874 : 65535;
875 : 59164;
876 : 44373;
877 : 27662;
878 : 23597;
879 : 25936;
880 : 34387;
881 : 36500;
882 : 29967;
883 : 27758;
884 : 36370;
885 : 40628;
886 : 34290;
887 : 31823;
888 : 63422;
889 : 65535;
890 : 65535;
891 : 65535;
892 : 65535;
893 : 65535;
894 : 65535;
895 : 65535;
896 : 65535;
897 : 65535;
898 : 65535;
899 : 65535;
900 : 65535;
901 : 65535;
902 : 65535;
903 : 65535;
904 : 65535;
905 : 65535;
906 : 65535;
907 : 65535;
908 : 65535;
909 : 65535;
910 : 65535;
911 : 65535;
912 : 65535;
913 : 65535;
914 : 65535;
915 : 65535;
916 : 65535;
917 : 65535;
918 : 65535;
919 : 65535;
920 : 65535;
921 : 65535;
922 : 61277;
923 : 31695;
924 : 50712;
925 : 65535;
926 : 65535;
927 : 65535;
928 : 65535;
929 : 65535;
930 : 65535;
931 : 65535;
932 : 65535;
933 : 65535;
934 : 65535;
935 : 65535;
936 : 65535;
937 : 65535;
938 : 65535;
939 : 65535;
940 : 65535;
941 : 65535;
942 : 65535;
943 : 65535;
944 : 65535;
945 : 65535;
946 : 65535;
947 : 65535;
948 : 65535;
949 : 65535;
950 : 65535;
951 : 65535;
952 : 65535;
953 : 65535;
954 : 65535;
955 : 65535;
956 : 65535;
957 : 65535;
958 : 65535;
959 : 65535;
960 : 65535;
961 : 65535;
962 : 65535;
963 : 65535;
964 : 65535;
965 : 65535;
966 : 65535;
967 : 65535;
968 : 65535;
969 : 65535;
970 : 65535;
971 : 65535;
972 : 65535;
973 : 65535;
974 : 65535;
975 : 65535;
976 : 65535;
977 : 65535;
978 : 65535;
979 : 65535;
980 : 65535;
981 : 65535;
982 : 65535;
983 : 65535;
984 : 65535;
985 : 65535;
986 : 65535;
987 : 65535;
988 : 65535;
989 : 65535;
990 : 65535;
991 : 65535;
992 : 65535;
993 : 65535;
994 : 65535;
995 : 65535;
996 : 65535;
997 : 65535;
998 : 65535;
999 : 65535;
1000 : 57019;
1001 : 42292;
1002 : 29678;
1003 : 21452;
1004 : 23726;
1005 : 28146;
1006 : 30291;
1007 : 32372;
1008 : 34323;
1009 : 25710;
1010 : 29967;
1011 : 38548;
1012 : 40596;
1013 : 36435;
1014 : 27694;
1015 : 61244;
1016 : 65535;
1017 : 65535;
1018 : 65535;
1019 : 65535;
1020 : 65535;
1021 : 65535;
1022 : 65535;
1023 : 65535;
1024 : 65535;
1025 : 65535;
1026 : 65535;
1027 : 65535;
1028 : 65535;
1029 : 65535;
1030 : 65535;
1031 : 65535;
1032 : 65535;
1033 : 65535;
1034 : 65535;
1035 : 65535;
1036 : 65535;
1037 : 65535;
1038 : 65535;
1039 : 65535;
1040 : 65535;
1041 : 65535;
1042 : 65535;
1043 : 65535;
1044 : 65535;
1045 : 65535;
1046 : 65535;
1047 : 65535;
1048 : 61277;
1049 : 44437;
1050 : 16968;
1051 : 31694;
1052 : 65535;
1053 : 65535;
1054 : 65535;
1055 : 65535;
1056 : 65535;
1057 : 65535;
1058 : 65535;
1059 : 65535;
1060 : 65535;
1061 : 65535;
1062 : 65535;
1063 : 65535;
1064 : 65535;
1065 : 65535;
1066 : 65535;
1067 : 65535;
1068 : 65535;
1069 : 65535;
1070 : 65535;
1071 : 65535;
1072 : 65535;
1073 : 65535;
1074 : 65535;
1075 : 65535;
1076 : 65535;
1077 : 65535;
1078 : 65535;
1079 : 65535;
1080 : 65535;
1081 : 65535;
1082 : 65535;
1083 : 65535;
1084 : 65535;
1085 : 65535;
1086 : 65535;
1087 : 65535;
1088 : 65535;
1089 : 65535;
1090 : 65535;
1091 : 65535;
1092 : 65535;
1093 : 65535;
1094 : 65535;
1095 : 65535;
1096 : 65535;
1097 : 65535;
1098 : 59196;
1099 : 57083;
1100 : 65535;
1101 : 65535;
1102 : 65535;
1103 : 65535;
1104 : 65535;
1105 : 65535;
1106 : 65535;
1107 : 65535;
1108 : 65535;
1109 : 65535;
1110 : 65535;
1111 : 65535;
1112 : 65535;
1113 : 65535;
1114 : 65535;
1115 : 65535;
1116 : 65535;
1117 : 65535;
1118 : 65535;
1119 : 65535;
1120 : 65535;
1121 : 65535;
1122 : 65535;
1123 : 65535;
1124 : 65535;
1125 : 65535;
1126 : 61277;
1127 : 31856;
1128 : 23630;
1129 : 23791;
1130 : 28114;
1131 : 30291;
1132 : 30323;
1133 : 30259;
1134 : 32371;
1135 : 27984;
1136 : 23597;
1137 : 32210;
1138 : 36500;
1139 : 36435;
1140 : 34420;
1141 : 25742;
1142 : 54938;
1143 : 65535;
1144 : 65535;
1145 : 65535;
1146 : 65535;
1147 : 65535;
1148 : 65535;
1149 : 65535;
1150 : 65535;
1151 : 65535;
1152 : 65535;
1153 : 65535;
1154 : 65535;
1155 : 65535;
1156 : 65535;
1157 : 65535;
1158 : 65535;
1159 : 65535;
1160 : 65535;
1161 : 65535;
1162 : 65535;
1163 : 65535;
1164 : 65535;
1165 : 65535;
1166 : 65535;
1167 : 65535;
1168 : 65535;
1169 : 65535;
1170 : 65535;
1171 : 65535;
1172 : 65535;
1173 : 65535;
1174 : 63358;
1175 : 46517;
1176 : 34000;
1177 : 25516;
1178 : 25420;
1179 : 63390;
1180 : 65535;
1181 : 65535;
1182 : 65535;
1183 : 65535;
1184 : 65535;
1185 : 65535;
1186 : 65535;
1187 : 65535;
1188 : 65535;
1189 : 65535;
1190 : 65535;
1191 : 65535;
1192 : 65535;
1193 : 65535;
1194 : 65535;
1195 : 65535;
1196 : 65535;
1197 : 65535;
1198 : 65535;
1199 : 65535;
1200 : 65535;
1201 : 65535;
1202 : 65535;
1203 : 65535;
1204 : 65535;
1205 : 65535;
1206 : 65535;
1207 : 65535;
1208 : 65535;
1209 : 65535;
1210 : 65535;
1211 : 65535;
1212 : 65535;
1213 : 65535;
1214 : 65535;
1215 : 65535;
1216 : 65535;
1217 : 65535;
1218 : 65535;
1219 : 65535;
1220 : 65535;
1221 : 65535;
1222 : 65535;
1223 : 65535;
1224 : 65535;
1225 : 63390;
1226 : 21129;
1227 : 40179;
1228 : 65535;
1229 : 65535;
1230 : 65535;
1231 : 65535;
1232 : 65535;
1233 : 65535;
1234 : 65535;
1235 : 65535;
1236 : 65535;
1237 : 65535;
1238 : 65535;
1239 : 65535;
1240 : 65535;
1241 : 65535;
1242 : 65535;
1243 : 65535;
1244 : 65535;
1245 : 65535;
1246 : 65535;
1247 : 65535;
1248 : 65535;
1249 : 65535;
1250 : 65535;
1251 : 65535;
1252 : 65535;
1253 : 59132;
1254 : 23404;
1255 : 25968;
1256 : 32372;
1257 : 32339;
1258 : 30259;
1259 : 30259;
1260 : 30291;
1261 : 30291;
1262 : 21613;
1263 : 21549;
1264 : 32307;
1265 : 34419;
1266 : 34387;
1267 : 32371;
1268 : 23823;
1269 : 44438;
1270 : 65535;
1271 : 65535;
1272 : 65535;
1273 : 65535;
1274 : 65535;
1275 : 65535;
1276 : 65535;
1277 : 65535;
1278 : 65535;
1279 : 65535;
1280 : 65535;
1281 : 65535;
1282 : 65535;
1283 : 65535;
1284 : 65535;
1285 : 65535;
1286 : 65535;
1287 : 65535;
1288 : 65535;
1289 : 65535;
1290 : 65535;
1291 : 65535;
1292 : 65535;
1293 : 65535;
1294 : 65535;
1295 : 65535;
1296 : 65535;
1297 : 65535;
1298 : 65535;
1299 : 65535;
1300 : 65470;
1301 : 46550;
1302 : 38161;
1303 : 38258;
1304 : 31886;
1305 : 29742;
1306 : 52825;
1307 : 65535;
1308 : 65535;
1309 : 65535;
1310 : 65535;
1311 : 65535;
1312 : 65535;
1313 : 65535;
1314 : 65535;
1315 : 65535;
1316 : 65535;
1317 : 65535;
1318 : 65535;
1319 : 65535;
1320 : 65535;
1321 : 65535;
1322 : 65535;
1323 : 65535;
1324 : 65535;
1325 : 65535;
1326 : 65535;
1327 : 65535;
1328 : 65535;
1329 : 65535;
1330 : 65535;
1331 : 65535;
1332 : 65535;
1333 : 65535;
1334 : 65535;
1335 : 65535;
1336 : 65535;
1337 : 65535;
1338 : 65535;
1339 : 65535;
1340 : 65535;
1341 : 65535;
1342 : 65535;
1343 : 65535;
1344 : 65535;
1345 : 65535;
1346 : 65535;
1347 : 65535;
1348 : 65535;
1349 : 65535;
1350 : 65535;
1351 : 65535;
1352 : 61277;
1353 : 36017;
1354 : 21258;
1355 : 35953;
1356 : 65535;
1357 : 65535;
1358 : 65535;
1359 : 65535;
1360 : 65535;
1361 : 65535;
1362 : 65535;
1363 : 65535;
1364 : 65535;
1365 : 65535;
1366 : 65535;
1367 : 65535;
1368 : 65535;
1369 : 65535;
1370 : 65535;
1371 : 65535;
1372 : 65535;
1373 : 65535;
1374 : 65535;
1375 : 65535;
1376 : 65535;
1377 : 65535;
1378 : 65535;
1379 : 65535;
1380 : 54938;
1381 : 19178;
1382 : 25904;
1383 : 32371;
1384 : 30259;
1385 : 30259;
1386 : 30259;
1387 : 32339;
1388 : 28082;
1389 : 19436;
1390 : 23726;
1391 : 32339;
1392 : 30259;
1393 : 30259;
1394 : 30259;
1395 : 30194;
1396 : 31888;
1397 : 65503;
1398 : 65535;
1399 : 65535;
1400 : 65535;
1401 : 65535;
1402 : 65535;
1403 : 65535;
1404 : 65535;
1405 : 65535;
1406 : 65535;
1407 : 65535;
1408 : 65535;
1409 : 65535;
1410 : 65535;
1411 : 65535;
1412 : 65535;
1413 : 65535;
1414 : 65535;
1415 : 65535;
1416 : 65535;
1417 : 65535;
1418 : 65535;
1419 : 65535;
1420 : 65535;
1421 : 65535;
1422 : 65535;
1423 : 65535;
1424 : 65535;
1425 : 65535;
1426 : 65535;
1427 : 52857;
1428 : 33936;
1429 : 40402;
1430 : 40403;
1431 : 31887;
1432 : 36177;
1433 : 40211;
1434 : 65535;
1435 : 65535;
1436 : 65535;
1437 : 65535;
1438 : 65535;
1439 : 65535;
1440 : 65535;
1441 : 65535;
1442 : 65535;
1443 : 65535;
1444 : 65535;
1445 : 65535;
1446 : 65535;
1447 : 65535;
1448 : 65535;
1449 : 65535;
1450 : 65535;
1451 : 65535;
1452 : 65535;
1453 : 65535;
1454 : 65535;
1455 : 65535;
1456 : 65535;
1457 : 65535;
1458 : 65535;
1459 : 65535;
1460 : 65535;
1461 : 65535;
1462 : 65535;
1463 : 65535;
1464 : 65535;
1465 : 65535;
1466 : 65535;
1467 : 65535;
1468 : 65535;
1469 : 65535;
1470 : 65535;
1471 : 65535;
1472 : 65535;
1473 : 65535;
1474 : 65535;
1475 : 65535;
1476 : 65535;
1477 : 65535;
1478 : 65535;
1479 : 61309;
1480 : 33936;
1481 : 38289;
1482 : 31887;
1483 : 36017;
1484 : 65535;
1485 : 65535;
1486 : 65535;
1487 : 65535;
1488 : 65535;
1489 : 65535;
1490 : 65535;
1491 : 65535;
1492 : 65535;
1493 : 65535;
1494 : 65535;
1495 : 65535;
1496 : 65535;
1497 : 65535;
1498 : 65535;
1499 : 65535;
1500 : 65535;
1501 : 65535;
1502 : 65535;
1503 : 65535;
1504 : 65535;
1505 : 65535;
1506 : 65535;
1507 : 50712;
1508 : 17130;
1509 : 28081;
1510 : 32371;
1511 : 30259;
1512 : 30259;
1513 : 30259;
1514 : 32371;
1515 : 23758;
1516 : 17226;
1517 : 28049;
1518 : 32371;
1519 : 30259;
1520 : 30259;
1521 : 32339;
1522 : 34420;
1523 : 27888;
1524 : 57019;
1525 : 65535;
1526 : 65535;
1527 : 65535;
1528 : 65535;
1529 : 65535;
1530 : 65535;
1531 : 65535;
1532 : 65535;
1533 : 65535;
1534 : 65535;
1535 : 65535;
1536 : 65535;
1537 : 65535;
1538 : 65535;
1539 : 65535;
1540 : 65535;
1541 : 65535;
1542 : 65535;
1543 : 65535;
1544 : 65535;
1545 : 65535;
1546 : 65535;
1547 : 65535;
1548 : 65535;
1549 : 65535;
1550 : 65535;
1551 : 65535;
1552 : 65535;
1553 : 59164;
1554 : 40211;
1555 : 36145;
1556 : 44726;
1557 : 36145;
1558 : 31886;
1559 : 44693;
1560 : 31823;
1561 : 63390;
1562 : 65535;
1563 : 65535;
1564 : 65535;
1565 : 65535;
1566 : 65535;
1567 : 65535;
1568 : 65535;
1569 : 65535;
1570 : 65535;
1571 : 65535;
1572 : 65535;
1573 : 65535;
1574 : 65535;
1575 : 65535;
1576 : 65535;
1577 : 65535;
1578 : 65535;
1579 : 65535;
1580 : 65535;
1581 : 65535;
1582 : 65535;
1583 : 65535;
1584 : 65535;
1585 : 65535;
1586 : 65535;
1587 : 65535;
1588 : 65535;
1589 : 65535;
1590 : 65535;
1591 : 65535;
1592 : 65535;
1593 : 65535;
1594 : 65535;
1595 : 65535;
1596 : 65535;
1597 : 65535;
1598 : 65535;
1599 : 65535;
1600 : 65535;
1601 : 65535;
1602 : 65535;
1603 : 65535;
1604 : 65535;
1605 : 65535;
1606 : 61309;
1607 : 35985;
1608 : 44660;
1609 : 36145;
1610 : 36177;
1611 : 36017;
1612 : 65535;
1613 : 65535;
1614 : 65535;
1615 : 65535;
1616 : 65535;
1617 : 65535;
1618 : 65535;
1619 : 65535;
1620 : 65535;
1621 : 65535;
1622 : 65535;
1623 : 65535;
1624 : 65535;
1625 : 65535;
1626 : 65535;
1627 : 65535;
1628 : 65535;
1629 : 65535;
1630 : 65535;
1631 : 65535;
1632 : 65535;
1633 : 65535;
1634 : 42260;
1635 : 17194;
1636 : 28146;
1637 : 32339;
1638 : 30259;
1639 : 30259;
1640 : 30259;
1641 : 32339;
1642 : 21614;
1643 : 17291;
1644 : 30227;
1645 : 30291;
1646 : 32307;
1647 : 34388;
1648 : 36468;
1649 : 34420;
1650 : 32275;
1651 : 27630;
1652 : 65535;
1653 : 65535;
1654 : 65535;
1655 : 65535;
1656 : 65535;
1657 : 65535;
1658 : 65535;
1659 : 65535;
1660 : 65535;
1661 : 65535;
1662 : 65535;
1663 : 65535;
1664 : 65535;
1665 : 65535;
1666 : 65535;
1667 : 65535;
1668 : 65535;
1669 : 65535;
1670 : 65535;
1671 : 65535;
1672 : 65535;
1673 : 65535;
1674 : 65535;
1675 : 65535;
1676 : 65535;
1677 : 65535;
1678 : 65535;
1679 : 65503;
1680 : 44405;
1681 : 31887;
1682 : 40532;
1683 : 44758;
1684 : 27694;
1685 : 31984;
1686 : 46870;
1687 : 31887;
1688 : 57019;
1689 : 65535;
1690 : 65535;
1691 : 65535;
1692 : 65535;
1693 : 65535;
1694 : 65535;
1695 : 65535;
1696 : 65535;
1697 : 65535;
1698 : 65535;
1699 : 65535;
1700 : 65535;
1701 : 65535;
1702 : 65535;
1703 : 65535;
1704 : 65535;
1705 : 65535;
1706 : 65535;
1707 : 65535;
1708 : 65535;
1709 : 65535;
1710 : 65535;
1711 : 65535;
1712 : 65535;
1713 : 65535;
1714 : 65535;
1715 : 65535;
1716 : 65535;
1717 : 65535;
1718 : 65535;
1719 : 65535;
1720 : 65535;
1721 : 65535;
1722 : 65535;
1723 : 65535;
1724 : 65535;
1725 : 65535;
1726 : 65535;
1727 : 65535;
1728 : 65535;
1729 : 65535;
1730 : 65535;
1731 : 65535;
1732 : 65535;
1733 : 61277;
1734 : 31823;
1735 : 42548;
1736 : 48886;
1737 : 29806;
1738 : 44628;
1739 : 38098;
1740 : 65535;
1741 : 65535;
1742 : 65535;
1743 : 65535;
1744 : 65535;
1745 : 65535;
1746 : 65535;
1747 : 65535;
1748 : 65535;
1749 : 65535;
1750 : 65535;
1751 : 65535;
1752 : 65535;
1753 : 65535;
1754 : 65535;
1755 : 65535;
1756 : 65535;
1757 : 65535;
1758 : 65535;
1759 : 65535;
1760 : 57083;
1761 : 27533;
1762 : 19468;
1763 : 30291;
1764 : 30291;
1765 : 30259;
1766 : 30259;
1767 : 30259;
1768 : 30291;
1769 : 21581;
1770 : 21614;
1771 : 32339;
1772 : 32340;
1773 : 34388;
1774 : 36468;
1775 : 38517;
1776 : 38517;
1777 : 38581;
1778 : 30001;
1779 : 38034;
1780 : 65535;
1781 : 65535;
1782 : 65535;
1783 : 65535;
1784 : 65535;
1785 : 65535;
1786 : 65535;
1787 : 65535;
1788 : 65535;
1789 : 65535;
1790 : 65535;
1791 : 65535;
1792 : 65535;
1793 : 65535;
1794 : 65535;
1795 : 65535;
1796 : 65535;
1797 : 65535;
1798 : 65535;
1799 : 65535;
1800 : 65535;
1801 : 65535;
1802 : 65535;
1803 : 65535;
1804 : 65535;
1805 : 65535;
1806 : 57083;
1807 : 33936;
1808 : 34162;
1809 : 44790;
1810 : 42645;
1811 : 25613;
1812 : 36210;
1813 : 44823;
1814 : 32049;
1815 : 44470;
1816 : 65535;
1817 : 65535;
1818 : 65535;
1819 : 65535;
1820 : 65535;
1821 : 65535;
1822 : 65535;
1823 : 65535;
1824 : 65535;
1825 : 65535;
1826 : 65535;
1827 : 65535;
1828 : 65535;
1829 : 65535;
1830 : 65535;
1831 : 65535;
1832 : 65535;
1833 : 65535;
1834 : 65535;
1835 : 65535;
1836 : 65535;
1837 : 65535;
1838 : 65535;
1839 : 65535;
1840 : 65535;
1841 : 65535;
1842 : 65535;
1843 : 65535;
1844 : 65535;
1845 : 65535;
1846 : 65535;
1847 : 65535;
1848 : 65535;
1849 : 65535;
1850 : 65535;
1851 : 65535;
1852 : 65535;
1853 : 65535;
1854 : 65535;
1855 : 65535;
1856 : 65535;
1857 : 65535;
1858 : 65535;
1859 : 65535;
1860 : 61277;
1861 : 29710;
1862 : 40468;
1863 : 48919;
1864 : 40403;
1865 : 34032;
1866 : 44693;
1867 : 36017;
1868 : 65535;
1869 : 65535;
1870 : 65535;
1871 : 65535;
1872 : 65535;
1873 : 65535;
1874 : 65535;
1875 : 65535;
1876 : 65535;
1877 : 65535;
1878 : 65535;
1879 : 65535;
1880 : 65535;
1881 : 65535;
1882 : 65535;
1883 : 65535;
1884 : 65535;
1885 : 65535;
1886 : 63390;
1887 : 42292;
1888 : 21420;
1889 : 25936;
1890 : 32372;
1891 : 30259;
1892 : 30259;
1893 : 30259;
1894 : 30291;
1895 : 30227;
1896 : 21581;
1897 : 25872;
1898 : 34420;
1899 : 36469;
1900 : 38517;
1901 : 38549;
1902 : 40597;
1903 : 40598;
1904 : 40630;
1905 : 42710;
1906 : 27758;
1907 : 48631;
1908 : 65535;
1909 : 65535;
1910 : 65535;
1911 : 65535;
1912 : 65535;
1913 : 65535;
1914 : 65535;
1915 : 65535;
1916 : 65535;
1917 : 65535;
1918 : 65535;
1919 : 65535;
1920 : 65535;
1921 : 65535;
1922 : 65535;
1923 : 65535;
1924 : 65535;
1925 : 65535;
1926 : 65535;
1927 : 65535;
1928 : 65535;
1929 : 65535;
1930 : 65535;
1931 : 65535;
1932 : 65535;
1933 : 48599;
1934 : 27694;
1935 : 38452;
1936 : 42742;
1937 : 38387;
1938 : 25646;
1939 : 38452;
1940 : 42710;
1941 : 38452;
1942 : 31759;
1943 : 65503;
1944 : 65535;
1945 : 65535;
1946 : 65535;
1947 : 65535;
1948 : 65535;
1949 : 65535;
1950 : 65535;
1951 : 65535;
1952 : 65535;
1953 : 65535;
1954 : 65535;
1955 : 65535;
1956 : 65535;
1957 : 65535;
1958 : 65535;
1959 : 65535;
1960 : 65535;
1961 : 65535;
1962 : 65535;
1963 : 65535;
1964 : 65535;
1965 : 65535;
1966 : 65535;
1967 : 65535;
1968 : 65535;
1969 : 65535;
1970 : 65535;
1971 : 65535;
1972 : 65535;
1973 : 65535;
1974 : 65535;
1975 : 65535;
1976 : 65535;
1977 : 65535;
1978 : 65535;
1979 : 65535;
1980 : 65535;
1981 : 65535;
1982 : 65535;
1983 : 65535;
1984 : 65535;
1985 : 65535;
1986 : 65535;
1987 : 61277;
1988 : 31824;
1989 : 40500;
1990 : 44790;
1991 : 44790;
1992 : 29839;
1993 : 40532;
1994 : 40532;
1995 : 36017;
1996 : 65535;
1997 : 65535;
1998 : 65535;
1999 : 65535;
2000 : 65535;
2001 : 65535;
2002 : 65535;
2003 : 65535;
2004 : 65535;
2005 : 65535;
2006 : 65535;
2007 : 65535;
2008 : 65535;
2009 : 65535;
2010 : 65535;
2011 : 65535;
2012 : 63422;
2013 : 42260;
2014 : 23501;
2015 : 23791;
2016 : 30291;
2017 : 30291;
2018 : 30259;
2019 : 30259;
2020 : 30259;
2021 : 30259;
2022 : 30194;
2023 : 23694;
2024 : 32146;
2025 : 38581;
2026 : 40597;
2027 : 40597;
2028 : 40630;
2029 : 40630;
2030 : 40630;
2031 : 40630;
2032 : 40630;
2033 : 42710;
2034 : 25581;
2035 : 57051;
2036 : 65535;
2037 : 65535;
2038 : 65535;
2039 : 65535;
2040 : 65535;
2041 : 65535;
2042 : 65535;
2043 : 65535;
2044 : 65535;
2045 : 65535;
2046 : 65535;
2047 : 65535;
2048 : 65535;
2049 : 65535;
2050 : 65535;
2051 : 65535;
2052 : 65535;
2053 : 65535;
2054 : 65535;
2055 : 65535;
2056 : 65535;
2057 : 65535;
2058 : 65535;
2059 : 63390;
2060 : 38098;
2061 : 29871;
2062 : 40630;
2063 : 42742;
2064 : 34194;
2065 : 27694;
2066 : 40533;
2067 : 42710;
2068 : 42710;
2069 : 27758;
2070 : 54938;
2071 : 65535;
2072 : 65535;
2073 : 65535;
2074 : 65535;
2075 : 65535;
2076 : 65535;
2077 : 65535;
2078 : 65535;
2079 : 65535;
2080 : 65535;
2081 : 65535;
2082 : 65535;
2083 : 65535;
2084 : 65535;
2085 : 65535;
2086 : 65535;
2087 : 65535;
2088 : 65535;
2089 : 65535;
2090 : 65535;
2091 : 65535;
2092 : 65535;
2093 : 65535;
2094 : 65535;
2095 : 65535;
2096 : 65535;
2097 : 65535;
2098 : 65535;
2099 : 65535;
2100 : 65535;
2101 : 65535;
2102 : 65535;
2103 : 65535;
2104 : 65535;
2105 : 65535;
2106 : 65535;
2107 : 65535;
2108 : 65535;
2109 : 65535;
2110 : 65535;
2111 : 65535;
2112 : 65535;
2113 : 65535;
2114 : 57051;
2115 : 31823;
2116 : 40500;
2117 : 44790;
2118 : 44758;
2119 : 40468;
2120 : 31952;
2121 : 44791;
2122 : 40532;
2123 : 38098;
2124 : 65535;
2125 : 65535;
2126 : 65535;
2127 : 65535;
2128 : 65535;
2129 : 65535;
2130 : 65535;
2131 : 65535;
2132 : 65535;
2133 : 65535;
2134 : 65535;
2135 : 65535;
2136 : 65535;
2137 : 65535;
2138 : 65535;
2139 : 48631;
2140 : 25549;
2141 : 21646;
2142 : 30259;
2143 : 32339;
2144 : 32307;
2145 : 32339;
2146 : 32340;
2147 : 34388;
2148 : 34388;
2149 : 36436;
2150 : 29968;
2151 : 38452;
2152 : 42710;
2153 : 40630;
2154 : 42678;
2155 : 40630;
2156 : 40630;
2157 : 40630;
2158 : 40630;
2159 : 40630;
2160 : 40630;
2161 : 42710;
2162 : 25581;
2163 : 61277;
2164 : 65535;
2165 : 65535;
2166 : 65535;
2167 : 65535;
2168 : 65535;
2169 : 65535;
2170 : 65535;
2171 : 65535;
2172 : 65535;
2173 : 65535;
2174 : 65535;
2175 : 65535;
2176 : 65535;
2177 : 65535;
2178 : 65535;
2179 : 65535;
2180 : 65535;
2181 : 65535;
2182 : 65535;
2183 : 65535;
2184 : 65535;
2185 : 65535;
2186 : 54938;
2187 : 29710;
2188 : 34194;
2189 : 42710;
2190 : 42710;
2191 : 34162;
2192 : 27758;
2193 : 40630;
2194 : 40630;
2195 : 42678;
2196 : 36372;
2197 : 33872;
2198 : 65535;
2199 : 65535;
2200 : 65535;
2201 : 65535;
2202 : 65471;
2203 : 59164;
2204 : 54938;
2205 : 46518;
2206 : 33872;
2207 : 36017;
2208 : 38130;
2209 : 38163;
2210 : 42356;
2211 : 44437;
2212 : 50744;
2213 : 61277;
2214 : 65535;
2215 : 65535;
2216 : 65535;
2217 : 65535;
2218 : 65535;
2219 : 65535;
2220 : 65535;
2221 : 65535;
2222 : 65535;
2223 : 65535;
2224 : 65535;
2225 : 65535;
2226 : 65535;
2227 : 65535;
2228 : 65535;
2229 : 65535;
2230 : 65535;
2231 : 65535;
2232 : 65535;
2233 : 65535;
2234 : 65535;
2235 : 65535;
2236 : 65535;
2237 : 65535;
2238 : 65535;
2239 : 65535;
2240 : 65535;
2241 : 50712;
2242 : 34065;
2243 : 42645;
2244 : 44758;
2245 : 44758;
2246 : 44790;
2247 : 31951;
2248 : 40500;
2249 : 42710;
2250 : 38420;
2251 : 38098;
2252 : 65535;
2253 : 65535;
2254 : 65535;
2255 : 65535;
2256 : 65535;
2257 : 65535;
2258 : 65535;
2259 : 65535;
2260 : 65535;
2261 : 65535;
2262 : 65535;
2263 : 65535;
2264 : 65535;
2265 : 57051;
2266 : 31791;
2267 : 21516;
2268 : 30226;
2269 : 32372;
2270 : 34388;
2271 : 36468;
2272 : 36469;
2273 : 38517;
2274 : 40597;
2275 : 40597;
2276 : 40630;
2277 : 40597;
2278 : 42678;
2279 : 40630;
2280 : 40630;
2281 : 40630;
2282 : 40630;
2283 : 40630;
2284 : 40630;
2285 : 40630;
2286 : 40630;
2287 : 40630;
2288 : 40630;
2289 : 40630;
2290 : 29742;
2291 : 63390;
2292 : 65535;
2293 : 65535;
2294 : 65535;
2295 : 65535;
2296 : 65535;
2297 : 65535;
2298 : 65535;
2299 : 65535;
2300 : 65535;
2301 : 65535;
2302 : 65535;
2303 : 65535;
2304 : 65535;
2305 : 65535;
2306 : 65535;
2307 : 65535;
2308 : 65535;
2309 : 65535;
2310 : 65535;
2311 : 65535;
2312 : 65535;
2313 : 44405;
2314 : 17033;
2315 : 38485;
2316 : 42710;
2317 : 42678;
2318 : 34162;
2319 : 27791;
2320 : 42678;
2321 : 40630;
2322 : 40630;
2323 : 42743;
2324 : 25613;
2325 : 50744;
2326 : 65535;
2327 : 65535;
2328 : 54938;
2329 : 36018;
2330 : 29775;
2331 : 34065;
2332 : 36275;
2333 : 36307;
2334 : 38452;
2335 : 38484;
2336 : 38517;
2337 : 38517;
2338 : 38484;
2339 : 36371;
2340 : 34194;
2341 : 34065;
2342 : 40276;
2343 : 57083;
2344 : 65535;
2345 : 65535;
2346 : 65535;
2347 : 65535;
2348 : 65535;
2349 : 65535;
2350 : 65535;
2351 : 65535;
2352 : 65535;
2353 : 65535;
2354 : 65535;
2355 : 65535;
2356 : 65535;
2357 : 65535;
2358 : 65535;
2359 : 65535;
2360 : 65535;
2361 : 65535;
2362 : 65535;
2363 : 65535;
2364 : 65535;
2365 : 65535;
2366 : 65535;
2367 : 61277;
2368 : 38163;
2369 : 36210;
2370 : 44758;
2371 : 44758;
2372 : 42678;
2373 : 44758;
2374 : 36242;
2375 : 32016;
2376 : 42710;
2377 : 42678;
2378 : 36339;
2379 : 40179;
2380 : 65535;
2381 : 65535;
2382 : 65535;
2383 : 65535;
2384 : 65535;
2385 : 65535;
2386 : 65535;
2387 : 65535;
2388 : 65535;
2389 : 65535;
2390 : 65535;
2391 : 63422;
2392 : 35985;
2393 : 21387;
2394 : 32177;
2395 : 36500;
2396 : 34420;
2397 : 36469;
2398 : 38549;
2399 : 40597;
2400 : 40630;
2401 : 40630;
2402 : 42678;
2403 : 40630;
2404 : 40630;
2405 : 40630;
2406 : 40630;
2407 : 40630;
2408 : 40630;
2409 : 40630;
2410 : 40630;
2411 : 40630;
2412 : 40630;
2413 : 40630;
2414 : 40630;
2415 : 40630;
2416 : 40630;
2417 : 40597;
2418 : 29743;
2419 : 65503;
2420 : 65535;
2421 : 65535;
2422 : 65535;
2423 : 65535;
2424 : 65535;
2425 : 65535;
2426 : 65535;
2427 : 65535;
2428 : 65535;
2429 : 65535;
2430 : 65535;
2431 : 65535;
2432 : 65535;
2433 : 65535;
2434 : 65535;
2435 : 65535;
2436 : 65535;
2437 : 65535;
2438 : 65535;
2439 : 65535;
2440 : 38066;
2441 : 25613;
2442 : 27758;
2443 : 42710;
2444 : 40630;
2445 : 40565;
2446 : 32016;
2447 : 40630;
2448 : 42678;
2449 : 42710;
2450 : 40597;
2451 : 36274;
2452 : 33904;
2453 : 65503;
2454 : 52792;
2455 : 31759;
2456 : 27758;
2457 : 36307;
2458 : 40629;
2459 : 42710;
2460 : 42678;
2461 : 42678;
2462 : 42678;
2463 : 40630;
2464 : 40630;
2465 : 40630;
2466 : 40630;
2467 : 42678;
2468 : 42710;
2469 : 42710;
2470 : 38484;
2471 : 34097;
2472 : 42324;
2473 : 63422;
2474 : 65535;
2475 : 65535;
2476 : 65535;
2477 : 65535;
2478 : 65535;
2479 : 65535;
2480 : 65535;
2481 : 65535;
2482 : 65535;
2483 : 65535;
2484 : 65535;
2485 : 65535;
2486 : 65535;
2487 : 65535;
2488 : 65535;
2489 : 65535;
2490 : 65535;
2491 : 65535;
2492 : 65535;
2493 : 65535;
2494 : 50744;
2495 : 29775;
2496 : 38420;
2497 : 42710;
2498 : 40630;
2499 : 42678;
2500 : 42678;
2501 : 40565;
2502 : 25613;
2503 : 40597;
2504 : 40630;
2505 : 42678;
2506 : 36307;
2507 : 38099;
2508 : 65535;
2509 : 65535;
2510 : 65535;
2511 : 65535;
2512 : 65535;
2513 : 65535;
2514 : 65535;
2515 : 65535;
2516 : 65535;
2517 : 65535;
2518 : 59196;
2519 : 21162;
2520 : 25710;
2521 : 38548;
2522 : 38549;
2523 : 38549;
2524 : 40597;
2525 : 40630;
2526 : 42678;
2527 : 40630;
2528 : 40630;
2529 : 40630;
2530 : 38484;
2531 : 36307;
2532 : 42678;
2533 : 40630;
2534 : 40630;
2535 : 40630;
2536 : 40630;
2537 : 40630;
2538 : 40630;
2539 : 40630;
2540 : 40630;
2541 : 40630;
2542 : 40630;
2543 : 40630;
2544 : 40630;
2545 : 38484;
2546 : 31824;
2547 : 65535;
2548 : 65535;
2549 : 65535;
2550 : 65535;
2551 : 65535;
2552 : 65535;
2553 : 65535;
2554 : 65535;
2555 : 65535;
2556 : 65535;
2557 : 65535;
2558 : 65535;
2559 : 65535;
2560 : 65535;
2561 : 65535;
2562 : 65535;
2563 : 65535;
2564 : 65535;
2565 : 65535;
2566 : 65535;
2567 : 40179;
2568 : 23597;
2569 : 36436;
2570 : 29904;
2571 : 42710;
2572 : 42678;
2573 : 40629;
2574 : 42678;
2575 : 42678;
2576 : 40565;
2577 : 34097;
2578 : 40308;
2579 : 52857;
2580 : 61309;
2581 : 38066;
2582 : 27759;
2583 : 38484;
2584 : 42710;
2585 : 42678;
2586 : 40630;
2587 : 40630;
2588 : 40630;
2589 : 40630;
2590 : 40630;
2591 : 40630;
2592 : 40630;
2593 : 40630;
2594 : 40630;
2595 : 40630;
2596 : 40629;
2597 : 40629;
2598 : 40630;
2599 : 42710;
2600 : 36307;
2601 : 33937;
2602 : 61245;
2603 : 65535;
2604 : 65535;
2605 : 65535;
2606 : 65535;
2607 : 65535;
2608 : 65535;
2609 : 65535;
2610 : 65535;
2611 : 65535;
2612 : 65535;
2613 : 65535;
2614 : 65535;
2615 : 65535;
2616 : 65535;
2617 : 65535;
2618 : 65535;
2619 : 65535;
2620 : 61309;
2621 : 38066;
2622 : 29871;
2623 : 40597;
2624 : 42678;
2625 : 40630;
2626 : 40630;
2627 : 40630;
2628 : 42710;
2629 : 29871;
2630 : 34194;
2631 : 42710;
2632 : 40630;
2633 : 42678;
2634 : 36307;
2635 : 40211;
2636 : 65535;
2637 : 65535;
2638 : 65535;
2639 : 65535;
2640 : 65535;
2641 : 65535;
2642 : 65535;
2643 : 65535;
2644 : 65535;
2645 : 65535;
2646 : 44405;
2647 : 15016;
2648 : 36403;
2649 : 42677;
2650 : 44726;
2651 : 42678;
2652 : 40630;
2653 : 40630;
2654 : 40630;
2655 : 40630;
2656 : 40630;
2657 : 42710;
2658 : 34129;
2659 : 36307;
2660 : 42710;
2661 : 40630;
2662 : 40630;
2663 : 40630;
2664 : 40630;
2665 : 40630;
2666 : 40630;
2667 : 40630;
2668 : 40630;
2669 : 40630;
2670 : 40630;
2671 : 40630;
2672 : 40630;
2673 : 38484;
2674 : 33904;
2675 : 65535;
2676 : 65535;
2677 : 65535;
2678 : 65535;
2679 : 65535;
2680 : 65535;
2681 : 65535;
2682 : 65535;
2683 : 65535;
2684 : 65535;
2685 : 65535;
2686 : 65535;
2687 : 65535;
2688 : 65535;
2689 : 65535;
2690 : 65535;
2691 : 65535;
2692 : 65535;
2693 : 65535;
2694 : 48599;
2695 : 21516;
2696 : 36501;
2697 : 34291;
2698 : 27887;
2699 : 38517;
2700 : 34226;
2701 : 40630;
2702 : 40630;
2703 : 36307;
2704 : 17032;
2705 : 42292;
2706 : 61277;
2707 : 61277;
2708 : 27533;
2709 : 32016;
2710 : 42710;
2711 : 40630;
2712 : 40630;
2713 : 40630;
2714 : 40630;
2715 : 40630;
2716 : 40630;
2717 : 40630;
2718 : 40630;
2719 : 40630;
2720 : 40630;
2721 : 40630;
2722 : 40630;
2723 : 40630;
2724 : 40630;
2725 : 40630;
2726 : 40630;
2727 : 40630;
2728 : 42710;
2729 : 36371;
2730 : 29711;
2731 : 63390;
2732 : 65535;
2733 : 65535;
2734 : 65535;
2735 : 65535;
2736 : 65535;
2737 : 65535;
2738 : 65535;
2739 : 65535;
2740 : 65535;
2741 : 65535;
2742 : 65535;
2743 : 65535;
2744 : 65535;
2745 : 65535;
2746 : 65535;
2747 : 46486;
2748 : 25517;
2749 : 34226;
2750 : 42710;
2751 : 40630;
2752 : 40630;
2753 : 40630;
2754 : 40630;
2755 : 42710;
2756 : 36307;
2757 : 29936;
2758 : 42710;
2759 : 40630;
2760 : 40630;
2761 : 42678;
2762 : 34258;
2763 : 42324;
2764 : 65535;
2765 : 65535;
2766 : 65535;
2767 : 65535;
2768 : 65535;
2769 : 65535;
2770 : 65535;
2771 : 65535;
2772 : 65535;
2773 : 65535;
2774 : 40243;
2775 : 36274;
2776 : 29806;
2777 : 44758;
2778 : 44726;
2779 : 40630;
2780 : 40630;
2781 : 40630;
2782 : 40630;
2783 : 40630;
2784 : 40630;
2785 : 42678;
2786 : 27758;
2787 : 40533;
2788 : 40630;
2789 : 40630;
2790 : 40630;
2791 : 40630;
2792 : 40630;
2793 : 40630;
2794 : 40630;
2795 : 40630;
2796 : 40630;
2797 : 40630;
2798 : 40630;
2799 : 40630;
2800 : 40630;
2801 : 38452;
2802 : 33872;
2803 : 65535;
2804 : 65535;
2805 : 65535;
2806 : 65535;
2807 : 65535;
2808 : 65535;
2809 : 65535;
2810 : 65535;
2811 : 65535;
2812 : 65535;
2813 : 65535;
2814 : 65535;
2815 : 65535;
2816 : 65535;
2817 : 65535;
2818 : 65535;
2819 : 65535;
2820 : 65535;
2821 : 65503;
2822 : 27662;
2823 : 30259;
2824 : 34420;
2825 : 34291;
2826 : 27888;
2827 : 27888;
2828 : 32210;
2829 : 36468;
2830 : 36468;
2831 : 36436;
2832 : 32210;
2833 : 32113;
2834 : 23500;
2835 : 17000;
2836 : 36307;
2837 : 42710;
2838 : 40630;
2839 : 40630;
2840 : 40630;
2841 : 40630;
2842 : 40630;
2843 : 40630;
2844 : 40630;
2845 : 40630;
2846 : 40630;
2847 : 40630;
2848 : 40630;
2849 : 40630;
2850 : 40630;
2851 : 40630;
2852 : 40630;
2853 : 40630;
2854 : 40630;
2855 : 40630;
2856 : 40630;
2857 : 42710;
2858 : 34194;
2859 : 38131;
2860 : 65535;
2861 : 65535;
2862 : 65535;
2863 : 65535;
2864 : 65535;
2865 : 65535;
2866 : 65535;
2867 : 65535;
2868 : 65535;
2869 : 65535;
2870 : 65535;
2871 : 65535;
2872 : 65535;
2873 : 61309;
2874 : 31792;
2875 : 21452;
2876 : 36436;
2877 : 40629;
2878 : 42678;
2879 : 40630;
2880 : 40630;
2881 : 40630;
2882 : 40630;
2883 : 40565;
2884 : 29871;
2885 : 40597;
2886 : 40630;
2887 : 40630;
2888 : 42678;
2889 : 42742;
2890 : 32081;
2891 : 42324;
2892 : 65535;
2893 : 65535;
2894 : 65535;
2895 : 65535;
2896 : 65535;
2897 : 65535;
2898 : 65535;
2899 : 65535;
2900 : 65535;
2901 : 65535;
2902 : 36017;
2903 : 42678;
2904 : 36210;
2905 : 36177;
2906 : 44758;
2907 : 40629;
2908 : 40630;
2909 : 40630;
2910 : 40630;
2911 : 40630;
2912 : 40630;
2913 : 40597;
2914 : 23532;
2915 : 40597;
2916 : 40630;
2917 : 40630;
2918 : 40630;
2919 : 40630;
2920 : 40630;
2921 : 40630;
2922 : 40630;
2923 : 40630;
2924 : 40630;
2925 : 40630;
2926 : 40630;
2927 : 40630;
2928 : 40630;
2929 : 38452;
2930 : 33872;
2931 : 65535;
2932 : 65535;
2933 : 65535;
2934 : 65535;
2935 : 65535;
2936 : 65535;
2937 : 65535;
2938 : 65535;
2939 : 65535;
2940 : 65535;
2941 : 65535;
2942 : 65535;
2943 : 65535;
2944 : 65535;
2945 : 65535;
2946 : 65535;
2947 : 65535;
2948 : 65535;
2949 : 65535;
2950 : 29711;
2951 : 28081;
2952 : 32339;
2953 : 34420;
2954 : 25807;
2955 : 25742;
2956 : 34452;
2957 : 34388;
2958 : 34388;
2959 : 34388;
2960 : 34420;
2961 : 30227;
2962 : 17226;
2963 : 36307;
2964 : 42742;
2965 : 42710;
2966 : 42710;
2967 : 42710;
2968 : 42710;
2969 : 42710;
2970 : 42678;
2971 : 40630;
2972 : 40630;
2973 : 40630;
2974 : 40630;
2975 : 40630;
2976 : 40630;
2977 : 40630;
2978 : 40630;
2979 : 40630;
2980 : 40630;
2981 : 40630;
2982 : 40630;
2983 : 40630;
2984 : 40630;
2985 : 40597;
2986 : 40630;
2987 : 27759;
2988 : 57083;
2989 : 65535;
2990 : 65535;
2991 : 65535;
2992 : 65535;
2993 : 65535;
2994 : 65535;
2995 : 65535;
2996 : 65535;
2997 : 65535;
2998 : 65535;
2999 : 65535;
3000 : 50712;
3001 : 23436;
3002 : 25839;
3003 : 36501;
3004 : 36501;
3005 : 36469;
3006 : 40597;
3007 : 40630;
3008 : 40630;
3009 : 42678;
3010 : 42678;
3011 : 29871;
3012 : 38420;
3013 : 42710;
3014 : 42710;
3015 : 40597;
3016 : 36339;
3017 : 32049;
3018 : 19242;
3019 : 46486;
3020 : 65535;
3021 : 65535;
3022 : 65535;
3023 : 65535;
3024 : 65535;
3025 : 65535;
3026 : 65535;
3027 : 65535;
3028 : 65535;
3029 : 65535;
3030 : 31824;
3031 : 42678;
3032 : 44758;
3033 : 27694;
3034 : 38484;
3035 : 40630;
3036 : 40597;
3037 : 40630;
3038 : 40630;
3039 : 40630;
3040 : 40630;
3041 : 40565;
3042 : 23532;
3043 : 42678;
3044 : 40630;
3045 : 40630;
3046 : 40630;
3047 : 40630;
3048 : 40630;
3049 : 40630;
3050 : 40630;
3051 : 40630;
3052 : 40630;
3053 : 40630;
3054 : 40630;
3055 : 40630;
3056 : 40630;
3057 : 40565;
3058 : 29711;
3059 : 65535;
3060 : 65535;
3061 : 65535;
3062 : 65535;
3063 : 65535;
3064 : 65535;
3065 : 65535;
3066 : 65535;
3067 : 65535;
3068 : 65535;
3069 : 65535;
3070 : 65535;
3071 : 65535;
3072 : 65535;
3073 : 65535;
3074 : 65535;
3075 : 63422;
3076 : 54970;
3077 : 57083;
3078 : 42260;
3079 : 19468;
3080 : 32372;
3081 : 32339;
3082 : 17258;
3083 : 30162;
3084 : 34388;
3085 : 34388;
3086 : 32339;
3087 : 32307;
3088 : 30291;
3089 : 21484;
3090 : 38387;
3091 : 40629;
3092 : 36339;
3093 : 34162;
3094 : 32049;
3095 : 32017;
3096 : 32016;
3097 : 32081;
3098 : 36371;
3099 : 42710;
3100 : 42678;
3101 : 40630;
3102 : 40630;
3103 : 40630;
3104 : 40630;
3105 : 40630;
3106 : 40630;
3107 : 40630;
3108 : 40630;
3109 : 40630;
3110 : 40630;
3111 : 40630;
3112 : 40597;
3113 : 36469;
3114 : 36469;
3115 : 32210;
3116 : 40244;
3117 : 65535;
3118 : 65535;
3119 : 65535;
3120 : 65535;
3121 : 65535;
3122 : 65535;
3123 : 65535;
3124 : 65535;
3125 : 65535;
3126 : 65535;
3127 : 63390;
3128 : 21291;
3129 : 28114;
3130 : 32372;
3131 : 34388;
3132 : 36469;
3133 : 36469;
3134 : 38517;
3135 : 40630;
3136 : 42678;
3137 : 42710;
3138 : 31984;
3139 : 34129;
3140 : 42742;
3141 : 38484;
3142 : 34194;
3143 : 32081;
3144 : 34162;
3145 : 40565;
3146 : 29871;
3147 : 50744;
3148 : 65535;
3149 : 65535;
3150 : 65535;
3151 : 65535;
3152 : 65535;
3153 : 65535;
3154 : 65535;
3155 : 65535;
3156 : 65535;
3157 : 65503;
3158 : 29711;
3159 : 42678;
3160 : 44758;
3161 : 38387;
3162 : 29936;
3163 : 42710;
3164 : 40630;
3165 : 40630;
3166 : 40630;
3167 : 40630;
3168 : 42678;
3169 : 40533;
3170 : 23532;
3171 : 42678;
3172 : 40630;
3173 : 40630;
3174 : 40630;
3175 : 40630;
3176 : 40630;
3177 : 40630;
3178 : 40630;
3179 : 40630;
3180 : 40630;
3181 : 40630;
3182 : 40630;
3183 : 40630;
3184 : 40630;
3185 : 40597;
3186 : 27630;
3187 : 65503;
3188 : 65535;
3189 : 65535;
3190 : 65535;
3191 : 65535;
3192 : 65535;
3193 : 65535;
3194 : 65535;
3195 : 65535;
3196 : 65535;
3197 : 65535;
3198 : 65535;
3199 : 65535;
3200 : 65535;
3201 : 65535;
3202 : 65471;
3203 : 31856;
3204 : 25904;
3205 : 28017;
3206 : 25775;
3207 : 21581;
3208 : 32372;
3209 : 25904;
3210 : 21549;
3211 : 32371;
3212 : 30259;
3213 : 30259;
3214 : 30259;
3215 : 30291;
3216 : 25936;
3217 : 31984;
3218 : 29871;
3219 : 42389;
3220 : 50776;
3221 : 57051;
3222 : 57083;
3223 : 57051;
3224 : 54938;
3225 : 48631;
3226 : 36017;
3227 : 27662;
3228 : 38419;
3229 : 42710;
3230 : 42678;
3231 : 40630;
3232 : 40630;
3233 : 40630;
3234 : 40630;
3235 : 40630;
3236 : 40630;
3237 : 40630;
3238 : 40630;
3239 : 40630;
3240 : 38517;
3241 : 36469;
3242 : 36468;
3243 : 34388;
3244 : 31920;
3245 : 65503;
3246 : 65535;
3247 : 65535;
3248 : 65535;
3249 : 65535;
3250 : 65535;
3251 : 65535;
3252 : 65535;
3253 : 61277;
3254 : 63357;
3255 : 65535;
3256 : 48598;
3257 : 23759;
3258 : 32372;
3259 : 34388;
3260 : 34420;
3261 : 36469;
3262 : 36469;
3263 : 38517;
3264 : 40662;
3265 : 29936;
3266 : 29871;
3267 : 38485;
3268 : 32081;
3269 : 34162;
3270 : 38452;
3271 : 40629;
3272 : 40630;
3273 : 40630;
3274 : 25645;
3275 : 54938;
3276 : 65535;
3277 : 65535;
3278 : 65535;
3279 : 65535;
3280 : 65535;
3281 : 65535;
3282 : 65535;
3283 : 65535;
3284 : 65535;
3285 : 65471;
3286 : 25517;
3287 : 40597;
3288 : 40630;
3289 : 42710;
3290 : 32016;
3291 : 36307;
3292 : 42710;
3293 : 40630;
3294 : 40630;
3295 : 40630;
3296 : 42678;
3297 : 38420;
3298 : 25613;
3299 : 42710;
3300 : 40630;
3301 : 40630;
3302 : 40630;
3303 : 40630;
3304 : 40630;
3305 : 40630;
3306 : 40630;
3307 : 40630;
3308 : 40630;
3309 : 40630;
3310 : 40630;
3311 : 40630;
3312 : 40630;
3313 : 40597;
3314 : 27630;
3315 : 65471;
3316 : 65535;
3317 : 65535;
3318 : 65535;
3319 : 65535;
3320 : 65535;
3321 : 65535;
3322 : 65535;
3323 : 65535;
3324 : 65535;
3325 : 65535;
3326 : 65535;
3327 : 65535;
3328 : 65535;
3329 : 65535;
3330 : 46550;
3331 : 23759;
3332 : 32371;
3333 : 30291;
3334 : 30291;
3335 : 32339;
3336 : 32339;
3337 : 19436;
3338 : 28049;
3339 : 30291;
3340 : 30259;
3341 : 30259;
3342 : 30259;
3343 : 30259;
3344 : 23565;
3345 : 23565;
3346 : 31727;
3347 : 65535;
3348 : 65535;
3349 : 65535;
3350 : 65535;
3351 : 65535;
3352 : 65535;
3353 : 65535;
3354 : 65535;
3355 : 59132;
3356 : 29678;
3357 : 32049;
3358 : 40662;
3359 : 40597;
3360 : 40597;
3361 : 40597;
3362 : 40630;
3363 : 40630;
3364 : 40630;
3365 : 40630;
3366 : 42678;
3367 : 40630;
3368 : 36469;
3369 : 34388;
3370 : 32340;
3371 : 34420;
3372 : 27759;
3373 : 61309;
3374 : 65535;
3375 : 65535;
3376 : 65535;
3377 : 65535;
3378 : 65535;
3379 : 65535;
3380 : 50744;
3381 : 23565;
3382 : 27824;
3383 : 36179;
3384 : 44470;
3385 : 17065;
3386 : 28081;
3387 : 32340;
3388 : 34388;
3389 : 34388;
3390 : 36469;
3391 : 36469;
3392 : 25710;
3393 : 19339;
3394 : 36501;
3395 : 34259;
3396 : 36404;
3397 : 38549;
3398 : 36501;
3399 : 36468;
3400 : 34388;
3401 : 34420;
3402 : 23533;
3403 : 59196;
3404 : 65535;
3405 : 65535;
3406 : 65535;
3407 : 65535;
3408 : 65535;
3409 : 65535;
3410 : 65535;
3411 : 65535;
3412 : 65535;
3413 : 65471;
3414 : 27565;
3415 : 40597;
3416 : 40630;
3417 : 40630;
3418 : 38484;
3419 : 25646;
3420 : 42678;
3421 : 40630;
3422 : 40630;
3423 : 40630;
3424 : 42710;
3425 : 36274;
3426 : 25645;
3427 : 42710;
3428 : 40630;
3429 : 40630;
3430 : 40630;
3431 : 40630;
3432 : 40630;
3433 : 40630;
3434 : 40630;
3435 : 40630;
3436 : 40630;
3437 : 40630;
3438 : 40630;
3439 : 40630;
3440 : 40630;
3441 : 40630;
3442 : 27630;
3443 : 63422;
3444 : 65535;
3445 : 65535;
3446 : 65535;
3447 : 65535;
3448 : 65535;
3449 : 65535;
3450 : 65535;
3451 : 65535;
3452 : 65535;
3453 : 65535;
3454 : 65535;
3455 : 65535;
3456 : 65535;
3457 : 65470;
3458 : 27727;
3459 : 30259;
3460 : 30259;
3461 : 30259;
3462 : 30259;
3463 : 30291;
3464 : 25904;
3465 : 15081;
3466 : 30291;
3467 : 30259;
3468 : 30259;
3469 : 30259;
3470 : 30291;
3471 : 25904;
3472 : 15048;
3473 : 23759;
3474 : 50776;
3475 : 65535;
3476 : 65535;
3477 : 65535;
3478 : 65535;
3479 : 65535;
3480 : 65535;
3481 : 65535;
3482 : 65535;
3483 : 65535;
3484 : 61309;
3485 : 23307;
3486 : 32113;
3487 : 38549;
3488 : 36469;
3489 : 36469;
3490 : 38549;
3491 : 40597;
3492 : 40630;
3493 : 40597;
3494 : 38549;
3495 : 38517;
3496 : 34420;
3497 : 34388;
3498 : 34388;
3499 : 34452;
3500 : 25742;
3501 : 57051;
3502 : 65535;
3503 : 65535;
3504 : 65535;
3505 : 65535;
3506 : 65535;
3507 : 40243;
3508 : 23759;
3509 : 30291;
3510 : 30291;
3511 : 30226;
3512 : 28081;
3513 : 23759;
3514 : 25871;
3515 : 32339;
3516 : 34388;
3517 : 34420;
3518 : 32275;
3519 : 23467;
3520 : 10693;
3521 : 32178;
3522 : 36468;
3523 : 36468;
3524 : 34420;
3525 : 34388;
3526 : 34388;
3527 : 32340;
3528 : 32340;
3529 : 32339;
3530 : 23468;
3531 : 63390;
3532 : 65535;
3533 : 65535;
3534 : 65535;
3535 : 65535;
3536 : 65535;
3537 : 65535;
3538 : 65535;
3539 : 65535;
3540 : 65535;
3541 : 65503;
3542 : 25484;
3543 : 40597;
3544 : 40630;
3545 : 40630;
3546 : 42710;
3547 : 31984;
3548 : 32081;
3549 : 42742;
3550 : 40630;
3551 : 40630;
3552 : 42678;
3553 : 36307;
3554 : 29903;
3555 : 42710;
3556 : 40630;
3557 : 40630;
3558 : 40630;
3559 : 40630;
3560 : 40630;
3561 : 40630;
3562 : 40630;
3563 : 40630;
3564 : 40630;
3565 : 40630;
3566 : 40630;
3567 : 40630;
3568 : 40630;
3569 : 40597;
3570 : 25549;
3571 : 63422;
3572 : 65535;
3573 : 65535;
3574 : 65535;
3575 : 65535;
3576 : 65535;
3577 : 65535;
3578 : 65535;
3579 : 65535;
3580 : 65535;
3581 : 65535;
3582 : 65535;
3583 : 65535;
3584 : 65535;
3585 : 50744;
3586 : 25904;
3587 : 30291;
3588 : 30259;
3589 : 30259;
3590 : 30259;
3591 : 32307;
3592 : 15016;
3593 : 19371;
3594 : 32372;
3595 : 30259;
3596 : 30259;
3597 : 30259;
3598 : 32372;
3599 : 21549;
3600 : 23726;
3601 : 25710;
3602 : 61309;
3603 : 65535;
3604 : 65535;
3605 : 65535;
3606 : 65535;
3607 : 65535;
3608 : 65535;
3609 : 65535;
3610 : 65535;
3611 : 65535;
3612 : 65535;
3613 : 54938;
3614 : 12806;
3615 : 36436;
3616 : 36501;
3617 : 36469;
3618 : 36469;
3619 : 36468;
3620 : 36468;
3621 : 36468;
3622 : 36469;
3623 : 36468;
3624 : 34388;
3625 : 34420;
3626 : 34420;
3627 : 34420;
3628 : 25775;
3629 : 57051;
3630 : 65535;
3631 : 65535;
3632 : 65535;
3633 : 63390;
3634 : 27566;
3635 : 23759;
3636 : 30291;
3637 : 30259;
3638 : 30259;
3639 : 30259;
3640 : 30291;
3641 : 30291;
3642 : 30291;
3643 : 30259;
3644 : 30291;
3645 : 27985;
3646 : 19176;
3647 : 25092;
3648 : 23532;
3649 : 34356;
3650 : 34420;
3651 : 34388;
3652 : 32340;
3653 : 32339;
3654 : 32339;
3655 : 32339;
3656 : 32339;
3657 : 28146;
3658 : 27598;
3659 : 65535;
3660 : 65535;
3661 : 65535;
3662 : 65535;
3663 : 65535;
3664 : 65535;
3665 : 65535;
3666 : 65535;
3667 : 65535;
3668 : 65535;
3669 : 65503;
3670 : 25452;
3671 : 40565;
3672 : 40630;
3673 : 40630;
3674 : 40630;
3675 : 40597;
3676 : 25646;
3677 : 34162;
3678 : 42678;
3679 : 42678;
3680 : 42678;
3681 : 38452;
3682 : 32081;
3683 : 42710;
3684 : 40630;
3685 : 40630;
3686 : 40630;
3687 : 40630;
3688 : 40630;
3689 : 40630;
3690 : 40630;
3691 : 40630;
3692 : 40630;
3693 : 40630;
3694 : 40630;
3695 : 40630;
3696 : 40630;
3697 : 40597;
3698 : 23404;
3699 : 63390;
3700 : 65535;
3701 : 65535;
3702 : 65535;
3703 : 65535;
3704 : 65535;
3705 : 65535;
3706 : 65535;
3707 : 65535;
3708 : 65535;
3709 : 65535;
3710 : 65535;
3711 : 65535;
3712 : 65535;
3713 : 36082;
3714 : 28178;
3715 : 30259;
3716 : 30259;
3717 : 30259;
3718 : 30291;
3719 : 28017;
3720 : 14789;
3721 : 25839;
3722 : 30291;
3723 : 30259;
3724 : 30259;
3725 : 30259;
3726 : 30291;
3727 : 28017;
3728 : 28114;
3729 : 29775;
3730 : 65535;
3731 : 65535;
3732 : 65535;
3733 : 65535;
3734 : 65535;
3735 : 65535;
3736 : 65535;
3737 : 65535;
3738 : 65535;
3739 : 65535;
3740 : 65535;
3741 : 61309;
3742 : 27434;
3743 : 25742;
3744 : 36501;
3745 : 36436;
3746 : 34388;
3747 : 34388;
3748 : 34388;
3749 : 34388;
3750 : 34388;
3751 : 34388;
3752 : 34388;
3753 : 34388;
3754 : 34388;
3755 : 32339;
3756 : 21484;
3757 : 59196;
3758 : 65535;
3759 : 65535;
3760 : 65470;
3761 : 29679;
3762 : 23791;
3763 : 32372;
3764 : 30259;
3765 : 30259;
3766 : 30259;
3767 : 30259;
3768 : 30259;
3769 : 30259;
3770 : 30291;
3771 : 30259;
3772 : 23727;
3773 : 21094;
3774 : 33445;
3775 : 23142;
3776 : 27920;
3777 : 34388;
3778 : 32340;
3779 : 32339;
3780 : 32339;
3781 : 32339;
3782 : 32307;
3783 : 30259;
3784 : 30291;
3785 : 26001;
3786 : 38098;
3787 : 65535;
3788 : 65535;
3789 : 65535;
3790 : 65535;
3791 : 65535;
3792 : 65535;
3793 : 65535;
3794 : 65535;
3795 : 65535;
3796 : 65535;
3797 : 65503;
3798 : 25452;
3799 : 38517;
3800 : 40630;
3801 : 40630;
3802 : 40630;
3803 : 40630;
3804 : 40597;
3805 : 29871;
3806 : 25581;
3807 : 38452;
3808 : 42710;
3809 : 38485;
3810 : 34130;
3811 : 42678;
3812 : 40630;
3813 : 40630;
3814 : 40630;
3815 : 40630;
3816 : 40630;
3817 : 40630;
3818 : 40630;
3819 : 40630;
3820 : 40630;
3821 : 40630;
3822 : 40630;
3823 : 40630;
3824 : 40630;
3825 : 40597;
3826 : 25517;
3827 : 65470;
3828 : 65535;
3829 : 65535;
3830 : 65535;
3831 : 65535;
3832 : 65535;
3833 : 65535;
3834 : 65535;
3835 : 65535;
3836 : 65535;
3837 : 65535;
3838 : 65535;
3839 : 65535;
3840 : 65470;
3841 : 29872;
3842 : 30259;
3843 : 30259;
3844 : 30259;
3845 : 30259;
3846 : 30291;
3847 : 21484;
3848 : 18884;
3849 : 25936;
3850 : 30291;
3851 : 30259;
3852 : 30259;
3853 : 30259;
3854 : 30259;
3855 : 32339;
3856 : 26001;
3857 : 36018;
3858 : 65535;
3859 : 65535;
3860 : 65535;
3861 : 65535;
3862 : 65535;
3863 : 65535;
3864 : 65535;
3865 : 65535;
3866 : 65535;
3867 : 65535;
3868 : 65535;
3869 : 59196;
3870 : 44304;
3871 : 31788;
3872 : 34356;
3873 : 34420;
3874 : 34388;
3875 : 32339;
3876 : 32339;
3877 : 32339;
3878 : 32339;
3879 : 32339;
3880 : 32339;
3881 : 32307;
3882 : 30259;
3883 : 30259;
3884 : 25582;
3885 : 65503;
3886 : 65535;
3887 : 65535;
3888 : 33840;
3889 : 23726;
3890 : 32372;
3891 : 30259;
3892 : 30259;
3893 : 30259;
3894 : 30259;
3895 : 30259;
3896 : 30259;
3897 : 30291;
3898 : 30227;
3899 : 21517;
3900 : 23077;
3901 : 35558;
3902 : 33477;
3903 : 19209;
3904 : 30130;
3905 : 30259;
3906 : 30259;
3907 : 30259;
3908 : 30259;
3909 : 30259;
3910 : 30291;
3911 : 30291;
3912 : 28114;
3913 : 23662;
3914 : 50712;
3915 : 65535;
3916 : 65535;
3917 : 65535;
3918 : 65535;
3919 : 65535;
3920 : 65535;
3921 : 65535;
3922 : 65535;
3923 : 65535;
3924 : 65535;
3925 : 65535;
3926 : 25485;
3927 : 38484;
3928 : 42678;
3929 : 40630;
3930 : 40630;
3931 : 40630;
3932 : 42678;
3933 : 42710;
3934 : 36307;
3935 : 23468;
3936 : 32017;
3937 : 40597;
3938 : 36307;
3939 : 40630;
3940 : 40630;
3941 : 40630;
3942 : 40630;
3943 : 40630;
3944 : 40630;
3945 : 40630;
3946 : 40630;
3947 : 40630;
3948 : 40630;
3949 : 40630;
3950 : 40630;
3951 : 40630;
3952 : 40630;
3953 : 40597;
3954 : 27630;
3955 : 65503;
3956 : 65535;
3957 : 65535;
3958 : 65535;
3959 : 65535;
3960 : 65535;
3961 : 65535;
3962 : 65535;
3963 : 65535;
3964 : 65535;
3965 : 65535;
3966 : 65535;
3967 : 65535;
3968 : 61277;
3969 : 30001;
3970 : 30291;
3971 : 30259;
3972 : 30259;
3973 : 30259;
3974 : 30162;
3975 : 21192;
3976 : 21029;
3977 : 28082;
3978 : 30291;
3979 : 30259;
3980 : 30259;
3981 : 30259;
3982 : 30259;
3983 : 30291;
3984 : 25871;
3985 : 42325;
3986 : 65535;
3987 : 65535;
3988 : 65535;
3989 : 65535;
3990 : 65535;
3991 : 65535;
3992 : 65535;
3993 : 65535;
3994 : 65535;
3995 : 65535;
3996 : 65535;
3997 : 54970;
3998 : 50609;
3999 : 42222;
4000 : 30097;
4001 : 34420;
4002 : 32339;
4003 : 32339;
4004 : 32307;
4005 : 32307;
4006 : 32307;
4007 : 32307;
4008 : 30259;
4009 : 30259;
4010 : 30291;
4011 : 23823;
4012 : 38099;
4013 : 65535;
4014 : 65535;
4015 : 42260;
4016 : 21549;
4017 : 32372;
4018 : 30259;
4019 : 30259;
4020 : 30259;
4021 : 30259;
4022 : 30259;
4023 : 30259;
4024 : 30291;
4025 : 30162;
4026 : 19306;
4027 : 25157;
4028 : 35558;
4029 : 37638;
4030 : 25157;
4031 : 21549;
4032 : 30226;
4033 : 30259;
4034 : 30259;
4035 : 30259;
4036 : 30259;
4037 : 30259;
4038 : 28049;
4039 : 25743;
4040 : 40276;
4041 : 59164;
4042 : 65535;
4043 : 65535;
4044 : 65535;
4045 : 65535;
4046 : 65535;
4047 : 65535;
4048 : 65535;
4049 : 65535;
4050 : 65535;
4051 : 65535;
4052 : 65535;
4053 : 65535;
4054 : 27566;
4055 : 38452;
4056 : 40630;
4057 : 40630;
4058 : 40630;
4059 : 40630;
4060 : 40630;
4061 : 40630;
4062 : 42710;
4063 : 42646;
4064 : 29936;
4065 : 25613;
4066 : 38484;
4067 : 42710;
4068 : 40630;
4069 : 40630;
4070 : 40630;
4071 : 40630;
4072 : 40630;
4073 : 40630;
4074 : 40630;
4075 : 40630;
4076 : 40630;
4077 : 40630;
4078 : 40630;
4079 : 40597;
4080 : 38549;
4081 : 36468;
4082 : 27630;
4083 : 65503;
4084 : 65535;
4085 : 65535;
4086 : 65535;
4087 : 65535;
4088 : 65535;
4089 : 65535;
4090 : 65535;
4091 : 65535;
4092 : 65535;
4093 : 65535;
4094 : 65535;
4095 : 65535;
4096 : 57051;
4097 : 25775;
4098 : 30291;
4099 : 30259;
4100 : 30259;
4101 : 32339;
4102 : 25839;
4103 : 23109;
4104 : 23206;
4105 : 30194;
4106 : 30259;
4107 : 30259;
4108 : 30259;
4109 : 30259;
4110 : 30259;
4111 : 30291;
4112 : 23758;
4113 : 48599;
4114 : 65535;
4115 : 65535;
4116 : 65535;
4117 : 65535;
4118 : 65535;
4119 : 65535;
4120 : 65535;
4121 : 65535;
4122 : 65535;
4123 : 65535;
4124 : 65535;
4125 : 46453;
4126 : 56914;
4127 : 50609;
4128 : 25904;
4129 : 32339;
4130 : 32307;
4131 : 32307;
4132 : 30259;
4133 : 30259;
4134 : 30259;
4135 : 30259;
4136 : 30259;
4137 : 30259;
4138 : 30259;
4139 : 19307;
4140 : 59164;
4141 : 65535;
4142 : 54905;
4143 : 21452;
4144 : 30291;
4145 : 30259;
4146 : 30259;
4147 : 30259;
4148 : 30259;
4149 : 30259;
4150 : 30259;
4151 : 32339;
4152 : 27985;
4153 : 19176;
4154 : 29285;
4155 : 37638;
4156 : 35558;
4157 : 35590;
4158 : 21062;
4159 : 25872;
4160 : 30259;
4161 : 30259;
4162 : 30259;
4163 : 30259;
4164 : 30259;
4165 : 30291;
4166 : 19468;
4167 : 25517;
4168 : 44469;
4169 : 59164;
4170 : 65535;
4171 : 65535;
4172 : 65535;
4173 : 65535;
4174 : 65535;
4175 : 65535;
4176 : 65535;
4177 : 65535;
4178 : 65535;
4179 : 65535;
4180 : 65535;
4181 : 65535;
4182 : 31727;
4183 : 34226;
4184 : 42710;
4185 : 40630;
4186 : 40630;
4187 : 40630;
4188 : 40630;
4189 : 40630;
4190 : 40630;
4191 : 40630;
4192 : 42710;
4193 : 36307;
4194 : 23468;
4195 : 34194;
4196 : 42710;
4197 : 40630;
4198 : 40630;
4199 : 40630;
4200 : 40630;
4201 : 40630;
4202 : 40630;
4203 : 40630;
4204 : 40630;
4205 : 40597;
4206 : 38549;
4207 : 36469;
4208 : 36468;
4209 : 34388;
4210 : 27662;
4211 : 65503;
4212 : 65535;
4213 : 65535;
4214 : 65535;
4215 : 65535;
4216 : 65535;
4217 : 65535;
4218 : 65535;
4219 : 65535;
4220 : 65535;
4221 : 65535;
4222 : 65535;
4223 : 65535;
4224 : 52825;
4225 : 23662;
4226 : 32339;
4227 : 32307;
4228 : 34387;
4229 : 34387;
4230 : 23564;
4231 : 29252;
4232 : 23207;
4233 : 30227;
4234 : 30259;
4235 : 30259;
4236 : 30259;
4237 : 32307;
4238 : 32307;
4239 : 34420;
4240 : 23661;
4241 : 48599;
4242 : 65535;
4243 : 44373;
4244 : 59196;
4245 : 65535;
4246 : 65535;
4247 : 65535;
4248 : 65535;
4249 : 65535;
4250 : 65535;
4251 : 65535;
4252 : 65503;
4253 : 38031;
4254 : 65333;
4255 : 48529;
4256 : 25936;
4257 : 30291;
4258 : 30259;
4259 : 30259;
4260 : 30259;
4261 : 30259;
4262 : 30259;
4263 : 30259;
4264 : 30259;
4265 : 30323;
4266 : 23823;
4267 : 38099;
4268 : 65535;
4269 : 63390;
4270 : 25549;
4271 : 30194;
4272 : 30291;
4273 : 30259;
4274 : 30259;
4275 : 30259;
4276 : 30259;
4277 : 30259;
4278 : 30291;
4279 : 25839;
4280 : 21127;
4281 : 31397;
4282 : 35590;
4283 : 35590;
4284 : 35590;
4285 : 33477;
4286 : 19209;
4287 : 30162;
4288 : 30259;
4289 : 30259;
4290 : 30259;
4291 : 30259;
4292 : 30259;
4293 : 30259;
4294 : 32339;
4295 : 30291;
4296 : 23791;
4297 : 42324;
4298 : 65535;
4299 : 65535;
4300 : 65535;
4301 : 65535;
4302 : 65535;
4303 : 65535;
4304 : 65535;
4305 : 65535;
4306 : 65535;
4307 : 65535;
4308 : 65535;
4309 : 65535;
4310 : 35985;
4311 : 34162;
4312 : 42710;
4313 : 40630;
4314 : 40630;
4315 : 40630;
4316 : 40630;
4317 : 40630;
4318 : 40630;
4319 : 40630;
4320 : 40630;
4321 : 42710;
4322 : 40565;
4323 : 25581;
4324 : 27791;
4325 : 42678;
4326 : 42678;
4327 : 40630;
4328 : 40630;
4329 : 42678;
4330 : 40630;
4331 : 40597;
4332 : 38517;
4333 : 36468;
4334 : 34420;
4335 : 34388;
4336 : 34388;
4337 : 32340;
4338 : 23566;
4339 : 63358;
4340 : 65535;
4341 : 65535;
4342 : 65535;
4343 : 65535;
4344 : 65535;
4345 : 65535;
4346 : 65535;
4347 : 65535;
4348 : 65535;
4349 : 65535;
4350 : 65535;
4351 : 65535;
4352 : 50744;
4353 : 23662;
4354 : 32372;
4355 : 34387;
4356 : 36468;
4357 : 34355;
4358 : 21257;
4359 : 33445;
4360 : 21159;
4361 : 30259;
4362 : 32307;
4363 : 34387;
4364 : 36435;
4365 : 38515;
4366 : 38515;
4367 : 42676;
4368 : 29838;
4369 : 52792;
4370 : 65535;
4371 : 38034;
4372 : 23209;
4373 : 57051;
4374 : 65535;
4375 : 65535;
4376 : 65535;
4377 : 65535;
4378 : 65535;
4379 : 65535;
4380 : 46518;
4381 : 46351;
4382 : 65398;
4383 : 40175;
4384 : 28081;
4385 : 30291;
4386 : 30259;
4387 : 30259;
4388 : 30259;
4389 : 30259;
4390 : 30259;
4391 : 30259;
4392 : 30291;
4393 : 30226;
4394 : 25613;
4395 : 63358;
4396 : 65535;
4397 : 40179;
4398 : 32080;
4399 : 36468;
4400 : 32307;
4401 : 30259;
4402 : 30259;
4403 : 32307;
4404 : 32339;
4405 : 30291;
4406 : 23629;
4407 : 23142;
4408 : 35558;
4409 : 35590;
4410 : 35590;
4411 : 35590;
4412 : 37638;
4413 : 27205;
4414 : 23629;
4415 : 30259;
4416 : 30259;
4417 : 30259;
4418 : 30259;
4419 : 30259;
4420 : 30259;
4421 : 30259;
4422 : 30259;
4423 : 32339;
4424 : 23694;
4425 : 54970;
4426 : 65535;
4427 : 65535;
4428 : 65535;
4429 : 65535;
4430 : 65535;
4431 : 65535;
4432 : 65535;
4433 : 65535;
4434 : 65535;
4435 : 65535;
4436 : 65535;
4437 : 65535;
4438 : 38066;
4439 : 32016;
4440 : 42710;
4441 : 40630;
4442 : 40630;
4443 : 40630;
4444 : 42678;
4445 : 42678;
4446 : 40630;
4447 : 40630;
4448 : 40630;
4449 : 40630;
4450 : 42678;
4451 : 42678;
4452 : 27791;
4453 : 25613;
4454 : 40597;
4455 : 40629;
4456 : 38549;
4457 : 38549;
4458 : 36469;
4459 : 34388;
4460 : 34388;
4461 : 34388;
4462 : 34388;
4463 : 32339;
4464 : 30291;
4465 : 30194;
4466 : 23694;
4467 : 38098;
4468 : 65535;
4469 : 65535;
4470 : 65535;
4471 : 65535;
4472 : 65535;
4473 : 65535;
4474 : 65535;
4475 : 65535;
4476 : 65535;
4477 : 65535;
4478 : 65535;
4479 : 65535;
4480 : 48631;
4481 : 21549;
4482 : 36500;
4483 : 36435;
4484 : 36468;
4485 : 32242;
4486 : 19047;
4487 : 35525;
4488 : 21159;
4489 : 36435;
4490 : 38515;
4491 : 40564;
4492 : 42644;
4493 : 42644;
4494 : 44692;
4495 : 44724;
4496 : 31983;
4497 : 48599;
4498 : 65535;
4499 : 52825;
4500 : 31594;
4501 : 37966;
4502 : 61277;
4503 : 65535;
4504 : 65535;
4505 : 65535;
4506 : 65535;
4507 : 63390;
4508 : 33806;
4509 : 63220;
4510 : 63188;
4511 : 25547;
4512 : 30259;
4513 : 30259;
4514 : 30259;
4515 : 30259;
4516 : 30259;
4517 : 30259;
4518 : 30259;
4519 : 30259;
4520 : 30291;
4521 : 21517;
4522 : 52825;
4523 : 65535;
4524 : 59164;
4525 : 27661;
4526 : 44724;
4527 : 40564;
4528 : 38515;
4529 : 36435;
4530 : 34387;
4531 : 34420;
4532 : 34387;
4533 : 21452;
4534 : 20996;
4535 : 35558;
4536 : 35590;
4537 : 35590;
4538 : 35590;
4539 : 35590;
4540 : 35590;
4541 : 21094;
4542 : 28049;
4543 : 30291;
4544 : 30259;
4545 : 30259;
4546 : 30259;
4547 : 30259;
4548 : 30259;
4549 : 30259;
4550 : 30259;
4551 : 30226;
4552 : 27630;
4553 : 65503;
4554 : 65535;
4555 : 65535;
4556 : 65535;
4557 : 65535;
4558 : 65535;
4559 : 65535;
4560 : 65535;
4561 : 65535;
4562 : 65535;
4563 : 65535;
4564 : 65535;
4565 : 65535;
4566 : 42260;
4567 : 27790;
4568 : 40662;
4569 : 40597;
4570 : 40597;
4571 : 38549;
4572 : 38549;
4573 : 38549;
4574 : 38549;
4575 : 38549;
4576 : 38549;
4577 : 38549;
4578 : 38549;
4579 : 38549;
4580 : 38581;
4581 : 30001;
4582 : 21419;
4583 : 36436;
4584 : 36469;
4585 : 34388;
4586 : 34388;
4587 : 34420;
4588 : 34388;
4589 : 32340;
4590 : 30259;
4591 : 30259;
4592 : 32339;
4593 : 23758;
4594 : 30162;
4595 : 23694;
4596 : 38098;
4597 : 65535;
4598 : 65535;
4599 : 65535;
4600 : 65535;
4601 : 65535;
4602 : 65535;
4603 : 65535;
4604 : 65535;
4605 : 65535;
4606 : 65535;
4607 : 65535;
4608 : 50712;
4609 : 21549;
4610 : 36500;
4611 : 34387;
4612 : 36468;
4613 : 34225;
4614 : 23174;
4615 : 35557;
4616 : 23239;
4617 : 42612;
4618 : 44692;
4619 : 44692;
4620 : 44692;
4621 : 44692;
4622 : 42644;
4623 : 44724;
4624 : 36176;
4625 : 46550;
4626 : 65535;
4627 : 59164;
4628 : 33772;
4629 : 46383;
4630 : 42259;
4631 : 65535;
4632 : 65535;
4633 : 65535;
4634 : 65535;
4635 : 40146;
4636 : 52689;
4637 : 65430;
4638 : 44271;
4639 : 21613;
4640 : 32340;
4641 : 30259;
4642 : 30259;
4643 : 30259;
4644 : 30259;
4645 : 30259;
4646 : 30259;
4647 : 32372;
4648 : 21516;
4649 : 38034;
4650 : 65535;
4651 : 65535;
4652 : 35953;
4653 : 36208;
4654 : 44724;
4655 : 44692;
4656 : 42612;
4657 : 42644;
4658 : 40564;
4659 : 36468;
4660 : 19274;
4661 : 20932;
4662 : 37638;
4663 : 37638;
4664 : 37670;
4665 : 37670;
4666 : 37670;
4667 : 37638;
4668 : 33477;
4669 : 19241;
4670 : 30259;
4671 : 30259;
4672 : 30259;
4673 : 30259;
4674 : 30259;
4675 : 30259;
4676 : 30259;
4677 : 30259;
4678 : 32371;
4679 : 21646;
4680 : 44373;
4681 : 65535;
4682 : 65535;
4683 : 65535;
4684 : 65535;
4685 : 65535;
4686 : 65535;
4687 : 65535;
4688 : 65535;
4689 : 65535;
4690 : 65535;
4691 : 65535;
4692 : 65535;
4693 : 65535;
4694 : 48599;
4695 : 21452;
4696 : 36533;
4697 : 36468;
4698 : 36468;
4699 : 36469;
4700 : 36469;
4701 : 36469;
4702 : 36469;
4703 : 36469;
4704 : 36469;
4705 : 36469;
4706 : 36469;
4707 : 36469;
4708 : 36469;
4709 : 38581;
4710 : 30001;
4711 : 21420;
4712 : 34388;
4713 : 34420;
4714 : 34388;
4715 : 32340;
4716 : 32307;
4717 : 30259;
4718 : 30259;
4719 : 30259;
4720 : 30194;
4721 : 21581;
4722 : 30291;
4723 : 32339;
4724 : 21581;
4725 : 38098;
4726 : 65535;
4727 : 65535;
4728 : 65535;
4729 : 65535;
4730 : 65535;
4731 : 65535;
4732 : 65535;
4733 : 65535;
4734 : 65535;
4735 : 65535;
4736 : 57051;
4737 : 23597;
4738 : 36468;
4739 : 38515;
4740 : 42644;
4741 : 36208;
4742 : 25222;
4743 : 35558;
4744 : 23175;
4745 : 42612;
4746 : 44692;
4747 : 42644;
4748 : 42644;
4749 : 42644;
4750 : 42644;
4751 : 44724;
4752 : 36209;
4753 : 48599;
4754 : 65535;
4755 : 54938;
4756 : 33740;
4757 : 52689;
4758 : 35853;
4759 : 54971;
4760 : 65535;
4761 : 65535;
4762 : 46486;
4763 : 44271;
4764 : 65398;
4765 : 61075;
4766 : 23467;
4767 : 30259;
4768 : 30259;
4769 : 30259;
4770 : 30259;
4771 : 30259;
4772 : 30259;
4773 : 30259;
4774 : 30291;
4775 : 21613;
4776 : 33739;
4777 : 40079;
4778 : 61309;
4779 : 59196;
4780 : 25516;
4781 : 44724;
4782 : 42644;
4783 : 42644;
4784 : 44692;
4785 : 44692;
4786 : 46772;
4787 : 27725;
4788 : 20932;
4789 : 37638;
4790 : 37670;
4791 : 37670;
4792 : 37670;
4793 : 37670;
4794 : 37670;
4795 : 39750;
4796 : 31397;
4797 : 23662;
4798 : 32372;
4799 : 30259;
4800 : 30259;
4801 : 30259;
4802 : 30259;
4803 : 30259;
4804 : 30259;
4805 : 30259;
4806 : 30259;
4807 : 21356;
4808 : 63358;
4809 : 65535;
4810 : 65535;
4811 : 65535;
4812 : 65535;
4813 : 65535;
4814 : 65535;
4815 : 65535;
4816 : 65535;
4817 : 65535;
4818 : 65535;
4819 : 65535;
4820 : 65535;
4821 : 65535;
4822 : 57018;
4823 : 17129;
4824 : 36500;
4825 : 34388;
4826 : 34420;
4827 : 34388;
4828 : 34388;
4829 : 34388;
4830 : 34420;
4831 : 34388;
4832 : 34388;
4833 : 34388;
4834 : 34388;
4835 : 34388;
4836 : 34388;
4837 : 34388;
4838 : 34420;
4839 : 25807;
4840 : 19436;
4841 : 32340;
4842 : 32307;
4843 : 30259;
4844 : 30259;
4845 : 30259;
4846 : 30259;
4847 : 32339;
4848 : 25871;
4849 : 25839;
4850 : 32339;
4851 : 30259;
4852 : 32371;
4853 : 23759;
4854 : 33904;
4855 : 65503;
4856 : 65535;
4857 : 65535;
4858 : 65535;
4859 : 65535;
4860 : 65535;
4861 : 65535;
4862 : 65535;
4863 : 65535;
4864 : 59164;
4865 : 25645;
4866 : 38548;
4867 : 42644;
4868 : 44724;
4869 : 36144;
4870 : 27270;
4871 : 37638;
4872 : 25190;
4873 : 40467;
4874 : 44692;
4875 : 46740;
4876 : 46740;
4877 : 44692;
4878 : 42644;
4879 : 44724;
4880 : 38321;
4881 : 48631;
4882 : 65535;
4883 : 48599;
4884 : 37900;
4885 : 52657;
4886 : 44238;
4887 : 42291;
4888 : 65535;
4889 : 50745;
4890 : 37933;
4891 : 65333;
4892 : 65333;
4893 : 35949;
4894 : 26001;
4895 : 30291;
4896 : 30259;
4897 : 30259;
4898 : 30259;
4899 : 30259;
4900 : 30291;
4901 : 30259;
4902 : 27855;
4903 : 29546;
4904 : 46351;
4905 : 46319;
4906 : 48566;
4907 : 42292;
4908 : 31983;
4909 : 44724;
4910 : 42644;
4911 : 42644;
4912 : 42644;
4913 : 44724;
4914 : 36176;
4915 : 23109;
4916 : 37638;
4917 : 37670;
4918 : 37670;
4919 : 37670;
4920 : 39750;
4921 : 41830;
4922 : 41862;
4923 : 43942;
4924 : 27302;
4925 : 28081;
4926 : 30291;
4927 : 30259;
4928 : 30259;
4929 : 30259;
4930 : 30259;
4931 : 30259;
4932 : 30259;
4933 : 32339;
4934 : 23758;
4935 : 40212;
4936 : 65535;
4937 : 65535;
4938 : 65535;
4939 : 65535;
4940 : 65535;
4941 : 65535;
4942 : 65535;
4943 : 65535;
4944 : 65535;
4945 : 65535;
4946 : 65535;
4947 : 65535;
4948 : 65535;
4949 : 65535;
4950 : 65503;
4951 : 21259;
4952 : 32275;
4953 : 34420;
4954 : 34388;
4955 : 34388;
4956 : 34388;
4957 : 34388;
4958 : 34388;
4959 : 34388;
4960 : 32340;
4961 : 32339;
4962 : 32339;
4963 : 32307;
4964 : 32307;
4965 : 30259;
4966 : 30259;
4967 : 32372;
4968 : 23662;
4969 : 21581;
4970 : 32372;
4971 : 30259;
4972 : 30259;
4973 : 30259;
4974 : 30259;
4975 : 30291;
4976 : 21581;
4977 : 30194;
4978 : 30259;
4979 : 30259;
4980 : 30259;
4981 : 32371;
4982 : 23791;
4983 : 31824;
4984 : 65470;
4985 : 65535;
4986 : 65535;
4987 : 65535;
4988 : 65535;
4989 : 65535;
4990 : 65535;
4991 : 65535;
4992 : 61245;
4993 : 27629;
4994 : 44724;
4995 : 42644;
4996 : 44724;
4997 : 34064;
4998 : 27237;
4999 : 37638;
5000 : 27205;
5001 : 38257;
5002 : 46804;
5003 : 46772;
5004 : 46772;
5005 : 46772;
5006 : 46740;
5007 : 46772;
5008 : 44562;
5009 : 46485;
5010 : 65535;
5011 : 40178;
5012 : 46319;
5013 : 52657;
5014 : 50577;
5015 : 35854;
5016 : 48631;
5017 : 37966;
5018 : 63188;
5019 : 65366;
5020 : 44335;
5021 : 25872;
5022 : 30291;
5023 : 30259;
5024 : 30259;
5025 : 30259;
5026 : 30259;
5027 : 32339;
5028 : 28082;
5029 : 25612;
5030 : 44238;
5031 : 33740;
5032 : 50545;
5033 : 50577;
5034 : 35886;
5035 : 25484;
5036 : 42579;
5037 : 44692;
5038 : 42644;
5039 : 42644;
5040 : 44692;
5041 : 40467;
5042 : 23142;
5043 : 35558;
5044 : 37670;
5045 : 37670;
5046 : 39750;
5047 : 41830;
5048 : 41862;
5049 : 43942;
5050 : 46023;
5051 : 43910;
5052 : 21256;
5053 : 30291;
5054 : 30259;
5055 : 30259;
5056 : 30259;
5057 : 30259;
5058 : 30259;
5059 : 30259;
5060 : 30259;
5061 : 30227;
5062 : 21356;
5063 : 63358;
5064 : 65535;
5065 : 65535;
5066 : 65535;
5067 : 65535;
5068 : 65535;
5069 : 65535;
5070 : 65535;
5071 : 65535;
5072 : 65535;
5073 : 65535;
5074 : 65535;
5075 : 65535;
5076 : 65535;
5077 : 65535;
5078 : 65535;
5079 : 48631;
5080 : 23565;
5081 : 28146;
5082 : 32339;
5083 : 30259;
5084 : 30259;
5085 : 30259;
5086 : 30259;
5087 : 30259;
5088 : 30259;
5089 : 30259;
5090 : 30259;
5091 : 30259;
5092 : 30259;
5093 : 30259;
5094 : 30259;
5095 : 30259;
5096 : 30291;
5097 : 21516;
5098 : 23759;
5099 : 32371;
5100 : 30259;
5101 : 30259;
5102 : 30291;
5103 : 28114;
5104 : 21581;
5105 : 32339;
5106 : 30259;
5107 : 30259;
5108 : 30259;
5109 : 30259;
5110 : 32371;
5111 : 23823;
5112 : 29710;
5113 : 61277;
5114 : 65535;
5115 : 65535;
5116 : 65535;
5117 : 65535;
5118 : 65535;
5119 : 65535;
5120 : 63422;
5121 : 31822;
5122 : 42644;
5123 : 42644;
5124 : 44724;
5125 : 36177;
5126 : 27270;
5127 : 37638;
5128 : 31365;
5129 : 33966;
5130 : 50933;
5131 : 48820;
5132 : 50868;
5133 : 52948;
5134 : 57044;
5135 : 59157;
5136 : 56947;
5137 : 38065;
5138 : 63422;
5139 : 33741;
5140 : 52657;
5141 : 52657;
5142 : 54802;
5143 : 25288;
5144 : 31659;
5145 : 65301;
5146 : 65398;
5147 : 48464;
5148 : 23661;
5149 : 30291;
5150 : 30259;
5151 : 30259;
5152 : 30259;
5153 : 30259;
5154 : 30291;
5155 : 25904;
5156 : 29644;
5157 : 48432;
5158 : 40045;
5159 : 40013;
5160 : 50609;
5161 : 52657;
5162 : 25321;
5163 : 27628;
5164 : 46804;
5165 : 44692;
5166 : 44692;
5167 : 46740;
5168 : 44692;
5169 : 27531;
5170 : 31365;
5171 : 37638;
5172 : 39750;
5173 : 41830;
5174 : 43910;
5175 : 43942;
5176 : 46023;
5177 : 46022;
5178 : 48071;
5179 : 35557;
5180 : 21613;
5181 : 32372;
5182 : 30259;
5183 : 30259;
5184 : 30259;
5185 : 30259;
5186 : 30259;
5187 : 30259;
5188 : 32372;
5189 : 21613;
5190 : 46486;
5191 : 65535;
5192 : 65535;
5193 : 65535;
5194 : 65535;
5195 : 65535;
5196 : 65535;
5197 : 65535;
5198 : 65535;
5199 : 65535;
5200 : 65535;
5201 : 65535;
5202 : 65535;
5203 : 65535;
5204 : 65535;
5205 : 65535;
5206 : 65535;
5207 : 65535;
5208 : 54970;
5209 : 25517;
5210 : 25936;
5211 : 32339;
5212 : 30259;
5213 : 30259;
5214 : 30259;
5215 : 30259;
5216 : 30259;
5217 : 30259;
5218 : 30259;
5219 : 30259;
5220 : 30259;
5221 : 30259;
5222 : 30259;
5223 : 30259;
5224 : 30259;
5225 : 30259;
5226 : 19403;
5227 : 28017;
5228 : 30291;
5229 : 30259;
5230 : 30291;
5231 : 25936;
5232 : 23791;
5233 : 30291;
5234 : 30259;
5235 : 30259;
5236 : 30259;
5237 : 30259;
5238 : 30259;
5239 : 32339;
5240 : 25936;
5241 : 25517;
5242 : 57019;
5243 : 65535;
5244 : 65535;
5245 : 65535;
5246 : 65535;
5247 : 65535;
5248 : 65503;
5249 : 31855;
5250 : 42644;
5251 : 44692;
5252 : 46772;
5253 : 40370;
5254 : 27270;
5255 : 37638;
5256 : 35558;
5257 : 29546;
5258 : 55029;
5259 : 59124;
5260 : 61205;
5261 : 63253;
5262 : 65301;
5263 : 65333;
5264 : 61107;
5265 : 27467;
5266 : 46485;
5267 : 42126;
5268 : 54770;
5269 : 54770;
5270 : 48464;
5271 : 31627;
5272 : 63220;
5273 : 65366;
5274 : 52689;
5275 : 23629;
5276 : 30259;
5277 : 30259;
5278 : 30259;
5279 : 30259;
5280 : 30291;
5281 : 30227;
5282 : 23629;
5283 : 35885;
5284 : 52690;
5285 : 46351;
5286 : 40013;
5287 : 54770;
5288 : 50609;
5289 : 52657;
5290 : 29481;
5291 : 52786;
5292 : 55028;
5293 : 50868;
5294 : 46772;
5295 : 48820;
5296 : 33934;
5297 : 25125;
5298 : 37670;
5299 : 39750;
5300 : 41862;
5301 : 43943;
5302 : 46022;
5303 : 46022;
5304 : 46022;
5305 : 46022;
5306 : 46022;
5307 : 25286;
5308 : 30194;
5309 : 30291;
5310 : 30259;
5311 : 30259;
5312 : 30259;
5313 : 30259;
5314 : 30259;
5315 : 32339;
5316 : 25903;
5317 : 31791;
5318 : 65503;
5319 : 65535;
5320 : 65535;
5321 : 65535;
5322 : 65535;
5323 : 65535;
5324 : 65535;
5325 : 65535;
5326 : 65535;
5327 : 65535;
5328 : 65535;
5329 : 65535;
5330 : 65535;
5331 : 65535;
5332 : 65535;
5333 : 65535;
5334 : 65535;
5335 : 65535;
5336 : 65535;
5337 : 61309;
5338 : 33937;
5339 : 23694;
5340 : 30291;
5341 : 30291;
5342 : 30259;
5343 : 30259;
5344 : 30259;
5345 : 30259;
5346 : 30259;
5347 : 30259;
5348 : 30259;
5349 : 30259;
5350 : 30259;
5351 : 30259;
5352 : 30259;
5353 : 30291;
5354 : 30226;
5355 : 19436;
5356 : 30194;
5357 : 30259;
5358 : 32339;
5359 : 25871;
5360 : 25968;
5361 : 30291;
5362 : 30259;
5363 : 30259;
5364 : 30259;
5365 : 30259;
5366 : 30259;
5367 : 30259;
5368 : 32339;
5369 : 28114;
5370 : 23533;
5371 : 46486;
5372 : 65535;
5373 : 65535;
5374 : 65535;
5375 : 65535;
5376 : 65535;
5377 : 36017;
5378 : 42579;
5379 : 46772;
5380 : 46772;
5381 : 44595;
5382 : 25255;
5383 : 37638;
5384 : 39750;
5385 : 29383;
5386 : 59092;
5387 : 65333;
5388 : 65301;
5389 : 65301;
5390 : 65301;
5391 : 65301;
5392 : 65333;
5393 : 25289;
5394 : 25321;
5395 : 56882;
5396 : 56915;
5397 : 56915;
5398 : 29546;
5399 : 56915;
5400 : 65365;
5401 : 58995;
5402 : 25677;
5403 : 30259;
5404 : 30259;
5405 : 30259;
5406 : 30291;
5407 : 30292;
5408 : 25936;
5409 : 27628;
5410 : 44271;
5411 : 54770;
5412 : 50577;
5413 : 40045;
5414 : 61108;
5415 : 61108;
5416 : 56882;
5417 : 48432;
5418 : 31659;
5419 : 65333;
5420 : 63253;
5421 : 59125;
5422 : 52948;
5423 : 46675;
5424 : 16902;
5425 : 35557;
5426 : 41830;
5427 : 43910;
5428 : 46023;
5429 : 46022;
5430 : 46022;
5431 : 46022;
5432 : 46022;
5433 : 48103;
5434 : 37637;
5435 : 25644;
5436 : 34420;
5437 : 30259;
5438 : 30259;
5439 : 32371;
5440 : 30291;
5441 : 30259;
5442 : 30291;
5443 : 28081;
5444 : 23436;
5445 : 61309;
5446 : 65535;
5447 : 65535;
5448 : 65535;
5449 : 65535;
5450 : 65535;
5451 : 65535;
5452 : 65535;
5453 : 65535;
5454 : 65535;
5455 : 65535;
5456 : 65535;
5457 : 65535;
5458 : 65535;
5459 : 65535;
5460 : 65535;
5461 : 65535;
5462 : 65535;
5463 : 65535;
5464 : 65535;
5465 : 65535;
5466 : 65535;
5467 : 46518;
5468 : 21452;
5469 : 28146;
5470 : 30291;
5471 : 30259;
5472 : 30259;
5473 : 30259;
5474 : 30259;
5475 : 30259;
5476 : 30259;
5477 : 30259;
5478 : 30259;
5479 : 30259;
5480 : 30259;
5481 : 30259;
5482 : 30291;
5483 : 28049;
5484 : 21516;
5485 : 32339;
5486 : 32339;
5487 : 23726;
5488 : 28049;
5489 : 30291;
5490 : 30259;
5491 : 30259;
5492 : 30259;
5493 : 30259;
5494 : 30259;
5495 : 30259;
5496 : 30259;
5497 : 30291;
5498 : 30291;
5499 : 21646;
5500 : 31824;
5501 : 61277;
5502 : 65535;
5503 : 65535;
5504 : 65535;
5505 : 35952;
5506 : 40499;
5507 : 46772;
5508 : 48820;
5509 : 52948;
5510 : 29546;
5511 : 33445;
5512 : 41862;
5513 : 33477;
5514 : 46383;
5515 : 65365;
5516 : 65301;
5517 : 65301;
5518 : 65301;
5519 : 65301;
5520 : 65366;
5521 : 33739;
5522 : 48496;
5523 : 63220;
5524 : 65333;
5525 : 44271;
5526 : 44271;
5527 : 65398;
5528 : 63220;
5529 : 29708;
5530 : 28114;
5531 : 30259;
5532 : 30259;
5533 : 30259;
5534 : 28114;
5535 : 23597;
5536 : 38029;
5537 : 56850;
5538 : 56915;
5539 : 56882;
5540 : 40045;
5541 : 58995;
5542 : 65333;
5543 : 65333;
5544 : 61108;
5545 : 40045;
5546 : 46415;
5547 : 65365;
5548 : 65301;
5549 : 65333;
5550 : 63285;
5551 : 38030;
5552 : 25092;
5553 : 41863;
5554 : 43942;
5555 : 46023;
5556 : 46022;
5557 : 46022;
5558 : 46022;
5559 : 46022;
5560 : 46022;
5561 : 43910;
5562 : 23207;
5563 : 40531;
5564 : 34387;
5565 : 30259;
5566 : 28049;
5567 : 21516;
5568 : 25839;
5569 : 28114;
5570 : 28113;
5571 : 21355;
5572 : 59131;
5573 : 65535;
5574 : 65535;
5575 : 65535;
5576 : 65535;
5577 : 65535;
5578 : 65535;
5579 : 65535;
5580 : 65535;
5581 : 65535;
5582 : 65535;
5583 : 65535;
5584 : 65535;
5585 : 65535;
5586 : 65535;
5587 : 65535;
5588 : 65535;
5589 : 65535;
5590 : 65535;
5591 : 65535;
5592 : 65535;
5593 : 65535;
5594 : 65535;
5595 : 65535;
5596 : 54938;
5597 : 23501;
5598 : 28049;
5599 : 32339;
5600 : 30291;
5601 : 30291;
5602 : 30291;
5603 : 30291;
5604 : 30291;
5605 : 30291;
5606 : 30291;
5607 : 32339;
5608 : 30291;
5609 : 30259;
5610 : 30259;
5611 : 32339;
5612 : 23726;
5613 : 23791;
5614 : 32372;
5615 : 23726;
5616 : 28082;
5617 : 30259;
5618 : 30259;
5619 : 30259;
5620 : 30259;
5621 : 30259;
5622 : 30259;
5623 : 30259;
5624 : 30259;
5625 : 30259;
5626 : 30259;
5627 : 32339;
5628 : 26001;
5629 : 23468;
5630 : 46486;
5631 : 65503;
5632 : 65535;
5633 : 40211;
5634 : 40433;
5635 : 52949;
5636 : 57077;
5637 : 63253;
5638 : 46384;
5639 : 25124;
5640 : 43911;
5641 : 43910;
5642 : 29481;
5643 : 65333;
5644 : 65301;
5645 : 65301;
5646 : 65301;
5647 : 65365;
5648 : 52722;
5649 : 40045;
5650 : 65333;
5651 : 65333;
5652 : 65333;
5653 : 35852;
5654 : 63188;
5655 : 65366;
5656 : 44303;
5657 : 21581;
5658 : 28049;
5659 : 28049;
5660 : 30130;
5661 : 25839;
5662 : 27563;
5663 : 50577;
5664 : 63188;
5665 : 63220;
5666 : 65333;
5667 : 48496;
5668 : 48496;
5669 : 65365;
5670 : 65301;
5671 : 65333;
5672 : 63188;
5673 : 33739;
5674 : 61140;
5675 : 65333;
5676 : 65301;
5677 : 65333;
5678 : 63188;
5679 : 25255;
5680 : 37670;
5681 : 46023;
5682 : 46022;
5683 : 46022;
5684 : 46022;
5685 : 46022;
5686 : 46022;
5687 : 48071;
5688 : 45990;
5689 : 20996;
5690 : 36176;
5691 : 44724;
5692 : 40563;
5693 : 34387;
5694 : 32307;
5695 : 21646;
5696 : 21291;
5697 : 44470;
5698 : 42421;
5699 : 57051;
5700 : 65535;
5701 : 65535;
5702 : 65535;
5703 : 65535;
5704 : 65535;
5705 : 65535;
5706 : 65535;
5707 : 65535;
5708 : 65535;
5709 : 65535;
5710 : 65535;
5711 : 65535;
5712 : 65535;
5713 : 65535;
5714 : 65535;
5715 : 65535;
5716 : 65535;
5717 : 65535;
5718 : 65535;
5719 : 65535;
5720 : 65535;
5721 : 65535;
5722 : 65535;
5723 : 65535;
5724 : 65535;
5725 : 61244;
5726 : 29775;
5727 : 23791;
5728 : 28113;
5729 : 28049;
5730 : 28049;
5731 : 25969;
5732 : 25968;
5733 : 25936;
5734 : 25936;
5735 : 25871;
5736 : 30194;
5737 : 30259;
5738 : 30259;
5739 : 30259;
5740 : 30291;
5741 : 21516;
5742 : 30227;
5743 : 23662;
5744 : 30162;
5745 : 30259;
5746 : 30259;
5747 : 30259;
5748 : 30259;
5749 : 30259;
5750 : 30259;
5751 : 30259;
5752 : 30259;
5753 : 30259;
5754 : 30259;
5755 : 30259;
5756 : 30291;
5757 : 30258;
5758 : 19275;
5759 : 59196;
5760 : 65535;
5761 : 42324;
5762 : 46545;
5763 : 57044;
5764 : 58995;
5765 : 65333;
5766 : 61108;
5767 : 27336;
5768 : 39750;
5769 : 48103;
5770 : 27237;
5771 : 54835;
5772 : 65333;
5773 : 65301;
5774 : 65301;
5775 : 65333;
5776 : 35820;
5777 : 59060;
5778 : 65333;
5779 : 65333;
5780 : 61108;
5781 : 33771;
5782 : 65333;
5783 : 63220;
5784 : 23370;
5785 : 25807;
5786 : 27887;
5787 : 27920;
5788 : 21517;
5789 : 33837;
5790 : 61108;
5791 : 65333;
5792 : 65301;
5793 : 65333;
5794 : 63220;
5795 : 42158;
5796 : 65301;
5797 : 65301;
5798 : 65301;
5799 : 65333;
5800 : 56915;
5801 : 37932;
5802 : 65365;
5803 : 65301;
5804 : 65301;
5805 : 65365;
5806 : 46416;
5807 : 29285;
5808 : 46023;
5809 : 46022;
5810 : 46022;
5811 : 46022;
5812 : 46022;
5813 : 48070;
5814 : 45990;
5815 : 39750;
5816 : 27335;
5817 : 31951;
5818 : 46805;
5819 : 44692;
5820 : 42644;
5821 : 40564;
5822 : 36467;
5823 : 28049;
5824 : 25743;
5825 : 23307;
5826 : 57051;
5827 : 65535;
5828 : 65535;
5829 : 65535;
5830 : 65535;
5831 : 65535;
5832 : 65535;
5833 : 65535;
5834 : 65535;
5835 : 65535;
5836 : 65535;
5837 : 65535;
5838 : 65535;
5839 : 65535;
5840 : 65535;
5841 : 65535;
5842 : 65535;
5843 : 65535;
5844 : 65535;
5845 : 65535;
5846 : 65535;
5847 : 65535;
5848 : 65535;
5849 : 65535;
5850 : 65535;
5851 : 65535;
5852 : 65535;
5853 : 65535;
5854 : 65503;
5855 : 44438;
5856 : 40244;
5857 : 42357;
5858 : 48663;
5859 : 48696;
5860 : 50744;
5861 : 52857;
5862 : 38034;
5863 : 12903;
5864 : 30162;
5865 : 30291;
5866 : 30259;
5867 : 30259;
5868 : 30291;
5869 : 27984;
5870 : 23694;
5871 : 21581;
5872 : 30162;
5873 : 30259;
5874 : 30259;
5875 : 30259;
5876 : 30259;
5877 : 30259;
5878 : 30259;
5879 : 30259;
5880 : 30259;
5881 : 30259;
5882 : 30259;
5883 : 30259;
5884 : 30259;
5885 : 28113;
5886 : 31824;
5887 : 65535;
5888 : 65535;
5889 : 48598;
5890 : 40110;
5891 : 33806;
5892 : 44270;
5893 : 65365;
5894 : 65333;
5895 : 46384;
5896 : 29285;
5897 : 48103;
5898 : 37605;
5899 : 37932;
5900 : 65366;
5901 : 65301;
5902 : 65333;
5903 : 52722;
5904 : 42190;
5905 : 65366;
5906 : 65301;
5907 : 65333;
5908 : 61140;
5909 : 35884;
5910 : 65366;
5911 : 50577;
5912 : 15049;
5913 : 27920;
5914 : 27920;
5915 : 19372;
5916 : 35852;
5917 : 65333;
5918 : 65333;
5919 : 65301;
5920 : 65301;
5921 : 65365;
5922 : 48496;
5923 : 52689;
5924 : 65365;
5925 : 65301;
5926 : 65301;
5927 : 65365;
5928 : 48496;
5929 : 46351;
5930 : 65365;
5931 : 65301;
5932 : 65333;
5933 : 63221;
5934 : 29481;
5935 : 41830;
5936 : 46023;
5937 : 46022;
5938 : 46022;
5939 : 45990;
5940 : 39750;
5941 : 35622;
5942 : 33706;
5943 : 38159;
5944 : 44627;
5945 : 46804;
5946 : 44692;
5947 : 42644;
5948 : 42644;
5949 : 42644;
5950 : 40596;
5951 : 29903;
5952 : 48598;
5953 : 54938;
5954 : 59196;
5955 : 65535;
5956 : 65535;
5957 : 65535;
5958 : 65535;
5959 : 65535;
5960 : 65535;
5961 : 65535;
5962 : 65535;
5963 : 65535;
5964 : 65535;
5965 : 65535;
5966 : 65535;
5967 : 65535;
5968 : 65535;
5969 : 65535;
5970 : 65535;
5971 : 65535;
5972 : 65535;
5973 : 65535;
5974 : 65535;
5975 : 65535;
5976 : 65535;
5977 : 65535;
5978 : 65535;
5979 : 65535;
5980 : 65535;
5981 : 65535;
5982 : 65535;
5983 : 65535;
5984 : 65535;
5985 : 65535;
5986 : 65535;
5987 : 65535;
5988 : 65535;
5989 : 52793;
5990 : 23468;
5991 : 30226;
5992 : 30291;
5993 : 30259;
5994 : 30259;
5995 : 30259;
5996 : 30259;
5997 : 32339;
5998 : 21581;
5999 : 17258;
6000 : 30162;
6001 : 30259;
6002 : 30259;
6003 : 30259;
6004 : 30259;
6005 : 30259;
6006 : 30259;
6007 : 30259;
6008 : 30259;
6009 : 30259;
6010 : 30259;
6011 : 30259;
6012 : 32339;
6013 : 23791;
6014 : 42260;
6015 : 65535;
6016 : 65535;
6017 : 63422;
6018 : 59197;
6019 : 44371;
6020 : 63220;
6021 : 65333;
6022 : 65333;
6023 : 63253;
6024 : 33707;
6025 : 35557;
6026 : 46022;
6027 : 27302;
6028 : 61172;
6029 : 65333;
6030 : 65366;
6031 : 40078;
6032 : 54802;
6033 : 65333;
6034 : 65301;
6035 : 65301;
6036 : 65301;
6037 : 42158;
6038 : 65301;
6039 : 50609;
6040 : 21452;
6041 : 27920;
6042 : 23629;
6043 : 27498;
6044 : 65301;
6045 : 65333;
6046 : 65301;
6047 : 65301;
6048 : 65301;
6049 : 65333;
6050 : 42190;
6051 : 63220;
6052 : 65333;
6053 : 65301;
6054 : 65301;
6055 : 65365;
6056 : 40077;
6057 : 54834;
6058 : 65333;
6059 : 65301;
6060 : 65333;
6061 : 50609;
6062 : 31397;
6063 : 48102;
6064 : 45990;
6065 : 41798;
6066 : 37735;
6067 : 39914;
6068 : 48431;
6069 : 52819;
6070 : 52949;
6071 : 48853;
6072 : 46772;
6073 : 46740;
6074 : 44692;
6075 : 42644;
6076 : 42644;
6077 : 44692;
6078 : 44724;
6079 : 29903;
6080 : 48599;
6081 : 65535;
6082 : 65535;
6083 : 65535;
6084 : 65535;
6085 : 65535;
6086 : 65535;
6087 : 65535;
6088 : 65535;
6089 : 65535;
6090 : 65535;
6091 : 65535;
6092 : 65535;
6093 : 65535;
6094 : 65535;
6095 : 65535;
6096 : 65535;
6097 : 65535;
6098 : 65535;
6099 : 65535;
6100 : 65535;
6101 : 65535;
6102 : 65535;
6103 : 65535;
6104 : 65535;
6105 : 65535;
6106 : 65535;
6107 : 65535;
6108 : 65535;
6109 : 65535;
6110 : 65535;
6111 : 65535;
6112 : 65535;
6113 : 65535;
6114 : 65535;
6115 : 65535;
6116 : 46486;
6117 : 17194;
6118 : 30227;
6119 : 30291;
6120 : 30259;
6121 : 30259;
6122 : 30259;
6123 : 30259;
6124 : 30259;
6125 : 30291;
6126 : 30194;
6127 : 12903;
6128 : 28114;
6129 : 30291;
6130 : 30259;
6131 : 30259;
6132 : 30259;
6133 : 30259;
6134 : 30259;
6135 : 30259;
6136 : 30259;
6137 : 30259;
6138 : 30259;
6139 : 30259;
6140 : 32371;
6141 : 19469;
6142 : 50712;
6143 : 65535;
6144 : 65535;
6145 : 65535;
6146 : 54970;
6147 : 35853;
6148 : 56882;
6149 : 65333;
6150 : 65301;
6151 : 65333;
6152 : 61108;
6153 : 29448;
6154 : 35589;
6155 : 33445;
6156 : 48496;
6157 : 65365;
6158 : 65333;
6159 : 37932;
6160 : 61140;
6161 : 65333;
6162 : 65301;
6163 : 65301;
6164 : 65333;
6165 : 50609;
6166 : 56947;
6167 : 52689;
6168 : 21452;
6169 : 27920;
6170 : 19209;
6171 : 56882;
6172 : 65333;
6173 : 65301;
6174 : 65301;
6175 : 65301;
6176 : 65301;
6177 : 63220;
6178 : 46383;
6179 : 65333;
6180 : 65301;
6181 : 65301;
6182 : 65301;
6183 : 65333;
6184 : 35852;
6185 : 63220;
6186 : 65301;
6187 : 65301;
6188 : 65333;
6189 : 35754;
6190 : 37637;
6191 : 37670;
6192 : 37834;
6193 : 48463;
6194 : 59028;
6195 : 65333;
6196 : 65366;
6197 : 65333;
6198 : 59124;
6199 : 52948;
6200 : 48820;
6201 : 44692;
6202 : 42644;
6203 : 44692;
6204 : 44724;
6205 : 42644;
6206 : 29806;
6207 : 44405;
6208 : 65535;
6209 : 65535;
6210 : 65535;
6211 : 65535;
6212 : 65535;
6213 : 65535;
6214 : 65535;
6215 : 65535;
6216 : 65535;
6217 : 65535;
6218 : 65535;
6219 : 65535;
6220 : 65535;
6221 : 65535;
6222 : 65535;
6223 : 65535;
6224 : 65535;
6225 : 65535;
6226 : 65535;
6227 : 65535;
6228 : 65535;
6229 : 65535;
6230 : 65535;
6231 : 65535;
6232 : 65535;
6233 : 65535;
6234 : 65535;
6235 : 65535;
6236 : 65535;
6237 : 65535;
6238 : 65535;
6239 : 65535;
6240 : 65535;
6241 : 65535;
6242 : 65535;
6243 : 65535;
6244 : 40211;
6245 : 25871;
6246 : 32372;
6247 : 30259;
6248 : 30259;
6249 : 30259;
6250 : 30259;
6251 : 30259;
6252 : 30259;
6253 : 30259;
6254 : 32339;
6255 : 19468;
6256 : 28114;
6257 : 30259;
6258 : 30259;
6259 : 30259;
6260 : 30259;
6261 : 30259;
6262 : 30259;
6263 : 30259;
6264 : 30259;
6265 : 30259;
6266 : 30259;
6267 : 30259;
6268 : 32371;
6269 : 19372;
6270 : 57018;
6271 : 65535;
6272 : 65535;
6273 : 65535;
6274 : 48631;
6275 : 35920;
6276 : 44271;
6277 : 65365;
6278 : 65301;
6279 : 65301;
6280 : 65333;
6281 : 61108;
6282 : 27336;
6283 : 29252;
6284 : 40012;
6285 : 65366;
6286 : 65333;
6287 : 37965;
6288 : 63220;
6289 : 65301;
6290 : 65301;
6291 : 65301;
6292 : 65301;
6293 : 63220;
6294 : 63220;
6295 : 54802;
6296 : 21484;
6297 : 23662;
6298 : 33804;
6299 : 65366;
6300 : 65333;
6301 : 65333;
6302 : 65333;
6303 : 65301;
6304 : 65333;
6305 : 63253;
6306 : 52722;
6307 : 65333;
6308 : 65301;
6309 : 65301;
6310 : 65333;
6311 : 61140;
6312 : 37965;
6313 : 65333;
6314 : 65301;
6315 : 65333;
6316 : 56915;
6317 : 12611;
6318 : 37834;
6319 : 54834;
6320 : 65333;
6321 : 65365;
6322 : 65333;
6323 : 65301;
6324 : 65301;
6325 : 65301;
6326 : 65301;
6327 : 59125;
6328 : 52948;
6329 : 44692;
6330 : 44692;
6331 : 44725;
6332 : 36208;
6333 : 27596;
6334 : 48631;
6335 : 65535;
6336 : 65535;
6337 : 65535;
6338 : 65535;
6339 : 65535;
6340 : 65535;
6341 : 65535;
6342 : 65535;
6343 : 65535;
6344 : 65535;
6345 : 65535;
6346 : 65535;
6347 : 65535;
6348 : 65535;
6349 : 65535;
6350 : 65535;
6351 : 65535;
6352 : 65535;
6353 : 65535;
6354 : 65535;
6355 : 65535;
6356 : 65535;
6357 : 65535;
6358 : 65535;
6359 : 65535;
6360 : 65535;
6361 : 65535;
6362 : 65535;
6363 : 65535;
6364 : 65535;
6365 : 65535;
6366 : 65535;
6367 : 65535;
6368 : 65535;
6369 : 65535;
6370 : 65535;
6371 : 65535;
6372 : 65535;
6373 : 40308;
6374 : 25936;
6375 : 30291;
6376 : 30259;
6377 : 30259;
6378 : 30259;
6379 : 30259;
6380 : 30259;
6381 : 30259;
6382 : 32339;
6383 : 17323;
6384 : 30194;
6385 : 30259;
6386 : 30259;
6387 : 30259;
6388 : 30259;
6389 : 30259;
6390 : 30259;
6391 : 30259;
6392 : 30259;
6393 : 30259;
6394 : 30259;
6395 : 30259;
6396 : 30291;
6397 : 21387;
6398 : 61245;
6399 : 65535;
6400 : 65535;
6401 : 65535;
6402 : 65535;
6403 : 48631;
6404 : 54802;
6405 : 65333;
6406 : 65301;
6407 : 65301;
6408 : 65301;
6409 : 65333;
6410 : 61140;
6411 : 31594;
6412 : 31626;
6413 : 65366;
6414 : 65333;
6415 : 42158;
6416 : 59027;
6417 : 65333;
6418 : 65301;
6419 : 65301;
6420 : 65333;
6421 : 65333;
6422 : 65366;
6423 : 61140;
6424 : 23467;
6425 : 19339;
6426 : 50577;
6427 : 65366;
6428 : 65333;
6429 : 65333;
6430 : 65333;
6431 : 65333;
6432 : 65333;
6433 : 65333;
6434 : 65301;
6435 : 65301;
6436 : 65301;
6437 : 65301;
6438 : 65333;
6439 : 56914;
6440 : 44303;
6441 : 65365;
6442 : 65301;
6443 : 65366;
6444 : 42158;
6445 : 31626;
6446 : 65366;
6447 : 65333;
6448 : 65301;
6449 : 65301;
6450 : 65301;
6451 : 65301;
6452 : 65301;
6453 : 65301;
6454 : 65301;
6455 : 65301;
6456 : 59124;
6457 : 50901;
6458 : 38353;
6459 : 29774;
6460 : 35985;
6461 : 59197;
6462 : 65535;
6463 : 65535;
6464 : 65535;
6465 : 65535;
6466 : 65535;
6467 : 65535;
6468 : 65535;
6469 : 65535;
6470 : 65535;
6471 : 65535;
6472 : 65535;
6473 : 65535;
6474 : 65535;
6475 : 65535;
6476 : 65535;
6477 : 65535;
6478 : 65535;
6479 : 65535;
6480 : 65535;
6481 : 65535;
6482 : 65535;
6483 : 65535;
6484 : 65535;
6485 : 65535;
6486 : 65535;
6487 : 65535;
6488 : 65535;
6489 : 65535;
6490 : 65535;
6491 : 65535;
6492 : 65535;
6493 : 65535;
6494 : 65535;
6495 : 65535;
6496 : 65535;
6497 : 65535;
6498 : 65535;
6499 : 65535;
6500 : 65535;
6501 : 65535;
6502 : 38163;
6503 : 25904;
6504 : 30259;
6505 : 30259;
6506 : 30291;
6507 : 32339;
6508 : 30259;
6509 : 30259;
6510 : 30227;
6511 : 21516;
6512 : 30259;
6513 : 30259;
6514 : 30259;
6515 : 30259;
6516 : 30259;
6517 : 30259;
6518 : 30259;
6519 : 30259;
6520 : 30259;
6521 : 30259;
6522 : 30259;
6523 : 30259;
6524 : 30291;
6525 : 21387;
6526 : 61309;
6527 : 65535;
6528 : 65535;
6529 : 65535;
6530 : 65535;
6531 : 57083;
6532 : 37998;
6533 : 63253;
6534 : 65333;
6535 : 65301;
6536 : 65301;
6537 : 65301;
6538 : 65333;
6539 : 65301;
6540 : 42158;
6541 : 65333;
6542 : 65333;
6543 : 56915;
6544 : 59028;
6545 : 65333;
6546 : 65301;
6547 : 65333;
6548 : 65333;
6549 : 65333;
6550 : 65333;
6551 : 65366;
6552 : 33837;
6553 : 19177;
6554 : 61108;
6555 : 65366;
6556 : 65334;
6557 : 65334;
6558 : 65333;
6559 : 65333;
6560 : 65333;
6561 : 65333;
6562 : 65333;
6563 : 65333;
6564 : 65333;
6565 : 65301;
6566 : 65333;
6567 : 56914;
6568 : 52689;
6569 : 65333;
6570 : 65301;
6571 : 65333;
6572 : 42190;
6573 : 63220;
6574 : 65333;
6575 : 65301;
6576 : 65301;
6577 : 65301;
6578 : 65301;
6579 : 65301;
6580 : 65301;
6581 : 65301;
6582 : 65333;
6583 : 65333;
6584 : 56947;
6585 : 35950;
6586 : 35953;
6587 : 57051;
6588 : 65535;
6589 : 65535;
6590 : 65535;
6591 : 65535;
6592 : 65535;
6593 : 65535;
6594 : 65535;
6595 : 65535;
6596 : 65535;
6597 : 65535;
6598 : 65535;
6599 : 65535;
6600 : 65535;
6601 : 65535;
6602 : 65535;
6603 : 65535;
6604 : 65535;
6605 : 65535;
6606 : 65535;
6607 : 65535;
6608 : 65535;
6609 : 65535;
6610 : 65535;
6611 : 65535;
6612 : 65535;
6613 : 65535;
6614 : 65535;
6615 : 65535;
6616 : 65535;
6617 : 65535;
6618 : 65535;
6619 : 65535;
6620 : 65535;
6621 : 65535;
6622 : 65535;
6623 : 65535;
6624 : 65535;
6625 : 65535;
6626 : 65535;
6627 : 65535;
6628 : 65535;
6629 : 65535;
6630 : 65503;
6631 : 40276;
6632 : 34098;
6633 : 36178;
6634 : 23500;
6635 : 19468;
6636 : 30291;
6637 : 30291;
6638 : 28049;
6639 : 23726;
6640 : 32339;
6641 : 30259;
6642 : 30259;
6643 : 30259;
6644 : 30259;
6645 : 30259;
6646 : 30259;
6647 : 30259;
6648 : 30259;
6649 : 30259;
6650 : 30259;
6651 : 30259;
6652 : 30259;
6653 : 23469;
6654 : 63390;
6655 : 65535;
6656 : 65535;
6657 : 65535;
6658 : 65535;
6659 : 65535;
6660 : 54938;
6661 : 40111;
6662 : 65301;
6663 : 65333;
6664 : 65301;
6665 : 65301;
6666 : 65301;
6667 : 65301;
6668 : 56883;
6669 : 65301;
6670 : 65301;
6671 : 65333;
6672 : 65301;
6673 : 65301;
6674 : 65333;
6675 : 65333;
6676 : 65333;
6677 : 65333;
6678 : 65333;
6679 : 65366;
6680 : 56948;
6681 : 19047;
6682 : 61141;
6683 : 65366;
6684 : 65334;
6685 : 65334;
6686 : 65334;
6687 : 65334;
6688 : 65334;
6689 : 65334;
6690 : 65333;
6691 : 65333;
6692 : 65333;
6693 : 65333;
6694 : 65333;
6695 : 63220;
6696 : 63188;
6697 : 65333;
6698 : 65333;
6699 : 61108;
6700 : 52721;
6701 : 65333;
6702 : 65301;
6703 : 65301;
6704 : 65301;
6705 : 65301;
6706 : 65301;
6707 : 65301;
6708 : 65333;
6709 : 65365;
6710 : 59027;
6711 : 44272;
6712 : 40146;
6713 : 57051;
6714 : 65535;
6715 : 65535;
6716 : 65535;
6717 : 65535;
6718 : 65535;
6719 : 65535;
6720 : 65535;
6721 : 65535;
6722 : 65535;
6723 : 65535;
6724 : 65535;
6725 : 65535;
6726 : 65535;
6727 : 65535;
6728 : 65535;
6729 : 65535;
6730 : 65535;
6731 : 65535;
6732 : 65535;
6733 : 65535;
6734 : 65535;
6735 : 65535;
6736 : 65535;
6737 : 65535;
6738 : 65535;
6739 : 65535;
6740 : 65535;
6741 : 65535;
6742 : 65535;
6743 : 65535;
6744 : 65535;
6745 : 65535;
6746 : 65535;
6747 : 65535;
6748 : 65535;
6749 : 65535;
6750 : 65535;
6751 : 65535;
6752 : 65535;
6753 : 65535;
6754 : 65535;
6755 : 65535;
6756 : 65535;
6757 : 65535;
6758 : 65535;
6759 : 65535;
6760 : 63357;
6761 : 44437;
6762 : 25678;
6763 : 28049;
6764 : 30291;
6765 : 32339;
6766 : 23759;
6767 : 27984;
6768 : 30291;
6769 : 30259;
6770 : 30259;
6771 : 30259;
6772 : 30259;
6773 : 30259;
6774 : 30259;
6775 : 30259;
6776 : 30259;
6777 : 30259;
6778 : 30259;
6779 : 30259;
6780 : 30259;
6781 : 25614;
6782 : 65503;
6783 : 65535;
6784 : 65535;
6785 : 65535;
6786 : 65535;
6787 : 65535;
6788 : 65535;
6789 : 52825;
6790 : 37966;
6791 : 63188;
6792 : 65333;
6793 : 65301;
6794 : 65301;
6795 : 65301;
6796 : 65333;
6797 : 65301;
6798 : 65301;
6799 : 65301;
6800 : 65301;
6801 : 65301;
6802 : 65334;
6803 : 65334;
6804 : 65334;
6805 : 65334;
6806 : 65366;
6807 : 65367;
6808 : 65399;
6809 : 48497;
6810 : 54803;
6811 : 65366;
6812 : 65334;
6813 : 65334;
6814 : 65366;
6815 : 65367;
6816 : 65366;
6817 : 65334;
6818 : 65334;
6819 : 65333;
6820 : 65333;
6821 : 65333;
6822 : 65333;
6823 : 65333;
6824 : 65333;
6825 : 65301;
6826 : 65301;
6827 : 65301;
6828 : 65333;
6829 : 65301;
6830 : 65301;
6831 : 65301;
6832 : 65301;
6833 : 65301;
6834 : 65301;
6835 : 65365;
6836 : 63220;
6837 : 44336;
6838 : 44372;
6839 : 59164;
6840 : 65535;
6841 : 65535;
6842 : 65535;
6843 : 65535;
6844 : 65535;
6845 : 65535;
6846 : 65535;
6847 : 65535;
6848 : 65535;
6849 : 65535;
6850 : 65535;
6851 : 65535;
6852 : 65535;
6853 : 65535;
6854 : 65535;
6855 : 65535;
6856 : 65535;
6857 : 65535;
6858 : 65535;
6859 : 65535;
6860 : 65535;
6861 : 65535;
6862 : 65535;
6863 : 65535;
6864 : 65535;
6865 : 65535;
6866 : 65535;
6867 : 65535;
6868 : 65535;
6869 : 65535;
6870 : 65535;
6871 : 65535;
6872 : 65535;
6873 : 65535;
6874 : 65535;
6875 : 65535;
6876 : 65535;
6877 : 65535;
6878 : 65535;
6879 : 65535;
6880 : 65535;
6881 : 65535;
6882 : 65535;
6883 : 65535;
6884 : 65535;
6885 : 65535;
6886 : 65535;
6887 : 61277;
6888 : 23501;
6889 : 26001;
6890 : 30291;
6891 : 30291;
6892 : 30259;
6893 : 30291;
6894 : 21581;
6895 : 30194;
6896 : 30259;
6897 : 30259;
6898 : 30259;
6899 : 30259;
6900 : 30259;
6901 : 30259;
6902 : 30259;
6903 : 30259;
6904 : 30259;
6905 : 30259;
6906 : 30259;
6907 : 30259;
6908 : 28114;
6909 : 27630;
6910 : 65535;
6911 : 65535;
6912 : 65535;
6913 : 65535;
6914 : 65535;
6915 : 65535;
6916 : 65535;
6917 : 65535;
6918 : 52857;
6919 : 35854;
6920 : 56914;
6921 : 65365;
6922 : 65301;
6923 : 65301;
6924 : 65301;
6925 : 65301;
6926 : 65301;
6927 : 65301;
6928 : 65301;
6929 : 65334;
6930 : 65334;
6931 : 65334;
6932 : 65334;
6933 : 65367;
6934 : 65367;
6935 : 65367;
6936 : 65367;
6937 : 65399;
6938 : 63286;
6939 : 65367;
6940 : 65367;
6941 : 65367;
6942 : 65367;
6943 : 65367;
6944 : 65367;
6945 : 65366;
6946 : 65334;
6947 : 65334;
6948 : 65333;
6949 : 65333;
6950 : 65333;
6951 : 65301;
6952 : 65301;
6953 : 65301;
6954 : 65301;
6955 : 65301;
6956 : 65301;
6957 : 65301;
6958 : 65301;
6959 : 65301;
6960 : 65333;
6961 : 65333;
6962 : 65333;
6963 : 52689;
6964 : 44338;
6965 : 54970;
6966 : 65535;
6967 : 65535;
6968 : 65535;
6969 : 65535;
6970 : 65535;
6971 : 65535;
6972 : 65535;
6973 : 65535;
6974 : 65535;
6975 : 65535;
6976 : 65535;
6977 : 65535;
6978 : 65535;
6979 : 65535;
6980 : 65535;
6981 : 65535;
6982 : 65535;
6983 : 65535;
6984 : 65535;
6985 : 65535;
6986 : 65535;
6987 : 65535;
6988 : 65535;
6989 : 65535;
6990 : 65535;
6991 : 65535;
6992 : 65535;
6993 : 65535;
6994 : 65535;
6995 : 65535;
6996 : 65535;
6997 : 65535;
6998 : 65535;
6999 : 65535;
7000 : 65535;
7001 : 65535;
7002 : 65535;
7003 : 65535;
7004 : 65535;
7005 : 65535;
7006 : 65535;
7007 : 65535;
7008 : 65535;
7009 : 65535;
7010 : 65535;
7011 : 65535;
7012 : 65535;
7013 : 65535;
7014 : 65535;
7015 : 52792;
7016 : 19371;
7017 : 32404;
7018 : 30259;
7019 : 30259;
7020 : 30291;
7021 : 28114;
7022 : 21581;
7023 : 30291;
7024 : 30259;
7025 : 30259;
7026 : 30259;
7027 : 30259;
7028 : 30259;
7029 : 30259;
7030 : 30259;
7031 : 30259;
7032 : 30259;
7033 : 30227;
7034 : 30194;
7035 : 28049;
7036 : 21517;
7037 : 36018;
7038 : 65535;
7039 : 65535;
7040 : 65535;
7041 : 65535;
7042 : 65535;
7043 : 65535;
7044 : 65535;
7045 : 65535;
7046 : 65535;
7047 : 61277;
7048 : 35919;
7049 : 52657;
7050 : 65365;
7051 : 65333;
7052 : 65301;
7053 : 65301;
7054 : 65301;
7055 : 65301;
7056 : 65333;
7057 : 65334;
7058 : 65334;
7059 : 65367;
7060 : 65367;
7061 : 65367;
7062 : 65367;
7063 : 65367;
7064 : 65367;
7065 : 65367;
7066 : 65367;
7067 : 65367;
7068 : 65367;
7069 : 65367;
7070 : 65367;
7071 : 65367;
7072 : 65367;
7073 : 65367;
7074 : 65366;
7075 : 65334;
7076 : 65334;
7077 : 65334;
7078 : 65333;
7079 : 65333;
7080 : 65301;
7081 : 65301;
7082 : 65301;
7083 : 65301;
7084 : 65301;
7085 : 65301;
7086 : 65301;
7087 : 65333;
7088 : 61140;
7089 : 56947;
7090 : 31626;
7091 : 33807;
7092 : 61310;
7093 : 65535;
7094 : 65535;
7095 : 65535;
7096 : 65535;
7097 : 65535;
7098 : 65535;
7099 : 65535;
7100 : 65535;
7101 : 65535;
7102 : 65535;
7103 : 65535;
7104 : 65535;
7105 : 65535;
7106 : 65535;
7107 : 65535;
7108 : 65535;
7109 : 65535;
7110 : 65535;
7111 : 65535;
7112 : 65535;
7113 : 65535;
7114 : 65535;
7115 : 65535;
7116 : 65535;
7117 : 65535;
7118 : 65535;
7119 : 65535;
7120 : 65535;
7121 : 65535;
7122 : 65535;
7123 : 65535;
7124 : 65535;
7125 : 65535;
7126 : 65535;
7127 : 65535;
7128 : 65535;
7129 : 65535;
7130 : 65535;
7131 : 65535;
7132 : 65535;
7133 : 65535;
7134 : 65535;
7135 : 65535;
7136 : 65535;
7137 : 65535;
7138 : 65535;
7139 : 65535;
7140 : 65535;
7141 : 65535;
7142 : 65535;
7143 : 50712;
7144 : 19339;
7145 : 28017;
7146 : 30226;
7147 : 30259;
7148 : 32339;
7149 : 25872;
7150 : 25839;
7151 : 30291;
7152 : 30259;
7153 : 30259;
7154 : 30259;
7155 : 30259;
7156 : 30259;
7157 : 30259;
7158 : 30227;
7159 : 30194;
7160 : 28082;
7161 : 28017;
7162 : 25872;
7163 : 23468;
7164 : 50712;
7165 : 65535;
7166 : 65535;
7167 : 65535;
7168 : 65535;
7169 : 65535;
7170 : 65535;
7171 : 65535;
7172 : 65535;
7173 : 65535;
7174 : 65535;
7175 : 65535;
7176 : 65503;
7177 : 44372;
7178 : 44303;
7179 : 65333;
7180 : 65333;
7181 : 65301;
7182 : 65301;
7183 : 65301;
7184 : 65366;
7185 : 65399;
7186 : 65367;
7187 : 65367;
7188 : 65367;
7189 : 65367;
7190 : 65367;
7191 : 65367;
7192 : 65367;
7193 : 65367;
7194 : 65367;
7195 : 65367;
7196 : 65367;
7197 : 65367;
7198 : 65367;
7199 : 65367;
7200 : 65367;
7201 : 65367;
7202 : 65367;
7203 : 65366;
7204 : 65366;
7205 : 65399;
7206 : 63285;
7207 : 63253;
7208 : 65366;
7209 : 65333;
7210 : 65301;
7211 : 65301;
7212 : 65301;
7213 : 65301;
7214 : 63220;
7215 : 46383;
7216 : 44271;
7217 : 54769;
7218 : 52721;
7219 : 48464;
7220 : 33773;
7221 : 40147;
7222 : 65503;
7223 : 65535;
7224 : 65535;
7225 : 65535;
7226 : 65535;
7227 : 65535;
7228 : 65535;
7229 : 65535;
7230 : 65535;
7231 : 65535;
7232 : 65535;
7233 : 65535;
7234 : 65535;
7235 : 65535;
7236 : 65535;
7237 : 65535;
7238 : 65535;
7239 : 65535;
7240 : 65535;
7241 : 65535;
7242 : 65535;
7243 : 65535;
7244 : 65535;
7245 : 65535;
7246 : 65535;
7247 : 65535;
7248 : 65535;
7249 : 65535;
7250 : 65535;
7251 : 65535;
7252 : 65535;
7253 : 65535;
7254 : 65535;
7255 : 65535;
7256 : 65535;
7257 : 65535;
7258 : 65535;
7259 : 65535;
7260 : 65535;
7261 : 65535;
7262 : 65535;
7263 : 65535;
7264 : 65535;
7265 : 65535;
7266 : 65535;
7267 : 65535;
7268 : 65535;
7269 : 65535;
7270 : 65535;
7271 : 46486;
7272 : 21226;
7273 : 15113;
7274 : 27984;
7275 : 30130;
7276 : 30194;
7277 : 21549;
7278 : 30130;
7279 : 32307;
7280 : 32275;
7281 : 30194;
7282 : 30194;
7283 : 30194;
7284 : 30162;
7285 : 30130;
7286 : 30097;
7287 : 28017;
7288 : 27952;
7289 : 27919;
7290 : 17258;
7291 : 38066;
7292 : 65535;
7293 : 65535;
7294 : 65535;
7295 : 65535;
7296 : 65535;
7297 : 65535;
7298 : 65535;
7299 : 65535;
7300 : 65535;
7301 : 65535;
7302 : 65535;
7303 : 65535;
7304 : 61309;
7305 : 57083;
7306 : 38098;
7307 : 25321;
7308 : 56915;
7309 : 65365;
7310 : 65301;
7311 : 65333;
7312 : 35819;
7313 : 40045;
7314 : 63254;
7315 : 65399;
7316 : 65367;
7317 : 65367;
7318 : 65367;
7319 : 65367;
7320 : 65367;
7321 : 65367;
7322 : 65367;
7323 : 65367;
7324 : 65367;
7325 : 65367;
7326 : 65367;
7327 : 65367;
7328 : 65367;
7329 : 65367;
7330 : 65367;
7331 : 65399;
7332 : 61173;
7333 : 33707;
7334 : 29416;
7335 : 29448;
7336 : 44206;
7337 : 61108;
7338 : 65365;
7339 : 65333;
7340 : 65301;
7341 : 65333;
7342 : 61140;
7343 : 59027;
7344 : 65333;
7345 : 63188;
7346 : 40077;
7347 : 31694;
7348 : 52825;
7349 : 61309;
7350 : 65535;
7351 : 65535;
7352 : 65535;
7353 : 65535;
7354 : 65535;
7355 : 65535;
7356 : 65535;
7357 : 65535;
7358 : 65535;
7359 : 65535;
7360 : 65535;
7361 : 65535;
7362 : 65535;
7363 : 65535;
7364 : 65535;
7365 : 65535;
7366 : 65535;
7367 : 65535;
7368 : 65535;
7369 : 65535;
7370 : 65535;
7371 : 65535;
7372 : 65535;
7373 : 65535;
7374 : 65535;
7375 : 65535;
7376 : 65535;
7377 : 65535;
7378 : 65535;
7379 : 65535;
7380 : 65535;
7381 : 65535;
7382 : 65535;
7383 : 65535;
7384 : 65535;
7385 : 65535;
7386 : 65535;
7387 : 65535;
7388 : 65535;
7389 : 65535;
7390 : 65535;
7391 : 65535;
7392 : 65535;
7393 : 65535;
7394 : 65535;
7395 : 65535;
7396 : 65535;
7397 : 65535;
7398 : 50744;
7399 : 21387;
7400 : 29968;
7401 : 32080;
7402 : 32080;
7403 : 30032;
7404 : 27984;
7405 : 21451;
7406 : 32177;
7407 : 32177;
7408 : 32177;
7409 : 32177;
7410 : 30065;
7411 : 28017;
7412 : 27985;
7413 : 27985;
7414 : 27984;
7415 : 23694;
7416 : 21452;
7417 : 25581;
7418 : 35985;
7419 : 59164;
7420 : 65535;
7421 : 65535;
7422 : 65535;
7423 : 65535;
7424 : 65535;
7425 : 65535;
7426 : 65535;
7427 : 65535;
7428 : 65535;
7429 : 65535;
7430 : 57051;
7431 : 31727;
7432 : 38031;
7433 : 46417;
7434 : 54802;
7435 : 48464;
7436 : 40045;
7437 : 52721;
7438 : 65366;
7439 : 52657;
7440 : 31530;
7441 : 33576;
7442 : 27335;
7443 : 61174;
7444 : 65367;
7445 : 65367;
7446 : 65367;
7447 : 65367;
7448 : 65367;
7449 : 65367;
7450 : 65367;
7451 : 65367;
7452 : 65367;
7453 : 65367;
7454 : 65367;
7455 : 65367;
7456 : 65367;
7457 : 63254;
7458 : 65367;
7459 : 63254;
7460 : 29448;
7461 : 27172;
7462 : 29252;
7463 : 33477;
7464 : 31365;
7465 : 31431;
7466 : 48431;
7467 : 65333;
7468 : 65301;
7469 : 65301;
7470 : 65333;
7471 : 63221;
7472 : 56882;
7473 : 33740;
7474 : 44372;
7475 : 65535;
7476 : 65535;
7477 : 65535;
7478 : 65535;
7479 : 65535;
7480 : 65535;
7481 : 65535;
7482 : 65535;
7483 : 65535;
7484 : 65535;
7485 : 65535;
7486 : 65535;
7487 : 65535;
7488 : 65535;
7489 : 65535;
7490 : 65535;
7491 : 65535;
7492 : 65535;
7493 : 65535;
7494 : 65535;
7495 : 65535;
7496 : 65535;
7497 : 65535;
7498 : 65535;
7499 : 65535;
7500 : 65535;
7501 : 65535;
7502 : 65535;
7503 : 65535;
7504 : 65535;
7505 : 65535;
7506 : 65535;
7507 : 65535;
7508 : 65535;
7509 : 65535;
7510 : 65535;
7511 : 65535;
7512 : 65535;
7513 : 65535;
7514 : 65535;
7515 : 65535;
7516 : 65535;
7517 : 65535;
7518 : 65535;
7519 : 65535;
7520 : 65535;
7521 : 65535;
7522 : 65535;
7523 : 65535;
7524 : 65535;
7525 : 65535;
7526 : 31759;
7527 : 31950;
7528 : 36176;
7529 : 36176;
7530 : 36176;
7531 : 36209;
7532 : 27693;
7533 : 23500;
7534 : 34161;
7535 : 32080;
7536 : 32048;
7537 : 32048;
7538 : 30000;
7539 : 27952;
7540 : 27920;
7541 : 25775;
7542 : 21387;
7543 : 33904;
7544 : 54906;
7545 : 63422;
7546 : 65535;
7547 : 65535;
7548 : 65535;
7549 : 65535;
7550 : 65535;
7551 : 65535;
7552 : 65535;
7553 : 65535;
7554 : 65535;
7555 : 65535;
7556 : 65535;
7557 : 65535;
7558 : 65503;
7559 : 61309;
7560 : 57050;
7561 : 46485;
7562 : 40079;
7563 : 52689;
7564 : 65333;
7565 : 44238;
7566 : 59027;
7567 : 42125;
7568 : 54872;
7569 : 56984;
7570 : 20899;
7571 : 35820;
7572 : 65431;
7573 : 61174;
7574 : 54803;
7575 : 65399;
7576 : 65367;
7577 : 65367;
7578 : 65367;
7579 : 65367;
7580 : 65367;
7581 : 65367;
7582 : 65367;
7583 : 65399;
7584 : 56948;
7585 : 54868;
7586 : 65432;
7587 : 37900;
7588 : 44208;
7589 : 48467;
7590 : 25092;
7591 : 29285;
7592 : 37670;
7593 : 37670;
7594 : 23012;
7595 : 40045;
7596 : 65333;
7597 : 65333;
7598 : 63220;
7599 : 56882;
7600 : 33707;
7601 : 44405;
7602 : 65535;
7603 : 65535;
7604 : 65535;
7605 : 65535;
7606 : 65535;
7607 : 65535;
7608 : 65535;
7609 : 65535;
7610 : 65503;
7611 : 65503;
7612 : 65535;
7613 : 65535;
7614 : 65535;
7615 : 65535;
7616 : 65535;
7617 : 65535;
7618 : 65535;
7619 : 65535;
7620 : 65535;
7621 : 65535;
7622 : 65535;
7623 : 65535;
7624 : 65535;
7625 : 65535;
7626 : 65535;
7627 : 65535;
7628 : 65535;
7629 : 65535;
7630 : 65535;
7631 : 65535;
7632 : 65535;
7633 : 65535;
7634 : 65535;
7635 : 65535;
7636 : 65535;
7637 : 65535;
7638 : 65535;
7639 : 65535;
7640 : 65535;
7641 : 65535;
7642 : 65535;
7643 : 65535;
7644 : 65535;
7645 : 65535;
7646 : 65535;
7647 : 65535;
7648 : 65535;
7649 : 65535;
7650 : 65535;
7651 : 65535;
7652 : 65535;
7653 : 52857;
7654 : 25516;
7655 : 36176;
7656 : 36144;
7657 : 38257;
7658 : 38224;
7659 : 38289;
7660 : 21257;
7661 : 29806;
7662 : 38257;
7663 : 36176;
7664 : 34128;
7665 : 32048;
7666 : 30000;
7667 : 30000;
7668 : 23726;
7669 : 23371;
7670 : 57051;
7671 : 65535;
7672 : 65535;
7673 : 65535;
7674 : 65535;
7675 : 65535;
7676 : 65535;
7677 : 65535;
7678 : 65535;
7679 : 65535;
7680 : 65535;
7681 : 65535;
7682 : 65535;
7683 : 65535;
7684 : 65535;
7685 : 65535;
7686 : 65535;
7687 : 65535;
7688 : 65535;
7689 : 65535;
7690 : 63390;
7691 : 46518;
7692 : 42191;
7693 : 61107;
7694 : 63253;
7695 : 40012;
7696 : 54937;
7697 : 63389;
7698 : 29318;
7699 : 20932;
7700 : 54835;
7701 : 65367;
7702 : 52690;
7703 : 65367;
7704 : 65367;
7705 : 65367;
7706 : 65367;
7707 : 65367;
7708 : 65367;
7709 : 65367;
7710 : 65367;
7711 : 65367;
7712 : 37998;
7713 : 63287;
7714 : 52690;
7715 : 27303;
7716 : 65437;
7717 : 65503;
7718 : 33609;
7719 : 31365;
7720 : 41862;
7721 : 43943;
7722 : 33445;
7723 : 37900;
7724 : 65333;
7725 : 63252;
7726 : 56915;
7727 : 40045;
7728 : 42292;
7729 : 65535;
7730 : 65535;
7731 : 65535;
7732 : 65535;
7733 : 65535;
7734 : 65535;
7735 : 65535;
7736 : 65535;
7737 : 65535;
7738 : 65503;
7739 : 40147;
7740 : 57083;
7741 : 65535;
7742 : 65535;
7743 : 65535;
7744 : 65535;
7745 : 65535;
7746 : 65535;
7747 : 65535;
7748 : 65535;
7749 : 65535;
7750 : 65535;
7751 : 65535;
7752 : 65535;
7753 : 65535;
7754 : 65535;
7755 : 65535;
7756 : 65535;
7757 : 65535;
7758 : 65535;
7759 : 65535;
7760 : 65535;
7761 : 65535;
7762 : 65535;
7763 : 65535;
7764 : 65535;
7765 : 65535;
7766 : 65535;
7767 : 65535;
7768 : 65535;
7769 : 65535;
7770 : 65535;
7771 : 65535;
7772 : 65535;
7773 : 65535;
7774 : 65535;
7775 : 65535;
7776 : 65535;
7777 : 65535;
7778 : 65535;
7779 : 65535;
7780 : 63422;
7781 : 29613;
7782 : 33999;
7783 : 36144;
7784 : 36144;
7785 : 36176;
7786 : 38257;
7787 : 36176;
7788 : 16999;
7789 : 36144;
7790 : 38257;
7791 : 38225;
7792 : 36176;
7793 : 36176;
7794 : 32080;
7795 : 29968;
7796 : 25839;
7797 : 23565;
7798 : 44437;
7799 : 65535;
7800 : 65535;
7801 : 65535;
7802 : 65535;
7803 : 65535;
7804 : 65535;
7805 : 65535;
7806 : 65535;
7807 : 65535;
7808 : 65535;
7809 : 65535;
7810 : 65535;
7811 : 65535;
7812 : 65535;
7813 : 65535;
7814 : 65535;
7815 : 65535;
7816 : 65535;
7817 : 65535;
7818 : 65535;
7819 : 65535;
7820 : 59197;
7821 : 44305;
7822 : 63221;
7823 : 42125;
7824 : 46353;
7825 : 65470;
7826 : 31463;
7827 : 23011;
7828 : 31562;
7829 : 65399;
7830 : 61141;
7831 : 65367;
7832 : 65367;
7833 : 65367;
7834 : 65367;
7835 : 65367;
7836 : 65367;
7837 : 65367;
7838 : 65367;
7839 : 65334;
7840 : 54803;
7841 : 65367;
7842 : 31561;
7843 : 35656;
7844 : 65502;
7845 : 65535;
7846 : 37770;
7847 : 31365;
7848 : 43910;
7849 : 48103;
7850 : 39718;
7851 : 52689;
7852 : 65333;
7853 : 58963;
7854 : 48464;
7855 : 33774;
7856 : 65503;
7857 : 65535;
7858 : 65535;
7859 : 65535;
7860 : 65535;
7861 : 65535;
7862 : 65535;
7863 : 65535;
7864 : 65535;
7865 : 65535;
7866 : 65535;
7867 : 42292;
7868 : 23371;
7869 : 61277;
7870 : 65535;
7871 : 65535;
7872 : 65535;
7873 : 65535;
7874 : 65535;
7875 : 65535;
7876 : 65535;
7877 : 65535;
7878 : 65535;
7879 : 65535;
7880 : 65535;
7881 : 65535;
7882 : 65535;
7883 : 65535;
7884 : 65535;
7885 : 65535;
7886 : 65535;
7887 : 65535;
7888 : 65535;
7889 : 65535;
7890 : 65535;
7891 : 65535;
7892 : 65535;
7893 : 65535;
7894 : 65535;
7895 : 65535;
7896 : 65535;
7897 : 65535;
7898 : 65535;
7899 : 65535;
7900 : 65535;
7901 : 65535;
7902 : 65535;
7903 : 65535;
7904 : 65535;
7905 : 65535;
7906 : 65535;
7907 : 65535;
7908 : 35953;
7909 : 29741;
7910 : 36176;
7911 : 36144;
7912 : 36144;
7913 : 36144;
7914 : 38257;
7915 : 29773;
7916 : 25516;
7917 : 38289;
7918 : 36209;
7919 : 38225;
7920 : 38225;
7921 : 36176;
7922 : 34096;
7923 : 29967;
7924 : 27887;
7925 : 27887;
7926 : 21484;
7927 : 36018;
7928 : 63390;
7929 : 65535;
7930 : 65535;
7931 : 65535;
7932 : 65535;
7933 : 65535;
7934 : 65535;
7935 : 65535;
7936 : 65535;
7937 : 65535;
7938 : 65535;
7939 : 65535;
7940 : 65535;
7941 : 65535;
7942 : 65535;
7943 : 65535;
7944 : 65535;
7945 : 65535;
7946 : 65535;
7947 : 65535;
7948 : 65535;
7949 : 61277;
7950 : 46417;
7951 : 52689;
7952 : 29317;
7953 : 50381;
7954 : 33478;
7955 : 29285;
7956 : 23012;
7957 : 52755;
7958 : 65399;
7959 : 65367;
7960 : 65367;
7961 : 65367;
7962 : 65367;
7963 : 65367;
7964 : 65367;
7965 : 65367;
7966 : 65367;
7967 : 65367;
7968 : 65399;
7969 : 52722;
7970 : 25125;
7971 : 39750;
7972 : 56886;
7973 : 56952;
7974 : 33478;
7975 : 33445;
7976 : 46056;
7977 : 50249;
7978 : 37768;
7979 : 56915;
7980 : 59027;
7981 : 54770;
7982 : 33707;
7983 : 54970;
7984 : 65535;
7985 : 65535;
7986 : 65535;
7987 : 65535;
7988 : 65535;
7989 : 65535;
7990 : 65535;
7991 : 65535;
7992 : 65535;
7993 : 65535;
7994 : 65535;
7995 : 50744;
7996 : 21387;
7997 : 31824;
7998 : 65503;
7999 : 65535;
8000 : 65535;
8001 : 65535;
8002 : 65535;
8003 : 65535;
8004 : 65535;
8005 : 65535;
8006 : 65535;
8007 : 65535;
8008 : 65535;
8009 : 65535;
8010 : 65535;
8011 : 65535;
8012 : 65535;
8013 : 65535;
8014 : 65535;
8015 : 65535;
8016 : 65535;
8017 : 65535;
8018 : 65535;
8019 : 65535;
8020 : 65535;
8021 : 65535;
8022 : 65535;
8023 : 65535;
8024 : 65535;
8025 : 65535;
8026 : 65535;
8027 : 65535;
8028 : 65535;
8029 : 65535;
8030 : 65535;
8031 : 65535;
8032 : 65535;
8033 : 65535;
8034 : 65535;
8035 : 40211;
8036 : 27596;
8037 : 36176;
8038 : 36144;
8039 : 36144;
8040 : 36144;
8041 : 36144;
8042 : 33967;
8043 : 23370;
8044 : 36144;
8045 : 36176;
8046 : 36176;
8047 : 36176;
8048 : 36144;
8049 : 36144;
8050 : 36144;
8051 : 34064;
8052 : 32015;
8053 : 27887;
8054 : 27919;
8055 : 23629;
8056 : 25549;
8057 : 55002;
8058 : 65535;
8059 : 65535;
8060 : 65535;
8061 : 65535;
8062 : 65535;
8063 : 65535;
8064 : 65535;
8065 : 65535;
8066 : 65535;
8067 : 65535;
8068 : 65535;
8069 : 65535;
8070 : 65535;
8071 : 65535;
8072 : 65535;
8073 : 65535;
8074 : 65535;
8075 : 65535;
8076 : 65535;
8077 : 65535;
8078 : 50679;
8079 : 54802;
8080 : 31593;
8081 : 37604;
8082 : 39750;
8083 : 31397;
8084 : 31365;
8085 : 37900;
8086 : 65399;
8087 : 65367;
8088 : 65367;
8089 : 65367;
8090 : 65367;
8091 : 65367;
8092 : 65367;
8093 : 65367;
8094 : 65367;
8095 : 65334;
8096 : 65398;
8097 : 37900;
8098 : 29284;
8099 : 43910;
8100 : 43943;
8101 : 33510;
8102 : 29317;
8103 : 37638;
8104 : 50281;
8105 : 46089;
8106 : 42125;
8107 : 61108;
8108 : 54802;
8109 : 42158;
8110 : 35921;
8111 : 65535;
8112 : 65535;
8113 : 65535;
8114 : 65535;
8115 : 65535;
8116 : 65535;
8117 : 65535;
8118 : 65535;
8119 : 65535;
8120 : 65535;
8121 : 65535;
8122 : 65535;
8123 : 42292;
8124 : 25677;
8125 : 21420;
8126 : 48631;
8127 : 65535;
8128 : 65535;
8129 : 65535;
8130 : 65535;
8131 : 65535;
8132 : 65535;
8133 : 65535;
8134 : 65535;
8135 : 65535;
8136 : 65535;
8137 : 65535;
8138 : 65535;
8139 : 65535;
8140 : 65535;
8141 : 65535;
8142 : 65535;
8143 : 65535;
8144 : 65535;
8145 : 65535;
8146 : 65535;
8147 : 65535;
8148 : 65535;
8149 : 65535;
8150 : 65535;
8151 : 65535;
8152 : 65535;
8153 : 65535;
8154 : 65535;
8155 : 65535;
8156 : 65535;
8157 : 65535;
8158 : 65535;
8159 : 65535;
8160 : 65535;
8161 : 65503;
8162 : 40146;
8163 : 27628;
8164 : 36176;
8165 : 36144;
8166 : 36144;
8167 : 36144;
8168 : 36144;
8169 : 36112;
8170 : 23403;
8171 : 33999;
8172 : 36144;
8173 : 36144;
8174 : 36144;
8175 : 36144;
8176 : 36144;
8177 : 36144;
8178 : 36144;
8179 : 36144;
8180 : 34064;
8181 : 32015;
8182 : 27887;
8183 : 27919;
8184 : 21581;
8185 : 38131;
8186 : 65535;
8187 : 65535;
8188 : 65535;
8189 : 65535;
8190 : 65535;
8191 : 65535;
8192 : 65535;
8193 : 65535;
8194 : 65535;
8195 : 65535;
8196 : 65535;
8197 : 65535;
8198 : 65535;
8199 : 65535;
8200 : 65535;
8201 : 65535;
8202 : 65535;
8203 : 65535;
8204 : 65535;
8205 : 65535;
8206 : 63390;
8207 : 44272;
8208 : 63253;
8209 : 35754;
8210 : 33477;
8211 : 41831;
8212 : 43943;
8213 : 29318;
8214 : 61141;
8215 : 65367;
8216 : 65367;
8217 : 65367;
8218 : 65367;
8219 : 65367;
8220 : 65367;
8221 : 65367;
8222 : 65334;
8223 : 65334;
8224 : 65334;
8225 : 25321;
8226 : 27172;
8227 : 41862;
8228 : 46022;
8229 : 41830;
8230 : 39718;
8231 : 43910;
8232 : 41863;
8233 : 39947;
8234 : 56915;
8235 : 54802;
8236 : 48464;
8237 : 29580;
8238 : 61277;
8239 : 65535;
8240 : 65535;
8241 : 65535;
8242 : 65535;
8243 : 65535;
8244 : 65535;
8245 : 65535;
8246 : 65535;
8247 : 65535;
8248 : 65535;
8249 : 65535;
8250 : 61277;
8251 : 21323;
8252 : 27887;
8253 : 21548;
8254 : 38099;
8255 : 65535;
8256 : 65535;
8257 : 65535;
8258 : 65535;
8259 : 65535;
8260 : 65535;
8261 : 65535;
8262 : 65535;
8263 : 65535;
8264 : 65535;
8265 : 65535;
8266 : 65535;
8267 : 65535;
8268 : 65535;
8269 : 65535;
8270 : 65535;
8271 : 65535;
8272 : 65535;
8273 : 65535;
8274 : 65535;
8275 : 65535;
8276 : 65535;
8277 : 65535;
8278 : 65535;
8279 : 65535;
8280 : 65535;
8281 : 65535;
8282 : 65535;
8283 : 65535;
8284 : 65535;
8285 : 65535;
8286 : 65535;
8287 : 65535;
8288 : 57051;
8289 : 31726;
8290 : 31821;
8291 : 38224;
8292 : 36144;
8293 : 36144;
8294 : 38192;
8295 : 38224;
8296 : 36079;
8297 : 25548;
8298 : 33999;
8299 : 36144;
8300 : 36144;
8301 : 36144;
8302 : 36144;
8303 : 36144;
8304 : 36144;
8305 : 36144;
8306 : 36144;
8307 : 36144;
8308 : 36144;
8309 : 36144;
8310 : 32015;
8311 : 27919;
8312 : 21484;
8313 : 54938;
8314 : 65535;
8315 : 65535;
8316 : 65535;
8317 : 65535;
8318 : 65535;
8319 : 65535;
8320 : 65535;
8321 : 65535;
8322 : 65535;
8323 : 65535;
8324 : 65535;
8325 : 65535;
8326 : 65535;
8327 : 65535;
8328 : 65535;
8329 : 65535;
8330 : 65535;
8331 : 65535;
8332 : 65535;
8333 : 65535;
8334 : 65535;
8335 : 42258;
8336 : 63220;
8337 : 65333;
8338 : 50576;
8339 : 46286;
8340 : 46221;
8341 : 35786;
8342 : 52690;
8343 : 65399;
8344 : 65367;
8345 : 65367;
8346 : 65367;
8347 : 65367;
8348 : 65366;
8349 : 65334;
8350 : 65333;
8351 : 65333;
8352 : 61140;
8353 : 35820;
8354 : 48464;
8355 : 39947;
8356 : 33575;
8357 : 37735;
8358 : 39816;
8359 : 37834;
8360 : 44270;
8361 : 56915;
8362 : 54802;
8363 : 52625;
8364 : 31627;
8365 : 52825;
8366 : 65535;
8367 : 65535;
8368 : 65535;
8369 : 65535;
8370 : 65535;
8371 : 65535;
8372 : 65535;
8373 : 65535;
8374 : 65535;
8375 : 65535;
8376 : 65535;
8377 : 65535;
8378 : 33840;
8379 : 21516;
8380 : 27920;
8381 : 23629;
8382 : 42325;
8383 : 65535;
8384 : 65535;
8385 : 65535;
8386 : 65535;
8387 : 65535;
8388 : 65535;
8389 : 65535;
8390 : 65535;
8391 : 65535;
8392 : 65535;
8393 : 65535;
8394 : 65535;
8395 : 65535;
8396 : 65535;
8397 : 65535;
8398 : 65535;
8399 : 65535;
8400 : 65535;
8401 : 65535;
8402 : 65535;
8403 : 65535;
8404 : 65535;
8405 : 65535;
8406 : 65535;
8407 : 65535;
8408 : 65535;
8409 : 65535;
8410 : 65535;
8411 : 65535;
8412 : 65535;
8413 : 65535;
8414 : 65503;
8415 : 46453;
8416 : 31627;
8417 : 44303;
8418 : 48529;
8419 : 44400;
8420 : 42320;
8421 : 42352;
8422 : 40240;
8423 : 29741;
8424 : 25483;
8425 : 33999;
8426 : 36144;
8427 : 36144;
8428 : 36144;
8429 : 36144;
8430 : 36144;
8431 : 36144;
8432 : 36144;
8433 : 36144;
8434 : 36144;
8435 : 36144;
8436 : 36144;
8437 : 36144;
8438 : 36144;
8439 : 27822;
8440 : 23372;
8441 : 65503;
8442 : 65535;
8443 : 65535;
8444 : 65535;
8445 : 65535;
8446 : 65535;
8447 : 65535;
8448 : 65535;
8449 : 65535;
8450 : 65535;
8451 : 65535;
8452 : 65535;
8453 : 65535;
8454 : 65535;
8455 : 65535;
8456 : 65535;
8457 : 65535;
8458 : 65535;
8459 : 65535;
8460 : 65535;
8461 : 65535;
8462 : 65535;
8463 : 52792;
8464 : 54802;
8465 : 65365;
8466 : 65365;
8467 : 65365;
8468 : 65333;
8469 : 65333;
8470 : 63220;
8471 : 65334;
8472 : 65334;
8473 : 65334;
8474 : 65334;
8475 : 65334;
8476 : 65333;
8477 : 65333;
8478 : 65333;
8479 : 65301;
8480 : 63220;
8481 : 59027;
8482 : 65366;
8483 : 65334;
8484 : 61173;
8485 : 61140;
8486 : 63220;
8487 : 61140;
8488 : 58995;
8489 : 54738;
8490 : 52657;
8491 : 29514;
8492 : 33807;
8493 : 65535;
8494 : 65535;
8495 : 65535;
8496 : 65535;
8497 : 65535;
8498 : 65535;
8499 : 65535;
8500 : 65535;
8501 : 65535;
8502 : 65535;
8503 : 65535;
8504 : 65535;
8505 : 42259;
8506 : 19339;
8507 : 27920;
8508 : 27887;
8509 : 23597;
8510 : 54938;
8511 : 65535;
8512 : 65535;
8513 : 65535;
8514 : 65535;
8515 : 65535;
8516 : 65535;
8517 : 65535;
8518 : 65535;
8519 : 65535;
8520 : 65535;
8521 : 65535;
8522 : 65535;
8523 : 65535;
8524 : 65535;
8525 : 65535;
8526 : 65535;
8527 : 65535;
8528 : 65535;
8529 : 65535;
8530 : 65535;
8531 : 65535;
8532 : 65535;
8533 : 65535;
8534 : 65535;
8535 : 65535;
8536 : 65535;
8537 : 65535;
8538 : 65535;
8539 : 65535;
8540 : 61342;
8541 : 46486;
8542 : 35854;
8543 : 40045;
8544 : 50577;
8545 : 50577;
8546 : 50577;
8547 : 52625;
8548 : 50577;
8549 : 37998;
8550 : 27498;
8551 : 31757;
8552 : 38192;
8553 : 38224;
8554 : 38192;
8555 : 36144;
8556 : 36144;
8557 : 36144;
8558 : 36144;
8559 : 36144;
8560 : 36144;
8561 : 36144;
8562 : 36144;
8563 : 36144;
8564 : 36144;
8565 : 36144;
8566 : 38224;
8567 : 21257;
8568 : 48599;
8569 : 65535;
8570 : 65535;
8571 : 65535;
8572 : 65535;
8573 : 65535;
8574 : 65535;
8575 : 65535;
8576 : 65535;
8577 : 65535;
8578 : 65535;
8579 : 65535;
8580 : 65535;
8581 : 65535;
8582 : 65535;
8583 : 65535;
8584 : 65535;
8585 : 65535;
8586 : 65535;
8587 : 65535;
8588 : 65535;
8589 : 65535;
8590 : 65535;
8591 : 63390;
8592 : 35886;
8593 : 61107;
8594 : 65365;
8595 : 65301;
8596 : 65301;
8597 : 65301;
8598 : 65333;
8599 : 65334;
8600 : 65334;
8601 : 65367;
8602 : 65367;
8603 : 65334;
8604 : 65333;
8605 : 65333;
8606 : 65301;
8607 : 65301;
8608 : 65301;
8609 : 65333;
8610 : 65333;
8611 : 65333;
8612 : 65333;
8613 : 63220;
8614 : 59027;
8615 : 54802;
8616 : 52689;
8617 : 48464;
8618 : 31627;
8619 : 37933;
8620 : 40079;
8621 : 48631;
8622 : 63422;
8623 : 65535;
8624 : 65535;
8625 : 65535;
8626 : 65535;
8627 : 65535;
8628 : 65535;
8629 : 65535;
8630 : 65535;
8631 : 54938;
8632 : 31759;
8633 : 21419;
8634 : 27887;
8635 : 27887;
8636 : 25807;
8637 : 27662;
8638 : 63422;
8639 : 65535;
8640 : 65535;
8641 : 65535;
8642 : 65535;
8643 : 65535;
8644 : 65535;
8645 : 65535;
8646 : 65535;
8647 : 65535;
8648 : 65535;
8649 : 65535;
8650 : 65535;
8651 : 65535;
8652 : 65535;
8653 : 65535;
8654 : 65535;
8655 : 65535;
8656 : 65535;
8657 : 65535;
8658 : 65535;
8659 : 65535;
8660 : 65535;
8661 : 65535;
8662 : 65535;
8663 : 65535;
8664 : 65535;
8665 : 65535;
8666 : 61277;
8667 : 42227;
8668 : 35854;
8669 : 40013;
8670 : 50544;
8671 : 52657;
8672 : 50577;
8673 : 50577;
8674 : 50609;
8675 : 44239;
8676 : 31594;
8677 : 35820;
8678 : 48464;
8679 : 46481;
8680 : 42320;
8681 : 38192;
8682 : 38192;
8683 : 38192;
8684 : 36144;
8685 : 36144;
8686 : 36144;
8687 : 36144;
8688 : 36144;
8689 : 36144;
8690 : 36144;
8691 : 36144;
8692 : 36144;
8693 : 38224;
8694 : 29773;
8695 : 29614;
8696 : 65535;
8697 : 65535;
8698 : 65535;
8699 : 65535;
8700 : 65535;
8701 : 65535;
8702 : 65535;
8703 : 65535;
8704 : 65535;
8705 : 65535;
8706 : 65535;
8707 : 65535;
8708 : 65535;
8709 : 65535;
8710 : 65535;
8711 : 65535;
8712 : 65535;
8713 : 65535;
8714 : 65535;
8715 : 65535;
8716 : 65535;
8717 : 65535;
8718 : 65535;
8719 : 65535;
8720 : 52890;
8721 : 35886;
8722 : 54801;
8723 : 65333;
8724 : 65333;
8725 : 65333;
8726 : 65301;
8727 : 65301;
8728 : 65334;
8729 : 65366;
8730 : 65366;
8731 : 65366;
8732 : 65333;
8733 : 65301;
8734 : 65333;
8735 : 65333;
8736 : 65333;
8737 : 63253;
8738 : 63220;
8739 : 61108;
8740 : 58995;
8741 : 54802;
8742 : 52689;
8743 : 50545;
8744 : 40045;
8745 : 33707;
8746 : 42158;
8747 : 52657;
8748 : 52625;
8749 : 40045;
8750 : 25355;
8751 : 36018;
8752 : 48696;
8753 : 52825;
8754 : 52825;
8755 : 50712;
8756 : 46518;
8757 : 42292;
8758 : 27565;
8759 : 17129;
8760 : 23629;
8761 : 27919;
8762 : 27887;
8763 : 27920;
8764 : 21419;
8765 : 48663;
8766 : 65535;
8767 : 65535;
8768 : 65535;
8769 : 65535;
8770 : 65535;
8771 : 65535;
8772 : 65535;
8773 : 65535;
8774 : 65535;
8775 : 65535;
8776 : 65535;
8777 : 65535;
8778 : 65535;
8779 : 65535;
8780 : 65535;
8781 : 65535;
8782 : 65535;
8783 : 65535;
8784 : 65535;
8785 : 65535;
8786 : 65535;
8787 : 65535;
8788 : 65535;
8789 : 65535;
8790 : 65535;
8791 : 65535;
8792 : 65535;
8793 : 65535;
8794 : 31661;
8795 : 44238;
8796 : 52625;
8797 : 52657;
8798 : 50577;
8799 : 50577;
8800 : 50577;
8801 : 44239;
8802 : 31594;
8803 : 33740;
8804 : 46351;
8805 : 52657;
8806 : 50577;
8807 : 50577;
8808 : 46448;
8809 : 42320;
8810 : 38192;
8811 : 38192;
8812 : 36144;
8813 : 36144;
8814 : 36144;
8815 : 36144;
8816 : 36144;
8817 : 36144;
8818 : 36144;
8819 : 36144;
8820 : 36144;
8821 : 29805;
8822 : 21194;
8823 : 59164;
8824 : 65535;
8825 : 65535;
8826 : 65535;
8827 : 65535;
8828 : 65535;
8829 : 65535;
8830 : 65535;
8831 : 65535;
8832 : 65535;
8833 : 65535;
8834 : 65535;
8835 : 65535;
8836 : 65535;
8837 : 65535;
8838 : 65535;
8839 : 65535;
8840 : 65535;
8841 : 65535;
8842 : 65535;
8843 : 65535;
8844 : 65535;
8845 : 65535;
8846 : 65535;
8847 : 65535;
8848 : 65535;
8849 : 61309;
8850 : 40146;
8851 : 40079;
8852 : 52689;
8853 : 63188;
8854 : 65333;
8855 : 65333;
8856 : 65333;
8857 : 52657;
8858 : 50544;
8859 : 48463;
8860 : 56915;
8861 : 65301;
8862 : 63220;
8863 : 61140;
8864 : 61108;
8865 : 58995;
8866 : 56882;
8867 : 54802;
8868 : 52689;
8869 : 48464;
8870 : 42126;
8871 : 33707;
8872 : 37933;
8873 : 50545;
8874 : 52657;
8875 : 50577;
8876 : 50577;
8877 : 52657;
8878 : 50544;
8879 : 38062;
8880 : 27725;
8881 : 21517;
8882 : 21549;
8883 : 21452;
8884 : 19403;
8885 : 23629;
8886 : 25806;
8887 : 27920;
8888 : 27920;
8889 : 27920;
8890 : 25807;
8891 : 19307;
8892 : 38098;
8893 : 65535;
8894 : 65535;
8895 : 65535;
8896 : 65535;
8897 : 65535;
8898 : 65535;
8899 : 65535;
8900 : 65535;
8901 : 65535;
8902 : 65535;
8903 : 65535;
8904 : 65535;
8905 : 65535;
8906 : 65535;
8907 : 65535;
8908 : 65535;
8909 : 65535;
8910 : 65535;
8911 : 65535;
8912 : 65535;
8913 : 65535;
8914 : 65535;
8915 : 65535;
8916 : 65535;
8917 : 65535;
8918 : 65535;
8919 : 65535;
8920 : 65535;
8921 : 50744;
8922 : 29482;
8923 : 52657;
8924 : 50576;
8925 : 50577;
8926 : 52657;
8927 : 44239;
8928 : 33707;
8929 : 35788;
8930 : 46319;
8931 : 52657;
8932 : 50577;
8933 : 50577;
8934 : 50577;
8935 : 50577;
8936 : 50609;
8937 : 46481;
8938 : 40272;
8939 : 36111;
8940 : 31918;
8941 : 31886;
8942 : 29773;
8943 : 29741;
8944 : 29741;
8945 : 31822;
8946 : 31823;
8947 : 31855;
8948 : 31758;
8949 : 29646;
8950 : 57051;
8951 : 65535;
8952 : 65535;
8953 : 65535;
8954 : 65535;
8955 : 65535;
8956 : 65535;
8957 : 65535;
8958 : 65535;
8959 : 65535;
8960 : 65535;
8961 : 65535;
8962 : 65535;
8963 : 65535;
8964 : 65535;
8965 : 65535;
8966 : 65535;
8967 : 65535;
8968 : 65535;
8969 : 65535;
8970 : 65535;
8971 : 65535;
8972 : 65535;
8973 : 65535;
8974 : 65535;
8975 : 65535;
8976 : 65535;
8977 : 65535;
8978 : 65535;
8979 : 61277;
8980 : 48566;
8981 : 42193;
8982 : 44271;
8983 : 50544;
8984 : 56850;
8985 : 42125;
8986 : 29416;
8987 : 29416;
8988 : 52689;
8989 : 56915;
8990 : 56850;
8991 : 54802;
8992 : 54770;
8993 : 52657;
8994 : 48464;
8995 : 44206;
8996 : 33739;
8997 : 35788;
8998 : 42158;
8999 : 48496;
9000 : 52657;
9001 : 50577;
9002 : 50577;
9003 : 50577;
9004 : 50577;
9005 : 52689;
9006 : 52689;
9007 : 54770;
9008 : 46384;
9009 : 31789;
9010 : 17161;
9011 : 19339;
9012 : 25742;
9013 : 25742;
9014 : 23662;
9015 : 23629;
9016 : 23597;
9017 : 21420;
9018 : 27630;
9019 : 46518;
9020 : 65535;
9021 : 65535;
9022 : 65535;
9023 : 65535;
9024 : 65535;
9025 : 65535;
9026 : 65535;
9027 : 65535;
9028 : 65535;
9029 : 65535;
9030 : 65535;
9031 : 65535;
9032 : 65535;
9033 : 65535;
9034 : 65503;
9035 : 61309;
9036 : 55003;
9037 : 52857;
9038 : 50745;
9039 : 52857;
9040 : 57083;
9041 : 63422;
9042 : 65535;
9043 : 65535;
9044 : 65535;
9045 : 65535;
9046 : 65535;
9047 : 65535;
9048 : 65535;
9049 : 31726;
9050 : 44271;
9051 : 50577;
9052 : 52657;
9053 : 46351;
9054 : 31626;
9055 : 33707;
9056 : 46384;
9057 : 52657;
9058 : 50577;
9059 : 50577;
9060 : 50577;
9061 : 52657;
9062 : 50544;
9063 : 44271;
9064 : 40045;
9065 : 35853;
9066 : 31725;
9067 : 33871;
9068 : 38098;
9069 : 44437;
9070 : 50712;
9071 : 54970;
9072 : 59164;
9073 : 61309;
9074 : 63422;
9075 : 65503;
9076 : 65503;
9077 : 65535;
9078 : 65535;
9079 : 65535;
9080 : 65535;
9081 : 65535;
9082 : 65535;
9083 : 65535;
9084 : 65535;
9085 : 65535;
9086 : 65535;
9087 : 65535;
9088 : 65535;
9089 : 65535;
9090 : 65535;
9091 : 65535;
9092 : 65535;
9093 : 65535;
9094 : 65535;
9095 : 65535;
9096 : 65535;
9097 : 65535;
9098 : 65535;
9099 : 65535;
9100 : 65535;
9101 : 65535;
9102 : 65535;
9103 : 65535;
9104 : 65535;
9105 : 65535;
9106 : 65535;
9107 : 65535;
9108 : 65535;
9109 : 65535;
9110 : 59164;
9111 : 50679;
9112 : 40113;
9113 : 40047;
9114 : 40078;
9115 : 44239;
9116 : 48464;
9117 : 48464;
9118 : 44271;
9119 : 42126;
9120 : 35820;
9121 : 31594;
9122 : 33707;
9123 : 42126;
9124 : 48432;
9125 : 50577;
9126 : 50609;
9127 : 50577;
9128 : 50577;
9129 : 50577;
9130 : 50577;
9131 : 50577;
9132 : 52657;
9133 : 52689;
9134 : 52689;
9135 : 52689;
9136 : 54770;
9137 : 61075;
9138 : 54769;
9139 : 35853;
9140 : 29613;
9141 : 33872;
9142 : 40212;
9143 : 46583;
9144 : 50776;
9145 : 54970;
9146 : 65535;
9147 : 65535;
9148 : 65535;
9149 : 65535;
9150 : 65535;
9151 : 65535;
9152 : 65535;
9153 : 65535;
9154 : 65535;
9155 : 65535;
9156 : 65535;
9157 : 63422;
9158 : 57116;
9159 : 50744;
9160 : 42292;
9161 : 40145;
9162 : 40112;
9163 : 37966;
9164 : 40078;
9165 : 44303;
9166 : 44303;
9167 : 40077;
9168 : 37997;
9169 : 35886;
9170 : 38033;
9171 : 52825;
9172 : 65503;
9173 : 65535;
9174 : 65535;
9175 : 65535;
9176 : 46518;
9177 : 33707;
9178 : 52657;
9179 : 50577;
9180 : 35820;
9181 : 29546;
9182 : 44271;
9183 : 52657;
9184 : 50577;
9185 : 50577;
9186 : 50577;
9187 : 50577;
9188 : 50577;
9189 : 35820;
9190 : 29516;
9191 : 38033;
9192 : 48598;
9193 : 57051;
9194 : 63390;
9195 : 65535;
9196 : 65535;
9197 : 65535;
9198 : 65535;
9199 : 65535;
9200 : 65535;
9201 : 65535;
9202 : 65535;
9203 : 65535;
9204 : 65535;
9205 : 65535;
9206 : 65535;
9207 : 65535;
9208 : 65535;
9209 : 65535;
9210 : 65535;
9211 : 65535;
9212 : 65535;
9213 : 65535;
9214 : 65535;
9215 : 65535;
9216 : 65535;
9217 : 65535;
9218 : 65535;
9219 : 65535;
9220 : 65535;
9221 : 65535;
9222 : 65535;
9223 : 65535;
9224 : 65535;
9225 : 65535;
9226 : 65535;
9227 : 65535;
9228 : 65535;
9229 : 65535;
9230 : 65535;
9231 : 65535;
9232 : 65535;
9233 : 65535;
9234 : 65535;
9235 : 65535;
9236 : 65535;
9237 : 65535;
9238 : 65535;
9239 : 65535;
9240 : 65535;
9241 : 63390;
9242 : 57051;
9243 : 48598;
9244 : 44339;
9245 : 31661;
9246 : 31594;
9247 : 40046;
9248 : 46319;
9249 : 48496;
9250 : 50609;
9251 : 52657;
9252 : 50577;
9253 : 50577;
9254 : 50577;
9255 : 50577;
9256 : 50577;
9257 : 50577;
9258 : 50577;
9259 : 50577;
9260 : 52657;
9261 : 52689;
9262 : 52689;
9263 : 52657;
9264 : 56850;
9265 : 61108;
9266 : 65333;
9267 : 65366;
9268 : 61108;
9269 : 48496;
9270 : 42224;
9271 : 44339;
9272 : 50679;
9273 : 57051;
9274 : 61342;
9275 : 65535;
9276 : 65535;
9277 : 65535;
9278 : 65535;
9279 : 65503;
9280 : 61342;
9281 : 59164;
9282 : 50712;
9283 : 42291;
9284 : 40145;
9285 : 40079;
9286 : 44304;
9287 : 46415;
9288 : 54802;
9289 : 61108;
9290 : 65301;
9291 : 65333;
9292 : 65365;
9293 : 65365;
9294 : 65365;
9295 : 65365;
9296 : 65365;
9297 : 65301;
9298 : 58994;
9299 : 44303;
9300 : 35919;
9301 : 50777;
9302 : 65535;
9303 : 59196;
9304 : 29515;
9305 : 50577;
9306 : 46351;
9307 : 31627;
9308 : 40013;
9309 : 50577;
9310 : 50577;
9311 : 50577;
9312 : 50577;
9313 : 50577;
9314 : 52657;
9315 : 46351;
9316 : 29515;
9317 : 44405;
9318 : 63455;
9319 : 65535;
9320 : 65535;
9321 : 65535;
9322 : 65535;
9323 : 65535;
9324 : 65535;
9325 : 65535;
9326 : 65535;
9327 : 65535;
9328 : 65535;
9329 : 65535;
9330 : 65535;
9331 : 65535;
9332 : 65535;
9333 : 65535;
9334 : 65535;
9335 : 65535;
9336 : 65535;
9337 : 65535;
9338 : 65535;
9339 : 65535;
9340 : 65535;
9341 : 65535;
9342 : 65535;
9343 : 65535;
9344 : 65535;
9345 : 65535;
9346 : 65535;
9347 : 65535;
9348 : 65535;
9349 : 65535;
9350 : 65535;
9351 : 65535;
9352 : 65535;
9353 : 65535;
9354 : 65535;
9355 : 65535;
9356 : 65535;
9357 : 65535;
9358 : 65535;
9359 : 65535;
9360 : 65535;
9361 : 65535;
9362 : 65535;
9363 : 65535;
9364 : 65535;
9365 : 65535;
9366 : 65535;
9367 : 65535;
9368 : 65535;
9369 : 65535;
9370 : 65535;
9371 : 65535;
9372 : 65535;
9373 : 57084;
9374 : 40046;
9375 : 52657;
9376 : 50577;
9377 : 50577;
9378 : 50577;
9379 : 50577;
9380 : 50577;
9381 : 50577;
9382 : 50577;
9383 : 50577;
9384 : 50577;
9385 : 50577;
9386 : 50577;
9387 : 50576;
9388 : 52689;
9389 : 52690;
9390 : 54738;
9391 : 54770;
9392 : 58995;
9393 : 63220;
9394 : 65301;
9395 : 65301;
9396 : 65333;
9397 : 65365;
9398 : 65333;
9399 : 61107;
9400 : 52721;
9401 : 46384;
9402 : 44272;
9403 : 42225;
9404 : 40145;
9405 : 46517;
9406 : 42226;
9407 : 37967;
9408 : 40079;
9409 : 44303;
9410 : 50576;
9411 : 56946;
9412 : 63220;
9413 : 65333;
9414 : 65365;
9415 : 65365;
9416 : 65333;
9417 : 65333;
9418 : 65301;
9419 : 65301;
9420 : 65301;
9421 : 65301;
9422 : 65301;
9423 : 65301;
9424 : 65333;
9425 : 65333;
9426 : 65333;
9427 : 65366;
9428 : 63188;
9429 : 42159;
9430 : 38033;
9431 : 31661;
9432 : 46351;
9433 : 40046;
9434 : 33739;
9435 : 48464;
9436 : 52657;
9437 : 50577;
9438 : 50577;
9439 : 50577;
9440 : 50577;
9441 : 52657;
9442 : 44238;
9443 : 25355;
9444 : 54938;
9445 : 65535;
9446 : 65535;
9447 : 65535;
9448 : 65535;
9449 : 65535;
9450 : 65535;
9451 : 65535;
9452 : 65535;
9453 : 65535;
9454 : 65535;
9455 : 65535;
9456 : 65535;
9457 : 65535;
9458 : 65535;
9459 : 65535;
9460 : 65535;
9461 : 65535;
9462 : 65535;
9463 : 65535;
9464 : 65535;
9465 : 65535;
9466 : 65535;
9467 : 65535;
9468 : 65535;
9469 : 65535;
9470 : 65535;
9471 : 65535;
9472 : 65535;
9473 : 65535;
9474 : 65535;
9475 : 65535;
9476 : 65535;
9477 : 65535;
9478 : 65535;
9479 : 65535;
9480 : 65535;
9481 : 65535;
9482 : 65535;
9483 : 65535;
9484 : 65535;
9485 : 65535;
9486 : 65535;
9487 : 65535;
9488 : 65535;
9489 : 65535;
9490 : 65535;
9491 : 65535;
9492 : 65535;
9493 : 65535;
9494 : 65535;
9495 : 65535;
9496 : 65535;
9497 : 65535;
9498 : 65535;
9499 : 65535;
9500 : 65535;
9501 : 63455;
9502 : 35854;
9503 : 50577;
9504 : 50577;
9505 : 50577;
9506 : 50577;
9507 : 50577;
9508 : 50577;
9509 : 50577;
9510 : 50577;
9511 : 50577;
9512 : 50577;
9513 : 50577;
9514 : 50577;
9515 : 52657;
9516 : 54770;
9517 : 54770;
9518 : 54770;
9519 : 56915;
9520 : 61108;
9521 : 65301;
9522 : 65301;
9523 : 65301;
9524 : 65301;
9525 : 65301;
9526 : 65301;
9527 : 65333;
9528 : 65333;
9529 : 65365;
9530 : 65333;
9531 : 63252;
9532 : 61140;
9533 : 61140;
9534 : 63220;
9535 : 65301;
9536 : 65333;
9537 : 65365;
9538 : 65365;
9539 : 65333;
9540 : 65301;
9541 : 65301;
9542 : 65301;
9543 : 65301;
9544 : 65301;
9545 : 65301;
9546 : 65301;
9547 : 65301;
9548 : 65301;
9549 : 65301;
9550 : 65301;
9551 : 65333;
9552 : 65333;
9553 : 65333;
9554 : 65333;
9555 : 65333;
9556 : 65334;
9557 : 65399;
9558 : 52722;
9559 : 31659;
9560 : 29546;
9561 : 37933;
9562 : 48464;
9563 : 48431;
9564 : 48431;
9565 : 48464;
9566 : 50544;
9567 : 50577;
9568 : 52625;
9569 : 39981;
9570 : 29548;
9571 : 59164;
9572 : 65535;
9573 : 65535;
9574 : 65535;
9575 : 65535;
9576 : 65535;
9577 : 65535;
9578 : 65535;
9579 : 65535;
9580 : 65535;
9581 : 65535;
9582 : 65535;
9583 : 65535;
9584 : 65535;
9585 : 65535;
9586 : 65535;
9587 : 65535;
9588 : 65535;
9589 : 65535;
9590 : 65535;
9591 : 65535;
9592 : 65535;
9593 : 65535;
9594 : 65535;
9595 : 65535;
9596 : 65535;
9597 : 65535;
9598 : 65535;
9599 : 65535;
9600 : 65535;
9601 : 65535;
9602 : 65535;
9603 : 65535;
9604 : 65535;
9605 : 65535;
9606 : 65535;
9607 : 65535;
9608 : 65535;
9609 : 65535;
9610 : 65535;
9611 : 65535;
9612 : 65535;
9613 : 65535;
9614 : 65535;
9615 : 65535;
9616 : 65535;
9617 : 65535;
9618 : 65535;
9619 : 65535;
9620 : 65535;
9621 : 65535;
9622 : 65535;
9623 : 65535;
9624 : 65535;
9625 : 65535;
9626 : 65535;
9627 : 65535;
9628 : 65535;
9629 : 65535;
9630 : 33806;
9631 : 48464;
9632 : 50577;
9633 : 50577;
9634 : 50577;
9635 : 50577;
9636 : 50577;
9637 : 50577;
9638 : 50577;
9639 : 50577;
9640 : 50577;
9641 : 50609;
9642 : 52689;
9643 : 52689;
9644 : 54770;
9645 : 54770;
9646 : 56882;
9647 : 59027;
9648 : 63253;
9649 : 65301;
9650 : 65301;
9651 : 65301;
9652 : 65301;
9653 : 65301;
9654 : 65301;
9655 : 65301;
9656 : 65301;
9657 : 65301;
9658 : 65301;
9659 : 65301;
9660 : 65333;
9661 : 65301;
9662 : 65301;
9663 : 65301;
9664 : 65301;
9665 : 65301;
9666 : 65301;
9667 : 65301;
9668 : 65301;
9669 : 65301;
9670 : 65301;
9671 : 65301;
9672 : 65301;
9673 : 65301;
9674 : 65301;
9675 : 65301;
9676 : 65301;
9677 : 65333;
9678 : 65333;
9679 : 65333;
9680 : 65333;
9681 : 65333;
9682 : 65334;
9683 : 65334;
9684 : 65334;
9685 : 65334;
9686 : 65399;
9687 : 61206;
9688 : 35820;
9689 : 29547;
9690 : 35920;
9691 : 40146;
9692 : 42259;
9693 : 40113;
9694 : 40112;
9695 : 40079;
9696 : 35886;
9697 : 35920;
9698 : 63390;
9699 : 65535;
9700 : 65535;
9701 : 65535;
9702 : 65535;
9703 : 65535;
9704 : 65535;
9705 : 65535;
9706 : 65535;
9707 : 65535;
9708 : 65535;
9709 : 65535;
9710 : 65535;
9711 : 65535;
9712 : 65535;
9713 : 65535;
9714 : 65535;
9715 : 65535;
9716 : 65535;
9717 : 65535;
9718 : 65535;
9719 : 65535;
9720 : 65535;
9721 : 65535;
9722 : 65535;
9723 : 65535;
9724 : 65535;
9725 : 65535;
9726 : 65535;
9727 : 65535;
9728 : 65535;
9729 : 65535;
9730 : 65535;
9731 : 65535;
9732 : 65535;
9733 : 65535;
9734 : 65535;
9735 : 65535;
9736 : 65535;
9737 : 65535;
9738 : 65535;
9739 : 65535;
9740 : 65535;
9741 : 65535;
9742 : 65535;
9743 : 65535;
9744 : 65535;
9745 : 65535;
9746 : 65535;
9747 : 65535;
9748 : 65535;
9749 : 65535;
9750 : 65535;
9751 : 65535;
9752 : 65535;
9753 : 65535;
9754 : 65535;
9755 : 65535;
9756 : 65535;
9757 : 65535;
9758 : 35887;
9759 : 48431;
9760 : 50577;
9761 : 50577;
9762 : 50577;
9763 : 50577;
9764 : 50577;
9765 : 50577;
9766 : 50577;
9767 : 50577;
9768 : 52657;
9769 : 52689;
9770 : 52689;
9771 : 52657;
9772 : 52689;
9773 : 54802;
9774 : 58995;
9775 : 63220;
9776 : 65333;
9777 : 65301;
9778 : 65301;
9779 : 65301;
9780 : 65301;
9781 : 65301;
9782 : 65301;
9783 : 65301;
9784 : 65301;
9785 : 65301;
9786 : 65301;
9787 : 65301;
9788 : 65301;
9789 : 65301;
9790 : 65301;
9791 : 65301;
9792 : 65301;
9793 : 65301;
9794 : 65301;
9795 : 65301;
9796 : 65301;
9797 : 65301;
9798 : 65301;
9799 : 65301;
9800 : 65301;
9801 : 65301;
9802 : 65301;
9803 : 65301;
9804 : 65301;
9805 : 65333;
9806 : 65333;
9807 : 65333;
9808 : 65333;
9809 : 65333;
9810 : 65334;
9811 : 65334;
9812 : 65334;
9813 : 65334;
9814 : 65367;
9815 : 65399;
9816 : 61141;
9817 : 33806;
9818 : 65503;
9819 : 65535;
9820 : 65535;
9821 : 65535;
9822 : 65535;
9823 : 63455;
9824 : 63422;
9825 : 65535;
9826 : 65535;
9827 : 65535;
9828 : 65535;
9829 : 65535;
9830 : 65535;
9831 : 65535;
9832 : 65535;
9833 : 65535;
9834 : 65535;
9835 : 65535;
9836 : 65535;
9837 : 65535;
9838 : 65535;
9839 : 65535;
9840 : 65535;
9841 : 65535;
9842 : 65535;
9843 : 65535;
9844 : 65535;
9845 : 65535;
9846 : 65535;
9847 : 65535;
9848 : 65535;
9849 : 65535;
9850 : 65535;
9851 : 65535;
9852 : 65535;
9853 : 65535;
9854 : 65535;
9855 : 65535;
9856 : 65535;
9857 : 65535;
9858 : 65535;
9859 : 65535;
9860 : 65535;
9861 : 65535;
9862 : 65535;
9863 : 65535;
9864 : 65535;
9865 : 65535;
9866 : 65535;
9867 : 65535;
9868 : 65535;
9869 : 65535;
9870 : 65535;
9871 : 65535;
9872 : 65535;
9873 : 65535;
9874 : 65535;
9875 : 65535;
9876 : 65535;
9877 : 65535;
9878 : 65535;
9879 : 65535;
9880 : 65535;
9881 : 65535;
9882 : 65535;
9883 : 65535;
9884 : 65535;
9885 : 65535;
9886 : 31694;
9887 : 48464;
9888 : 50577;
9889 : 50577;
9890 : 50577;
9891 : 50577;
9892 : 50577;
9893 : 50577;
9894 : 50577;
9895 : 52657;
9896 : 52689;
9897 : 52689;
9898 : 52689;
9899 : 52657;
9900 : 54770;
9901 : 58995;
9902 : 63188;
9903 : 65301;
9904 : 65301;
9905 : 65301;
9906 : 65301;
9907 : 65301;
9908 : 65301;
9909 : 65301;
9910 : 65301;
9911 : 65301;
9912 : 65301;
9913 : 65301;
9914 : 65301;
9915 : 65301;
9916 : 65301;
9917 : 65301;
9918 : 65301;
9919 : 65301;
9920 : 65301;
9921 : 65301;
9922 : 65301;
9923 : 65301;
9924 : 65301;
9925 : 65301;
9926 : 65301;
9927 : 65301;
9928 : 65301;
9929 : 65301;
9930 : 65301;
9931 : 65301;
9932 : 65301;
9933 : 65333;
9934 : 65333;
9935 : 65333;
9936 : 65333;
9937 : 65334;
9938 : 65366;
9939 : 65367;
9940 : 65367;
9941 : 65367;
9942 : 65367;
9943 : 65367;
9944 : 65399;
9945 : 52690;
9946 : 42259;
9947 : 65535;
9948 : 65535;
9949 : 65535;
9950 : 65535;
9951 : 65535;
9952 : 65535;
9953 : 65535;
9954 : 65535;
9955 : 65535;
9956 : 65535;
9957 : 65535;
9958 : 65535;
9959 : 65535;
9960 : 65535;
9961 : 65535;
9962 : 65535;
9963 : 65535;
9964 : 65535;
9965 : 65535;
9966 : 65535;
9967 : 65535;
9968 : 65535;
9969 : 65535;
9970 : 65535;
9971 : 65535;
9972 : 65535;
9973 : 65535;
9974 : 65535;
9975 : 65535;
9976 : 65535;
9977 : 65535;
9978 : 65535;
9979 : 65535;
9980 : 65535;
9981 : 65535;
9982 : 65535;
9983 : 65535;
9984 : 65535;
9985 : 65535;
9986 : 65535;
9987 : 65535;
9988 : 65535;
9989 : 65535;
9990 : 65535;
9991 : 65535;
9992 : 65535;
9993 : 65535;
9994 : 65535;
9995 : 65535;
9996 : 65535;
9997 : 65535;
9998 : 65535;
9999 : 65535;
10000 : 65535;
10001 : 65535;
10002 : 65535;
10003 : 65535;
10004 : 65535;
10005 : 65535;
10006 : 65535;
10007 : 65535;
10008 : 65535;
10009 : 65535;
10010 : 65535;
10011 : 65535;
10012 : 65535;
10013 : 59164;
10014 : 31660;
10015 : 50577;
10016 : 50577;
10017 : 50577;
10018 : 50577;
10019 : 50577;
10020 : 50576;
10021 : 50609;
10022 : 52689;
10023 : 52689;
10024 : 52689;
10025 : 52689;
10026 : 52657;
10027 : 52690;
10028 : 56915;
10029 : 61108;
10030 : 65301;
10031 : 65301;
10032 : 65301;
10033 : 65301;
10034 : 65301;
10035 : 65301;
10036 : 65301;
10037 : 65301;
10038 : 65301;
10039 : 65301;
10040 : 65301;
10041 : 65301;
10042 : 65301;
10043 : 65301;
10044 : 65301;
10045 : 65301;
10046 : 65301;
10047 : 65301;
10048 : 65301;
10049 : 65301;
10050 : 65301;
10051 : 65301;
10052 : 65301;
10053 : 65301;
10054 : 65301;
10055 : 65301;
10056 : 65301;
10057 : 65301;
10058 : 65301;
10059 : 65301;
10060 : 65333;
10061 : 65333;
10062 : 65333;
10063 : 65334;
10064 : 65366;
10065 : 65367;
10066 : 65367;
10067 : 65367;
10068 : 65367;
10069 : 65367;
10070 : 65367;
10071 : 65367;
10072 : 65367;
10073 : 65399;
10074 : 35918;
10075 : 61277;
10076 : 65535;
10077 : 65535;
10078 : 65535;
10079 : 65535;
10080 : 65535;
10081 : 65535;
10082 : 65535;
10083 : 65535;
10084 : 65535;
10085 : 65535;
10086 : 65535;
10087 : 65535;
10088 : 65535;
10089 : 65535;
10090 : 65535;
10091 : 65535;
10092 : 65535;
10093 : 65535;
10094 : 65535;
10095 : 65535;
10096 : 65535;
10097 : 65535;
10098 : 65535;
10099 : 65535;
10100 : 65535;
10101 : 65535;
10102 : 65535;
10103 : 65535;
10104 : 65535;
10105 : 65535;
10106 : 65535;
10107 : 65535;
10108 : 65535;
10109 : 65535;
10110 : 65535;
10111 : 65535;
10112 : 65535;
10113 : 65535;
10114 : 65535;
10115 : 65535;
10116 : 65535;
10117 : 65535;
10118 : 65535;
10119 : 65535;
10120 : 65535;
10121 : 65535;
10122 : 65535;
10123 : 65535;
10124 : 65535;
10125 : 65535;
10126 : 65535;
10127 : 65535;
10128 : 65535;
10129 : 65535;
10130 : 65535;
10131 : 65535;
10132 : 65535;
10133 : 65535;
10134 : 65535;
10135 : 65535;
10136 : 65535;
10137 : 65535;
10138 : 65535;
10139 : 65535;
10140 : 65535;
10141 : 35920;
10142 : 42158;
10143 : 52657;
10144 : 50577;
10145 : 50577;
10146 : 50577;
10147 : 50577;
10148 : 50577;
10149 : 52689;
10150 : 52689;
10151 : 52689;
10152 : 52689;
10153 : 52657;
10154 : 54770;
10155 : 56915;
10156 : 61108;
10157 : 65301;
10158 : 65301;
10159 : 65301;
10160 : 65301;
10161 : 65301;
10162 : 65301;
10163 : 65301;
10164 : 65301;
10165 : 65301;
10166 : 65301;
10167 : 65301;
10168 : 65301;
10169 : 65301;
10170 : 65301;
10171 : 65301;
10172 : 65301;
10173 : 65301;
10174 : 65301;
10175 : 65301;
10176 : 65301;
10177 : 65301;
10178 : 65301;
10179 : 65301;
10180 : 65301;
10181 : 65301;
10182 : 65301;
10183 : 65301;
10184 : 65301;
10185 : 65301;
10186 : 65301;
10187 : 65333;
10188 : 65333;
10189 : 65334;
10190 : 65334;
10191 : 65367;
10192 : 65367;
10193 : 65367;
10194 : 65367;
10195 : 65367;
10196 : 65367;
10197 : 65367;
10198 : 65367;
10199 : 65367;
10200 : 65367;
10201 : 65399;
10202 : 52722;
10203 : 40179;
10204 : 65535;
10205 : 65535;
10206 : 65535;
10207 : 65535;
10208 : 65535;
10209 : 65535;
10210 : 65535;
10211 : 65535;
10212 : 65535;
10213 : 65535;
10214 : 65535;
10215 : 65535;
10216 : 65535;
10217 : 65535;
10218 : 65535;
10219 : 65535;
10220 : 65535;
10221 : 65535;
10222 : 65535;
10223 : 65535;
10224 : 65535;
10225 : 65535;
10226 : 65535;
10227 : 65535;
10228 : 65535;
10229 : 65535;
10230 : 65535;
10231 : 65535;
10232 : 65535;
10233 : 65535;
10234 : 65535;
10235 : 65535;
10236 : 65535;
10237 : 65535;
10238 : 65535;
10239 : 65535;
10240 : 65535;
10241 : 65535;
10242 : 65535;
10243 : 65535;
10244 : 65535;
10245 : 65535;
10246 : 65535;
10247 : 65535;
10248 : 65535;
10249 : 65535;
10250 : 65535;
10251 : 65535;
10252 : 65535;
10253 : 65535;
10254 : 65535;
10255 : 65535;
10256 : 65535;
10257 : 65535;
10258 : 65535;
10259 : 65535;
10260 : 65535;
10261 : 65535;
10262 : 65535;
10263 : 65535;
10264 : 65535;
10265 : 65535;
10266 : 65535;
10267 : 65535;
10268 : 44437;
10269 : 25613;
10270 : 44401;
10271 : 50577;
10272 : 50577;
10273 : 50577;
10274 : 50577;
10275 : 50577;
10276 : 50577;
10277 : 52689;
10278 : 52689;
10279 : 52657;
10280 : 52689;
10281 : 54802;
10282 : 58995;
10283 : 63188;
10284 : 65301;
10285 : 65301;
10286 : 65301;
10287 : 65301;
10288 : 65301;
10289 : 65301;
10290 : 65301;
10291 : 65301;
10292 : 65301;
10293 : 65301;
10294 : 65301;
10295 : 65301;
10296 : 65301;
10297 : 65301;
10298 : 65301;
10299 : 65301;
10300 : 65301;
10301 : 65301;
10302 : 65301;
10303 : 65301;
10304 : 65301;
10305 : 65301;
10306 : 65301;
10307 : 65301;
10308 : 65301;
10309 : 65301;
10310 : 65301;
10311 : 65301;
10312 : 65301;
10313 : 65301;
10314 : 65301;
10315 : 65333;
10316 : 65334;
10317 : 65366;
10318 : 65367;
10319 : 65367;
10320 : 65367;
10321 : 65367;
10322 : 65367;
10323 : 65367;
10324 : 65367;
10325 : 65367;
10326 : 65367;
10327 : 65367;
10328 : 65367;
10329 : 65367;
10330 : 65367;
10331 : 35854;
10332 : 61309;
10333 : 65535;
10334 : 65535;
10335 : 65535;
10336 : 65535;
10337 : 65535;
10338 : 65535;
10339 : 65535;
10340 : 65535;
10341 : 65535;
10342 : 65535;
10343 : 65535;
10344 : 65535;
10345 : 65535;
10346 : 65535;
10347 : 65535;
10348 : 65535;
10349 : 65535;
10350 : 65535;
10351 : 65535;
10352 : 65535;
10353 : 65535;
10354 : 65535;
10355 : 65535;
10356 : 65535;
10357 : 65535;
10358 : 65535;
10359 : 65535;
10360 : 65535;
10361 : 65535;
10362 : 65535;
10363 : 65535;
10364 : 65535;
10365 : 65535;
10366 : 65535;
10367 : 65535;
10368 : 65535;
10369 : 65535;
10370 : 65535;
10371 : 65535;
10372 : 65535;
10373 : 65535;
10374 : 65535;
10375 : 65535;
10376 : 65535;
10377 : 65535;
10378 : 65535;
10379 : 65535;
10380 : 65535;
10381 : 65535;
10382 : 65535;
10383 : 65535;
10384 : 65535;
10385 : 65535;
10386 : 65535;
10387 : 65535;
10388 : 65535;
10389 : 65535;
10390 : 65535;
10391 : 65535;
10392 : 65535;
10393 : 65535;
10394 : 57051;
10395 : 33904;
10396 : 21484;
10397 : 27952;
10398 : 29806;
10399 : 40142;
10400 : 40272;
10401 : 42320;
10402 : 46448;
10403 : 50577;
10404 : 50577;
10405 : 52657;
10406 : 52689;
10407 : 54802;
10408 : 56915;
10409 : 61075;
10410 : 63221;
10411 : 65333;
10412 : 65301;
10413 : 65301;
10414 : 65301;
10415 : 65301;
10416 : 65301;
10417 : 65301;
10418 : 65301;
10419 : 65301;
10420 : 65301;
10421 : 65301;
10422 : 65301;
10423 : 65301;
10424 : 65301;
10425 : 65301;
10426 : 65301;
10427 : 65301;
10428 : 65301;
10429 : 65301;
10430 : 65301;
10431 : 65301;
10432 : 65301;
10433 : 65301;
10434 : 65301;
10435 : 65301;
10436 : 65301;
10437 : 65301;
10438 : 65301;
10439 : 65301;
10440 : 65301;
10441 : 65301;
10442 : 65333;
10443 : 65334;
10444 : 65334;
10445 : 65367;
10446 : 65367;
10447 : 65367;
10448 : 65367;
10449 : 65367;
10450 : 65367;
10451 : 65367;
10452 : 65367;
10453 : 65367;
10454 : 65367;
10455 : 65367;
10456 : 65367;
10457 : 65367;
10458 : 65399;
10459 : 48529;
10460 : 46518;
10461 : 65535;
10462 : 65535;
10463 : 65535;
10464 : 65535;
10465 : 65535;
10466 : 65535;
10467 : 65535;
10468 : 65535;
10469 : 65535;
10470 : 65535;
10471 : 65535;
10472 : 65535;
10473 : 65535;
10474 : 65535;
10475 : 65535;
10476 : 65535;
10477 : 65535;
10478 : 65535;
10479 : 65535;
10480 : 65535;
10481 : 65535;
10482 : 65535;
10483 : 65535;
10484 : 65535;
10485 : 65535;
10486 : 65535;
10487 : 65535;
10488 : 65535;
10489 : 65535;
10490 : 65535;
10491 : 65535;
10492 : 65535;
10493 : 65535;
10494 : 65535;
10495 : 65535;
10496 : 65535;
10497 : 65535;
10498 : 65535;
10499 : 65535;
10500 : 65535;
10501 : 65535;
10502 : 65535;
10503 : 65535;
10504 : 65535;
10505 : 65535;
10506 : 65535;
10507 : 65535;
10508 : 65535;
10509 : 65535;
10510 : 65535;
10511 : 65535;
10512 : 65535;
10513 : 65535;
10514 : 65535;
10515 : 65535;
10516 : 65535;
10517 : 65535;
10518 : 65535;
10519 : 61309;
10520 : 35985;
10521 : 29678;
10522 : 23468;
10523 : 23661;
10524 : 23726;
10525 : 21516;
10526 : 15048;
10527 : 29968;
10528 : 30033;
10529 : 32113;
10530 : 36209;
10531 : 44401;
10532 : 50577;
10533 : 54770;
10534 : 56915;
10535 : 59027;
10536 : 63188;
10537 : 65301;
10538 : 65301;
10539 : 65301;
10540 : 65301;
10541 : 65301;
10542 : 65301;
10543 : 65301;
10544 : 65301;
10545 : 65301;
10546 : 65301;
10547 : 65301;
10548 : 65301;
10549 : 65301;
10550 : 65301;
10551 : 65301;
10552 : 65301;
10553 : 65301;
10554 : 65301;
10555 : 65301;
10556 : 65301;
10557 : 65301;
10558 : 65301;
10559 : 65301;
10560 : 65301;
10561 : 65301;
10562 : 65301;
10563 : 65301;
10564 : 65301;
10565 : 65301;
10566 : 65301;
10567 : 65301;
10568 : 65301;
10569 : 65333;
10570 : 65334;
10571 : 65367;
10572 : 65367;
10573 : 65367;
10574 : 65367;
10575 : 65367;
10576 : 65367;
10577 : 65367;
10578 : 65367;
10579 : 65367;
10580 : 65367;
10581 : 65367;
10582 : 65367;
10583 : 65367;
10584 : 65367;
10585 : 65367;
10586 : 65367;
10587 : 61174;
10588 : 38000;
10589 : 65535;
10590 : 65535;
10591 : 65535;
10592 : 65535;
10593 : 65535;
10594 : 65535;
10595 : 65535;
10596 : 65535;
10597 : 65535;
10598 : 65535;
10599 : 65535;
10600 : 65535;
10601 : 65535;
10602 : 65535;
10603 : 65535;
10604 : 65535;
10605 : 65535;
10606 : 65535;
10607 : 65535;
10608 : 65535;
10609 : 65535;
10610 : 65535;
10611 : 65535;
10612 : 65535;
10613 : 65535;
10614 : 65535;
10615 : 65535;
10616 : 65535;
10617 : 65535;
10618 : 65535;
10619 : 65535;
10620 : 65535;
10621 : 65535;
10622 : 65535;
10623 : 65535;
10624 : 65535;
10625 : 65535;
10626 : 65535;
10627 : 65535;
10628 : 65535;
10629 : 65535;
10630 : 65535;
10631 : 65535;
10632 : 65535;
10633 : 65535;
10634 : 65535;
10635 : 65535;
10636 : 65535;
10637 : 65535;
10638 : 65535;
10639 : 65535;
10640 : 65535;
10641 : 65535;
10642 : 65535;
10643 : 65535;
10644 : 65535;
10645 : 65535;
10646 : 65535;
10647 : 65535;
10648 : 57116;
10649 : 42324;
10650 : 33936;
10651 : 31824;
10652 : 38130;
10653 : 21162;
10654 : 21613;
10655 : 30259;
10656 : 30227;
10657 : 32275;
10658 : 32242;
10659 : 34193;
10660 : 48593;
10661 : 61075;
10662 : 63220;
10663 : 65301;
10664 : 65333;
10665 : 65301;
10666 : 65301;
10667 : 65301;
10668 : 65301;
10669 : 65301;
10670 : 65301;
10671 : 65301;
10672 : 65301;
10673 : 65301;
10674 : 65301;
10675 : 65301;
10676 : 65301;
10677 : 65301;
10678 : 65301;
10679 : 65301;
10680 : 65301;
10681 : 65301;
10682 : 65301;
10683 : 65301;
10684 : 65301;
10685 : 65301;
10686 : 65301;
10687 : 65301;
10688 : 65301;
10689 : 65301;
10690 : 65301;
10691 : 65301;
10692 : 65301;
10693 : 65301;
10694 : 65301;
10695 : 65301;
10696 : 65301;
10697 : 65333;
10698 : 65334;
10699 : 65334;
10700 : 65367;
10701 : 65367;
10702 : 65367;
10703 : 65367;
10704 : 65367;
10705 : 65367;
10706 : 65367;
10707 : 65367;
10708 : 65367;
10709 : 65367;
10710 : 65367;
10711 : 65367;
10712 : 65367;
10713 : 65367;
10714 : 65367;
10715 : 65399;
10716 : 42224;
10717 : 59196;
10718 : 65535;
10719 : 65535;
10720 : 65535;
10721 : 65535;
10722 : 65535;
10723 : 65535;
10724 : 65535;
10725 : 65535;
10726 : 65535;
10727 : 65535;
10728 : 65535;
10729 : 65535;
10730 : 65535;
10731 : 65535;
10732 : 65535;
10733 : 65535;
10734 : 65535;
10735 : 65535;
10736 : 65535;
10737 : 65535;
10738 : 65535;
10739 : 65535;
10740 : 65535;
10741 : 65535;
10742 : 65535;
10743 : 65535;
10744 : 65535;
10745 : 65535;
10746 : 65535;
10747 : 65535;
10748 : 65535;
10749 : 65535;
10750 : 65535;
10751 : 65535;
10752 : 65535;
10753 : 65535;
10754 : 65535;
10755 : 65535;
10756 : 65535;
10757 : 65535;
10758 : 65535;
10759 : 65535;
10760 : 65535;
10761 : 65535;
10762 : 65535;
10763 : 65535;
10764 : 65535;
10765 : 65535;
10766 : 65535;
10767 : 65535;
10768 : 65535;
10769 : 65535;
10770 : 65535;
10771 : 65535;
10772 : 65535;
10773 : 65535;
10774 : 65535;
10775 : 65535;
10776 : 65535;
10777 : 65535;
10778 : 65535;
10779 : 65535;
10780 : 48599;
10781 : 23662;
10782 : 32339;
10783 : 30259;
10784 : 30259;
10785 : 30259;
10786 : 30259;
10787 : 30227;
10788 : 31983;
10789 : 63220;
10790 : 65333;
10791 : 65301;
10792 : 65301;
10793 : 65301;
10794 : 65301;
10795 : 65301;
10796 : 65301;
10797 : 65301;
10798 : 65301;
10799 : 65301;
10800 : 65301;
10801 : 65301;
10802 : 65301;
10803 : 65301;
10804 : 65301;
10805 : 65301;
10806 : 65301;
10807 : 65301;
10808 : 65301;
10809 : 65301;
10810 : 65301;
10811 : 65301;
10812 : 65301;
10813 : 65301;
10814 : 65301;
10815 : 65301;
10816 : 65301;
10817 : 65301;
10818 : 65301;
10819 : 65301;
10820 : 65301;
10821 : 65301;
10822 : 65301;
10823 : 65301;
10824 : 65301;
10825 : 65301;
10826 : 65334;
10827 : 65334;
10828 : 65334;
10829 : 65366;
10830 : 65367;
10831 : 65367;
10832 : 65367;
10833 : 65367;
10834 : 65367;
10835 : 65367;
10836 : 65367;
10837 : 65367;
10838 : 65367;
10839 : 65367;
10840 : 65367;
10841 : 65367;
10842 : 65367;
10843 : 65399;
10844 : 54803;
10845 : 46518;
10846 : 65535;
10847 : 65535;
10848 : 65535;
10849 : 65535;
10850 : 65535;
10851 : 65535;
10852 : 65535;
10853 : 65535;
10854 : 65535;
10855 : 65535;
10856 : 65535;
10857 : 65535;
10858 : 65535;
10859 : 65535;
10860 : 65535;
10861 : 65535;
10862 : 65535;
10863 : 65535;
10864 : 65535;
10865 : 65535;
10866 : 65535;
10867 : 65535;
10868 : 65535;
10869 : 65535;
10870 : 65535;
10871 : 65535;
10872 : 65535;
10873 : 65535;
10874 : 65535;
10875 : 65535;
10876 : 65535;
10877 : 65535;
10878 : 65535;
10879 : 65535;
10880 : 65535;
10881 : 65535;
10882 : 65535;
10883 : 65535;
10884 : 65535;
10885 : 65535;
10886 : 65535;
10887 : 65535;
10888 : 65535;
10889 : 65535;
10890 : 65535;
10891 : 65535;
10892 : 65535;
10893 : 65535;
10894 : 65535;
10895 : 65535;
10896 : 59196;
10897 : 50744;
10898 : 65535;
10899 : 65535;
10900 : 65535;
10901 : 65535;
10902 : 65535;
10903 : 65535;
10904 : 65535;
10905 : 65535;
10906 : 65535;
10907 : 42292;
10908 : 21549;
10909 : 30291;
10910 : 30259;
10911 : 30259;
10912 : 30259;
10913 : 30259;
10914 : 30259;
10915 : 30291;
10916 : 27919;
10917 : 58995;
10918 : 65333;
10919 : 65301;
10920 : 65301;
10921 : 65301;
10922 : 65301;
10923 : 65301;
10924 : 65301;
10925 : 65301;
10926 : 65301;
10927 : 65301;
10928 : 65301;
10929 : 65301;
10930 : 65301;
10931 : 65301;
10932 : 65301;
10933 : 65301;
10934 : 65301;
10935 : 65301;
10936 : 65301;
10937 : 65301;
10938 : 65301;
10939 : 65301;
10940 : 65301;
10941 : 65301;
10942 : 65301;
10943 : 65301;
10944 : 65301;
10945 : 65301;
10946 : 65301;
10947 : 65301;
10948 : 65333;
10949 : 63253;
10950 : 63220;
10951 : 65333;
10952 : 65301;
10953 : 65301;
10954 : 65301;
10955 : 65334;
10956 : 65334;
10957 : 65334;
10958 : 65334;
10959 : 65367;
10960 : 65367;
10961 : 65367;
10962 : 65367;
10963 : 65367;
10964 : 65367;
10965 : 65367;
10966 : 65367;
10967 : 65367;
10968 : 65367;
10969 : 65367;
10970 : 65367;
10971 : 65367;
10972 : 63253;
10973 : 40080;
10974 : 65503;
10975 : 65535;
10976 : 65535;
10977 : 65535;
10978 : 65535;
10979 : 65535;
10980 : 65535;
10981 : 65535;
10982 : 65535;
10983 : 65535;
10984 : 65535;
10985 : 65535;
10986 : 65535;
10987 : 65535;
10988 : 65535;
10989 : 65535;
10990 : 65535;
10991 : 65535;
10992 : 65535;
10993 : 65535;
10994 : 65535;
10995 : 65535;
10996 : 65535;
10997 : 65535;
10998 : 65535;
10999 : 65535;
11000 : 65535;
11001 : 65535;
11002 : 65535;
11003 : 65535;
11004 : 65535;
11005 : 65535;
11006 : 65535;
11007 : 65535;
11008 : 65535;
11009 : 65535;
11010 : 65535;
11011 : 65535;
11012 : 65535;
11013 : 65535;
11014 : 65535;
11015 : 65535;
11016 : 65535;
11017 : 65535;
11018 : 65535;
11019 : 65535;
11020 : 65535;
11021 : 65535;
11022 : 65535;
11023 : 65535;
11024 : 50776;
11025 : 23372;
11026 : 54938;
11027 : 65535;
11028 : 65535;
11029 : 65535;
11030 : 65535;
11031 : 65535;
11032 : 65503;
11033 : 57019;
11034 : 33937;
11035 : 25807;
11036 : 32339;
11037 : 30259;
11038 : 30259;
11039 : 30259;
11040 : 30259;
11041 : 30291;
11042 : 25904;
11043 : 30194;
11044 : 25774;
11045 : 58963;
11046 : 65333;
11047 : 65301;
11048 : 65301;
11049 : 65301;
11050 : 65301;
11051 : 65301;
11052 : 65301;
11053 : 65301;
11054 : 65301;
11055 : 65301;
11056 : 65301;
11057 : 65301;
11058 : 65301;
11059 : 65301;
11060 : 65301;
11061 : 65301;
11062 : 65301;
11063 : 65301;
11064 : 65301;
11065 : 65301;
11066 : 65301;
11067 : 65301;
11068 : 65301;
11069 : 65301;
11070 : 65301;
11071 : 65301;
11072 : 65301;
11073 : 65333;
11074 : 65333;
11075 : 65301;
11076 : 63252;
11077 : 61075;
11078 : 48528;
11079 : 65333;
11080 : 65301;
11081 : 65301;
11082 : 65301;
11083 : 65333;
11084 : 65334;
11085 : 65334;
11086 : 65334;
11087 : 65334;
11088 : 65334;
11089 : 65334;
11090 : 65334;
11091 : 65334;
11092 : 65334;
11093 : 65334;
11094 : 65334;
11095 : 65366;
11096 : 65367;
11097 : 65367;
11098 : 65367;
11099 : 65367;
11100 : 65366;
11101 : 46383;
11102 : 54938;
11103 : 65535;
11104 : 65535;
11105 : 65535;
11106 : 65535;
11107 : 65535;
11108 : 65535;
11109 : 65535;
11110 : 65535;
11111 : 65535;
11112 : 65535;
11113 : 65535;
11114 : 65535;
11115 : 65535;
11116 : 65535;
11117 : 65535;
11118 : 65535;
11119 : 65535;
11120 : 65535;
11121 : 65535;
11122 : 65535;
11123 : 65535;
11124 : 65535;
11125 : 65535;
11126 : 65535;
11127 : 65535;
11128 : 65535;
11129 : 65535;
11130 : 65535;
11131 : 65535;
11132 : 65535;
11133 : 65535;
11134 : 65535;
11135 : 65535;
11136 : 65535;
11137 : 65535;
11138 : 65535;
11139 : 65535;
11140 : 65535;
11141 : 65535;
11142 : 65535;
11143 : 65535;
11144 : 65535;
11145 : 65535;
11146 : 65535;
11147 : 65535;
11148 : 65535;
11149 : 65535;
11150 : 65535;
11151 : 65535;
11152 : 57051;
11153 : 36210;
11154 : 36178;
11155 : 38163;
11156 : 48631;
11157 : 52857;
11158 : 50712;
11159 : 38098;
11160 : 31856;
11161 : 29904;
11162 : 34291;
11163 : 34420;
11164 : 32339;
11165 : 32307;
11166 : 30259;
11167 : 30259;
11168 : 30259;
11169 : 30291;
11170 : 21613;
11171 : 30227;
11172 : 23500;
11173 : 63188;
11174 : 65333;
11175 : 65301;
11176 : 65301;
11177 : 65301;
11178 : 65301;
11179 : 65301;
11180 : 65301;
11181 : 65301;
11182 : 65301;
11183 : 65301;
11184 : 65301;
11185 : 65301;
11186 : 65301;
11187 : 65301;
11188 : 65301;
11189 : 65301;
11190 : 65301;
11191 : 65301;
11192 : 65301;
11193 : 65301;
11194 : 65301;
11195 : 65301;
11196 : 65301;
11197 : 65333;
11198 : 65333;
11199 : 65333;
11200 : 65301;
11201 : 63220;
11202 : 61140;
11203 : 59027;
11204 : 56915;
11205 : 56882;
11206 : 46383;
11207 : 61140;
11208 : 65333;
11209 : 65301;
11210 : 65301;
11211 : 65301;
11212 : 65301;
11213 : 65333;
11214 : 65333;
11215 : 65333;
11216 : 65333;
11217 : 65333;
11218 : 65334;
11219 : 65334;
11220 : 65334;
11221 : 65334;
11222 : 65334;
11223 : 65334;
11224 : 65334;
11225 : 65334;
11226 : 65334;
11227 : 65334;
11228 : 65333;
11229 : 58995;
11230 : 40146;
11231 : 65535;
11232 : 65535;
11233 : 65535;
11234 : 65535;
11235 : 65535;
11236 : 65535;
11237 : 65535;
11238 : 65535;
11239 : 65535;
11240 : 65535;
11241 : 65535;
11242 : 65535;
11243 : 65535;
11244 : 65535;
11245 : 65535;
11246 : 65535;
11247 : 65535;
11248 : 65535;
11249 : 65535;
11250 : 65535;
11251 : 65535;
11252 : 65535;
11253 : 65535;
11254 : 65535;
11255 : 65535;
11256 : 65535;
11257 : 65535;
11258 : 65535;
11259 : 65535;
11260 : 65535;
11261 : 65535;
11262 : 65535;
11263 : 65535;
11264 : 65535;
11265 : 65535;
11266 : 65535;
11267 : 65535;
11268 : 65535;
11269 : 65535;
11270 : 65535;
11271 : 65535;
11272 : 65535;
11273 : 65535;
11274 : 65535;
11275 : 65535;
11276 : 65535;
11277 : 65535;
11278 : 65535;
11279 : 65535;
11280 : 65471;
11281 : 33968;
11282 : 44758;
11283 : 42645;
11284 : 38387;
11285 : 34162;
11286 : 34194;
11287 : 36372;
11288 : 40597;
11289 : 38549;
11290 : 38549;
11291 : 36468;
11292 : 34388;
11293 : 32339;
11294 : 30259;
11295 : 30259;
11296 : 30259;
11297 : 30162;
11298 : 23694;
11299 : 23856;
11300 : 37997;
11301 : 65366;
11302 : 65301;
11303 : 65301;
11304 : 65301;
11305 : 65301;
11306 : 65301;
11307 : 65301;
11308 : 65301;
11309 : 65301;
11310 : 65301;
11311 : 65301;
11312 : 65301;
11313 : 65301;
11314 : 65301;
11315 : 65301;
11316 : 65301;
11317 : 63252;
11318 : 65301;
11319 : 65301;
11320 : 65333;
11321 : 65333;
11322 : 65301;
11323 : 65301;
11324 : 63253;
11325 : 63220;
11326 : 61140;
11327 : 61107;
11328 : 59027;
11329 : 58963;
11330 : 56882;
11331 : 54770;
11332 : 52689;
11333 : 52657;
11334 : 50609;
11335 : 58995;
11336 : 65333;
11337 : 65301;
11338 : 65301;
11339 : 65301;
11340 : 65301;
11341 : 65301;
11342 : 65301;
11343 : 65333;
11344 : 65333;
11345 : 65333;
11346 : 65333;
11347 : 65334;
11348 : 65334;
11349 : 65334;
11350 : 65334;
11351 : 65334;
11352 : 65333;
11353 : 65333;
11354 : 65333;
11355 : 65333;
11356 : 65301;
11357 : 65333;
11358 : 37998;
11359 : 61277;
11360 : 65535;
11361 : 65535;
11362 : 65535;
11363 : 65535;
11364 : 65535;
11365 : 65535;
11366 : 65535;
11367 : 65535;
11368 : 65535;
11369 : 65535;
11370 : 65535;
11371 : 65535;
11372 : 65535;
11373 : 65535;
11374 : 65535;
11375 : 65535;
11376 : 65535;
11377 : 65535;
11378 : 65535;
11379 : 65535;
11380 : 65535;
11381 : 65535;
11382 : 65535;
11383 : 65535;
11384 : 65535;
11385 : 65535;
11386 : 65535;
11387 : 65535;
11388 : 65535;
11389 : 65535;
11390 : 65535;
11391 : 65535;
11392 : 65535;
11393 : 65535;
11394 : 65535;
11395 : 65535;
11396 : 65535;
11397 : 65535;
11398 : 65535;
11399 : 65535;
11400 : 65535;
11401 : 65535;
11402 : 65535;
11403 : 65535;
11404 : 65535;
11405 : 65535;
11406 : 65535;
11407 : 65535;
11408 : 65535;
11409 : 54905;
11410 : 29807;
11411 : 44758;
11412 : 44758;
11413 : 42710;
11414 : 42710;
11415 : 40630;
11416 : 40630;
11417 : 40629;
11418 : 38549;
11419 : 36436;
11420 : 34388;
11421 : 34388;
11422 : 30259;
11423 : 30259;
11424 : 32372;
11425 : 21613;
11426 : 21581;
11427 : 23370;
11428 : 61076;
11429 : 65333;
11430 : 65301;
11431 : 65301;
11432 : 65301;
11433 : 65301;
11434 : 65301;
11435 : 65301;
11436 : 65301;
11437 : 65301;
11438 : 65301;
11439 : 65301;
11440 : 65301;
11441 : 65301;
11442 : 65301;
11443 : 65333;
11444 : 52689;
11445 : 58995;
11446 : 63253;
11447 : 63220;
11448 : 61140;
11449 : 61108;
11450 : 61107;
11451 : 59027;
11452 : 58995;
11453 : 56915;
11454 : 54802;
11455 : 54770;
11456 : 54770;
11457 : 52689;
11458 : 52657;
11459 : 52657;
11460 : 52689;
11461 : 52689;
11462 : 52657;
11463 : 52689;
11464 : 63220;
11465 : 65333;
11466 : 65301;
11467 : 65301;
11468 : 65301;
11469 : 65301;
11470 : 65301;
11471 : 65301;
11472 : 65301;
11473 : 65301;
11474 : 65301;
11475 : 65301;
11476 : 65333;
11477 : 65333;
11478 : 65333;
11479 : 65333;
11480 : 65333;
11481 : 65333;
11482 : 65333;
11483 : 65301;
11484 : 65301;
11485 : 65365;
11486 : 50609;
11487 : 46485;
11488 : 65535;
11489 : 65535;
11490 : 65535;
11491 : 65535;
11492 : 65535;
11493 : 65535;
11494 : 65535;
11495 : 65535;
11496 : 65535;
11497 : 65535;
11498 : 65535;
11499 : 65535;
11500 : 65535;
11501 : 65535;
11502 : 65535;
11503 : 65535;
11504 : 65535;
11505 : 65535;
11506 : 65535;
11507 : 65535;
11508 : 65535;
11509 : 65535;
11510 : 65535;
11511 : 65535;
11512 : 65535;
11513 : 65535;
11514 : 65535;
11515 : 65535;
11516 : 65535;
11517 : 65535;
11518 : 65535;
11519 : 65535;
11520 : 65535;
11521 : 65535;
11522 : 65535;
11523 : 65535;
11524 : 65535;
11525 : 65535;
11526 : 65535;
11527 : 65535;
11528 : 65535;
11529 : 65535;
11530 : 65535;
11531 : 65535;
11532 : 65535;
11533 : 65535;
11534 : 65535;
11535 : 65535;
11536 : 65535;
11537 : 65535;
11538 : 48631;
11539 : 29775;
11540 : 38485;
11541 : 42710;
11542 : 42678;
11543 : 40630;
11544 : 40630;
11545 : 40630;
11546 : 40629;
11547 : 36468;
11548 : 34388;
11549 : 32339;
11550 : 30291;
11551 : 32372;
11552 : 23726;
11553 : 14919;
11554 : 31692;
11555 : 37965;
11556 : 58995;
11557 : 65333;
11558 : 65301;
11559 : 65301;
11560 : 65301;
11561 : 65301;
11562 : 65301;
11563 : 65301;
11564 : 65301;
11565 : 65301;
11566 : 65301;
11567 : 65301;
11568 : 65301;
11569 : 65301;
11570 : 65333;
11571 : 56914;
11572 : 40078;
11573 : 56915;
11574 : 56882;
11575 : 56882;
11576 : 54802;
11577 : 54802;
11578 : 54770;
11579 : 52689;
11580 : 52689;
11581 : 52657;
11582 : 50577;
11583 : 50545;
11584 : 50577;
11585 : 52657;
11586 : 52689;
11587 : 52690;
11588 : 52689;
11589 : 52657;
11590 : 50577;
11591 : 50577;
11592 : 37932;
11593 : 58963;
11594 : 65333;
11595 : 65301;
11596 : 65301;
11597 : 65301;
11598 : 65301;
11599 : 65301;
11600 : 65301;
11601 : 65301;
11602 : 65301;
11603 : 65301;
11604 : 65301;
11605 : 65301;
11606 : 65301;
11607 : 65301;
11608 : 65301;
11609 : 65301;
11610 : 65301;
11611 : 65301;
11612 : 65301;
11613 : 65301;
11614 : 65301;
11615 : 35854;
11616 : 63390;
11617 : 65535;
11618 : 65535;
11619 : 65535;
11620 : 65535;
11621 : 65535;
11622 : 65535;
11623 : 65535;
11624 : 65535;
11625 : 65535;
11626 : 65535;
11627 : 65535;
11628 : 65535;
11629 : 65535;
11630 : 65535;
11631 : 65535;
11632 : 65535;
11633 : 65535;
11634 : 65535;
11635 : 65535;
11636 : 65535;
11637 : 65535;
11638 : 65535;
11639 : 65535;
11640 : 65535;
11641 : 65535;
11642 : 65535;
11643 : 65535;
11644 : 65535;
11645 : 65535;
11646 : 65535;
11647 : 65535;
11648 : 65535;
11649 : 65535;
11650 : 65535;
11651 : 65535;
11652 : 65535;
11653 : 65535;
11654 : 65535;
11655 : 65535;
11656 : 65535;
11657 : 65535;
11658 : 65535;
11659 : 65535;
11660 : 65535;
11661 : 65535;
11662 : 65535;
11663 : 65535;
11664 : 65535;
11665 : 65535;
11666 : 65535;
11667 : 59164;
11668 : 38162;
11669 : 34130;
11670 : 38484;
11671 : 40630;
11672 : 42710;
11673 : 42710;
11674 : 40662;
11675 : 36501;
11676 : 32372;
11677 : 30259;
11678 : 28081;
11679 : 17291;
11680 : 29579;
11681 : 48432;
11682 : 52657;
11683 : 37965;
11684 : 59059;
11685 : 65333;
11686 : 65301;
11687 : 65301;
11688 : 65301;
11689 : 65301;
11690 : 65301;
11691 : 65301;
11692 : 65301;
11693 : 65301;
11694 : 65301;
11695 : 65301;
11696 : 65301;
11697 : 65333;
11698 : 63221;
11699 : 35852;
11700 : 48464;
11701 : 50577;
11702 : 50577;
11703 : 50577;
11704 : 50577;
11705 : 50577;
11706 : 50577;
11707 : 50577;
11708 : 50577;
11709 : 50577;
11710 : 52657;
11711 : 50577;
11712 : 50576;
11713 : 48464;
11714 : 48464;
11715 : 48432;
11716 : 46319;
11717 : 44271;
11718 : 44271;
11719 : 46351;
11720 : 42158;
11721 : 31626;
11722 : 61140;
11723 : 65333;
11724 : 65301;
11725 : 65301;
11726 : 65301;
11727 : 65301;
11728 : 65301;
11729 : 65301;
11730 : 65301;
11731 : 65301;
11732 : 65301;
11733 : 65301;
11734 : 65301;
11735 : 65301;
11736 : 65301;
11737 : 65301;
11738 : 65301;
11739 : 65301;
11740 : 65301;
11741 : 65301;
11742 : 65365;
11743 : 48496;
11744 : 40147;
11745 : 65535;
11746 : 65535;
11747 : 65535;
11748 : 65535;
11749 : 65535;
11750 : 65535;
11751 : 65535;
11752 : 65535;
11753 : 65535;
11754 : 65535;
11755 : 65535;
11756 : 65535;
11757 : 65535;
11758 : 65535;
11759 : 65535;
11760 : 65535;
11761 : 65535;
11762 : 65535;
11763 : 65535;
11764 : 65535;
11765 : 65535;
11766 : 65535;
11767 : 65535;
11768 : 65535;
11769 : 65535;
11770 : 65535;
11771 : 65535;
11772 : 65535;
11773 : 65535;
11774 : 65535;
11775 : 65535;
11776 : 65535;
11777 : 65535;
11778 : 65535;
11779 : 65535;
11780 : 65535;
11781 : 65535;
11782 : 65535;
11783 : 65535;
11784 : 65535;
11785 : 65535;
11786 : 65535;
11787 : 65535;
11788 : 65535;
11789 : 65535;
11790 : 65535;
11791 : 65535;
11792 : 65535;
11793 : 65535;
11794 : 65535;
11795 : 65535;
11796 : 65535;
11797 : 50744;
11798 : 33937;
11799 : 29775;
11800 : 29872;
11801 : 27855;
11802 : 27920;
11803 : 27920;
11804 : 27920;
11805 : 34098;
11806 : 44502;
11807 : 33840;
11808 : 29579;
11809 : 46384;
11810 : 50577;
11811 : 35820;
11812 : 61140;
11813 : 65333;
11814 : 65301;
11815 : 65301;
11816 : 65301;
11817 : 65301;
11818 : 65301;
11819 : 65301;
11820 : 65301;
11821 : 65301;
11822 : 65301;
11823 : 65301;
11824 : 65301;
11825 : 65365;
11826 : 40078;
11827 : 44238;
11828 : 50609;
11829 : 50577;
11830 : 50577;
11831 : 50577;
11832 : 52657;
11833 : 52657;
11834 : 50576;
11835 : 48464;
11836 : 44238;
11837 : 40078;
11838 : 37933;
11839 : 37934;
11840 : 35886;
11841 : 38000;
11842 : 23242;
11843 : 19015;
11844 : 27467;
11845 : 27467;
11846 : 27467;
11847 : 27499;
11848 : 29547;
11849 : 21161;
11850 : 29514;
11851 : 61140;
11852 : 65365;
11853 : 65301;
11854 : 65301;
11855 : 65301;
11856 : 65301;
11857 : 65301;
11858 : 65301;
11859 : 65301;
11860 : 65301;
11861 : 65301;
11862 : 65301;
11863 : 65301;
11864 : 65301;
11865 : 65301;
11866 : 65301;
11867 : 65301;
11868 : 65301;
11869 : 65301;
11870 : 65301;
11871 : 65333;
11872 : 33740;
11873 : 55003;
11874 : 65535;
11875 : 65535;
11876 : 65535;
11877 : 65535;
11878 : 65535;
11879 : 65535;
11880 : 65535;
11881 : 65535;
11882 : 65535;
11883 : 65535;
11884 : 65535;
11885 : 65535;
11886 : 65535;
11887 : 65535;
11888 : 65535;
11889 : 65535;
11890 : 65535;
11891 : 65535;
11892 : 65535;
11893 : 65535;
11894 : 65535;
11895 : 65535;
11896 : 65535;
11897 : 65535;
11898 : 65535;
11899 : 65535;
11900 : 65535;
11901 : 65535;
11902 : 65535;
11903 : 65535;
11904 : 65535;
11905 : 65535;
11906 : 65535;
11907 : 65535;
11908 : 65535;
11909 : 65535;
11910 : 65535;
11911 : 65535;
11912 : 65535;
11913 : 65535;
11914 : 65535;
11915 : 65535;
11916 : 65535;
11917 : 65535;
11918 : 65535;
11919 : 65535;
11920 : 65535;
11921 : 65535;
11922 : 65535;
11923 : 65535;
11924 : 65535;
11925 : 65535;
11926 : 65535;
11927 : 63390;
11928 : 59164;
11929 : 54938;
11930 : 57051;
11931 : 59164;
11932 : 63358;
11933 : 65535;
11934 : 65535;
11935 : 63423;
11936 : 27500;
11937 : 33837;
11938 : 40111;
11939 : 29482;
11940 : 61140;
11941 : 65333;
11942 : 65301;
11943 : 65301;
11944 : 65301;
11945 : 65301;
11946 : 65301;
11947 : 65301;
11948 : 65301;
11949 : 65301;
11950 : 65301;
11951 : 65301;
11952 : 65365;
11953 : 50609;
11954 : 35852;
11955 : 52657;
11956 : 52657;
11957 : 52657;
11958 : 50577;
11959 : 48431;
11960 : 42126;
11961 : 35820;
11962 : 33805;
11963 : 38033;
11964 : 44405;
11965 : 50744;
11966 : 57051;
11967 : 61309;
11968 : 63455;
11969 : 65535;
11970 : 63390;
11971 : 42260;
11972 : 27532;
11973 : 35918;
11974 : 35918;
11975 : 33870;
11976 : 35918;
11977 : 35918;
11978 : 29612;
11979 : 27434;
11980 : 50609;
11981 : 65366;
11982 : 65333;
11983 : 65301;
11984 : 65301;
11985 : 65301;
11986 : 65301;
11987 : 65301;
11988 : 65301;
11989 : 65301;
11990 : 65301;
11991 : 65301;
11992 : 65301;
11993 : 65301;
11994 : 65301;
11995 : 65301;
11996 : 65301;
11997 : 65301;
11998 : 65301;
11999 : 65333;
12000 : 58995;
12001 : 31693;
12002 : 63422;
12003 : 65535;
12004 : 65535;
12005 : 65535;
12006 : 65535;
12007 : 65535;
12008 : 65535;
12009 : 65535;
12010 : 65535;
12011 : 65535;
12012 : 65535;
12013 : 65535;
12014 : 65535;
12015 : 65535;
12016 : 65535;
12017 : 65535;
12018 : 65535;
12019 : 65535;
12020 : 65535;
12021 : 65535;
12022 : 65535;
12023 : 65535;
12024 : 65535;
12025 : 65535;
12026 : 65535;
12027 : 65535;
12028 : 65535;
12029 : 65535;
12030 : 65535;
12031 : 65535;
12032 : 65535;
12033 : 65535;
12034 : 65535;
12035 : 65535;
12036 : 65535;
12037 : 65535;
12038 : 65535;
12039 : 65535;
12040 : 65535;
12041 : 65535;
12042 : 65535;
12043 : 65535;
12044 : 65535;
12045 : 65535;
12046 : 65535;
12047 : 65535;
12048 : 65535;
12049 : 65535;
12050 : 65535;
12051 : 65535;
12052 : 65535;
12053 : 65535;
12054 : 65535;
12055 : 65535;
12056 : 65535;
12057 : 65535;
12058 : 65535;
12059 : 65535;
12060 : 65535;
12061 : 65535;
12062 : 65535;
12063 : 65535;
12064 : 52824;
12065 : 29580;
12066 : 33806;
12067 : 27434;
12068 : 63253;
12069 : 65333;
12070 : 65301;
12071 : 65301;
12072 : 65301;
12073 : 65301;
12074 : 65301;
12075 : 65301;
12076 : 65301;
12077 : 65301;
12078 : 65301;
12079 : 65333;
12080 : 61108;
12081 : 31626;
12082 : 48431;
12083 : 46351;
12084 : 40077;
12085 : 35885;
12086 : 35854;
12087 : 35920;
12088 : 44373;
12089 : 54970;
12090 : 63423;
12091 : 65535;
12092 : 65535;
12093 : 65535;
12094 : 65535;
12095 : 65535;
12096 : 65535;
12097 : 65535;
12098 : 65535;
12099 : 65535;
12100 : 44405;
12101 : 27499;
12102 : 33838;
12103 : 33838;
12104 : 33838;
12105 : 33838;
12106 : 35918;
12107 : 33806;
12108 : 25354;
12109 : 37932;
12110 : 58995;
12111 : 65366;
12112 : 65333;
12113 : 65301;
12114 : 65301;
12115 : 65301;
12116 : 65301;
12117 : 65301;
12118 : 65301;
12119 : 65301;
12120 : 65301;
12121 : 65301;
12122 : 65301;
12123 : 65301;
12124 : 65301;
12125 : 65301;
12126 : 65301;
12127 : 65301;
12128 : 65365;
12129 : 46351;
12130 : 35888;
12131 : 65535;
12132 : 65535;
12133 : 65535;
12134 : 65535;
12135 : 65535;
12136 : 65535;
12137 : 65535;
12138 : 65535;
12139 : 65535;
12140 : 65535;
12141 : 65535;
12142 : 65535;
12143 : 65535;
12144 : 65535;
12145 : 65535;
12146 : 65535;
12147 : 65535;
12148 : 65535;
12149 : 65535;
12150 : 65535;
12151 : 65535;
12152 : 65535;
12153 : 65535;
12154 : 65535;
12155 : 65535;
12156 : 65535;
12157 : 65535;
12158 : 65535;
12159 : 65535;
12160 : 65535;
12161 : 65535;
12162 : 65535;
12163 : 65535;
12164 : 65535;
12165 : 65535;
12166 : 65535;
12167 : 65535;
12168 : 65535;
12169 : 65535;
12170 : 65535;
12171 : 65535;
12172 : 65535;
12173 : 65535;
12174 : 65535;
12175 : 65535;
12176 : 65535;
12177 : 65535;
12178 : 65535;
12179 : 65535;
12180 : 65535;
12181 : 65535;
12182 : 65535;
12183 : 65535;
12184 : 65535;
12185 : 65535;
12186 : 65535;
12187 : 65535;
12188 : 65535;
12189 : 65535;
12190 : 65535;
12191 : 65535;
12192 : 65535;
12193 : 33807;
12194 : 31693;
12195 : 33772;
12196 : 65333;
12197 : 65301;
12198 : 65301;
12199 : 65301;
12200 : 65301;
12201 : 65301;
12202 : 65301;
12203 : 65301;
12204 : 65301;
12205 : 65301;
12206 : 65301;
12207 : 65365;
12208 : 40046;
12209 : 35888;
12210 : 40146;
12211 : 44340;
12212 : 48631;
12213 : 57116;
12214 : 63423;
12215 : 65535;
12216 : 65535;
12217 : 65535;
12218 : 65535;
12219 : 65535;
12220 : 65535;
12221 : 65535;
12222 : 65535;
12223 : 65535;
12224 : 65535;
12225 : 65535;
12226 : 65535;
12227 : 65535;
12228 : 65535;
12229 : 50712;
12230 : 27500;
12231 : 31757;
12232 : 35918;
12233 : 33838;
12234 : 33838;
12235 : 35886;
12236 : 35918;
12237 : 29580;
12238 : 25321;
12239 : 40045;
12240 : 61108;
12241 : 65366;
12242 : 65333;
12243 : 65301;
12244 : 65301;
12245 : 65301;
12246 : 65301;
12247 : 65301;
12248 : 65301;
12249 : 65301;
12250 : 65301;
12251 : 65301;
12252 : 65301;
12253 : 65301;
12254 : 65333;
12255 : 65301;
12256 : 61108;
12257 : 58995;
12258 : 37933;
12259 : 42259;
12260 : 65535;
12261 : 65535;
12262 : 65535;
12263 : 65535;
12264 : 65535;
12265 : 65535;
12266 : 65535;
12267 : 65535;
12268 : 65535;
12269 : 65535;
12270 : 65535;
12271 : 65535;
12272 : 65535;
12273 : 65535;
12274 : 65535;
12275 : 65535;
12276 : 65535;
12277 : 65535;
12278 : 65535;
12279 : 65535;
12280 : 65535;
12281 : 65535;
12282 : 65535;
12283 : 65535;
12284 : 65535;
12285 : 65535;
12286 : 65535;
12287 : 65535;
12288 : 65535;
12289 : 65535;
12290 : 65535;
12291 : 65535;
12292 : 65535;
12293 : 65535;
12294 : 65535;
12295 : 65535;
12296 : 65535;
12297 : 65535;
12298 : 65535;
12299 : 65535;
12300 : 65535;
12301 : 65535;
12302 : 65535;
12303 : 65535;
12304 : 65535;
12305 : 65535;
12306 : 65535;
12307 : 65535;
12308 : 65535;
12309 : 65535;
12310 : 65535;
12311 : 65535;
12312 : 65535;
12313 : 65535;
12314 : 65535;
12315 : 65535;
12316 : 65535;
12317 : 65535;
12318 : 65535;
12319 : 65535;
12320 : 65535;
12321 : 46486;
12322 : 23306;
12323 : 40045;
12324 : 65365;
12325 : 65301;
12326 : 65301;
12327 : 65301;
12328 : 65301;
12329 : 65301;
12330 : 65301;
12331 : 65301;
12332 : 65301;
12333 : 65301;
12334 : 65365;
12335 : 50608;
12336 : 44372;
12337 : 65535;
12338 : 65535;
12339 : 65535;
12340 : 65535;
12341 : 65535;
12342 : 65535;
12343 : 65535;
12344 : 65535;
12345 : 65535;
12346 : 65535;
12347 : 65535;
12348 : 65535;
12349 : 65535;
12350 : 65535;
12351 : 65535;
12352 : 65535;
12353 : 65535;
12354 : 65535;
12355 : 65535;
12356 : 65535;
12357 : 65535;
12358 : 54970;
12359 : 27500;
12360 : 27467;
12361 : 35918;
12362 : 33838;
12363 : 33838;
12364 : 33838;
12365 : 35918;
12366 : 33838;
12367 : 27499;
12368 : 25321;
12369 : 42190;
12370 : 61108;
12371 : 65366;
12372 : 65333;
12373 : 65301;
12374 : 65301;
12375 : 65301;
12376 : 65301;
12377 : 65301;
12378 : 65301;
12379 : 65301;
12380 : 65333;
12381 : 65301;
12382 : 63220;
12383 : 61107;
12384 : 56915;
12385 : 54770;
12386 : 52657;
12387 : 35820;
12388 : 50711;
12389 : 65535;
12390 : 65535;
12391 : 65535;
12392 : 65535;
12393 : 65535;
12394 : 65535;
12395 : 65535;
12396 : 65535;
12397 : 65535;
12398 : 65535;
12399 : 65535;
12400 : 65535;
12401 : 65535;
12402 : 65535;
12403 : 65535;
12404 : 65535;
12405 : 65535;
12406 : 65535;
12407 : 65535;
12408 : 65535;
12409 : 65535;
12410 : 65535;
12411 : 65535;
12412 : 65535;
12413 : 65535;
12414 : 65535;
12415 : 65535;
12416 : 65535;
12417 : 65535;
12418 : 65535;
12419 : 65535;
12420 : 65535;
12421 : 65535;
12422 : 65535;
12423 : 65535;
12424 : 65535;
12425 : 65535;
12426 : 65535;
12427 : 65535;
12428 : 65535;
12429 : 65535;
12430 : 65535;
12431 : 65535;
12432 : 65535;
12433 : 65535;
12434 : 65535;
12435 : 65535;
12436 : 65535;
12437 : 65535;
12438 : 65535;
12439 : 65535;
12440 : 65535;
12441 : 65535;
12442 : 65535;
12443 : 65535;
12444 : 65535;
12445 : 65535;
12446 : 65535;
12447 : 65535;
12448 : 65535;
12449 : 54970;
12450 : 14822;
12451 : 48496;
12452 : 65365;
12453 : 65301;
12454 : 65301;
12455 : 65301;
12456 : 65301;
12457 : 65301;
12458 : 65301;
12459 : 65301;
12460 : 65301;
12461 : 65301;
12462 : 65333;
12463 : 33773;
12464 : 61277;
12465 : 65535;
12466 : 65535;
12467 : 65535;
12468 : 65535;
12469 : 65535;
12470 : 65535;
12471 : 65535;
12472 : 65535;
12473 : 65535;
12474 : 65535;
12475 : 65535;
12476 : 65535;
12477 : 65535;
12478 : 65535;
12479 : 65535;
12480 : 65535;
12481 : 65535;
12482 : 65535;
12483 : 65535;
12484 : 65535;
12485 : 65535;
12486 : 65535;
12487 : 63390;
12488 : 38033;
12489 : 25387;
12490 : 33838;
12491 : 35886;
12492 : 33838;
12493 : 33838;
12494 : 33838;
12495 : 35918;
12496 : 33838;
12497 : 27499;
12498 : 25354;
12499 : 35852;
12500 : 54769;
12501 : 63220;
12502 : 65333;
12503 : 65301;
12504 : 65301;
12505 : 65301;
12506 : 63253;
12507 : 63253;
12508 : 63220;
12509 : 61108;
12510 : 59027;
12511 : 56882;
12512 : 52689;
12513 : 52689;
12514 : 52689;
12515 : 52657;
12516 : 35853;
12517 : 57051;
12518 : 65535;
12519 : 65535;
12520 : 65535;
12521 : 65535;
12522 : 65535;
12523 : 65535;
12524 : 65535;
12525 : 65535;
12526 : 65535;
12527 : 65535;
12528 : 65535;
12529 : 65535;
12530 : 65535;
12531 : 65535;
12532 : 65535;
12533 : 65535;
12534 : 65535;
12535 : 65535;
12536 : 65535;
12537 : 65535;
12538 : 65535;
12539 : 65535;
12540 : 65535;
12541 : 65535;
12542 : 65535;
12543 : 65535;
12544 : 65535;
12545 : 65535;
12546 : 65535;
12547 : 65535;
12548 : 65535;
12549 : 65535;
12550 : 65535;
12551 : 65535;
12552 : 65535;
12553 : 65535;
12554 : 65535;
12555 : 65535;
12556 : 65535;
12557 : 65535;
12558 : 65535;
12559 : 65535;
12560 : 65535;
12561 : 65535;
12562 : 65535;
12563 : 65535;
12564 : 65535;
12565 : 65535;
12566 : 65535;
12567 : 65535;
12568 : 65535;
12569 : 65535;
12570 : 65535;
12571 : 65535;
12572 : 65535;
12573 : 65535;
12574 : 65535;
12575 : 65535;
12576 : 65535;
12577 : 61309;
12578 : 14790;
12579 : 58995;
12580 : 65333;
12581 : 65301;
12582 : 65301;
12583 : 65301;
12584 : 65301;
12585 : 65301;
12586 : 65301;
12587 : 65301;
12588 : 65301;
12589 : 65365;
12590 : 50576;
12591 : 44373;
12592 : 65535;
12593 : 65535;
12594 : 65535;
12595 : 65535;
12596 : 65535;
12597 : 65535;
12598 : 65535;
12599 : 65535;
12600 : 65535;
12601 : 65535;
12602 : 65535;
12603 : 65535;
12604 : 65535;
12605 : 65535;
12606 : 65535;
12607 : 65535;
12608 : 65535;
12609 : 65535;
12610 : 65535;
12611 : 65535;
12612 : 65535;
12613 : 65535;
12614 : 65535;
12615 : 65535;
12616 : 65535;
12617 : 52857;
12618 : 29581;
12619 : 33838;
12620 : 33838;
12621 : 33838;
12622 : 33838;
12623 : 33838;
12624 : 33838;
12625 : 35951;
12626 : 35950;
12627 : 21129;
12628 : 40146;
12629 : 33773;
12630 : 42190;
12631 : 54802;
12632 : 61108;
12633 : 61108;
12634 : 59027;
12635 : 58995;
12636 : 56915;
12637 : 56882;
12638 : 54802;
12639 : 54770;
12640 : 52689;
12641 : 52689;
12642 : 52689;
12643 : 52657;
12644 : 40045;
12645 : 44405;
12646 : 65535;
12647 : 65535;
12648 : 65535;
12649 : 65535;
12650 : 65535;
12651 : 65535;
12652 : 65535;
12653 : 65535;
12654 : 65535;
12655 : 65535;
12656 : 65535;
12657 : 65535;
12658 : 65535;
12659 : 65535;
12660 : 65535;
12661 : 65535;
12662 : 65535;
12663 : 65535;
12664 : 65535;
12665 : 65535;
12666 : 65535;
12667 : 65535;
12668 : 65535;
12669 : 65535;
12670 : 65535;
12671 : 65535;
12672 : 65535;
12673 : 65535;
12674 : 65535;
12675 : 65535;
12676 : 65535;
12677 : 65535;
12678 : 65535;
12679 : 65535;
12680 : 65535;
12681 : 65535;
12682 : 65535;
12683 : 65535;
12684 : 65535;
12685 : 65535;
12686 : 65535;
12687 : 65535;
12688 : 65535;
12689 : 65535;
12690 : 65535;
12691 : 65535;
12692 : 65535;
12693 : 65535;
12694 : 65535;
12695 : 65535;
12696 : 65535;
12697 : 65535;
12698 : 65535;
12699 : 65535;
12700 : 65535;
12701 : 65535;
12702 : 65535;
12703 : 65535;
12704 : 65535;
12705 : 63422;
12706 : 31628;
12707 : 63253;
12708 : 65301;
12709 : 65301;
12710 : 65301;
12711 : 65301;
12712 : 65301;
12713 : 65301;
12714 : 65301;
12715 : 65301;
12716 : 65301;
12717 : 65301;
12718 : 35918;
12719 : 63390;
12720 : 65535;
12721 : 65535;
12722 : 65535;
12723 : 65535;
12724 : 65535;
12725 : 65535;
12726 : 65535;
12727 : 65535;
12728 : 65535;
12729 : 65535;
12730 : 65535;
12731 : 65535;
12732 : 65535;
12733 : 65535;
12734 : 65535;
12735 : 65535;
12736 : 65535;
12737 : 65535;
12738 : 65535;
12739 : 65535;
12740 : 65535;
12741 : 65535;
12742 : 65535;
12743 : 65535;
12744 : 65535;
12745 : 65535;
12746 : 48599;
12747 : 27499;
12748 : 35918;
12749 : 33838;
12750 : 33838;
12751 : 33838;
12752 : 35918;
12753 : 35951;
12754 : 38031;
12755 : 29612;
12756 : 42292;
12757 : 63422;
12758 : 50744;
12759 : 38033;
12760 : 35853;
12761 : 46351;
12762 : 54802;
12763 : 54770;
12764 : 54770;
12765 : 54770;
12766 : 54770;
12767 : 54738;
12768 : 52689;
12769 : 52689;
12770 : 52689;
12771 : 52657;
12772 : 37965;
12773 : 50744;
12774 : 65535;
12775 : 65535;
12776 : 65535;
12777 : 65535;
12778 : 65535;
12779 : 65535;
12780 : 65535;
12781 : 65535;
12782 : 65535;
12783 : 65535;
12784 : 65535;
12785 : 65535;
12786 : 65535;
12787 : 65535;
12788 : 65535;
12789 : 65535;
12790 : 65535;
12791 : 65535;
12792 : 65535;
12793 : 65535;
12794 : 65535;
12795 : 65535;
12796 : 65535;
12797 : 65535;
12798 : 65535;
12799 : 65535;
12800 : 65535;
12801 : 65535;
12802 : 65535;
12803 : 65535;
12804 : 65535;
12805 : 65535;
12806 : 65535;
12807 : 65535;
12808 : 65535;
12809 : 65535;
12810 : 65535;
12811 : 65535;
12812 : 65535;
12813 : 65535;
12814 : 65535;
12815 : 65535;
12816 : 65535;
12817 : 65535;
12818 : 65535;
12819 : 65535;
12820 : 65535;
12821 : 65535;
12822 : 65535;
12823 : 65535;
12824 : 65535;
12825 : 65535;
12826 : 65535;
12827 : 65535;
12828 : 65535;
12829 : 65535;
12830 : 65535;
12831 : 65535;
12832 : 65535;
12833 : 57051;
12834 : 42191;
12835 : 65365;
12836 : 65301;
12837 : 65301;
12838 : 65301;
12839 : 65301;
12840 : 65301;
12841 : 65301;
12842 : 65301;
12843 : 65301;
12844 : 65365;
12845 : 48496;
12846 : 46518;
12847 : 65535;
12848 : 65535;
12849 : 65535;
12850 : 65535;
12851 : 65535;
12852 : 65535;
12853 : 65535;
12854 : 65535;
12855 : 65535;
12856 : 65535;
12857 : 65535;
12858 : 65535;
12859 : 65535;
12860 : 65535;
12861 : 65535;
12862 : 65535;
12863 : 65535;
12864 : 65535;
12865 : 65535;
12866 : 65535;
12867 : 65535;
12868 : 65535;
12869 : 65535;
12870 : 65535;
12871 : 65535;
12872 : 65535;
12873 : 65535;
12874 : 46486;
12875 : 25354;
12876 : 35918;
12877 : 33838;
12878 : 33838;
12879 : 33838;
12880 : 35918;
12881 : 35951;
12882 : 37999;
12883 : 31660;
12884 : 29614;
12885 : 65535;
12886 : 65535;
12887 : 65535;
12888 : 59196;
12889 : 44340;
12890 : 35853;
12891 : 54802;
12892 : 54770;
12893 : 54770;
12894 : 52690;
12895 : 52689;
12896 : 52689;
12897 : 52689;
12898 : 52657;
12899 : 50609;
12900 : 33740;
12901 : 59164;
12902 : 65535;
12903 : 65535;
12904 : 65535;
12905 : 65535;
12906 : 65535;
12907 : 65535;
12908 : 65535;
12909 : 65535;
12910 : 65535;
12911 : 65535;
12912 : 65535;
12913 : 65535;
12914 : 65535;
12915 : 65535;
12916 : 65535;
12917 : 65535;
12918 : 65535;
12919 : 65535;
12920 : 65535;
12921 : 65535;
12922 : 65535;
12923 : 65535;
12924 : 65535;
12925 : 65535;
12926 : 65535;
12927 : 65535;
12928 : 65535;
12929 : 65535;
12930 : 65535;
12931 : 65535;
12932 : 65535;
12933 : 65535;
12934 : 65535;
12935 : 65535;
12936 : 65535;
12937 : 65535;
12938 : 65535;
12939 : 65535;
12940 : 65535;
12941 : 65535;
12942 : 65535;
12943 : 65535;
12944 : 65535;
12945 : 65535;
12946 : 65535;
12947 : 65535;
12948 : 65535;
12949 : 65535;
12950 : 65535;
12951 : 65535;
12952 : 65535;
12953 : 65535;
12954 : 65535;
12955 : 65535;
12956 : 65535;
12957 : 65535;
12958 : 65535;
12959 : 65535;
12960 : 65535;
12961 : 42260;
12962 : 50608;
12963 : 65365;
12964 : 65301;
12965 : 65301;
12966 : 65301;
12967 : 65301;
12968 : 65301;
12969 : 65301;
12970 : 65301;
12971 : 65301;
12972 : 63220;
12973 : 35919;
12974 : 63423;
12975 : 65535;
12976 : 65535;
12977 : 65535;
12978 : 65535;
12979 : 65535;
12980 : 65535;
12981 : 65535;
12982 : 65535;
12983 : 65535;
12984 : 65535;
12985 : 65535;
12986 : 65535;
12987 : 65535;
12988 : 65535;
12989 : 65535;
12990 : 65535;
12991 : 65535;
12992 : 65535;
12993 : 65535;
12994 : 65535;
12995 : 65535;
12996 : 65535;
12997 : 65535;
12998 : 65535;
12999 : 65535;
13000 : 65535;
13001 : 65535;
13002 : 31694;
13003 : 29612;
13004 : 35886;
13005 : 33838;
13006 : 33838;
13007 : 33838;
13008 : 35918;
13009 : 35951;
13010 : 35951;
13011 : 21129;
13012 : 54970;
13013 : 65535;
13014 : 65535;
13015 : 65535;
13016 : 65535;
13017 : 65535;
13018 : 46486;
13019 : 40078;
13020 : 54770;
13021 : 52689;
13022 : 52689;
13023 : 52657;
13024 : 52657;
13025 : 50609;
13026 : 50577;
13027 : 50544;
13028 : 33806;
13029 : 65503;
13030 : 65535;
13031 : 65535;
13032 : 65535;
13033 : 65535;
13034 : 65535;
13035 : 65535;
13036 : 65535;
13037 : 65535;
13038 : 65535;
13039 : 65535;
13040 : 65535;
13041 : 65535;
13042 : 65535;
13043 : 65535;
13044 : 65535;
13045 : 65535;
13046 : 65535;
13047 : 65535;
13048 : 65535;
13049 : 65535;
13050 : 65535;
13051 : 65535;
13052 : 65535;
13053 : 65535;
13054 : 65535;
13055 : 65535;
13056 : 65535;
13057 : 65535;
13058 : 65535;
13059 : 65535;
13060 : 65535;
13061 : 65535;
13062 : 65535;
13063 : 65535;
13064 : 65535;
13065 : 65535;
13066 : 65535;
13067 : 65535;
13068 : 65535;
13069 : 65535;
13070 : 65535;
13071 : 65535;
13072 : 65535;
13073 : 65535;
13074 : 65535;
13075 : 65535;
13076 : 65535;
13077 : 65535;
13078 : 65535;
13079 : 65535;
13080 : 65535;
13081 : 65535;
13082 : 65535;
13083 : 65535;
13084 : 65535;
13085 : 65535;
13086 : 65535;
13087 : 65535;
13088 : 65535;
13089 : 33774;
13090 : 61140;
13091 : 65333;
13092 : 65301;
13093 : 65301;
13094 : 65301;
13095 : 65301;
13096 : 65301;
13097 : 65301;
13098 : 65301;
13099 : 65365;
13100 : 48464;
13101 : 40179;
13102 : 65535;
13103 : 65535;
13104 : 65535;
13105 : 65535;
13106 : 65535;
13107 : 65535;
13108 : 65535;
13109 : 65535;
13110 : 65535;
13111 : 65535;
13112 : 65535;
13113 : 65535;
13114 : 65535;
13115 : 65535;
13116 : 65535;
13117 : 65535;
13118 : 65535;
13119 : 65535;
13120 : 65535;
13121 : 65535;
13122 : 65535;
13123 : 65535;
13124 : 65535;
13125 : 65535;
13126 : 65535;
13127 : 65535;
13128 : 65535;
13129 : 57051;
13130 : 21161;
13131 : 35918;
13132 : 33838;
13133 : 33838;
13134 : 33838;
13135 : 33838;
13136 : 35918;
13137 : 38031;
13138 : 23273;
13139 : 40179;
13140 : 65535;
13141 : 65535;
13142 : 65535;
13143 : 65535;
13144 : 65535;
13145 : 65535;
13146 : 54938;
13147 : 33707;
13148 : 52690;
13149 : 50577;
13150 : 50577;
13151 : 50577;
13152 : 50577;
13153 : 50577;
13154 : 50577;
13155 : 44238;
13156 : 42292;
13157 : 65535;
13158 : 65535;
13159 : 65535;
13160 : 65535;
13161 : 65535;
13162 : 65535;
13163 : 65535;
13164 : 65535;
13165 : 65535;
13166 : 65535;
13167 : 65535;
13168 : 65535;
13169 : 65535;
13170 : 65535;
13171 : 65535;
13172 : 65535;
13173 : 65535;
13174 : 65535;
13175 : 65535;
13176 : 65535;
13177 : 65535;
13178 : 65535;
13179 : 65535;
13180 : 65535;
13181 : 65535;
13182 : 65535;
13183 : 65535;
13184 : 65535;
13185 : 65535;
13186 : 65535;
13187 : 65535;
13188 : 65535;
13189 : 65535;
13190 : 65535;
13191 : 65535;
13192 : 65535;
13193 : 65535;
13194 : 65535;
13195 : 65535;
13196 : 65535;
13197 : 65535;
13198 : 65535;
13199 : 65535;
13200 : 65535;
13201 : 65535;
13202 : 65535;
13203 : 65535;
13204 : 65535;
13205 : 65535;
13206 : 65535;
13207 : 65535;
13208 : 65535;
13209 : 65535;
13210 : 65535;
13211 : 65535;
13212 : 65535;
13213 : 65535;
13214 : 65535;
13215 : 65535;
13216 : 57084;
13217 : 44239;
13218 : 65365;
13219 : 65301;
13220 : 65301;
13221 : 65301;
13222 : 65301;
13223 : 65301;
13224 : 65301;
13225 : 65301;
13226 : 65301;
13227 : 65366;
13228 : 27401;
13229 : 40212;
13230 : 65535;
13231 : 65535;
13232 : 65535;
13233 : 65535;
13234 : 65535;
13235 : 65535;
13236 : 65535;
13237 : 65535;
13238 : 65535;
13239 : 65535;
13240 : 65535;
13241 : 65535;
13242 : 65535;
13243 : 65535;
13244 : 65535;
13245 : 65535;
13246 : 65535;
13247 : 65535;
13248 : 65535;
13249 : 65535;
13250 : 65535;
13251 : 65535;
13252 : 65535;
13253 : 65535;
13254 : 65535;
13255 : 65535;
13256 : 65535;
13257 : 35953;
13258 : 27499;
13259 : 33870;
13260 : 33838;
13261 : 33838;
13262 : 33838;
13263 : 33838;
13264 : 35951;
13265 : 29579;
13266 : 29581;
13267 : 65535;
13268 : 65535;
13269 : 65535;
13270 : 65535;
13271 : 65535;
13272 : 65535;
13273 : 65535;
13274 : 46518;
13275 : 37900;
13276 : 52657;
13277 : 50577;
13278 : 50577;
13279 : 50577;
13280 : 42158;
13281 : 44336;
13282 : 42353;
13283 : 25386;
13284 : 52793;
13285 : 65535;
13286 : 65535;
13287 : 65535;
13288 : 65535;
13289 : 65535;
13290 : 65535;
13291 : 65535;
13292 : 65535;
13293 : 65535;
13294 : 65535;
13295 : 65535;
13296 : 65535;
13297 : 65535;
13298 : 65535;
13299 : 65535;
13300 : 65535;
13301 : 65535;
13302 : 65535;
13303 : 65535;
13304 : 65535;
13305 : 65535;
13306 : 65535;
13307 : 65535;
13308 : 65535;
13309 : 65535;
13310 : 65535;
13311 : 65535;
13312 : 65535;
13313 : 65535;
13314 : 65535;
13315 : 65535;
13316 : 65535;
13317 : 65535;
13318 : 65535;
13319 : 65535;
13320 : 65535;
13321 : 65535;
13322 : 65535;
13323 : 65535;
13324 : 65535;
13325 : 65535;
13326 : 65535;
13327 : 65535;
13328 : 65535;
13329 : 65535;
13330 : 65535;
13331 : 65535;
13332 : 65535;
13333 : 65535;
13334 : 65535;
13335 : 65535;
13336 : 65535;
13337 : 65535;
13338 : 65535;
13339 : 65535;
13340 : 65535;
13341 : 65535;
13342 : 65535;
13343 : 63390;
13344 : 38097;
13345 : 56979;
13346 : 65333;
13347 : 65301;
13348 : 65301;
13349 : 65301;
13350 : 65301;
13351 : 65301;
13352 : 65301;
13353 : 65301;
13354 : 65333;
13355 : 61108;
13356 : 19015;
13357 : 38034;
13358 : 65535;
13359 : 65535;
13360 : 65535;
13361 : 65535;
13362 : 65535;
13363 : 65535;
13364 : 65535;
13365 : 65535;
13366 : 65535;
13367 : 65535;
13368 : 65535;
13369 : 65535;
13370 : 65535;
13371 : 65535;
13372 : 65535;
13373 : 65535;
13374 : 65535;
13375 : 65535;
13376 : 65535;
13377 : 65535;
13378 : 65535;
13379 : 65535;
13380 : 65535;
13381 : 65535;
13382 : 65535;
13383 : 65535;
13384 : 61309;
13385 : 23274;
13386 : 33838;
13387 : 33838;
13388 : 33838;
13389 : 33838;
13390 : 33838;
13391 : 35918;
13392 : 33805;
13393 : 23274;
13394 : 61309;
13395 : 65535;
13396 : 65535;
13397 : 65535;
13398 : 65535;
13399 : 65535;
13400 : 65535;
13401 : 65535;
13402 : 40146;
13403 : 44206;
13404 : 50577;
13405 : 50577;
13406 : 50577;
13407 : 52657;
13408 : 31691;
13409 : 31951;
13410 : 32016;
13411 : 25645;
13412 : 42324;
13413 : 65535;
13414 : 65535;
13415 : 65535;
13416 : 65535;
13417 : 65535;
13418 : 65535;
13419 : 65535;
13420 : 65535;
13421 : 65535;
13422 : 65535;
13423 : 65535;
13424 : 65535;
13425 : 65535;
13426 : 65535;
13427 : 65535;
13428 : 65535;
13429 : 65535;
13430 : 65535;
13431 : 65535;
13432 : 65535;
13433 : 65535;
13434 : 65535;
13435 : 65535;
13436 : 65535;
13437 : 65535;
13438 : 65535;
13439 : 65535;
13440 : 65535;
13441 : 65535;
13442 : 65535;
13443 : 65535;
13444 : 65535;
13445 : 65535;
13446 : 65535;
13447 : 65535;
13448 : 65535;
13449 : 65535;
13450 : 65535;
13451 : 65535;
13452 : 65535;
13453 : 65535;
13454 : 65535;
13455 : 65535;
13456 : 65535;
13457 : 65535;
13458 : 65535;
13459 : 65535;
13460 : 65535;
13461 : 65535;
13462 : 65535;
13463 : 65535;
13464 : 65535;
13465 : 65535;
13466 : 65535;
13467 : 65535;
13468 : 65535;
13469 : 65535;
13470 : 59164;
13471 : 29776;
13472 : 32177;
13473 : 40596;
13474 : 52948;
13475 : 63253;
13476 : 65301;
13477 : 65301;
13478 : 65301;
13479 : 65301;
13480 : 65301;
13481 : 63253;
13482 : 65333;
13483 : 50576;
13484 : 23241;
13485 : 33840;
13486 : 65535;
13487 : 65535;
13488 : 65535;
13489 : 65535;
13490 : 65535;
13491 : 65535;
13492 : 65535;
13493 : 65535;
13494 : 65535;
13495 : 65535;
13496 : 65535;
13497 : 65535;
13498 : 65535;
13499 : 65535;
13500 : 65535;
13501 : 65535;
13502 : 65535;
13503 : 65535;
13504 : 65535;
13505 : 65535;
13506 : 65535;
13507 : 65535;
13508 : 65535;
13509 : 65535;
13510 : 65535;
13511 : 65535;
13512 : 42260;
13513 : 21094;
13514 : 33805;
13515 : 33838;
13516 : 33838;
13517 : 33838;
13518 : 33838;
13519 : 33837;
13520 : 23274;
13521 : 52857;
13522 : 65535;
13523 : 65535;
13524 : 65535;
13525 : 65535;
13526 : 65535;
13527 : 65535;
13528 : 65535;
13529 : 65535;
13530 : 33807;
13531 : 48464;
13532 : 50577;
13533 : 50577;
13534 : 50577;
13535 : 52657;
13536 : 35852;
13537 : 25710;
13538 : 27887;
13539 : 27887;
13540 : 21388;
13541 : 52825;
13542 : 65535;
13543 : 65535;
13544 : 65535;
13545 : 65535;
13546 : 65535;
13547 : 65535;
13548 : 65535;
13549 : 65535;
13550 : 65535;
13551 : 65535;
13552 : 65535;
13553 : 65535;
13554 : 65535;
13555 : 65535;
13556 : 65535;
13557 : 65535;
13558 : 65535;
13559 : 65535;
13560 : 65535;
13561 : 65535;
13562 : 65535;
13563 : 65535;
13564 : 65535;
13565 : 65535;
13566 : 65535;
13567 : 65535;
13568 : 65535;
13569 : 65535;
13570 : 65535;
13571 : 65535;
13572 : 65535;
13573 : 65535;
13574 : 65535;
13575 : 65535;
13576 : 65535;
13577 : 65535;
13578 : 65535;
13579 : 65535;
13580 : 65535;
13581 : 65535;
13582 : 65535;
13583 : 65535;
13584 : 65535;
13585 : 65535;
13586 : 65535;
13587 : 65535;
13588 : 65535;
13589 : 65535;
13590 : 65503;
13591 : 65535;
13592 : 65535;
13593 : 65535;
13594 : 65535;
13595 : 65535;
13596 : 63390;
13597 : 42292;
13598 : 21387;
13599 : 28081;
13600 : 32339;
13601 : 34387;
13602 : 44692;
13603 : 63253;
13604 : 65301;
13605 : 65301;
13606 : 65301;
13607 : 63220;
13608 : 54996;
13609 : 44692;
13610 : 48853;
13611 : 35949;
13612 : 27499;
13613 : 29646;
13614 : 65535;
13615 : 65535;
13616 : 65535;
13617 : 65535;
13618 : 65535;
13619 : 65535;
13620 : 65535;
13621 : 65535;
13622 : 65535;
13623 : 65535;
13624 : 65535;
13625 : 65535;
13626 : 65535;
13627 : 65535;
13628 : 65535;
13629 : 65535;
13630 : 65535;
13631 : 65535;
13632 : 65535;
13633 : 65535;
13634 : 65535;
13635 : 65535;
13636 : 65535;
13637 : 65535;
13638 : 65535;
13639 : 63390;
13640 : 19015;
13641 : 23044;
13642 : 25222;
13643 : 27335;
13644 : 27367;
13645 : 27368;
13646 : 27367;
13647 : 18949;
13648 : 40114;
13649 : 65535;
13650 : 65535;
13651 : 65535;
13652 : 65535;
13653 : 65535;
13654 : 65535;
13655 : 65535;
13656 : 65535;
13657 : 63390;
13658 : 33773;
13659 : 50577;
13660 : 50577;
13661 : 50577;
13662 : 50577;
13663 : 50609;
13664 : 44238;
13665 : 19307;
13666 : 27920;
13667 : 27887;
13668 : 25839;
13669 : 23533;
13670 : 46518;
13671 : 63422;
13672 : 65535;
13673 : 65535;
13674 : 65535;
13675 : 65535;
13676 : 65535;
13677 : 65535;
13678 : 65535;
13679 : 65535;
13680 : 65535;
13681 : 65535;
13682 : 65535;
13683 : 65535;
13684 : 65535;
13685 : 65535;
13686 : 65535;
13687 : 65535;
13688 : 65535;
13689 : 65535;
13690 : 65535;
13691 : 65535;
13692 : 65535;
13693 : 65535;
13694 : 65535;
13695 : 65535;
13696 : 65535;
13697 : 65535;
13698 : 65535;
13699 : 65535;
13700 : 65535;
13701 : 65535;
13702 : 65535;
13703 : 65535;
13704 : 65535;
13705 : 65535;
13706 : 65535;
13707 : 65535;
13708 : 65535;
13709 : 65535;
13710 : 65535;
13711 : 65535;
13712 : 65535;
13713 : 65535;
13714 : 65535;
13715 : 65535;
13716 : 65535;
13717 : 65535;
13718 : 40179;
13719 : 48663;
13720 : 61244;
13721 : 59132;
13722 : 50744;
13723 : 38131;
13724 : 23436;
13725 : 23629;
13726 : 30227;
13727 : 30291;
13728 : 30291;
13729 : 30227;
13730 : 44595;
13731 : 65333;
13732 : 65301;
13733 : 65333;
13734 : 56914;
13735 : 44465;
13736 : 40596;
13737 : 34387;
13738 : 34419;
13739 : 23467;
13740 : 29547;
13741 : 23274;
13742 : 61277;
13743 : 65535;
13744 : 65535;
13745 : 65535;
13746 : 65535;
13747 : 65535;
13748 : 65535;
13749 : 65535;
13750 : 65535;
13751 : 65535;
13752 : 65535;
13753 : 65535;
13754 : 65535;
13755 : 65535;
13756 : 65535;
13757 : 65535;
13758 : 65535;
13759 : 65535;
13760 : 65535;
13761 : 65535;
13762 : 65535;
13763 : 65535;
13764 : 65535;
13765 : 65535;
13766 : 65535;
13767 : 42292;
13768 : 14723;
13769 : 25156;
13770 : 23076;
13771 : 23076;
13772 : 23076;
13773 : 23076;
13774 : 20963;
13775 : 23177;
13776 : 63390;
13777 : 65535;
13778 : 65535;
13779 : 65535;
13780 : 65535;
13781 : 65535;
13782 : 65535;
13783 : 65535;
13784 : 65535;
13785 : 55002;
13786 : 37933;
13787 : 52657;
13788 : 50577;
13789 : 50577;
13790 : 50577;
13791 : 50577;
13792 : 50577;
13793 : 27499;
13794 : 23629;
13795 : 27920;
13796 : 27985;
13797 : 30227;
13798 : 23823;
13799 : 29807;
13800 : 44469;
13801 : 52922;
13802 : 55002;
13803 : 50744;
13804 : 48631;
13805 : 54938;
13806 : 54970;
13807 : 61309;
13808 : 65535;
13809 : 65535;
13810 : 65535;
13811 : 65535;
13812 : 65535;
13813 : 65535;
13814 : 65535;
13815 : 65535;
13816 : 65535;
13817 : 65535;
13818 : 65535;
13819 : 65535;
13820 : 65535;
13821 : 65535;
13822 : 65535;
13823 : 65535;
13824 : 65535;
13825 : 65535;
13826 : 65535;
13827 : 65535;
13828 : 65535;
13829 : 65535;
13830 : 65535;
13831 : 65535;
13832 : 65535;
13833 : 65535;
13834 : 65535;
13835 : 65535;
13836 : 65535;
13837 : 65535;
13838 : 65535;
13839 : 65535;
13840 : 65535;
13841 : 65535;
13842 : 65535;
13843 : 65535;
13844 : 65535;
13845 : 65535;
13846 : 57050;
13847 : 25484;
13848 : 31952;
13849 : 31887;
13850 : 32016;
13851 : 32210;
13852 : 34388;
13853 : 34453;
13854 : 32372;
13855 : 30259;
13856 : 25904;
13857 : 27693;
13858 : 58995;
13859 : 65333;
13860 : 65301;
13861 : 65365;
13862 : 48496;
13863 : 27887;
13864 : 36468;
13865 : 34387;
13866 : 32372;
13867 : 21516;
13868 : 20996;
13869 : 18916;
13870 : 54971;
13871 : 65535;
13872 : 65535;
13873 : 65535;
13874 : 65535;
13875 : 65535;
13876 : 65535;
13877 : 65535;
13878 : 65535;
13879 : 65535;
13880 : 65535;
13881 : 65535;
13882 : 65535;
13883 : 65535;
13884 : 65535;
13885 : 65535;
13886 : 65535;
13887 : 65535;
13888 : 65535;
13889 : 65535;
13890 : 65535;
13891 : 65535;
13892 : 65535;
13893 : 65535;
13894 : 63390;
13895 : 23176;
13896 : 23044;
13897 : 23076;
13898 : 23076;
13899 : 23076;
13900 : 23076;
13901 : 25156;
13902 : 14691;
13903 : 46518;
13904 : 65535;
13905 : 65535;
13906 : 65535;
13907 : 65535;
13908 : 65535;
13909 : 65535;
13910 : 65535;
13911 : 65535;
13912 : 65535;
13913 : 46518;
13914 : 42126;
13915 : 52657;
13916 : 50577;
13917 : 50577;
13918 : 50577;
13919 : 50577;
13920 : 50577;
13921 : 48464;
13922 : 14887;
13923 : 19339;
13924 : 25807;
13925 : 30226;
13926 : 30291;
13927 : 30194;
13928 : 27951;
13929 : 23565;
13930 : 25484;
13931 : 31727;
13932 : 42260;
13933 : 50744;
13934 : 50712;
13935 : 48631;
13936 : 59164;
13937 : 65535;
13938 : 65535;
13939 : 65535;
13940 : 65535;
13941 : 65535;
13942 : 65535;
13943 : 65535;
13944 : 65535;
13945 : 65535;
13946 : 65535;
13947 : 65535;
13948 : 65535;
13949 : 65535;
13950 : 65535;
13951 : 65535;
13952 : 65535;
13953 : 65535;
13954 : 65535;
13955 : 65535;
13956 : 65535;
13957 : 65535;
13958 : 65535;
13959 : 65535;
13960 : 65535;
13961 : 65535;
13962 : 65535;
13963 : 65535;
13964 : 65535;
13965 : 65535;
13966 : 65535;
13967 : 65535;
13968 : 65535;
13969 : 65535;
13970 : 65535;
13971 : 65535;
13972 : 65535;
13973 : 65535;
13974 : 65535;
13975 : 55002;
13976 : 38194;
13977 : 36274;
13978 : 36371;
13979 : 34323;
13980 : 32210;
13981 : 27952;
13982 : 23630;
13983 : 23403;
13984 : 40142;
13985 : 61108;
13986 : 65333;
13987 : 65301;
13988 : 65301;
13989 : 65333;
13990 : 54770;
13991 : 23662;
13992 : 32372;
13993 : 32307;
13994 : 30291;
13995 : 25872;
13996 : 16803;
13997 : 18916;
13998 : 54938;
13999 : 65535;
14000 : 65535;
14001 : 65535;
14002 : 65535;
14003 : 65535;
14004 : 65535;
14005 : 65535;
14006 : 65535;
14007 : 65535;
14008 : 65535;
14009 : 65535;
14010 : 65535;
14011 : 65535;
14012 : 65535;
14013 : 65535;
14014 : 65535;
14015 : 65535;
14016 : 65535;
14017 : 65535;
14018 : 65535;
14019 : 65535;
14020 : 65535;
14021 : 65535;
14022 : 37968;
14023 : 18883;
14024 : 23108;
14025 : 23076;
14026 : 23076;
14027 : 23076;
14028 : 23076;
14029 : 20963;
14030 : 21129;
14031 : 65503;
14032 : 65535;
14033 : 65535;
14034 : 65535;
14035 : 65535;
14036 : 65535;
14037 : 65535;
14038 : 65535;
14039 : 65535;
14040 : 65535;
14041 : 38033;
14042 : 46351;
14043 : 50577;
14044 : 50577;
14045 : 50577;
14046 : 50577;
14047 : 50577;
14048 : 50577;
14049 : 44271;
14050 : 38001;
14051 : 54970;
14052 : 44437;
14053 : 36114;
14054 : 34066;
14055 : 36114;
14056 : 42357;
14057 : 52857;
14058 : 63390;
14059 : 65535;
14060 : 65535;
14061 : 65535;
14062 : 65535;
14063 : 65535;
14064 : 65535;
14065 : 65535;
14066 : 65535;
14067 : 65535;
14068 : 65535;
14069 : 65535;
14070 : 65535;
14071 : 65535;
14072 : 65535;
14073 : 65535;
14074 : 65535;
14075 : 65535;
14076 : 65535;
14077 : 65535;
14078 : 65535;
14079 : 65535;
14080 : 65535;
14081 : 65535;
14082 : 65535;
14083 : 65535;
14084 : 65535;
14085 : 65535;
14086 : 65535;
14087 : 65535;
14088 : 65535;
14089 : 65535;
14090 : 65535;
14091 : 65535;
14092 : 65535;
14093 : 65535;
14094 : 65535;
14095 : 65535;
14096 : 65535;
14097 : 65535;
14098 : 65535;
14099 : 65535;
14100 : 65535;
14101 : 65535;
14102 : 65535;
14103 : 65535;
14104 : 65503;
14105 : 54938;
14106 : 46518;
14107 : 44469;
14108 : 46550;
14109 : 48631;
14110 : 44373;
14111 : 48464;
14112 : 65398;
14113 : 65333;
14114 : 65301;
14115 : 65301;
14116 : 65301;
14117 : 65333;
14118 : 63188;
14119 : 27725;
14120 : 30291;
14121 : 30259;
14122 : 30291;
14123 : 30259;
14124 : 14918;
14125 : 18883;
14126 : 52825;
14127 : 65535;
14128 : 65535;
14129 : 65535;
14130 : 65535;
14131 : 65535;
14132 : 65535;
14133 : 65535;
14134 : 65535;
14135 : 65535;
14136 : 65535;
14137 : 65535;
14138 : 65535;
14139 : 65535;
14140 : 65535;
14141 : 65535;
14142 : 65535;
14143 : 65535;
14144 : 65535;
14145 : 65535;
14146 : 65535;
14147 : 65535;
14148 : 65535;
14149 : 40114;
14150 : 16803;
14151 : 23076;
14152 : 23076;
14153 : 23076;
14154 : 23076;
14155 : 23076;
14156 : 25156;
14157 : 14691;
14158 : 46518;
14159 : 65535;
14160 : 65535;
14161 : 65535;
14162 : 65535;
14163 : 65535;
14164 : 65535;
14165 : 65535;
14166 : 65535;
14167 : 65535;
14168 : 65535;
14169 : 29515;
14170 : 46285;
14171 : 50545;
14172 : 50577;
14173 : 50577;
14174 : 50577;
14175 : 50577;
14176 : 52625;
14177 : 33739;
14178 : 52858;
14179 : 65535;
14180 : 65535;
14181 : 65535;
14182 : 65535;
14183 : 65535;
14184 : 65535;
14185 : 65535;
14186 : 65535;
14187 : 65535;
14188 : 65535;
14189 : 65535;
14190 : 65535;
14191 : 65535;
14192 : 65535;
14193 : 65535;
14194 : 65535;
14195 : 65535;
14196 : 65535;
14197 : 65535;
14198 : 65535;
14199 : 65535;
14200 : 65535;
14201 : 65535;
14202 : 65535;
14203 : 65535;
14204 : 65535;
14205 : 65535;
14206 : 65535;
14207 : 65535;
14208 : 65535;
14209 : 65535;
14210 : 65535;
14211 : 65535;
14212 : 65535;
14213 : 65535;
14214 : 65535;
14215 : 65535;
14216 : 65535;
14217 : 65535;
14218 : 65535;
14219 : 65535;
14220 : 65535;
14221 : 65535;
14222 : 65535;
14223 : 65535;
14224 : 65535;
14225 : 65535;
14226 : 65535;
14227 : 65535;
14228 : 65535;
14229 : 65535;
14230 : 65535;
14231 : 65535;
14232 : 65535;
14233 : 65535;
14234 : 65535;
14235 : 65535;
14236 : 65535;
14237 : 65535;
14238 : 42226;
14239 : 58995;
14240 : 65333;
14241 : 65301;
14242 : 65301;
14243 : 65301;
14244 : 65301;
14245 : 65301;
14246 : 65365;
14247 : 44335;
14248 : 25904;
14249 : 32372;
14250 : 32340;
14251 : 34452;
14252 : 25775;
14253 : 10499;
14254 : 54970;
14255 : 65535;
14256 : 65535;
14257 : 65535;
14258 : 65535;
14259 : 65535;
14260 : 65535;
14261 : 65535;
14262 : 65535;
14263 : 65535;
14264 : 65535;
14265 : 65535;
14266 : 65535;
14267 : 65535;
14268 : 65535;
14269 : 65535;
14270 : 65535;
14271 : 65535;
14272 : 65535;
14273 : 65535;
14274 : 65535;
14275 : 63390;
14276 : 31694;
14277 : 18883;
14278 : 25157;
14279 : 23108;
14280 : 23076;
14281 : 23076;
14282 : 23076;
14283 : 23076;
14284 : 23044;
14285 : 21096;
14286 : 63422;
14287 : 65535;
14288 : 65535;
14289 : 65535;
14290 : 65535;
14291 : 65535;
14292 : 65535;
14293 : 65535;
14294 : 65535;
14295 : 65535;
14296 : 59196;
14297 : 25158;
14298 : 37703;
14299 : 41994;
14300 : 44107;
14301 : 44139;
14302 : 44107;
14303 : 41994;
14304 : 37768;
14305 : 31596;
14306 : 65535;
14307 : 65535;
14308 : 65535;
14309 : 65535;
14310 : 65535;
14311 : 65535;
14312 : 65535;
14313 : 65535;
14314 : 65535;
14315 : 65535;
14316 : 65535;
14317 : 65535;
14318 : 65535;
14319 : 65535;
14320 : 65535;
14321 : 65535;
14322 : 65535;
14323 : 65535;
14324 : 65535;
14325 : 65535;
14326 : 65535;
14327 : 65535;
14328 : 65535;
14329 : 65535;
14330 : 65535;
14331 : 65535;
14332 : 65535;
14333 : 65535;
14334 : 65535;
14335 : 65535;
14336 : 65535;
14337 : 65535;
14338 : 65535;
14339 : 65535;
14340 : 65535;
14341 : 65535;
14342 : 65535;
14343 : 65535;
14344 : 65535;
14345 : 65535;
14346 : 65535;
14347 : 65535;
14348 : 65535;
14349 : 65535;
14350 : 65535;
14351 : 65535;
14352 : 65535;
14353 : 65535;
14354 : 65535;
14355 : 65535;
14356 : 65535;
14357 : 65535;
14358 : 65535;
14359 : 65535;
14360 : 65535;
14361 : 65535;
14362 : 65535;
14363 : 65535;
14364 : 65535;
14365 : 63455;
14366 : 40111;
14367 : 65301;
14368 : 65301;
14369 : 65301;
14370 : 65301;
14371 : 65301;
14372 : 65301;
14373 : 65301;
14374 : 65333;
14375 : 58995;
14376 : 12838;
14377 : 28017;
14378 : 36533;
14379 : 36469;
14380 : 36501;
14381 : 21420;
14382 : 44405;
14383 : 65535;
14384 : 65535;
14385 : 65535;
14386 : 65535;
14387 : 65535;
14388 : 65535;
14389 : 65535;
14390 : 65535;
14391 : 65535;
14392 : 65535;
14393 : 65535;
14394 : 65535;
14395 : 65535;
14396 : 65535;
14397 : 65535;
14398 : 65535;
14399 : 65535;
14400 : 65535;
14401 : 65535;
14402 : 63422;
14403 : 25323;
14404 : 18883;
14405 : 20996;
14406 : 25157;
14407 : 25157;
14408 : 23108;
14409 : 23076;
14410 : 23076;
14411 : 23108;
14412 : 16803;
14413 : 44373;
14414 : 65535;
14415 : 65535;
14416 : 65535;
14417 : 65535;
14418 : 65535;
14419 : 65535;
14420 : 65535;
14421 : 65535;
14422 : 65535;
14423 : 65535;
14424 : 48566;
14425 : 25124;
14426 : 35590;
14427 : 35590;
14428 : 37670;
14429 : 37638;
14430 : 35558;
14431 : 35558;
14432 : 27172;
14433 : 46486;
14434 : 65535;
14435 : 65535;
14436 : 65535;
14437 : 65535;
14438 : 65535;
14439 : 65535;
14440 : 65535;
14441 : 65535;
14442 : 65535;
14443 : 65535;
14444 : 65535;
14445 : 65535;
14446 : 65535;
14447 : 65535;
14448 : 65535;
14449 : 65535;
14450 : 65535;
14451 : 65535;
14452 : 65535;
14453 : 65535;
14454 : 65535;
14455 : 65535;
14456 : 65535;
14457 : 65535;
14458 : 65535;
14459 : 65535;
14460 : 65535;
14461 : 65535;
14462 : 65535;
14463 : 65535;
14464 : 65535;
14465 : 65535;
14466 : 65535;
14467 : 65535;
14468 : 65535;
14469 : 65535;
14470 : 65535;
14471 : 65535;
14472 : 65535;
14473 : 65535;
14474 : 65535;
14475 : 65535;
14476 : 65535;
14477 : 65535;
14478 : 65535;
14479 : 65535;
14480 : 65535;
14481 : 65535;
14482 : 65535;
14483 : 65535;
14484 : 65535;
14485 : 65535;
14486 : 65535;
14487 : 65535;
14488 : 65535;
14489 : 65535;
14490 : 65535;
14491 : 65535;
14492 : 65535;
14493 : 54970;
14494 : 46384;
14495 : 65365;
14496 : 65301;
14497 : 65301;
14498 : 65301;
14499 : 65301;
14500 : 65301;
14501 : 65301;
14502 : 65398;
14503 : 40077;
14504 : 14658;
14505 : 14788;
14506 : 25678;
14507 : 36436;
14508 : 40662;
14509 : 42710;
14510 : 31919;
14511 : 38066;
14512 : 61309;
14513 : 65535;
14514 : 65535;
14515 : 65535;
14516 : 65535;
14517 : 65535;
14518 : 65535;
14519 : 65535;
14520 : 65535;
14521 : 65535;
14522 : 65535;
14523 : 65535;
14524 : 65535;
14525 : 65535;
14526 : 65535;
14527 : 65535;
14528 : 65535;
14529 : 65535;
14530 : 50777;
14531 : 14691;
14532 : 18884;
14533 : 20964;
14534 : 25189;
14535 : 23076;
14536 : 23044;
14537 : 23076;
14538 : 23108;
14539 : 23044;
14540 : 23176;
14541 : 63422;
14542 : 65535;
14543 : 65535;
14544 : 65535;
14545 : 65535;
14546 : 65535;
14547 : 65535;
14548 : 65535;
14549 : 65535;
14550 : 65535;
14551 : 65535;
14552 : 31629;
14553 : 33445;
14554 : 35590;
14555 : 35590;
14556 : 35558;
14557 : 35558;
14558 : 35590;
14559 : 35557;
14560 : 27336;
14561 : 63390;
14562 : 65535;
14563 : 65535;
14564 : 65535;
14565 : 65535;
14566 : 65535;
14567 : 65535;
14568 : 65535;
14569 : 65535;
14570 : 65535;
14571 : 65535;
14572 : 65535;
14573 : 65535;
14574 : 65535;
14575 : 65535;
14576 : 65535;
14577 : 65535;
14578 : 65535;
14579 : 65535;
14580 : 65535;
14581 : 65535;
14582 : 65535;
14583 : 65535;
14584 : 65535;
14585 : 65535;
14586 : 65535;
14587 : 65535;
14588 : 65535;
14589 : 65535;
14590 : 65535;
14591 : 65535;
14592 : 65535;
14593 : 65535;
14594 : 65535;
14595 : 65535;
14596 : 65535;
14597 : 65535;
14598 : 65535;
14599 : 65535;
14600 : 65535;
14601 : 65535;
14602 : 65535;
14603 : 65535;
14604 : 65535;
14605 : 65535;
14606 : 65535;
14607 : 65535;
14608 : 65535;
14609 : 65535;
14610 : 65535;
14611 : 65535;
14612 : 65535;
14613 : 65535;
14614 : 65535;
14615 : 65535;
14616 : 65535;
14617 : 65535;
14618 : 65535;
14619 : 65535;
14620 : 65535;
14621 : 42260;
14622 : 54834;
14623 : 65333;
14624 : 65301;
14625 : 65301;
14626 : 65301;
14627 : 65301;
14628 : 65301;
14629 : 65333;
14630 : 63221;
14631 : 21062;
14632 : 23044;
14633 : 23076;
14634 : 18851;
14635 : 19046;
14636 : 27694;
14637 : 36275;
14638 : 40500;
14639 : 29903;
14640 : 25485;
14641 : 40147;
14642 : 61309;
14643 : 65535;
14644 : 65535;
14645 : 65535;
14646 : 65535;
14647 : 65535;
14648 : 65535;
14649 : 65535;
14650 : 65535;
14651 : 65535;
14652 : 65535;
14653 : 65535;
14654 : 65535;
14655 : 65535;
14656 : 65535;
14657 : 65535;
14658 : 52890;
14659 : 12611;
14660 : 14723;
14661 : 25156;
14662 : 25156;
14663 : 16803;
14664 : 23076;
14665 : 23076;
14666 : 23076;
14667 : 14723;
14668 : 44340;
14669 : 65535;
14670 : 65535;
14671 : 65535;
14672 : 65535;
14673 : 65535;
14674 : 65535;
14675 : 65535;
14676 : 65535;
14677 : 65535;
14678 : 65535;
14679 : 57116;
14680 : 25190;
14681 : 35590;
14682 : 35590;
14683 : 35590;
14684 : 35590;
14685 : 35590;
14686 : 35590;
14687 : 29284;
14688 : 40179;
14689 : 65535;
14690 : 65535;
14691 : 65535;
14692 : 65535;
14693 : 65535;
14694 : 65535;
14695 : 65535;
14696 : 65535;
14697 : 65535;
14698 : 65535;
14699 : 65535;
14700 : 65535;
14701 : 65535;
14702 : 65535;
14703 : 65535;
14704 : 65535;
14705 : 65535;
14706 : 65535;
14707 : 65535;
14708 : 65535;
14709 : 65535;
14710 : 65535;
14711 : 65535;
14712 : 65535;
14713 : 65535;
14714 : 65535;
14715 : 65535;
14716 : 65535;
14717 : 65535;
14718 : 65535;
14719 : 65535;
14720 : 65535;
14721 : 65535;
14722 : 65535;
14723 : 65535;
14724 : 65535;
14725 : 65535;
14726 : 65535;
14727 : 65535;
14728 : 65535;
14729 : 65535;
14730 : 65535;
14731 : 65535;
14732 : 65535;
14733 : 65535;
14734 : 65535;
14735 : 65535;
14736 : 65535;
14737 : 65535;
14738 : 65535;
14739 : 65535;
14740 : 65535;
14741 : 65535;
14742 : 65535;
14743 : 65535;
14744 : 65535;
14745 : 65535;
14746 : 65535;
14747 : 65535;
14748 : 63390;
14749 : 33740;
14750 : 63188;
14751 : 65301;
14752 : 65333;
14753 : 65333;
14754 : 65333;
14755 : 65333;
14756 : 65333;
14757 : 65365;
14758 : 42093;
14759 : 16803;
14760 : 25156;
14761 : 23076;
14762 : 25156;
14763 : 16770;
14764 : 40114;
14765 : 57051;
14766 : 52889;
14767 : 52857;
14768 : 52890;
14769 : 59196;
14770 : 65535;
14771 : 65535;
14772 : 65535;
14773 : 65535;
14774 : 65535;
14775 : 65535;
14776 : 65535;
14777 : 65535;
14778 : 65535;
14779 : 65535;
14780 : 65535;
14781 : 65535;
14782 : 65535;
14783 : 65535;
14784 : 65535;
14785 : 65535;
14786 : 65535;
14787 : 38001;
14788 : 6338;
14789 : 18850;
14790 : 20963;
14791 : 12610;
14792 : 23076;
14793 : 23044;
14794 : 18851;
14795 : 38033;
14796 : 65535;
14797 : 65535;
14798 : 65535;
14799 : 65535;
14800 : 65535;
14801 : 65535;
14802 : 65535;
14803 : 65535;
14804 : 65535;
14805 : 65535;
14806 : 65535;
14807 : 33774;
14808 : 31397;
14809 : 35590;
14810 : 35590;
14811 : 35590;
14812 : 35590;
14813 : 35590;
14814 : 35590;
14815 : 23077;
14816 : 57116;
14817 : 65535;
14818 : 65535;
14819 : 65535;
14820 : 65535;
14821 : 65535;
14822 : 65535;
14823 : 65535;
14824 : 65535;
14825 : 65535;
14826 : 65535;
14827 : 65535;
14828 : 65535;
14829 : 65535;
14830 : 65535;
14831 : 65535;
14832 : 65535;
14833 : 65535;
14834 : 65535;
14835 : 65535;
14836 : 65535;
14837 : 65535;
14838 : 65535;
14839 : 65535;
14840 : 65535;
14841 : 65535;
14842 : 65535;
14843 : 65535;
14844 : 65535;
14845 : 65535;
14846 : 65535;
14847 : 65535;
14848 : 65535;
14849 : 65535;
14850 : 65535;
14851 : 65535;
14852 : 65535;
14853 : 65535;
14854 : 65535;
14855 : 65535;
14856 : 65535;
14857 : 65535;
14858 : 65535;
14859 : 65535;
14860 : 65535;
14861 : 65535;
14862 : 65535;
14863 : 65535;
14864 : 65535;
14865 : 65535;
14866 : 65535;
14867 : 65535;
14868 : 65535;
14869 : 65535;
14870 : 65535;
14871 : 65535;
14872 : 65535;
14873 : 65535;
14874 : 65535;
14875 : 65535;
14876 : 44405;
14877 : 33477;
14878 : 52394;
14879 : 56686;
14880 : 56784;
14881 : 58897;
14882 : 58897;
14883 : 58864;
14884 : 56718;
14885 : 50412;
14886 : 18884;
14887 : 23076;
14888 : 23076;
14889 : 25156;
14890 : 18883;
14891 : 27436;
14892 : 65535;
14893 : 65535;
14894 : 65535;
14895 : 65535;
14896 : 65535;
14897 : 65535;
14898 : 65535;
14899 : 65535;
14900 : 65535;
14901 : 65535;
14902 : 65535;
14903 : 65535;
14904 : 65535;
14905 : 65535;
14906 : 65535;
14907 : 65535;
14908 : 65535;
14909 : 65535;
14910 : 65535;
14911 : 65535;
14912 : 65535;
14913 : 65535;
14914 : 65535;
14915 : 65535;
14916 : 48599;
14917 : 31662;
14918 : 33774;
14919 : 27468;
14920 : 23143;
14921 : 25256;
14922 : 44340;
14923 : 65535;
14924 : 65535;
14925 : 65535;
14926 : 65535;
14927 : 65535;
14928 : 65535;
14929 : 65535;
14930 : 65535;
14931 : 65535;
14932 : 65535;
14933 : 65535;
14934 : 42259;
14935 : 29317;
14936 : 35590;
14937 : 35590;
14938 : 35590;
14939 : 35590;
14940 : 35590;
14941 : 35590;
14942 : 31397;
14943 : 33742;
14944 : 65535;
14945 : 65535;
14946 : 65535;
14947 : 65535;
14948 : 65535;
14949 : 65535;
14950 : 65535;
14951 : 65535;
14952 : 65535;
14953 : 65535;
14954 : 65535;
14955 : 65535;
14956 : 65535;
14957 : 65535;
14958 : 65535;
14959 : 65535;
14960 : 65535;
14961 : 65535;
14962 : 65535;
14963 : 65535;
14964 : 65535;
14965 : 65535;
14966 : 65535;
14967 : 65535;
14968 : 65535;
14969 : 65535;
14970 : 65535;
14971 : 65535;
14972 : 65535;
14973 : 65535;
14974 : 65535;
14975 : 65535;
14976 : 65535;
14977 : 65535;
14978 : 65535;
14979 : 65535;
14980 : 65535;
14981 : 65535;
14982 : 65535;
14983 : 65535;
14984 : 65535;
14985 : 65535;
14986 : 65535;
14987 : 65535;
14988 : 65535;
14989 : 65535;
14990 : 65535;
14991 : 65535;
14992 : 65535;
14993 : 65535;
14994 : 65535;
14995 : 65535;
14996 : 65535;
14997 : 65535;
14998 : 65535;
14999 : 65535;
15000 : 65535;
15001 : 65535;
15002 : 65535;
15003 : 63455;
15004 : 27370;
15005 : 43910;
15006 : 46022;
15007 : 48136;
15008 : 48169;
15009 : 48201;
15010 : 48103;
15011 : 46023;
15012 : 48103;
15013 : 29284;
15014 : 16803;
15015 : 25156;
15016 : 25157;
15017 : 18883;
15018 : 18951;
15019 : 61277;
15020 : 65535;
15021 : 65535;
15022 : 65535;
15023 : 65535;
15024 : 65535;
15025 : 65535;
15026 : 65535;
15027 : 65535;
15028 : 65535;
15029 : 65535;
15030 : 65535;
15031 : 65535;
15032 : 65535;
15033 : 65535;
15034 : 65535;
15035 : 65535;
15036 : 65535;
15037 : 65535;
15038 : 65535;
15039 : 65535;
15040 : 65535;
15041 : 65535;
15042 : 65535;
15043 : 65535;
15044 : 65535;
15045 : 65535;
15046 : 65535;
15047 : 65535;
15048 : 63390;
15049 : 63423;
15050 : 65535;
15051 : 65535;
15052 : 65535;
15053 : 65535;
15054 : 65535;
15055 : 65535;
15056 : 65535;
15057 : 65535;
15058 : 65535;
15059 : 65535;
15060 : 65535;
15061 : 44340;
15062 : 31365;
15063 : 37670;
15064 : 37638;
15065 : 35558;
15066 : 35590;
15067 : 35590;
15068 : 35590;
15069 : 35590;
15070 : 25157;
15071 : 54970;
15072 : 65535;
15073 : 65535;
15074 : 65535;
15075 : 65535;
15076 : 65535;
15077 : 65535;
15078 : 65535;
15079 : 65535;
15080 : 65535;
15081 : 65535;
15082 : 65535;
15083 : 65535;
15084 : 65535;
15085 : 65535;
15086 : 65535;
15087 : 65535;
15088 : 65535;
15089 : 65535;
15090 : 65535;
15091 : 65535;
15092 : 65535;
15093 : 65535;
15094 : 65535;
15095 : 65535;
15096 : 65535;
15097 : 65535;
15098 : 65535;
15099 : 65535;
15100 : 65535;
15101 : 65535;
15102 : 65535;
15103 : 65535;
15104 : 65535;
15105 : 65535;
15106 : 65535;
15107 : 65535;
15108 : 65535;
15109 : 65535;
15110 : 65535;
15111 : 65535;
15112 : 65535;
15113 : 65535;
15114 : 65535;
15115 : 65535;
15116 : 65535;
15117 : 65535;
15118 : 65535;
15119 : 65535;
15120 : 65535;
15121 : 65535;
15122 : 65535;
15123 : 65535;
15124 : 65535;
15125 : 65535;
15126 : 65535;
15127 : 65535;
15128 : 65535;
15129 : 65535;
15130 : 65535;
15131 : 46453;
15132 : 35525;
15133 : 48071;
15134 : 46022;
15135 : 46023;
15136 : 46023;
15137 : 46022;
15138 : 46022;
15139 : 46022;
15140 : 43910;
15141 : 16771;
15142 : 23076;
15143 : 23076;
15144 : 16771;
15145 : 23209;
15146 : 57083;
15147 : 65535;
15148 : 65535;
15149 : 65535;
15150 : 65535;
15151 : 65535;
15152 : 65535;
15153 : 65535;
15154 : 65535;
15155 : 65535;
15156 : 65535;
15157 : 65535;
15158 : 65535;
15159 : 65535;
15160 : 65535;
15161 : 65535;
15162 : 65535;
15163 : 65535;
15164 : 65535;
15165 : 65535;
15166 : 65535;
15167 : 65535;
15168 : 65535;
15169 : 65535;
15170 : 65535;
15171 : 65535;
15172 : 65535;
15173 : 65535;
15174 : 65535;
15175 : 65535;
15176 : 65535;
15177 : 65535;
15178 : 65535;
15179 : 65535;
15180 : 65535;
15181 : 65535;
15182 : 65535;
15183 : 65535;
15184 : 65535;
15185 : 65535;
15186 : 65535;
15187 : 65535;
15188 : 44372;
15189 : 29285;
15190 : 35590;
15191 : 39751;
15192 : 39751;
15193 : 37670;
15194 : 35558;
15195 : 35590;
15196 : 35590;
15197 : 31397;
15198 : 33742;
15199 : 65535;
15200 : 65535;
15201 : 65535;
15202 : 65535;
15203 : 65535;
15204 : 65535;
15205 : 65535;
15206 : 65535;
15207 : 65535;
15208 : 65535;
15209 : 65535;
15210 : 65535;
15211 : 65535;
15212 : 65535;
15213 : 65535;
15214 : 65535;
15215 : 65535;
15216 : 65535;
15217 : 65535;
15218 : 65535;
15219 : 65535;
15220 : 65535;
15221 : 65535;
15222 : 65535;
15223 : 65535;
15224 : 65535;
15225 : 65535;
15226 : 65535;
15227 : 65535;
15228 : 65535;
15229 : 65535;
15230 : 65535;
15231 : 65535;
15232 : 65535;
15233 : 65535;
15234 : 65535;
15235 : 65535;
15236 : 65535;
15237 : 65535;
15238 : 65535;
15239 : 65535;
15240 : 65535;
15241 : 65535;
15242 : 65535;
15243 : 65535;
15244 : 65535;
15245 : 65535;
15246 : 65535;
15247 : 65535;
15248 : 65535;
15249 : 65535;
15250 : 65535;
15251 : 65535;
15252 : 65535;
15253 : 65535;
15254 : 65535;
15255 : 65535;
15256 : 65535;
15257 : 65535;
15258 : 61342;
15259 : 29416;
15260 : 46022;
15261 : 46022;
15262 : 46022;
15263 : 46022;
15264 : 46022;
15265 : 46022;
15266 : 46022;
15267 : 48103;
15268 : 27172;
15269 : 16739;
15270 : 18883;
15271 : 21063;
15272 : 42227;
15273 : 65503;
15274 : 65535;
15275 : 65535;
15276 : 65535;
15277 : 65535;
15278 : 65535;
15279 : 65535;
15280 : 65535;
15281 : 65535;
15282 : 65535;
15283 : 65535;
15284 : 65535;
15285 : 65535;
15286 : 65535;
15287 : 65535;
15288 : 65535;
15289 : 65535;
15290 : 65535;
15291 : 65535;
15292 : 65535;
15293 : 65535;
15294 : 65535;
15295 : 65535;
15296 : 65535;
15297 : 65535;
15298 : 65535;
15299 : 65535;
15300 : 65535;
15301 : 65535;
15302 : 65535;
15303 : 65535;
15304 : 65535;
15305 : 65535;
15306 : 65535;
15307 : 65535;
15308 : 65535;
15309 : 65535;
15310 : 65535;
15311 : 65535;
15312 : 65535;
15313 : 65535;
15314 : 65535;
15315 : 61342;
15316 : 23111;
15317 : 35557;
15318 : 29350;
15319 : 41895;
15320 : 37735;
15321 : 35622;
15322 : 37638;
15323 : 35590;
15324 : 35590;
15325 : 27238;
15326 : 54938;
15327 : 65535;
15328 : 65535;
15329 : 65535;
15330 : 65535;
15331 : 65535;
15332 : 65535;
15333 : 65535;
15334 : 65535;
15335 : 65535;
15336 : 65535;
15337 : 65535;
15338 : 65535;
15339 : 65535;
15340 : 65535;
15341 : 65535;
15342 : 65535;
15343 : 65535;
15344 : 65535;
15345 : 65535;
15346 : 65535;
15347 : 65535;
15348 : 65535;
15349 : 65535;
15350 : 65535;
15351 : 65535;
15352 : 65535;
15353 : 65535;
15354 : 65535;
15355 : 65535;
15356 : 65535;
15357 : 65535;
15358 : 65535;
15359 : 65535;
15360 : 65535;
15361 : 65535;
15362 : 65535;
15363 : 65535;
15364 : 65535;
15365 : 65535;
15366 : 65535;
15367 : 65535;
15368 : 65535;
15369 : 65535;
15370 : 65535;
15371 : 65535;
15372 : 65535;
15373 : 65535;
15374 : 65535;
15375 : 65535;
15376 : 65535;
15377 : 65535;
15378 : 65535;
15379 : 65535;
15380 : 65535;
15381 : 65535;
15382 : 65535;
15383 : 65535;
15384 : 65535;
15385 : 63423;
15386 : 35789;
15387 : 39749;
15388 : 46022;
15389 : 46022;
15390 : 46022;
15391 : 46022;
15392 : 46022;
15393 : 46022;
15394 : 46023;
15395 : 41830;
15396 : 14725;
15397 : 27435;
15398 : 44372;
15399 : 61342;
15400 : 65535;
15401 : 65535;
15402 : 65535;
15403 : 65535;
15404 : 65535;
15405 : 65535;
15406 : 65535;
15407 : 65535;
15408 : 65535;
15409 : 65535;
15410 : 65535;
15411 : 65535;
15412 : 65535;
15413 : 65535;
15414 : 65535;
15415 : 65535;
15416 : 65535;
15417 : 65535;
15418 : 65535;
15419 : 65535;
15420 : 65535;
15421 : 65535;
15422 : 65535;
15423 : 65535;
15424 : 65535;
15425 : 65535;
15426 : 65535;
15427 : 65535;
15428 : 65535;
15429 : 65535;
15430 : 65535;
15431 : 65535;
15432 : 65535;
15433 : 65535;
15434 : 65535;
15435 : 65535;
15436 : 65535;
15437 : 65535;
15438 : 65535;
15439 : 65535;
15440 : 65535;
15441 : 65535;
15442 : 65535;
15443 : 63390;
15444 : 23111;
15445 : 25092;
15446 : 29317;
15447 : 39783;
15448 : 29349;
15449 : 31430;
15450 : 37638;
15451 : 35590;
15452 : 31364;
15453 : 37935;
15454 : 65535;
15455 : 65535;
15456 : 65535;
15457 : 65535;
15458 : 65535;
15459 : 65535;
15460 : 65535;
15461 : 65535;
15462 : 65535;
15463 : 65535;
15464 : 65535;
15465 : 65535;
15466 : 65535;
15467 : 65535;
15468 : 65535;
15469 : 65535;
15470 : 65535;
15471 : 65535;
15472 : 65535;
15473 : 65535;
15474 : 65535;
15475 : 65535;
15476 : 65535;
15477 : 65535;
15478 : 65535;
15479 : 65535;
15480 : 65535;
15481 : 65535;
15482 : 65535;
15483 : 65535;
15484 : 65535;
15485 : 65535;
15486 : 65535;
15487 : 65535;
15488 : 65535;
15489 : 65535;
15490 : 65535;
15491 : 65535;
15492 : 65535;
15493 : 65535;
15494 : 65535;
15495 : 65535;
15496 : 65535;
15497 : 65535;
15498 : 65535;
15499 : 65535;
15500 : 65535;
15501 : 65535;
15502 : 65535;
15503 : 65535;
15504 : 65535;
15505 : 65535;
15506 : 65535;
15507 : 65535;
15508 : 65535;
15509 : 65535;
15510 : 65535;
15511 : 65535;
15512 : 57083;
15513 : 35755;
15514 : 41797;
15515 : 46023;
15516 : 46022;
15517 : 46022;
15518 : 46022;
15519 : 46022;
15520 : 46022;
15521 : 46022;
15522 : 46022;
15523 : 23044;
15524 : 50745;
15525 : 65535;
15526 : 65535;
15527 : 65535;
15528 : 65535;
15529 : 65535;
15530 : 65535;
15531 : 65535;
15532 : 65535;
15533 : 65535;
15534 : 65535;
15535 : 65535;
15536 : 65535;
15537 : 65535;
15538 : 65535;
15539 : 65535;
15540 : 65535;
15541 : 65535;
15542 : 65535;
15543 : 65535;
15544 : 65535;
15545 : 65535;
15546 : 65535;
15547 : 65535;
15548 : 65535;
15549 : 65535;
15550 : 65535;
15551 : 65535;
15552 : 65535;
15553 : 65535;
15554 : 65535;
15555 : 65535;
15556 : 65535;
15557 : 65535;
15558 : 65535;
15559 : 65535;
15560 : 65535;
15561 : 65535;
15562 : 65535;
15563 : 65535;
15564 : 65535;
15565 : 65535;
15566 : 65535;
15567 : 65535;
15568 : 65535;
15569 : 65535;
15570 : 65535;
15571 : 65535;
15572 : 44372;
15573 : 14691;
15574 : 23011;
15575 : 37638;
15576 : 25092;
15577 : 31365;
15578 : 37638;
15579 : 33444;
15580 : 29449;
15581 : 61309;
15582 : 65535;
15583 : 65535;
15584 : 65535;
15585 : 65535;
15586 : 65535;
15587 : 65535;
15588 : 65535;
15589 : 65535;
15590 : 65535;
15591 : 65535;
15592 : 65535;
15593 : 65535;
15594 : 65535;
15595 : 65535;
15596 : 65535;
15597 : 65535;
15598 : 65535;
15599 : 65535;
15600 : 65535;
15601 : 65535;
15602 : 65535;
15603 : 65535;
15604 : 65535;
15605 : 65535;
15606 : 65535;
15607 : 65535;
15608 : 65535;
15609 : 65535;
15610 : 65535;
15611 : 65535;
15612 : 65535;
15613 : 65535;
15614 : 65535;
15615 : 65535;
15616 : 65535;
15617 : 65535;
15618 : 65535;
15619 : 65535;
15620 : 65535;
15621 : 65535;
15622 : 65535;
15623 : 65535;
15624 : 65535;
15625 : 65535;
15626 : 65535;
15627 : 65535;
15628 : 65535;
15629 : 65535;
15630 : 65535;
15631 : 65535;
15632 : 65535;
15633 : 65535;
15634 : 65535;
15635 : 65535;
15636 : 65535;
15637 : 65535;
15638 : 65535;
15639 : 59196;
15640 : 29416;
15641 : 46023;
15642 : 48168;
15643 : 46055;
15644 : 46022;
15645 : 46022;
15646 : 46022;
15647 : 46022;
15648 : 46022;
15649 : 48071;
15650 : 33445;
15651 : 40147;
15652 : 65535;
15653 : 65535;
15654 : 65535;
15655 : 65535;
15656 : 65535;
15657 : 65535;
15658 : 65535;
15659 : 65535;
15660 : 65535;
15661 : 65535;
15662 : 65535;
15663 : 65535;
15664 : 65535;
15665 : 65535;
15666 : 65535;
15667 : 65535;
15668 : 65535;
15669 : 65535;
15670 : 65535;
15671 : 65535;
15672 : 65535;
15673 : 65535;
15674 : 65535;
15675 : 65535;
15676 : 65535;
15677 : 65535;
15678 : 65535;
15679 : 65535;
15680 : 65535;
15681 : 65535;
15682 : 65535;
15683 : 65535;
15684 : 65535;
15685 : 65535;
15686 : 65535;
15687 : 65535;
15688 : 65535;
15689 : 65535;
15690 : 65535;
15691 : 65535;
15692 : 65535;
15693 : 65535;
15694 : 65535;
15695 : 65535;
15696 : 65535;
15697 : 65535;
15698 : 65535;
15699 : 65535;
15700 : 65535;
15701 : 52825;
15702 : 33742;
15703 : 33577;
15704 : 20997;
15705 : 18852;
15706 : 31398;
15707 : 33709;
15708 : 59164;
15709 : 65535;
15710 : 65535;
15711 : 65535;
15712 : 65535;
15713 : 65535;
15714 : 65535;
15715 : 65535;
15716 : 65535;
15717 : 65535;
15718 : 65535;
15719 : 65535;
15720 : 65535;
15721 : 65535;
15722 : 65535;
15723 : 65535;
15724 : 65535;
15725 : 65535;
15726 : 65535;
15727 : 65535;
15728 : 65535;
15729 : 65535;
15730 : 65535;
15731 : 65535;
15732 : 65535;
15733 : 65535;
15734 : 65535;
15735 : 65535;
15736 : 65535;
15737 : 65535;
15738 : 65535;
15739 : 65535;
15740 : 65535;
15741 : 65535;
15742 : 65535;
15743 : 65535;
15744 : 65535;
15745 : 65535;
15746 : 65535;
15747 : 65535;
15748 : 65535;
15749 : 65535;
15750 : 65535;
15751 : 65535;
15752 : 65535;
15753 : 65535;
15754 : 65535;
15755 : 65535;
15756 : 65535;
15757 : 65535;
15758 : 65535;
15759 : 65535;
15760 : 65535;
15761 : 65535;
15762 : 65535;
15763 : 65535;
15764 : 65535;
15765 : 65535;
15766 : 65535;
15767 : 35920;
15768 : 39749;
15769 : 44008;
15770 : 46089;
15771 : 50249;
15772 : 48103;
15773 : 43942;
15774 : 46022;
15775 : 46022;
15776 : 45991;
15777 : 35525;
15778 : 33742;
15779 : 65535;
15780 : 65535;
15781 : 65535;
15782 : 65535;
15783 : 65535;
15784 : 65535;
15785 : 65535;
15786 : 65535;
15787 : 65535;
15788 : 65535;
15789 : 65535;
15790 : 65535;
15791 : 65535;
15792 : 65535;
15793 : 65535;
15794 : 65535;
15795 : 65535;
15796 : 65535;
15797 : 65535;
15798 : 65535;
15799 : 65535;
15800 : 65535;
15801 : 65535;
15802 : 65535;
15803 : 65535;
15804 : 65535;
15805 : 65535;
15806 : 65535;
15807 : 65535;
15808 : 65535;
15809 : 65535;
15810 : 65535;
15811 : 65535;
15812 : 65535;
15813 : 65535;
15814 : 65535;
15815 : 65535;
15816 : 65535;
15817 : 65535;
15818 : 65535;
15819 : 65535;
15820 : 65535;
15821 : 65535;
15822 : 65535;
15823 : 65535;
15824 : 65535;
15825 : 65535;
15826 : 65535;
15827 : 65535;
15828 : 65535;
15829 : 65535;
15830 : 65535;
15831 : 63390;
15832 : 59164;
15833 : 52890;
15834 : 59164;
15835 : 65535;
15836 : 65535;
15837 : 65535;
15838 : 65535;
15839 : 65535;
15840 : 65535;
15841 : 65535;
15842 : 65535;
15843 : 65535;
15844 : 65535;
15845 : 65535;
15846 : 65535;
15847 : 65535;
15848 : 65535;
15849 : 65535;
15850 : 65535;
15851 : 65535;
15852 : 65535;
15853 : 65535;
15854 : 65535;
15855 : 65535;
15856 : 65535;
15857 : 65535;
15858 : 65535;
15859 : 65535;
15860 : 65535;
15861 : 65535;
15862 : 65535;
15863 : 65535;
15864 : 65535;
15865 : 65535;
15866 : 65535;
15867 : 65535;
15868 : 65535;
15869 : 65535;
15870 : 65535;
15871 : 65535;
15872 : 65535;
15873 : 65535;
15874 : 65535;
15875 : 65535;
15876 : 65535;
15877 : 65535;
15878 : 65535;
15879 : 65535;
15880 : 65535;
15881 : 65535;
15882 : 65535;
15883 : 65535;
15884 : 65535;
15885 : 65535;
15886 : 65535;
15887 : 65535;
15888 : 65535;
15889 : 65535;
15890 : 65535;
15891 : 65535;
15892 : 65535;
15893 : 65535;
15894 : 65535;
15895 : 33807;
15896 : 31364;
15897 : 33510;
15898 : 46056;
15899 : 46088;
15900 : 41830;
15901 : 31397;
15902 : 41862;
15903 : 39750;
15904 : 31364;
15905 : 33709;
15906 : 63422;
15907 : 65535;
15908 : 65535;
15909 : 65535;
15910 : 65535;
15911 : 65535;
15912 : 65535;
15913 : 65535;
15914 : 65535;
15915 : 65535;
15916 : 65535;
15917 : 65535;
15918 : 65535;
15919 : 65535;
15920 : 65535;
15921 : 65535;
15922 : 65535;
15923 : 65535;
15924 : 65535;
15925 : 65535;
15926 : 65535;
15927 : 65535;
15928 : 65535;
15929 : 65535;
15930 : 65535;
15931 : 65535;
15932 : 65535;
15933 : 65535;
15934 : 65535;
15935 : 65535;
15936 : 65535;
15937 : 65535;
15938 : 65535;
15939 : 65535;
15940 : 65535;
15941 : 65535;
15942 : 65535;
15943 : 65535;
15944 : 65535;
15945 : 65535;
15946 : 65535;
15947 : 65535;
15948 : 65535;
15949 : 65535;
15950 : 65535;
15951 : 65535;
15952 : 65535;
15953 : 65535;
15954 : 65535;
15955 : 65535;
15956 : 65535;
15957 : 65535;
15958 : 65535;
15959 : 65535;
15960 : 65535;
15961 : 65535;
15962 : 65535;
15963 : 65535;
15964 : 65535;
15965 : 65535;
15966 : 65535;
15967 : 65535;
15968 : 65535;
15969 : 65535;
15970 : 65535;
15971 : 65535;
15972 : 65535;
15973 : 65535;
15974 : 65535;
15975 : 65535;
15976 : 65535;
15977 : 65535;
15978 : 65535;
15979 : 65535;
15980 : 65535;
15981 : 65535;
15982 : 65535;
15983 : 65535;
15984 : 65535;
15985 : 65535;
15986 : 65535;
15987 : 65535;
15988 : 65535;
15989 : 65535;
15990 : 65535;
15991 : 65535;
15992 : 65535;
15993 : 65535;
15994 : 65535;
15995 : 65535;
15996 : 65535;
15997 : 65535;
15998 : 65535;
15999 : 65535;
16000 : 65535;
16001 : 65535;
16002 : 65535;
16003 : 65535;
16004 : 65535;
16005 : 65535;
16006 : 65535;
16007 : 65535;
16008 : 65535;
16009 : 65535;
16010 : 65535;
16011 : 65535;
16012 : 65535;
16013 : 65535;
16014 : 65535;
16015 : 65535;
16016 : 65535;
16017 : 65535;
16018 : 65535;
16019 : 65535;
16020 : 65535;
16021 : 65535;
16022 : 65535;
16023 : 57051;
16024 : 21030;
16025 : 20898;
16026 : 37638;
16027 : 37638;
16028 : 31397;
16029 : 23012;
16030 : 35589;
16031 : 27204;
16032 : 35822;
16033 : 63422;
16034 : 65535;
16035 : 65535;
16036 : 65535;
16037 : 65535;
16038 : 65535;
16039 : 65535;
16040 : 65535;
16041 : 65535;
16042 : 65535;
16043 : 65535;
16044 : 65535;
16045 : 65535;
16046 : 65535;
16047 : 65535;
16048 : 65535;
16049 : 65535;
16050 : 65535;
16051 : 65535;
16052 : 65535;
16053 : 65535;
16054 : 65535;
16055 : 65535;
16056 : 65535;
16057 : 65535;
16058 : 65535;
16059 : 65535;
16060 : 65535;
16061 : 65535;
16062 : 65535;
16063 : 65535;
16064 : 65535;
16065 : 65535;
16066 : 65535;
16067 : 65535;
16068 : 65535;
16069 : 65535;
16070 : 65535;
16071 : 65535;
16072 : 65535;
16073 : 65535;
16074 : 65535;
16075 : 65535;
16076 : 65535;
16077 : 65535;
16078 : 65535;
16079 : 65535;
16080 : 65535;
16081 : 65535;
16082 : 65535;
16083 : 65535;
16084 : 65535;
16085 : 65535;
16086 : 65535;
16087 : 65535;
16088 : 65535;
16089 : 65535;
16090 : 65535;
16091 : 65535;
16092 : 65535;
16093 : 65535;
16094 : 65535;
16095 : 65535;
16096 : 65535;
16097 : 65535;
16098 : 65535;
16099 : 65535;
16100 : 65535;
16101 : 65535;
16102 : 65535;
16103 : 65535;
16104 : 65535;
16105 : 65535;
16106 : 65535;
16107 : 65535;
16108 : 65535;
16109 : 65535;
16110 : 65535;
16111 : 65535;
16112 : 65535;
16113 : 65535;
16114 : 65535;
16115 : 65535;
16116 : 65535;
16117 : 65535;
16118 : 65535;
16119 : 65535;
16120 : 65535;
16121 : 65535;
16122 : 65535;
16123 : 65535;
16124 : 65535;
16125 : 65535;
16126 : 65535;
16127 : 65535;
16128 : 65535;
16129 : 65535;
16130 : 65535;
16131 : 65535;
16132 : 65535;
16133 : 65535;
16134 : 65535;
16135 : 65535;
16136 : 65535;
16137 : 65535;
16138 : 65535;
16139 : 65535;
16140 : 65535;
16141 : 65535;
16142 : 65535;
16143 : 65535;
16144 : 65535;
16145 : 65535;
16146 : 65535;
16147 : 65535;
16148 : 65535;
16149 : 65535;
16150 : 65535;
16151 : 65535;
16152 : 57051;
16153 : 31694;
16154 : 27270;
16155 : 31397;
16156 : 29317;
16157 : 16804;
16158 : 29482;
16159 : 46486;
16160 : 65535;
16161 : 65535;
16162 : 65535;
16163 : 65535;
16164 : 65535;
16165 : 65535;
16166 : 65535;
16167 : 65535;
16168 : 65535;
16169 : 65535;
16170 : 65535;
16171 : 65535;
16172 : 65535;
16173 : 65535;
16174 : 65535;
16175 : 65535;
16176 : 65535;
16177 : 65535;
16178 : 65535;
16179 : 65535;
16180 : 65535;
16181 : 65535;
16182 : 65535;
16183 : 65535;
16184 : 65535;
16185 : 65535;
16186 : 65535;
16187 : 65535;
16188 : 65535;
16189 : 65535;
16190 : 65535;
16191 : 65535;
16192 : 65535;
16193 : 65535;
16194 : 65535;
16195 : 65535;
16196 : 65535;
16197 : 65535;
16198 : 65535;
16199 : 65535;
16200 : 65535;
16201 : 65535;
16202 : 65535;
16203 : 65535;
16204 : 65535;
16205 : 65535;
16206 : 65535;
16207 : 65535;
16208 : 65535;
16209 : 65535;
16210 : 65535;
16211 : 65535;
16212 : 65535;
16213 : 65535;
16214 : 65535;
16215 : 65535;
16216 : 65535;
16217 : 65535;
16218 : 65535;
16219 : 65535;
16220 : 65535;
16221 : 65535;
16222 : 65535;
16223 : 65535;
16224 : 65535;
16225 : 65535;
16226 : 65535;
16227 : 65535;
16228 : 65535;
16229 : 65535;
16230 : 65535;
16231 : 65535;
16232 : 65535;
16233 : 65535;
16234 : 65535;
16235 : 65535;
16236 : 65535;
16237 : 65535;
16238 : 65535;
16239 : 65535;
16240 : 65535;
16241 : 65535;
16242 : 65535;
16243 : 65535;
16244 : 65535;
16245 : 65535;
16246 : 65535;
16247 : 65535;
16248 : 65535;
16249 : 65535;
16250 : 65535;
16251 : 65535;
16252 : 65535;
16253 : 65535;
16254 : 65535;
16255 : 65535;
16256 : 65535;
16257 : 65535;
16258 : 65535;
16259 : 65535;
16260 : 65535;
16261 : 65535;
16262 : 65535;
16263 : 65535;
16264 : 65535;
16265 : 65535;
16266 : 65535;
16267 : 65535;
16268 : 65535;
16269 : 65535;
16270 : 65535;
16271 : 65535;
16272 : 65535;
16273 : 65535;
16274 : 65535;
16275 : 65535;
16276 : 65535;
16277 : 65535;
16278 : 65535;
16279 : 65535;
16280 : 65535;
16281 : 65535;
16282 : 54938;
16283 : 48566;
16284 : 48598;
16285 : 54970;
16286 : 63423;
16287 : 65535;
16288 : 65535;
16289 : 65535;
16290 : 65535;
16291 : 65535;
16292 : 65535;
16293 : 65535;
16294 : 65535;
16295 : 65535;
16296 : 65535;
16297 : 65535;
16298 : 65535;
16299 : 65535;
16300 : 65535;
16301 : 65535;
16302 : 65535;
16303 : 65535;
16304 : 65535;
16305 : 65535;
16306 : 65535;
16307 : 65535;
16308 : 65535;
16309 : 65535;
16310 : 65535;
16311 : 65535;
16312 : 65535;
16313 : 65535;
16314 : 65535;
16315 : 65535;
16316 : 65535;
16317 : 65535;
16318 : 65535;
16319 : 65535;
16320 : 65535;
16321 : 65535;
16322 : 65535;
16323 : 65535;
16324 : 65535;
16325 : 65535;
16326 : 65535;
16327 : 65535;
16328 : 65535;
16329 : 65535;
16330 : 65535;
16331 : 65535;
16332 : 65535;
16333 : 65535;
16334 : 65535;
16335 : 65535;
16336 : 65535;
16337 : 65535;
16338 : 65535;
16339 : 65535;
16340 : 65535;
16341 : 65535;
16342 : 65535;
16343 : 65535;
16344 : 65535;
16345 : 65535;
16346 : 65535;
16347 : 65535;
16348 : 65535;
16349 : 65535;
16350 : 65535;
16351 : 65535;
16352 : 65535;
16353 : 65535;
16354 : 65535;
16355 : 65535;
16356 : 65535;
16357 : 65535;
16358 : 65535;
16359 : 65535;
16360 : 65535;
16361 : 65535;
16362 : 65535;
16363 : 65535;
16364 : 65535;
16365 : 65535;
16366 : 65535;
16367 : 65535;
16368 : 65535;
16369 : 65535;
16370 : 65535;
16371 : 65535;
16372 : 65535;
16373 : 65535;
16374 : 65535;
16375 : 65535;
16376 : 65535;
16377 : 65535;
16378 : 65535;
16379 : 65535;
16380 : 65535;
16381 : 65535;
16382 : 65535;
16383 : 65535;
END;
