WIDTH=16;
DEPTH=16384;

ADDRESS_RADIX=UNS;
DATA_RADIX=UNS;

CONTENT BEGIN
0 : 65535;
1 : 65535;
2 : 65535;
3 : 65535;
4 : 65535;
5 : 65535;
6 : 65535;
7 : 65535;
8 : 65535;
9 : 65535;
10 : 65535;
11 : 65535;
12 : 65535;
13 : 65535;
14 : 65535;
15 : 65535;
16 : 57051;
17 : 61244;
18 : 65535;
19 : 65535;
20 : 65535;
21 : 65535;
22 : 65535;
23 : 65535;
24 : 65535;
25 : 65535;
26 : 65535;
27 : 65535;
28 : 65535;
29 : 65535;
30 : 65535;
31 : 65535;
32 : 65535;
33 : 65535;
34 : 65535;
35 : 65535;
36 : 65535;
37 : 65535;
38 : 65535;
39 : 65535;
40 : 65535;
41 : 65535;
42 : 65535;
43 : 65535;
44 : 65535;
45 : 65535;
46 : 65535;
47 : 65535;
48 : 65535;
49 : 65535;
50 : 65535;
51 : 65535;
52 : 65535;
53 : 65535;
54 : 65535;
55 : 65535;
56 : 65535;
57 : 65535;
58 : 65535;
59 : 65535;
60 : 65535;
61 : 65535;
62 : 65535;
63 : 65535;
64 : 65535;
65 : 65535;
66 : 65535;
67 : 65535;
68 : 65535;
69 : 65535;
70 : 65535;
71 : 65535;
72 : 65535;
73 : 65535;
74 : 65535;
75 : 65535;
76 : 65535;
77 : 65535;
78 : 65535;
79 : 65535;
80 : 65535;
81 : 65535;
82 : 65535;
83 : 65535;
84 : 65535;
85 : 65535;
86 : 65535;
87 : 65535;
88 : 65535;
89 : 65535;
90 : 65535;
91 : 65535;
92 : 65535;
93 : 65535;
94 : 65535;
95 : 65535;
96 : 65535;
97 : 65535;
98 : 65535;
99 : 65535;
100 : 65535;
101 : 65535;
102 : 65535;
103 : 65535;
104 : 65535;
105 : 65535;
106 : 65535;
107 : 65535;
108 : 65535;
109 : 65535;
110 : 65535;
111 : 65535;
112 : 65535;
113 : 65535;
114 : 65535;
115 : 65535;
116 : 65535;
117 : 65535;
118 : 65535;
119 : 65535;
120 : 65535;
121 : 65535;
122 : 65535;
123 : 65535;
124 : 65535;
125 : 65535;
126 : 65535;
127 : 65535;
128 : 65535;
129 : 65535;
130 : 65535;
131 : 65535;
132 : 65535;
133 : 65535;
134 : 65535;
135 : 65535;
136 : 65535;
137 : 65535;
138 : 65535;
139 : 65535;
140 : 65535;
141 : 65535;
142 : 65535;
143 : 65535;
144 : 29645;
145 : 19113;
146 : 54938;
147 : 65535;
148 : 65535;
149 : 65535;
150 : 65535;
151 : 65535;
152 : 65535;
153 : 65535;
154 : 65535;
155 : 65535;
156 : 65535;
157 : 65535;
158 : 65535;
159 : 65535;
160 : 65535;
161 : 65535;
162 : 65535;
163 : 65535;
164 : 65535;
165 : 65535;
166 : 65535;
167 : 65535;
168 : 65535;
169 : 65535;
170 : 65535;
171 : 65535;
172 : 65535;
173 : 65535;
174 : 65535;
175 : 65535;
176 : 65535;
177 : 65535;
178 : 65535;
179 : 65535;
180 : 65535;
181 : 65535;
182 : 65535;
183 : 65535;
184 : 65535;
185 : 65535;
186 : 65535;
187 : 65535;
188 : 65535;
189 : 65535;
190 : 65535;
191 : 65535;
192 : 65535;
193 : 65535;
194 : 65535;
195 : 65535;
196 : 65535;
197 : 65535;
198 : 65535;
199 : 65535;
200 : 65535;
201 : 65535;
202 : 65535;
203 : 65535;
204 : 65535;
205 : 65535;
206 : 65535;
207 : 65535;
208 : 65535;
209 : 65535;
210 : 65535;
211 : 65535;
212 : 65535;
213 : 65535;
214 : 65535;
215 : 65535;
216 : 65535;
217 : 65535;
218 : 65535;
219 : 65535;
220 : 65535;
221 : 65535;
222 : 65535;
223 : 65535;
224 : 65535;
225 : 65535;
226 : 65535;
227 : 65535;
228 : 65535;
229 : 65535;
230 : 65535;
231 : 65535;
232 : 65535;
233 : 65535;
234 : 65535;
235 : 65535;
236 : 65535;
237 : 65535;
238 : 65535;
239 : 65535;
240 : 65535;
241 : 65535;
242 : 65535;
243 : 65535;
244 : 65535;
245 : 65535;
246 : 65535;
247 : 65535;
248 : 65535;
249 : 65535;
250 : 65535;
251 : 65535;
252 : 65535;
253 : 65535;
254 : 65535;
255 : 65535;
256 : 65535;
257 : 65535;
258 : 65535;
259 : 65535;
260 : 65535;
261 : 65535;
262 : 65535;
263 : 65535;
264 : 65535;
265 : 65535;
266 : 65535;
267 : 65535;
268 : 65535;
269 : 65535;
270 : 65535;
271 : 59164;
272 : 19239;
273 : 25770;
274 : 12805;
275 : 48599;
276 : 65535;
277 : 65535;
278 : 65535;
279 : 65535;
280 : 65535;
281 : 65535;
282 : 65535;
283 : 65535;
284 : 65535;
285 : 65535;
286 : 65535;
287 : 65535;
288 : 65535;
289 : 65535;
290 : 65535;
291 : 65535;
292 : 65535;
293 : 65535;
294 : 65535;
295 : 65535;
296 : 65535;
297 : 65535;
298 : 65535;
299 : 65535;
300 : 65535;
301 : 65535;
302 : 65535;
303 : 65535;
304 : 65535;
305 : 65535;
306 : 65535;
307 : 65535;
308 : 65535;
309 : 65535;
310 : 65535;
311 : 65535;
312 : 65535;
313 : 65535;
314 : 65535;
315 : 65535;
316 : 65535;
317 : 65535;
318 : 65535;
319 : 65535;
320 : 65535;
321 : 65535;
322 : 65535;
323 : 65535;
324 : 65535;
325 : 65535;
326 : 65535;
327 : 65535;
328 : 65535;
329 : 65535;
330 : 65535;
331 : 65535;
332 : 65535;
333 : 65535;
334 : 65535;
335 : 65535;
336 : 65535;
337 : 65535;
338 : 65535;
339 : 65535;
340 : 65535;
341 : 65535;
342 : 65535;
343 : 65535;
344 : 65535;
345 : 65535;
346 : 65535;
347 : 65535;
348 : 65535;
349 : 65535;
350 : 65535;
351 : 65535;
352 : 65535;
353 : 65535;
354 : 65535;
355 : 65535;
356 : 65535;
357 : 65535;
358 : 65535;
359 : 65535;
360 : 65535;
361 : 65535;
362 : 65535;
363 : 65535;
364 : 65535;
365 : 65535;
366 : 65535;
367 : 65535;
368 : 65535;
369 : 65535;
370 : 65535;
371 : 65535;
372 : 65535;
373 : 65535;
374 : 65535;
375 : 65535;
376 : 65535;
377 : 65535;
378 : 65535;
379 : 65535;
380 : 65535;
381 : 65535;
382 : 65535;
383 : 65535;
384 : 65535;
385 : 65535;
386 : 65535;
387 : 65535;
388 : 65535;
389 : 65535;
390 : 65535;
391 : 65535;
392 : 65535;
393 : 65535;
394 : 65535;
395 : 65535;
396 : 65535;
397 : 65535;
398 : 65535;
399 : 50744;
400 : 15013;
401 : 32332;
402 : 30092;
403 : 12869;
404 : 52825;
405 : 65535;
406 : 65535;
407 : 65535;
408 : 65535;
409 : 65535;
410 : 65535;
411 : 65535;
412 : 65535;
413 : 65535;
414 : 65535;
415 : 65535;
416 : 65535;
417 : 65535;
418 : 65535;
419 : 65535;
420 : 65535;
421 : 65535;
422 : 65535;
423 : 65535;
424 : 65535;
425 : 65535;
426 : 65535;
427 : 65535;
428 : 65535;
429 : 65535;
430 : 65535;
431 : 65535;
432 : 65535;
433 : 65535;
434 : 65535;
435 : 65535;
436 : 65535;
437 : 65535;
438 : 65535;
439 : 65535;
440 : 65535;
441 : 65535;
442 : 65535;
443 : 65535;
444 : 65535;
445 : 65535;
446 : 65535;
447 : 65535;
448 : 65535;
449 : 65535;
450 : 65535;
451 : 65535;
452 : 65535;
453 : 65535;
454 : 65535;
455 : 65535;
456 : 65535;
457 : 65535;
458 : 65535;
459 : 65535;
460 : 65535;
461 : 65535;
462 : 65535;
463 : 65535;
464 : 65535;
465 : 65535;
466 : 65535;
467 : 65535;
468 : 65535;
469 : 65535;
470 : 65535;
471 : 65535;
472 : 65535;
473 : 65535;
474 : 65535;
475 : 65535;
476 : 65535;
477 : 65535;
478 : 65535;
479 : 65535;
480 : 65535;
481 : 65535;
482 : 65535;
483 : 65535;
484 : 65535;
485 : 65535;
486 : 65535;
487 : 65535;
488 : 65535;
489 : 65535;
490 : 65535;
491 : 65535;
492 : 65535;
493 : 65535;
494 : 65535;
495 : 65535;
496 : 65535;
497 : 65535;
498 : 65535;
499 : 65535;
500 : 65535;
501 : 65535;
502 : 65535;
503 : 65535;
504 : 65535;
505 : 65535;
506 : 65535;
507 : 65535;
508 : 65535;
509 : 65535;
510 : 65535;
511 : 65535;
512 : 65535;
513 : 65535;
514 : 65535;
515 : 65535;
516 : 65535;
517 : 65535;
518 : 65535;
519 : 65535;
520 : 65535;
521 : 65535;
522 : 65535;
523 : 65535;
524 : 65535;
525 : 65535;
526 : 65535;
527 : 44405;
528 : 17222;
529 : 32332;
530 : 32332;
531 : 27978;
532 : 19144;
533 : 59196;
534 : 65535;
535 : 65535;
536 : 65535;
537 : 65535;
538 : 65535;
539 : 65535;
540 : 65535;
541 : 65535;
542 : 65535;
543 : 65535;
544 : 65535;
545 : 65535;
546 : 65535;
547 : 65535;
548 : 65535;
549 : 65535;
550 : 65535;
551 : 65535;
552 : 65535;
553 : 65535;
554 : 65535;
555 : 65535;
556 : 65535;
557 : 65535;
558 : 65535;
559 : 65535;
560 : 65535;
561 : 65535;
562 : 65535;
563 : 65535;
564 : 65535;
565 : 65535;
566 : 65535;
567 : 65535;
568 : 65535;
569 : 65535;
570 : 65535;
571 : 65535;
572 : 65535;
573 : 65535;
574 : 65535;
575 : 65535;
576 : 65535;
577 : 65535;
578 : 65535;
579 : 65535;
580 : 65535;
581 : 65535;
582 : 65535;
583 : 65535;
584 : 65535;
585 : 65535;
586 : 65535;
587 : 65535;
588 : 65535;
589 : 65535;
590 : 65535;
591 : 65535;
592 : 65535;
593 : 65535;
594 : 65535;
595 : 65535;
596 : 65535;
597 : 65535;
598 : 65535;
599 : 65535;
600 : 65535;
601 : 65535;
602 : 65535;
603 : 65535;
604 : 65535;
605 : 65535;
606 : 65535;
607 : 65535;
608 : 65535;
609 : 65535;
610 : 65535;
611 : 65535;
612 : 65535;
613 : 65535;
614 : 65535;
615 : 65535;
616 : 65535;
617 : 65535;
618 : 65535;
619 : 65535;
620 : 65535;
621 : 65535;
622 : 65535;
623 : 65535;
624 : 65535;
625 : 65535;
626 : 65535;
627 : 65535;
628 : 65535;
629 : 65535;
630 : 65535;
631 : 65535;
632 : 65535;
633 : 65535;
634 : 65535;
635 : 65535;
636 : 65535;
637 : 65535;
638 : 65535;
639 : 65535;
640 : 65535;
641 : 65535;
642 : 65535;
643 : 65535;
644 : 65535;
645 : 65535;
646 : 65535;
647 : 65535;
648 : 65535;
649 : 65535;
650 : 65535;
651 : 65535;
652 : 65535;
653 : 65535;
654 : 65535;
655 : 44405;
656 : 21544;
657 : 32299;
658 : 30187;
659 : 32268;
660 : 25801;
661 : 23306;
662 : 63358;
663 : 65535;
664 : 65535;
665 : 65535;
666 : 65535;
667 : 65535;
668 : 65535;
669 : 65535;
670 : 65535;
671 : 65535;
672 : 65535;
673 : 65535;
674 : 65535;
675 : 65535;
676 : 65535;
677 : 65535;
678 : 65535;
679 : 65535;
680 : 65535;
681 : 65535;
682 : 65535;
683 : 65535;
684 : 65535;
685 : 65535;
686 : 65535;
687 : 65535;
688 : 65535;
689 : 65535;
690 : 65535;
691 : 65535;
692 : 65535;
693 : 65535;
694 : 65535;
695 : 65535;
696 : 65535;
697 : 65535;
698 : 65535;
699 : 65535;
700 : 65535;
701 : 57051;
702 : 59196;
703 : 65535;
704 : 65535;
705 : 65535;
706 : 65535;
707 : 65535;
708 : 65535;
709 : 65535;
710 : 65535;
711 : 65535;
712 : 65535;
713 : 65535;
714 : 65535;
715 : 65535;
716 : 65535;
717 : 65535;
718 : 65535;
719 : 65535;
720 : 65535;
721 : 65535;
722 : 65535;
723 : 65535;
724 : 65535;
725 : 65535;
726 : 65535;
727 : 65535;
728 : 65535;
729 : 65535;
730 : 65535;
731 : 65535;
732 : 65535;
733 : 65535;
734 : 65535;
735 : 65535;
736 : 65535;
737 : 65535;
738 : 65535;
739 : 65535;
740 : 65535;
741 : 65535;
742 : 65535;
743 : 65535;
744 : 65535;
745 : 65535;
746 : 65535;
747 : 65535;
748 : 65535;
749 : 65535;
750 : 65535;
751 : 65535;
752 : 65535;
753 : 65535;
754 : 65535;
755 : 65535;
756 : 65535;
757 : 65535;
758 : 65535;
759 : 65535;
760 : 65535;
761 : 65535;
762 : 65535;
763 : 65535;
764 : 65535;
765 : 65535;
766 : 65535;
767 : 65535;
768 : 65535;
769 : 65535;
770 : 65535;
771 : 65535;
772 : 65535;
773 : 65535;
774 : 65535;
775 : 65535;
776 : 65535;
777 : 65535;
778 : 65535;
779 : 65535;
780 : 65535;
781 : 65535;
782 : 65535;
783 : 33871;
784 : 25898;
785 : 32267;
786 : 30188;
787 : 30188;
788 : 32300;
789 : 23656;
790 : 25420;
791 : 65503;
792 : 65535;
793 : 65535;
794 : 65535;
795 : 65535;
796 : 65535;
797 : 65535;
798 : 65535;
799 : 65535;
800 : 65535;
801 : 65535;
802 : 65535;
803 : 65535;
804 : 65535;
805 : 65535;
806 : 65535;
807 : 65535;
808 : 65535;
809 : 65535;
810 : 65535;
811 : 65535;
812 : 65535;
813 : 65535;
814 : 65535;
815 : 65535;
816 : 65535;
817 : 65535;
818 : 65535;
819 : 65535;
820 : 65535;
821 : 65535;
822 : 65535;
823 : 65535;
824 : 65535;
825 : 65535;
826 : 65535;
827 : 59164;
828 : 29678;
829 : 10724;
830 : 29614;
831 : 65535;
832 : 65535;
833 : 65535;
834 : 65535;
835 : 65535;
836 : 65535;
837 : 65535;
838 : 65535;
839 : 65535;
840 : 65535;
841 : 65535;
842 : 65535;
843 : 65535;
844 : 65535;
845 : 65535;
846 : 65535;
847 : 65535;
848 : 65535;
849 : 65535;
850 : 65535;
851 : 65535;
852 : 65535;
853 : 65535;
854 : 65535;
855 : 65535;
856 : 65535;
857 : 65535;
858 : 65535;
859 : 65535;
860 : 65535;
861 : 65535;
862 : 65535;
863 : 65535;
864 : 65535;
865 : 65535;
866 : 65535;
867 : 65535;
868 : 65535;
869 : 65535;
870 : 65535;
871 : 65535;
872 : 65535;
873 : 65535;
874 : 65535;
875 : 65535;
876 : 65535;
877 : 65535;
878 : 65535;
879 : 65535;
880 : 65535;
881 : 65535;
882 : 65535;
883 : 65535;
884 : 65535;
885 : 65535;
886 : 65535;
887 : 65535;
888 : 65535;
889 : 65535;
890 : 65535;
891 : 65535;
892 : 65535;
893 : 65535;
894 : 65535;
895 : 65535;
896 : 65535;
897 : 65535;
898 : 65535;
899 : 65535;
900 : 65535;
901 : 65535;
902 : 65535;
903 : 65535;
904 : 65535;
905 : 65535;
906 : 65535;
907 : 65535;
908 : 65535;
909 : 65535;
910 : 65470;
911 : 25547;
912 : 30188;
913 : 32236;
914 : 30187;
915 : 28011;
916 : 30220;
917 : 32300;
918 : 19367;
919 : 33807;
920 : 65535;
921 : 65535;
922 : 65535;
923 : 65535;
924 : 65535;
925 : 65535;
926 : 65535;
927 : 65535;
928 : 65535;
929 : 65535;
930 : 65535;
931 : 65535;
932 : 65535;
933 : 65535;
934 : 65535;
935 : 65535;
936 : 65535;
937 : 65535;
938 : 65535;
939 : 65535;
940 : 65535;
941 : 65535;
942 : 65535;
943 : 65535;
944 : 65535;
945 : 65535;
946 : 65535;
947 : 65535;
948 : 65535;
949 : 65535;
950 : 65535;
951 : 65535;
952 : 65535;
953 : 65503;
954 : 44372;
955 : 15014;
956 : 11107;
957 : 8962;
958 : 33807;
959 : 65535;
960 : 65535;
961 : 65535;
962 : 65535;
963 : 65535;
964 : 65535;
965 : 65535;
966 : 65535;
967 : 65535;
968 : 65535;
969 : 65535;
970 : 65535;
971 : 65535;
972 : 65535;
973 : 65535;
974 : 65535;
975 : 65535;
976 : 65535;
977 : 65535;
978 : 65535;
979 : 65535;
980 : 65535;
981 : 65535;
982 : 65535;
983 : 65535;
984 : 65535;
985 : 65535;
986 : 65535;
987 : 65535;
988 : 65535;
989 : 65535;
990 : 65535;
991 : 65535;
992 : 65535;
993 : 65535;
994 : 65535;
995 : 65535;
996 : 65535;
997 : 65535;
998 : 65535;
999 : 65535;
1000 : 65535;
1001 : 65535;
1002 : 65535;
1003 : 65535;
1004 : 65535;
1005 : 65535;
1006 : 65535;
1007 : 65535;
1008 : 65535;
1009 : 65535;
1010 : 65535;
1011 : 65535;
1012 : 65535;
1013 : 65535;
1014 : 65535;
1015 : 65535;
1016 : 65535;
1017 : 65535;
1018 : 65535;
1019 : 65535;
1020 : 65535;
1021 : 65535;
1022 : 65535;
1023 : 65535;
1024 : 65535;
1025 : 65535;
1026 : 65535;
1027 : 65535;
1028 : 65535;
1029 : 65535;
1030 : 65535;
1031 : 65535;
1032 : 65535;
1033 : 65535;
1034 : 65535;
1035 : 65535;
1036 : 65535;
1037 : 65535;
1038 : 54938;
1039 : 21448;
1040 : 32300;
1041 : 32236;
1042 : 30220;
1043 : 23689;
1044 : 30156;
1045 : 30219;
1046 : 32300;
1047 : 15110;
1048 : 40147;
1049 : 65535;
1050 : 65535;
1051 : 65535;
1052 : 65535;
1053 : 65535;
1054 : 65535;
1055 : 65535;
1056 : 65535;
1057 : 65535;
1058 : 65535;
1059 : 65535;
1060 : 65535;
1061 : 65535;
1062 : 65535;
1063 : 65535;
1064 : 65535;
1065 : 65535;
1066 : 65535;
1067 : 65535;
1068 : 65535;
1069 : 65535;
1070 : 65535;
1071 : 65535;
1072 : 65535;
1073 : 65535;
1074 : 65535;
1075 : 65535;
1076 : 65535;
1077 : 65535;
1078 : 65535;
1079 : 65535;
1080 : 50744;
1081 : 23370;
1082 : 8898;
1083 : 13379;
1084 : 13444;
1085 : 6753;
1086 : 40146;
1087 : 65535;
1088 : 65535;
1089 : 65535;
1090 : 65535;
1091 : 65535;
1092 : 65535;
1093 : 65535;
1094 : 65535;
1095 : 65535;
1096 : 65535;
1097 : 65535;
1098 : 65535;
1099 : 65535;
1100 : 65535;
1101 : 65535;
1102 : 65535;
1103 : 65535;
1104 : 65535;
1105 : 65535;
1106 : 65535;
1107 : 65535;
1108 : 65535;
1109 : 65535;
1110 : 65535;
1111 : 65535;
1112 : 65535;
1113 : 65535;
1114 : 65535;
1115 : 65535;
1116 : 65535;
1117 : 65535;
1118 : 65535;
1119 : 65535;
1120 : 65535;
1121 : 65535;
1122 : 65535;
1123 : 65535;
1124 : 65535;
1125 : 65535;
1126 : 65535;
1127 : 65535;
1128 : 65535;
1129 : 65535;
1130 : 65535;
1131 : 65535;
1132 : 65535;
1133 : 65535;
1134 : 65535;
1135 : 65535;
1136 : 65535;
1137 : 65535;
1138 : 65535;
1139 : 65535;
1140 : 65535;
1141 : 65535;
1142 : 65535;
1143 : 65535;
1144 : 65535;
1145 : 65535;
1146 : 65535;
1147 : 65535;
1148 : 65535;
1149 : 65535;
1150 : 65535;
1151 : 65535;
1152 : 65535;
1153 : 65535;
1154 : 65535;
1155 : 65535;
1156 : 65535;
1157 : 65535;
1158 : 65535;
1159 : 65535;
1160 : 65535;
1161 : 65535;
1162 : 65535;
1163 : 65535;
1164 : 65535;
1165 : 65535;
1166 : 44372;
1167 : 23689;
1168 : 32299;
1169 : 30187;
1170 : 32267;
1171 : 25866;
1172 : 25770;
1173 : 32300;
1174 : 32268;
1175 : 28139;
1176 : 12933;
1177 : 48631;
1178 : 65535;
1179 : 65535;
1180 : 65535;
1181 : 65535;
1182 : 65535;
1183 : 65535;
1184 : 65535;
1185 : 65535;
1186 : 65535;
1187 : 65535;
1188 : 65535;
1189 : 65535;
1190 : 65535;
1191 : 65535;
1192 : 65535;
1193 : 65535;
1194 : 65535;
1195 : 65535;
1196 : 65535;
1197 : 65535;
1198 : 65535;
1199 : 65535;
1200 : 65535;
1201 : 65535;
1202 : 65535;
1203 : 65535;
1204 : 65535;
1205 : 65535;
1206 : 63390;
1207 : 33839;
1208 : 10851;
1209 : 11203;
1210 : 13444;
1211 : 13379;
1212 : 13412;
1213 : 6626;
1214 : 46486;
1215 : 65535;
1216 : 65535;
1217 : 65535;
1218 : 65535;
1219 : 65535;
1220 : 65535;
1221 : 65535;
1222 : 65535;
1223 : 65535;
1224 : 65535;
1225 : 65535;
1226 : 65535;
1227 : 65535;
1228 : 65535;
1229 : 65535;
1230 : 65535;
1231 : 65535;
1232 : 65535;
1233 : 65535;
1234 : 65535;
1235 : 65535;
1236 : 65535;
1237 : 65535;
1238 : 65535;
1239 : 65535;
1240 : 65535;
1241 : 65535;
1242 : 65535;
1243 : 65535;
1244 : 65535;
1245 : 65535;
1246 : 65535;
1247 : 65535;
1248 : 65535;
1249 : 65535;
1250 : 65535;
1251 : 65535;
1252 : 65535;
1253 : 65535;
1254 : 65535;
1255 : 65535;
1256 : 65535;
1257 : 65535;
1258 : 65535;
1259 : 65535;
1260 : 65535;
1261 : 65535;
1262 : 65535;
1263 : 65535;
1264 : 65535;
1265 : 65535;
1266 : 65535;
1267 : 65535;
1268 : 65535;
1269 : 65535;
1270 : 65535;
1271 : 65535;
1272 : 65535;
1273 : 65535;
1274 : 65535;
1275 : 65535;
1276 : 65535;
1277 : 65535;
1278 : 65535;
1279 : 65535;
1280 : 65535;
1281 : 65535;
1282 : 65535;
1283 : 65535;
1284 : 65535;
1285 : 65535;
1286 : 65535;
1287 : 65535;
1288 : 65535;
1289 : 65535;
1290 : 65535;
1291 : 65535;
1292 : 65535;
1293 : 65535;
1294 : 29678;
1295 : 25930;
1296 : 32331;
1297 : 30219;
1298 : 30219;
1299 : 30187;
1300 : 19336;
1301 : 30123;
1302 : 30219;
1303 : 30219;
1304 : 27978;
1305 : 14918;
1306 : 57051;
1307 : 65535;
1308 : 65535;
1309 : 65535;
1310 : 65535;
1311 : 65535;
1312 : 65535;
1313 : 65535;
1314 : 65535;
1315 : 65535;
1316 : 65535;
1317 : 65535;
1318 : 65535;
1319 : 65535;
1320 : 65535;
1321 : 65535;
1322 : 65535;
1323 : 65535;
1324 : 65535;
1325 : 65535;
1326 : 65535;
1327 : 65535;
1328 : 65535;
1329 : 65535;
1330 : 65535;
1331 : 65535;
1332 : 65535;
1333 : 52825;
1334 : 19080;
1335 : 8930;
1336 : 13412;
1337 : 13412;
1338 : 13252;
1339 : 13380;
1340 : 13412;
1341 : 6594;
1342 : 52793;
1343 : 65535;
1344 : 65535;
1345 : 65535;
1346 : 65535;
1347 : 65535;
1348 : 65535;
1349 : 65535;
1350 : 65535;
1351 : 65535;
1352 : 65535;
1353 : 65535;
1354 : 65535;
1355 : 65535;
1356 : 65535;
1357 : 65535;
1358 : 65535;
1359 : 65535;
1360 : 65535;
1361 : 65535;
1362 : 65535;
1363 : 65535;
1364 : 65535;
1365 : 65535;
1366 : 65535;
1367 : 65535;
1368 : 65535;
1369 : 65535;
1370 : 65535;
1371 : 65535;
1372 : 65535;
1373 : 65535;
1374 : 65535;
1375 : 65535;
1376 : 65535;
1377 : 65535;
1378 : 65535;
1379 : 65535;
1380 : 65535;
1381 : 65535;
1382 : 65535;
1383 : 65535;
1384 : 65535;
1385 : 65535;
1386 : 65535;
1387 : 65535;
1388 : 65535;
1389 : 65535;
1390 : 65535;
1391 : 65535;
1392 : 65535;
1393 : 65535;
1394 : 65535;
1395 : 65535;
1396 : 65535;
1397 : 65535;
1398 : 65535;
1399 : 65535;
1400 : 65535;
1401 : 65535;
1402 : 65535;
1403 : 65535;
1404 : 65535;
1405 : 65535;
1406 : 65535;
1407 : 65535;
1408 : 65535;
1409 : 65535;
1410 : 65535;
1411 : 65535;
1412 : 65535;
1413 : 65535;
1414 : 65535;
1415 : 65535;
1416 : 65535;
1417 : 65535;
1418 : 65535;
1419 : 65535;
1420 : 65535;
1421 : 65503;
1422 : 23370;
1423 : 30219;
1424 : 32300;
1425 : 32299;
1426 : 32300;
1427 : 32331;
1428 : 23657;
1429 : 23625;
1430 : 32299;
1431 : 30187;
1432 : 32299;
1433 : 23688;
1434 : 19016;
1435 : 63390;
1436 : 65535;
1437 : 65535;
1438 : 65535;
1439 : 65535;
1440 : 65535;
1441 : 65535;
1442 : 65535;
1443 : 65535;
1444 : 65535;
1445 : 65535;
1446 : 65535;
1447 : 65535;
1448 : 65535;
1449 : 65535;
1450 : 65535;
1451 : 65535;
1452 : 65535;
1453 : 65535;
1454 : 65535;
1455 : 65535;
1456 : 65535;
1457 : 65535;
1458 : 65535;
1459 : 65535;
1460 : 40147;
1461 : 10724;
1462 : 11139;
1463 : 13412;
1464 : 13412;
1465 : 13156;
1466 : 13188;
1467 : 13380;
1468 : 13380;
1469 : 8676;
1470 : 59132;
1471 : 65535;
1472 : 65535;
1473 : 65535;
1474 : 65535;
1475 : 65535;
1476 : 65535;
1477 : 65535;
1478 : 65535;
1479 : 65535;
1480 : 65535;
1481 : 65535;
1482 : 65535;
1483 : 65535;
1484 : 65535;
1485 : 65535;
1486 : 65535;
1487 : 65535;
1488 : 65535;
1489 : 65535;
1490 : 65535;
1491 : 65535;
1492 : 65535;
1493 : 65535;
1494 : 65535;
1495 : 65535;
1496 : 65535;
1497 : 65535;
1498 : 65535;
1499 : 65535;
1500 : 65535;
1501 : 65535;
1502 : 65535;
1503 : 65535;
1504 : 65535;
1505 : 65535;
1506 : 65535;
1507 : 65535;
1508 : 65535;
1509 : 65535;
1510 : 65535;
1511 : 65535;
1512 : 65535;
1513 : 65535;
1514 : 65535;
1515 : 65535;
1516 : 65535;
1517 : 65535;
1518 : 65535;
1519 : 65535;
1520 : 65535;
1521 : 65535;
1522 : 65535;
1523 : 65535;
1524 : 65535;
1525 : 65535;
1526 : 65535;
1527 : 65535;
1528 : 65535;
1529 : 65535;
1530 : 65535;
1531 : 65535;
1532 : 65535;
1533 : 65535;
1534 : 65535;
1535 : 65535;
1536 : 65535;
1537 : 65535;
1538 : 65535;
1539 : 65535;
1540 : 65535;
1541 : 65535;
1542 : 65535;
1543 : 65535;
1544 : 65535;
1545 : 65535;
1546 : 65535;
1547 : 65535;
1548 : 65535;
1549 : 59164;
1550 : 21448;
1551 : 32332;
1552 : 30251;
1553 : 32300;
1554 : 32300;
1555 : 32331;
1556 : 30124;
1557 : 17223;
1558 : 32268;
1559 : 30219;
1560 : 30219;
1561 : 30251;
1562 : 17318;
1563 : 25420;
1564 : 65535;
1565 : 65535;
1566 : 65535;
1567 : 65535;
1568 : 65535;
1569 : 65535;
1570 : 65535;
1571 : 65535;
1572 : 65535;
1573 : 65535;
1574 : 65535;
1575 : 65535;
1576 : 65535;
1577 : 65535;
1578 : 65535;
1579 : 65535;
1580 : 65535;
1581 : 65535;
1582 : 65535;
1583 : 65535;
1584 : 65535;
1585 : 65535;
1586 : 59196;
1587 : 23307;
1588 : 8770;
1589 : 13348;
1590 : 13411;
1591 : 13412;
1592 : 13124;
1593 : 13092;
1594 : 13412;
1595 : 13379;
1596 : 13315;
1597 : 14918;
1598 : 63422;
1599 : 65535;
1600 : 65535;
1601 : 65535;
1602 : 65535;
1603 : 65535;
1604 : 65535;
1605 : 65535;
1606 : 65535;
1607 : 65535;
1608 : 65535;
1609 : 65535;
1610 : 65535;
1611 : 65535;
1612 : 65535;
1613 : 65535;
1614 : 65535;
1615 : 65535;
1616 : 65535;
1617 : 65535;
1618 : 65535;
1619 : 65535;
1620 : 65535;
1621 : 65535;
1622 : 65535;
1623 : 65535;
1624 : 65535;
1625 : 65535;
1626 : 65535;
1627 : 65535;
1628 : 65535;
1629 : 65535;
1630 : 65535;
1631 : 65535;
1632 : 65535;
1633 : 65535;
1634 : 65535;
1635 : 65535;
1636 : 65535;
1637 : 65535;
1638 : 65535;
1639 : 65535;
1640 : 65535;
1641 : 65535;
1642 : 65535;
1643 : 65535;
1644 : 65535;
1645 : 65535;
1646 : 65535;
1647 : 65535;
1648 : 65535;
1649 : 65535;
1650 : 65535;
1651 : 65535;
1652 : 65535;
1653 : 65535;
1654 : 65535;
1655 : 65535;
1656 : 65535;
1657 : 65535;
1658 : 65535;
1659 : 65535;
1660 : 65535;
1661 : 65535;
1662 : 65535;
1663 : 65535;
1664 : 65535;
1665 : 65535;
1666 : 65535;
1667 : 65535;
1668 : 65535;
1669 : 65535;
1670 : 65535;
1671 : 65535;
1672 : 65535;
1673 : 65535;
1674 : 65535;
1675 : 65535;
1676 : 65535;
1677 : 48631;
1678 : 23656;
1679 : 32365;
1680 : 32300;
1681 : 32300;
1682 : 32300;
1683 : 32300;
1684 : 32332;
1685 : 19367;
1686 : 27978;
1687 : 32268;
1688 : 30188;
1689 : 30220;
1690 : 30251;
1691 : 13028;
1692 : 31695;
1693 : 65535;
1694 : 65535;
1695 : 65535;
1696 : 65535;
1697 : 65535;
1698 : 65535;
1699 : 65535;
1700 : 65535;
1701 : 65535;
1702 : 65535;
1703 : 65535;
1704 : 65535;
1705 : 65535;
1706 : 65535;
1707 : 65535;
1708 : 65535;
1709 : 65535;
1710 : 65535;
1711 : 65535;
1712 : 65535;
1713 : 48631;
1714 : 17031;
1715 : 8995;
1716 : 13412;
1717 : 13379;
1718 : 13412;
1719 : 13188;
1720 : 10915;
1721 : 13380;
1722 : 13379;
1723 : 13379;
1724 : 11171;
1725 : 21193;
1726 : 65535;
1727 : 65535;
1728 : 65535;
1729 : 65535;
1730 : 65535;
1731 : 65535;
1732 : 65535;
1733 : 65535;
1734 : 65535;
1735 : 65535;
1736 : 65535;
1737 : 65535;
1738 : 65535;
1739 : 65535;
1740 : 65535;
1741 : 65535;
1742 : 65535;
1743 : 65535;
1744 : 65535;
1745 : 65535;
1746 : 65535;
1747 : 65535;
1748 : 65535;
1749 : 65535;
1750 : 65535;
1751 : 65535;
1752 : 65535;
1753 : 65535;
1754 : 65535;
1755 : 65535;
1756 : 65535;
1757 : 65535;
1758 : 65535;
1759 : 65535;
1760 : 65535;
1761 : 65535;
1762 : 65535;
1763 : 65535;
1764 : 65535;
1765 : 65535;
1766 : 65535;
1767 : 65535;
1768 : 65535;
1769 : 65535;
1770 : 65535;
1771 : 65535;
1772 : 65535;
1773 : 65535;
1774 : 65535;
1775 : 65535;
1776 : 65535;
1777 : 65535;
1778 : 65535;
1779 : 65535;
1780 : 65535;
1781 : 65535;
1782 : 65535;
1783 : 65535;
1784 : 65535;
1785 : 65535;
1786 : 65535;
1787 : 65535;
1788 : 65535;
1789 : 65535;
1790 : 65535;
1791 : 65535;
1792 : 65535;
1793 : 65535;
1794 : 65535;
1795 : 65535;
1796 : 65535;
1797 : 65535;
1798 : 65535;
1799 : 65535;
1800 : 65535;
1801 : 65535;
1802 : 65535;
1803 : 65535;
1804 : 65535;
1805 : 38065;
1806 : 25929;
1807 : 32332;
1808 : 32300;
1809 : 32300;
1810 : 30252;
1811 : 32300;
1812 : 32332;
1813 : 25802;
1814 : 21479;
1815 : 32301;
1816 : 30188;
1817 : 30219;
1818 : 30220;
1819 : 30186;
1820 : 8707;
1821 : 38034;
1822 : 65535;
1823 : 65535;
1824 : 65535;
1825 : 65535;
1826 : 65535;
1827 : 65535;
1828 : 65535;
1829 : 65535;
1830 : 65535;
1831 : 65535;
1832 : 65535;
1833 : 65535;
1834 : 65535;
1835 : 65535;
1836 : 65535;
1837 : 65535;
1838 : 65535;
1839 : 65503;
1840 : 33840;
1841 : 8739;
1842 : 13315;
1843 : 13444;
1844 : 13379;
1845 : 13411;
1846 : 13252;
1847 : 8803;
1848 : 13380;
1849 : 13411;
1850 : 13379;
1851 : 13411;
1852 : 11106;
1853 : 29646;
1854 : 65535;
1855 : 65535;
1856 : 65535;
1857 : 65535;
1858 : 65535;
1859 : 65535;
1860 : 65535;
1861 : 65535;
1862 : 65535;
1863 : 65535;
1864 : 65535;
1865 : 65535;
1866 : 65535;
1867 : 65535;
1868 : 65535;
1869 : 65535;
1870 : 65535;
1871 : 65535;
1872 : 65535;
1873 : 65535;
1874 : 65535;
1875 : 65535;
1876 : 65535;
1877 : 65535;
1878 : 65535;
1879 : 65535;
1880 : 65535;
1881 : 65535;
1882 : 65535;
1883 : 65535;
1884 : 65535;
1885 : 65535;
1886 : 65535;
1887 : 65535;
1888 : 65535;
1889 : 65535;
1890 : 65535;
1891 : 65535;
1892 : 65535;
1893 : 65535;
1894 : 65535;
1895 : 65535;
1896 : 65535;
1897 : 65535;
1898 : 65535;
1899 : 65535;
1900 : 65535;
1901 : 65535;
1902 : 65535;
1903 : 65535;
1904 : 65535;
1905 : 65535;
1906 : 65535;
1907 : 65535;
1908 : 65535;
1909 : 65535;
1910 : 65535;
1911 : 65535;
1912 : 65535;
1913 : 65535;
1914 : 65535;
1915 : 65535;
1916 : 65535;
1917 : 65535;
1918 : 65535;
1919 : 65535;
1920 : 65535;
1921 : 65535;
1922 : 65535;
1923 : 65535;
1924 : 65535;
1925 : 65535;
1926 : 65535;
1927 : 65535;
1928 : 65535;
1929 : 65535;
1930 : 65535;
1931 : 65535;
1932 : 65535;
1933 : 25483;
1934 : 28074;
1935 : 32332;
1936 : 32300;
1937 : 32300;
1938 : 32300;
1939 : 30284;
1940 : 32332;
1941 : 32268;
1942 : 17190;
1943 : 30187;
1944 : 30219;
1945 : 30187;
1946 : 32236;
1947 : 32268;
1948 : 23912;
1949 : 6562;
1950 : 50680;
1951 : 65535;
1952 : 65535;
1953 : 65535;
1954 : 65535;
1955 : 65535;
1956 : 65535;
1957 : 65535;
1958 : 65535;
1959 : 65535;
1960 : 65535;
1961 : 65535;
1962 : 65535;
1963 : 65535;
1964 : 65535;
1965 : 65535;
1966 : 61309;
1967 : 23307;
1968 : 8834;
1969 : 15492;
1970 : 13444;
1971 : 13411;
1972 : 13444;
1973 : 13348;
1974 : 8771;
1975 : 13284;
1976 : 13412;
1977 : 13379;
1978 : 13379;
1979 : 13411;
1980 : 8994;
1981 : 35953;
1982 : 65535;
1983 : 65535;
1984 : 65535;
1985 : 65535;
1986 : 65535;
1987 : 65535;
1988 : 65535;
1989 : 65535;
1990 : 65535;
1991 : 65535;
1992 : 65535;
1993 : 65535;
1994 : 65535;
1995 : 65535;
1996 : 65535;
1997 : 65535;
1998 : 65535;
1999 : 65535;
2000 : 65535;
2001 : 65535;
2002 : 65535;
2003 : 65535;
2004 : 65535;
2005 : 65535;
2006 : 65535;
2007 : 65535;
2008 : 65535;
2009 : 65503;
2010 : 63358;
2011 : 61277;
2012 : 61277;
2013 : 61245;
2014 : 61245;
2015 : 61277;
2016 : 61277;
2017 : 59196;
2018 : 59164;
2019 : 61245;
2020 : 54938;
2021 : 54906;
2022 : 59132;
2023 : 61245;
2024 : 65535;
2025 : 65535;
2026 : 65535;
2027 : 65535;
2028 : 65535;
2029 : 65535;
2030 : 65535;
2031 : 65535;
2032 : 65535;
2033 : 65535;
2034 : 65535;
2035 : 65535;
2036 : 65535;
2037 : 65535;
2038 : 65535;
2039 : 65535;
2040 : 65535;
2041 : 65535;
2042 : 65535;
2043 : 65535;
2044 : 65535;
2045 : 65535;
2046 : 65535;
2047 : 65535;
2048 : 65535;
2049 : 65535;
2050 : 65535;
2051 : 65535;
2052 : 65535;
2053 : 65535;
2054 : 65535;
2055 : 65535;
2056 : 65535;
2057 : 65535;
2058 : 65535;
2059 : 65535;
2060 : 61310;
2061 : 17223;
2062 : 26121;
2063 : 32300;
2064 : 32300;
2065 : 32300;
2066 : 32300;
2067 : 30252;
2068 : 32300;
2069 : 32363;
2070 : 21480;
2071 : 23721;
2072 : 32300;
2073 : 30187;
2074 : 30187;
2075 : 30187;
2076 : 28170;
2077 : 17541;
2078 : 12773;
2079 : 59196;
2080 : 65535;
2081 : 65535;
2082 : 65535;
2083 : 65535;
2084 : 65535;
2085 : 65535;
2086 : 65535;
2087 : 65535;
2088 : 65535;
2089 : 65535;
2090 : 65535;
2091 : 65535;
2092 : 65535;
2093 : 57051;
2094 : 19144;
2095 : 11074;
2096 : 15524;
2097 : 13443;
2098 : 13411;
2099 : 13444;
2100 : 15428;
2101 : 10883;
2102 : 13220;
2103 : 13443;
2104 : 13379;
2105 : 13379;
2106 : 13379;
2107 : 13411;
2108 : 8962;
2109 : 38033;
2110 : 65535;
2111 : 65535;
2112 : 65535;
2113 : 65535;
2114 : 65535;
2115 : 65535;
2116 : 65535;
2117 : 65535;
2118 : 65535;
2119 : 65535;
2120 : 65535;
2121 : 65535;
2122 : 65535;
2123 : 65535;
2124 : 65535;
2125 : 65535;
2126 : 65535;
2127 : 65535;
2128 : 65535;
2129 : 65503;
2130 : 61277;
2131 : 52825;
2132 : 44405;
2133 : 38066;
2134 : 33807;
2135 : 29645;
2136 : 25451;
2137 : 23370;
2138 : 19208;
2139 : 21320;
2140 : 21320;
2141 : 21385;
2142 : 23497;
2143 : 23530;
2144 : 23497;
2145 : 23498;
2146 : 21449;
2147 : 23530;
2148 : 19304;
2149 : 19304;
2150 : 19272;
2151 : 17127;
2152 : 27564;
2153 : 59196;
2154 : 65535;
2155 : 65535;
2156 : 65535;
2157 : 65535;
2158 : 65535;
2159 : 65535;
2160 : 65535;
2161 : 65535;
2162 : 65535;
2163 : 65535;
2164 : 65535;
2165 : 65535;
2166 : 65535;
2167 : 65535;
2168 : 65535;
2169 : 65535;
2170 : 65535;
2171 : 65535;
2172 : 65535;
2173 : 65535;
2174 : 65535;
2175 : 65535;
2176 : 65535;
2177 : 65535;
2178 : 65535;
2179 : 65535;
2180 : 65535;
2181 : 65535;
2182 : 65535;
2183 : 65535;
2184 : 65535;
2185 : 65535;
2186 : 65535;
2187 : 65535;
2188 : 54906;
2189 : 13092;
2190 : 26121;
2191 : 32300;
2192 : 32300;
2193 : 32300;
2194 : 32300;
2195 : 32300;
2196 : 32300;
2197 : 32332;
2198 : 27979;
2199 : 19303;
2200 : 32332;
2201 : 30219;
2202 : 30187;
2203 : 30187;
2204 : 30219;
2205 : 26089;
2206 : 11043;
2207 : 23275;
2208 : 65535;
2209 : 65535;
2210 : 65535;
2211 : 65535;
2212 : 65535;
2213 : 65535;
2214 : 65535;
2215 : 65535;
2216 : 65535;
2217 : 65535;
2218 : 65535;
2219 : 65535;
2220 : 48566;
2221 : 12869;
2222 : 13187;
2223 : 13443;
2224 : 13411;
2225 : 13443;
2226 : 13412;
2227 : 15524;
2228 : 8835;
2229 : 13124;
2230 : 13476;
2231 : 13411;
2232 : 13411;
2233 : 13411;
2234 : 13411;
2235 : 13444;
2236 : 8898;
2237 : 46486;
2238 : 65535;
2239 : 65535;
2240 : 65535;
2241 : 65535;
2242 : 65535;
2243 : 65535;
2244 : 65535;
2245 : 65535;
2246 : 65535;
2247 : 65535;
2248 : 65535;
2249 : 65535;
2250 : 65535;
2251 : 65535;
2252 : 65471;
2253 : 61245;
2254 : 54970;
2255 : 50744;
2256 : 38065;
2257 : 21290;
2258 : 21352;
2259 : 19335;
2260 : 21545;
2261 : 23657;
2262 : 25834;
2263 : 27978;
2264 : 28042;
2265 : 30155;
2266 : 30188;
2267 : 32268;
2268 : 32268;
2269 : 32268;
2270 : 32268;
2271 : 32267;
2272 : 32300;
2273 : 32300;
2274 : 32300;
2275 : 32268;
2276 : 32300;
2277 : 32300;
2278 : 32268;
2279 : 30219;
2280 : 17509;
2281 : 27596;
2282 : 65535;
2283 : 65535;
2284 : 65535;
2285 : 65535;
2286 : 65535;
2287 : 65535;
2288 : 65535;
2289 : 65535;
2290 : 65535;
2291 : 65535;
2292 : 65535;
2293 : 65535;
2294 : 65535;
2295 : 65535;
2296 : 65535;
2297 : 65535;
2298 : 65535;
2299 : 65535;
2300 : 65535;
2301 : 65535;
2302 : 65535;
2303 : 65535;
2304 : 65535;
2305 : 65535;
2306 : 65535;
2307 : 65535;
2308 : 65535;
2309 : 65535;
2310 : 65535;
2311 : 65535;
2312 : 65535;
2313 : 65535;
2314 : 65535;
2315 : 65535;
2316 : 46486;
2317 : 11043;
2318 : 24040;
2319 : 32299;
2320 : 32300;
2321 : 32300;
2322 : 32300;
2323 : 32300;
2324 : 32300;
2325 : 32332;
2326 : 32300;
2327 : 17158;
2328 : 30123;
2329 : 30219;
2330 : 30187;
2331 : 30187;
2332 : 30188;
2333 : 30186;
2334 : 19846;
2335 : 8770;
2336 : 40179;
2337 : 65535;
2338 : 65535;
2339 : 65535;
2340 : 65535;
2341 : 65535;
2342 : 65535;
2343 : 65535;
2344 : 65535;
2345 : 65535;
2346 : 65535;
2347 : 38066;
2348 : 8611;
2349 : 11043;
2350 : 13251;
2351 : 11267;
2352 : 13347;
2353 : 13379;
2354 : 15460;
2355 : 11043;
2356 : 8835;
2357 : 15492;
2358 : 13412;
2359 : 13412;
2360 : 13411;
2361 : 13412;
2362 : 13411;
2363 : 13412;
2364 : 10915;
2365 : 52825;
2366 : 65535;
2367 : 65535;
2368 : 65535;
2369 : 65535;
2370 : 65535;
2371 : 65535;
2372 : 65535;
2373 : 65535;
2374 : 65535;
2375 : 65535;
2376 : 65503;
2377 : 57083;
2378 : 46486;
2379 : 33871;
2380 : 23370;
2381 : 21385;
2382 : 23593;
2383 : 25834;
2384 : 25898;
2385 : 30155;
2386 : 30252;
2387 : 32332;
2388 : 32300;
2389 : 32299;
2390 : 32267;
2391 : 32268;
2392 : 32268;
2393 : 30219;
2394 : 30219;
2395 : 32235;
2396 : 32235;
2397 : 32267;
2398 : 32267;
2399 : 32267;
2400 : 30187;
2401 : 30091;
2402 : 30123;
2403 : 32236;
2404 : 32236;
2405 : 32236;
2406 : 32236;
2407 : 30218;
2408 : 17637;
2409 : 10884;
2410 : 57051;
2411 : 65535;
2412 : 65535;
2413 : 65535;
2414 : 65535;
2415 : 65535;
2416 : 65535;
2417 : 65535;
2418 : 65535;
2419 : 65535;
2420 : 65535;
2421 : 65535;
2422 : 65535;
2423 : 65535;
2424 : 65535;
2425 : 65535;
2426 : 65535;
2427 : 65535;
2428 : 65535;
2429 : 65535;
2430 : 65535;
2431 : 65535;
2432 : 65535;
2433 : 65535;
2434 : 65535;
2435 : 65535;
2436 : 65535;
2437 : 65535;
2438 : 65535;
2439 : 65535;
2440 : 65535;
2441 : 65535;
2442 : 65535;
2443 : 65535;
2444 : 40146;
2445 : 13316;
2446 : 21959;
2447 : 30251;
2448 : 32300;
2449 : 32300;
2450 : 32300;
2451 : 32300;
2452 : 32300;
2453 : 32300;
2454 : 32364;
2455 : 21512;
2456 : 23625;
2457 : 32300;
2458 : 30188;
2459 : 30187;
2460 : 30186;
2461 : 28138;
2462 : 21927;
2463 : 15524;
2464 : 10660;
2465 : 57083;
2466 : 65535;
2467 : 65535;
2468 : 65535;
2469 : 65535;
2470 : 65535;
2471 : 65535;
2472 : 65535;
2473 : 65535;
2474 : 33807;
2475 : 6562;
2476 : 13060;
2477 : 13059;
2478 : 13091;
2479 : 13155;
2480 : 13219;
2481 : 13283;
2482 : 11043;
2483 : 8707;
2484 : 13316;
2485 : 13347;
2486 : 13347;
2487 : 13347;
2488 : 13379;
2489 : 13379;
2490 : 13347;
2491 : 13315;
2492 : 12900;
2493 : 59164;
2494 : 65535;
2495 : 65535;
2496 : 65535;
2497 : 65535;
2498 : 65535;
2499 : 65535;
2500 : 65535;
2501 : 63358;
2502 : 48599;
2503 : 31727;
2504 : 19177;
2505 : 21384;
2506 : 21576;
2507 : 28011;
2508 : 30219;
2509 : 32332;
2510 : 32332;
2511 : 32332;
2512 : 32332;
2513 : 30251;
2514 : 32299;
2515 : 32267;
2516 : 30219;
2517 : 30219;
2518 : 30187;
2519 : 30219;
2520 : 32236;
2521 : 30220;
2522 : 30220;
2523 : 30251;
2524 : 32268;
2525 : 30156;
2526 : 25834;
2527 : 23625;
2528 : 23625;
2529 : 25802;
2530 : 30091;
2531 : 32267;
2532 : 30187;
2533 : 30188;
2534 : 32268;
2535 : 25929;
2536 : 15460;
2537 : 8866;
2538 : 35920;
2539 : 65535;
2540 : 65535;
2541 : 65535;
2542 : 65535;
2543 : 65535;
2544 : 65535;
2545 : 65535;
2546 : 65535;
2547 : 65535;
2548 : 65535;
2549 : 65535;
2550 : 65535;
2551 : 65535;
2552 : 65535;
2553 : 65535;
2554 : 65535;
2555 : 65535;
2556 : 65535;
2557 : 65535;
2558 : 65535;
2559 : 65535;
2560 : 65535;
2561 : 65535;
2562 : 65535;
2563 : 65535;
2564 : 65535;
2565 : 65535;
2566 : 65535;
2567 : 65535;
2568 : 65535;
2569 : 65535;
2570 : 65535;
2571 : 65535;
2572 : 31758;
2573 : 13411;
2574 : 19878;
2575 : 30251;
2576 : 30252;
2577 : 30252;
2578 : 32300;
2579 : 30252;
2580 : 32300;
2581 : 32300;
2582 : 32299;
2583 : 28011;
2584 : 15110;
2585 : 32268;
2586 : 30188;
2587 : 30187;
2588 : 26057;
2589 : 24008;
2590 : 21927;
2591 : 17765;
2592 : 11107;
2593 : 25355;
2594 : 65535;
2595 : 65535;
2596 : 65535;
2597 : 65535;
2598 : 65535;
2599 : 65535;
2600 : 65503;
2601 : 29646;
2602 : 8642;
2603 : 13092;
2604 : 13091;
2605 : 13059;
2606 : 13060;
2607 : 13059;
2608 : 13092;
2609 : 13059;
2610 : 6530;
2611 : 13092;
2612 : 13220;
2613 : 13219;
2614 : 13219;
2615 : 13219;
2616 : 13219;
2617 : 13187;
2618 : 13156;
2619 : 13091;
2620 : 14918;
2621 : 63357;
2622 : 65535;
2623 : 65535;
2624 : 65535;
2625 : 65535;
2626 : 63422;
2627 : 52793;
2628 : 33839;
2629 : 17062;
2630 : 15173;
2631 : 21671;
2632 : 28106;
2633 : 32332;
2634 : 32364;
2635 : 32332;
2636 : 32300;
2637 : 32300;
2638 : 30252;
2639 : 30220;
2640 : 30220;
2641 : 30219;
2642 : 32300;
2643 : 32268;
2644 : 32267;
2645 : 30219;
2646 : 30219;
2647 : 30218;
2648 : 30251;
2649 : 32300;
2650 : 30091;
2651 : 23689;
2652 : 19336;
2653 : 19335;
2654 : 23593;
2655 : 27979;
2656 : 30187;
2657 : 30251;
2658 : 30219;
2659 : 30187;
2660 : 30187;
2661 : 32268;
2662 : 25834;
2663 : 10916;
2664 : 13348;
2665 : 11139;
2666 : 21258;
2667 : 65535;
2668 : 65535;
2669 : 65535;
2670 : 65535;
2671 : 65535;
2672 : 65535;
2673 : 65535;
2674 : 65535;
2675 : 65535;
2676 : 65535;
2677 : 65535;
2678 : 65535;
2679 : 65535;
2680 : 65535;
2681 : 65535;
2682 : 65535;
2683 : 65535;
2684 : 65535;
2685 : 65535;
2686 : 65535;
2687 : 65535;
2688 : 65535;
2689 : 65535;
2690 : 65535;
2691 : 65535;
2692 : 65535;
2693 : 65535;
2694 : 65535;
2695 : 65535;
2696 : 65535;
2697 : 65535;
2698 : 65535;
2699 : 65535;
2700 : 23434;
2701 : 13508;
2702 : 17765;
2703 : 26121;
2704 : 28202;
2705 : 28170;
2706 : 30251;
2707 : 30219;
2708 : 30219;
2709 : 30219;
2710 : 30219;
2711 : 32267;
2712 : 17190;
2713 : 27947;
2714 : 32268;
2715 : 30187;
2716 : 23976;
2717 : 17765;
2718 : 17733;
2719 : 15684;
2720 : 15652;
2721 : 8802;
2722 : 42292;
2723 : 65535;
2724 : 65535;
2725 : 65535;
2726 : 65535;
2727 : 63422;
2728 : 23339;
2729 : 8674;
2730 : 13028;
2731 : 13059;
2732 : 13060;
2733 : 13060;
2734 : 13060;
2735 : 13060;
2736 : 13060;
2737 : 8578;
2738 : 10819;
2739 : 13092;
2740 : 13060;
2741 : 13060;
2742 : 13060;
2743 : 13060;
2744 : 13059;
2745 : 13059;
2746 : 13059;
2747 : 10979;
2748 : 16999;
2749 : 65503;
2750 : 65535;
2751 : 65535;
2752 : 54938;
2753 : 35920;
2754 : 17095;
2755 : 11012;
2756 : 13347;
2757 : 21895;
2758 : 28234;
2759 : 30284;
2760 : 32331;
2761 : 32300;
2762 : 32300;
2763 : 30252;
2764 : 32300;
2765 : 32300;
2766 : 30219;
2767 : 30219;
2768 : 30219;
2769 : 30219;
2770 : 30219;
2771 : 30219;
2772 : 30219;
2773 : 32300;
2774 : 32332;
2775 : 30187;
2776 : 25834;
2777 : 21448;
2778 : 17191;
2779 : 21544;
2780 : 28010;
2781 : 32267;
2782 : 32299;
2783 : 32267;
2784 : 32268;
2785 : 30188;
2786 : 30188;
2787 : 32235;
2788 : 32268;
2789 : 32267;
2790 : 12900;
2791 : 11075;
2792 : 13347;
2793 : 13315;
2794 : 14950;
2795 : 63390;
2796 : 65535;
2797 : 65535;
2798 : 65535;
2799 : 65535;
2800 : 65535;
2801 : 65535;
2802 : 65535;
2803 : 65535;
2804 : 65535;
2805 : 65535;
2806 : 65535;
2807 : 65535;
2808 : 65535;
2809 : 65535;
2810 : 65535;
2811 : 65535;
2812 : 65535;
2813 : 65535;
2814 : 65535;
2815 : 65535;
2816 : 65535;
2817 : 65535;
2818 : 65535;
2819 : 65535;
2820 : 65535;
2821 : 65535;
2822 : 65535;
2823 : 65535;
2824 : 65535;
2825 : 65535;
2826 : 65535;
2827 : 63390;
2828 : 17191;
2829 : 15652;
2830 : 15684;
2831 : 24007;
2832 : 24041;
2833 : 21927;
2834 : 26057;
2835 : 30187;
2836 : 28106;
2837 : 30187;
2838 : 30219;
2839 : 32300;
2840 : 23624;
2841 : 19368;
2842 : 32300;
2843 : 30186;
2844 : 23976;
2845 : 15685;
2846 : 13604;
2847 : 15620;
2848 : 15652;
2849 : 13476;
2850 : 14950;
2851 : 63390;
2852 : 65535;
2853 : 65535;
2854 : 63390;
2855 : 25387;
2856 : 8706;
2857 : 13059;
2858 : 13028;
2859 : 13027;
2860 : 13059;
2861 : 13059;
2862 : 13060;
2863 : 13060;
2864 : 10755;
2865 : 8610;
2866 : 13060;
2867 : 13060;
2868 : 13060;
2869 : 13060;
2870 : 13060;
2871 : 13060;
2872 : 13060;
2873 : 13060;
2874 : 13059;
2875 : 10979;
2876 : 19112;
2877 : 61309;
2878 : 46453;
2879 : 23338;
2880 : 10916;
2881 : 11203;
2882 : 13572;
2883 : 17797;
2884 : 24039;
2885 : 30250;
2886 : 32299;
2887 : 32299;
2888 : 32299;
2889 : 32300;
2890 : 32300;
2891 : 32300;
2892 : 32300;
2893 : 30219;
2894 : 30219;
2895 : 30219;
2896 : 30219;
2897 : 30219;
2898 : 30219;
2899 : 32300;
2900 : 32300;
2901 : 28011;
2902 : 21544;
2903 : 19335;
2904 : 21512;
2905 : 27946;
2906 : 30188;
2907 : 30252;
2908 : 30219;
2909 : 30187;
2910 : 32236;
2911 : 32268;
2912 : 32268;
2913 : 30187;
2914 : 30188;
2915 : 30187;
2916 : 32300;
2917 : 21576;
2918 : 8738;
2919 : 13348;
2920 : 13347;
2921 : 13347;
2922 : 8771;
2923 : 54905;
2924 : 65535;
2925 : 65535;
2926 : 65535;
2927 : 65535;
2928 : 65535;
2929 : 65535;
2930 : 65535;
2931 : 65535;
2932 : 65535;
2933 : 65535;
2934 : 65535;
2935 : 65535;
2936 : 65535;
2937 : 65535;
2938 : 65535;
2939 : 65535;
2940 : 65535;
2941 : 65535;
2942 : 65535;
2943 : 65535;
2944 : 65535;
2945 : 65535;
2946 : 65535;
2947 : 65535;
2948 : 65535;
2949 : 65535;
2950 : 65535;
2951 : 65535;
2952 : 65535;
2953 : 65535;
2954 : 65535;
2955 : 61245;
2956 : 15141;
2957 : 15684;
2958 : 15684;
2959 : 17797;
2960 : 17765;
2961 : 15620;
2962 : 19814;
2963 : 28105;
2964 : 23976;
2965 : 23976;
2966 : 30187;
2967 : 32268;
2968 : 30124;
2969 : 17126;
2970 : 30155;
2971 : 28138;
2972 : 21927;
2973 : 15652;
2974 : 13572;
2975 : 13572;
2976 : 13572;
2977 : 15684;
2978 : 11075;
2979 : 38066;
2980 : 65535;
2981 : 61309;
2982 : 21226;
2983 : 8738;
2984 : 13060;
2985 : 13028;
2986 : 13027;
2987 : 13027;
2988 : 13027;
2989 : 13028;
2990 : 13028;
2991 : 10884;
2992 : 6498;
2993 : 13028;
2994 : 13028;
2995 : 13028;
2996 : 13060;
2997 : 13060;
2998 : 13059;
2999 : 13060;
3000 : 13060;
3001 : 13092;
3002 : 13092;
3003 : 10851;
3004 : 8483;
3005 : 14982;
3006 : 11043;
3007 : 13476;
3008 : 15717;
3009 : 15684;
3010 : 17765;
3011 : 24007;
3012 : 28170;
3013 : 30251;
3014 : 32299;
3015 : 30251;
3016 : 30252;
3017 : 32300;
3018 : 32267;
3019 : 32267;
3020 : 30219;
3021 : 30187;
3022 : 30188;
3023 : 30187;
3024 : 32268;
3025 : 32268;
3026 : 30219;
3027 : 25866;
3028 : 19271;
3029 : 19367;
3030 : 25866;
3031 : 32268;
3032 : 32332;
3033 : 32300;
3034 : 30220;
3035 : 30188;
3036 : 30187;
3037 : 30187;
3038 : 32268;
3039 : 32236;
3040 : 32268;
3041 : 32268;
3042 : 32267;
3043 : 30219;
3044 : 28042;
3045 : 8675;
3046 : 13219;
3047 : 13347;
3048 : 13315;
3049 : 13380;
3050 : 8834;
3051 : 44372;
3052 : 65535;
3053 : 65535;
3054 : 65535;
3055 : 65535;
3056 : 65535;
3057 : 65535;
3058 : 65535;
3059 : 65535;
3060 : 65535;
3061 : 65535;
3062 : 65535;
3063 : 65535;
3064 : 65535;
3065 : 65535;
3066 : 65535;
3067 : 65535;
3068 : 65535;
3069 : 65535;
3070 : 65535;
3071 : 65535;
3072 : 65535;
3073 : 65535;
3074 : 65535;
3075 : 65535;
3076 : 65535;
3077 : 65535;
3078 : 65535;
3079 : 65535;
3080 : 65535;
3081 : 65535;
3082 : 65535;
3083 : 59132;
3084 : 15237;
3085 : 15684;
3086 : 15652;
3087 : 15684;
3088 : 15652;
3089 : 13572;
3090 : 15653;
3091 : 21927;
3092 : 19846;
3093 : 17765;
3094 : 26057;
3095 : 32236;
3096 : 32300;
3097 : 19367;
3098 : 25768;
3099 : 30218;
3100 : 21895;
3101 : 15652;
3102 : 13572;
3103 : 13572;
3104 : 13572;
3105 : 15620;
3106 : 13540;
3107 : 19272;
3108 : 59164;
3109 : 23307;
3110 : 8706;
3111 : 13060;
3112 : 13028;
3113 : 13027;
3114 : 13027;
3115 : 13027;
3116 : 13028;
3117 : 13028;
3118 : 13028;
3119 : 6530;
3120 : 10851;
3121 : 13060;
3122 : 13027;
3123 : 13028;
3124 : 13028;
3125 : 13028;
3126 : 13060;
3127 : 13060;
3128 : 13060;
3129 : 10852;
3130 : 8610;
3131 : 6594;
3132 : 13220;
3133 : 15621;
3134 : 15717;
3135 : 15684;
3136 : 13604;
3137 : 15684;
3138 : 21927;
3139 : 28138;
3140 : 30219;
3141 : 30219;
3142 : 30219;
3143 : 30219;
3144 : 30219;
3145 : 30219;
3146 : 30187;
3147 : 30187;
3148 : 30187;
3149 : 30187;
3150 : 32268;
3151 : 32300;
3152 : 30155;
3153 : 25802;
3154 : 19303;
3155 : 19368;
3156 : 27947;
3157 : 32300;
3158 : 32332;
3159 : 30252;
3160 : 30220;
3161 : 30252;
3162 : 32300;
3163 : 32300;
3164 : 30220;
3165 : 32235;
3166 : 32268;
3167 : 32235;
3168 : 32236;
3169 : 32235;
3170 : 30187;
3171 : 28170;
3172 : 15142;
3173 : 8835;
3174 : 13347;
3175 : 13315;
3176 : 11267;
3177 : 13347;
3178 : 8962;
3179 : 38065;
3180 : 65535;
3181 : 65535;
3182 : 65535;
3183 : 65535;
3184 : 65535;
3185 : 65535;
3186 : 65535;
3187 : 65535;
3188 : 65535;
3189 : 65535;
3190 : 65535;
3191 : 65535;
3192 : 65535;
3193 : 65535;
3194 : 65535;
3195 : 65535;
3196 : 65535;
3197 : 65535;
3198 : 65535;
3199 : 65535;
3200 : 65535;
3201 : 65535;
3202 : 65535;
3203 : 65535;
3204 : 65535;
3205 : 65535;
3206 : 65535;
3207 : 65535;
3208 : 65535;
3209 : 65535;
3210 : 65535;
3211 : 54938;
3212 : 13188;
3213 : 15716;
3214 : 15652;
3215 : 15684;
3216 : 13604;
3217 : 13604;
3218 : 13572;
3219 : 15685;
3220 : 17733;
3221 : 13604;
3222 : 21895;
3223 : 30186;
3224 : 32268;
3225 : 25801;
3226 : 19335;
3227 : 28170;
3228 : 19846;
3229 : 15652;
3230 : 13572;
3231 : 13572;
3232 : 13572;
3233 : 13572;
3234 : 15684;
3235 : 13188;
3236 : 8452;
3237 : 8707;
3238 : 13060;
3239 : 13028;
3240 : 13027;
3241 : 13028;
3242 : 13028;
3243 : 13028;
3244 : 13027;
3245 : 13060;
3246 : 10819;
3247 : 8675;
3248 : 13060;
3249 : 13027;
3250 : 13028;
3251 : 13028;
3252 : 13027;
3253 : 13060;
3254 : 13028;
3255 : 10819;
3256 : 6530;
3257 : 8835;
3258 : 13348;
3259 : 15653;
3260 : 15716;
3261 : 13636;
3262 : 15684;
3263 : 15652;
3264 : 15652;
3265 : 17765;
3266 : 24008;
3267 : 28137;
3268 : 28138;
3269 : 28138;
3270 : 28138;
3271 : 28138;
3272 : 30187;
3273 : 30188;
3274 : 32236;
3275 : 32236;
3276 : 32267;
3277 : 32268;
3278 : 28011;
3279 : 21512;
3280 : 17223;
3281 : 21512;
3282 : 30058;
3283 : 32300;
3284 : 32268;
3285 : 30188;
3286 : 30220;
3287 : 30252;
3288 : 30252;
3289 : 32300;
3290 : 32300;
3291 : 30252;
3292 : 30219;
3293 : 30219;
3294 : 30219;
3295 : 30188;
3296 : 32236;
3297 : 30187;
3298 : 28170;
3299 : 21703;
3300 : 8643;
3301 : 13316;
3302 : 13315;
3303 : 13347;
3304 : 13347;
3305 : 13347;
3306 : 11171;
3307 : 29646;
3308 : 65535;
3309 : 65535;
3310 : 65535;
3311 : 65535;
3312 : 65535;
3313 : 65535;
3314 : 65535;
3315 : 65535;
3316 : 65535;
3317 : 65535;
3318 : 65535;
3319 : 65535;
3320 : 65535;
3321 : 65535;
3322 : 65535;
3323 : 65535;
3324 : 65535;
3325 : 65535;
3326 : 65535;
3327 : 65535;
3328 : 65535;
3329 : 65535;
3330 : 65535;
3331 : 65535;
3332 : 65535;
3333 : 65535;
3334 : 65535;
3335 : 65535;
3336 : 65535;
3337 : 65535;
3338 : 65535;
3339 : 46485;
3340 : 11203;
3341 : 15716;
3342 : 13636;
3343 : 15652;
3344 : 15684;
3345 : 13604;
3346 : 13572;
3347 : 13604;
3348 : 15652;
3349 : 13572;
3350 : 15652;
3351 : 26024;
3352 : 30219;
3353 : 30154;
3354 : 17158;
3355 : 23945;
3356 : 17765;
3357 : 15620;
3358 : 13572;
3359 : 13572;
3360 : 13572;
3361 : 13572;
3362 : 13604;
3363 : 13444;
3364 : 4385;
3365 : 13028;
3366 : 13059;
3367 : 13028;
3368 : 13060;
3369 : 13060;
3370 : 13060;
3371 : 13060;
3372 : 13060;
3373 : 12996;
3374 : 8578;
3375 : 13027;
3376 : 13028;
3377 : 13028;
3378 : 13028;
3379 : 13060;
3380 : 13028;
3381 : 10787;
3382 : 6530;
3383 : 8803;
3384 : 13380;
3385 : 15685;
3386 : 15684;
3387 : 15684;
3388 : 15652;
3389 : 15684;
3390 : 15684;
3391 : 15652;
3392 : 15685;
3393 : 17798;
3394 : 19846;
3395 : 19846;
3396 : 19846;
3397 : 19846;
3398 : 21895;
3399 : 28106;
3400 : 30187;
3401 : 30188;
3402 : 32268;
3403 : 32268;
3404 : 27947;
3405 : 19335;
3406 : 19303;
3407 : 25770;
3408 : 30155;
3409 : 32300;
3410 : 32267;
3411 : 30219;
3412 : 30188;
3413 : 30188;
3414 : 30220;
3415 : 30220;
3416 : 30252;
3417 : 32300;
3418 : 30252;
3419 : 30252;
3420 : 30220;
3421 : 30219;
3422 : 32267;
3423 : 30188;
3424 : 30187;
3425 : 28137;
3426 : 23912;
3427 : 6562;
3428 : 10979;
3429 : 13347;
3430 : 13315;
3431 : 13347;
3432 : 13315;
3433 : 13347;
3434 : 13347;
3435 : 25483;
3436 : 65535;
3437 : 65535;
3438 : 65535;
3439 : 65535;
3440 : 65535;
3441 : 65535;
3442 : 65535;
3443 : 65535;
3444 : 65535;
3445 : 65535;
3446 : 65535;
3447 : 65535;
3448 : 65535;
3449 : 65535;
3450 : 65535;
3451 : 65535;
3452 : 65535;
3453 : 65535;
3454 : 65535;
3455 : 65535;
3456 : 65535;
3457 : 65535;
3458 : 65535;
3459 : 65535;
3460 : 65535;
3461 : 65535;
3462 : 65535;
3463 : 65535;
3464 : 65535;
3465 : 65535;
3466 : 65535;
3467 : 42324;
3468 : 13315;
3469 : 15684;
3470 : 15652;
3471 : 15652;
3472 : 15652;
3473 : 13604;
3474 : 13572;
3475 : 13572;
3476 : 13572;
3477 : 13572;
3478 : 13572;
3479 : 19814;
3480 : 28138;
3481 : 28170;
3482 : 19367;
3483 : 21735;
3484 : 15684;
3485 : 13572;
3486 : 13572;
3487 : 13572;
3488 : 13572;
3489 : 13604;
3490 : 13604;
3491 : 15653;
3492 : 8771;
3493 : 12932;
3494 : 13060;
3495 : 13060;
3496 : 13060;
3497 : 13060;
3498 : 13060;
3499 : 13060;
3500 : 13092;
3501 : 8643;
3502 : 10820;
3503 : 13091;
3504 : 13060;
3505 : 13060;
3506 : 13060;
3507 : 10819;
3508 : 6530;
3509 : 8803;
3510 : 13412;
3511 : 15653;
3512 : 15652;
3513 : 13572;
3514 : 13572;
3515 : 13604;
3516 : 15684;
3517 : 15684;
3518 : 15684;
3519 : 15652;
3520 : 15684;
3521 : 15684;
3522 : 15652;
3523 : 13572;
3524 : 13604;
3525 : 19814;
3526 : 26057;
3527 : 30187;
3528 : 30220;
3529 : 32268;
3530 : 27979;
3531 : 19336;
3532 : 19368;
3533 : 27946;
3534 : 32268;
3535 : 32300;
3536 : 32268;
3537 : 32267;
3538 : 32267;
3539 : 30187;
3540 : 32235;
3541 : 30187;
3542 : 30187;
3543 : 30220;
3544 : 30219;
3545 : 30219;
3546 : 30219;
3547 : 30219;
3548 : 30187;
3549 : 32236;
3550 : 32236;
3551 : 30187;
3552 : 28106;
3553 : 24007;
3554 : 10979;
3555 : 25323;
3556 : 12933;
3557 : 13315;
3558 : 13347;
3559 : 13315;
3560 : 13315;
3561 : 13315;
3562 : 13412;
3563 : 19209;
3564 : 65535;
3565 : 65535;
3566 : 65535;
3567 : 65535;
3568 : 65535;
3569 : 65535;
3570 : 65535;
3571 : 65535;
3572 : 65535;
3573 : 65535;
3574 : 65535;
3575 : 65535;
3576 : 65535;
3577 : 65535;
3578 : 65535;
3579 : 65535;
3580 : 65535;
3581 : 65535;
3582 : 65535;
3583 : 65535;
3584 : 65535;
3585 : 65535;
3586 : 65535;
3587 : 65535;
3588 : 65535;
3589 : 65535;
3590 : 65535;
3591 : 65535;
3592 : 65535;
3593 : 65535;
3594 : 65535;
3595 : 42324;
3596 : 13347;
3597 : 15684;
3598 : 15652;
3599 : 15684;
3600 : 15684;
3601 : 15652;
3602 : 13604;
3603 : 13572;
3604 : 15620;
3605 : 15620;
3606 : 13572;
3607 : 15652;
3608 : 23976;
3609 : 26089;
3610 : 19526;
3611 : 19463;
3612 : 17733;
3613 : 13572;
3614 : 13572;
3615 : 13572;
3616 : 13572;
3617 : 13572;
3618 : 13572;
3619 : 15684;
3620 : 13220;
3621 : 8675;
3622 : 13092;
3623 : 13060;
3624 : 13060;
3625 : 13060;
3626 : 13060;
3627 : 13060;
3628 : 12963;
3629 : 8643;
3630 : 13060;
3631 : 13059;
3632 : 13060;
3633 : 12995;
3634 : 8611;
3635 : 8707;
3636 : 13348;
3637 : 15653;
3638 : 13636;
3639 : 13604;
3640 : 13572;
3641 : 13572;
3642 : 13604;
3643 : 15652;
3644 : 15684;
3645 : 15684;
3646 : 15684;
3647 : 15684;
3648 : 15652;
3649 : 13604;
3650 : 13604;
3651 : 13572;
3652 : 19814;
3653 : 28138;
3654 : 30219;
3655 : 30187;
3656 : 30187;
3657 : 25802;
3658 : 21481;
3659 : 27947;
3660 : 32300;
3661 : 32268;
3662 : 32267;
3663 : 32235;
3664 : 32235;
3665 : 32268;
3666 : 32268;
3667 : 32235;
3668 : 30187;
3669 : 30188;
3670 : 30188;
3671 : 30220;
3672 : 30188;
3673 : 30188;
3674 : 30187;
3675 : 30187;
3676 : 30187;
3677 : 32236;
3678 : 32236;
3679 : 28138;
3680 : 24008;
3681 : 13283;
3682 : 16968;
3683 : 65503;
3684 : 42292;
3685 : 8803;
3686 : 13347;
3687 : 13315;
3688 : 13315;
3689 : 13315;
3690 : 13476;
3691 : 15046;
3692 : 63358;
3693 : 65535;
3694 : 65535;
3695 : 65535;
3696 : 65535;
3697 : 65535;
3698 : 65535;
3699 : 65535;
3700 : 65535;
3701 : 65535;
3702 : 65535;
3703 : 65535;
3704 : 65535;
3705 : 65535;
3706 : 65535;
3707 : 65535;
3708 : 65535;
3709 : 65535;
3710 : 65535;
3711 : 65535;
3712 : 65535;
3713 : 65535;
3714 : 65535;
3715 : 65535;
3716 : 65535;
3717 : 65535;
3718 : 65535;
3719 : 65535;
3720 : 65535;
3721 : 65535;
3722 : 65535;
3723 : 38098;
3724 : 11267;
3725 : 15684;
3726 : 15652;
3727 : 15684;
3728 : 15684;
3729 : 13604;
3730 : 13604;
3731 : 13572;
3732 : 15620;
3733 : 13572;
3734 : 13572;
3735 : 13572;
3736 : 17733;
3737 : 21894;
3738 : 19718;
3739 : 17222;
3740 : 19814;
3741 : 13604;
3742 : 13572;
3743 : 13572;
3744 : 13572;
3745 : 13572;
3746 : 15620;
3747 : 15652;
3748 : 15589;
3749 : 8675;
3750 : 13060;
3751 : 13060;
3752 : 13059;
3753 : 13059;
3754 : 13060;
3755 : 13060;
3756 : 8675;
3757 : 10884;
3758 : 13060;
3759 : 13060;
3760 : 8707;
3761 : 6466;
3762 : 11076;
3763 : 15653;
3764 : 15652;
3765 : 13604;
3766 : 13604;
3767 : 13604;
3768 : 13604;
3769 : 15652;
3770 : 15652;
3771 : 15684;
3772 : 15684;
3773 : 15684;
3774 : 15684;
3775 : 15684;
3776 : 15652;
3777 : 13604;
3778 : 15684;
3779 : 21927;
3780 : 28170;
3781 : 30219;
3782 : 30219;
3783 : 30219;
3784 : 30123;
3785 : 28011;
3786 : 30188;
3787 : 30219;
3788 : 30187;
3789 : 30220;
3790 : 32267;
3791 : 32235;
3792 : 32236;
3793 : 32268;
3794 : 32235;
3795 : 32268;
3796 : 30187;
3797 : 30187;
3798 : 30188;
3799 : 30188;
3800 : 30187;
3801 : 30187;
3802 : 30188;
3803 : 30187;
3804 : 30187;
3805 : 30187;
3806 : 28138;
3807 : 23975;
3808 : 17669;
3809 : 6498;
3810 : 50712;
3811 : 65535;
3812 : 65535;
3813 : 35920;
3814 : 8834;
3815 : 13347;
3816 : 13315;
3817 : 13347;
3818 : 13508;
3819 : 12996;
3820 : 59132;
3821 : 65535;
3822 : 65535;
3823 : 65535;
3824 : 65535;
3825 : 65535;
3826 : 65535;
3827 : 65535;
3828 : 65535;
3829 : 65535;
3830 : 65535;
3831 : 65535;
3832 : 65535;
3833 : 65535;
3834 : 65535;
3835 : 65535;
3836 : 65535;
3837 : 65535;
3838 : 65535;
3839 : 65535;
3840 : 65535;
3841 : 65535;
3842 : 65535;
3843 : 65535;
3844 : 65535;
3845 : 65535;
3846 : 65535;
3847 : 65535;
3848 : 65535;
3849 : 65535;
3850 : 65535;
3851 : 42292;
3852 : 11171;
3853 : 15716;
3854 : 15652;
3855 : 15652;
3856 : 15684;
3857 : 13604;
3858 : 13604;
3859 : 13572;
3860 : 13572;
3861 : 13572;
3862 : 13572;
3863 : 13572;
3864 : 13572;
3865 : 15685;
3866 : 17733;
3867 : 15173;
3868 : 19687;
3869 : 15620;
3870 : 13572;
3871 : 13572;
3872 : 15620;
3873 : 13572;
3874 : 13572;
3875 : 15620;
3876 : 15653;
3877 : 8803;
3878 : 12964;
3879 : 13059;
3880 : 13027;
3881 : 13028;
3882 : 13060;
3883 : 12931;
3884 : 8675;
3885 : 13060;
3886 : 13027;
3887 : 8675;
3888 : 10915;
3889 : 15525;
3890 : 15685;
3891 : 13604;
3892 : 13604;
3893 : 13572;
3894 : 13604;
3895 : 13604;
3896 : 15684;
3897 : 15652;
3898 : 15652;
3899 : 15684;
3900 : 15684;
3901 : 15684;
3902 : 15652;
3903 : 13604;
3904 : 13604;
3905 : 15684;
3906 : 21960;
3907 : 30251;
3908 : 30252;
3909 : 30219;
3910 : 32300;
3911 : 32300;
3912 : 30220;
3913 : 30219;
3914 : 30187;
3915 : 30187;
3916 : 30188;
3917 : 30187;
3918 : 30187;
3919 : 30187;
3920 : 30187;
3921 : 30187;
3922 : 30187;
3923 : 30187;
3924 : 30187;
3925 : 30187;
3926 : 30187;
3927 : 30188;
3928 : 30187;
3929 : 30187;
3930 : 30187;
3931 : 30187;
3932 : 30187;
3933 : 26057;
3934 : 21927;
3935 : 17765;
3936 : 8834;
3937 : 33808;
3938 : 65535;
3939 : 65535;
3940 : 65535;
3941 : 65535;
3942 : 27533;
3943 : 8898;
3944 : 13380;
3945 : 13347;
3946 : 13476;
3947 : 11012;
3948 : 52858;
3949 : 65535;
3950 : 65535;
3951 : 65535;
3952 : 65535;
3953 : 65535;
3954 : 65535;
3955 : 65535;
3956 : 65535;
3957 : 65535;
3958 : 65535;
3959 : 65535;
3960 : 65535;
3961 : 65535;
3962 : 65535;
3963 : 65535;
3964 : 65535;
3965 : 65535;
3966 : 65535;
3967 : 65535;
3968 : 65535;
3969 : 65535;
3970 : 65535;
3971 : 65535;
3972 : 65535;
3973 : 65535;
3974 : 65535;
3975 : 65535;
3976 : 65535;
3977 : 65535;
3978 : 65535;
3979 : 50712;
3980 : 11075;
3981 : 15717;
3982 : 15684;
3983 : 15652;
3984 : 15684;
3985 : 15652;
3986 : 13604;
3987 : 13604;
3988 : 13604;
3989 : 13572;
3990 : 13572;
3991 : 15620;
3992 : 15620;
3993 : 15620;
3994 : 15684;
3995 : 15332;
3996 : 19462;
3997 : 15652;
3998 : 13572;
3999 : 13572;
4000 : 15620;
4001 : 15620;
4002 : 13572;
4003 : 13572;
4004 : 15652;
4005 : 11011;
4006 : 10787;
4007 : 13059;
4008 : 13028;
4009 : 13028;
4010 : 13027;
4011 : 8643;
4012 : 12964;
4013 : 13028;
4014 : 8674;
4015 : 13124;
4016 : 15653;
4017 : 15652;
4018 : 15620;
4019 : 13572;
4020 : 13572;
4021 : 15620;
4022 : 13572;
4023 : 13604;
4024 : 15684;
4025 : 15652;
4026 : 15652;
4027 : 15684;
4028 : 15684;
4029 : 15684;
4030 : 13604;
4031 : 15620;
4032 : 17733;
4033 : 24040;
4034 : 30188;
4035 : 27883;
4036 : 30123;
4037 : 30251;
4038 : 30251;
4039 : 30251;
4040 : 30219;
4041 : 30219;
4042 : 30187;
4043 : 30187;
4044 : 30187;
4045 : 30187;
4046 : 30187;
4047 : 30187;
4048 : 30187;
4049 : 30187;
4050 : 30187;
4051 : 30187;
4052 : 30187;
4053 : 30188;
4054 : 30188;
4055 : 30188;
4056 : 30187;
4057 : 30187;
4058 : 30187;
4059 : 28138;
4060 : 26057;
4061 : 21895;
4062 : 15685;
4063 : 11171;
4064 : 19081;
4065 : 65503;
4066 : 65535;
4067 : 65535;
4068 : 65535;
4069 : 65535;
4070 : 63422;
4071 : 25419;
4072 : 8963;
4073 : 13379;
4074 : 13443;
4075 : 11075;
4076 : 48566;
4077 : 65535;
4078 : 65535;
4079 : 65535;
4080 : 65535;
4081 : 65535;
4082 : 65535;
4083 : 65535;
4084 : 65535;
4085 : 65535;
4086 : 65535;
4087 : 65535;
4088 : 65535;
4089 : 65535;
4090 : 65535;
4091 : 65535;
4092 : 65535;
4093 : 65535;
4094 : 65535;
4095 : 65535;
4096 : 65535;
4097 : 65535;
4098 : 65535;
4099 : 65535;
4100 : 65535;
4101 : 65535;
4102 : 65535;
4103 : 65535;
4104 : 65535;
4105 : 65535;
4106 : 65535;
4107 : 57051;
4108 : 13060;
4109 : 15684;
4110 : 15652;
4111 : 15652;
4112 : 15652;
4113 : 15652;
4114 : 15652;
4115 : 15652;
4116 : 13604;
4117 : 13604;
4118 : 13572;
4119 : 13572;
4120 : 13572;
4121 : 13572;
4122 : 15652;
4123 : 13445;
4124 : 15141;
4125 : 17733;
4126 : 13572;
4127 : 13572;
4128 : 13572;
4129 : 13572;
4130 : 13572;
4131 : 15620;
4132 : 15652;
4133 : 13316;
4134 : 8675;
4135 : 13060;
4136 : 13027;
4137 : 13027;
4138 : 12931;
4139 : 8675;
4140 : 12963;
4141 : 8611;
4142 : 13284;
4143 : 15685;
4144 : 13572;
4145 : 13572;
4146 : 13572;
4147 : 13572;
4148 : 13572;
4149 : 13572;
4150 : 13572;
4151 : 13604;
4152 : 15652;
4153 : 15652;
4154 : 15652;
4155 : 15684;
4156 : 15684;
4157 : 13604;
4158 : 13572;
4159 : 17733;
4160 : 26089;
4161 : 25834;
4162 : 19399;
4163 : 25897;
4164 : 30187;
4165 : 30187;
4166 : 30219;
4167 : 30219;
4168 : 30219;
4169 : 30219;
4170 : 30187;
4171 : 30187;
4172 : 30187;
4173 : 30187;
4174 : 30187;
4175 : 30187;
4176 : 30187;
4177 : 28138;
4178 : 28138;
4179 : 30187;
4180 : 30187;
4181 : 30188;
4182 : 30187;
4183 : 30187;
4184 : 28138;
4185 : 28138;
4186 : 28105;
4187 : 23976;
4188 : 19814;
4189 : 15685;
4190 : 13444;
4191 : 8644;
4192 : 57018;
4193 : 65535;
4194 : 65535;
4195 : 65535;
4196 : 65535;
4197 : 65535;
4198 : 65535;
4199 : 63390;
4200 : 23371;
4201 : 8994;
4202 : 13444;
4203 : 11106;
4204 : 46485;
4205 : 65535;
4206 : 65535;
4207 : 65535;
4208 : 65535;
4209 : 65535;
4210 : 65535;
4211 : 65535;
4212 : 65535;
4213 : 65535;
4214 : 65535;
4215 : 65535;
4216 : 65535;
4217 : 65535;
4218 : 65535;
4219 : 65535;
4220 : 65535;
4221 : 65535;
4222 : 65535;
4223 : 65535;
4224 : 65535;
4225 : 65535;
4226 : 65535;
4227 : 65535;
4228 : 65535;
4229 : 65535;
4230 : 65535;
4231 : 65535;
4232 : 65535;
4233 : 65535;
4234 : 65535;
4235 : 61310;
4236 : 17126;
4237 : 15652;
4238 : 13604;
4239 : 13604;
4240 : 15684;
4241 : 15684;
4242 : 15684;
4243 : 15684;
4244 : 15684;
4245 : 15684;
4246 : 13604;
4247 : 13604;
4248 : 13604;
4249 : 13572;
4250 : 13572;
4251 : 15621;
4252 : 13028;
4253 : 17606;
4254 : 13604;
4255 : 13604;
4256 : 13572;
4257 : 13572;
4258 : 15620;
4259 : 13572;
4260 : 13604;
4261 : 15524;
4262 : 8642;
4263 : 13028;
4264 : 13028;
4265 : 13028;
4266 : 10755;
4267 : 10819;
4268 : 6530;
4269 : 13316;
4270 : 15653;
4271 : 15620;
4272 : 13572;
4273 : 13572;
4274 : 13572;
4275 : 13572;
4276 : 13572;
4277 : 13572;
4278 : 13604;
4279 : 13604;
4280 : 15652;
4281 : 15684;
4282 : 15684;
4283 : 15684;
4284 : 15684;
4285 : 13604;
4286 : 15717;
4287 : 21799;
4288 : 17286;
4289 : 17349;
4290 : 23912;
4291 : 30219;
4292 : 30188;
4293 : 30187;
4294 : 30187;
4295 : 30187;
4296 : 30186;
4297 : 30187;
4298 : 30219;
4299 : 30187;
4300 : 30187;
4301 : 30187;
4302 : 28138;
4303 : 26057;
4304 : 23976;
4305 : 23976;
4306 : 26057;
4307 : 28138;
4308 : 30187;
4309 : 28138;
4310 : 28138;
4311 : 26057;
4312 : 26057;
4313 : 23976;
4314 : 21895;
4315 : 17734;
4316 : 15620;
4317 : 15621;
4318 : 10820;
4319 : 48599;
4320 : 65535;
4321 : 65535;
4322 : 65535;
4323 : 65535;
4324 : 65535;
4325 : 65535;
4326 : 65535;
4327 : 65535;
4328 : 63357;
4329 : 21193;
4330 : 8898;
4331 : 11074;
4332 : 42292;
4333 : 65535;
4334 : 65535;
4335 : 65535;
4336 : 65535;
4337 : 65535;
4338 : 65535;
4339 : 65535;
4340 : 65535;
4341 : 65535;
4342 : 65535;
4343 : 65535;
4344 : 65535;
4345 : 65535;
4346 : 65535;
4347 : 65535;
4348 : 65535;
4349 : 65535;
4350 : 65535;
4351 : 65535;
4352 : 65535;
4353 : 65535;
4354 : 65535;
4355 : 65535;
4356 : 65535;
4357 : 65535;
4358 : 65535;
4359 : 65535;
4360 : 65535;
4361 : 65535;
4362 : 65535;
4363 : 65535;
4364 : 23435;
4365 : 13476;
4366 : 13604;
4367 : 13604;
4368 : 13604;
4369 : 15684;
4370 : 15684;
4371 : 15684;
4372 : 15684;
4373 : 15684;
4374 : 15684;
4375 : 15652;
4376 : 13604;
4377 : 13572;
4378 : 15620;
4379 : 15685;
4380 : 13220;
4381 : 15301;
4382 : 15684;
4383 : 15620;
4384 : 13572;
4385 : 13572;
4386 : 13572;
4387 : 13572;
4388 : 13572;
4389 : 15588;
4390 : 8706;
4391 : 12996;
4392 : 13028;
4393 : 10883;
4394 : 6466;
4395 : 6530;
4396 : 13348;
4397 : 15685;
4398 : 15620;
4399 : 15620;
4400 : 13572;
4401 : 13572;
4402 : 13572;
4403 : 13572;
4404 : 13572;
4405 : 13572;
4406 : 13604;
4407 : 13604;
4408 : 13604;
4409 : 15652;
4410 : 15652;
4411 : 15652;
4412 : 15684;
4413 : 15685;
4414 : 15333;
4415 : 13060;
4416 : 17574;
4417 : 26121;
4418 : 30219;
4419 : 30187;
4420 : 28139;
4421 : 26057;
4422 : 26024;
4423 : 26056;
4424 : 28137;
4425 : 30218;
4426 : 30219;
4427 : 30187;
4428 : 26057;
4429 : 23975;
4430 : 19814;
4431 : 17733;
4432 : 17765;
4433 : 21927;
4434 : 26056;
4435 : 26057;
4436 : 26057;
4437 : 23976;
4438 : 21927;
4439 : 21895;
4440 : 19847;
4441 : 17766;
4442 : 15652;
4443 : 13604;
4444 : 15653;
4445 : 8770;
4446 : 18985;
4447 : 52825;
4448 : 52857;
4449 : 52825;
4450 : 54970;
4451 : 59196;
4452 : 65471;
4453 : 65535;
4454 : 65535;
4455 : 65535;
4456 : 65535;
4457 : 63390;
4458 : 25387;
4459 : 4480;
4460 : 33839;
4461 : 65535;
4462 : 65535;
4463 : 65535;
4464 : 65535;
4465 : 65535;
4466 : 65535;
4467 : 65535;
4468 : 65535;
4469 : 65535;
4470 : 65535;
4471 : 65535;
4472 : 65535;
4473 : 65535;
4474 : 65535;
4475 : 65535;
4476 : 65535;
4477 : 65535;
4478 : 65535;
4479 : 65535;
4480 : 65535;
4481 : 65535;
4482 : 65535;
4483 : 65535;
4484 : 65535;
4485 : 65535;
4486 : 65535;
4487 : 65535;
4488 : 65535;
4489 : 65535;
4490 : 65535;
4491 : 65535;
4492 : 33839;
4493 : 11235;
4494 : 13636;
4495 : 13604;
4496 : 13604;
4497 : 13604;
4498 : 15652;
4499 : 15684;
4500 : 15684;
4501 : 15684;
4502 : 15684;
4503 : 13604;
4504 : 13604;
4505 : 13572;
4506 : 13572;
4507 : 15620;
4508 : 15492;
4509 : 10948;
4510 : 15653;
4511 : 13604;
4512 : 13572;
4513 : 13572;
4514 : 13572;
4515 : 13572;
4516 : 13572;
4517 : 15653;
4518 : 8803;
4519 : 10851;
4520 : 13091;
4521 : 8578;
4522 : 4321;
4523 : 15429;
4524 : 15685;
4525 : 13604;
4526 : 13572;
4527 : 13572;
4528 : 13572;
4529 : 13572;
4530 : 13572;
4531 : 13572;
4532 : 13572;
4533 : 13572;
4534 : 13604;
4535 : 13604;
4536 : 13604;
4537 : 15652;
4538 : 13604;
4539 : 15685;
4540 : 15525;
4541 : 10980;
4542 : 13188;
4543 : 19846;
4544 : 26121;
4545 : 28169;
4546 : 26089;
4547 : 24008;
4548 : 19846;
4549 : 17733;
4550 : 17765;
4551 : 21959;
4552 : 28169;
4553 : 28170;
4554 : 26089;
4555 : 21959;
4556 : 17765;
4557 : 15652;
4558 : 15652;
4559 : 15652;
4560 : 17765;
4561 : 19846;
4562 : 19846;
4563 : 19814;
4564 : 19814;
4565 : 17733;
4566 : 15685;
4567 : 15653;
4568 : 15652;
4569 : 13604;
4570 : 13572;
4571 : 15685;
4572 : 13156;
4573 : 4353;
4574 : 8643;
4575 : 8675;
4576 : 8675;
4577 : 8643;
4578 : 8643;
4579 : 10724;
4580 : 14919;
4581 : 21193;
4582 : 29646;
4583 : 42292;
4584 : 52825;
4585 : 61309;
4586 : 65471;
4587 : 31694;
4588 : 44404;
4589 : 65535;
4590 : 65535;
4591 : 65535;
4592 : 65535;
4593 : 65535;
4594 : 65535;
4595 : 65535;
4596 : 65535;
4597 : 65535;
4598 : 65535;
4599 : 65535;
4600 : 65535;
4601 : 65535;
4602 : 65535;
4603 : 65535;
4604 : 65535;
4605 : 65535;
4606 : 65535;
4607 : 65535;
4608 : 65535;
4609 : 65535;
4610 : 65535;
4611 : 65535;
4612 : 65535;
4613 : 65535;
4614 : 65535;
4615 : 65535;
4616 : 65535;
4617 : 65535;
4618 : 65535;
4619 : 65535;
4620 : 50679;
4621 : 10979;
4622 : 15652;
4623 : 13572;
4624 : 13572;
4625 : 13572;
4626 : 13604;
4627 : 13604;
4628 : 15652;
4629 : 15652;
4630 : 13604;
4631 : 13604;
4632 : 13572;
4633 : 13572;
4634 : 13572;
4635 : 15620;
4636 : 15653;
4637 : 10915;
4638 : 15525;
4639 : 13604;
4640 : 13572;
4641 : 13572;
4642 : 13572;
4643 : 13572;
4644 : 13572;
4645 : 15684;
4646 : 10979;
4647 : 10851;
4648 : 12995;
4649 : 4353;
4650 : 13317;
4651 : 15685;
4652 : 13604;
4653 : 13604;
4654 : 13604;
4655 : 13572;
4656 : 13572;
4657 : 13572;
4658 : 13572;
4659 : 13572;
4660 : 13572;
4661 : 15620;
4662 : 13572;
4663 : 13604;
4664 : 13604;
4665 : 15685;
4666 : 15685;
4667 : 13220;
4668 : 10980;
4669 : 15525;
4670 : 17797;
4671 : 19878;
4672 : 21926;
4673 : 19878;
4674 : 17765;
4675 : 15684;
4676 : 13604;
4677 : 13604;
4678 : 15717;
4679 : 21959;
4680 : 24007;
4681 : 21927;
4682 : 17797;
4683 : 15716;
4684 : 15684;
4685 : 13604;
4686 : 13604;
4687 : 15652;
4688 : 15684;
4689 : 15652;
4690 : 15652;
4691 : 15620;
4692 : 15620;
4693 : 13604;
4694 : 13572;
4695 : 13572;
4696 : 13604;
4697 : 15685;
4698 : 15717;
4699 : 13348;
4700 : 6530;
4701 : 12995;
4702 : 13060;
4703 : 13060;
4704 : 13028;
4705 : 13027;
4706 : 13027;
4707 : 13027;
4708 : 10947;
4709 : 10883;
4710 : 8803;
4711 : 8739;
4712 : 8675;
4713 : 12837;
4714 : 19112;
4715 : 31758;
4716 : 42260;
4717 : 52857;
4718 : 61277;
4719 : 65535;
4720 : 65535;
4721 : 65535;
4722 : 65535;
4723 : 65535;
4724 : 65535;
4725 : 65535;
4726 : 65535;
4727 : 65535;
4728 : 65535;
4729 : 65535;
4730 : 65535;
4731 : 65535;
4732 : 65535;
4733 : 65535;
4734 : 65535;
4735 : 65535;
4736 : 65535;
4737 : 65535;
4738 : 65535;
4739 : 65535;
4740 : 65535;
4741 : 65535;
4742 : 65535;
4743 : 65535;
4744 : 65535;
4745 : 65535;
4746 : 65535;
4747 : 65535;
4748 : 63390;
4749 : 17031;
4750 : 13476;
4751 : 13572;
4752 : 13572;
4753 : 13572;
4754 : 13572;
4755 : 13604;
4756 : 13604;
4757 : 13572;
4758 : 13604;
4759 : 13572;
4760 : 13572;
4761 : 13572;
4762 : 13572;
4763 : 13572;
4764 : 15652;
4765 : 11107;
4766 : 13155;
4767 : 15652;
4768 : 13572;
4769 : 13572;
4770 : 13572;
4771 : 13572;
4772 : 15620;
4773 : 15652;
4774 : 11043;
4775 : 10819;
4776 : 6530;
4777 : 13188;
4778 : 15685;
4779 : 13604;
4780 : 13604;
4781 : 13604;
4782 : 13604;
4783 : 13604;
4784 : 13604;
4785 : 13572;
4786 : 13572;
4787 : 13572;
4788 : 13572;
4789 : 15620;
4790 : 13572;
4791 : 13604;
4792 : 15717;
4793 : 15557;
4794 : 10979;
4795 : 13220;
4796 : 15685;
4797 : 15717;
4798 : 15684;
4799 : 15684;
4800 : 15684;
4801 : 15684;
4802 : 15652;
4803 : 15652;
4804 : 13604;
4805 : 15684;
4806 : 15749;
4807 : 17797;
4808 : 17765;
4809 : 15684;
4810 : 13636;
4811 : 15684;
4812 : 15684;
4813 : 15652;
4814 : 13604;
4815 : 13572;
4816 : 13572;
4817 : 13572;
4818 : 13572;
4819 : 13572;
4820 : 13572;
4821 : 13572;
4822 : 13572;
4823 : 13572;
4824 : 13604;
4825 : 15717;
4826 : 13380;
4827 : 6530;
4828 : 10915;
4829 : 13060;
4830 : 13028;
4831 : 13028;
4832 : 13028;
4833 : 13028;
4834 : 13027;
4835 : 13027;
4836 : 13027;
4837 : 13027;
4838 : 13028;
4839 : 13028;
4840 : 13060;
4841 : 13027;
4842 : 10979;
4843 : 8962;
4844 : 8898;
4845 : 10948;
4846 : 15013;
4847 : 23338;
4848 : 38098;
4849 : 52825;
4850 : 63390;
4851 : 65535;
4852 : 65535;
4853 : 65535;
4854 : 65535;
4855 : 65535;
4856 : 65535;
4857 : 65535;
4858 : 65535;
4859 : 65535;
4860 : 65535;
4861 : 65535;
4862 : 65535;
4863 : 65535;
4864 : 65535;
4865 : 65535;
4866 : 65535;
4867 : 65535;
4868 : 65535;
4869 : 65535;
4870 : 65535;
4871 : 65535;
4872 : 65535;
4873 : 65535;
4874 : 65535;
4875 : 65535;
4876 : 65535;
4877 : 35952;
4878 : 11203;
4879 : 15652;
4880 : 13572;
4881 : 13572;
4882 : 13572;
4883 : 13572;
4884 : 13572;
4885 : 13572;
4886 : 13572;
4887 : 13572;
4888 : 15620;
4889 : 15620;
4890 : 13572;
4891 : 13572;
4892 : 13604;
4893 : 15461;
4894 : 10915;
4895 : 15652;
4896 : 13572;
4897 : 13572;
4898 : 13572;
4899 : 13540;
4900 : 13508;
4901 : 13540;
4902 : 11043;
4903 : 4257;
4904 : 12964;
4905 : 17765;
4906 : 15652;
4907 : 15652;
4908 : 15652;
4909 : 13604;
4910 : 13604;
4911 : 13604;
4912 : 13604;
4913 : 13604;
4914 : 13572;
4915 : 13572;
4916 : 13604;
4917 : 13604;
4918 : 15684;
4919 : 15717;
4920 : 13348;
4921 : 10980;
4922 : 15461;
4923 : 15685;
4924 : 15684;
4925 : 15684;
4926 : 15652;
4927 : 15684;
4928 : 15684;
4929 : 15684;
4930 : 15684;
4931 : 15684;
4932 : 15652;
4933 : 15684;
4934 : 15684;
4935 : 15684;
4936 : 15684;
4937 : 15684;
4938 : 15684;
4939 : 15652;
4940 : 15652;
4941 : 15652;
4942 : 15652;
4943 : 13604;
4944 : 13572;
4945 : 13572;
4946 : 13572;
4947 : 13572;
4948 : 13572;
4949 : 13572;
4950 : 13572;
4951 : 13604;
4952 : 15717;
4953 : 13316;
4954 : 6498;
4955 : 10884;
4956 : 13092;
4957 : 13060;
4958 : 13060;
4959 : 13028;
4960 : 13028;
4961 : 13028;
4962 : 13028;
4963 : 13028;
4964 : 13027;
4965 : 13028;
4966 : 13027;
4967 : 13028;
4968 : 13028;
4969 : 13028;
4970 : 13123;
4971 : 11203;
4972 : 13379;
4973 : 13411;
4974 : 13379;
4975 : 11267;
4976 : 11139;
4977 : 11011;
4978 : 17159;
4979 : 33871;
4980 : 46486;
4981 : 57051;
4982 : 65535;
4983 : 65535;
4984 : 65535;
4985 : 65535;
4986 : 65535;
4987 : 65535;
4988 : 65535;
4989 : 65535;
4990 : 65535;
4991 : 65535;
4992 : 65535;
4993 : 65535;
4994 : 65535;
4995 : 65535;
4996 : 65535;
4997 : 65535;
4998 : 65535;
4999 : 65535;
5000 : 65535;
5001 : 65535;
5002 : 65535;
5003 : 65535;
5004 : 65535;
5005 : 54905;
5006 : 10883;
5007 : 15652;
5008 : 13572;
5009 : 13572;
5010 : 13572;
5011 : 13572;
5012 : 13572;
5013 : 13572;
5014 : 13572;
5015 : 13572;
5016 : 15620;
5017 : 15620;
5018 : 13572;
5019 : 13572;
5020 : 13572;
5021 : 15621;
5022 : 10883;
5023 : 15557;
5024 : 13604;
5025 : 13572;
5026 : 13572;
5027 : 13508;
5028 : 13412;
5029 : 13444;
5030 : 11043;
5031 : 4386;
5032 : 19750;
5033 : 15684;
5034 : 15684;
5035 : 15684;
5036 : 15684;
5037 : 15684;
5038 : 15652;
5039 : 15684;
5040 : 15684;
5041 : 15652;
5042 : 15652;
5043 : 13604;
5044 : 15652;
5045 : 15684;
5046 : 15653;
5047 : 13156;
5048 : 11076;
5049 : 15653;
5050 : 15717;
5051 : 15652;
5052 : 15684;
5053 : 15684;
5054 : 15684;
5055 : 15684;
5056 : 15684;
5057 : 15684;
5058 : 15684;
5059 : 15684;
5060 : 15684;
5061 : 15684;
5062 : 15684;
5063 : 15684;
5064 : 15684;
5065 : 15684;
5066 : 15652;
5067 : 15652;
5068 : 15652;
5069 : 15684;
5070 : 15684;
5071 : 13604;
5072 : 13572;
5073 : 13572;
5074 : 13572;
5075 : 13572;
5076 : 15620;
5077 : 13572;
5078 : 13604;
5079 : 15685;
5080 : 13188;
5081 : 6498;
5082 : 12995;
5083 : 13091;
5084 : 13059;
5085 : 13059;
5086 : 13059;
5087 : 13060;
5088 : 13059;
5089 : 13059;
5090 : 13059;
5091 : 13059;
5092 : 13059;
5093 : 13059;
5094 : 13060;
5095 : 13060;
5096 : 13060;
5097 : 13028;
5098 : 13124;
5099 : 13251;
5100 : 13379;
5101 : 13379;
5102 : 13379;
5103 : 13379;
5104 : 13411;
5105 : 13444;
5106 : 13411;
5107 : 11203;
5108 : 8866;
5109 : 12868;
5110 : 31726;
5111 : 50712;
5112 : 63422;
5113 : 65535;
5114 : 65535;
5115 : 65535;
5116 : 65535;
5117 : 65535;
5118 : 65535;
5119 : 65535;
5120 : 65535;
5121 : 65535;
5122 : 65535;
5123 : 65535;
5124 : 65535;
5125 : 65535;
5126 : 65535;
5127 : 65535;
5128 : 65535;
5129 : 65535;
5130 : 65535;
5131 : 65535;
5132 : 65535;
5133 : 65535;
5134 : 23306;
5135 : 13347;
5136 : 15652;
5137 : 13572;
5138 : 13572;
5139 : 13572;
5140 : 13572;
5141 : 13572;
5142 : 13572;
5143 : 13572;
5144 : 13572;
5145 : 13572;
5146 : 13572;
5147 : 13572;
5148 : 13572;
5149 : 15685;
5150 : 11011;
5151 : 13316;
5152 : 15684;
5153 : 13604;
5154 : 15652;
5155 : 13476;
5156 : 13411;
5157 : 15524;
5158 : 8803;
5159 : 13220;
5160 : 15717;
5161 : 13636;
5162 : 15684;
5163 : 15684;
5164 : 15652;
5165 : 13604;
5166 : 15652;
5167 : 15684;
5168 : 15684;
5169 : 15652;
5170 : 15652;
5171 : 15620;
5172 : 15620;
5173 : 15524;
5174 : 10980;
5175 : 13252;
5176 : 15685;
5177 : 15684;
5178 : 13604;
5179 : 15684;
5180 : 15684;
5181 : 15684;
5182 : 15652;
5183 : 15684;
5184 : 15684;
5185 : 15684;
5186 : 15684;
5187 : 15684;
5188 : 15652;
5189 : 15652;
5190 : 15652;
5191 : 15684;
5192 : 15684;
5193 : 15684;
5194 : 15684;
5195 : 15684;
5196 : 15684;
5197 : 15684;
5198 : 15684;
5199 : 13604;
5200 : 13572;
5201 : 15620;
5202 : 15620;
5203 : 13572;
5204 : 15620;
5205 : 15652;
5206 : 15653;
5207 : 10947;
5208 : 6562;
5209 : 13028;
5210 : 13092;
5211 : 13060;
5212 : 13092;
5213 : 13092;
5214 : 13092;
5215 : 13092;
5216 : 13060;
5217 : 13060;
5218 : 13028;
5219 : 13028;
5220 : 13028;
5221 : 13060;
5222 : 13028;
5223 : 13028;
5224 : 13060;
5225 : 13028;
5226 : 13123;
5227 : 13251;
5228 : 13380;
5229 : 13380;
5230 : 13412;
5231 : 13412;
5232 : 13412;
5233 : 13412;
5234 : 13444;
5235 : 13476;
5236 : 13476;
5237 : 13444;
5238 : 11235;
5239 : 10979;
5240 : 14950;
5241 : 38066;
5242 : 61277;
5243 : 65535;
5244 : 65535;
5245 : 65535;
5246 : 65535;
5247 : 65535;
5248 : 65535;
5249 : 65535;
5250 : 65535;
5251 : 65535;
5252 : 65535;
5253 : 65535;
5254 : 65535;
5255 : 65535;
5256 : 65535;
5257 : 65535;
5258 : 65535;
5259 : 65535;
5260 : 65535;
5261 : 65535;
5262 : 54906;
5263 : 10852;
5264 : 15620;
5265 : 13572;
5266 : 13572;
5267 : 13572;
5268 : 13572;
5269 : 13572;
5270 : 13540;
5271 : 13540;
5272 : 13572;
5273 : 13572;
5274 : 13572;
5275 : 13572;
5276 : 13572;
5277 : 15652;
5278 : 13284;
5279 : 13124;
5280 : 15717;
5281 : 15652;
5282 : 13572;
5283 : 13444;
5284 : 13443;
5285 : 13316;
5286 : 6626;
5287 : 15621;
5288 : 13604;
5289 : 13604;
5290 : 13604;
5291 : 13604;
5292 : 13604;
5293 : 13604;
5294 : 13604;
5295 : 13604;
5296 : 15652;
5297 : 13572;
5298 : 13508;
5299 : 15524;
5300 : 13220;
5301 : 8771;
5302 : 15396;
5303 : 15685;
5304 : 15620;
5305 : 13604;
5306 : 13572;
5307 : 13604;
5308 : 15652;
5309 : 15652;
5310 : 15652;
5311 : 15652;
5312 : 15652;
5313 : 15652;
5314 : 13604;
5315 : 13604;
5316 : 13604;
5317 : 13572;
5318 : 13604;
5319 : 15652;
5320 : 15684;
5321 : 15684;
5322 : 15684;
5323 : 15684;
5324 : 15684;
5325 : 15684;
5326 : 15684;
5327 : 13604;
5328 : 13572;
5329 : 13572;
5330 : 15620;
5331 : 13572;
5332 : 13604;
5333 : 15653;
5334 : 10915;
5335 : 8578;
5336 : 13060;
5337 : 13027;
5338 : 12995;
5339 : 10883;
5340 : 10851;
5341 : 10787;
5342 : 8707;
5343 : 8610;
5344 : 6530;
5345 : 6498;
5346 : 6530;
5347 : 6530;
5348 : 6530;
5349 : 8610;
5350 : 8642;
5351 : 8643;
5352 : 8643;
5353 : 8642;
5354 : 8706;
5355 : 10819;
5356 : 10883;
5357 : 10947;
5358 : 10947;
5359 : 8835;
5360 : 10947;
5361 : 10979;
5362 : 11075;
5363 : 13156;
5364 : 13220;
5365 : 13284;
5366 : 13444;
5367 : 13476;
5368 : 13379;
5369 : 11075;
5370 : 15045;
5371 : 25452;
5372 : 50712;
5373 : 65503;
5374 : 65535;
5375 : 65535;
5376 : 65535;
5377 : 65535;
5378 : 65535;
5379 : 65535;
5380 : 65535;
5381 : 65535;
5382 : 65535;
5383 : 65535;
5384 : 65535;
5385 : 65535;
5386 : 65535;
5387 : 65535;
5388 : 65535;
5389 : 65535;
5390 : 65535;
5391 : 33872;
5392 : 11075;
5393 : 15685;
5394 : 13604;
5395 : 13604;
5396 : 13604;
5397 : 13540;
5398 : 13444;
5399 : 13444;
5400 : 13508;
5401 : 13572;
5402 : 13572;
5403 : 13572;
5404 : 15620;
5405 : 15652;
5406 : 15525;
5407 : 10947;
5408 : 15653;
5409 : 13572;
5410 : 13476;
5411 : 13411;
5412 : 15523;
5413 : 10947;
5414 : 11044;
5415 : 15685;
5416 : 13572;
5417 : 13572;
5418 : 13572;
5419 : 13572;
5420 : 13572;
5421 : 13572;
5422 : 13572;
5423 : 13572;
5424 : 13508;
5425 : 13412;
5426 : 13444;
5427 : 11076;
5428 : 8771;
5429 : 15460;
5430 : 15652;
5431 : 13572;
5432 : 13572;
5433 : 13572;
5434 : 13572;
5435 : 13572;
5436 : 13572;
5437 : 13604;
5438 : 13604;
5439 : 13604;
5440 : 13604;
5441 : 13604;
5442 : 13604;
5443 : 13572;
5444 : 13572;
5445 : 13572;
5446 : 13604;
5447 : 13604;
5448 : 15684;
5449 : 15684;
5450 : 15684;
5451 : 15684;
5452 : 15684;
5453 : 15684;
5454 : 15684;
5455 : 13604;
5456 : 13572;
5457 : 15620;
5458 : 15652;
5459 : 15685;
5460 : 15525;
5461 : 8771;
5462 : 8514;
5463 : 10755;
5464 : 10723;
5465 : 10723;
5466 : 8675;
5467 : 10755;
5468 : 10787;
5469 : 10819;
5470 : 10851;
5471 : 10883;
5472 : 12996;
5473 : 12996;
5474 : 13028;
5475 : 13060;
5476 : 13028;
5477 : 13028;
5478 : 13028;
5479 : 13060;
5480 : 13028;
5481 : 13028;
5482 : 13027;
5483 : 13092;
5484 : 13187;
5485 : 13283;
5486 : 13316;
5487 : 13252;
5488 : 13251;
5489 : 13251;
5490 : 13284;
5491 : 13284;
5492 : 13284;
5493 : 13316;
5494 : 13412;
5495 : 13444;
5496 : 13444;
5497 : 13444;
5498 : 13443;
5499 : 13283;
5500 : 8739;
5501 : 12710;
5502 : 44372;
5503 : 65535;
5504 : 65535;
5505 : 65535;
5506 : 65535;
5507 : 65535;
5508 : 65535;
5509 : 65535;
5510 : 65535;
5511 : 65535;
5512 : 65535;
5513 : 65535;
5514 : 65535;
5515 : 65535;
5516 : 65535;
5517 : 65535;
5518 : 65535;
5519 : 65470;
5520 : 21225;
5521 : 11235;
5522 : 15653;
5523 : 15652;
5524 : 13604;
5525 : 13540;
5526 : 13412;
5527 : 13379;
5528 : 13411;
5529 : 13508;
5530 : 13572;
5531 : 13604;
5532 : 13572;
5533 : 13540;
5534 : 15588;
5535 : 10947;
5536 : 15461;
5537 : 13444;
5538 : 13411;
5539 : 13411;
5540 : 13412;
5541 : 6562;
5542 : 13413;
5543 : 15620;
5544 : 13476;
5545 : 13508;
5546 : 13540;
5547 : 13540;
5548 : 13540;
5549 : 13572;
5550 : 13508;
5551 : 13444;
5552 : 13379;
5553 : 13412;
5554 : 13092;
5555 : 10916;
5556 : 15493;
5557 : 15588;
5558 : 13572;
5559 : 15620;
5560 : 13572;
5561 : 13572;
5562 : 13572;
5563 : 13572;
5564 : 13572;
5565 : 13572;
5566 : 13572;
5567 : 13572;
5568 : 13604;
5569 : 13572;
5570 : 13572;
5571 : 15620;
5572 : 13572;
5573 : 13572;
5574 : 13604;
5575 : 13604;
5576 : 13604;
5577 : 15684;
5578 : 15684;
5579 : 15684;
5580 : 15684;
5581 : 15684;
5582 : 15684;
5583 : 13604;
5584 : 13572;
5585 : 15652;
5586 : 15621;
5587 : 11108;
5588 : 8642;
5589 : 8643;
5590 : 10851;
5591 : 12995;
5592 : 13060;
5593 : 13060;
5594 : 13091;
5595 : 13092;
5596 : 13092;
5597 : 13092;
5598 : 13092;
5599 : 13060;
5600 : 13060;
5601 : 13060;
5602 : 13060;
5603 : 13060;
5604 : 13060;
5605 : 13060;
5606 : 13060;
5607 : 13060;
5608 : 13060;
5609 : 13060;
5610 : 13059;
5611 : 13091;
5612 : 13187;
5613 : 13315;
5614 : 13411;
5615 : 13412;
5616 : 13443;
5617 : 13443;
5618 : 13444;
5619 : 13443;
5620 : 13444;
5621 : 13444;
5622 : 13443;
5623 : 13444;
5624 : 13476;
5625 : 13411;
5626 : 11203;
5627 : 8834;
5628 : 12837;
5629 : 29614;
5630 : 54938;
5631 : 65535;
5632 : 65535;
5633 : 65535;
5634 : 65535;
5635 : 65535;
5636 : 65535;
5637 : 65535;
5638 : 65535;
5639 : 65535;
5640 : 65535;
5641 : 65535;
5642 : 65535;
5643 : 65535;
5644 : 65535;
5645 : 65535;
5646 : 65535;
5647 : 65535;
5648 : 57051;
5649 : 12869;
5650 : 13412;
5651 : 13572;
5652 : 13604;
5653 : 13508;
5654 : 13379;
5655 : 13379;
5656 : 13379;
5657 : 13412;
5658 : 13540;
5659 : 13604;
5660 : 13572;
5661 : 13444;
5662 : 13444;
5663 : 13092;
5664 : 11108;
5665 : 13412;
5666 : 13411;
5667 : 13443;
5668 : 11108;
5669 : 8707;
5670 : 15621;
5671 : 13444;
5672 : 13380;
5673 : 13412;
5674 : 13411;
5675 : 13443;
5676 : 13444;
5677 : 13444;
5678 : 13411;
5679 : 13411;
5680 : 15492;
5681 : 10980;
5682 : 13092;
5683 : 15492;
5684 : 13444;
5685 : 13540;
5686 : 13572;
5687 : 15620;
5688 : 13572;
5689 : 13572;
5690 : 13572;
5691 : 13572;
5692 : 13572;
5693 : 13572;
5694 : 13572;
5695 : 13572;
5696 : 13572;
5697 : 13572;
5698 : 13572;
5699 : 15620;
5700 : 13572;
5701 : 13572;
5702 : 13604;
5703 : 13604;
5704 : 13604;
5705 : 13604;
5706 : 15652;
5707 : 15684;
5708 : 15684;
5709 : 15684;
5710 : 15684;
5711 : 15684;
5712 : 15685;
5713 : 15460;
5714 : 8739;
5715 : 8611;
5716 : 12996;
5717 : 13060;
5718 : 13092;
5719 : 13060;
5720 : 13060;
5721 : 13059;
5722 : 13059;
5723 : 13060;
5724 : 13060;
5725 : 13060;
5726 : 13059;
5727 : 13059;
5728 : 13060;
5729 : 13059;
5730 : 13060;
5731 : 13060;
5732 : 13060;
5733 : 13060;
5734 : 13060;
5735 : 13060;
5736 : 13060;
5737 : 13060;
5738 : 13060;
5739 : 13060;
5740 : 13092;
5741 : 13187;
5742 : 13283;
5743 : 13379;
5744 : 13411;
5745 : 13443;
5746 : 13443;
5747 : 13411;
5748 : 13444;
5749 : 13443;
5750 : 13444;
5751 : 11171;
5752 : 8866;
5753 : 12868;
5754 : 23306;
5755 : 42260;
5756 : 61309;
5757 : 65535;
5758 : 65535;
5759 : 65535;
5760 : 65535;
5761 : 65535;
5762 : 65535;
5763 : 65535;
5764 : 65535;
5765 : 65535;
5766 : 65535;
5767 : 65535;
5768 : 65535;
5769 : 65535;
5770 : 65535;
5771 : 65535;
5772 : 65535;
5773 : 65535;
5774 : 65535;
5775 : 65535;
5776 : 65535;
5777 : 46485;
5778 : 8706;
5779 : 13412;
5780 : 13508;
5781 : 13444;
5782 : 13379;
5783 : 13380;
5784 : 13379;
5785 : 13380;
5786 : 13411;
5787 : 13508;
5788 : 13508;
5789 : 13411;
5790 : 13411;
5791 : 13252;
5792 : 10947;
5793 : 13412;
5794 : 13379;
5795 : 13444;
5796 : 8739;
5797 : 11075;
5798 : 13508;
5799 : 13379;
5800 : 13379;
5801 : 13379;
5802 : 13379;
5803 : 13379;
5804 : 13379;
5805 : 13379;
5806 : 13411;
5807 : 13380;
5808 : 10915;
5809 : 13156;
5810 : 13444;
5811 : 13379;
5812 : 13476;
5813 : 13572;
5814 : 13572;
5815 : 13572;
5816 : 13572;
5817 : 13572;
5818 : 13572;
5819 : 13572;
5820 : 13572;
5821 : 13572;
5822 : 13572;
5823 : 13572;
5824 : 13572;
5825 : 13572;
5826 : 15620;
5827 : 13572;
5828 : 13572;
5829 : 13572;
5830 : 13572;
5831 : 13604;
5832 : 13604;
5833 : 13604;
5834 : 13604;
5835 : 15652;
5836 : 15684;
5837 : 15684;
5838 : 15717;
5839 : 15557;
5840 : 8867;
5841 : 6530;
5842 : 10851;
5843 : 13060;
5844 : 13060;
5845 : 13060;
5846 : 13060;
5847 : 13060;
5848 : 13060;
5849 : 13059;
5850 : 13059;
5851 : 13060;
5852 : 13059;
5853 : 13060;
5854 : 13060;
5855 : 13060;
5856 : 13060;
5857 : 13060;
5858 : 13059;
5859 : 13060;
5860 : 13060;
5861 : 13060;
5862 : 13060;
5863 : 13060;
5864 : 13060;
5865 : 13060;
5866 : 13060;
5867 : 13060;
5868 : 13060;
5869 : 13060;
5870 : 13123;
5871 : 13251;
5872 : 13347;
5873 : 13411;
5874 : 13443;
5875 : 13443;
5876 : 11267;
5877 : 11043;
5878 : 12933;
5879 : 27532;
5880 : 46486;
5881 : 59196;
5882 : 65535;
5883 : 65535;
5884 : 65535;
5885 : 65535;
5886 : 65535;
5887 : 65535;
5888 : 65535;
5889 : 65535;
5890 : 65535;
5891 : 65535;
5892 : 65535;
5893 : 65535;
5894 : 65535;
5895 : 65535;
5896 : 65535;
5897 : 65535;
5898 : 65535;
5899 : 65535;
5900 : 65535;
5901 : 65535;
5902 : 65535;
5903 : 65535;
5904 : 65535;
5905 : 65535;
5906 : 44373;
5907 : 8707;
5908 : 13380;
5909 : 13444;
5910 : 13380;
5911 : 13379;
5912 : 13379;
5913 : 13379;
5914 : 13379;
5915 : 13379;
5916 : 13412;
5917 : 13379;
5918 : 13411;
5919 : 13348;
5920 : 10883;
5921 : 13380;
5922 : 13379;
5923 : 13348;
5924 : 6562;
5925 : 15428;
5926 : 13411;
5927 : 13379;
5928 : 13347;
5929 : 13379;
5930 : 13379;
5931 : 13379;
5932 : 13379;
5933 : 13411;
5934 : 13348;
5935 : 8739;
5936 : 13187;
5937 : 13443;
5938 : 13379;
5939 : 13412;
5940 : 13444;
5941 : 13476;
5942 : 13508;
5943 : 13540;
5944 : 13572;
5945 : 13572;
5946 : 13572;
5947 : 13572;
5948 : 13572;
5949 : 13572;
5950 : 13572;
5951 : 13572;
5952 : 13572;
5953 : 13572;
5954 : 13572;
5955 : 13572;
5956 : 13572;
5957 : 13572;
5958 : 13572;
5959 : 13572;
5960 : 13572;
5961 : 13572;
5962 : 13604;
5963 : 13604;
5964 : 15685;
5965 : 15653;
5966 : 11108;
5967 : 4354;
5968 : 8578;
5969 : 12932;
5970 : 10884;
5971 : 10819;
5972 : 10819;
5973 : 10851;
5974 : 10851;
5975 : 10883;
5976 : 12964;
5977 : 12995;
5978 : 13027;
5979 : 13028;
5980 : 13028;
5981 : 13028;
5982 : 13028;
5983 : 13060;
5984 : 13060;
5985 : 13060;
5986 : 13060;
5987 : 13060;
5988 : 13060;
5989 : 13060;
5990 : 13060;
5991 : 13059;
5992 : 13060;
5993 : 13060;
5994 : 13060;
5995 : 13060;
5996 : 13060;
5997 : 13060;
5998 : 13059;
5999 : 13092;
6000 : 13187;
6001 : 11138;
6002 : 11043;
6003 : 12997;
6004 : 27596;
6005 : 46518;
6006 : 61245;
6007 : 65535;
6008 : 65535;
6009 : 65535;
6010 : 65535;
6011 : 65535;
6012 : 65535;
6013 : 65535;
6014 : 65535;
6015 : 65535;
6016 : 65535;
6017 : 65535;
6018 : 65535;
6019 : 65535;
6020 : 65535;
6021 : 65535;
6022 : 65535;
6023 : 65535;
6024 : 65535;
6025 : 65535;
6026 : 65535;
6027 : 65535;
6028 : 65535;
6029 : 65535;
6030 : 65535;
6031 : 65535;
6032 : 65535;
6033 : 65535;
6034 : 65535;
6035 : 42260;
6036 : 10788;
6037 : 13379;
6038 : 13476;
6039 : 13379;
6040 : 13379;
6041 : 13379;
6042 : 13379;
6043 : 13380;
6044 : 13379;
6045 : 13379;
6046 : 13379;
6047 : 13412;
6048 : 10915;
6049 : 13347;
6050 : 13411;
6051 : 11107;
6052 : 6594;
6053 : 15492;
6054 : 13379;
6055 : 13379;
6056 : 13347;
6057 : 13379;
6058 : 13379;
6059 : 13379;
6060 : 13411;
6061 : 13284;
6062 : 8739;
6063 : 11140;
6064 : 13412;
6065 : 13379;
6066 : 13380;
6067 : 13379;
6068 : 13379;
6069 : 13379;
6070 : 13444;
6071 : 13540;
6072 : 13572;
6073 : 13572;
6074 : 13572;
6075 : 13572;
6076 : 13572;
6077 : 13572;
6078 : 13572;
6079 : 13572;
6080 : 13572;
6081 : 13572;
6082 : 13572;
6083 : 13572;
6084 : 13572;
6085 : 13572;
6086 : 13572;
6087 : 13572;
6088 : 13572;
6089 : 13604;
6090 : 15684;
6091 : 15621;
6092 : 13252;
6093 : 8739;
6094 : 6530;
6095 : 6626;
6096 : 10915;
6097 : 11044;
6098 : 11076;
6099 : 11076;
6100 : 11076;
6101 : 11043;
6102 : 10979;
6103 : 8835;
6104 : 8739;
6105 : 8675;
6106 : 6626;
6107 : 6562;
6108 : 6594;
6109 : 6562;
6110 : 8642;
6111 : 8610;
6112 : 8642;
6113 : 8675;
6114 : 10819;
6115 : 10884;
6116 : 12996;
6117 : 13028;
6118 : 13060;
6119 : 13060;
6120 : 13060;
6121 : 13060;
6122 : 13060;
6123 : 13060;
6124 : 13091;
6125 : 13092;
6126 : 13027;
6127 : 8802;
6128 : 12868;
6129 : 25483;
6130 : 44405;
6131 : 59164;
6132 : 65535;
6133 : 65535;
6134 : 65535;
6135 : 65535;
6136 : 65535;
6137 : 65535;
6138 : 65535;
6139 : 65535;
6140 : 65535;
6141 : 65535;
6142 : 65535;
6143 : 65535;
6144 : 65535;
6145 : 65535;
6146 : 65535;
6147 : 65535;
6148 : 65535;
6149 : 65535;
6150 : 65535;
6151 : 65535;
6152 : 65535;
6153 : 65535;
6154 : 65535;
6155 : 65535;
6156 : 65535;
6157 : 65535;
6158 : 65535;
6159 : 65535;
6160 : 65535;
6161 : 65535;
6162 : 65535;
6163 : 65535;
6164 : 48599;
6165 : 12869;
6166 : 11203;
6167 : 13476;
6168 : 13379;
6169 : 13379;
6170 : 13379;
6171 : 13379;
6172 : 13379;
6173 : 13379;
6174 : 13379;
6175 : 13444;
6176 : 10947;
6177 : 11172;
6178 : 13444;
6179 : 8867;
6180 : 8835;
6181 : 13444;
6182 : 13379;
6183 : 13379;
6184 : 13347;
6185 : 13347;
6186 : 13379;
6187 : 13412;
6188 : 13252;
6189 : 8706;
6190 : 13252;
6191 : 13443;
6192 : 13379;
6193 : 13379;
6194 : 13379;
6195 : 13379;
6196 : 13379;
6197 : 13379;
6198 : 13476;
6199 : 15620;
6200 : 13572;
6201 : 13572;
6202 : 13572;
6203 : 13572;
6204 : 13572;
6205 : 13572;
6206 : 13572;
6207 : 13572;
6208 : 13572;
6209 : 13572;
6210 : 13572;
6211 : 13572;
6212 : 13572;
6213 : 13572;
6214 : 13572;
6215 : 13572;
6216 : 15684;
6217 : 15621;
6218 : 13220;
6219 : 8739;
6220 : 8867;
6221 : 13413;
6222 : 15653;
6223 : 15653;
6224 : 15652;
6225 : 15684;
6226 : 15684;
6227 : 15684;
6228 : 15684;
6229 : 15716;
6230 : 15717;
6231 : 15717;
6232 : 15685;
6233 : 15653;
6234 : 15621;
6235 : 15588;
6236 : 15556;
6237 : 13444;
6238 : 13444;
6239 : 13380;
6240 : 13284;
6241 : 13220;
6242 : 11043;
6243 : 10915;
6244 : 8707;
6245 : 8643;
6246 : 8643;
6247 : 8675;
6248 : 10787;
6249 : 10883;
6250 : 10947;
6251 : 13028;
6252 : 10883;
6253 : 10787;
6254 : 19112;
6255 : 35953;
6256 : 57051;
6257 : 65535;
6258 : 65535;
6259 : 65535;
6260 : 65535;
6261 : 65535;
6262 : 65535;
6263 : 65535;
6264 : 65535;
6265 : 65535;
6266 : 65535;
6267 : 65535;
6268 : 65535;
6269 : 65535;
6270 : 65535;
6271 : 65535;
6272 : 65535;
6273 : 65535;
6274 : 65535;
6275 : 65535;
6276 : 65535;
6277 : 65535;
6278 : 65535;
6279 : 65535;
6280 : 65535;
6281 : 65535;
6282 : 65535;
6283 : 65535;
6284 : 65535;
6285 : 65535;
6286 : 65535;
6287 : 65535;
6288 : 65535;
6289 : 65535;
6290 : 65535;
6291 : 65535;
6292 : 65535;
6293 : 57051;
6294 : 17032;
6295 : 8930;
6296 : 13412;
6297 : 13411;
6298 : 13379;
6299 : 13379;
6300 : 13379;
6301 : 13379;
6302 : 13379;
6303 : 13412;
6304 : 11043;
6305 : 11044;
6306 : 13444;
6307 : 6690;
6308 : 11011;
6309 : 13411;
6310 : 13379;
6311 : 13379;
6312 : 13347;
6313 : 13379;
6314 : 13411;
6315 : 13252;
6316 : 8675;
6317 : 13252;
6318 : 13411;
6319 : 13411;
6320 : 13379;
6321 : 13379;
6322 : 13380;
6323 : 13379;
6324 : 13379;
6325 : 13444;
6326 : 13540;
6327 : 15620;
6328 : 13572;
6329 : 13572;
6330 : 13572;
6331 : 13572;
6332 : 13572;
6333 : 13572;
6334 : 13572;
6335 : 13572;
6336 : 13572;
6337 : 13572;
6338 : 13572;
6339 : 13572;
6340 : 15620;
6341 : 15620;
6342 : 15684;
6343 : 15621;
6344 : 13220;
6345 : 8739;
6346 : 8835;
6347 : 13412;
6348 : 15653;
6349 : 15652;
6350 : 13604;
6351 : 13604;
6352 : 13604;
6353 : 13604;
6354 : 13604;
6355 : 13572;
6356 : 13572;
6357 : 13572;
6358 : 13604;
6359 : 13572;
6360 : 13604;
6361 : 13604;
6362 : 13572;
6363 : 13572;
6364 : 13604;
6365 : 15620;
6366 : 15652;
6367 : 13604;
6368 : 15652;
6369 : 15652;
6370 : 15652;
6371 : 15685;
6372 : 17733;
6373 : 21831;
6374 : 23816;
6375 : 21576;
6376 : 19368;
6377 : 15078;
6378 : 12868;
6379 : 8579;
6380 : 32;
6381 : 27437;
6382 : 61277;
6383 : 65535;
6384 : 65535;
6385 : 65535;
6386 : 65535;
6387 : 65535;
6388 : 65535;
6389 : 65535;
6390 : 65535;
6391 : 65535;
6392 : 65535;
6393 : 65535;
6394 : 65535;
6395 : 65535;
6396 : 65535;
6397 : 65535;
6398 : 65535;
6399 : 65535;
6400 : 65535;
6401 : 65535;
6402 : 65535;
6403 : 65535;
6404 : 65535;
6405 : 65535;
6406 : 65535;
6407 : 65535;
6408 : 65535;
6409 : 65535;
6410 : 65535;
6411 : 65535;
6412 : 65535;
6413 : 65535;
6414 : 65535;
6415 : 65535;
6416 : 65535;
6417 : 65535;
6418 : 65535;
6419 : 65535;
6420 : 65535;
6421 : 65535;
6422 : 63390;
6423 : 31727;
6424 : 8707;
6425 : 11075;
6426 : 13444;
6427 : 13411;
6428 : 13379;
6429 : 13379;
6430 : 13379;
6431 : 13411;
6432 : 13252;
6433 : 10883;
6434 : 15492;
6435 : 6626;
6436 : 11139;
6437 : 13411;
6438 : 13379;
6439 : 13379;
6440 : 13379;
6441 : 13412;
6442 : 13316;
6443 : 8739;
6444 : 13252;
6445 : 13412;
6446 : 13379;
6447 : 13379;
6448 : 13379;
6449 : 13380;
6450 : 13380;
6451 : 13379;
6452 : 13411;
6453 : 13540;
6454 : 13572;
6455 : 15620;
6456 : 13572;
6457 : 13604;
6458 : 13604;
6459 : 13604;
6460 : 13572;
6461 : 13572;
6462 : 13572;
6463 : 15620;
6464 : 15620;
6465 : 15620;
6466 : 15620;
6467 : 15620;
6468 : 15684;
6469 : 15589;
6470 : 13188;
6471 : 8771;
6472 : 11012;
6473 : 15492;
6474 : 15684;
6475 : 13604;
6476 : 13604;
6477 : 13604;
6478 : 13604;
6479 : 13604;
6480 : 13604;
6481 : 13604;
6482 : 13572;
6483 : 13572;
6484 : 13572;
6485 : 13572;
6486 : 13572;
6487 : 13572;
6488 : 13572;
6489 : 13572;
6490 : 13572;
6491 : 13572;
6492 : 13572;
6493 : 13572;
6494 : 15620;
6495 : 13572;
6496 : 13604;
6497 : 13604;
6498 : 15652;
6499 : 15684;
6500 : 17765;
6501 : 19846;
6502 : 24008;
6503 : 28169;
6504 : 30251;
6505 : 32300;
6506 : 32235;
6507 : 27946;
6508 : 23657;
6509 : 19367;
6510 : 21289;
6511 : 29678;
6512 : 46486;
6513 : 61244;
6514 : 65535;
6515 : 65535;
6516 : 65535;
6517 : 65535;
6518 : 65535;
6519 : 65535;
6520 : 65535;
6521 : 65535;
6522 : 65535;
6523 : 65535;
6524 : 65535;
6525 : 65535;
6526 : 65535;
6527 : 65535;
6528 : 65535;
6529 : 65535;
6530 : 65535;
6531 : 65535;
6532 : 65535;
6533 : 65535;
6534 : 65535;
6535 : 65535;
6536 : 65535;
6537 : 65535;
6538 : 65535;
6539 : 65535;
6540 : 65535;
6541 : 65535;
6542 : 65535;
6543 : 65535;
6544 : 65535;
6545 : 65535;
6546 : 65535;
6547 : 65535;
6548 : 65535;
6549 : 65535;
6550 : 65535;
6551 : 65535;
6552 : 54906;
6553 : 23307;
6554 : 8771;
6555 : 13252;
6556 : 15460;
6557 : 13411;
6558 : 13379;
6559 : 13379;
6560 : 13348;
6561 : 8771;
6562 : 15428;
6563 : 6626;
6564 : 13315;
6565 : 13379;
6566 : 13379;
6567 : 13379;
6568 : 13412;
6569 : 13316;
6570 : 8771;
6571 : 13252;
6572 : 13412;
6573 : 13379;
6574 : 13379;
6575 : 13379;
6576 : 13379;
6577 : 13379;
6578 : 13379;
6579 : 13411;
6580 : 13476;
6581 : 13572;
6582 : 13604;
6583 : 13572;
6584 : 13572;
6585 : 13572;
6586 : 13604;
6587 : 13604;
6588 : 13572;
6589 : 13572;
6590 : 13572;
6591 : 13572;
6592 : 15620;
6593 : 15652;
6594 : 15653;
6595 : 15460;
6596 : 11011;
6597 : 10883;
6598 : 11043;
6599 : 15524;
6600 : 15684;
6601 : 15652;
6602 : 13572;
6603 : 13572;
6604 : 13572;
6605 : 13604;
6606 : 13604;
6607 : 15652;
6608 : 13604;
6609 : 13604;
6610 : 13572;
6611 : 13572;
6612 : 13572;
6613 : 13572;
6614 : 13572;
6615 : 13572;
6616 : 13572;
6617 : 13572;
6618 : 13572;
6619 : 15620;
6620 : 15620;
6621 : 15652;
6622 : 15652;
6623 : 15652;
6624 : 15685;
6625 : 17765;
6626 : 21894;
6627 : 21928;
6628 : 23976;
6629 : 24008;
6630 : 24008;
6631 : 26057;
6632 : 28138;
6633 : 30187;
6634 : 30187;
6635 : 30219;
6636 : 32300;
6637 : 32332;
6638 : 30220;
6639 : 28010;
6640 : 23656;
6641 : 21353;
6642 : 29677;
6643 : 42259;
6644 : 57051;
6645 : 65535;
6646 : 65535;
6647 : 65535;
6648 : 65535;
6649 : 65535;
6650 : 65535;
6651 : 65535;
6652 : 65535;
6653 : 65535;
6654 : 65535;
6655 : 65535;
6656 : 65535;
6657 : 65535;
6658 : 65535;
6659 : 65535;
6660 : 65535;
6661 : 65535;
6662 : 65535;
6663 : 65535;
6664 : 65535;
6665 : 65535;
6666 : 65535;
6667 : 65535;
6668 : 65535;
6669 : 65535;
6670 : 65535;
6671 : 65535;
6672 : 65535;
6673 : 65535;
6674 : 65535;
6675 : 65535;
6676 : 65535;
6677 : 65535;
6678 : 65535;
6679 : 65535;
6680 : 65535;
6681 : 65535;
6682 : 50679;
6683 : 19080;
6684 : 6529;
6685 : 11075;
6686 : 13412;
6687 : 13379;
6688 : 13379;
6689 : 10979;
6690 : 15396;
6691 : 8803;
6692 : 13348;
6693 : 13379;
6694 : 13379;
6695 : 13411;
6696 : 13380;
6697 : 10851;
6698 : 13252;
6699 : 15492;
6700 : 13411;
6701 : 13411;
6702 : 13379;
6703 : 13380;
6704 : 13379;
6705 : 13379;
6706 : 13379;
6707 : 13411;
6708 : 13476;
6709 : 13540;
6710 : 13572;
6711 : 13572;
6712 : 13572;
6713 : 13572;
6714 : 13572;
6715 : 13604;
6716 : 13572;
6717 : 13572;
6718 : 13604;
6719 : 15685;
6720 : 15589;
6721 : 13252;
6722 : 10915;
6723 : 10915;
6724 : 13284;
6725 : 15589;
6726 : 15685;
6727 : 15652;
6728 : 13572;
6729 : 13572;
6730 : 13572;
6731 : 13572;
6732 : 13572;
6733 : 13572;
6734 : 15652;
6735 : 15684;
6736 : 15652;
6737 : 13604;
6738 : 13572;
6739 : 13572;
6740 : 13572;
6741 : 13572;
6742 : 13572;
6743 : 13572;
6744 : 13572;
6745 : 13572;
6746 : 15620;
6747 : 15653;
6748 : 17765;
6749 : 21894;
6750 : 23975;
6751 : 24008;
6752 : 26057;
6753 : 28137;
6754 : 28138;
6755 : 30187;
6756 : 30187;
6757 : 30187;
6758 : 30187;
6759 : 30187;
6760 : 30187;
6761 : 30187;
6762 : 30219;
6763 : 30252;
6764 : 32300;
6765 : 32299;
6766 : 32332;
6767 : 32332;
6768 : 32332;
6769 : 32332;
6770 : 28043;
6771 : 21576;
6772 : 15014;
6773 : 29646;
6774 : 50712;
6775 : 63358;
6776 : 65535;
6777 : 65535;
6778 : 65535;
6779 : 65535;
6780 : 65535;
6781 : 65535;
6782 : 65535;
6783 : 65535;
6784 : 65535;
6785 : 65535;
6786 : 65535;
6787 : 65535;
6788 : 65535;
6789 : 65535;
6790 : 65535;
6791 : 65535;
6792 : 65535;
6793 : 65535;
6794 : 65535;
6795 : 65535;
6796 : 65535;
6797 : 65535;
6798 : 65535;
6799 : 65535;
6800 : 65535;
6801 : 65535;
6802 : 65535;
6803 : 65535;
6804 : 65535;
6805 : 65535;
6806 : 65535;
6807 : 57051;
6808 : 50711;
6809 : 42292;
6810 : 33872;
6811 : 25421;
6812 : 8517;
6813 : 10662;
6814 : 17255;
6815 : 21737;
6816 : 17575;
6817 : 17511;
6818 : 21707;
6819 : 13029;
6820 : 13380;
6821 : 13412;
6822 : 13379;
6823 : 13412;
6824 : 10883;
6825 : 13220;
6826 : 13476;
6827 : 13443;
6828 : 13411;
6829 : 13411;
6830 : 13411;
6831 : 13380;
6832 : 13379;
6833 : 13379;
6834 : 13379;
6835 : 13379;
6836 : 13379;
6837 : 13444;
6838 : 13540;
6839 : 13572;
6840 : 13572;
6841 : 15620;
6842 : 15652;
6843 : 15652;
6844 : 15652;
6845 : 15556;
6846 : 13316;
6847 : 10980;
6848 : 10851;
6849 : 13028;
6850 : 15397;
6851 : 15621;
6852 : 15652;
6853 : 13604;
6854 : 13572;
6855 : 13572;
6856 : 13572;
6857 : 13572;
6858 : 13604;
6859 : 13572;
6860 : 13572;
6861 : 13572;
6862 : 15652;
6863 : 15684;
6864 : 13604;
6865 : 13604;
6866 : 13572;
6867 : 15620;
6868 : 13572;
6869 : 13572;
6870 : 13572;
6871 : 13572;
6872 : 13572;
6873 : 13572;
6874 : 15620;
6875 : 15652;
6876 : 19814;
6877 : 23976;
6878 : 28105;
6879 : 30186;
6880 : 30187;
6881 : 30187;
6882 : 30219;
6883 : 30187;
6884 : 32267;
6885 : 30187;
6886 : 30187;
6887 : 30188;
6888 : 30219;
6889 : 30251;
6890 : 32300;
6891 : 32300;
6892 : 32300;
6893 : 32300;
6894 : 32300;
6895 : 32300;
6896 : 32300;
6897 : 32300;
6898 : 32300;
6899 : 32364;
6900 : 32300;
6901 : 25866;
6902 : 19335;
6903 : 19111;
6904 : 35953;
6905 : 54970;
6906 : 65535;
6907 : 65535;
6908 : 65535;
6909 : 65535;
6910 : 65535;
6911 : 65535;
6912 : 65535;
6913 : 65535;
6914 : 65535;
6915 : 65535;
6916 : 65535;
6917 : 65535;
6918 : 65535;
6919 : 65535;
6920 : 65535;
6921 : 65535;
6922 : 65535;
6923 : 65535;
6924 : 65535;
6925 : 65535;
6926 : 65535;
6927 : 65535;
6928 : 65535;
6929 : 65535;
6930 : 65535;
6931 : 65535;
6932 : 57050;
6933 : 38066;
6934 : 25453;
6935 : 21293;
6936 : 25617;
6937 : 29844;
6938 : 29941;
6939 : 32022;
6940 : 34135;
6941 : 32023;
6942 : 29942;
6943 : 30006;
6944 : 30005;
6945 : 30004;
6946 : 29974;
6947 : 25839;
6948 : 19624;
6949 : 17541;
6950 : 13444;
6951 : 13155;
6952 : 15142;
6953 : 15525;
6954 : 13411;
6955 : 13411;
6956 : 13411;
6957 : 13411;
6958 : 13412;
6959 : 13411;
6960 : 13411;
6961 : 13379;
6962 : 13379;
6963 : 13379;
6964 : 13411;
6965 : 13508;
6966 : 15652;
6967 : 13636;
6968 : 15685;
6969 : 15621;
6970 : 15493;
6971 : 13220;
6972 : 10915;
6973 : 8771;
6974 : 10947;
6975 : 13188;
6976 : 15428;
6977 : 13444;
6978 : 13411;
6979 : 13476;
6980 : 13540;
6981 : 13572;
6982 : 13604;
6983 : 13604;
6984 : 15652;
6985 : 15652;
6986 : 15652;
6987 : 15684;
6988 : 15684;
6989 : 15684;
6990 : 15684;
6991 : 15684;
6992 : 15684;
6993 : 15653;
6994 : 15653;
6995 : 15652;
6996 : 15653;
6997 : 15620;
6998 : 15652;
6999 : 15652;
7000 : 15652;
7001 : 15652;
7002 : 15653;
7003 : 17733;
7004 : 19846;
7005 : 23976;
7006 : 28138;
7007 : 30219;
7008 : 30187;
7009 : 32268;
7010 : 32300;
7011 : 32300;
7012 : 32300;
7013 : 32300;
7014 : 32300;
7015 : 32332;
7016 : 32332;
7017 : 32332;
7018 : 32364;
7019 : 32332;
7020 : 32332;
7021 : 32332;
7022 : 32332;
7023 : 30284;
7024 : 30284;
7025 : 32332;
7026 : 32331;
7027 : 32331;
7028 : 32299;
7029 : 32332;
7030 : 32364;
7031 : 30220;
7032 : 23753;
7033 : 19239;
7034 : 23339;
7035 : 42260;
7036 : 61277;
7037 : 65535;
7038 : 65535;
7039 : 65535;
7040 : 65535;
7041 : 65535;
7042 : 65535;
7043 : 65535;
7044 : 65535;
7045 : 65535;
7046 : 65535;
7047 : 65535;
7048 : 65535;
7049 : 65535;
7050 : 65535;
7051 : 65535;
7052 : 65535;
7053 : 65535;
7054 : 65535;
7055 : 65535;
7056 : 65535;
7057 : 61309;
7058 : 46486;
7059 : 29614;
7060 : 21260;
7061 : 25648;
7062 : 34166;
7063 : 36345;
7064 : 36345;
7065 : 36345;
7066 : 36344;
7067 : 36280;
7068 : 34136;
7069 : 32055;
7070 : 32055;
7071 : 32023;
7072 : 32023;
7073 : 32055;
7074 : 32055;
7075 : 32086;
7076 : 30034;
7077 : 21704;
7078 : 13476;
7079 : 23723;
7080 : 23786;
7081 : 13443;
7082 : 13411;
7083 : 13411;
7084 : 13411;
7085 : 13411;
7086 : 13444;
7087 : 13444;
7088 : 13443;
7089 : 13443;
7090 : 13443;
7091 : 13444;
7092 : 15556;
7093 : 15589;
7094 : 13412;
7095 : 13284;
7096 : 11044;
7097 : 10915;
7098 : 10883;
7099 : 11011;
7100 : 13251;
7101 : 13380;
7102 : 13412;
7103 : 13444;
7104 : 13412;
7105 : 13411;
7106 : 13444;
7107 : 13476;
7108 : 13508;
7109 : 15620;
7110 : 15589;
7111 : 15524;
7112 : 13380;
7113 : 13284;
7114 : 11140;
7115 : 11140;
7116 : 11075;
7117 : 11011;
7118 : 11044;
7119 : 10980;
7120 : 10947;
7121 : 8803;
7122 : 8867;
7123 : 8867;
7124 : 8835;
7125 : 8867;
7126 : 10947;
7127 : 10979;
7128 : 11012;
7129 : 13124;
7130 : 13125;
7131 : 13061;
7132 : 15174;
7133 : 19367;
7134 : 21480;
7135 : 19399;
7136 : 17255;
7137 : 19335;
7138 : 17222;
7139 : 19367;
7140 : 19367;
7141 : 21448;
7142 : 21480;
7143 : 21512;
7144 : 21544;
7145 : 23656;
7146 : 21576;
7147 : 25770;
7148 : 23722;
7149 : 25802;
7150 : 25833;
7151 : 27946;
7152 : 28010;
7153 : 28011;
7154 : 28043;
7155 : 30123;
7156 : 30187;
7157 : 30252;
7158 : 32300;
7159 : 32364;
7160 : 32363;
7161 : 32364;
7162 : 28043;
7163 : 21576;
7164 : 19240;
7165 : 31759;
7166 : 59196;
7167 : 65535;
7168 : 65535;
7169 : 65535;
7170 : 65535;
7171 : 65535;
7172 : 65535;
7173 : 65535;
7174 : 65535;
7175 : 65535;
7176 : 65535;
7177 : 65535;
7178 : 65535;
7179 : 65535;
7180 : 65535;
7181 : 65535;
7182 : 65535;
7183 : 48631;
7184 : 29582;
7185 : 19212;
7186 : 21424;
7187 : 29908;
7188 : 34231;
7189 : 36377;
7190 : 36377;
7191 : 36345;
7192 : 36345;
7193 : 36345;
7194 : 36345;
7195 : 36313;
7196 : 34168;
7197 : 32055;
7198 : 32055;
7199 : 32023;
7200 : 32023;
7201 : 32023;
7202 : 32023;
7203 : 32023;
7204 : 32085;
7205 : 25900;
7206 : 25900;
7207 : 32146;
7208 : 23786;
7209 : 19655;
7210 : 21736;
7211 : 15524;
7212 : 13443;
7213 : 13443;
7214 : 13444;
7215 : 13412;
7216 : 13316;
7217 : 13220;
7218 : 11076;
7219 : 11043;
7220 : 11012;
7221 : 10980;
7222 : 10979;
7223 : 11075;
7224 : 13252;
7225 : 13348;
7226 : 13444;
7227 : 13444;
7228 : 13444;
7229 : 13412;
7230 : 13348;
7231 : 13284;
7232 : 13220;
7233 : 11076;
7234 : 11012;
7235 : 10979;
7236 : 10915;
7237 : 8803;
7238 : 8771;
7239 : 8803;
7240 : 8867;
7241 : 10979;
7242 : 11043;
7243 : 13188;
7244 : 13252;
7245 : 13284;
7246 : 13380;
7247 : 15493;
7248 : 15492;
7249 : 15524;
7250 : 15524;
7251 : 15524;
7252 : 15557;
7253 : 19718;
7254 : 21799;
7255 : 23880;
7256 : 25930;
7257 : 28011;
7258 : 28011;
7259 : 28010;
7260 : 30123;
7261 : 30123;
7262 : 30123;
7263 : 30091;
7264 : 30090;
7265 : 28042;
7266 : 28010;
7267 : 27978;
7268 : 27978;
7269 : 25898;
7270 : 25801;
7271 : 23689;
7272 : 23689;
7273 : 23689;
7274 : 23658;
7275 : 23657;
7276 : 21512;
7277 : 21480;
7278 : 21480;
7279 : 19335;
7280 : 17190;
7281 : 17158;
7282 : 17158;
7283 : 15046;
7284 : 15110;
7285 : 19335;
7286 : 17223;
7287 : 19335;
7288 : 23690;
7289 : 30123;
7290 : 32364;
7291 : 32396;
7292 : 30186;
7293 : 19367;
7294 : 23273;
7295 : 61277;
7296 : 65535;
7297 : 65535;
7298 : 65535;
7299 : 65535;
7300 : 65535;
7301 : 65535;
7302 : 65535;
7303 : 65535;
7304 : 65535;
7305 : 65535;
7306 : 65535;
7307 : 65535;
7308 : 65535;
7309 : 54970;
7310 : 29614;
7311 : 10729;
7312 : 19344;
7313 : 25781;
7314 : 30007;
7315 : 34167;
7316 : 36312;
7317 : 36377;
7318 : 36377;
7319 : 36345;
7320 : 36312;
7321 : 36313;
7322 : 36313;
7323 : 36280;
7324 : 34136;
7325 : 32023;
7326 : 32023;
7327 : 32023;
7328 : 32023;
7329 : 32023;
7330 : 32023;
7331 : 32055;
7332 : 32054;
7333 : 30068;
7334 : 32150;
7335 : 32148;
7336 : 30066;
7337 : 32148;
7338 : 32113;
7339 : 19496;
7340 : 15238;
7341 : 13029;
7342 : 8835;
7343 : 8834;
7344 : 10947;
7345 : 11011;
7346 : 13188;
7347 : 13283;
7348 : 13348;
7349 : 13412;
7350 : 13444;
7351 : 13444;
7352 : 13380;
7353 : 13251;
7354 : 11075;
7355 : 10947;
7356 : 8803;
7357 : 8771;
7358 : 8739;
7359 : 8803;
7360 : 10980;
7361 : 11044;
7362 : 11108;
7363 : 13284;
7364 : 13348;
7365 : 15492;
7366 : 15588;
7367 : 15652;
7368 : 15652;
7369 : 15684;
7370 : 15684;
7371 : 15652;
7372 : 15684;
7373 : 13636;
7374 : 13636;
7375 : 15684;
7376 : 15684;
7377 : 15684;
7378 : 15684;
7379 : 17733;
7380 : 19846;
7381 : 26057;
7382 : 28138;
7383 : 30219;
7384 : 32268;
7385 : 32267;
7386 : 32268;
7387 : 32268;
7388 : 32268;
7389 : 32268;
7390 : 30220;
7391 : 30220;
7392 : 30219;
7393 : 30252;
7394 : 32332;
7395 : 32332;
7396 : 32332;
7397 : 32332;
7398 : 32332;
7399 : 32332;
7400 : 32332;
7401 : 32364;
7402 : 32364;
7403 : 32364;
7404 : 32364;
7405 : 32364;
7406 : 32364;
7407 : 32332;
7408 : 32300;
7409 : 32300;
7410 : 32268;
7411 : 32268;
7412 : 30220;
7413 : 30188;
7414 : 30187;
7415 : 30123;
7416 : 30123;
7417 : 30252;
7418 : 30155;
7419 : 21479;
7420 : 25483;
7421 : 40243;
7422 : 57050;
7423 : 65535;
7424 : 65535;
7425 : 65535;
7426 : 65535;
7427 : 65535;
7428 : 65535;
7429 : 65535;
7430 : 65535;
7431 : 65535;
7432 : 65535;
7433 : 65535;
7434 : 65535;
7435 : 61277;
7436 : 31727;
7437 : 10761;
7438 : 15087;
7439 : 21524;
7440 : 25750;
7441 : 27862;
7442 : 32055;
7443 : 34167;
7444 : 36312;
7445 : 36345;
7446 : 36345;
7447 : 36345;
7448 : 36312;
7449 : 36312;
7450 : 36248;
7451 : 34168;
7452 : 32055;
7453 : 32023;
7454 : 32023;
7455 : 32023;
7456 : 32023;
7457 : 32023;
7458 : 32055;
7459 : 32055;
7460 : 32055;
7461 : 32055;
7462 : 32087;
7463 : 32118;
7464 : 32119;
7465 : 32088;
7466 : 32150;
7467 : 32085;
7468 : 30005;
7469 : 30001;
7470 : 23756;
7471 : 21674;
7472 : 19624;
7473 : 17574;
7474 : 15493;
7475 : 13412;
7476 : 13316;
7477 : 13188;
7478 : 11011;
7479 : 8867;
7480 : 8803;
7481 : 8835;
7482 : 10947;
7483 : 11075;
7484 : 13252;
7485 : 13316;
7486 : 13412;
7487 : 15524;
7488 : 15588;
7489 : 13540;
7490 : 13540;
7491 : 13508;
7492 : 13508;
7493 : 13508;
7494 : 13508;
7495 : 13540;
7496 : 13572;
7497 : 13572;
7498 : 13572;
7499 : 13572;
7500 : 13572;
7501 : 13604;
7502 : 15652;
7503 : 15652;
7504 : 15652;
7505 : 15684;
7506 : 15684;
7507 : 17765;
7508 : 19846;
7509 : 23975;
7510 : 23976;
7511 : 26024;
7512 : 26057;
7513 : 28106;
7514 : 28138;
7515 : 28138;
7516 : 30187;
7517 : 30187;
7518 : 30187;
7519 : 30187;
7520 : 30219;
7521 : 30252;
7522 : 32332;
7523 : 32332;
7524 : 30252;
7525 : 30251;
7526 : 32300;
7527 : 32300;
7528 : 32300;
7529 : 32332;
7530 : 32332;
7531 : 32300;
7532 : 32299;
7533 : 30251;
7534 : 32267;
7535 : 30219;
7536 : 30219;
7537 : 30219;
7538 : 30219;
7539 : 30219;
7540 : 30220;
7541 : 32300;
7542 : 32332;
7543 : 32364;
7544 : 30155;
7545 : 19367;
7546 : 23370;
7547 : 48566;
7548 : 65503;
7549 : 65535;
7550 : 65535;
7551 : 65535;
7552 : 65535;
7553 : 65535;
7554 : 65535;
7555 : 65535;
7556 : 65535;
7557 : 65535;
7558 : 65535;
7559 : 65535;
7560 : 65535;
7561 : 65535;
7562 : 42292;
7563 : 17002;
7564 : 12973;
7565 : 17300;
7566 : 19380;
7567 : 21557;
7568 : 25749;
7569 : 29942;
7570 : 32055;
7571 : 32055;
7572 : 34167;
7573 : 34200;
7574 : 36280;
7575 : 34200;
7576 : 34200;
7577 : 34168;
7578 : 34135;
7579 : 32055;
7580 : 32023;
7581 : 32023;
7582 : 32023;
7583 : 32023;
7584 : 32023;
7585 : 32023;
7586 : 32055;
7587 : 32055;
7588 : 32055;
7589 : 32055;
7590 : 32087;
7591 : 32087;
7592 : 32087;
7593 : 32087;
7594 : 32087;
7595 : 32087;
7596 : 32087;
7597 : 32119;
7598 : 32119;
7599 : 30005;
7600 : 25840;
7601 : 21673;
7602 : 15205;
7603 : 10883;
7604 : 8867;
7605 : 11011;
7606 : 13188;
7607 : 13315;
7608 : 13379;
7609 : 13412;
7610 : 13412;
7611 : 13411;
7612 : 13411;
7613 : 13379;
7614 : 13411;
7615 : 13379;
7616 : 13379;
7617 : 13379;
7618 : 13379;
7619 : 13379;
7620 : 13379;
7621 : 13379;
7622 : 13411;
7623 : 13508;
7624 : 13572;
7625 : 13572;
7626 : 13572;
7627 : 13572;
7628 : 13604;
7629 : 15652;
7630 : 15684;
7631 : 15684;
7632 : 15652;
7633 : 15684;
7634 : 15652;
7635 : 15652;
7636 : 15652;
7637 : 15652;
7638 : 15652;
7639 : 15652;
7640 : 15652;
7641 : 15653;
7642 : 15685;
7643 : 17733;
7644 : 19814;
7645 : 21895;
7646 : 26056;
7647 : 28138;
7648 : 30187;
7649 : 30219;
7650 : 32300;
7651 : 32300;
7652 : 32332;
7653 : 32300;
7654 : 32300;
7655 : 32300;
7656 : 32300;
7657 : 32300;
7658 : 32332;
7659 : 32300;
7660 : 30219;
7661 : 32267;
7662 : 30188;
7663 : 30188;
7664 : 30187;
7665 : 32235;
7666 : 30187;
7667 : 30219;
7668 : 30252;
7669 : 32364;
7670 : 30187;
7671 : 19432;
7672 : 19144;
7673 : 46453;
7674 : 65503;
7675 : 65535;
7676 : 65535;
7677 : 65535;
7678 : 65535;
7679 : 65535;
7680 : 65535;
7681 : 65535;
7682 : 65535;
7683 : 65535;
7684 : 65535;
7685 : 65535;
7686 : 65535;
7687 : 65535;
7688 : 65503;
7689 : 35920;
7690 : 8617;
7691 : 15219;
7692 : 17332;
7693 : 17299;
7694 : 19412;
7695 : 23637;
7696 : 27862;
7697 : 32023;
7698 : 32055;
7699 : 32023;
7700 : 32055;
7701 : 32055;
7702 : 32055;
7703 : 32055;
7704 : 32055;
7705 : 34135;
7706 : 32087;
7707 : 32055;
7708 : 32055;
7709 : 32055;
7710 : 32055;
7711 : 32023;
7712 : 32023;
7713 : 32055;
7714 : 32055;
7715 : 32055;
7716 : 32087;
7717 : 34135;
7718 : 32087;
7719 : 32087;
7720 : 32119;
7721 : 32087;
7722 : 32087;
7723 : 32087;
7724 : 32087;
7725 : 32087;
7726 : 32150;
7727 : 30099;
7728 : 25835;
7729 : 15461;
7730 : 13188;
7731 : 13348;
7732 : 13411;
7733 : 13411;
7734 : 13411;
7735 : 13411;
7736 : 13411;
7737 : 13379;
7738 : 13379;
7739 : 13411;
7740 : 13379;
7741 : 13379;
7742 : 13379;
7743 : 13379;
7744 : 13379;
7745 : 13379;
7746 : 13379;
7747 : 13380;
7748 : 13412;
7749 : 13476;
7750 : 13540;
7751 : 13572;
7752 : 13572;
7753 : 15620;
7754 : 13572;
7755 : 13604;
7756 : 15652;
7757 : 15684;
7758 : 15684;
7759 : 15684;
7760 : 15684;
7761 : 15684;
7762 : 15684;
7763 : 15684;
7764 : 15684;
7765 : 15652;
7766 : 13604;
7767 : 13604;
7768 : 13572;
7769 : 13572;
7770 : 13572;
7771 : 15652;
7772 : 17765;
7773 : 21927;
7774 : 26057;
7775 : 28138;
7776 : 30187;
7777 : 30187;
7778 : 30219;
7779 : 30252;
7780 : 32300;
7781 : 32300;
7782 : 32300;
7783 : 32300;
7784 : 32300;
7785 : 30252;
7786 : 30252;
7787 : 30219;
7788 : 30187;
7789 : 30187;
7790 : 30188;
7791 : 30188;
7792 : 30188;
7793 : 32236;
7794 : 30187;
7795 : 30252;
7796 : 30219;
7797 : 21512;
7798 : 17031;
7799 : 40147;
7800 : 63390;
7801 : 65535;
7802 : 65535;
7803 : 65535;
7804 : 65535;
7805 : 65535;
7806 : 65535;
7807 : 65535;
7808 : 65535;
7809 : 65535;
7810 : 65535;
7811 : 65535;
7812 : 65535;
7813 : 65535;
7814 : 65535;
7815 : 54970;
7816 : 16968;
7817 : 10794;
7818 : 17300;
7819 : 17300;
7820 : 17299;
7821 : 17300;
7822 : 19412;
7823 : 25717;
7824 : 29942;
7825 : 32055;
7826 : 32023;
7827 : 32023;
7828 : 32023;
7829 : 32023;
7830 : 32023;
7831 : 32023;
7832 : 32055;
7833 : 32087;
7834 : 34135;
7835 : 32087;
7836 : 34135;
7837 : 32087;
7838 : 32055;
7839 : 32055;
7840 : 32055;
7841 : 32055;
7842 : 32087;
7843 : 32087;
7844 : 32087;
7845 : 32087;
7846 : 32119;
7847 : 32119;
7848 : 32119;
7849 : 32119;
7850 : 32087;
7851 : 32087;
7852 : 32119;
7853 : 32119;
7854 : 32119;
7855 : 32150;
7856 : 27955;
7857 : 23757;
7858 : 19592;
7859 : 13412;
7860 : 13411;
7861 : 13379;
7862 : 13379;
7863 : 13379;
7864 : 13379;
7865 : 13411;
7866 : 13412;
7867 : 13411;
7868 : 13411;
7869 : 13411;
7870 : 13411;
7871 : 13411;
7872 : 13412;
7873 : 13411;
7874 : 13411;
7875 : 13411;
7876 : 13476;
7877 : 13572;
7878 : 13604;
7879 : 13604;
7880 : 13604;
7881 : 13604;
7882 : 13604;
7883 : 15684;
7884 : 15684;
7885 : 15684;
7886 : 15684;
7887 : 15684;
7888 : 15684;
7889 : 15684;
7890 : 15684;
7891 : 15684;
7892 : 15684;
7893 : 15684;
7894 : 15684;
7895 : 15652;
7896 : 15652;
7897 : 15652;
7898 : 15684;
7899 : 19846;
7900 : 24008;
7901 : 28138;
7902 : 30187;
7903 : 30188;
7904 : 32236;
7905 : 30188;
7906 : 30187;
7907 : 30188;
7908 : 30220;
7909 : 30251;
7910 : 30251;
7911 : 30219;
7912 : 30219;
7913 : 32268;
7914 : 32268;
7915 : 32267;
7916 : 30220;
7917 : 30188;
7918 : 30188;
7919 : 30188;
7920 : 30188;
7921 : 30219;
7922 : 32299;
7923 : 25833;
7924 : 14949;
7925 : 33808;
7926 : 61245;
7927 : 65535;
7928 : 65535;
7929 : 65535;
7930 : 65535;
7931 : 65535;
7932 : 65535;
7933 : 65535;
7934 : 65535;
7935 : 65535;
7936 : 65535;
7937 : 65535;
7938 : 65535;
7939 : 65535;
7940 : 65535;
7941 : 65535;
7942 : 54970;
7943 : 10630;
7944 : 12941;
7945 : 17332;
7946 : 17300;
7947 : 17300;
7948 : 17300;
7949 : 17300;
7950 : 19412;
7951 : 25750;
7952 : 29942;
7953 : 32055;
7954 : 32055;
7955 : 34104;
7956 : 32055;
7957 : 32023;
7958 : 32023;
7959 : 32023;
7960 : 32023;
7961 : 32087;
7962 : 32087;
7963 : 32087;
7964 : 32087;
7965 : 32087;
7966 : 32087;
7967 : 32087;
7968 : 32087;
7969 : 32087;
7970 : 32087;
7971 : 32087;
7972 : 32087;
7973 : 32119;
7974 : 32119;
7975 : 32119;
7976 : 32119;
7977 : 32119;
7978 : 32087;
7979 : 32087;
7980 : 32119;
7981 : 32119;
7982 : 32119;
7983 : 32087;
7984 : 29942;
7985 : 23763;
7986 : 21676;
7987 : 15493;
7988 : 13412;
7989 : 13412;
7990 : 13411;
7991 : 13411;
7992 : 13411;
7993 : 13411;
7994 : 13411;
7995 : 13411;
7996 : 13411;
7997 : 13411;
7998 : 13411;
7999 : 13411;
8000 : 13411;
8001 : 13411;
8002 : 13443;
8003 : 13508;
8004 : 13540;
8005 : 15652;
8006 : 15684;
8007 : 15684;
8008 : 15684;
8009 : 15684;
8010 : 15652;
8011 : 15684;
8012 : 15684;
8013 : 15684;
8014 : 15684;
8015 : 15684;
8016 : 15684;
8017 : 15684;
8018 : 15652;
8019 : 13604;
8020 : 13604;
8021 : 13604;
8022 : 15652;
8023 : 15652;
8024 : 15652;
8025 : 15684;
8026 : 15684;
8027 : 19846;
8028 : 24007;
8029 : 28105;
8030 : 30187;
8031 : 30188;
8032 : 30188;
8033 : 30188;
8034 : 30188;
8035 : 30188;
8036 : 32236;
8037 : 30187;
8038 : 30219;
8039 : 30187;
8040 : 30187;
8041 : 32268;
8042 : 32268;
8043 : 32268;
8044 : 32236;
8045 : 32236;
8046 : 30219;
8047 : 30219;
8048 : 30219;
8049 : 28105;
8050 : 17253;
8051 : 19048;
8052 : 50712;
8053 : 65535;
8054 : 65535;
8055 : 65535;
8056 : 65535;
8057 : 65535;
8058 : 65535;
8059 : 65535;
8060 : 65535;
8061 : 65535;
8062 : 65535;
8063 : 65535;
8064 : 65535;
8065 : 65535;
8066 : 65535;
8067 : 65535;
8068 : 65535;
8069 : 57083;
8070 : 14889;
8071 : 15120;
8072 : 17332;
8073 : 17299;
8074 : 17300;
8075 : 17300;
8076 : 17300;
8077 : 17300;
8078 : 19380;
8079 : 25717;
8080 : 29942;
8081 : 32055;
8082 : 29909;
8083 : 25618;
8084 : 31957;
8085 : 32055;
8086 : 32023;
8087 : 32023;
8088 : 32023;
8089 : 32055;
8090 : 32055;
8091 : 32087;
8092 : 32087;
8093 : 32087;
8094 : 32087;
8095 : 32087;
8096 : 32087;
8097 : 32087;
8098 : 32087;
8099 : 32119;
8100 : 32119;
8101 : 32119;
8102 : 32119;
8103 : 32119;
8104 : 32119;
8105 : 32119;
8106 : 32087;
8107 : 32087;
8108 : 32119;
8109 : 32119;
8110 : 32119;
8111 : 32087;
8112 : 27894;
8113 : 23669;
8114 : 19474;
8115 : 19438;
8116 : 13031;
8117 : 11044;
8118 : 13380;
8119 : 13476;
8120 : 13443;
8121 : 13411;
8122 : 13411;
8123 : 13411;
8124 : 13411;
8125 : 13411;
8126 : 13411;
8127 : 13411;
8128 : 13443;
8129 : 13508;
8130 : 15620;
8131 : 15652;
8132 : 15652;
8133 : 13604;
8134 : 15652;
8135 : 15684;
8136 : 15684;
8137 : 15684;
8138 : 15652;
8139 : 15652;
8140 : 15684;
8141 : 15652;
8142 : 15684;
8143 : 15684;
8144 : 15684;
8145 : 15684;
8146 : 15652;
8147 : 13604;
8148 : 13604;
8149 : 13604;
8150 : 15652;
8151 : 15684;
8152 : 15652;
8153 : 15684;
8154 : 15652;
8155 : 15652;
8156 : 15685;
8157 : 17765;
8158 : 21927;
8159 : 26057;
8160 : 28138;
8161 : 30186;
8162 : 30187;
8163 : 30187;
8164 : 30187;
8165 : 30187;
8166 : 30187;
8167 : 30187;
8168 : 30187;
8169 : 30187;
8170 : 30187;
8171 : 30187;
8172 : 30187;
8173 : 28138;
8174 : 28138;
8175 : 26089;
8176 : 19622;
8177 : 12900;
8178 : 31695;
8179 : 63390;
8180 : 65535;
8181 : 65535;
8182 : 65535;
8183 : 65535;
8184 : 65535;
8185 : 65535;
8186 : 65535;
8187 : 65535;
8188 : 65535;
8189 : 65535;
8190 : 65535;
8191 : 65535;
8192 : 65535;
8193 : 65535;
8194 : 65535;
8195 : 65535;
8196 : 65502;
8197 : 21162;
8198 : 12974;
8199 : 19380;
8200 : 17299;
8201 : 17300;
8202 : 17300;
8203 : 17300;
8204 : 17300;
8205 : 17300;
8206 : 17299;
8207 : 23604;
8208 : 29975;
8209 : 27730;
8210 : 27534;
8211 : 35726;
8212 : 16937;
8213 : 32055;
8214 : 32023;
8215 : 32023;
8216 : 32023;
8217 : 32055;
8218 : 32056;
8219 : 32087;
8220 : 32087;
8221 : 32087;
8222 : 32087;
8223 : 32119;
8224 : 32119;
8225 : 32119;
8226 : 32119;
8227 : 32119;
8228 : 32119;
8229 : 32119;
8230 : 32119;
8231 : 32119;
8232 : 32119;
8233 : 32087;
8234 : 32087;
8235 : 32087;
8236 : 32087;
8237 : 32087;
8238 : 32087;
8239 : 32055;
8240 : 27861;
8241 : 23637;
8242 : 19380;
8243 : 17331;
8244 : 17299;
8245 : 15119;
8246 : 10887;
8247 : 13156;
8248 : 13380;
8249 : 13476;
8250 : 13411;
8251 : 13411;
8252 : 13411;
8253 : 13411;
8254 : 13411;
8255 : 13411;
8256 : 13443;
8257 : 13476;
8258 : 13540;
8259 : 13572;
8260 : 15652;
8261 : 15684;
8262 : 15684;
8263 : 15684;
8264 : 15684;
8265 : 15652;
8266 : 13604;
8267 : 13604;
8268 : 13604;
8269 : 13604;
8270 : 15652;
8271 : 15684;
8272 : 15684;
8273 : 15684;
8274 : 15684;
8275 : 15652;
8276 : 15652;
8277 : 15652;
8278 : 15684;
8279 : 15684;
8280 : 15684;
8281 : 15684;
8282 : 15684;
8283 : 15652;
8284 : 13604;
8285 : 13604;
8286 : 15652;
8287 : 19814;
8288 : 21895;
8289 : 23976;
8290 : 26056;
8291 : 26057;
8292 : 26057;
8293 : 26057;
8294 : 26057;
8295 : 26057;
8296 : 26057;
8297 : 26057;
8298 : 26024;
8299 : 26024;
8300 : 23976;
8301 : 21927;
8302 : 19782;
8303 : 10979;
8304 : 21193;
8305 : 52857;
8306 : 65535;
8307 : 65535;
8308 : 65535;
8309 : 65535;
8310 : 65535;
8311 : 65535;
8312 : 65535;
8313 : 65535;
8314 : 65535;
8315 : 65535;
8316 : 65535;
8317 : 65535;
8318 : 65535;
8319 : 65535;
8320 : 65535;
8321 : 65535;
8322 : 65535;
8323 : 65535;
8324 : 40146;
8325 : 10861;
8326 : 17332;
8327 : 17300;
8328 : 17300;
8329 : 17300;
8330 : 17300;
8331 : 17300;
8332 : 17300;
8333 : 17300;
8334 : 17299;
8335 : 19411;
8336 : 27830;
8337 : 25096;
8338 : 53931;
8339 : 53964;
8340 : 23179;
8341 : 32055;
8342 : 32055;
8343 : 32055;
8344 : 32056;
8345 : 32087;
8346 : 34135;
8347 : 32087;
8348 : 32087;
8349 : 32087;
8350 : 32087;
8351 : 32119;
8352 : 32119;
8353 : 32119;
8354 : 32119;
8355 : 32119;
8356 : 32119;
8357 : 32119;
8358 : 32119;
8359 : 32119;
8360 : 32119;
8361 : 32087;
8362 : 32087;
8363 : 32087;
8364 : 32119;
8365 : 32087;
8366 : 32055;
8367 : 29942;
8368 : 25716;
8369 : 19444;
8370 : 17332;
8371 : 17331;
8372 : 17331;
8373 : 17332;
8374 : 17330;
8375 : 15148;
8376 : 10854;
8377 : 13092;
8378 : 13348;
8379 : 13444;
8380 : 13443;
8381 : 13411;
8382 : 13411;
8383 : 13411;
8384 : 13411;
8385 : 13443;
8386 : 13444;
8387 : 13508;
8388 : 13604;
8389 : 15684;
8390 : 15684;
8391 : 15684;
8392 : 15684;
8393 : 15652;
8394 : 13604;
8395 : 13604;
8396 : 13604;
8397 : 13604;
8398 : 13604;
8399 : 15684;
8400 : 15684;
8401 : 15684;
8402 : 15684;
8403 : 15684;
8404 : 15684;
8405 : 15684;
8406 : 15684;
8407 : 15684;
8408 : 15684;
8409 : 15684;
8410 : 15652;
8411 : 13604;
8412 : 13604;
8413 : 13572;
8414 : 13572;
8415 : 15652;
8416 : 15652;
8417 : 15653;
8418 : 17733;
8419 : 17733;
8420 : 17733;
8421 : 17765;
8422 : 17733;
8423 : 17766;
8424 : 17766;
8425 : 17766;
8426 : 17765;
8427 : 17765;
8428 : 17765;
8429 : 13315;
8430 : 10820;
8431 : 35953;
8432 : 65503;
8433 : 65535;
8434 : 65535;
8435 : 65535;
8436 : 65535;
8437 : 65535;
8438 : 65535;
8439 : 65535;
8440 : 65535;
8441 : 65535;
8442 : 65535;
8443 : 65535;
8444 : 65535;
8445 : 65535;
8446 : 65535;
8447 : 65535;
8448 : 65535;
8449 : 65535;
8450 : 65535;
8451 : 54937;
8452 : 12842;
8453 : 17299;
8454 : 17300;
8455 : 17300;
8456 : 17300;
8457 : 17300;
8458 : 17300;
8459 : 17300;
8460 : 17300;
8461 : 17300;
8462 : 17299;
8463 : 17331;
8464 : 19345;
8465 : 31110;
8466 : 64239;
8467 : 41514;
8468 : 25552;
8469 : 32088;
8470 : 32088;
8471 : 32088;
8472 : 32088;
8473 : 32087;
8474 : 34135;
8475 : 32087;
8476 : 32087;
8477 : 32087;
8478 : 32087;
8479 : 32119;
8480 : 32118;
8481 : 32119;
8482 : 32119;
8483 : 32119;
8484 : 32119;
8485 : 32119;
8486 : 32119;
8487 : 32119;
8488 : 32119;
8489 : 32087;
8490 : 32087;
8491 : 32119;
8492 : 32087;
8493 : 29974;
8494 : 27861;
8495 : 25749;
8496 : 21524;
8497 : 17331;
8498 : 17299;
8499 : 17299;
8500 : 17299;
8501 : 17299;
8502 : 17299;
8503 : 17331;
8504 : 19378;
8505 : 15118;
8506 : 10855;
8507 : 10916;
8508 : 13284;
8509 : 15492;
8510 : 13444;
8511 : 13444;
8512 : 13443;
8513 : 13443;
8514 : 13444;
8515 : 13508;
8516 : 13572;
8517 : 15652;
8518 : 15684;
8519 : 15684;
8520 : 15652;
8521 : 13604;
8522 : 13604;
8523 : 13604;
8524 : 13604;
8525 : 13604;
8526 : 13604;
8527 : 13604;
8528 : 15684;
8529 : 15684;
8530 : 15684;
8531 : 15684;
8532 : 15684;
8533 : 15684;
8534 : 15684;
8535 : 15684;
8536 : 13604;
8537 : 13604;
8538 : 13604;
8539 : 13572;
8540 : 13572;
8541 : 13572;
8542 : 13572;
8543 : 13572;
8544 : 13572;
8545 : 13572;
8546 : 13604;
8547 : 13604;
8548 : 13572;
8549 : 13604;
8550 : 13572;
8551 : 13572;
8552 : 13572;
8553 : 13604;
8554 : 15684;
8555 : 15653;
8556 : 8931;
8557 : 21194;
8558 : 54938;
8559 : 65535;
8560 : 65535;
8561 : 65535;
8562 : 65535;
8563 : 65535;
8564 : 65535;
8565 : 65535;
8566 : 65535;
8567 : 65535;
8568 : 65535;
8569 : 65535;
8570 : 65535;
8571 : 65535;
8572 : 65535;
8573 : 65535;
8574 : 65535;
8575 : 65535;
8576 : 65535;
8577 : 65535;
8578 : 65502;
8579 : 16969;
8580 : 13007;
8581 : 17332;
8582 : 17300;
8583 : 17300;
8584 : 17300;
8585 : 17300;
8586 : 17300;
8587 : 17300;
8588 : 17300;
8589 : 17300;
8590 : 17300;
8591 : 17300;
8592 : 15152;
8593 : 12580;
8594 : 31339;
8595 : 23310;
8596 : 29942;
8597 : 32055;
8598 : 32087;
8599 : 32087;
8600 : 32087;
8601 : 32087;
8602 : 32087;
8603 : 32087;
8604 : 32087;
8605 : 32087;
8606 : 32087;
8607 : 32119;
8608 : 32118;
8609 : 32119;
8610 : 32119;
8611 : 32087;
8612 : 32119;
8613 : 32119;
8614 : 32119;
8615 : 32119;
8616 : 32119;
8617 : 32120;
8618 : 32087;
8619 : 30006;
8620 : 27894;
8621 : 25781;
8622 : 23669;
8623 : 21524;
8624 : 19379;
8625 : 17299;
8626 : 17300;
8627 : 17300;
8628 : 17300;
8629 : 17300;
8630 : 17300;
8631 : 17300;
8632 : 17300;
8633 : 17332;
8634 : 17330;
8635 : 15150;
8636 : 10759;
8637 : 8706;
8638 : 11075;
8639 : 13379;
8640 : 13475;
8641 : 13476;
8642 : 13508;
8643 : 15620;
8644 : 15652;
8645 : 15652;
8646 : 15684;
8647 : 15684;
8648 : 15652;
8649 : 15684;
8650 : 13604;
8651 : 13604;
8652 : 13604;
8653 : 13604;
8654 : 13604;
8655 : 13604;
8656 : 15652;
8657 : 15684;
8658 : 15684;
8659 : 15684;
8660 : 15684;
8661 : 15684;
8662 : 15684;
8663 : 15684;
8664 : 13604;
8665 : 13604;
8666 : 13604;
8667 : 13604;
8668 : 13572;
8669 : 13572;
8670 : 13572;
8671 : 13572;
8672 : 13572;
8673 : 15620;
8674 : 13604;
8675 : 13604;
8676 : 13604;
8677 : 13604;
8678 : 13604;
8679 : 13604;
8680 : 13604;
8681 : 15685;
8682 : 13348;
8683 : 10788;
8684 : 35953;
8685 : 65503;
8686 : 65535;
8687 : 65535;
8688 : 65535;
8689 : 65535;
8690 : 65535;
8691 : 65535;
8692 : 65535;
8693 : 65535;
8694 : 65535;
8695 : 65535;
8696 : 65535;
8697 : 65535;
8698 : 65535;
8699 : 65535;
8700 : 65535;
8701 : 65535;
8702 : 65535;
8703 : 65535;
8704 : 65535;
8705 : 65535;
8706 : 46518;
8707 : 8681;
8708 : 17363;
8709 : 17331;
8710 : 17300;
8711 : 17300;
8712 : 17300;
8713 : 17300;
8714 : 17300;
8715 : 17300;
8716 : 17300;
8717 : 17300;
8718 : 17300;
8719 : 17300;
8720 : 17299;
8721 : 15152;
8722 : 17233;
8723 : 23638;
8724 : 25750;
8725 : 27862;
8726 : 29975;
8727 : 32055;
8728 : 32087;
8729 : 32087;
8730 : 32087;
8731 : 32087;
8732 : 32087;
8733 : 32119;
8734 : 32119;
8735 : 32119;
8736 : 32118;
8737 : 32087;
8738 : 32087;
8739 : 32087;
8740 : 32087;
8741 : 32087;
8742 : 32087;
8743 : 32119;
8744 : 29909;
8745 : 25748;
8746 : 27894;
8747 : 25749;
8748 : 23669;
8749 : 21557;
8750 : 19412;
8751 : 17299;
8752 : 17299;
8753 : 17300;
8754 : 17300;
8755 : 17300;
8756 : 17300;
8757 : 17300;
8758 : 17300;
8759 : 17300;
8760 : 17300;
8761 : 17300;
8762 : 17299;
8763 : 17331;
8764 : 17297;
8765 : 4292;
8766 : 16904;
8767 : 25515;
8768 : 10947;
8769 : 11203;
8770 : 13476;
8771 : 15620;
8772 : 15652;
8773 : 15652;
8774 : 15684;
8775 : 15684;
8776 : 15684;
8777 : 15684;
8778 : 15684;
8779 : 15652;
8780 : 13604;
8781 : 13604;
8782 : 13604;
8783 : 13604;
8784 : 15684;
8785 : 15684;
8786 : 15684;
8787 : 15684;
8788 : 15684;
8789 : 15684;
8790 : 15684;
8791 : 15684;
8792 : 13604;
8793 : 13604;
8794 : 13572;
8795 : 13572;
8796 : 13572;
8797 : 13572;
8798 : 13572;
8799 : 13572;
8800 : 13572;
8801 : 13572;
8802 : 13604;
8803 : 13604;
8804 : 13604;
8805 : 13604;
8806 : 15684;
8807 : 15685;
8808 : 13508;
8809 : 8866;
8810 : 21161;
8811 : 54905;
8812 : 65535;
8813 : 65535;
8814 : 65535;
8815 : 65535;
8816 : 65535;
8817 : 65535;
8818 : 65535;
8819 : 65535;
8820 : 65535;
8821 : 65535;
8822 : 65535;
8823 : 65535;
8824 : 65535;
8825 : 65535;
8826 : 65535;
8827 : 65535;
8828 : 65535;
8829 : 65535;
8830 : 65535;
8831 : 65535;
8832 : 65535;
8833 : 65535;
8834 : 21194;
8835 : 15087;
8836 : 17332;
8837 : 17332;
8838 : 17300;
8839 : 17300;
8840 : 17300;
8841 : 17300;
8842 : 17300;
8843 : 17300;
8844 : 17300;
8845 : 17300;
8846 : 17300;
8847 : 17300;
8848 : 17299;
8849 : 17332;
8850 : 17331;
8851 : 19412;
8852 : 21524;
8853 : 23637;
8854 : 25782;
8855 : 27863;
8856 : 27894;
8857 : 29974;
8858 : 29974;
8859 : 29974;
8860 : 30006;
8861 : 30006;
8862 : 30006;
8863 : 32055;
8864 : 32055;
8865 : 32055;
8866 : 32055;
8867 : 32055;
8868 : 32055;
8869 : 32055;
8870 : 30007;
8871 : 23569;
8872 : 29647;
8873 : 27371;
8874 : 17101;
8875 : 21557;
8876 : 19412;
8877 : 17300;
8878 : 17299;
8879 : 17300;
8880 : 17300;
8881 : 17300;
8882 : 17300;
8883 : 17300;
8884 : 17300;
8885 : 17300;
8886 : 17300;
8887 : 17300;
8888 : 17300;
8889 : 17300;
8890 : 17300;
8891 : 17300;
8892 : 17332;
8893 : 15119;
8894 : 21162;
8895 : 65471;
8896 : 54906;
8897 : 31758;
8898 : 15045;
8899 : 11074;
8900 : 13347;
8901 : 15588;
8902 : 15684;
8903 : 15716;
8904 : 15684;
8905 : 15684;
8906 : 15652;
8907 : 15652;
8908 : 15684;
8909 : 15684;
8910 : 15684;
8911 : 15684;
8912 : 15684;
8913 : 15684;
8914 : 15684;
8915 : 15684;
8916 : 15684;
8917 : 15684;
8918 : 15684;
8919 : 15684;
8920 : 15684;
8921 : 13604;
8922 : 13604;
8923 : 13604;
8924 : 13572;
8925 : 13572;
8926 : 13572;
8927 : 13604;
8928 : 13604;
8929 : 13604;
8930 : 13604;
8931 : 15652;
8932 : 15684;
8933 : 15717;
8934 : 15492;
8935 : 11011;
8936 : 14951;
8937 : 42260;
8938 : 65503;
8939 : 65535;
8940 : 65535;
8941 : 65535;
8942 : 65535;
8943 : 65535;
8944 : 65535;
8945 : 65535;
8946 : 65535;
8947 : 65535;
8948 : 65535;
8949 : 65535;
8950 : 65535;
8951 : 65535;
8952 : 65535;
8953 : 65535;
8954 : 65535;
8955 : 65535;
8956 : 65535;
8957 : 65535;
8958 : 65535;
8959 : 65535;
8960 : 65535;
8961 : 59196;
8962 : 10663;
8963 : 17266;
8964 : 17299;
8965 : 17331;
8966 : 17300;
8967 : 17300;
8968 : 17300;
8969 : 17300;
8970 : 17300;
8971 : 17300;
8972 : 17300;
8973 : 17300;
8974 : 17300;
8975 : 17300;
8976 : 17300;
8977 : 17300;
8978 : 17300;
8979 : 17299;
8980 : 17300;
8981 : 17331;
8982 : 19312;
8983 : 21491;
8984 : 23637;
8985 : 23669;
8986 : 25749;
8987 : 25781;
8988 : 25781;
8989 : 25781;
8990 : 25781;
8991 : 25781;
8992 : 27829;
8993 : 25781;
8994 : 25782;
8995 : 25781;
8996 : 25749;
8997 : 25749;
8998 : 23636;
8999 : 18887;
9000 : 54322;
9001 : 56175;
9002 : 16774;
9003 : 17299;
9004 : 17300;
9005 : 17300;
9006 : 17300;
9007 : 17300;
9008 : 17300;
9009 : 17300;
9010 : 17300;
9011 : 17300;
9012 : 17300;
9013 : 17300;
9014 : 17300;
9015 : 17300;
9016 : 17300;
9017 : 17300;
9018 : 17300;
9019 : 17300;
9020 : 17300;
9021 : 17332;
9022 : 10827;
9023 : 44437;
9024 : 65535;
9025 : 65535;
9026 : 61244;
9027 : 44405;
9028 : 27596;
9029 : 12997;
9030 : 11107;
9031 : 11267;
9032 : 13540;
9033 : 15716;
9034 : 15684;
9035 : 15684;
9036 : 15684;
9037 : 15684;
9038 : 15684;
9039 : 15684;
9040 : 15684;
9041 : 15684;
9042 : 15652;
9043 : 15652;
9044 : 15684;
9045 : 15684;
9046 : 15684;
9047 : 15684;
9048 : 15684;
9049 : 15652;
9050 : 15652;
9051 : 13604;
9052 : 13604;
9053 : 13604;
9054 : 13604;
9055 : 15652;
9056 : 15652;
9057 : 15684;
9058 : 15716;
9059 : 15685;
9060 : 13379;
9061 : 8835;
9062 : 19145;
9063 : 44373;
9064 : 63390;
9065 : 65535;
9066 : 65535;
9067 : 65535;
9068 : 65535;
9069 : 65535;
9070 : 65535;
9071 : 65535;
9072 : 65535;
9073 : 65535;
9074 : 65535;
9075 : 65535;
9076 : 65535;
9077 : 65535;
9078 : 65535;
9079 : 65535;
9080 : 65535;
9081 : 65535;
9082 : 65535;
9083 : 65535;
9084 : 65535;
9085 : 65535;
9086 : 65535;
9087 : 65535;
9088 : 65535;
9089 : 46485;
9090 : 10795;
9091 : 17332;
9092 : 17299;
9093 : 17299;
9094 : 17299;
9095 : 17299;
9096 : 17300;
9097 : 17300;
9098 : 17300;
9099 : 17300;
9100 : 17300;
9101 : 17300;
9102 : 17300;
9103 : 17300;
9104 : 17300;
9105 : 17300;
9106 : 17299;
9107 : 17300;
9108 : 17300;
9109 : 17332;
9110 : 15086;
9111 : 6404;
9112 : 16905;
9113 : 17036;
9114 : 15054;
9115 : 17199;
9116 : 19377;
9117 : 19443;
9118 : 21524;
9119 : 21524;
9120 : 19476;
9121 : 19444;
9122 : 19444;
9123 : 19444;
9124 : 19411;
9125 : 19444;
9126 : 15152;
9127 : 28965;
9128 : 61994;
9129 : 55818;
9130 : 18954;
9131 : 17331;
9132 : 17300;
9133 : 17300;
9134 : 17300;
9135 : 17300;
9136 : 17300;
9137 : 17300;
9138 : 17300;
9139 : 17300;
9140 : 17300;
9141 : 17300;
9142 : 17300;
9143 : 17300;
9144 : 17300;
9145 : 17300;
9146 : 17300;
9147 : 17300;
9148 : 17300;
9149 : 17300;
9150 : 15186;
9151 : 17034;
9152 : 65470;
9153 : 65535;
9154 : 65535;
9155 : 65535;
9156 : 65535;
9157 : 59164;
9158 : 44373;
9159 : 29646;
9160 : 21289;
9161 : 13093;
9162 : 13220;
9163 : 13411;
9164 : 15620;
9165 : 15684;
9166 : 15716;
9167 : 15716;
9168 : 15684;
9169 : 15684;
9170 : 15684;
9171 : 15684;
9172 : 15684;
9173 : 13604;
9174 : 15652;
9175 : 15684;
9176 : 15684;
9177 : 15652;
9178 : 15652;
9179 : 15652;
9180 : 15684;
9181 : 15684;
9182 : 15716;
9183 : 15716;
9184 : 15717;
9185 : 13540;
9186 : 11171;
9187 : 10819;
9188 : 23274;
9189 : 48566;
9190 : 65503;
9191 : 65535;
9192 : 65535;
9193 : 65535;
9194 : 65535;
9195 : 65535;
9196 : 65535;
9197 : 65535;
9198 : 65535;
9199 : 65535;
9200 : 65535;
9201 : 65535;
9202 : 65535;
9203 : 65535;
9204 : 65535;
9205 : 65535;
9206 : 65535;
9207 : 65535;
9208 : 65535;
9209 : 65535;
9210 : 65535;
9211 : 65535;
9212 : 65535;
9213 : 65535;
9214 : 65535;
9215 : 65535;
9216 : 65535;
9217 : 33840;
9218 : 13007;
9219 : 17332;
9220 : 17331;
9221 : 17299;
9222 : 17299;
9223 : 17331;
9224 : 17300;
9225 : 17299;
9226 : 17300;
9227 : 17300;
9228 : 17300;
9229 : 17300;
9230 : 17300;
9231 : 17300;
9232 : 17300;
9233 : 17300;
9234 : 17300;
9235 : 17300;
9236 : 17332;
9237 : 17364;
9238 : 15119;
9239 : 16711;
9240 : 37585;
9241 : 35471;
9242 : 31277;
9243 : 25067;
9244 : 20970;
9245 : 18987;
9246 : 14923;
9247 : 15119;
9248 : 19411;
9249 : 17332;
9250 : 17331;
9251 : 17331;
9252 : 17331;
9253 : 17332;
9254 : 17298;
9255 : 16742;
9256 : 45772;
9257 : 31306;
9258 : 17135;
9259 : 17332;
9260 : 17300;
9261 : 17300;
9262 : 17300;
9263 : 17300;
9264 : 17300;
9265 : 17300;
9266 : 17300;
9267 : 17300;
9268 : 17300;
9269 : 17331;
9270 : 17300;
9271 : 17331;
9272 : 17331;
9273 : 17331;
9274 : 17331;
9275 : 17332;
9276 : 17332;
9277 : 17332;
9278 : 17332;
9279 : 10795;
9280 : 50711;
9281 : 65535;
9282 : 65535;
9283 : 65535;
9284 : 65535;
9285 : 65535;
9286 : 65535;
9287 : 65535;
9288 : 65503;
9289 : 57051;
9290 : 48599;
9291 : 31791;
9292 : 21385;
9293 : 15141;
9294 : 11107;
9295 : 11171;
9296 : 11299;
9297 : 13476;
9298 : 13540;
9299 : 13572;
9300 : 15652;
9301 : 15684;
9302 : 15684;
9303 : 15684;
9304 : 15684;
9305 : 15684;
9306 : 15652;
9307 : 15620;
9308 : 13540;
9309 : 13443;
9310 : 11299;
9311 : 11011;
9312 : 8739;
9313 : 19145;
9314 : 35953;
9315 : 54938;
9316 : 65535;
9317 : 65535;
9318 : 65535;
9319 : 65535;
9320 : 65535;
9321 : 65535;
9322 : 65535;
9323 : 65535;
9324 : 65535;
9325 : 65535;
9326 : 65535;
9327 : 65535;
9328 : 65535;
9329 : 65535;
9330 : 65535;
9331 : 65535;
9332 : 65535;
9333 : 65535;
9334 : 65535;
9335 : 65535;
9336 : 65535;
9337 : 65535;
9338 : 65535;
9339 : 65535;
9340 : 65535;
9341 : 65535;
9342 : 65535;
9343 : 65535;
9344 : 65503;
9345 : 21195;
9346 : 15218;
9347 : 19380;
9348 : 17332;
9349 : 19380;
9350 : 19380;
9351 : 17332;
9352 : 17331;
9353 : 17331;
9354 : 17300;
9355 : 17300;
9356 : 17300;
9357 : 17300;
9358 : 17300;
9359 : 17300;
9360 : 17300;
9361 : 17300;
9362 : 17300;
9363 : 17300;
9364 : 17331;
9365 : 17332;
9366 : 15054;
9367 : 29228;
9368 : 39634;
9369 : 37586;
9370 : 39634;
9371 : 39667;
9372 : 39634;
9373 : 39633;
9374 : 29195;
9375 : 12843;
9376 : 19412;
9377 : 17364;
9378 : 19411;
9379 : 17331;
9380 : 17332;
9381 : 17332;
9382 : 17364;
9383 : 15151;
9384 : 12874;
9385 : 15119;
9386 : 17364;
9387 : 19380;
9388 : 17332;
9389 : 17300;
9390 : 17300;
9391 : 17300;
9392 : 17300;
9393 : 17300;
9394 : 17300;
9395 : 17300;
9396 : 17300;
9397 : 17331;
9398 : 17331;
9399 : 17363;
9400 : 17363;
9401 : 17363;
9402 : 17363;
9403 : 17331;
9404 : 17331;
9405 : 17331;
9406 : 19412;
9407 : 13007;
9408 : 29614;
9409 : 65535;
9410 : 65535;
9411 : 65535;
9412 : 65535;
9413 : 65535;
9414 : 65535;
9415 : 65535;
9416 : 65535;
9417 : 65535;
9418 : 65535;
9419 : 65535;
9420 : 65503;
9421 : 59132;
9422 : 50712;
9423 : 42259;
9424 : 33840;
9425 : 23371;
9426 : 21257;
9427 : 17095;
9428 : 15014;
9429 : 12997;
9430 : 15109;
9431 : 13029;
9432 : 15077;
9433 : 13029;
9434 : 15110;
9435 : 21353;
9436 : 27628;
9437 : 31790;
9438 : 40178;
9439 : 44405;
9440 : 52825;
9441 : 65503;
9442 : 65535;
9443 : 65535;
9444 : 65535;
9445 : 65535;
9446 : 65535;
9447 : 65535;
9448 : 65535;
9449 : 65535;
9450 : 65535;
9451 : 65535;
9452 : 65535;
9453 : 65535;
9454 : 65535;
9455 : 65535;
9456 : 65535;
9457 : 65535;
9458 : 65535;
9459 : 65535;
9460 : 65535;
9461 : 65535;
9462 : 65535;
9463 : 65535;
9464 : 65535;
9465 : 65535;
9466 : 65535;
9467 : 65535;
9468 : 65535;
9469 : 65535;
9470 : 65535;
9471 : 65535;
9472 : 59131;
9473 : 12841;
9474 : 17332;
9475 : 19379;
9476 : 17332;
9477 : 19379;
9478 : 17331;
9479 : 19412;
9480 : 19412;
9481 : 17364;
9482 : 17332;
9483 : 17332;
9484 : 17299;
9485 : 17299;
9486 : 17300;
9487 : 17300;
9488 : 17300;
9489 : 17300;
9490 : 17300;
9491 : 17300;
9492 : 17300;
9493 : 17332;
9494 : 14988;
9495 : 33423;
9496 : 39634;
9497 : 37586;
9498 : 37586;
9499 : 37586;
9500 : 39634;
9501 : 39634;
9502 : 23018;
9503 : 17199;
9504 : 17363;
9505 : 17363;
9506 : 19412;
9507 : 17331;
9508 : 19412;
9509 : 19412;
9510 : 17331;
9511 : 19411;
9512 : 19444;
9513 : 19412;
9514 : 19411;
9515 : 19411;
9516 : 17331;
9517 : 17331;
9518 : 17299;
9519 : 17300;
9520 : 17300;
9521 : 17300;
9522 : 17300;
9523 : 17300;
9524 : 17300;
9525 : 17332;
9526 : 17331;
9527 : 17363;
9528 : 17363;
9529 : 19411;
9530 : 17331;
9531 : 19379;
9532 : 19379;
9533 : 17331;
9534 : 19412;
9535 : 17266;
9536 : 17002;
9537 : 63422;
9538 : 65535;
9539 : 65535;
9540 : 65535;
9541 : 65535;
9542 : 65535;
9543 : 65535;
9544 : 65535;
9545 : 65535;
9546 : 65535;
9547 : 65535;
9548 : 65535;
9549 : 65535;
9550 : 65535;
9551 : 65535;
9552 : 65535;
9553 : 65535;
9554 : 65535;
9555 : 65471;
9556 : 63358;
9557 : 61277;
9558 : 61245;
9559 : 61277;
9560 : 61245;
9561 : 61245;
9562 : 63358;
9563 : 65503;
9564 : 65535;
9565 : 65535;
9566 : 65535;
9567 : 65535;
9568 : 65535;
9569 : 65535;
9570 : 65535;
9571 : 65535;
9572 : 65535;
9573 : 65535;
9574 : 65535;
9575 : 65535;
9576 : 65535;
9577 : 65535;
9578 : 65535;
9579 : 65535;
9580 : 65535;
9581 : 65535;
9582 : 65535;
9583 : 65535;
9584 : 65535;
9585 : 65535;
9586 : 65535;
9587 : 65535;
9588 : 65535;
9589 : 65535;
9590 : 65535;
9591 : 65535;
9592 : 65535;
9593 : 65535;
9594 : 65535;
9595 : 65535;
9596 : 65535;
9597 : 65535;
9598 : 65535;
9599 : 65535;
9600 : 50711;
9601 : 10761;
9602 : 17332;
9603 : 19379;
9604 : 19412;
9605 : 19412;
9606 : 19411;
9607 : 19411;
9608 : 19380;
9609 : 19380;
9610 : 19380;
9611 : 19380;
9612 : 17332;
9613 : 17331;
9614 : 17300;
9615 : 17300;
9616 : 17300;
9617 : 17300;
9618 : 17300;
9619 : 17300;
9620 : 17300;
9621 : 17300;
9622 : 14923;
9623 : 35472;
9624 : 39634;
9625 : 37554;
9626 : 37554;
9627 : 37554;
9628 : 37586;
9629 : 37553;
9630 : 14858;
9631 : 17363;
9632 : 17331;
9633 : 19411;
9634 : 19412;
9635 : 19412;
9636 : 19380;
9637 : 19412;
9638 : 19379;
9639 : 19411;
9640 : 17363;
9641 : 19411;
9642 : 19411;
9643 : 19411;
9644 : 19411;
9645 : 17331;
9646 : 17331;
9647 : 17300;
9648 : 17300;
9649 : 17300;
9650 : 17300;
9651 : 17300;
9652 : 17300;
9653 : 17300;
9654 : 17332;
9655 : 17331;
9656 : 17331;
9657 : 17331;
9658 : 19412;
9659 : 19379;
9660 : 19379;
9661 : 17363;
9662 : 17331;
9663 : 17332;
9664 : 10729;
9665 : 54937;
9666 : 65535;
9667 : 65535;
9668 : 65535;
9669 : 65535;
9670 : 65535;
9671 : 65535;
9672 : 65535;
9673 : 65535;
9674 : 65535;
9675 : 65535;
9676 : 65535;
9677 : 65535;
9678 : 65535;
9679 : 65535;
9680 : 65535;
9681 : 65535;
9682 : 65535;
9683 : 65535;
9684 : 65535;
9685 : 65535;
9686 : 65535;
9687 : 65535;
9688 : 65535;
9689 : 65535;
9690 : 65535;
9691 : 65535;
9692 : 65535;
9693 : 65535;
9694 : 65535;
9695 : 65535;
9696 : 65535;
9697 : 65535;
9698 : 65535;
9699 : 65535;
9700 : 65535;
9701 : 65535;
9702 : 65535;
9703 : 65535;
9704 : 65535;
9705 : 65535;
9706 : 65535;
9707 : 65535;
9708 : 65535;
9709 : 65535;
9710 : 65535;
9711 : 65535;
9712 : 65535;
9713 : 65535;
9714 : 65535;
9715 : 65535;
9716 : 65535;
9717 : 65535;
9718 : 65535;
9719 : 65535;
9720 : 65535;
9721 : 65535;
9722 : 65535;
9723 : 65535;
9724 : 65535;
9725 : 65535;
9726 : 65535;
9727 : 65535;
9728 : 50711;
9729 : 10729;
9730 : 17331;
9731 : 19379;
9732 : 19444;
9733 : 19444;
9734 : 19444;
9735 : 19412;
9736 : 19380;
9737 : 19380;
9738 : 19380;
9739 : 19380;
9740 : 19380;
9741 : 19380;
9742 : 17332;
9743 : 17332;
9744 : 17300;
9745 : 17300;
9746 : 17300;
9747 : 17300;
9748 : 17300;
9749 : 17299;
9750 : 16939;
9751 : 37520;
9752 : 37585;
9753 : 37618;
9754 : 39698;
9755 : 39698;
9756 : 39666;
9757 : 29229;
9758 : 15021;
9759 : 19411;
9760 : 17331;
9761 : 19411;
9762 : 19379;
9763 : 19379;
9764 : 19380;
9765 : 19412;
9766 : 19412;
9767 : 17332;
9768 : 19380;
9769 : 19412;
9770 : 19412;
9771 : 17363;
9772 : 19411;
9773 : 19379;
9774 : 17332;
9775 : 17300;
9776 : 17300;
9777 : 17300;
9778 : 17300;
9779 : 17300;
9780 : 17300;
9781 : 17300;
9782 : 17299;
9783 : 17331;
9784 : 17331;
9785 : 17331;
9786 : 19411;
9787 : 19411;
9788 : 19411;
9789 : 19411;
9790 : 17331;
9791 : 19412;
9792 : 10795;
9793 : 44405;
9794 : 65535;
9795 : 65535;
9796 : 65535;
9797 : 65535;
9798 : 65535;
9799 : 65535;
9800 : 65535;
9801 : 65535;
9802 : 65535;
9803 : 65535;
9804 : 65535;
9805 : 65535;
9806 : 65535;
9807 : 65535;
9808 : 65535;
9809 : 65535;
9810 : 65535;
9811 : 65535;
9812 : 65535;
9813 : 65535;
9814 : 65535;
9815 : 65535;
9816 : 65535;
9817 : 65535;
9818 : 65535;
9819 : 65535;
9820 : 65535;
9821 : 65535;
9822 : 65535;
9823 : 65535;
9824 : 65535;
9825 : 65535;
9826 : 65535;
9827 : 65535;
9828 : 65535;
9829 : 65535;
9830 : 65535;
9831 : 65535;
9832 : 65535;
9833 : 65535;
9834 : 65535;
9835 : 65535;
9836 : 65535;
9837 : 65535;
9838 : 65535;
9839 : 65535;
9840 : 65535;
9841 : 65535;
9842 : 65535;
9843 : 65535;
9844 : 65535;
9845 : 65535;
9846 : 65535;
9847 : 65535;
9848 : 65535;
9849 : 65535;
9850 : 65535;
9851 : 65535;
9852 : 65535;
9853 : 65535;
9854 : 65535;
9855 : 65535;
9856 : 54970;
9857 : 10729;
9858 : 17331;
9859 : 17331;
9860 : 19444;
9861 : 19477;
9862 : 19477;
9863 : 19444;
9864 : 19412;
9865 : 19412;
9866 : 17332;
9867 : 19380;
9868 : 19380;
9869 : 19380;
9870 : 17331;
9871 : 17299;
9872 : 17331;
9873 : 17300;
9874 : 17300;
9875 : 17300;
9876 : 17300;
9877 : 17299;
9878 : 16873;
9879 : 39730;
9880 : 44022;
9881 : 46167;
9882 : 48280;
9883 : 48280;
9884 : 46199;
9885 : 23115;
9886 : 15216;
9887 : 17363;
9888 : 19411;
9889 : 19411;
9890 : 17363;
9891 : 17331;
9892 : 19379;
9893 : 19412;
9894 : 19380;
9895 : 19380;
9896 : 19412;
9897 : 19412;
9898 : 19412;
9899 : 17363;
9900 : 19411;
9901 : 19380;
9902 : 17300;
9903 : 17300;
9904 : 17300;
9905 : 17300;
9906 : 17300;
9907 : 17300;
9908 : 17300;
9909 : 17300;
9910 : 17299;
9911 : 17299;
9912 : 17331;
9913 : 17331;
9914 : 17331;
9915 : 17363;
9916 : 19411;
9917 : 19411;
9918 : 17331;
9919 : 19412;
9920 : 10861;
9921 : 35985;
9922 : 65535;
9923 : 65535;
9924 : 65535;
9925 : 65535;
9926 : 65535;
9927 : 65535;
9928 : 65535;
9929 : 65535;
9930 : 65535;
9931 : 65535;
9932 : 65535;
9933 : 65535;
9934 : 65535;
9935 : 65535;
9936 : 65535;
9937 : 65535;
9938 : 65535;
9939 : 65535;
9940 : 65535;
9941 : 65535;
9942 : 65535;
9943 : 65535;
9944 : 65535;
9945 : 65535;
9946 : 65535;
9947 : 65535;
9948 : 65535;
9949 : 65535;
9950 : 65535;
9951 : 65535;
9952 : 65535;
9953 : 65535;
9954 : 65535;
9955 : 65535;
9956 : 65535;
9957 : 65535;
9958 : 65535;
9959 : 65535;
9960 : 65535;
9961 : 65535;
9962 : 65535;
9963 : 65535;
9964 : 65535;
9965 : 65535;
9966 : 65535;
9967 : 65535;
9968 : 65535;
9969 : 65535;
9970 : 65535;
9971 : 65535;
9972 : 65535;
9973 : 65535;
9974 : 65535;
9975 : 65535;
9976 : 65535;
9977 : 65535;
9978 : 65535;
9979 : 65535;
9980 : 65535;
9981 : 65535;
9982 : 65535;
9983 : 65535;
9984 : 59196;
9985 : 12841;
9986 : 17331;
9987 : 19412;
9988 : 19444;
9989 : 19477;
9990 : 21525;
9991 : 19477;
9992 : 19444;
9993 : 19412;
9994 : 19380;
9995 : 17332;
9996 : 17331;
9997 : 17331;
9998 : 17332;
9999 : 17300;
10000 : 17300;
10001 : 17300;
10002 : 17299;
10003 : 17300;
10004 : 17300;
10005 : 17266;
10006 : 16873;
10007 : 46166;
10008 : 50457;
10009 : 50489;
10010 : 50457;
10011 : 50489;
10012 : 42132;
10013 : 12842;
10014 : 19411;
10015 : 19411;
10016 : 19411;
10017 : 19411;
10018 : 19411;
10019 : 19411;
10020 : 19411;
10021 : 19411;
10022 : 19411;
10023 : 19411;
10024 : 19411;
10025 : 19411;
10026 : 19411;
10027 : 17363;
10028 : 17331;
10029 : 17331;
10030 : 17300;
10031 : 17300;
10032 : 17300;
10033 : 17300;
10034 : 17300;
10035 : 17300;
10036 : 17300;
10037 : 17300;
10038 : 17300;
10039 : 17300;
10040 : 17300;
10041 : 17332;
10042 : 17332;
10043 : 17331;
10044 : 19412;
10045 : 19412;
10046 : 19412;
10047 : 19412;
10048 : 13040;
10049 : 27501;
10050 : 65535;
10051 : 65535;
10052 : 65535;
10053 : 65535;
10054 : 65535;
10055 : 65535;
10056 : 65535;
10057 : 65535;
10058 : 65535;
10059 : 65535;
10060 : 65535;
10061 : 65535;
10062 : 65535;
10063 : 65535;
10064 : 65535;
10065 : 65535;
10066 : 65535;
10067 : 65535;
10068 : 65535;
10069 : 65535;
10070 : 65535;
10071 : 65535;
10072 : 65535;
10073 : 65535;
10074 : 65535;
10075 : 65535;
10076 : 65535;
10077 : 65535;
10078 : 65535;
10079 : 65535;
10080 : 65535;
10081 : 65535;
10082 : 65535;
10083 : 65535;
10084 : 65535;
10085 : 65535;
10086 : 65535;
10087 : 65535;
10088 : 65535;
10089 : 65535;
10090 : 65535;
10091 : 65535;
10092 : 65535;
10093 : 65535;
10094 : 65535;
10095 : 65535;
10096 : 65535;
10097 : 65535;
10098 : 65535;
10099 : 65535;
10100 : 65535;
10101 : 65535;
10102 : 65535;
10103 : 65535;
10104 : 65535;
10105 : 65535;
10106 : 65535;
10107 : 65535;
10108 : 65535;
10109 : 65535;
10110 : 65535;
10111 : 65535;
10112 : 63390;
10113 : 16969;
10114 : 17298;
10115 : 19445;
10116 : 19444;
10117 : 21525;
10118 : 21525;
10119 : 21525;
10120 : 19444;
10121 : 19412;
10122 : 19412;
10123 : 19379;
10124 : 17332;
10125 : 17300;
10126 : 17300;
10127 : 17300;
10128 : 17300;
10129 : 17300;
10130 : 17300;
10131 : 17300;
10132 : 17299;
10133 : 17299;
10134 : 14890;
10135 : 48343;
10136 : 50457;
10137 : 48408;
10138 : 50457;
10139 : 50456;
10140 : 23212;
10141 : 17233;
10142 : 19412;
10143 : 19411;
10144 : 19411;
10145 : 19411;
10146 : 19411;
10147 : 19411;
10148 : 19411;
10149 : 19411;
10150 : 19411;
10151 : 17363;
10152 : 17363;
10153 : 17331;
10154 : 17363;
10155 : 19412;
10156 : 17331;
10157 : 17299;
10158 : 17299;
10159 : 17300;
10160 : 17300;
10161 : 17300;
10162 : 17300;
10163 : 17300;
10164 : 17300;
10165 : 17300;
10166 : 17300;
10167 : 17300;
10168 : 17300;
10169 : 17300;
10170 : 17300;
10171 : 17331;
10172 : 17331;
10173 : 17332;
10174 : 19412;
10175 : 17331;
10176 : 15185;
10177 : 17001;
10178 : 65535;
10179 : 65535;
10180 : 65535;
10181 : 65535;
10182 : 65535;
10183 : 65535;
10184 : 65535;
10185 : 65535;
10186 : 65535;
10187 : 65535;
10188 : 65535;
10189 : 65535;
10190 : 65535;
10191 : 65535;
10192 : 65535;
10193 : 65535;
10194 : 65535;
10195 : 65535;
10196 : 65535;
10197 : 65535;
10198 : 65535;
10199 : 65535;
10200 : 65535;
10201 : 65535;
10202 : 65535;
10203 : 65535;
10204 : 65535;
10205 : 65535;
10206 : 65535;
10207 : 65535;
10208 : 65535;
10209 : 65535;
10210 : 65535;
10211 : 65535;
10212 : 65535;
10213 : 65535;
10214 : 65535;
10215 : 65535;
10216 : 65535;
10217 : 65535;
10218 : 65535;
10219 : 65535;
10220 : 65535;
10221 : 65535;
10222 : 65535;
10223 : 65535;
10224 : 65535;
10225 : 65535;
10226 : 65535;
10227 : 65535;
10228 : 65535;
10229 : 65535;
10230 : 65535;
10231 : 65535;
10232 : 65535;
10233 : 65535;
10234 : 65535;
10235 : 65535;
10236 : 65535;
10237 : 65535;
10238 : 65535;
10239 : 65535;
10240 : 65535;
10241 : 25356;
10242 : 15119;
10243 : 21525;
10244 : 21525;
10245 : 21525;
10246 : 21525;
10247 : 21525;
10248 : 21525;
10249 : 21493;
10250 : 19444;
10251 : 19412;
10252 : 19412;
10253 : 19380;
10254 : 17300;
10255 : 17300;
10256 : 17300;
10257 : 17300;
10258 : 17300;
10259 : 17300;
10260 : 17300;
10261 : 17332;
10262 : 10794;
10263 : 37907;
10264 : 52570;
10265 : 50457;
10266 : 50522;
10267 : 31632;
10268 : 15054;
10269 : 19412;
10270 : 19411;
10271 : 19411;
10272 : 19411;
10273 : 19411;
10274 : 19411;
10275 : 19411;
10276 : 19411;
10277 : 19411;
10278 : 19379;
10279 : 17331;
10280 : 19379;
10281 : 19379;
10282 : 19380;
10283 : 19380;
10284 : 17331;
10285 : 17299;
10286 : 17299;
10287 : 17300;
10288 : 17300;
10289 : 17300;
10290 : 17300;
10291 : 17332;
10292 : 17332;
10293 : 17332;
10294 : 17332;
10295 : 17300;
10296 : 17300;
10297 : 17300;
10298 : 17300;
10299 : 17300;
10300 : 17300;
10301 : 17332;
10302 : 17332;
10303 : 17332;
10304 : 17266;
10305 : 12776;
10306 : 63389;
10307 : 65535;
10308 : 65535;
10309 : 65535;
10310 : 65535;
10311 : 65535;
10312 : 65535;
10313 : 65535;
10314 : 65535;
10315 : 65535;
10316 : 65535;
10317 : 65535;
10318 : 65535;
10319 : 65535;
10320 : 65535;
10321 : 65535;
10322 : 65535;
10323 : 65535;
10324 : 65535;
10325 : 65535;
10326 : 65535;
10327 : 65535;
10328 : 65535;
10329 : 65535;
10330 : 65535;
10331 : 65535;
10332 : 65535;
10333 : 65535;
10334 : 65535;
10335 : 65535;
10336 : 65535;
10337 : 65535;
10338 : 65535;
10339 : 65535;
10340 : 65535;
10341 : 65535;
10342 : 65535;
10343 : 65535;
10344 : 65535;
10345 : 65535;
10346 : 65535;
10347 : 65535;
10348 : 65535;
10349 : 65535;
10350 : 65535;
10351 : 65535;
10352 : 65535;
10353 : 65535;
10354 : 65535;
10355 : 65535;
10356 : 65535;
10357 : 65535;
10358 : 65535;
10359 : 65535;
10360 : 65535;
10361 : 65535;
10362 : 65535;
10363 : 65535;
10364 : 65535;
10365 : 65535;
10366 : 65535;
10367 : 65535;
10368 : 65535;
10369 : 44405;
10370 : 12907;
10371 : 21525;
10372 : 21525;
10373 : 21525;
10374 : 21525;
10375 : 21525;
10376 : 21525;
10377 : 21525;
10378 : 21492;
10379 : 19412;
10380 : 19444;
10381 : 19412;
10382 : 17300;
10383 : 17300;
10384 : 17300;
10385 : 17300;
10386 : 17300;
10387 : 17300;
10388 : 17300;
10389 : 17332;
10390 : 13039;
10391 : 12678;
10392 : 42100;
10393 : 46327;
10394 : 27405;
10395 : 14988;
10396 : 17332;
10397 : 19379;
10398 : 17363;
10399 : 17331;
10400 : 17363;
10401 : 17363;
10402 : 19411;
10403 : 19411;
10404 : 19411;
10405 : 19411;
10406 : 19411;
10407 : 19379;
10408 : 19380;
10409 : 19379;
10410 : 19379;
10411 : 17331;
10412 : 17331;
10413 : 17332;
10414 : 17300;
10415 : 17299;
10416 : 17299;
10417 : 17299;
10418 : 17299;
10419 : 17331;
10420 : 19380;
10421 : 17332;
10422 : 17332;
10423 : 17300;
10424 : 17300;
10425 : 17300;
10426 : 17300;
10427 : 17300;
10428 : 17300;
10429 : 17300;
10430 : 17300;
10431 : 17300;
10432 : 17266;
10433 : 12743;
10434 : 61309;
10435 : 65535;
10436 : 65535;
10437 : 65535;
10438 : 65535;
10439 : 65535;
10440 : 65535;
10441 : 65535;
10442 : 65535;
10443 : 65535;
10444 : 65535;
10445 : 65535;
10446 : 65535;
10447 : 65535;
10448 : 65535;
10449 : 65535;
10450 : 65535;
10451 : 65535;
10452 : 65535;
10453 : 65535;
10454 : 65535;
10455 : 65535;
10456 : 65535;
10457 : 65535;
10458 : 65535;
10459 : 65535;
10460 : 65535;
10461 : 65535;
10462 : 65535;
10463 : 65535;
10464 : 65535;
10465 : 65535;
10466 : 65535;
10467 : 65535;
10468 : 65535;
10469 : 65535;
10470 : 65535;
10471 : 65535;
10472 : 65535;
10473 : 65535;
10474 : 65535;
10475 : 65535;
10476 : 65535;
10477 : 65535;
10478 : 65535;
10479 : 65535;
10480 : 65535;
10481 : 65535;
10482 : 65535;
10483 : 65535;
10484 : 65535;
10485 : 65535;
10486 : 65535;
10487 : 65535;
10488 : 65535;
10489 : 65535;
10490 : 65535;
10491 : 65535;
10492 : 65535;
10493 : 65535;
10494 : 65535;
10495 : 65535;
10496 : 65535;
10497 : 63389;
10498 : 14954;
10499 : 19412;
10500 : 21525;
10501 : 21525;
10502 : 21525;
10503 : 21525;
10504 : 21525;
10505 : 21525;
10506 : 21525;
10507 : 21525;
10508 : 21525;
10509 : 19444;
10510 : 17331;
10511 : 17299;
10512 : 17300;
10513 : 17300;
10514 : 17300;
10515 : 17300;
10516 : 17300;
10517 : 17300;
10518 : 17300;
10519 : 12909;
10520 : 10696;
10521 : 14923;
10522 : 15054;
10523 : 17299;
10524 : 17332;
10525 : 19380;
10526 : 19411;
10527 : 17363;
10528 : 19411;
10529 : 19411;
10530 : 17363;
10531 : 19411;
10532 : 19411;
10533 : 17363;
10534 : 17331;
10535 : 17331;
10536 : 17331;
10537 : 17331;
10538 : 17331;
10539 : 17331;
10540 : 17331;
10541 : 19411;
10542 : 19379;
10543 : 17331;
10544 : 17299;
10545 : 17299;
10546 : 17299;
10547 : 17299;
10548 : 17331;
10549 : 17331;
10550 : 17332;
10551 : 17300;
10552 : 17300;
10553 : 17300;
10554 : 17300;
10555 : 17300;
10556 : 17300;
10557 : 17300;
10558 : 17300;
10559 : 17299;
10560 : 17234;
10561 : 12743;
10562 : 63357;
10563 : 65535;
10564 : 65535;
10565 : 65535;
10566 : 65535;
10567 : 65535;
10568 : 65535;
10569 : 65535;
10570 : 65535;
10571 : 65535;
10572 : 65535;
10573 : 65535;
10574 : 65535;
10575 : 65535;
10576 : 65535;
10577 : 65535;
10578 : 65535;
10579 : 65535;
10580 : 65535;
10581 : 65535;
10582 : 65535;
10583 : 65535;
10584 : 65535;
10585 : 65535;
10586 : 65535;
10587 : 65535;
10588 : 65535;
10589 : 65535;
10590 : 65535;
10591 : 65535;
10592 : 65535;
10593 : 65535;
10594 : 65535;
10595 : 65535;
10596 : 65535;
10597 : 65535;
10598 : 65535;
10599 : 65535;
10600 : 65535;
10601 : 65535;
10602 : 65535;
10603 : 65535;
10604 : 65535;
10605 : 65535;
10606 : 65535;
10607 : 65535;
10608 : 65535;
10609 : 65535;
10610 : 65535;
10611 : 65535;
10612 : 65535;
10613 : 65535;
10614 : 65535;
10615 : 65535;
10616 : 65535;
10617 : 65535;
10618 : 65535;
10619 : 65535;
10620 : 65535;
10621 : 65535;
10622 : 65535;
10623 : 65535;
10624 : 65535;
10625 : 65535;
10626 : 27534;
10627 : 15119;
10628 : 21557;
10629 : 21525;
10630 : 21557;
10631 : 21557;
10632 : 21557;
10633 : 21525;
10634 : 21525;
10635 : 21525;
10636 : 21525;
10637 : 21525;
10638 : 19411;
10639 : 17299;
10640 : 17331;
10641 : 17299;
10642 : 17300;
10643 : 17300;
10644 : 17300;
10645 : 17300;
10646 : 17300;
10647 : 17300;
10648 : 17299;
10649 : 17299;
10650 : 19380;
10651 : 17300;
10652 : 17300;
10653 : 17332;
10654 : 19380;
10655 : 19411;
10656 : 19411;
10657 : 17363;
10658 : 17363;
10659 : 17363;
10660 : 19411;
10661 : 19411;
10662 : 17331;
10663 : 17331;
10664 : 17331;
10665 : 17331;
10666 : 19411;
10667 : 17363;
10668 : 17331;
10669 : 19411;
10670 : 19379;
10671 : 17331;
10672 : 17299;
10673 : 17299;
10674 : 17299;
10675 : 17299;
10676 : 17331;
10677 : 17299;
10678 : 17332;
10679 : 17300;
10680 : 17300;
10681 : 17300;
10682 : 17300;
10683 : 17300;
10684 : 17300;
10685 : 17300;
10686 : 17300;
10687 : 17300;
10688 : 15153;
10689 : 14856;
10690 : 65503;
10691 : 65535;
10692 : 65535;
10693 : 65535;
10694 : 65535;
10695 : 65535;
10696 : 65535;
10697 : 65535;
10698 : 65535;
10699 : 65535;
10700 : 65535;
10701 : 65535;
10702 : 65535;
10703 : 65535;
10704 : 65535;
10705 : 65535;
10706 : 65535;
10707 : 65535;
10708 : 65535;
10709 : 65535;
10710 : 65535;
10711 : 65535;
10712 : 65535;
10713 : 65535;
10714 : 65535;
10715 : 65535;
10716 : 65535;
10717 : 65535;
10718 : 65535;
10719 : 65535;
10720 : 65535;
10721 : 65535;
10722 : 65535;
10723 : 65535;
10724 : 65535;
10725 : 65535;
10726 : 65535;
10727 : 65535;
10728 : 65535;
10729 : 65535;
10730 : 65535;
10731 : 65535;
10732 : 65535;
10733 : 65535;
10734 : 65535;
10735 : 65535;
10736 : 65535;
10737 : 65535;
10738 : 65535;
10739 : 65535;
10740 : 65535;
10741 : 65535;
10742 : 65535;
10743 : 65535;
10744 : 65535;
10745 : 65535;
10746 : 65535;
10747 : 65535;
10748 : 65535;
10749 : 65535;
10750 : 65535;
10751 : 65535;
10752 : 65535;
10753 : 65535;
10754 : 54970;
10755 : 12873;
10756 : 21556;
10757 : 23605;
10758 : 21557;
10759 : 21557;
10760 : 21557;
10761 : 21557;
10762 : 21557;
10763 : 21557;
10764 : 21556;
10765 : 21557;
10766 : 19444;
10767 : 17331;
10768 : 17331;
10769 : 17331;
10770 : 17299;
10771 : 17299;
10772 : 17299;
10773 : 17300;
10774 : 17300;
10775 : 17300;
10776 : 17300;
10777 : 17300;
10778 : 17300;
10779 : 17299;
10780 : 17300;
10781 : 17331;
10782 : 17331;
10783 : 19380;
10784 : 19412;
10785 : 17331;
10786 : 17363;
10787 : 17363;
10788 : 19411;
10789 : 17363;
10790 : 17331;
10791 : 17363;
10792 : 19411;
10793 : 19412;
10794 : 19411;
10795 : 19411;
10796 : 17331;
10797 : 19411;
10798 : 17331;
10799 : 17332;
10800 : 17299;
10801 : 17299;
10802 : 17299;
10803 : 17299;
10804 : 17299;
10805 : 17299;
10806 : 17331;
10807 : 17300;
10808 : 17300;
10809 : 17300;
10810 : 17300;
10811 : 17300;
10812 : 17300;
10813 : 17300;
10814 : 17300;
10815 : 17332;
10816 : 13039;
10817 : 21162;
10818 : 65535;
10819 : 65535;
10820 : 65535;
10821 : 65535;
10822 : 65535;
10823 : 65535;
10824 : 65535;
10825 : 65535;
10826 : 65535;
10827 : 65535;
10828 : 65535;
10829 : 65535;
10830 : 65535;
10831 : 65535;
10832 : 65535;
10833 : 65535;
10834 : 65535;
10835 : 65535;
10836 : 65535;
10837 : 65535;
10838 : 65535;
10839 : 65535;
10840 : 65535;
10841 : 65535;
10842 : 65535;
10843 : 65535;
10844 : 65535;
10845 : 65535;
10846 : 65535;
10847 : 65535;
10848 : 65535;
10849 : 65535;
10850 : 65535;
10851 : 65535;
10852 : 65535;
10853 : 65535;
10854 : 65535;
10855 : 65535;
10856 : 65535;
10857 : 65535;
10858 : 65535;
10859 : 65535;
10860 : 65535;
10861 : 65535;
10862 : 65535;
10863 : 65535;
10864 : 65535;
10865 : 65535;
10866 : 65535;
10867 : 65535;
10868 : 65535;
10869 : 65535;
10870 : 65535;
10871 : 65535;
10872 : 65535;
10873 : 65535;
10874 : 65535;
10875 : 65535;
10876 : 65535;
10877 : 65535;
10878 : 65535;
10879 : 65535;
10880 : 65535;
10881 : 65535;
10882 : 65535;
10883 : 33872;
10884 : 15119;
10885 : 21589;
10886 : 21557;
10887 : 21557;
10888 : 23605;
10889 : 21557;
10890 : 21557;
10891 : 21557;
10892 : 21557;
10893 : 21557;
10894 : 21557;
10895 : 19444;
10896 : 17363;
10897 : 17331;
10898 : 17331;
10899 : 17299;
10900 : 17299;
10901 : 17300;
10902 : 17300;
10903 : 17300;
10904 : 17300;
10905 : 17300;
10906 : 17300;
10907 : 17299;
10908 : 17331;
10909 : 17331;
10910 : 17332;
10911 : 17332;
10912 : 17332;
10913 : 17332;
10914 : 17332;
10915 : 17332;
10916 : 19379;
10917 : 17363;
10918 : 17363;
10919 : 19411;
10920 : 19411;
10921 : 19411;
10922 : 19411;
10923 : 19411;
10924 : 17331;
10925 : 19411;
10926 : 17331;
10927 : 17331;
10928 : 17299;
10929 : 17299;
10930 : 17300;
10931 : 17300;
10932 : 17299;
10933 : 17299;
10934 : 17331;
10935 : 17300;
10936 : 17300;
10937 : 17300;
10938 : 17300;
10939 : 17300;
10940 : 17300;
10941 : 17299;
10942 : 17300;
10943 : 17332;
10944 : 10861;
10945 : 31727;
10946 : 65535;
10947 : 65535;
10948 : 65535;
10949 : 65535;
10950 : 65535;
10951 : 65535;
10952 : 65535;
10953 : 65535;
10954 : 65535;
10955 : 65535;
10956 : 65535;
10957 : 65535;
10958 : 65535;
10959 : 65535;
10960 : 65535;
10961 : 65535;
10962 : 65535;
10963 : 65535;
10964 : 65535;
10965 : 65535;
10966 : 65535;
10967 : 65535;
10968 : 65535;
10969 : 65535;
10970 : 65535;
10971 : 65535;
10972 : 65535;
10973 : 65535;
10974 : 65535;
10975 : 65535;
10976 : 65535;
10977 : 65535;
10978 : 65535;
10979 : 65535;
10980 : 65535;
10981 : 65535;
10982 : 65535;
10983 : 65535;
10984 : 65535;
10985 : 65535;
10986 : 65535;
10987 : 65535;
10988 : 65535;
10989 : 65535;
10990 : 65535;
10991 : 65535;
10992 : 65535;
10993 : 65535;
10994 : 65535;
10995 : 65535;
10996 : 65535;
10997 : 65535;
10998 : 65535;
10999 : 65535;
11000 : 65535;
11001 : 65535;
11002 : 65535;
11003 : 65535;
11004 : 65535;
11005 : 65535;
11006 : 65535;
11007 : 65535;
11008 : 65535;
11009 : 65535;
11010 : 65535;
11011 : 61277;
11012 : 16969;
11013 : 19411;
11014 : 21557;
11015 : 23605;
11016 : 23604;
11017 : 23636;
11018 : 23604;
11019 : 23604;
11020 : 21557;
11021 : 21557;
11022 : 21557;
11023 : 21524;
11024 : 19411;
11025 : 17331;
11026 : 17331;
11027 : 17299;
11028 : 17299;
11029 : 17300;
11030 : 17300;
11031 : 17300;
11032 : 17300;
11033 : 17300;
11034 : 17300;
11035 : 17299;
11036 : 17299;
11037 : 17300;
11038 : 17300;
11039 : 17300;
11040 : 17300;
11041 : 17300;
11042 : 17300;
11043 : 17332;
11044 : 17331;
11045 : 17363;
11046 : 17363;
11047 : 17363;
11048 : 19411;
11049 : 19411;
11050 : 19411;
11051 : 19411;
11052 : 17331;
11053 : 19411;
11054 : 19412;
11055 : 17331;
11056 : 17299;
11057 : 17299;
11058 : 17300;
11059 : 17300;
11060 : 17299;
11061 : 17299;
11062 : 17331;
11063 : 17332;
11064 : 17300;
11065 : 17300;
11066 : 17300;
11067 : 17300;
11068 : 17300;
11069 : 17299;
11070 : 17300;
11071 : 17332;
11072 : 10762;
11073 : 44373;
11074 : 65535;
11075 : 65535;
11076 : 65535;
11077 : 65535;
11078 : 65535;
11079 : 65535;
11080 : 65535;
11081 : 65535;
11082 : 65535;
11083 : 65535;
11084 : 65535;
11085 : 65535;
11086 : 65535;
11087 : 65535;
11088 : 65535;
11089 : 65535;
11090 : 65535;
11091 : 65535;
11092 : 65535;
11093 : 65535;
11094 : 65535;
11095 : 65535;
11096 : 65535;
11097 : 65535;
11098 : 65535;
11099 : 65535;
11100 : 65535;
11101 : 65535;
11102 : 65535;
11103 : 65535;
11104 : 65535;
11105 : 65535;
11106 : 65535;
11107 : 65535;
11108 : 65535;
11109 : 65535;
11110 : 65535;
11111 : 65535;
11112 : 65535;
11113 : 65535;
11114 : 65535;
11115 : 65535;
11116 : 65535;
11117 : 65535;
11118 : 65535;
11119 : 65535;
11120 : 65535;
11121 : 65535;
11122 : 65535;
11123 : 65535;
11124 : 65535;
11125 : 65535;
11126 : 65535;
11127 : 65535;
11128 : 65535;
11129 : 65535;
11130 : 65535;
11131 : 65535;
11132 : 65535;
11133 : 65535;
11134 : 65535;
11135 : 65535;
11136 : 65535;
11137 : 65535;
11138 : 65535;
11139 : 65535;
11140 : 48566;
11141 : 10762;
11142 : 21524;
11143 : 21557;
11144 : 23604;
11145 : 23636;
11146 : 23605;
11147 : 23605;
11148 : 23605;
11149 : 21557;
11150 : 21557;
11151 : 21557;
11152 : 19444;
11153 : 19412;
11154 : 17299;
11155 : 17299;
11156 : 17299;
11157 : 17300;
11158 : 17300;
11159 : 17299;
11160 : 17331;
11161 : 17299;
11162 : 17299;
11163 : 17299;
11164 : 17299;
11165 : 17299;
11166 : 17300;
11167 : 17300;
11168 : 17300;
11169 : 17300;
11170 : 17300;
11171 : 17300;
11172 : 17331;
11173 : 17331;
11174 : 17363;
11175 : 19411;
11176 : 19411;
11177 : 17331;
11178 : 17363;
11179 : 17363;
11180 : 19379;
11181 : 19379;
11182 : 19411;
11183 : 17331;
11184 : 17299;
11185 : 17299;
11186 : 17299;
11187 : 17300;
11188 : 17299;
11189 : 17331;
11190 : 17331;
11191 : 19412;
11192 : 17332;
11193 : 17332;
11194 : 17332;
11195 : 17300;
11196 : 17300;
11197 : 17300;
11198 : 17300;
11199 : 17299;
11200 : 8551;
11201 : 52825;
11202 : 65535;
11203 : 65535;
11204 : 65535;
11205 : 65535;
11206 : 65535;
11207 : 65535;
11208 : 65535;
11209 : 65535;
11210 : 65535;
11211 : 65535;
11212 : 65535;
11213 : 65535;
11214 : 65535;
11215 : 65535;
11216 : 65535;
11217 : 65535;
11218 : 65535;
11219 : 65535;
11220 : 65535;
11221 : 65535;
11222 : 65535;
11223 : 65535;
11224 : 65535;
11225 : 65535;
11226 : 65535;
11227 : 65535;
11228 : 65535;
11229 : 65535;
11230 : 65535;
11231 : 65535;
11232 : 65535;
11233 : 65535;
11234 : 65535;
11235 : 65535;
11236 : 65535;
11237 : 65535;
11238 : 65535;
11239 : 65535;
11240 : 65535;
11241 : 65535;
11242 : 65535;
11243 : 65535;
11244 : 65535;
11245 : 65535;
11246 : 65535;
11247 : 65535;
11248 : 65535;
11249 : 65535;
11250 : 65535;
11251 : 65535;
11252 : 65535;
11253 : 65535;
11254 : 65535;
11255 : 65535;
11256 : 65535;
11257 : 65535;
11258 : 65535;
11259 : 65535;
11260 : 65535;
11261 : 65535;
11262 : 65535;
11263 : 65535;
11264 : 65535;
11265 : 65535;
11266 : 65535;
11267 : 65535;
11268 : 65535;
11269 : 29614;
11270 : 10827;
11271 : 21525;
11272 : 21556;
11273 : 23636;
11274 : 23605;
11275 : 23605;
11276 : 21557;
11277 : 21557;
11278 : 21525;
11279 : 21525;
11280 : 19477;
11281 : 19412;
11282 : 17299;
11283 : 17299;
11284 : 17299;
11285 : 17299;
11286 : 17331;
11287 : 17299;
11288 : 17299;
11289 : 17299;
11290 : 17299;
11291 : 17299;
11292 : 17299;
11293 : 17299;
11294 : 17300;
11295 : 17300;
11296 : 17300;
11297 : 17300;
11298 : 17300;
11299 : 17300;
11300 : 17300;
11301 : 17300;
11302 : 17332;
11303 : 19380;
11304 : 19411;
11305 : 17363;
11306 : 17331;
11307 : 17331;
11308 : 19379;
11309 : 17331;
11310 : 17331;
11311 : 17299;
11312 : 17299;
11313 : 17331;
11314 : 17331;
11315 : 17332;
11316 : 17331;
11317 : 17331;
11318 : 17331;
11319 : 17331;
11320 : 17363;
11321 : 17363;
11322 : 19411;
11323 : 19380;
11324 : 17332;
11325 : 17300;
11326 : 17300;
11327 : 15120;
11328 : 12743;
11329 : 63390;
11330 : 65535;
11331 : 65535;
11332 : 65535;
11333 : 65535;
11334 : 65535;
11335 : 65535;
11336 : 65535;
11337 : 65535;
11338 : 65535;
11339 : 65535;
11340 : 65535;
11341 : 65535;
11342 : 65535;
11343 : 65535;
11344 : 65535;
11345 : 65535;
11346 : 65535;
11347 : 65535;
11348 : 65535;
11349 : 65535;
11350 : 65535;
11351 : 65535;
11352 : 65535;
11353 : 65535;
11354 : 65535;
11355 : 65535;
11356 : 65535;
11357 : 65535;
11358 : 65535;
11359 : 65535;
11360 : 65535;
11361 : 65535;
11362 : 65535;
11363 : 65535;
11364 : 65535;
11365 : 65535;
11366 : 65535;
11367 : 65535;
11368 : 65535;
11369 : 65535;
11370 : 65535;
11371 : 65535;
11372 : 65535;
11373 : 65535;
11374 : 65535;
11375 : 65535;
11376 : 65535;
11377 : 65535;
11378 : 65535;
11379 : 65535;
11380 : 65535;
11381 : 65535;
11382 : 65535;
11383 : 65535;
11384 : 65535;
11385 : 65535;
11386 : 65535;
11387 : 65535;
11388 : 65535;
11389 : 65535;
11390 : 65535;
11391 : 65535;
11392 : 65535;
11393 : 65535;
11394 : 65535;
11395 : 65535;
11396 : 65535;
11397 : 63390;
11398 : 19082;
11399 : 13006;
11400 : 21524;
11401 : 21556;
11402 : 21557;
11403 : 21557;
11404 : 21557;
11405 : 21557;
11406 : 19476;
11407 : 19412;
11408 : 19412;
11409 : 19412;
11410 : 17331;
11411 : 17331;
11412 : 17299;
11413 : 17299;
11414 : 17299;
11415 : 17299;
11416 : 17299;
11417 : 17299;
11418 : 17299;
11419 : 17299;
11420 : 17299;
11421 : 17299;
11422 : 17300;
11423 : 17300;
11424 : 17300;
11425 : 17300;
11426 : 17300;
11427 : 17300;
11428 : 17300;
11429 : 17300;
11430 : 17299;
11431 : 17332;
11432 : 17332;
11433 : 17332;
11434 : 17332;
11435 : 17331;
11436 : 17332;
11437 : 17299;
11438 : 17299;
11439 : 17299;
11440 : 17299;
11441 : 17299;
11442 : 17299;
11443 : 19379;
11444 : 17363;
11445 : 19411;
11446 : 19411;
11447 : 17331;
11448 : 17331;
11449 : 17331;
11450 : 19379;
11451 : 19411;
11452 : 19380;
11453 : 17332;
11454 : 17332;
11455 : 12941;
11456 : 31759;
11457 : 65535;
11458 : 65535;
11459 : 65535;
11460 : 65535;
11461 : 65535;
11462 : 65535;
11463 : 65535;
11464 : 65535;
11465 : 65535;
11466 : 65535;
11467 : 65535;
11468 : 65535;
11469 : 65535;
11470 : 65535;
11471 : 65535;
11472 : 65535;
11473 : 65535;
11474 : 65535;
11475 : 65535;
11476 : 65535;
11477 : 65535;
11478 : 65535;
11479 : 65535;
11480 : 65535;
11481 : 65535;
11482 : 65535;
11483 : 65535;
11484 : 65535;
11485 : 65535;
11486 : 65535;
11487 : 65535;
11488 : 65535;
11489 : 65535;
11490 : 65535;
11491 : 65535;
11492 : 65535;
11493 : 65535;
11494 : 65535;
11495 : 65535;
11496 : 65535;
11497 : 65535;
11498 : 65535;
11499 : 65535;
11500 : 65535;
11501 : 65535;
11502 : 65535;
11503 : 65535;
11504 : 65535;
11505 : 65535;
11506 : 65535;
11507 : 65535;
11508 : 65535;
11509 : 65535;
11510 : 65535;
11511 : 65535;
11512 : 65535;
11513 : 65535;
11514 : 65535;
11515 : 65535;
11516 : 65535;
11517 : 65535;
11518 : 65535;
11519 : 65535;
11520 : 65535;
11521 : 65535;
11522 : 65535;
11523 : 65535;
11524 : 65535;
11525 : 65535;
11526 : 59163;
11527 : 14856;
11528 : 13039;
11529 : 19444;
11530 : 21525;
11531 : 21525;
11532 : 21524;
11533 : 21524;
11534 : 19444;
11535 : 19411;
11536 : 19379;
11537 : 19412;
11538 : 19412;
11539 : 17332;
11540 : 17332;
11541 : 17332;
11542 : 17331;
11543 : 17331;
11544 : 17299;
11545 : 17299;
11546 : 17299;
11547 : 17299;
11548 : 17299;
11549 : 17299;
11550 : 17300;
11551 : 17300;
11552 : 17300;
11553 : 17300;
11554 : 17300;
11555 : 17300;
11556 : 17300;
11557 : 17300;
11558 : 17300;
11559 : 17300;
11560 : 17300;
11561 : 17300;
11562 : 17300;
11563 : 17300;
11564 : 17300;
11565 : 17300;
11566 : 17300;
11567 : 17300;
11568 : 17300;
11569 : 17299;
11570 : 17299;
11571 : 19380;
11572 : 17363;
11573 : 19411;
11574 : 19379;
11575 : 19379;
11576 : 17331;
11577 : 17331;
11578 : 19379;
11579 : 17363;
11580 : 19411;
11581 : 17331;
11582 : 17332;
11583 : 12842;
11584 : 54937;
11585 : 65535;
11586 : 65535;
11587 : 65535;
11588 : 65535;
11589 : 65535;
11590 : 65535;
11591 : 65535;
11592 : 65535;
11593 : 65535;
11594 : 65535;
11595 : 65535;
11596 : 65535;
11597 : 65535;
11598 : 65535;
11599 : 65535;
11600 : 65535;
11601 : 65535;
11602 : 65535;
11603 : 65535;
11604 : 65535;
11605 : 65535;
11606 : 65535;
11607 : 65535;
11608 : 65535;
11609 : 65535;
11610 : 65535;
11611 : 65535;
11612 : 65535;
11613 : 65535;
11614 : 65535;
11615 : 65535;
11616 : 65535;
11617 : 65535;
11618 : 65535;
11619 : 65535;
11620 : 65535;
11621 : 65535;
11622 : 65535;
11623 : 65535;
11624 : 65535;
11625 : 65535;
11626 : 65535;
11627 : 65535;
11628 : 65535;
11629 : 65535;
11630 : 65535;
11631 : 65535;
11632 : 65535;
11633 : 65535;
11634 : 65535;
11635 : 65535;
11636 : 65535;
11637 : 65535;
11638 : 65535;
11639 : 65535;
11640 : 65535;
11641 : 65535;
11642 : 65535;
11643 : 65535;
11644 : 65535;
11645 : 65535;
11646 : 65535;
11647 : 65535;
11648 : 65535;
11649 : 65535;
11650 : 65535;
11651 : 65535;
11652 : 65535;
11653 : 65535;
11654 : 65535;
11655 : 57018;
11656 : 10630;
11657 : 12941;
11658 : 19412;
11659 : 19412;
11660 : 19411;
11661 : 19412;
11662 : 19444;
11663 : 19412;
11664 : 19380;
11665 : 19380;
11666 : 19412;
11667 : 19412;
11668 : 19412;
11669 : 19380;
11670 : 17332;
11671 : 17299;
11672 : 17299;
11673 : 17299;
11674 : 17299;
11675 : 17299;
11676 : 17299;
11677 : 17299;
11678 : 17300;
11679 : 17300;
11680 : 17300;
11681 : 17300;
11682 : 17300;
11683 : 17300;
11684 : 17300;
11685 : 17300;
11686 : 17300;
11687 : 17300;
11688 : 17300;
11689 : 17300;
11690 : 17300;
11691 : 17300;
11692 : 17300;
11693 : 17300;
11694 : 17300;
11695 : 17300;
11696 : 17300;
11697 : 17300;
11698 : 17300;
11699 : 17332;
11700 : 19379;
11701 : 19379;
11702 : 17331;
11703 : 19380;
11704 : 17331;
11705 : 17331;
11706 : 19379;
11707 : 17363;
11708 : 17331;
11709 : 17332;
11710 : 13039;
11711 : 23340;
11712 : 65535;
11713 : 65535;
11714 : 65535;
11715 : 65535;
11716 : 65535;
11717 : 65535;
11718 : 65535;
11719 : 65535;
11720 : 65535;
11721 : 65535;
11722 : 65535;
11723 : 65535;
11724 : 65535;
11725 : 65535;
11726 : 65535;
11727 : 65535;
11728 : 65535;
11729 : 65535;
11730 : 65535;
11731 : 65535;
11732 : 65535;
11733 : 65535;
11734 : 65535;
11735 : 65535;
11736 : 65535;
11737 : 65535;
11738 : 65535;
11739 : 65535;
11740 : 65535;
11741 : 65535;
11742 : 65535;
11743 : 65535;
11744 : 65535;
11745 : 65535;
11746 : 65535;
11747 : 65535;
11748 : 65535;
11749 : 65535;
11750 : 65535;
11751 : 65535;
11752 : 65535;
11753 : 65535;
11754 : 65535;
11755 : 65535;
11756 : 65535;
11757 : 65535;
11758 : 65535;
11759 : 65535;
11760 : 65535;
11761 : 65535;
11762 : 65535;
11763 : 65535;
11764 : 65535;
11765 : 65535;
11766 : 65535;
11767 : 65535;
11768 : 65535;
11769 : 65535;
11770 : 65535;
11771 : 65535;
11772 : 65535;
11773 : 65535;
11774 : 65535;
11775 : 65535;
11776 : 65535;
11777 : 65535;
11778 : 65535;
11779 : 65535;
11780 : 65535;
11781 : 65535;
11782 : 65535;
11783 : 65535;
11784 : 59131;
11785 : 16936;
11786 : 10860;
11787 : 19380;
11788 : 17331;
11789 : 17332;
11790 : 17331;
11791 : 19380;
11792 : 19380;
11793 : 19380;
11794 : 19411;
11795 : 17331;
11796 : 19379;
11797 : 19412;
11798 : 17332;
11799 : 17299;
11800 : 17299;
11801 : 17300;
11802 : 17300;
11803 : 17300;
11804 : 17300;
11805 : 17300;
11806 : 17300;
11807 : 17300;
11808 : 17300;
11809 : 17300;
11810 : 17300;
11811 : 17300;
11812 : 17300;
11813 : 17300;
11814 : 17300;
11815 : 17300;
11816 : 17300;
11817 : 17300;
11818 : 17300;
11819 : 17300;
11820 : 17300;
11821 : 17300;
11822 : 17300;
11823 : 17300;
11824 : 17300;
11825 : 17300;
11826 : 17300;
11827 : 17300;
11828 : 17331;
11829 : 19379;
11830 : 19379;
11831 : 17331;
11832 : 17331;
11833 : 17331;
11834 : 19411;
11835 : 17331;
11836 : 17331;
11837 : 17332;
11838 : 10696;
11839 : 52857;
11840 : 65535;
11841 : 65535;
11842 : 65535;
11843 : 65535;
11844 : 65535;
11845 : 65535;
11846 : 65535;
11847 : 65535;
11848 : 65535;
11849 : 65535;
11850 : 65535;
11851 : 65535;
11852 : 65535;
11853 : 65535;
11854 : 65535;
11855 : 65535;
11856 : 65535;
11857 : 65535;
11858 : 65535;
11859 : 65535;
11860 : 65535;
11861 : 65535;
11862 : 65535;
11863 : 65535;
11864 : 65535;
11865 : 65535;
11866 : 65535;
11867 : 65535;
11868 : 65535;
11869 : 65535;
11870 : 65535;
11871 : 65535;
11872 : 65535;
11873 : 65535;
11874 : 65535;
11875 : 65535;
11876 : 65535;
11877 : 65535;
11878 : 65535;
11879 : 65535;
11880 : 65535;
11881 : 65535;
11882 : 65535;
11883 : 65535;
11884 : 65535;
11885 : 65535;
11886 : 65535;
11887 : 65535;
11888 : 65535;
11889 : 65535;
11890 : 65535;
11891 : 65535;
11892 : 65535;
11893 : 65535;
11894 : 65535;
11895 : 65535;
11896 : 65535;
11897 : 65535;
11898 : 65535;
11899 : 65535;
11900 : 65535;
11901 : 65535;
11902 : 65535;
11903 : 65535;
11904 : 65535;
11905 : 65535;
11906 : 65535;
11907 : 65535;
11908 : 65535;
11909 : 65535;
11910 : 65535;
11911 : 65535;
11912 : 65535;
11913 : 61276;
11914 : 19049;
11915 : 8682;
11916 : 17299;
11917 : 17300;
11918 : 17299;
11919 : 17332;
11920 : 17331;
11921 : 19379;
11922 : 17332;
11923 : 17331;
11924 : 19380;
11925 : 19380;
11926 : 17331;
11927 : 17299;
11928 : 17299;
11929 : 17300;
11930 : 17300;
11931 : 17300;
11932 : 17300;
11933 : 17300;
11934 : 17300;
11935 : 17300;
11936 : 17300;
11937 : 17300;
11938 : 17300;
11939 : 17300;
11940 : 17300;
11941 : 17300;
11942 : 17300;
11943 : 17300;
11944 : 17300;
11945 : 17300;
11946 : 17300;
11947 : 17300;
11948 : 17300;
11949 : 17300;
11950 : 17300;
11951 : 17300;
11952 : 17300;
11953 : 17300;
11954 : 17300;
11955 : 17300;
11956 : 17331;
11957 : 17331;
11958 : 17363;
11959 : 17363;
11960 : 17331;
11961 : 17331;
11962 : 17331;
11963 : 17331;
11964 : 17332;
11965 : 12973;
11966 : 33840;
11967 : 65535;
11968 : 65535;
11969 : 65535;
11970 : 65535;
11971 : 65535;
11972 : 65535;
11973 : 65535;
11974 : 65535;
11975 : 65535;
11976 : 65535;
11977 : 65535;
11978 : 65535;
11979 : 65535;
11980 : 65535;
11981 : 65535;
11982 : 65535;
11983 : 65535;
11984 : 65535;
11985 : 65535;
11986 : 65535;
11987 : 65535;
11988 : 65535;
11989 : 65535;
11990 : 65535;
11991 : 65535;
11992 : 65535;
11993 : 65535;
11994 : 65535;
11995 : 65535;
11996 : 65535;
11997 : 65535;
11998 : 65535;
11999 : 65535;
12000 : 65535;
12001 : 65535;
12002 : 65535;
12003 : 65535;
12004 : 65535;
12005 : 65535;
12006 : 65535;
12007 : 65535;
12008 : 65535;
12009 : 65535;
12010 : 65535;
12011 : 65535;
12012 : 65535;
12013 : 65535;
12014 : 65535;
12015 : 65535;
12016 : 65535;
12017 : 65535;
12018 : 65535;
12019 : 65535;
12020 : 65535;
12021 : 65535;
12022 : 65535;
12023 : 65535;
12024 : 65535;
12025 : 65535;
12026 : 65535;
12027 : 65535;
12028 : 65535;
12029 : 65535;
12030 : 65535;
12031 : 65535;
12032 : 65535;
12033 : 65535;
12034 : 65535;
12035 : 65535;
12036 : 65535;
12037 : 65535;
12038 : 65535;
12039 : 65535;
12040 : 65535;
12041 : 65535;
12042 : 63390;
12043 : 25356;
12044 : 4389;
12045 : 15120;
12046 : 17332;
12047 : 17300;
12048 : 17299;
12049 : 17299;
12050 : 17332;
12051 : 19412;
12052 : 19412;
12053 : 17332;
12054 : 17299;
12055 : 17299;
12056 : 17299;
12057 : 17300;
12058 : 17300;
12059 : 17300;
12060 : 17300;
12061 : 17300;
12062 : 17300;
12063 : 17300;
12064 : 17300;
12065 : 17300;
12066 : 17300;
12067 : 17300;
12068 : 17300;
12069 : 17300;
12070 : 17300;
12071 : 17300;
12072 : 17300;
12073 : 17300;
12074 : 17300;
12075 : 17300;
12076 : 17300;
12077 : 17300;
12078 : 17300;
12079 : 17300;
12080 : 17300;
12081 : 17300;
12082 : 17300;
12083 : 17300;
12084 : 17299;
12085 : 17299;
12086 : 17332;
12087 : 17331;
12088 : 17331;
12089 : 17331;
12090 : 17299;
12091 : 17331;
12092 : 17266;
12093 : 17002;
12094 : 61309;
12095 : 65535;
12096 : 65535;
12097 : 65535;
12098 : 65535;
12099 : 65535;
12100 : 65535;
12101 : 65535;
12102 : 65535;
12103 : 65535;
12104 : 65535;
12105 : 65535;
12106 : 65535;
12107 : 65535;
12108 : 65535;
12109 : 65535;
12110 : 65535;
12111 : 65535;
12112 : 65535;
12113 : 65535;
12114 : 65535;
12115 : 65535;
12116 : 65535;
12117 : 65535;
12118 : 65535;
12119 : 65535;
12120 : 65535;
12121 : 65535;
12122 : 65535;
12123 : 65535;
12124 : 65535;
12125 : 65535;
12126 : 65535;
12127 : 65535;
12128 : 65535;
12129 : 65535;
12130 : 65535;
12131 : 65535;
12132 : 65535;
12133 : 65535;
12134 : 65535;
12135 : 65535;
12136 : 65535;
12137 : 65535;
12138 : 65535;
12139 : 65535;
12140 : 65535;
12141 : 65535;
12142 : 65535;
12143 : 65535;
12144 : 65535;
12145 : 65535;
12146 : 65535;
12147 : 65535;
12148 : 65535;
12149 : 65535;
12150 : 65535;
12151 : 65535;
12152 : 65535;
12153 : 65535;
12154 : 65535;
12155 : 65535;
12156 : 65535;
12157 : 65535;
12158 : 65535;
12159 : 65535;
12160 : 65535;
12161 : 65535;
12162 : 65535;
12163 : 65535;
12164 : 65535;
12165 : 65535;
12166 : 65535;
12167 : 65535;
12168 : 65535;
12169 : 65535;
12170 : 65535;
12171 : 65535;
12172 : 42259;
12173 : 10598;
12174 : 10828;
12175 : 17300;
12176 : 17331;
12177 : 17299;
12178 : 17331;
12179 : 19379;
12180 : 17331;
12181 : 17332;
12182 : 17332;
12183 : 17331;
12184 : 17299;
12185 : 17300;
12186 : 17300;
12187 : 17300;
12188 : 17300;
12189 : 17300;
12190 : 17300;
12191 : 17300;
12192 : 17300;
12193 : 17300;
12194 : 17300;
12195 : 17300;
12196 : 17300;
12197 : 17300;
12198 : 17300;
12199 : 17300;
12200 : 17300;
12201 : 17300;
12202 : 17300;
12203 : 17300;
12204 : 17300;
12205 : 17300;
12206 : 17299;
12207 : 17299;
12208 : 17299;
12209 : 17300;
12210 : 17300;
12211 : 17300;
12212 : 17300;
12213 : 17300;
12214 : 17300;
12215 : 17300;
12216 : 17300;
12217 : 17299;
12218 : 17300;
12219 : 17266;
12220 : 8615;
12221 : 46518;
12222 : 65535;
12223 : 65535;
12224 : 65535;
12225 : 65535;
12226 : 65535;
12227 : 65535;
12228 : 65535;
12229 : 65535;
12230 : 65535;
12231 : 65535;
12232 : 65535;
12233 : 65535;
12234 : 65535;
12235 : 65535;
12236 : 65535;
12237 : 65535;
12238 : 65535;
12239 : 65535;
12240 : 65535;
12241 : 65535;
12242 : 65535;
12243 : 65535;
12244 : 65535;
12245 : 65535;
12246 : 65535;
12247 : 65535;
12248 : 65535;
12249 : 65535;
12250 : 65535;
12251 : 65535;
12252 : 65535;
12253 : 65535;
12254 : 65535;
12255 : 65535;
12256 : 65535;
12257 : 65535;
12258 : 65535;
12259 : 65535;
12260 : 65535;
12261 : 65535;
12262 : 65535;
12263 : 65535;
12264 : 65535;
12265 : 65535;
12266 : 65535;
12267 : 65535;
12268 : 65535;
12269 : 65535;
12270 : 65535;
12271 : 65535;
12272 : 65535;
12273 : 65535;
12274 : 65535;
12275 : 65535;
12276 : 65535;
12277 : 65535;
12278 : 65535;
12279 : 65535;
12280 : 65535;
12281 : 65535;
12282 : 65535;
12283 : 65535;
12284 : 65535;
12285 : 65535;
12286 : 65535;
12287 : 65535;
12288 : 65535;
12289 : 65535;
12290 : 65535;
12291 : 65535;
12292 : 65535;
12293 : 65535;
12294 : 65535;
12295 : 65535;
12296 : 65535;
12297 : 65535;
12298 : 65535;
12299 : 65535;
12300 : 65535;
12301 : 57083;
12302 : 25388;
12303 : 10729;
12304 : 17200;
12305 : 17364;
12306 : 17363;
12307 : 17363;
12308 : 19379;
12309 : 17331;
12310 : 19412;
12311 : 17331;
12312 : 17331;
12313 : 17300;
12314 : 17300;
12315 : 17300;
12316 : 17300;
12317 : 17300;
12318 : 17300;
12319 : 17300;
12320 : 17300;
12321 : 17300;
12322 : 17300;
12323 : 17300;
12324 : 17300;
12325 : 17300;
12326 : 17300;
12327 : 17300;
12328 : 17300;
12329 : 17300;
12330 : 17300;
12331 : 17300;
12332 : 17300;
12333 : 17300;
12334 : 17331;
12335 : 17299;
12336 : 17299;
12337 : 17332;
12338 : 17332;
12339 : 17300;
12340 : 17300;
12341 : 17300;
12342 : 17300;
12343 : 17300;
12344 : 17300;
12345 : 17300;
12346 : 17267;
12347 : 6503;
12348 : 35953;
12349 : 65535;
12350 : 65535;
12351 : 65535;
12352 : 65535;
12353 : 65535;
12354 : 65535;
12355 : 65535;
12356 : 65535;
12357 : 65535;
12358 : 65535;
12359 : 65535;
12360 : 65535;
12361 : 65535;
12362 : 65535;
12363 : 65535;
12364 : 65535;
12365 : 65535;
12366 : 65535;
12367 : 65535;
12368 : 65535;
12369 : 65535;
12370 : 65535;
12371 : 65535;
12372 : 65535;
12373 : 65535;
12374 : 65535;
12375 : 65535;
12376 : 65535;
12377 : 65535;
12378 : 65535;
12379 : 65535;
12380 : 65535;
12381 : 65535;
12382 : 65535;
12383 : 65535;
12384 : 65535;
12385 : 65535;
12386 : 65535;
12387 : 65535;
12388 : 65535;
12389 : 65535;
12390 : 65535;
12391 : 65535;
12392 : 65535;
12393 : 65535;
12394 : 65535;
12395 : 65535;
12396 : 65535;
12397 : 65535;
12398 : 65535;
12399 : 65535;
12400 : 65535;
12401 : 65535;
12402 : 65535;
12403 : 65535;
12404 : 65535;
12405 : 65535;
12406 : 65535;
12407 : 65535;
12408 : 65535;
12409 : 65535;
12410 : 65535;
12411 : 65535;
12412 : 65535;
12413 : 65535;
12414 : 65535;
12415 : 65535;
12416 : 65535;
12417 : 65535;
12418 : 65535;
12419 : 65535;
12420 : 65535;
12421 : 65535;
12422 : 65535;
12423 : 65535;
12424 : 65535;
12425 : 65535;
12426 : 65535;
12427 : 65535;
12428 : 65535;
12429 : 65535;
12430 : 65535;
12431 : 42260;
12432 : 2145;
12433 : 10729;
12434 : 15152;
12435 : 17363;
12436 : 19411;
12437 : 17363;
12438 : 17331;
12439 : 17331;
12440 : 17332;
12441 : 17300;
12442 : 17300;
12443 : 17300;
12444 : 17300;
12445 : 17300;
12446 : 17300;
12447 : 17300;
12448 : 17300;
12449 : 17300;
12450 : 17300;
12451 : 17300;
12452 : 17300;
12453 : 17300;
12454 : 17300;
12455 : 17300;
12456 : 17300;
12457 : 17300;
12458 : 17300;
12459 : 17300;
12460 : 17300;
12461 : 17332;
12462 : 19380;
12463 : 17332;
12464 : 17331;
12465 : 19412;
12466 : 17332;
12467 : 17332;
12468 : 17300;
12469 : 17300;
12470 : 17300;
12471 : 17300;
12472 : 17332;
12473 : 17234;
12474 : 10761;
12475 : 44340;
12476 : 65535;
12477 : 65535;
12478 : 65535;
12479 : 65535;
12480 : 65535;
12481 : 65535;
12482 : 65535;
12483 : 65535;
12484 : 65535;
12485 : 65535;
12486 : 65535;
12487 : 65535;
12488 : 65535;
12489 : 65535;
12490 : 65535;
12491 : 65535;
12492 : 65535;
12493 : 65535;
12494 : 65535;
12495 : 65535;
12496 : 65535;
12497 : 65535;
12498 : 65535;
12499 : 65535;
12500 : 65535;
12501 : 65535;
12502 : 65535;
12503 : 65535;
12504 : 65535;
12505 : 65535;
12506 : 65535;
12507 : 65535;
12508 : 65535;
12509 : 65535;
12510 : 65535;
12511 : 65535;
12512 : 65535;
12513 : 65535;
12514 : 65535;
12515 : 65535;
12516 : 65535;
12517 : 65535;
12518 : 65535;
12519 : 65535;
12520 : 65535;
12521 : 65535;
12522 : 65535;
12523 : 65535;
12524 : 65535;
12525 : 65535;
12526 : 65535;
12527 : 65535;
12528 : 65535;
12529 : 65535;
12530 : 65535;
12531 : 65535;
12532 : 65535;
12533 : 65535;
12534 : 65535;
12535 : 65535;
12536 : 65535;
12537 : 65535;
12538 : 65535;
12539 : 65535;
12540 : 65535;
12541 : 65535;
12542 : 65535;
12543 : 65535;
12544 : 65535;
12545 : 65535;
12546 : 65535;
12547 : 65535;
12548 : 65535;
12549 : 65535;
12550 : 65535;
12551 : 65535;
12552 : 65535;
12553 : 65535;
12554 : 65535;
12555 : 65535;
12556 : 65535;
12557 : 65535;
12558 : 61309;
12559 : 23243;
12560 : 4326;
12561 : 8618;
12562 : 6470;
12563 : 8615;
12564 : 15021;
12565 : 19345;
12566 : 19411;
12567 : 19412;
12568 : 17332;
12569 : 17300;
12570 : 17300;
12571 : 17300;
12572 : 17300;
12573 : 17300;
12574 : 17300;
12575 : 17300;
12576 : 17300;
12577 : 17300;
12578 : 17300;
12579 : 17300;
12580 : 17300;
12581 : 17300;
12582 : 17300;
12583 : 17300;
12584 : 17300;
12585 : 17300;
12586 : 17300;
12587 : 17300;
12588 : 17300;
12589 : 17300;
12590 : 17332;
12591 : 19380;
12592 : 19380;
12593 : 17332;
12594 : 17300;
12595 : 17300;
12596 : 17300;
12597 : 17299;
12598 : 17300;
12599 : 17332;
12600 : 12941;
12601 : 14889;
12602 : 50712;
12603 : 65535;
12604 : 65535;
12605 : 65535;
12606 : 65535;
12607 : 65535;
12608 : 65535;
12609 : 65535;
12610 : 65535;
12611 : 65535;
12612 : 65535;
12613 : 65535;
12614 : 65535;
12615 : 65535;
12616 : 65535;
12617 : 65535;
12618 : 65535;
12619 : 65535;
12620 : 65535;
12621 : 65535;
12622 : 65535;
12623 : 65535;
12624 : 65535;
12625 : 65535;
12626 : 65535;
12627 : 65535;
12628 : 65535;
12629 : 65535;
12630 : 65535;
12631 : 65535;
12632 : 65535;
12633 : 65535;
12634 : 65535;
12635 : 65535;
12636 : 65535;
12637 : 65535;
12638 : 65535;
12639 : 65535;
12640 : 65535;
12641 : 65535;
12642 : 65535;
12643 : 65535;
12644 : 65535;
12645 : 65535;
12646 : 65535;
12647 : 65535;
12648 : 65535;
12649 : 65535;
12650 : 65535;
12651 : 65535;
12652 : 65535;
12653 : 65535;
12654 : 65535;
12655 : 65535;
12656 : 65535;
12657 : 65535;
12658 : 65535;
12659 : 65535;
12660 : 65535;
12661 : 65535;
12662 : 65535;
12663 : 65535;
12664 : 65535;
12665 : 65535;
12666 : 65535;
12667 : 65535;
12668 : 65535;
12669 : 65535;
12670 : 65535;
12671 : 65535;
12672 : 65535;
12673 : 65535;
12674 : 65535;
12675 : 65535;
12676 : 65535;
12677 : 65535;
12678 : 65535;
12679 : 65535;
12680 : 65535;
12681 : 65535;
12682 : 65535;
12683 : 65535;
12684 : 65535;
12685 : 57051;
12686 : 19083;
12687 : 8619;
12688 : 10831;
12689 : 10864;
12690 : 10797;
12691 : 2211;
12692 : 6438;
12693 : 4357;
12694 : 8681;
12695 : 17200;
12696 : 19379;
12697 : 17332;
12698 : 17300;
12699 : 17300;
12700 : 17300;
12701 : 17300;
12702 : 17300;
12703 : 17300;
12704 : 17300;
12705 : 17300;
12706 : 17300;
12707 : 17300;
12708 : 17300;
12709 : 17300;
12710 : 17300;
12711 : 17300;
12712 : 17300;
12713 : 17300;
12714 : 17300;
12715 : 17300;
12716 : 17300;
12717 : 17300;
12718 : 17300;
12719 : 17299;
12720 : 17300;
12721 : 17300;
12722 : 17300;
12723 : 17300;
12724 : 17300;
12725 : 17332;
12726 : 17299;
12727 : 10795;
12728 : 21195;
12729 : 59164;
12730 : 65535;
12731 : 65535;
12732 : 65535;
12733 : 65535;
12734 : 65535;
12735 : 65535;
12736 : 65535;
12737 : 65535;
12738 : 65535;
12739 : 65535;
12740 : 65535;
12741 : 65535;
12742 : 65535;
12743 : 65535;
12744 : 65535;
12745 : 65535;
12746 : 65535;
12747 : 65535;
12748 : 65535;
12749 : 65535;
12750 : 65535;
12751 : 65535;
12752 : 65535;
12753 : 65535;
12754 : 65535;
12755 : 65535;
12756 : 65535;
12757 : 65535;
12758 : 65535;
12759 : 65535;
12760 : 65535;
12761 : 65535;
12762 : 65535;
12763 : 65535;
12764 : 65535;
12765 : 65535;
12766 : 65535;
12767 : 65535;
12768 : 65535;
12769 : 65535;
12770 : 65535;
12771 : 65535;
12772 : 65535;
12773 : 65535;
12774 : 65535;
12775 : 65535;
12776 : 65535;
12777 : 65535;
12778 : 65535;
12779 : 65535;
12780 : 65535;
12781 : 65535;
12782 : 65535;
12783 : 65535;
12784 : 65535;
12785 : 65535;
12786 : 65535;
12787 : 65535;
12788 : 65535;
12789 : 65535;
12790 : 65535;
12791 : 65535;
12792 : 65535;
12793 : 65535;
12794 : 65535;
12795 : 65535;
12796 : 65535;
12797 : 65535;
12798 : 65535;
12799 : 65535;
12800 : 65535;
12801 : 65535;
12802 : 65535;
12803 : 65535;
12804 : 65535;
12805 : 65535;
12806 : 65535;
12807 : 65535;
12808 : 65535;
12809 : 65535;
12810 : 65535;
12811 : 65535;
12812 : 54938;
12813 : 12809;
12814 : 8717;
12815 : 10831;
12816 : 10798;
12817 : 10831;
12818 : 10765;
12819 : 6504;
12820 : 12911;
12821 : 10765;
12822 : 6504;
12823 : 6438;
12824 : 8583;
12825 : 12908;
12826 : 15153;
12827 : 17299;
12828 : 17332;
12829 : 17332;
12830 : 17299;
12831 : 17299;
12832 : 17300;
12833 : 17300;
12834 : 17299;
12835 : 17299;
12836 : 17300;
12837 : 17300;
12838 : 17300;
12839 : 17300;
12840 : 17300;
12841 : 17300;
12842 : 17300;
12843 : 17300;
12844 : 17300;
12845 : 17300;
12846 : 17300;
12847 : 17300;
12848 : 17299;
12849 : 17300;
12850 : 17332;
12851 : 17332;
12852 : 15186;
12853 : 12941;
12854 : 12841;
12855 : 40179;
12856 : 65503;
12857 : 65535;
12858 : 65535;
12859 : 65535;
12860 : 65535;
12861 : 65535;
12862 : 65535;
12863 : 65535;
12864 : 65535;
12865 : 65535;
12866 : 65535;
12867 : 65535;
12868 : 65535;
12869 : 65535;
12870 : 65535;
12871 : 65535;
12872 : 65535;
12873 : 65535;
12874 : 65535;
12875 : 65535;
12876 : 65535;
12877 : 65535;
12878 : 65535;
12879 : 65535;
12880 : 65535;
12881 : 65535;
12882 : 65535;
12883 : 65535;
12884 : 65535;
12885 : 65535;
12886 : 65535;
12887 : 65535;
12888 : 65535;
12889 : 65535;
12890 : 65535;
12891 : 65535;
12892 : 65535;
12893 : 65535;
12894 : 65535;
12895 : 65535;
12896 : 65535;
12897 : 65535;
12898 : 65535;
12899 : 65535;
12900 : 65535;
12901 : 65535;
12902 : 65535;
12903 : 65535;
12904 : 65535;
12905 : 65535;
12906 : 65535;
12907 : 65535;
12908 : 65535;
12909 : 65535;
12910 : 65535;
12911 : 65535;
12912 : 65535;
12913 : 65535;
12914 : 65535;
12915 : 65535;
12916 : 65535;
12917 : 65535;
12918 : 65535;
12919 : 65535;
12920 : 65535;
12921 : 65535;
12922 : 65535;
12923 : 65535;
12924 : 65535;
12925 : 65535;
12926 : 65535;
12927 : 65535;
12928 : 65535;
12929 : 65535;
12930 : 65535;
12931 : 65535;
12932 : 65535;
12933 : 65535;
12934 : 65535;
12935 : 65535;
12936 : 65535;
12937 : 65535;
12938 : 65535;
12939 : 59164;
12940 : 14824;
12941 : 8716;
12942 : 10831;
12943 : 10831;
12944 : 10831;
12945 : 10830;
12946 : 8684;
12947 : 10765;
12948 : 10831;
12949 : 10831;
12950 : 10831;
12951 : 10831;
12952 : 10764;
12953 : 6471;
12954 : 6404;
12955 : 17002;
12956 : 12941;
12957 : 13008;
12958 : 15186;
12959 : 17299;
12960 : 17332;
12961 : 17332;
12962 : 17300;
12963 : 17300;
12964 : 17300;
12965 : 17300;
12966 : 17300;
12967 : 17300;
12968 : 17300;
12969 : 17300;
12970 : 17300;
12971 : 17300;
12972 : 17300;
12973 : 17300;
12974 : 17332;
12975 : 17332;
12976 : 17300;
12977 : 15186;
12978 : 12909;
12979 : 10729;
12980 : 21195;
12981 : 40147;
12982 : 59196;
12983 : 65535;
12984 : 65535;
12985 : 65535;
12986 : 65535;
12987 : 65535;
12988 : 65535;
12989 : 65535;
12990 : 65535;
12991 : 65535;
12992 : 65535;
12993 : 65535;
12994 : 65535;
12995 : 65535;
12996 : 65535;
12997 : 65535;
12998 : 65535;
12999 : 65535;
13000 : 65535;
13001 : 65535;
13002 : 65535;
13003 : 65535;
13004 : 65535;
13005 : 65535;
13006 : 65535;
13007 : 65535;
13008 : 65535;
13009 : 65535;
13010 : 65535;
13011 : 65535;
13012 : 65535;
13013 : 65535;
13014 : 65535;
13015 : 65535;
13016 : 65535;
13017 : 65535;
13018 : 65535;
13019 : 65535;
13020 : 65535;
13021 : 65535;
13022 : 65535;
13023 : 65535;
13024 : 65535;
13025 : 65535;
13026 : 65535;
13027 : 65535;
13028 : 65535;
13029 : 65535;
13030 : 65535;
13031 : 65535;
13032 : 65535;
13033 : 65535;
13034 : 65535;
13035 : 65535;
13036 : 65535;
13037 : 65535;
13038 : 65535;
13039 : 65535;
13040 : 65535;
13041 : 65535;
13042 : 65535;
13043 : 65535;
13044 : 65535;
13045 : 65535;
13046 : 65535;
13047 : 65535;
13048 : 65535;
13049 : 65535;
13050 : 65535;
13051 : 65535;
13052 : 65535;
13053 : 65535;
13054 : 65535;
13055 : 65535;
13056 : 65535;
13057 : 65535;
13058 : 65535;
13059 : 65535;
13060 : 65535;
13061 : 65535;
13062 : 65535;
13063 : 65535;
13064 : 65535;
13065 : 65535;
13066 : 65535;
13067 : 23243;
13068 : 6570;
13069 : 10863;
13070 : 10831;
13071 : 10831;
13072 : 10831;
13073 : 10798;
13074 : 10831;
13075 : 10831;
13076 : 10831;
13077 : 10830;
13078 : 10831;
13079 : 10831;
13080 : 10831;
13081 : 10831;
13082 : 8551;
13083 : 54937;
13084 : 52825;
13085 : 35921;
13086 : 19050;
13087 : 12809;
13088 : 8649;
13089 : 10893;
13090 : 13007;
13091 : 13073;
13092 : 17266;
13093 : 17299;
13094 : 19380;
13095 : 17332;
13096 : 17331;
13097 : 17332;
13098 : 17331;
13099 : 17299;
13100 : 17234;
13101 : 15087;
13102 : 15022;
13103 : 12941;
13104 : 12809;
13105 : 16969;
13106 : 31662;
13107 : 50679;
13108 : 65503;
13109 : 65535;
13110 : 65535;
13111 : 65535;
13112 : 65535;
13113 : 65535;
13114 : 65535;
13115 : 65535;
13116 : 65535;
13117 : 65535;
13118 : 65535;
13119 : 65535;
13120 : 65535;
13121 : 65535;
13122 : 65535;
13123 : 65535;
13124 : 65535;
13125 : 65535;
13126 : 65535;
13127 : 65535;
13128 : 65535;
13129 : 65535;
13130 : 65535;
13131 : 65535;
13132 : 65535;
13133 : 65535;
13134 : 65535;
13135 : 65535;
13136 : 65535;
13137 : 65535;
13138 : 65535;
13139 : 65535;
13140 : 65535;
13141 : 65535;
13142 : 65535;
13143 : 65535;
13144 : 65535;
13145 : 65535;
13146 : 65535;
13147 : 65535;
13148 : 65535;
13149 : 65535;
13150 : 65535;
13151 : 65535;
13152 : 65535;
13153 : 65535;
13154 : 65535;
13155 : 65535;
13156 : 65535;
13157 : 65535;
13158 : 65535;
13159 : 65535;
13160 : 65535;
13161 : 65535;
13162 : 65535;
13163 : 65535;
13164 : 65535;
13165 : 65535;
13166 : 65535;
13167 : 65535;
13168 : 65535;
13169 : 65535;
13170 : 65535;
13171 : 65535;
13172 : 65535;
13173 : 65535;
13174 : 65535;
13175 : 65535;
13176 : 65535;
13177 : 65535;
13178 : 65535;
13179 : 65535;
13180 : 65535;
13181 : 65535;
13182 : 65535;
13183 : 65535;
13184 : 65535;
13185 : 65535;
13186 : 65535;
13187 : 65535;
13188 : 65535;
13189 : 65535;
13190 : 65535;
13191 : 65535;
13192 : 65535;
13193 : 65535;
13194 : 46518;
13195 : 8617;
13196 : 10863;
13197 : 10863;
13198 : 10863;
13199 : 10831;
13200 : 10831;
13201 : 10831;
13202 : 10831;
13203 : 10799;
13204 : 10831;
13205 : 10831;
13206 : 10831;
13207 : 10831;
13208 : 10831;
13209 : 10832;
13210 : 4423;
13211 : 46485;
13212 : 65535;
13213 : 65535;
13214 : 65503;
13215 : 59163;
13216 : 46485;
13217 : 40179;
13218 : 35953;
13219 : 23340;
13220 : 6436;
13221 : 6470;
13222 : 8583;
13223 : 8584;
13224 : 10698;
13225 : 10762;
13226 : 8649;
13227 : 6503;
13228 : 6438;
13229 : 6504;
13230 : 6504;
13231 : 4390;
13232 : 27468;
13233 : 65503;
13234 : 65535;
13235 : 65535;
13236 : 65535;
13237 : 65535;
13238 : 65535;
13239 : 65535;
13240 : 65535;
13241 : 65535;
13242 : 65535;
13243 : 65535;
13244 : 65535;
13245 : 65535;
13246 : 65535;
13247 : 65535;
13248 : 65535;
13249 : 65535;
13250 : 65535;
13251 : 65535;
13252 : 65535;
13253 : 65535;
13254 : 65535;
13255 : 65535;
13256 : 65535;
13257 : 65535;
13258 : 65535;
13259 : 65535;
13260 : 65535;
13261 : 65535;
13262 : 65535;
13263 : 65535;
13264 : 65535;
13265 : 65535;
13266 : 65535;
13267 : 65535;
13268 : 65535;
13269 : 65535;
13270 : 65535;
13271 : 65535;
13272 : 65535;
13273 : 65535;
13274 : 65535;
13275 : 65535;
13276 : 65535;
13277 : 65535;
13278 : 65535;
13279 : 65535;
13280 : 65535;
13281 : 65535;
13282 : 65535;
13283 : 65535;
13284 : 65535;
13285 : 65535;
13286 : 65535;
13287 : 65535;
13288 : 65535;
13289 : 65535;
13290 : 65535;
13291 : 65535;
13292 : 65535;
13293 : 65535;
13294 : 65535;
13295 : 65535;
13296 : 65535;
13297 : 65535;
13298 : 65535;
13299 : 65535;
13300 : 65535;
13301 : 65535;
13302 : 65535;
13303 : 65535;
13304 : 65535;
13305 : 65535;
13306 : 65535;
13307 : 65535;
13308 : 65535;
13309 : 65535;
13310 : 65535;
13311 : 65535;
13312 : 65535;
13313 : 65535;
13314 : 65535;
13315 : 65535;
13316 : 65535;
13317 : 65535;
13318 : 65535;
13319 : 65535;
13320 : 65535;
13321 : 61309;
13322 : 17003;
13323 : 10830;
13324 : 10863;
13325 : 10863;
13326 : 10863;
13327 : 10864;
13328 : 10831;
13329 : 10831;
13330 : 10831;
13331 : 10831;
13332 : 10831;
13333 : 10831;
13334 : 10831;
13335 : 10831;
13336 : 10831;
13337 : 10832;
13338 : 6505;
13339 : 38066;
13340 : 65535;
13341 : 65535;
13342 : 65535;
13343 : 65535;
13344 : 65535;
13345 : 65535;
13346 : 65535;
13347 : 59163;
13348 : 10632;
13349 : 8651;
13350 : 8618;
13351 : 4358;
13352 : 10764;
13353 : 10765;
13354 : 10797;
13355 : 8618;
13356 : 6504;
13357 : 10831;
13358 : 10831;
13359 : 10831;
13360 : 8551;
13361 : 57018;
13362 : 65535;
13363 : 65535;
13364 : 65535;
13365 : 65535;
13366 : 65535;
13367 : 65535;
13368 : 65535;
13369 : 65535;
13370 : 65535;
13371 : 65535;
13372 : 65535;
13373 : 65535;
13374 : 65535;
13375 : 65535;
13376 : 65535;
13377 : 65535;
13378 : 65535;
13379 : 65535;
13380 : 65535;
13381 : 65535;
13382 : 65535;
13383 : 65535;
13384 : 65535;
13385 : 65535;
13386 : 65535;
13387 : 65535;
13388 : 65535;
13389 : 65535;
13390 : 65535;
13391 : 65535;
13392 : 65535;
13393 : 65535;
13394 : 65535;
13395 : 65535;
13396 : 65535;
13397 : 65535;
13398 : 65535;
13399 : 65535;
13400 : 65535;
13401 : 65535;
13402 : 65535;
13403 : 65535;
13404 : 65535;
13405 : 65535;
13406 : 65535;
13407 : 65535;
13408 : 65535;
13409 : 65535;
13410 : 65535;
13411 : 65535;
13412 : 65535;
13413 : 65535;
13414 : 65535;
13415 : 65535;
13416 : 65535;
13417 : 65535;
13418 : 65535;
13419 : 65535;
13420 : 65535;
13421 : 65535;
13422 : 65535;
13423 : 65535;
13424 : 65535;
13425 : 65535;
13426 : 65535;
13427 : 65535;
13428 : 65535;
13429 : 65535;
13430 : 65535;
13431 : 65535;
13432 : 65535;
13433 : 65535;
13434 : 65535;
13435 : 65535;
13436 : 65535;
13437 : 65535;
13438 : 65535;
13439 : 65535;
13440 : 65535;
13441 : 65535;
13442 : 65535;
13443 : 65535;
13444 : 65535;
13445 : 65535;
13446 : 65535;
13447 : 65535;
13448 : 65535;
13449 : 38066;
13450 : 8684;
13451 : 12912;
13452 : 12911;
13453 : 12911;
13454 : 10863;
13455 : 10864;
13456 : 10864;
13457 : 10831;
13458 : 10831;
13459 : 10831;
13460 : 10831;
13461 : 10831;
13462 : 10831;
13463 : 10799;
13464 : 10799;
13465 : 10831;
13466 : 6505;
13467 : 46518;
13468 : 65535;
13469 : 65535;
13470 : 65535;
13471 : 65535;
13472 : 65535;
13473 : 65535;
13474 : 65535;
13475 : 23308;
13476 : 8684;
13477 : 10831;
13478 : 10797;
13479 : 8585;
13480 : 10831;
13481 : 10831;
13482 : 10831;
13483 : 10798;
13484 : 8618;
13485 : 10799;
13486 : 10831;
13487 : 10831;
13488 : 6505;
13489 : 27468;
13490 : 65535;
13491 : 65535;
13492 : 65535;
13493 : 65535;
13494 : 65535;
13495 : 65535;
13496 : 65535;
13497 : 65535;
13498 : 65535;
13499 : 65535;
13500 : 65535;
13501 : 65535;
13502 : 65535;
13503 : 65535;
13504 : 65535;
13505 : 65535;
13506 : 65535;
13507 : 65535;
13508 : 65535;
13509 : 65535;
13510 : 65535;
13511 : 65535;
13512 : 65535;
13513 : 65535;
13514 : 65535;
13515 : 65535;
13516 : 65535;
13517 : 65535;
13518 : 65535;
13519 : 65535;
13520 : 65535;
13521 : 65535;
13522 : 65535;
13523 : 65535;
13524 : 65535;
13525 : 65535;
13526 : 65535;
13527 : 65535;
13528 : 65535;
13529 : 65535;
13530 : 65535;
13531 : 65535;
13532 : 65535;
13533 : 65535;
13534 : 65535;
13535 : 65535;
13536 : 65535;
13537 : 65535;
13538 : 65535;
13539 : 65535;
13540 : 65535;
13541 : 65535;
13542 : 65535;
13543 : 65535;
13544 : 65535;
13545 : 65535;
13546 : 65535;
13547 : 65535;
13548 : 65535;
13549 : 65535;
13550 : 65535;
13551 : 65535;
13552 : 65535;
13553 : 65535;
13554 : 65535;
13555 : 65535;
13556 : 65535;
13557 : 65535;
13558 : 65535;
13559 : 65535;
13560 : 65535;
13561 : 65535;
13562 : 65535;
13563 : 65535;
13564 : 65535;
13565 : 65535;
13566 : 65535;
13567 : 65535;
13568 : 65535;
13569 : 65535;
13570 : 65535;
13571 : 65535;
13572 : 65535;
13573 : 65535;
13574 : 65535;
13575 : 65535;
13576 : 63422;
13577 : 17003;
13578 : 10863;
13579 : 10864;
13580 : 12911;
13581 : 12911;
13582 : 10863;
13583 : 10863;
13584 : 10864;
13585 : 10864;
13586 : 10831;
13587 : 10831;
13588 : 10831;
13589 : 10800;
13590 : 10799;
13591 : 10799;
13592 : 10799;
13593 : 10831;
13594 : 6504;
13595 : 52824;
13596 : 65535;
13597 : 65535;
13598 : 65535;
13599 : 65535;
13600 : 65535;
13601 : 65535;
13602 : 48631;
13603 : 6471;
13604 : 10830;
13605 : 10831;
13606 : 10831;
13607 : 10798;
13608 : 10831;
13609 : 10831;
13610 : 10831;
13611 : 10831;
13612 : 10798;
13613 : 10831;
13614 : 10831;
13615 : 10831;
13616 : 10764;
13617 : 10597;
13618 : 61309;
13619 : 65535;
13620 : 65535;
13621 : 65535;
13622 : 65535;
13623 : 65535;
13624 : 65535;
13625 : 65535;
13626 : 65535;
13627 : 65535;
13628 : 65535;
13629 : 65535;
13630 : 65535;
13631 : 65535;
13632 : 65535;
13633 : 65535;
13634 : 65535;
13635 : 65535;
13636 : 65535;
13637 : 65535;
13638 : 65535;
13639 : 65535;
13640 : 65535;
13641 : 65535;
13642 : 65535;
13643 : 65535;
13644 : 65535;
13645 : 65535;
13646 : 65535;
13647 : 65535;
13648 : 65535;
13649 : 65535;
13650 : 65535;
13651 : 65535;
13652 : 65535;
13653 : 65535;
13654 : 65535;
13655 : 65535;
13656 : 65535;
13657 : 65535;
13658 : 65535;
13659 : 65535;
13660 : 65535;
13661 : 65535;
13662 : 65535;
13663 : 65535;
13664 : 65535;
13665 : 65535;
13666 : 65535;
13667 : 65535;
13668 : 65535;
13669 : 65535;
13670 : 65535;
13671 : 65535;
13672 : 65535;
13673 : 65535;
13674 : 65535;
13675 : 65535;
13676 : 65535;
13677 : 65535;
13678 : 65535;
13679 : 65535;
13680 : 65535;
13681 : 65535;
13682 : 65535;
13683 : 65535;
13684 : 65535;
13685 : 65535;
13686 : 65535;
13687 : 65535;
13688 : 65535;
13689 : 65535;
13690 : 65535;
13691 : 65535;
13692 : 65535;
13693 : 65535;
13694 : 65535;
13695 : 65535;
13696 : 65535;
13697 : 65535;
13698 : 65535;
13699 : 65535;
13700 : 65535;
13701 : 65535;
13702 : 65535;
13703 : 65535;
13704 : 48599;
13705 : 8650;
13706 : 12944;
13707 : 10896;
13708 : 10896;
13709 : 12944;
13710 : 10864;
13711 : 10864;
13712 : 10864;
13713 : 10864;
13714 : 10864;
13715 : 10863;
13716 : 10863;
13717 : 10831;
13718 : 10831;
13719 : 10831;
13720 : 10831;
13721 : 10831;
13722 : 8583;
13723 : 57083;
13724 : 65535;
13725 : 65535;
13726 : 65535;
13727 : 65535;
13728 : 65535;
13729 : 65470;
13730 : 19082;
13731 : 8717;
13732 : 10831;
13733 : 10831;
13734 : 10831;
13735 : 10832;
13736 : 10863;
13737 : 10831;
13738 : 10831;
13739 : 10831;
13740 : 10831;
13741 : 10831;
13742 : 10831;
13743 : 10831;
13744 : 10831;
13745 : 4358;
13746 : 44405;
13747 : 65535;
13748 : 65535;
13749 : 65535;
13750 : 65535;
13751 : 65535;
13752 : 65535;
13753 : 65535;
13754 : 65535;
13755 : 65535;
13756 : 65535;
13757 : 65535;
13758 : 65535;
13759 : 65535;
13760 : 65535;
13761 : 65535;
13762 : 65535;
13763 : 65535;
13764 : 65535;
13765 : 65535;
13766 : 65535;
13767 : 65535;
13768 : 65535;
13769 : 65535;
13770 : 65535;
13771 : 65535;
13772 : 65535;
13773 : 65535;
13774 : 65535;
13775 : 65535;
13776 : 65535;
13777 : 65535;
13778 : 65535;
13779 : 65535;
13780 : 65535;
13781 : 65535;
13782 : 65535;
13783 : 65535;
13784 : 65535;
13785 : 65535;
13786 : 65535;
13787 : 65535;
13788 : 65535;
13789 : 65535;
13790 : 65535;
13791 : 65535;
13792 : 65535;
13793 : 65535;
13794 : 65535;
13795 : 65535;
13796 : 65535;
13797 : 65535;
13798 : 65535;
13799 : 65535;
13800 : 65535;
13801 : 65535;
13802 : 65535;
13803 : 65535;
13804 : 65535;
13805 : 65535;
13806 : 65535;
13807 : 65535;
13808 : 65535;
13809 : 65535;
13810 : 65535;
13811 : 65535;
13812 : 65535;
13813 : 65535;
13814 : 65535;
13815 : 65535;
13816 : 65535;
13817 : 65535;
13818 : 65535;
13819 : 65535;
13820 : 65535;
13821 : 65535;
13822 : 65535;
13823 : 65535;
13824 : 65535;
13825 : 65535;
13826 : 65535;
13827 : 65535;
13828 : 65535;
13829 : 65535;
13830 : 65535;
13831 : 65535;
13832 : 33840;
13833 : 8717;
13834 : 12945;
13835 : 12945;
13836 : 10897;
13837 : 10865;
13838 : 10865;
13839 : 10865;
13840 : 10864;
13841 : 10864;
13842 : 10864;
13843 : 10864;
13844 : 10864;
13845 : 10864;
13846 : 10863;
13847 : 10863;
13848 : 10864;
13849 : 10798;
13850 : 14921;
13851 : 65503;
13852 : 65535;
13853 : 65535;
13854 : 65535;
13855 : 65535;
13856 : 65535;
13857 : 46485;
13858 : 6504;
13859 : 10864;
13860 : 10864;
13861 : 10831;
13862 : 10832;
13863 : 10831;
13864 : 10831;
13865 : 10831;
13866 : 10831;
13867 : 10799;
13868 : 10831;
13869 : 10831;
13870 : 10831;
13871 : 10831;
13872 : 10832;
13873 : 6506;
13874 : 29614;
13875 : 65535;
13876 : 65535;
13877 : 65535;
13878 : 65535;
13879 : 65535;
13880 : 65535;
13881 : 65535;
13882 : 65535;
13883 : 65535;
13884 : 65535;
13885 : 65535;
13886 : 65535;
13887 : 65535;
13888 : 65535;
13889 : 65535;
13890 : 65535;
13891 : 65535;
13892 : 65535;
13893 : 65535;
13894 : 65535;
13895 : 65535;
13896 : 65535;
13897 : 65535;
13898 : 65535;
13899 : 65535;
13900 : 65535;
13901 : 65535;
13902 : 65535;
13903 : 65535;
13904 : 65535;
13905 : 65535;
13906 : 65535;
13907 : 65535;
13908 : 65535;
13909 : 65535;
13910 : 65535;
13911 : 65535;
13912 : 65535;
13913 : 65535;
13914 : 65535;
13915 : 65535;
13916 : 65535;
13917 : 65535;
13918 : 65535;
13919 : 65535;
13920 : 65535;
13921 : 65535;
13922 : 65535;
13923 : 65535;
13924 : 65535;
13925 : 65535;
13926 : 65535;
13927 : 65535;
13928 : 65535;
13929 : 65535;
13930 : 65535;
13931 : 65535;
13932 : 65535;
13933 : 65535;
13934 : 65535;
13935 : 65535;
13936 : 65535;
13937 : 65535;
13938 : 65535;
13939 : 65535;
13940 : 65535;
13941 : 65535;
13942 : 65535;
13943 : 65535;
13944 : 65535;
13945 : 65535;
13946 : 65535;
13947 : 65535;
13948 : 65535;
13949 : 65535;
13950 : 65535;
13951 : 65535;
13952 : 65535;
13953 : 65535;
13954 : 65535;
13955 : 65535;
13956 : 65535;
13957 : 65535;
13958 : 65535;
13959 : 65535;
13960 : 23308;
13961 : 10831;
13962 : 12978;
13963 : 10897;
13964 : 10865;
13965 : 10865;
13966 : 10865;
13967 : 10865;
13968 : 10897;
13969 : 12945;
13970 : 10864;
13971 : 12912;
13972 : 10864;
13973 : 10864;
13974 : 10864;
13975 : 10864;
13976 : 10864;
13977 : 8652;
13978 : 21194;
13979 : 65535;
13980 : 65535;
13981 : 65535;
13982 : 65535;
13983 : 65535;
13984 : 65535;
13985 : 21195;
13986 : 10765;
13987 : 10863;
13988 : 10863;
13989 : 10863;
13990 : 10864;
13991 : 10864;
13992 : 10831;
13993 : 10831;
13994 : 10799;
13995 : 10799;
13996 : 10831;
13997 : 10831;
13998 : 10799;
13999 : 10799;
14000 : 10831;
14001 : 6571;
14002 : 25420;
14003 : 65535;
14004 : 65535;
14005 : 65535;
14006 : 65535;
14007 : 65535;
14008 : 65535;
14009 : 65535;
14010 : 65535;
14011 : 65535;
14012 : 65535;
14013 : 65535;
14014 : 65535;
14015 : 65535;
14016 : 65535;
14017 : 65535;
14018 : 65535;
14019 : 65535;
14020 : 65535;
14021 : 65535;
14022 : 65535;
14023 : 65535;
14024 : 65535;
14025 : 65535;
14026 : 65535;
14027 : 65535;
14028 : 65535;
14029 : 65535;
14030 : 65535;
14031 : 65535;
14032 : 65535;
14033 : 65535;
14034 : 65535;
14035 : 65535;
14036 : 65535;
14037 : 65535;
14038 : 65535;
14039 : 65535;
14040 : 65535;
14041 : 65535;
14042 : 65535;
14043 : 65535;
14044 : 65535;
14045 : 65535;
14046 : 65535;
14047 : 65535;
14048 : 65535;
14049 : 65535;
14050 : 65535;
14051 : 65535;
14052 : 65535;
14053 : 65535;
14054 : 65535;
14055 : 65535;
14056 : 65535;
14057 : 65535;
14058 : 65535;
14059 : 65535;
14060 : 65535;
14061 : 65535;
14062 : 65535;
14063 : 65535;
14064 : 65535;
14065 : 65535;
14066 : 65535;
14067 : 65535;
14068 : 65535;
14069 : 65535;
14070 : 65535;
14071 : 65535;
14072 : 65535;
14073 : 65535;
14074 : 65535;
14075 : 65535;
14076 : 65535;
14077 : 65535;
14078 : 65535;
14079 : 65535;
14080 : 65535;
14081 : 65535;
14082 : 65535;
14083 : 65535;
14084 : 65535;
14085 : 65535;
14086 : 65535;
14087 : 65535;
14088 : 19148;
14089 : 10864;
14090 : 12945;
14091 : 12945;
14092 : 12945;
14093 : 12945;
14094 : 12945;
14095 : 12945;
14096 : 12945;
14097 : 12945;
14098 : 12945;
14099 : 12944;
14100 : 12944;
14101 : 10896;
14102 : 10896;
14103 : 10864;
14104 : 10897;
14105 : 6472;
14106 : 42292;
14107 : 65535;
14108 : 65535;
14109 : 65535;
14110 : 65535;
14111 : 65535;
14112 : 54937;
14113 : 8551;
14114 : 10863;
14115 : 10863;
14116 : 10863;
14117 : 10863;
14118 : 10863;
14119 : 10864;
14120 : 10864;
14121 : 10831;
14122 : 10831;
14123 : 10831;
14124 : 10831;
14125 : 10799;
14126 : 10799;
14127 : 10799;
14128 : 10831;
14129 : 6604;
14130 : 21130;
14131 : 65535;
14132 : 65535;
14133 : 65535;
14134 : 65535;
14135 : 65535;
14136 : 65535;
14137 : 65535;
14138 : 65535;
14139 : 65535;
14140 : 65535;
14141 : 65535;
14142 : 65535;
14143 : 65535;
14144 : 65535;
14145 : 65535;
14146 : 65535;
14147 : 65535;
14148 : 65535;
14149 : 65535;
14150 : 65535;
14151 : 65535;
14152 : 65535;
14153 : 65535;
14154 : 65535;
14155 : 65535;
14156 : 65535;
14157 : 65535;
14158 : 65535;
14159 : 65535;
14160 : 65535;
14161 : 65535;
14162 : 65535;
14163 : 65535;
14164 : 65535;
14165 : 65535;
14166 : 65535;
14167 : 65535;
14168 : 65535;
14169 : 65535;
14170 : 65535;
14171 : 65535;
14172 : 65535;
14173 : 65535;
14174 : 65535;
14175 : 65535;
14176 : 65535;
14177 : 65535;
14178 : 65535;
14179 : 65535;
14180 : 65535;
14181 : 65535;
14182 : 65535;
14183 : 65535;
14184 : 65535;
14185 : 65535;
14186 : 65535;
14187 : 65535;
14188 : 65535;
14189 : 65535;
14190 : 65535;
14191 : 65535;
14192 : 65535;
14193 : 65535;
14194 : 65535;
14195 : 65535;
14196 : 65535;
14197 : 65535;
14198 : 65535;
14199 : 65535;
14200 : 65535;
14201 : 65535;
14202 : 65535;
14203 : 65535;
14204 : 65535;
14205 : 65535;
14206 : 65535;
14207 : 65535;
14208 : 65535;
14209 : 65535;
14210 : 65535;
14211 : 65535;
14212 : 65535;
14213 : 65535;
14214 : 65535;
14215 : 63422;
14216 : 14922;
14217 : 10897;
14218 : 12978;
14219 : 12978;
14220 : 12946;
14221 : 12946;
14222 : 12945;
14223 : 10897;
14224 : 12945;
14225 : 12945;
14226 : 12945;
14227 : 12945;
14228 : 12945;
14229 : 12945;
14230 : 10897;
14231 : 12945;
14232 : 10831;
14233 : 16937;
14234 : 63422;
14235 : 65535;
14236 : 65535;
14237 : 65535;
14238 : 65535;
14239 : 65535;
14240 : 40211;
14241 : 6538;
14242 : 10897;
14243 : 10863;
14244 : 10863;
14245 : 10863;
14246 : 10863;
14247 : 10863;
14248 : 12912;
14249 : 10864;
14250 : 10831;
14251 : 10831;
14252 : 10831;
14253 : 10831;
14254 : 10831;
14255 : 10799;
14256 : 10832;
14257 : 8653;
14258 : 21195;
14259 : 65535;
14260 : 65535;
14261 : 65535;
14262 : 65535;
14263 : 65535;
14264 : 65535;
14265 : 65535;
14266 : 65535;
14267 : 65535;
14268 : 65535;
14269 : 65535;
14270 : 65535;
14271 : 65535;
14272 : 65535;
14273 : 65535;
14274 : 65535;
14275 : 65535;
14276 : 65535;
14277 : 65535;
14278 : 65535;
14279 : 65535;
14280 : 65535;
14281 : 65535;
14282 : 65535;
14283 : 65535;
14284 : 65535;
14285 : 65535;
14286 : 65535;
14287 : 65535;
14288 : 65535;
14289 : 65535;
14290 : 65535;
14291 : 65535;
14292 : 65535;
14293 : 65535;
14294 : 65535;
14295 : 65535;
14296 : 65535;
14297 : 65535;
14298 : 65535;
14299 : 65535;
14300 : 65535;
14301 : 65535;
14302 : 65535;
14303 : 65535;
14304 : 65535;
14305 : 65535;
14306 : 65535;
14307 : 65535;
14308 : 65535;
14309 : 65535;
14310 : 65535;
14311 : 65535;
14312 : 65535;
14313 : 65535;
14314 : 65535;
14315 : 65535;
14316 : 65535;
14317 : 65535;
14318 : 65535;
14319 : 65535;
14320 : 65535;
14321 : 65535;
14322 : 65535;
14323 : 65535;
14324 : 65535;
14325 : 65535;
14326 : 65535;
14327 : 65535;
14328 : 65535;
14329 : 65535;
14330 : 65535;
14331 : 65535;
14332 : 65535;
14333 : 65535;
14334 : 65535;
14335 : 65535;
14336 : 65535;
14337 : 65535;
14338 : 65535;
14339 : 65535;
14340 : 65535;
14341 : 65535;
14342 : 65535;
14343 : 65503;
14344 : 17035;
14345 : 10865;
14346 : 12978;
14347 : 12978;
14348 : 12978;
14349 : 12946;
14350 : 12945;
14351 : 12945;
14352 : 12945;
14353 : 12945;
14354 : 12945;
14355 : 12945;
14356 : 12945;
14357 : 12945;
14358 : 10897;
14359 : 10897;
14360 : 6537;
14361 : 46485;
14362 : 65535;
14363 : 65535;
14364 : 65535;
14365 : 65535;
14366 : 65535;
14367 : 65535;
14368 : 29582;
14369 : 8684;
14370 : 10897;
14371 : 10864;
14372 : 10896;
14373 : 10864;
14374 : 10864;
14375 : 10864;
14376 : 10864;
14377 : 10864;
14378 : 10864;
14379 : 10831;
14380 : 10831;
14381 : 10831;
14382 : 10831;
14383 : 10831;
14384 : 10831;
14385 : 8620;
14386 : 27501;
14387 : 65535;
14388 : 65535;
14389 : 65535;
14390 : 65535;
14391 : 65535;
14392 : 65535;
14393 : 65535;
14394 : 65535;
14395 : 65535;
14396 : 65535;
14397 : 65535;
14398 : 65535;
14399 : 65535;
14400 : 65535;
14401 : 65535;
14402 : 65535;
14403 : 65535;
14404 : 65535;
14405 : 65535;
14406 : 65535;
14407 : 65535;
14408 : 65535;
14409 : 65535;
14410 : 65535;
14411 : 65535;
14412 : 65535;
14413 : 65535;
14414 : 65535;
14415 : 65535;
14416 : 65535;
14417 : 65535;
14418 : 65535;
14419 : 65535;
14420 : 65535;
14421 : 65535;
14422 : 65535;
14423 : 65535;
14424 : 65535;
14425 : 65535;
14426 : 65535;
14427 : 65535;
14428 : 65535;
14429 : 65535;
14430 : 65535;
14431 : 65535;
14432 : 65535;
14433 : 65535;
14434 : 65535;
14435 : 65535;
14436 : 65535;
14437 : 65535;
14438 : 65535;
14439 : 65535;
14440 : 65535;
14441 : 65535;
14442 : 65535;
14443 : 65535;
14444 : 65535;
14445 : 65535;
14446 : 65535;
14447 : 65535;
14448 : 65535;
14449 : 65535;
14450 : 65535;
14451 : 65535;
14452 : 65535;
14453 : 65535;
14454 : 65535;
14455 : 65535;
14456 : 65535;
14457 : 65535;
14458 : 65535;
14459 : 65535;
14460 : 65535;
14461 : 65535;
14462 : 65535;
14463 : 65535;
14464 : 65535;
14465 : 65535;
14466 : 65535;
14467 : 65535;
14468 : 65535;
14469 : 65535;
14470 : 65535;
14471 : 65535;
14472 : 21195;
14473 : 10831;
14474 : 15123;
14475 : 15154;
14476 : 15155;
14477 : 15155;
14478 : 15122;
14479 : 12978;
14480 : 12945;
14481 : 12978;
14482 : 12978;
14483 : 12946;
14484 : 12946;
14485 : 12945;
14486 : 12978;
14487 : 8749;
14488 : 21163;
14489 : 65503;
14490 : 65535;
14491 : 65535;
14492 : 65535;
14493 : 65535;
14494 : 65535;
14495 : 65535;
14496 : 19050;
14497 : 8750;
14498 : 10896;
14499 : 10864;
14500 : 12944;
14501 : 10864;
14502 : 10864;
14503 : 10864;
14504 : 10864;
14505 : 10864;
14506 : 10864;
14507 : 10831;
14508 : 10831;
14509 : 10831;
14510 : 10831;
14511 : 10832;
14512 : 10832;
14513 : 6538;
14514 : 31759;
14515 : 65535;
14516 : 65535;
14517 : 65535;
14518 : 65535;
14519 : 65535;
14520 : 65535;
14521 : 65535;
14522 : 65535;
14523 : 65535;
14524 : 65535;
14525 : 65535;
14526 : 65535;
14527 : 65535;
14528 : 65535;
14529 : 65535;
14530 : 65535;
14531 : 65535;
14532 : 65535;
14533 : 65535;
14534 : 65535;
14535 : 65535;
14536 : 65535;
14537 : 65535;
14538 : 65535;
14539 : 65535;
14540 : 65535;
14541 : 65535;
14542 : 65535;
14543 : 65535;
14544 : 65535;
14545 : 65535;
14546 : 65535;
14547 : 65535;
14548 : 65535;
14549 : 65535;
14550 : 65535;
14551 : 65535;
14552 : 65535;
14553 : 65535;
14554 : 65535;
14555 : 65535;
14556 : 65535;
14557 : 65535;
14558 : 65535;
14559 : 65535;
14560 : 65535;
14561 : 65535;
14562 : 65535;
14563 : 65535;
14564 : 65535;
14565 : 65535;
14566 : 65535;
14567 : 65535;
14568 : 65535;
14569 : 65535;
14570 : 65535;
14571 : 65535;
14572 : 65535;
14573 : 65535;
14574 : 65535;
14575 : 65535;
14576 : 65535;
14577 : 65535;
14578 : 65535;
14579 : 65535;
14580 : 65535;
14581 : 65535;
14582 : 65535;
14583 : 65535;
14584 : 65535;
14585 : 65535;
14586 : 65535;
14587 : 65535;
14588 : 65535;
14589 : 65535;
14590 : 65535;
14591 : 65535;
14592 : 65535;
14593 : 65535;
14594 : 65535;
14595 : 65535;
14596 : 65535;
14597 : 65535;
14598 : 65535;
14599 : 65535;
14600 : 25420;
14601 : 12942;
14602 : 19380;
14603 : 19379;
14604 : 19380;
14605 : 19379;
14606 : 17299;
14607 : 17267;
14608 : 15155;
14609 : 13010;
14610 : 10897;
14611 : 12978;
14612 : 12946;
14613 : 12945;
14614 : 12977;
14615 : 10665;
14616 : 52857;
14617 : 65535;
14618 : 65535;
14619 : 65535;
14620 : 65535;
14621 : 65535;
14622 : 65535;
14623 : 63389;
14624 : 12744;
14625 : 10864;
14626 : 10897;
14627 : 10897;
14628 : 12945;
14629 : 12945;
14630 : 10865;
14631 : 10864;
14632 : 12912;
14633 : 10864;
14634 : 10864;
14635 : 10864;
14636 : 10864;
14637 : 10864;
14638 : 10864;
14639 : 10864;
14640 : 10864;
14641 : 6505;
14642 : 35953;
14643 : 65535;
14644 : 65535;
14645 : 65535;
14646 : 65535;
14647 : 65535;
14648 : 65535;
14649 : 65535;
14650 : 65535;
14651 : 65535;
14652 : 65535;
14653 : 65535;
14654 : 65535;
14655 : 65535;
14656 : 65535;
14657 : 65535;
14658 : 65535;
14659 : 65535;
14660 : 65535;
14661 : 65535;
14662 : 65535;
14663 : 65535;
14664 : 65535;
14665 : 65535;
14666 : 65535;
14667 : 65535;
14668 : 65535;
14669 : 65535;
14670 : 65535;
14671 : 65535;
14672 : 65535;
14673 : 65535;
14674 : 65535;
14675 : 65535;
14676 : 65535;
14677 : 65535;
14678 : 65535;
14679 : 65535;
14680 : 65535;
14681 : 65535;
14682 : 65535;
14683 : 65535;
14684 : 65535;
14685 : 65535;
14686 : 65535;
14687 : 65535;
14688 : 65535;
14689 : 65535;
14690 : 65535;
14691 : 65535;
14692 : 65535;
14693 : 65535;
14694 : 65535;
14695 : 65535;
14696 : 65535;
14697 : 65535;
14698 : 65535;
14699 : 65535;
14700 : 65535;
14701 : 65535;
14702 : 65535;
14703 : 65535;
14704 : 65535;
14705 : 65535;
14706 : 65535;
14707 : 65535;
14708 : 65535;
14709 : 65535;
14710 : 65535;
14711 : 65535;
14712 : 65535;
14713 : 65535;
14714 : 65535;
14715 : 65535;
14716 : 65535;
14717 : 65535;
14718 : 65535;
14719 : 65535;
14720 : 65535;
14721 : 65535;
14722 : 65535;
14723 : 65535;
14724 : 65535;
14725 : 65535;
14726 : 65535;
14727 : 65535;
14728 : 40179;
14729 : 12907;
14730 : 23637;
14731 : 23605;
14732 : 23605;
14733 : 21556;
14734 : 21524;
14735 : 19412;
14736 : 19380;
14737 : 17268;
14738 : 15123;
14739 : 12977;
14740 : 12978;
14741 : 12945;
14742 : 8618;
14743 : 46486;
14744 : 65535;
14745 : 65535;
14746 : 65535;
14747 : 65535;
14748 : 65535;
14749 : 65535;
14750 : 65535;
14751 : 61277;
14752 : 10631;
14753 : 10865;
14754 : 10897;
14755 : 12945;
14756 : 12945;
14757 : 12945;
14758 : 12945;
14759 : 12945;
14760 : 10897;
14761 : 10897;
14762 : 10897;
14763 : 10897;
14764 : 12913;
14765 : 12913;
14766 : 10864;
14767 : 10864;
14768 : 10896;
14769 : 6471;
14770 : 48630;
14771 : 65535;
14772 : 65535;
14773 : 65535;
14774 : 65535;
14775 : 65535;
14776 : 65535;
14777 : 65535;
14778 : 65535;
14779 : 65535;
14780 : 65535;
14781 : 65535;
14782 : 65535;
14783 : 65535;
14784 : 65535;
14785 : 65535;
14786 : 65535;
14787 : 65535;
14788 : 65535;
14789 : 65535;
14790 : 65535;
14791 : 65535;
14792 : 65535;
14793 : 65535;
14794 : 65535;
14795 : 65535;
14796 : 65535;
14797 : 65535;
14798 : 65535;
14799 : 65535;
14800 : 65535;
14801 : 65535;
14802 : 65535;
14803 : 65535;
14804 : 65535;
14805 : 65535;
14806 : 65535;
14807 : 65535;
14808 : 65535;
14809 : 65535;
14810 : 65535;
14811 : 65535;
14812 : 65535;
14813 : 65535;
14814 : 65535;
14815 : 65535;
14816 : 65535;
14817 : 65535;
14818 : 65535;
14819 : 65535;
14820 : 65535;
14821 : 65535;
14822 : 65535;
14823 : 65535;
14824 : 65535;
14825 : 65535;
14826 : 65535;
14827 : 65535;
14828 : 65535;
14829 : 65535;
14830 : 65535;
14831 : 65535;
14832 : 65535;
14833 : 65535;
14834 : 65535;
14835 : 65535;
14836 : 65535;
14837 : 65535;
14838 : 65535;
14839 : 65535;
14840 : 65535;
14841 : 65535;
14842 : 65535;
14843 : 65535;
14844 : 65535;
14845 : 65535;
14846 : 65535;
14847 : 65535;
14848 : 65535;
14849 : 65535;
14850 : 65535;
14851 : 65535;
14852 : 65535;
14853 : 65535;
14854 : 65535;
14855 : 65535;
14856 : 59196;
14857 : 12808;
14858 : 23571;
14859 : 23637;
14860 : 23637;
14861 : 23637;
14862 : 23637;
14863 : 23605;
14864 : 21524;
14865 : 19379;
14866 : 17267;
14867 : 15090;
14868 : 12978;
14869 : 10731;
14870 : 42260;
14871 : 65535;
14872 : 65535;
14873 : 65535;
14874 : 65535;
14875 : 65535;
14876 : 65535;
14877 : 65535;
14878 : 65535;
14879 : 61276;
14880 : 10631;
14881 : 12945;
14882 : 12978;
14883 : 12946;
14884 : 12946;
14885 : 12946;
14886 : 12945;
14887 : 12946;
14888 : 12946;
14889 : 12946;
14890 : 12945;
14891 : 12945;
14892 : 12945;
14893 : 12945;
14894 : 12945;
14895 : 12945;
14896 : 10864;
14897 : 10663;
14898 : 61309;
14899 : 65535;
14900 : 65535;
14901 : 65535;
14902 : 65535;
14903 : 65535;
14904 : 65535;
14905 : 65535;
14906 : 65535;
14907 : 65535;
14908 : 65535;
14909 : 65535;
14910 : 65535;
14911 : 65535;
14912 : 65535;
14913 : 65535;
14914 : 65535;
14915 : 65535;
14916 : 65535;
14917 : 65535;
14918 : 65535;
14919 : 65535;
14920 : 65535;
14921 : 65535;
14922 : 65535;
14923 : 65535;
14924 : 65535;
14925 : 65535;
14926 : 65535;
14927 : 65535;
14928 : 65535;
14929 : 65535;
14930 : 65535;
14931 : 65535;
14932 : 65535;
14933 : 65535;
14934 : 65535;
14935 : 65535;
14936 : 65535;
14937 : 65535;
14938 : 65535;
14939 : 65535;
14940 : 65535;
14941 : 65535;
14942 : 65535;
14943 : 65535;
14944 : 65535;
14945 : 65535;
14946 : 65535;
14947 : 65535;
14948 : 65535;
14949 : 65535;
14950 : 65535;
14951 : 65535;
14952 : 65535;
14953 : 65535;
14954 : 65535;
14955 : 65535;
14956 : 65535;
14957 : 65535;
14958 : 65535;
14959 : 65535;
14960 : 65535;
14961 : 65535;
14962 : 65535;
14963 : 65535;
14964 : 65535;
14965 : 65535;
14966 : 65535;
14967 : 65535;
14968 : 65535;
14969 : 65535;
14970 : 65535;
14971 : 65535;
14972 : 65535;
14973 : 65535;
14974 : 65535;
14975 : 65535;
14976 : 65535;
14977 : 65535;
14978 : 65535;
14979 : 65535;
14980 : 65535;
14981 : 65535;
14982 : 65535;
14983 : 65535;
14984 : 65535;
14985 : 35953;
14986 : 10728;
14987 : 25717;
14988 : 23638;
14989 : 23637;
14990 : 23637;
14991 : 23637;
14992 : 23637;
14993 : 21524;
14994 : 19412;
14995 : 15187;
14996 : 10763;
14997 : 42292;
14998 : 65535;
14999 : 65535;
15000 : 65535;
15001 : 65535;
15002 : 65535;
15003 : 65535;
15004 : 65535;
15005 : 65535;
15006 : 65535;
15007 : 63357;
15008 : 12711;
15009 : 12945;
15010 : 12978;
15011 : 12946;
15012 : 12946;
15013 : 12978;
15014 : 12978;
15015 : 12978;
15016 : 12946;
15017 : 12946;
15018 : 12946;
15019 : 12945;
15020 : 12945;
15021 : 12945;
15022 : 12945;
15023 : 12945;
15024 : 8685;
15025 : 21162;
15026 : 65535;
15027 : 65535;
15028 : 65535;
15029 : 65535;
15030 : 65535;
15031 : 65535;
15032 : 65535;
15033 : 65535;
15034 : 65535;
15035 : 65535;
15036 : 65535;
15037 : 65535;
15038 : 65535;
15039 : 65535;
15040 : 65535;
15041 : 65535;
15042 : 65535;
15043 : 65535;
15044 : 65535;
15045 : 65535;
15046 : 65535;
15047 : 65535;
15048 : 65535;
15049 : 65535;
15050 : 65535;
15051 : 65535;
15052 : 65535;
15053 : 65535;
15054 : 65535;
15055 : 65535;
15056 : 65535;
15057 : 65535;
15058 : 65535;
15059 : 65535;
15060 : 65535;
15061 : 65535;
15062 : 65535;
15063 : 65535;
15064 : 65535;
15065 : 65535;
15066 : 65535;
15067 : 65535;
15068 : 65535;
15069 : 65535;
15070 : 65535;
15071 : 65535;
15072 : 65535;
15073 : 65535;
15074 : 65535;
15075 : 65535;
15076 : 65535;
15077 : 65535;
15078 : 65535;
15079 : 65535;
15080 : 65535;
15081 : 65535;
15082 : 65535;
15083 : 65535;
15084 : 65535;
15085 : 65535;
15086 : 65535;
15087 : 65535;
15088 : 65535;
15089 : 65535;
15090 : 65535;
15091 : 65535;
15092 : 65535;
15093 : 65535;
15094 : 65535;
15095 : 65535;
15096 : 65535;
15097 : 65535;
15098 : 65535;
15099 : 65535;
15100 : 65535;
15101 : 65535;
15102 : 65535;
15103 : 65535;
15104 : 65535;
15105 : 65535;
15106 : 65535;
15107 : 65535;
15108 : 65535;
15109 : 65535;
15110 : 65535;
15111 : 65535;
15112 : 65535;
15113 : 65503;
15114 : 31727;
15115 : 12874;
15116 : 23572;
15117 : 25718;
15118 : 23670;
15119 : 23669;
15120 : 23670;
15121 : 23638;
15122 : 19346;
15123 : 17100;
15124 : 46518;
15125 : 65535;
15126 : 65535;
15127 : 65535;
15128 : 65535;
15129 : 65535;
15130 : 65535;
15131 : 65535;
15132 : 65535;
15133 : 65535;
15134 : 65535;
15135 : 65535;
15136 : 16969;
15137 : 10831;
15138 : 12979;
15139 : 12978;
15140 : 12978;
15141 : 12978;
15142 : 12978;
15143 : 12978;
15144 : 12978;
15145 : 12978;
15146 : 12978;
15147 : 12978;
15148 : 12946;
15149 : 12946;
15150 : 12946;
15151 : 12978;
15152 : 6472;
15153 : 42259;
15154 : 65535;
15155 : 65535;
15156 : 65535;
15157 : 65535;
15158 : 65535;
15159 : 65535;
15160 : 65535;
15161 : 65535;
15162 : 65535;
15163 : 65535;
15164 : 65535;
15165 : 65535;
15166 : 65535;
15167 : 65535;
15168 : 65535;
15169 : 65535;
15170 : 65535;
15171 : 65535;
15172 : 65535;
15173 : 65535;
15174 : 65535;
15175 : 65535;
15176 : 65535;
15177 : 65535;
15178 : 65535;
15179 : 65535;
15180 : 65535;
15181 : 65535;
15182 : 65535;
15183 : 65535;
15184 : 65535;
15185 : 65535;
15186 : 65535;
15187 : 65535;
15188 : 65535;
15189 : 65535;
15190 : 65535;
15191 : 65535;
15192 : 65535;
15193 : 65535;
15194 : 65535;
15195 : 65535;
15196 : 65535;
15197 : 65535;
15198 : 65535;
15199 : 65535;
15200 : 65535;
15201 : 65535;
15202 : 65535;
15203 : 65535;
15204 : 65535;
15205 : 65535;
15206 : 65535;
15207 : 65535;
15208 : 65535;
15209 : 65535;
15210 : 65535;
15211 : 65535;
15212 : 65535;
15213 : 65535;
15214 : 65535;
15215 : 65535;
15216 : 65535;
15217 : 65535;
15218 : 65535;
15219 : 65535;
15220 : 65535;
15221 : 65535;
15222 : 65535;
15223 : 65535;
15224 : 65535;
15225 : 65535;
15226 : 65535;
15227 : 65535;
15228 : 65535;
15229 : 65535;
15230 : 65535;
15231 : 65535;
15232 : 65535;
15233 : 65535;
15234 : 65535;
15235 : 65535;
15236 : 65535;
15237 : 65535;
15238 : 65535;
15239 : 65535;
15240 : 65535;
15241 : 65535;
15242 : 65535;
15243 : 44405;
15244 : 16969;
15245 : 14988;
15246 : 19345;
15247 : 21458;
15248 : 19312;
15249 : 21326;
15250 : 38067;
15251 : 61276;
15252 : 65535;
15253 : 65535;
15254 : 65535;
15255 : 65535;
15256 : 65535;
15257 : 65535;
15258 : 65535;
15259 : 65535;
15260 : 65535;
15261 : 65535;
15262 : 65535;
15263 : 65535;
15264 : 25355;
15265 : 8717;
15266 : 12978;
15267 : 12978;
15268 : 12978;
15269 : 10898;
15270 : 10898;
15271 : 10898;
15272 : 10930;
15273 : 12978;
15274 : 12978;
15275 : 12978;
15276 : 12978;
15277 : 12978;
15278 : 12978;
15279 : 10897;
15280 : 10631;
15281 : 61277;
15282 : 65535;
15283 : 65535;
15284 : 65535;
15285 : 65535;
15286 : 65535;
15287 : 65535;
15288 : 65535;
15289 : 65535;
15290 : 65535;
15291 : 65535;
15292 : 65535;
15293 : 65535;
15294 : 65535;
15295 : 65535;
15296 : 65535;
15297 : 65535;
15298 : 65535;
15299 : 65535;
15300 : 65535;
15301 : 65535;
15302 : 65535;
15303 : 65535;
15304 : 65535;
15305 : 65535;
15306 : 65535;
15307 : 65535;
15308 : 65535;
15309 : 65535;
15310 : 65535;
15311 : 65535;
15312 : 65535;
15313 : 65535;
15314 : 65535;
15315 : 65535;
15316 : 65535;
15317 : 65535;
15318 : 65535;
15319 : 65535;
15320 : 65535;
15321 : 65535;
15322 : 65535;
15323 : 65535;
15324 : 65535;
15325 : 65535;
15326 : 65535;
15327 : 65535;
15328 : 65535;
15329 : 65535;
15330 : 65535;
15331 : 65535;
15332 : 65535;
15333 : 65535;
15334 : 65535;
15335 : 65535;
15336 : 65535;
15337 : 65535;
15338 : 65535;
15339 : 65535;
15340 : 65535;
15341 : 65535;
15342 : 65535;
15343 : 65535;
15344 : 65535;
15345 : 65535;
15346 : 65535;
15347 : 65535;
15348 : 65535;
15349 : 65535;
15350 : 65535;
15351 : 65535;
15352 : 65535;
15353 : 65535;
15354 : 65535;
15355 : 65535;
15356 : 65535;
15357 : 65535;
15358 : 65535;
15359 : 65535;
15360 : 65535;
15361 : 65535;
15362 : 65535;
15363 : 65535;
15364 : 65535;
15365 : 65535;
15366 : 65535;
15367 : 65535;
15368 : 65535;
15369 : 65535;
15370 : 65535;
15371 : 65535;
15372 : 63389;
15373 : 46485;
15374 : 35985;
15375 : 31760;
15376 : 44437;
15377 : 61277;
15378 : 65535;
15379 : 65535;
15380 : 65535;
15381 : 65535;
15382 : 65535;
15383 : 65535;
15384 : 65535;
15385 : 65535;
15386 : 65535;
15387 : 65535;
15388 : 65535;
15389 : 65535;
15390 : 65535;
15391 : 65535;
15392 : 40179;
15393 : 6537;
15394 : 13010;
15395 : 12978;
15396 : 13010;
15397 : 13042;
15398 : 15090;
15399 : 15123;
15400 : 15123;
15401 : 15090;
15402 : 13010;
15403 : 12978;
15404 : 12978;
15405 : 12979;
15406 : 13011;
15407 : 6571;
15408 : 29614;
15409 : 65535;
15410 : 65535;
15411 : 65535;
15412 : 65535;
15413 : 65535;
15414 : 65535;
15415 : 65535;
15416 : 65535;
15417 : 65535;
15418 : 65535;
15419 : 65535;
15420 : 65535;
15421 : 65535;
15422 : 65535;
15423 : 65535;
15424 : 65535;
15425 : 65535;
15426 : 65535;
15427 : 65535;
15428 : 65535;
15429 : 65535;
15430 : 65535;
15431 : 65535;
15432 : 65535;
15433 : 65535;
15434 : 65535;
15435 : 65535;
15436 : 65535;
15437 : 65535;
15438 : 65535;
15439 : 65535;
15440 : 65535;
15441 : 65535;
15442 : 65535;
15443 : 65535;
15444 : 65535;
15445 : 65535;
15446 : 65535;
15447 : 65535;
15448 : 65535;
15449 : 65535;
15450 : 65535;
15451 : 65535;
15452 : 65535;
15453 : 65535;
15454 : 65535;
15455 : 65535;
15456 : 65535;
15457 : 65535;
15458 : 65535;
15459 : 65535;
15460 : 65535;
15461 : 65535;
15462 : 65535;
15463 : 65535;
15464 : 65535;
15465 : 65535;
15466 : 65535;
15467 : 65535;
15468 : 65535;
15469 : 65535;
15470 : 65535;
15471 : 65535;
15472 : 65535;
15473 : 65535;
15474 : 65535;
15475 : 65535;
15476 : 65535;
15477 : 65535;
15478 : 65535;
15479 : 65535;
15480 : 65535;
15481 : 65535;
15482 : 65535;
15483 : 65535;
15484 : 65535;
15485 : 65535;
15486 : 65535;
15487 : 65535;
15488 : 65535;
15489 : 65535;
15490 : 65535;
15491 : 65535;
15492 : 65535;
15493 : 65535;
15494 : 65535;
15495 : 65535;
15496 : 65535;
15497 : 65535;
15498 : 65535;
15499 : 65535;
15500 : 65535;
15501 : 65535;
15502 : 65535;
15503 : 65535;
15504 : 65535;
15505 : 65535;
15506 : 65535;
15507 : 65535;
15508 : 65535;
15509 : 65535;
15510 : 65535;
15511 : 65535;
15512 : 65535;
15513 : 65535;
15514 : 65535;
15515 : 65535;
15516 : 65535;
15517 : 65535;
15518 : 65535;
15519 : 65535;
15520 : 61276;
15521 : 10631;
15522 : 12977;
15523 : 15155;
15524 : 17267;
15525 : 19379;
15526 : 19411;
15527 : 19412;
15528 : 19411;
15529 : 19379;
15530 : 19347;
15531 : 17267;
15532 : 15122;
15533 : 13010;
15534 : 10864;
15535 : 10663;
15536 : 59196;
15537 : 65535;
15538 : 65535;
15539 : 65535;
15540 : 65535;
15541 : 65535;
15542 : 65535;
15543 : 65535;
15544 : 65535;
15545 : 65535;
15546 : 65535;
15547 : 65535;
15548 : 65535;
15549 : 65535;
15550 : 65535;
15551 : 65535;
15552 : 65535;
15553 : 65535;
15554 : 65535;
15555 : 65535;
15556 : 65535;
15557 : 65535;
15558 : 65535;
15559 : 65535;
15560 : 65535;
15561 : 65535;
15562 : 65535;
15563 : 65535;
15564 : 65535;
15565 : 65535;
15566 : 65535;
15567 : 65535;
15568 : 65535;
15569 : 65535;
15570 : 65535;
15571 : 65535;
15572 : 65535;
15573 : 65535;
15574 : 65535;
15575 : 65535;
15576 : 65535;
15577 : 65535;
15578 : 65535;
15579 : 65535;
15580 : 65535;
15581 : 65535;
15582 : 65535;
15583 : 65535;
15584 : 65535;
15585 : 65535;
15586 : 65535;
15587 : 65535;
15588 : 65535;
15589 : 65535;
15590 : 65535;
15591 : 65535;
15592 : 65535;
15593 : 65535;
15594 : 65535;
15595 : 65535;
15596 : 65535;
15597 : 65535;
15598 : 65535;
15599 : 65535;
15600 : 65535;
15601 : 65535;
15602 : 65535;
15603 : 65535;
15604 : 65535;
15605 : 65535;
15606 : 65535;
15607 : 65535;
15608 : 65535;
15609 : 65535;
15610 : 65535;
15611 : 65535;
15612 : 65535;
15613 : 65535;
15614 : 65535;
15615 : 65535;
15616 : 65535;
15617 : 65535;
15618 : 65535;
15619 : 65535;
15620 : 65535;
15621 : 65535;
15622 : 65535;
15623 : 65535;
15624 : 65535;
15625 : 65535;
15626 : 65535;
15627 : 65535;
15628 : 65535;
15629 : 65535;
15630 : 65535;
15631 : 65535;
15632 : 65535;
15633 : 65535;
15634 : 65535;
15635 : 65535;
15636 : 65535;
15637 : 65535;
15638 : 65535;
15639 : 65535;
15640 : 65535;
15641 : 65535;
15642 : 65535;
15643 : 65535;
15644 : 65535;
15645 : 65535;
15646 : 65535;
15647 : 65535;
15648 : 65535;
15649 : 38033;
15650 : 8683;
15651 : 19445;
15652 : 21493;
15653 : 21557;
15654 : 23605;
15655 : 23637;
15656 : 23605;
15657 : 21556;
15658 : 21525;
15659 : 19444;
15660 : 19379;
15661 : 15187;
15662 : 6504;
15663 : 44372;
15664 : 65535;
15665 : 65535;
15666 : 65535;
15667 : 65535;
15668 : 65535;
15669 : 65535;
15670 : 65535;
15671 : 65535;
15672 : 65535;
15673 : 65535;
15674 : 65535;
15675 : 65535;
15676 : 65535;
15677 : 65535;
15678 : 65535;
15679 : 65535;
15680 : 65535;
15681 : 65535;
15682 : 65535;
15683 : 65535;
15684 : 65535;
15685 : 65535;
15686 : 65535;
15687 : 65535;
15688 : 65535;
15689 : 65535;
15690 : 65535;
15691 : 65535;
15692 : 65535;
15693 : 65535;
15694 : 65535;
15695 : 65535;
15696 : 65535;
15697 : 65535;
15698 : 65535;
15699 : 65535;
15700 : 65535;
15701 : 65535;
15702 : 65535;
15703 : 65535;
15704 : 65535;
15705 : 65535;
15706 : 65535;
15707 : 65535;
15708 : 65535;
15709 : 65535;
15710 : 65535;
15711 : 65535;
15712 : 65535;
15713 : 65535;
15714 : 65535;
15715 : 65535;
15716 : 65535;
15717 : 65535;
15718 : 65535;
15719 : 65535;
15720 : 65535;
15721 : 65535;
15722 : 65535;
15723 : 65535;
15724 : 65535;
15725 : 65535;
15726 : 65535;
15727 : 65535;
15728 : 65535;
15729 : 65535;
15730 : 65535;
15731 : 65535;
15732 : 65535;
15733 : 65535;
15734 : 65535;
15735 : 65535;
15736 : 65535;
15737 : 65535;
15738 : 65535;
15739 : 65535;
15740 : 65535;
15741 : 65535;
15742 : 65535;
15743 : 65535;
15744 : 65535;
15745 : 65535;
15746 : 65535;
15747 : 65535;
15748 : 65535;
15749 : 65535;
15750 : 65535;
15751 : 65535;
15752 : 65535;
15753 : 65535;
15754 : 65535;
15755 : 65535;
15756 : 65535;
15757 : 65535;
15758 : 65535;
15759 : 65535;
15760 : 65535;
15761 : 65535;
15762 : 65535;
15763 : 65535;
15764 : 65535;
15765 : 65535;
15766 : 65535;
15767 : 65535;
15768 : 65535;
15769 : 65535;
15770 : 65535;
15771 : 65535;
15772 : 65535;
15773 : 65535;
15774 : 65535;
15775 : 65535;
15776 : 65535;
15777 : 61309;
15778 : 14856;
15779 : 19313;
15780 : 23670;
15781 : 23637;
15782 : 23637;
15783 : 23637;
15784 : 23637;
15785 : 23637;
15786 : 23637;
15787 : 23637;
15788 : 21557;
15789 : 15086;
15790 : 23308;
15791 : 65535;
15792 : 65535;
15793 : 65535;
15794 : 65535;
15795 : 65535;
15796 : 65535;
15797 : 65535;
15798 : 65535;
15799 : 65535;
15800 : 65535;
15801 : 65535;
15802 : 65535;
15803 : 65535;
15804 : 65535;
15805 : 65535;
15806 : 65535;
15807 : 65535;
15808 : 65535;
15809 : 65535;
15810 : 65535;
15811 : 65535;
15812 : 65535;
15813 : 65535;
15814 : 65535;
15815 : 65535;
15816 : 65535;
15817 : 65535;
15818 : 65535;
15819 : 65535;
15820 : 65535;
15821 : 65535;
15822 : 65535;
15823 : 65535;
15824 : 65535;
15825 : 65535;
15826 : 65535;
15827 : 65535;
15828 : 65535;
15829 : 65535;
15830 : 65535;
15831 : 65535;
15832 : 65535;
15833 : 65535;
15834 : 65535;
15835 : 65535;
15836 : 65535;
15837 : 65535;
15838 : 65535;
15839 : 65535;
15840 : 65535;
15841 : 65535;
15842 : 65535;
15843 : 65535;
15844 : 65535;
15845 : 65535;
15846 : 65535;
15847 : 65535;
15848 : 65535;
15849 : 65535;
15850 : 65535;
15851 : 65535;
15852 : 65535;
15853 : 65535;
15854 : 65535;
15855 : 65535;
15856 : 65535;
15857 : 65535;
15858 : 65535;
15859 : 65535;
15860 : 65535;
15861 : 65535;
15862 : 65535;
15863 : 65535;
15864 : 65535;
15865 : 65535;
15866 : 65535;
15867 : 65535;
15868 : 65535;
15869 : 65535;
15870 : 65535;
15871 : 65535;
15872 : 65535;
15873 : 65535;
15874 : 65535;
15875 : 65535;
15876 : 65535;
15877 : 65535;
15878 : 65535;
15879 : 65535;
15880 : 65535;
15881 : 65535;
15882 : 65535;
15883 : 65535;
15884 : 65535;
15885 : 65535;
15886 : 65535;
15887 : 65535;
15888 : 65535;
15889 : 65535;
15890 : 65535;
15891 : 65535;
15892 : 65535;
15893 : 65535;
15894 : 65535;
15895 : 65535;
15896 : 65535;
15897 : 65535;
15898 : 65535;
15899 : 65535;
15900 : 65535;
15901 : 65535;
15902 : 65535;
15903 : 65535;
15904 : 65535;
15905 : 65535;
15906 : 54937;
15907 : 14856;
15908 : 21426;
15909 : 23670;
15910 : 23637;
15911 : 23637;
15912 : 23637;
15913 : 23637;
15914 : 23637;
15915 : 23669;
15916 : 19345;
15917 : 19082;
15918 : 61277;
15919 : 65535;
15920 : 65535;
15921 : 65535;
15922 : 65535;
15923 : 65535;
15924 : 65535;
15925 : 65535;
15926 : 65535;
15927 : 65535;
15928 : 65535;
15929 : 65535;
15930 : 65535;
15931 : 65535;
15932 : 65535;
15933 : 65535;
15934 : 65535;
15935 : 65535;
15936 : 65535;
15937 : 65535;
15938 : 65535;
15939 : 65535;
15940 : 65535;
15941 : 65535;
15942 : 65535;
15943 : 65535;
15944 : 65535;
15945 : 65535;
15946 : 65535;
15947 : 65535;
15948 : 65535;
15949 : 65535;
15950 : 65535;
15951 : 65535;
15952 : 65535;
15953 : 65535;
15954 : 65535;
15955 : 65535;
15956 : 65535;
15957 : 65535;
15958 : 65535;
15959 : 65535;
15960 : 65535;
15961 : 65535;
15962 : 65535;
15963 : 65535;
15964 : 65535;
15965 : 65535;
15966 : 65535;
15967 : 65535;
15968 : 65535;
15969 : 65535;
15970 : 65535;
15971 : 65535;
15972 : 65535;
15973 : 65535;
15974 : 65535;
15975 : 65535;
15976 : 65535;
15977 : 65535;
15978 : 65535;
15979 : 65535;
15980 : 65535;
15981 : 65535;
15982 : 65535;
15983 : 65535;
15984 : 65535;
15985 : 65535;
15986 : 65535;
15987 : 65535;
15988 : 65535;
15989 : 65535;
15990 : 65535;
15991 : 65535;
15992 : 65535;
15993 : 65535;
15994 : 65535;
15995 : 65535;
15996 : 65535;
15997 : 65535;
15998 : 65535;
15999 : 65535;
16000 : 65535;
16001 : 65535;
16002 : 65535;
16003 : 65535;
16004 : 65535;
16005 : 65535;
16006 : 65535;
16007 : 65535;
16008 : 65535;
16009 : 65535;
16010 : 65535;
16011 : 65535;
16012 : 65535;
16013 : 65535;
16014 : 65535;
16015 : 65535;
16016 : 65535;
16017 : 65535;
16018 : 65535;
16019 : 65535;
16020 : 65535;
16021 : 65535;
16022 : 65535;
16023 : 65535;
16024 : 65535;
16025 : 65535;
16026 : 65535;
16027 : 65535;
16028 : 65535;
16029 : 65535;
16030 : 65535;
16031 : 65535;
16032 : 65535;
16033 : 65535;
16034 : 65535;
16035 : 54937;
16036 : 19082;
16037 : 17166;
16038 : 23604;
16039 : 23670;
16040 : 25718;
16041 : 25718;
16042 : 21523;
16043 : 17166;
16044 : 23340;
16045 : 57083;
16046 : 65535;
16047 : 65535;
16048 : 65535;
16049 : 65535;
16050 : 65535;
16051 : 65535;
16052 : 65535;
16053 : 65535;
16054 : 65535;
16055 : 65535;
16056 : 65535;
16057 : 65535;
16058 : 65535;
16059 : 65535;
16060 : 65535;
16061 : 65535;
16062 : 65535;
16063 : 65535;
16064 : 65535;
16065 : 65535;
16066 : 65535;
16067 : 65535;
16068 : 65535;
16069 : 65535;
16070 : 65535;
16071 : 65535;
16072 : 65535;
16073 : 65535;
16074 : 65535;
16075 : 65535;
16076 : 65535;
16077 : 65535;
16078 : 65535;
16079 : 65535;
16080 : 65535;
16081 : 65535;
16082 : 65535;
16083 : 65535;
16084 : 65535;
16085 : 65535;
16086 : 65535;
16087 : 65535;
16088 : 65535;
16089 : 65535;
16090 : 65535;
16091 : 65535;
16092 : 65535;
16093 : 65535;
16094 : 65535;
16095 : 65535;
16096 : 65535;
16097 : 65535;
16098 : 65535;
16099 : 65535;
16100 : 65535;
16101 : 65535;
16102 : 65535;
16103 : 65535;
16104 : 65535;
16105 : 65535;
16106 : 65535;
16107 : 65535;
16108 : 65535;
16109 : 65535;
16110 : 65535;
16111 : 65535;
16112 : 65535;
16113 : 65535;
16114 : 65535;
16115 : 65535;
16116 : 65535;
16117 : 65535;
16118 : 65535;
16119 : 65535;
16120 : 65535;
16121 : 65535;
16122 : 65535;
16123 : 65535;
16124 : 65535;
16125 : 65535;
16126 : 65535;
16127 : 65535;
16128 : 65535;
16129 : 65535;
16130 : 65535;
16131 : 65535;
16132 : 65535;
16133 : 65535;
16134 : 65535;
16135 : 65535;
16136 : 65535;
16137 : 65535;
16138 : 65535;
16139 : 65535;
16140 : 65535;
16141 : 65535;
16142 : 65535;
16143 : 65535;
16144 : 65535;
16145 : 65535;
16146 : 65535;
16147 : 65535;
16148 : 65535;
16149 : 65535;
16150 : 65535;
16151 : 65535;
16152 : 65535;
16153 : 65535;
16154 : 65535;
16155 : 65535;
16156 : 65535;
16157 : 65535;
16158 : 65535;
16159 : 65535;
16160 : 65535;
16161 : 65535;
16162 : 65535;
16163 : 65535;
16164 : 61309;
16165 : 38066;
16166 : 21293;
16167 : 19246;
16168 : 19279;
16169 : 19213;
16170 : 29679;
16171 : 50712;
16172 : 65535;
16173 : 65535;
16174 : 65535;
16175 : 65535;
16176 : 65535;
16177 : 65535;
16178 : 65535;
16179 : 65535;
16180 : 65535;
16181 : 65535;
16182 : 65535;
16183 : 65535;
16184 : 65535;
16185 : 65535;
16186 : 65535;
16187 : 65535;
16188 : 65535;
16189 : 65535;
16190 : 65535;
16191 : 65535;
16192 : 65535;
16193 : 65535;
16194 : 65535;
16195 : 65535;
16196 : 65535;
16197 : 65535;
16198 : 65535;
16199 : 65535;
16200 : 65535;
16201 : 65535;
16202 : 65535;
16203 : 65535;
16204 : 65535;
16205 : 65535;
16206 : 65535;
16207 : 65535;
16208 : 65535;
16209 : 65535;
16210 : 65535;
16211 : 65535;
16212 : 65535;
16213 : 65535;
16214 : 65535;
16215 : 65535;
16216 : 65535;
16217 : 65535;
16218 : 65535;
16219 : 65535;
16220 : 65535;
16221 : 65535;
16222 : 65535;
16223 : 65535;
16224 : 65535;
16225 : 65535;
16226 : 65535;
16227 : 65535;
16228 : 65535;
16229 : 65535;
16230 : 65535;
16231 : 65535;
16232 : 65535;
16233 : 65535;
16234 : 65535;
16235 : 65535;
16236 : 65535;
16237 : 65535;
16238 : 65535;
16239 : 65535;
16240 : 65535;
16241 : 65535;
16242 : 65535;
16243 : 65535;
16244 : 65535;
16245 : 65535;
16246 : 65535;
16247 : 65535;
16248 : 65535;
16249 : 65535;
16250 : 65535;
16251 : 65535;
16252 : 65535;
16253 : 65535;
16254 : 65535;
16255 : 65535;
16256 : 65535;
16257 : 65535;
16258 : 65535;
16259 : 65535;
16260 : 65535;
16261 : 65535;
16262 : 65535;
16263 : 65535;
16264 : 65535;
16265 : 65535;
16266 : 65535;
16267 : 65535;
16268 : 65535;
16269 : 65535;
16270 : 65535;
16271 : 65535;
16272 : 65535;
16273 : 65535;
16274 : 65535;
16275 : 65535;
16276 : 65535;
16277 : 65535;
16278 : 65535;
16279 : 65535;
16280 : 65535;
16281 : 65535;
16282 : 65535;
16283 : 65535;
16284 : 65535;
16285 : 65535;
16286 : 65535;
16287 : 65535;
16288 : 65535;
16289 : 65535;
16290 : 65535;
16291 : 65535;
16292 : 65535;
16293 : 65535;
16294 : 63422;
16295 : 48598;
16296 : 48598;
16297 : 57050;
16298 : 65535;
16299 : 65535;
16300 : 65535;
16301 : 65535;
16302 : 65535;
16303 : 65535;
16304 : 65535;
16305 : 65535;
16306 : 65535;
16307 : 65535;
16308 : 65535;
16309 : 65535;
16310 : 65535;
16311 : 65535;
16312 : 65535;
16313 : 65535;
16314 : 65535;
16315 : 65535;
16316 : 65535;
16317 : 65535;
16318 : 65535;
16319 : 65535;
16320 : 65535;
16321 : 65535;
16322 : 65535;
16323 : 65535;
16324 : 65535;
16325 : 65535;
16326 : 65535;
16327 : 65535;
16328 : 65535;
16329 : 65535;
16330 : 65535;
16331 : 65535;
16332 : 65535;
16333 : 65535;
16334 : 65535;
16335 : 65535;
16336 : 65535;
16337 : 65535;
16338 : 65535;
16339 : 65535;
16340 : 65535;
16341 : 65535;
16342 : 65535;
16343 : 65535;
16344 : 65535;
16345 : 65535;
16346 : 65535;
16347 : 65535;
16348 : 65535;
16349 : 65535;
16350 : 65535;
16351 : 65535;
16352 : 65535;
16353 : 65535;
16354 : 65535;
16355 : 65535;
16356 : 65535;
16357 : 65535;
16358 : 65535;
16359 : 65535;
16360 : 65535;
16361 : 65535;
16362 : 65535;
16363 : 65535;
16364 : 65535;
16365 : 65535;
16366 : 65535;
16367 : 65535;
16368 : 65535;
16369 : 65535;
16370 : 65535;
16371 : 65535;
16372 : 65535;
16373 : 65535;
16374 : 65535;
16375 : 65535;
16376 : 65535;
16377 : 65535;
16378 : 65535;
16379 : 65535;
16380 : 65535;
16381 : 65535;
16382 : 65535;
16383 : 65535;
END;
