WIDTH=16;
DEPTH=16384;

ADDRESS_RADIX=UNS;
DATA_RADIX=UNS;

CONTENT BEGIN
0 : 65535;
1 : 65535;
2 : 65535;
3 : 65535;
4 : 65535;
5 : 65535;
6 : 65535;
7 : 65535;
8 : 65535;
9 : 65535;
10 : 65535;
11 : 65535;
12 : 65535;
13 : 65535;
14 : 65535;
15 : 65535;
16 : 65535;
17 : 65535;
18 : 65535;
19 : 65535;
20 : 65535;
21 : 65535;
22 : 65535;
23 : 65535;
24 : 65535;
25 : 65535;
26 : 65535;
27 : 65535;
28 : 65535;
29 : 65535;
30 : 65535;
31 : 65535;
32 : 65535;
33 : 65535;
34 : 65535;
35 : 65535;
36 : 65535;
37 : 65535;
38 : 65535;
39 : 65535;
40 : 65535;
41 : 65535;
42 : 65535;
43 : 65535;
44 : 65535;
45 : 65535;
46 : 65535;
47 : 65535;
48 : 65535;
49 : 65535;
50 : 65535;
51 : 65535;
52 : 65535;
53 : 65470;
54 : 63292;
55 : 61017;
56 : 60887;
57 : 60789;
58 : 58644;
59 : 60659;
60 : 60594;
61 : 58514;
62 : 56368;
63 : 58352;
64 : 58351;
65 : 56336;
66 : 58481;
67 : 60626;
68 : 60691;
69 : 60756;
70 : 60854;
71 : 60951;
72 : 61049;
73 : 63260;
74 : 65470;
75 : 65535;
76 : 65535;
77 : 65535;
78 : 65535;
79 : 65535;
80 : 65535;
81 : 65535;
82 : 65535;
83 : 65535;
84 : 65535;
85 : 65535;
86 : 65535;
87 : 65535;
88 : 65535;
89 : 65535;
90 : 65535;
91 : 65535;
92 : 65535;
93 : 65535;
94 : 65535;
95 : 65535;
96 : 65535;
97 : 65535;
98 : 65535;
99 : 65535;
100 : 65535;
101 : 65535;
102 : 65535;
103 : 65535;
104 : 65535;
105 : 65535;
106 : 65535;
107 : 65535;
108 : 65535;
109 : 65535;
110 : 65535;
111 : 65535;
112 : 65535;
113 : 65535;
114 : 65535;
115 : 65535;
116 : 65535;
117 : 65535;
118 : 65535;
119 : 65535;
120 : 65535;
121 : 65535;
122 : 65535;
123 : 65535;
124 : 65535;
125 : 65535;
126 : 65535;
127 : 65535;
128 : 65535;
129 : 65535;
130 : 65535;
131 : 65535;
132 : 65535;
133 : 65535;
134 : 65535;
135 : 65535;
136 : 65535;
137 : 65535;
138 : 65535;
139 : 65535;
140 : 65535;
141 : 65535;
142 : 65535;
143 : 65535;
144 : 65535;
145 : 65535;
146 : 65535;
147 : 65535;
148 : 65535;
149 : 65535;
150 : 65535;
151 : 65535;
152 : 65535;
153 : 65535;
154 : 65535;
155 : 65535;
156 : 65535;
157 : 65535;
158 : 65535;
159 : 65535;
160 : 65535;
161 : 65535;
162 : 65535;
163 : 65535;
164 : 65535;
165 : 65535;
166 : 65535;
167 : 65535;
168 : 65535;
169 : 65535;
170 : 65535;
171 : 65535;
172 : 65535;
173 : 65535;
174 : 65535;
175 : 65535;
176 : 65470;
177 : 63260;
178 : 61017;
179 : 60789;
180 : 58546;
181 : 58416;
182 : 60367;
183 : 60334;
184 : 62415;
185 : 62415;
186 : 62415;
187 : 62415;
188 : 64495;
189 : 64495;
190 : 64528;
191 : 64528;
192 : 64560;
193 : 64528;
194 : 64528;
195 : 64495;
196 : 64495;
197 : 62447;
198 : 62447;
199 : 62447;
200 : 60399;
201 : 60399;
202 : 58416;
203 : 58579;
204 : 60822;
205 : 63097;
206 : 63292;
207 : 65502;
208 : 65535;
209 : 65535;
210 : 65535;
211 : 65535;
212 : 65535;
213 : 65535;
214 : 65535;
215 : 65535;
216 : 65535;
217 : 65535;
218 : 65535;
219 : 65535;
220 : 65535;
221 : 65535;
222 : 65535;
223 : 65535;
224 : 65535;
225 : 65535;
226 : 65535;
227 : 65535;
228 : 65535;
229 : 65535;
230 : 65535;
231 : 65535;
232 : 65535;
233 : 65535;
234 : 65535;
235 : 65535;
236 : 65535;
237 : 65535;
238 : 65535;
239 : 65535;
240 : 65535;
241 : 65535;
242 : 65535;
243 : 65535;
244 : 65535;
245 : 65535;
246 : 65535;
247 : 65535;
248 : 65535;
249 : 65535;
250 : 65535;
251 : 65535;
252 : 65535;
253 : 65535;
254 : 65535;
255 : 65535;
256 : 65535;
257 : 65535;
258 : 65535;
259 : 65535;
260 : 65535;
261 : 65535;
262 : 65535;
263 : 65535;
264 : 65535;
265 : 65535;
266 : 65535;
267 : 65535;
268 : 65535;
269 : 65535;
270 : 65535;
271 : 65535;
272 : 65535;
273 : 65535;
274 : 65535;
275 : 65535;
276 : 65535;
277 : 65535;
278 : 65535;
279 : 65535;
280 : 65535;
281 : 65535;
282 : 65535;
283 : 65535;
284 : 65535;
285 : 65535;
286 : 65535;
287 : 65535;
288 : 65535;
289 : 65535;
290 : 65535;
291 : 65535;
292 : 65535;
293 : 65535;
294 : 65535;
295 : 65535;
296 : 65535;
297 : 65535;
298 : 65535;
299 : 65535;
300 : 65535;
301 : 65405;
302 : 60984;
303 : 58578;
304 : 58351;
305 : 60334;
306 : 60334;
307 : 62383;
308 : 64463;
309 : 64495;
310 : 64528;
311 : 64528;
312 : 64528;
313 : 64528;
314 : 64528;
315 : 64528;
316 : 64528;
317 : 62512;
318 : 64528;
319 : 64528;
320 : 64528;
321 : 64528;
322 : 64528;
323 : 64528;
324 : 64560;
325 : 64560;
326 : 64560;
327 : 64560;
328 : 64560;
329 : 64592;
330 : 64560;
331 : 64528;
332 : 62447;
333 : 60399;
334 : 60399;
335 : 60465;
336 : 58579;
337 : 60952;
338 : 63357;
339 : 65535;
340 : 65535;
341 : 65535;
342 : 65535;
343 : 65535;
344 : 65535;
345 : 65535;
346 : 65535;
347 : 65535;
348 : 65535;
349 : 65535;
350 : 65535;
351 : 65535;
352 : 65535;
353 : 65535;
354 : 65535;
355 : 65535;
356 : 65535;
357 : 65535;
358 : 65535;
359 : 65535;
360 : 65535;
361 : 65535;
362 : 65535;
363 : 65535;
364 : 65535;
365 : 65535;
366 : 65535;
367 : 65535;
368 : 65535;
369 : 65535;
370 : 65535;
371 : 65535;
372 : 65535;
373 : 65535;
374 : 65535;
375 : 65535;
376 : 65535;
377 : 65535;
378 : 65535;
379 : 65535;
380 : 65535;
381 : 65535;
382 : 65535;
383 : 65535;
384 : 65535;
385 : 65535;
386 : 65535;
387 : 65535;
388 : 65535;
389 : 65535;
390 : 65535;
391 : 65535;
392 : 65535;
393 : 65535;
394 : 65535;
395 : 65535;
396 : 65535;
397 : 65535;
398 : 65535;
399 : 65535;
400 : 65535;
401 : 65535;
402 : 65535;
403 : 65535;
404 : 65535;
405 : 65535;
406 : 65535;
407 : 65535;
408 : 65535;
409 : 65535;
410 : 65535;
411 : 65535;
412 : 65535;
413 : 65535;
414 : 65535;
415 : 65535;
416 : 65535;
417 : 65535;
418 : 65535;
419 : 65535;
420 : 65535;
421 : 65535;
422 : 65535;
423 : 65535;
424 : 65535;
425 : 65535;
426 : 63357;
427 : 60952;
428 : 58578;
429 : 58319;
430 : 60334;
431 : 62415;
432 : 64528;
433 : 64528;
434 : 64528;
435 : 64528;
436 : 62480;
437 : 64528;
438 : 64528;
439 : 64528;
440 : 64528;
441 : 62480;
442 : 62480;
443 : 64528;
444 : 64528;
445 : 62480;
446 : 62480;
447 : 64528;
448 : 64560;
449 : 64560;
450 : 64560;
451 : 64560;
452 : 64560;
453 : 64560;
454 : 64560;
455 : 64560;
456 : 64560;
457 : 64560;
458 : 64560;
459 : 64560;
460 : 64560;
461 : 64560;
462 : 64560;
463 : 64560;
464 : 64527;
465 : 62415;
466 : 58351;
467 : 58546;
468 : 60984;
469 : 63357;
470 : 65535;
471 : 65535;
472 : 65535;
473 : 65535;
474 : 65535;
475 : 65535;
476 : 65535;
477 : 65535;
478 : 65535;
479 : 65535;
480 : 65535;
481 : 65535;
482 : 65535;
483 : 65535;
484 : 65535;
485 : 65535;
486 : 65535;
487 : 65535;
488 : 65535;
489 : 65535;
490 : 65535;
491 : 65535;
492 : 65535;
493 : 65535;
494 : 65535;
495 : 65535;
496 : 65535;
497 : 65535;
498 : 65535;
499 : 65535;
500 : 65535;
501 : 65535;
502 : 65535;
503 : 65535;
504 : 65535;
505 : 65535;
506 : 65535;
507 : 65535;
508 : 65535;
509 : 65535;
510 : 65535;
511 : 65535;
512 : 65535;
513 : 65535;
514 : 65535;
515 : 65535;
516 : 65535;
517 : 65535;
518 : 65535;
519 : 65535;
520 : 65535;
521 : 65535;
522 : 65535;
523 : 65535;
524 : 65535;
525 : 65535;
526 : 65535;
527 : 65535;
528 : 65535;
529 : 65535;
530 : 65535;
531 : 65535;
532 : 65535;
533 : 65535;
534 : 65535;
535 : 65535;
536 : 65535;
537 : 65535;
538 : 65535;
539 : 65535;
540 : 65535;
541 : 65535;
542 : 65535;
543 : 65535;
544 : 65535;
545 : 65535;
546 : 65535;
547 : 65535;
548 : 65535;
549 : 65535;
550 : 65535;
551 : 65438;
552 : 60984;
553 : 58546;
554 : 58319;
555 : 60334;
556 : 62415;
557 : 62480;
558 : 64528;
559 : 64496;
560 : 64528;
561 : 62480;
562 : 64528;
563 : 62480;
564 : 62480;
565 : 62480;
566 : 62480;
567 : 64528;
568 : 64528;
569 : 64528;
570 : 62480;
571 : 62480;
572 : 62480;
573 : 64528;
574 : 62480;
575 : 62480;
576 : 62512;
577 : 64560;
578 : 64560;
579 : 64560;
580 : 64560;
581 : 64560;
582 : 64560;
583 : 64560;
584 : 64560;
585 : 64560;
586 : 64592;
587 : 64560;
588 : 64560;
589 : 64560;
590 : 64560;
591 : 64560;
592 : 64560;
593 : 64560;
594 : 64560;
595 : 64496;
596 : 60367;
597 : 58351;
598 : 58579;
599 : 61017;
600 : 65438;
601 : 65535;
602 : 65535;
603 : 65535;
604 : 65535;
605 : 65535;
606 : 65535;
607 : 65535;
608 : 65535;
609 : 65535;
610 : 65535;
611 : 65535;
612 : 65535;
613 : 65535;
614 : 65535;
615 : 65535;
616 : 65535;
617 : 65535;
618 : 65535;
619 : 65535;
620 : 65535;
621 : 65535;
622 : 65535;
623 : 65535;
624 : 65535;
625 : 65535;
626 : 65535;
627 : 65535;
628 : 65535;
629 : 65535;
630 : 65535;
631 : 65535;
632 : 65535;
633 : 65535;
634 : 65535;
635 : 65535;
636 : 65535;
637 : 65535;
638 : 65535;
639 : 65535;
640 : 65535;
641 : 65535;
642 : 65535;
643 : 65535;
644 : 65535;
645 : 65535;
646 : 65535;
647 : 65535;
648 : 65535;
649 : 65535;
650 : 65535;
651 : 65535;
652 : 65535;
653 : 65535;
654 : 65535;
655 : 65535;
656 : 65535;
657 : 65535;
658 : 65535;
659 : 65535;
660 : 65535;
661 : 65535;
662 : 65535;
663 : 65535;
664 : 65535;
665 : 65535;
666 : 65535;
667 : 65535;
668 : 65535;
669 : 65535;
670 : 65535;
671 : 65535;
672 : 65535;
673 : 65535;
674 : 65535;
675 : 65535;
676 : 65535;
677 : 65405;
678 : 60822;
679 : 58351;
680 : 60334;
681 : 62415;
682 : 62479;
683 : 62480;
684 : 62448;
685 : 62480;
686 : 62448;
687 : 62448;
688 : 62480;
689 : 62480;
690 : 62480;
691 : 62480;
692 : 62480;
693 : 62480;
694 : 62480;
695 : 62480;
696 : 62480;
697 : 62480;
698 : 62480;
699 : 64560;
700 : 62512;
701 : 64560;
702 : 64560;
703 : 64560;
704 : 64560;
705 : 64560;
706 : 64560;
707 : 64560;
708 : 64561;
709 : 64560;
710 : 64592;
711 : 64592;
712 : 64592;
713 : 64592;
714 : 64592;
715 : 64592;
716 : 64592;
717 : 64560;
718 : 64560;
719 : 64560;
720 : 64560;
721 : 64560;
722 : 64560;
723 : 64560;
724 : 64560;
725 : 64560;
726 : 62447;
727 : 60367;
728 : 58351;
729 : 58741;
730 : 65405;
731 : 65535;
732 : 65535;
733 : 65535;
734 : 65535;
735 : 65535;
736 : 65535;
737 : 65535;
738 : 65535;
739 : 65535;
740 : 65535;
741 : 65535;
742 : 65535;
743 : 65535;
744 : 65535;
745 : 65535;
746 : 65535;
747 : 65535;
748 : 65535;
749 : 65535;
750 : 65535;
751 : 65535;
752 : 65535;
753 : 65535;
754 : 65535;
755 : 65535;
756 : 65535;
757 : 65535;
758 : 65535;
759 : 65535;
760 : 65535;
761 : 65535;
762 : 65535;
763 : 65535;
764 : 65535;
765 : 65535;
766 : 65535;
767 : 65535;
768 : 65535;
769 : 65535;
770 : 65535;
771 : 65535;
772 : 65535;
773 : 65535;
774 : 65535;
775 : 65535;
776 : 65535;
777 : 65535;
778 : 65535;
779 : 65535;
780 : 65535;
781 : 65535;
782 : 65535;
783 : 65535;
784 : 65535;
785 : 65535;
786 : 65535;
787 : 65535;
788 : 65535;
789 : 65535;
790 : 65535;
791 : 65535;
792 : 65535;
793 : 65535;
794 : 65535;
795 : 65535;
796 : 65535;
797 : 65535;
798 : 65535;
799 : 65535;
800 : 65535;
801 : 65535;
802 : 65535;
803 : 63325;
804 : 60789;
805 : 58319;
806 : 60334;
807 : 62479;
808 : 62480;
809 : 62479;
810 : 64495;
811 : 62480;
812 : 62480;
813 : 62480;
814 : 62480;
815 : 62480;
816 : 62480;
817 : 62480;
818 : 62480;
819 : 62480;
820 : 62480;
821 : 62512;
822 : 64560;
823 : 64560;
824 : 64560;
825 : 62512;
826 : 62480;
827 : 62480;
828 : 62448;
829 : 62447;
830 : 62415;
831 : 60366;
832 : 60366;
833 : 62447;
834 : 62447;
835 : 62480;
836 : 64560;
837 : 64593;
838 : 64593;
839 : 64593;
840 : 64625;
841 : 64593;
842 : 64592;
843 : 64592;
844 : 64592;
845 : 64560;
846 : 64560;
847 : 64560;
848 : 64560;
849 : 64560;
850 : 64560;
851 : 64560;
852 : 64560;
853 : 64560;
854 : 64560;
855 : 64560;
856 : 64560;
857 : 62414;
858 : 58319;
859 : 58742;
860 : 65405;
861 : 65535;
862 : 65535;
863 : 65535;
864 : 65535;
865 : 65535;
866 : 65535;
867 : 65535;
868 : 65535;
869 : 65535;
870 : 65535;
871 : 65535;
872 : 65535;
873 : 65535;
874 : 65535;
875 : 65535;
876 : 65535;
877 : 65535;
878 : 65535;
879 : 65535;
880 : 65535;
881 : 65535;
882 : 65535;
883 : 65535;
884 : 65535;
885 : 65535;
886 : 65535;
887 : 65535;
888 : 65535;
889 : 65535;
890 : 65535;
891 : 65535;
892 : 65535;
893 : 65535;
894 : 65535;
895 : 65535;
896 : 65535;
897 : 65535;
898 : 65535;
899 : 65535;
900 : 65535;
901 : 65535;
902 : 65535;
903 : 65535;
904 : 65535;
905 : 65535;
906 : 65535;
907 : 65535;
908 : 65535;
909 : 65535;
910 : 65535;
911 : 65535;
912 : 65535;
913 : 65535;
914 : 65535;
915 : 65535;
916 : 65535;
917 : 65535;
918 : 65535;
919 : 65535;
920 : 65535;
921 : 65535;
922 : 65535;
923 : 65535;
924 : 65535;
925 : 65535;
926 : 65535;
927 : 65535;
928 : 65535;
929 : 63292;
930 : 58676;
931 : 58319;
932 : 60334;
933 : 62447;
934 : 62480;
935 : 62448;
936 : 62448;
937 : 62480;
938 : 62480;
939 : 62480;
940 : 62480;
941 : 62480;
942 : 62480;
943 : 62480;
944 : 62480;
945 : 62480;
946 : 64560;
947 : 64560;
948 : 62480;
949 : 62382;
950 : 58189;
951 : 56011;
952 : 51753;
953 : 49639;
954 : 49607;
955 : 49574;
956 : 47462;
957 : 45381;
958 : 45349;
959 : 43300;
960 : 43300;
961 : 43301;
962 : 45381;
963 : 47462;
964 : 49575;
965 : 49640;
966 : 51720;
967 : 51785;
968 : 56011;
969 : 60269;
970 : 62447;
971 : 64560;
972 : 64592;
973 : 64593;
974 : 64593;
975 : 64592;
976 : 64560;
977 : 64560;
978 : 64560;
979 : 64560;
980 : 64560;
981 : 64560;
982 : 64560;
983 : 64560;
984 : 64528;
985 : 64560;
986 : 64560;
987 : 62414;
988 : 58351;
989 : 58741;
990 : 63357;
991 : 65535;
992 : 65535;
993 : 65535;
994 : 65535;
995 : 65535;
996 : 65535;
997 : 65535;
998 : 65535;
999 : 65535;
1000 : 65535;
1001 : 65535;
1002 : 65535;
1003 : 65535;
1004 : 65535;
1005 : 65535;
1006 : 65535;
1007 : 65535;
1008 : 65535;
1009 : 65535;
1010 : 65535;
1011 : 65535;
1012 : 65535;
1013 : 65535;
1014 : 65535;
1015 : 65535;
1016 : 65535;
1017 : 65535;
1018 : 65535;
1019 : 65535;
1020 : 65535;
1021 : 65535;
1022 : 65535;
1023 : 65535;
1024 : 65535;
1025 : 65535;
1026 : 65535;
1027 : 65535;
1028 : 65535;
1029 : 65535;
1030 : 65535;
1031 : 65535;
1032 : 65535;
1033 : 65535;
1034 : 65535;
1035 : 65535;
1036 : 65535;
1037 : 65535;
1038 : 65535;
1039 : 65535;
1040 : 65535;
1041 : 65535;
1042 : 65535;
1043 : 65535;
1044 : 65535;
1045 : 65535;
1046 : 65535;
1047 : 65535;
1048 : 65535;
1049 : 65535;
1050 : 65535;
1051 : 65535;
1052 : 65535;
1053 : 65535;
1054 : 65535;
1055 : 65438;
1056 : 58677;
1057 : 58287;
1058 : 60302;
1059 : 62447;
1060 : 62448;
1061 : 62448;
1062 : 62447;
1063 : 62480;
1064 : 62480;
1065 : 62448;
1066 : 62480;
1067 : 62480;
1068 : 62480;
1069 : 62480;
1070 : 62512;
1071 : 62512;
1072 : 62447;
1073 : 58189;
1074 : 53930;
1075 : 51752;
1076 : 47494;
1077 : 45349;
1078 : 41187;
1079 : 37026;
1080 : 34946;
1081 : 32866;
1082 : 32866;
1083 : 32865;
1084 : 32865;
1085 : 30817;
1086 : 30817;
1087 : 30785;
1088 : 30785;
1089 : 30785;
1090 : 30817;
1091 : 30817;
1092 : 32866;
1093 : 32865;
1094 : 34914;
1095 : 34946;
1096 : 37026;
1097 : 41187;
1098 : 45381;
1099 : 49575;
1100 : 53833;
1101 : 56043;
1102 : 60301;
1103 : 62479;
1104 : 64592;
1105 : 64593;
1106 : 64560;
1107 : 64560;
1108 : 64560;
1109 : 62544;
1110 : 62512;
1111 : 64560;
1112 : 64560;
1113 : 64560;
1114 : 64560;
1115 : 64560;
1116 : 64560;
1117 : 62415;
1118 : 58319;
1119 : 60822;
1120 : 63389;
1121 : 65535;
1122 : 65535;
1123 : 65535;
1124 : 65535;
1125 : 65535;
1126 : 65535;
1127 : 65535;
1128 : 65535;
1129 : 65535;
1130 : 65535;
1131 : 65535;
1132 : 65535;
1133 : 65535;
1134 : 65535;
1135 : 65535;
1136 : 65535;
1137 : 65535;
1138 : 65535;
1139 : 65535;
1140 : 65535;
1141 : 65535;
1142 : 65535;
1143 : 65535;
1144 : 65535;
1145 : 65535;
1146 : 65535;
1147 : 65535;
1148 : 65535;
1149 : 65535;
1150 : 65535;
1151 : 65535;
1152 : 65535;
1153 : 65535;
1154 : 65535;
1155 : 65535;
1156 : 65535;
1157 : 65535;
1158 : 65535;
1159 : 65535;
1160 : 65535;
1161 : 65535;
1162 : 65535;
1163 : 65535;
1164 : 65535;
1165 : 65535;
1166 : 65535;
1167 : 65535;
1168 : 65535;
1169 : 65535;
1170 : 65535;
1171 : 65535;
1172 : 65535;
1173 : 65535;
1174 : 65535;
1175 : 65535;
1176 : 65535;
1177 : 65535;
1178 : 65535;
1179 : 65535;
1180 : 65535;
1181 : 65535;
1182 : 61049;
1183 : 56303;
1184 : 60302;
1185 : 62447;
1186 : 62447;
1187 : 62448;
1188 : 62447;
1189 : 62448;
1190 : 62448;
1191 : 62480;
1192 : 62447;
1193 : 62479;
1194 : 62480;
1195 : 62512;
1196 : 62480;
1197 : 62447;
1198 : 58156;
1199 : 51785;
1200 : 45413;
1201 : 41187;
1202 : 37026;
1203 : 34946;
1204 : 32866;
1205 : 30785;
1206 : 28737;
1207 : 26656;
1208 : 26656;
1209 : 26656;
1210 : 26656;
1211 : 26689;
1212 : 28737;
1213 : 28737;
1214 : 28770;
1215 : 28899;
1216 : 28932;
1217 : 28835;
1218 : 28769;
1219 : 28737;
1220 : 28705;
1221 : 26656;
1222 : 26656;
1223 : 26656;
1224 : 28704;
1225 : 28737;
1226 : 30817;
1227 : 32897;
1228 : 34946;
1229 : 39074;
1230 : 41187;
1231 : 47429;
1232 : 53833;
1233 : 60269;
1234 : 62512;
1235 : 64593;
1236 : 64593;
1237 : 64561;
1238 : 64560;
1239 : 64560;
1240 : 64560;
1241 : 62512;
1242 : 62512;
1243 : 62512;
1244 : 62512;
1245 : 64560;
1246 : 64560;
1247 : 60366;
1248 : 58351;
1249 : 61016;
1250 : 65535;
1251 : 65535;
1252 : 65535;
1253 : 65535;
1254 : 65535;
1255 : 65535;
1256 : 65535;
1257 : 65535;
1258 : 65535;
1259 : 65535;
1260 : 65535;
1261 : 65535;
1262 : 65535;
1263 : 65535;
1264 : 65535;
1265 : 65535;
1266 : 65535;
1267 : 65535;
1268 : 65535;
1269 : 65535;
1270 : 65535;
1271 : 65535;
1272 : 65535;
1273 : 65535;
1274 : 65535;
1275 : 65535;
1276 : 65535;
1277 : 65535;
1278 : 65535;
1279 : 65535;
1280 : 65535;
1281 : 65535;
1282 : 65535;
1283 : 65535;
1284 : 65535;
1285 : 65535;
1286 : 65535;
1287 : 65535;
1288 : 65535;
1289 : 65535;
1290 : 65535;
1291 : 65535;
1292 : 65535;
1293 : 65535;
1294 : 65535;
1295 : 65535;
1296 : 65535;
1297 : 65535;
1298 : 65535;
1299 : 65535;
1300 : 65535;
1301 : 65535;
1302 : 65535;
1303 : 65535;
1304 : 65535;
1305 : 65535;
1306 : 65535;
1307 : 65535;
1308 : 65437;
1309 : 58611;
1310 : 58221;
1311 : 60399;
1312 : 62447;
1313 : 62447;
1314 : 62447;
1315 : 62447;
1316 : 62447;
1317 : 62480;
1318 : 62480;
1319 : 62480;
1320 : 62480;
1321 : 62512;
1322 : 62415;
1323 : 58156;
1324 : 51785;
1325 : 47461;
1326 : 41155;
1327 : 36994;
1328 : 32865;
1329 : 28737;
1330 : 26656;
1331 : 28672;
1332 : 26656;
1333 : 28801;
1334 : 31012;
1335 : 37449;
1336 : 43918;
1337 : 48274;
1338 : 50452;
1339 : 54710;
1340 : 54808;
1341 : 56920;
1342 : 59033;
1343 : 61211;
1344 : 63292;
1345 : 59099;
1346 : 56921;
1347 : 56856;
1348 : 52630;
1349 : 48371;
1350 : 48241;
1351 : 46031;
1352 : 37482;
1353 : 31045;
1354 : 28802;
1355 : 26656;
1356 : 26656;
1357 : 28705;
1358 : 28737;
1359 : 32865;
1360 : 36994;
1361 : 41187;
1362 : 47494;
1363 : 53898;
1364 : 60302;
1365 : 62512;
1366 : 64593;
1367 : 62544;
1368 : 62512;
1369 : 64560;
1370 : 64560;
1371 : 62512;
1372 : 64560;
1373 : 62512;
1374 : 62512;
1375 : 64560;
1376 : 62479;
1377 : 58253;
1378 : 58611;
1379 : 65438;
1380 : 65535;
1381 : 65535;
1382 : 65535;
1383 : 65535;
1384 : 65535;
1385 : 65535;
1386 : 65535;
1387 : 65535;
1388 : 65535;
1389 : 65535;
1390 : 65535;
1391 : 65535;
1392 : 65535;
1393 : 65535;
1394 : 65535;
1395 : 65535;
1396 : 65535;
1397 : 65535;
1398 : 65535;
1399 : 65535;
1400 : 65535;
1401 : 65535;
1402 : 65535;
1403 : 65535;
1404 : 65535;
1405 : 65535;
1406 : 65535;
1407 : 65535;
1408 : 65535;
1409 : 65535;
1410 : 65535;
1411 : 65535;
1412 : 65535;
1413 : 65535;
1414 : 65535;
1415 : 65535;
1416 : 65535;
1417 : 65535;
1418 : 65535;
1419 : 65535;
1420 : 65535;
1421 : 65535;
1422 : 65535;
1423 : 65535;
1424 : 65535;
1425 : 65535;
1426 : 65535;
1427 : 65535;
1428 : 65535;
1429 : 65535;
1430 : 65535;
1431 : 65535;
1432 : 65535;
1433 : 65535;
1434 : 65535;
1435 : 61016;
1436 : 56271;
1437 : 60302;
1438 : 62448;
1439 : 62447;
1440 : 60399;
1441 : 62479;
1442 : 62479;
1443 : 62479;
1444 : 62479;
1445 : 62480;
1446 : 62480;
1447 : 62512;
1448 : 60367;
1449 : 53930;
1450 : 47462;
1451 : 41155;
1452 : 36994;
1453 : 32866;
1454 : 28737;
1455 : 26656;
1456 : 26657;
1457 : 30947;
1458 : 35433;
1459 : 43951;
1460 : 50484;
1461 : 59001;
1462 : 63357;
1463 : 65535;
1464 : 65535;
1465 : 65535;
1466 : 65535;
1467 : 65535;
1468 : 65535;
1469 : 65535;
1470 : 65535;
1471 : 65535;
1472 : 65535;
1473 : 65535;
1474 : 65535;
1475 : 65535;
1476 : 65535;
1477 : 65535;
1478 : 65535;
1479 : 65535;
1480 : 65535;
1481 : 63357;
1482 : 59002;
1483 : 50452;
1484 : 43918;
1485 : 35401;
1486 : 30980;
1487 : 26656;
1488 : 28704;
1489 : 28769;
1490 : 32897;
1491 : 36994;
1492 : 41188;
1493 : 47526;
1494 : 56011;
1495 : 62447;
1496 : 64593;
1497 : 64592;
1498 : 62512;
1499 : 62512;
1500 : 62512;
1501 : 62512;
1502 : 62512;
1503 : 62512;
1504 : 62512;
1505 : 62512;
1506 : 62414;
1507 : 56303;
1508 : 61049;
1509 : 65535;
1510 : 65535;
1511 : 65535;
1512 : 65535;
1513 : 65535;
1514 : 65535;
1515 : 65535;
1516 : 65535;
1517 : 65535;
1518 : 65535;
1519 : 65535;
1520 : 65535;
1521 : 65535;
1522 : 65535;
1523 : 65535;
1524 : 65535;
1525 : 65535;
1526 : 65535;
1527 : 65535;
1528 : 65535;
1529 : 65535;
1530 : 65535;
1531 : 65535;
1532 : 65535;
1533 : 65535;
1534 : 65535;
1535 : 65535;
1536 : 65535;
1537 : 65535;
1538 : 65535;
1539 : 65535;
1540 : 65535;
1541 : 65535;
1542 : 65535;
1543 : 65535;
1544 : 65535;
1545 : 65535;
1546 : 65535;
1547 : 65535;
1548 : 65535;
1549 : 65535;
1550 : 65535;
1551 : 65535;
1552 : 65535;
1553 : 65535;
1554 : 65535;
1555 : 65535;
1556 : 65535;
1557 : 65535;
1558 : 65535;
1559 : 65535;
1560 : 65535;
1561 : 65405;
1562 : 58579;
1563 : 58221;
1564 : 62415;
1565 : 62447;
1566 : 62447;
1567 : 60399;
1568 : 60431;
1569 : 60432;
1570 : 62448;
1571 : 62448;
1572 : 62480;
1573 : 62480;
1574 : 60366;
1575 : 53898;
1576 : 45381;
1577 : 39074;
1578 : 32866;
1579 : 30785;
1580 : 28704;
1581 : 26657;
1582 : 30948;
1583 : 37547;
1584 : 50452;
1585 : 61211;
1586 : 65535;
1587 : 65535;
1588 : 65535;
1589 : 65535;
1590 : 65535;
1591 : 65535;
1592 : 65535;
1593 : 65535;
1594 : 65535;
1595 : 65535;
1596 : 65535;
1597 : 65535;
1598 : 65535;
1599 : 65535;
1600 : 65535;
1601 : 65535;
1602 : 65535;
1603 : 65535;
1604 : 65535;
1605 : 65535;
1606 : 65535;
1607 : 65535;
1608 : 65535;
1609 : 65535;
1610 : 65535;
1611 : 65535;
1612 : 65535;
1613 : 65535;
1614 : 61244;
1615 : 50484;
1616 : 37546;
1617 : 28899;
1618 : 26656;
1619 : 28704;
1620 : 30785;
1621 : 32866;
1622 : 39075;
1623 : 45413;
1624 : 56011;
1625 : 62448;
1626 : 64593;
1627 : 62512;
1628 : 62512;
1629 : 62512;
1630 : 62512;
1631 : 62512;
1632 : 62512;
1633 : 62480;
1634 : 62512;
1635 : 62479;
1636 : 58286;
1637 : 58676;
1638 : 65470;
1639 : 65535;
1640 : 65535;
1641 : 65535;
1642 : 65535;
1643 : 65535;
1644 : 65535;
1645 : 65535;
1646 : 65535;
1647 : 65535;
1648 : 65535;
1649 : 65535;
1650 : 65535;
1651 : 65535;
1652 : 65535;
1653 : 65535;
1654 : 65535;
1655 : 65535;
1656 : 65535;
1657 : 65535;
1658 : 65535;
1659 : 65535;
1660 : 65535;
1661 : 65535;
1662 : 65535;
1663 : 65535;
1664 : 65535;
1665 : 65535;
1666 : 65535;
1667 : 65535;
1668 : 65535;
1669 : 65535;
1670 : 65535;
1671 : 65535;
1672 : 65535;
1673 : 65535;
1674 : 65535;
1675 : 65535;
1676 : 65535;
1677 : 65535;
1678 : 65535;
1679 : 65535;
1680 : 65535;
1681 : 65535;
1682 : 65535;
1683 : 65535;
1684 : 65535;
1685 : 65535;
1686 : 65535;
1687 : 65535;
1688 : 63195;
1689 : 56271;
1690 : 60302;
1691 : 62447;
1692 : 60399;
1693 : 62447;
1694 : 62447;
1695 : 62447;
1696 : 62447;
1697 : 62448;
1698 : 60432;
1699 : 62480;
1700 : 60334;
1701 : 53897;
1702 : 45381;
1703 : 39075;
1704 : 32866;
1705 : 28737;
1706 : 26656;
1707 : 30915;
1708 : 37546;
1709 : 50452;
1710 : 61211;
1711 : 65535;
1712 : 65535;
1713 : 65535;
1714 : 65535;
1715 : 65535;
1716 : 65535;
1717 : 65535;
1718 : 65535;
1719 : 65535;
1720 : 65535;
1721 : 65535;
1722 : 65535;
1723 : 65535;
1724 : 65535;
1725 : 65535;
1726 : 65535;
1727 : 65535;
1728 : 65535;
1729 : 65535;
1730 : 65535;
1731 : 65535;
1732 : 65535;
1733 : 65535;
1734 : 65535;
1735 : 65535;
1736 : 65535;
1737 : 65535;
1738 : 65535;
1739 : 65535;
1740 : 65535;
1741 : 65535;
1742 : 65535;
1743 : 65535;
1744 : 65535;
1745 : 61179;
1746 : 50419;
1747 : 37514;
1748 : 28867;
1749 : 26656;
1750 : 28737;
1751 : 32866;
1752 : 39075;
1753 : 47461;
1754 : 56011;
1755 : 62479;
1756 : 64592;
1757 : 62544;
1758 : 62512;
1759 : 62512;
1760 : 62512;
1761 : 62512;
1762 : 62512;
1763 : 62512;
1764 : 62512;
1765 : 60366;
1766 : 58384;
1767 : 63195;
1768 : 65535;
1769 : 65535;
1770 : 65535;
1771 : 65535;
1772 : 65535;
1773 : 65535;
1774 : 65535;
1775 : 65535;
1776 : 65535;
1777 : 65535;
1778 : 65535;
1779 : 65535;
1780 : 65535;
1781 : 65535;
1782 : 65535;
1783 : 65535;
1784 : 65535;
1785 : 65535;
1786 : 65535;
1787 : 65535;
1788 : 65535;
1789 : 65535;
1790 : 65535;
1791 : 65535;
1792 : 65535;
1793 : 65535;
1794 : 65535;
1795 : 65535;
1796 : 65535;
1797 : 65535;
1798 : 65535;
1799 : 65535;
1800 : 65535;
1801 : 65535;
1802 : 65535;
1803 : 65535;
1804 : 65535;
1805 : 65535;
1806 : 65535;
1807 : 65535;
1808 : 65535;
1809 : 65535;
1810 : 65535;
1811 : 65535;
1812 : 65535;
1813 : 65535;
1814 : 65535;
1815 : 61017;
1816 : 56206;
1817 : 60366;
1818 : 60399;
1819 : 60399;
1820 : 62447;
1821 : 60399;
1822 : 60399;
1823 : 62447;
1824 : 60431;
1825 : 62480;
1826 : 62447;
1827 : 53898;
1828 : 45349;
1829 : 37027;
1830 : 32865;
1831 : 28737;
1832 : 26656;
1833 : 30947;
1834 : 43951;
1835 : 59099;
1836 : 65535;
1837 : 65535;
1838 : 65535;
1839 : 65535;
1840 : 65535;
1841 : 65535;
1842 : 65535;
1843 : 65535;
1844 : 65535;
1845 : 65535;
1846 : 65535;
1847 : 65535;
1848 : 65535;
1849 : 65535;
1850 : 65535;
1851 : 65535;
1852 : 65535;
1853 : 65535;
1854 : 65535;
1855 : 65535;
1856 : 65535;
1857 : 65535;
1858 : 65535;
1859 : 65535;
1860 : 65535;
1861 : 65535;
1862 : 65535;
1863 : 65535;
1864 : 65535;
1865 : 65535;
1866 : 65535;
1867 : 65535;
1868 : 65535;
1869 : 65535;
1870 : 65535;
1871 : 65535;
1872 : 65535;
1873 : 65535;
1874 : 65535;
1875 : 65535;
1876 : 59099;
1877 : 46128;
1878 : 31012;
1879 : 26656;
1880 : 28737;
1881 : 32865;
1882 : 39075;
1883 : 47462;
1884 : 56043;
1885 : 62479;
1886 : 62544;
1887 : 62512;
1888 : 62512;
1889 : 62512;
1890 : 62512;
1891 : 62512;
1892 : 62512;
1893 : 64560;
1894 : 62447;
1895 : 58286;
1896 : 61017;
1897 : 65535;
1898 : 65535;
1899 : 65535;
1900 : 65535;
1901 : 65535;
1902 : 65535;
1903 : 65535;
1904 : 65535;
1905 : 65535;
1906 : 65535;
1907 : 65535;
1908 : 65535;
1909 : 65535;
1910 : 65535;
1911 : 65535;
1912 : 65535;
1913 : 65535;
1914 : 65535;
1915 : 65535;
1916 : 65535;
1917 : 65535;
1918 : 65535;
1919 : 65535;
1920 : 65535;
1921 : 65535;
1922 : 65535;
1923 : 65535;
1924 : 65535;
1925 : 65535;
1926 : 65535;
1927 : 65535;
1928 : 65535;
1929 : 65535;
1930 : 65535;
1931 : 65535;
1932 : 65535;
1933 : 65535;
1934 : 65535;
1935 : 65535;
1936 : 65535;
1937 : 65535;
1938 : 65535;
1939 : 65535;
1940 : 65535;
1941 : 65535;
1942 : 58839;
1943 : 56174;
1944 : 62415;
1945 : 60399;
1946 : 60399;
1947 : 60399;
1948 : 60399;
1949 : 60399;
1950 : 60399;
1951 : 62479;
1952 : 62480;
1953 : 58189;
1954 : 47526;
1955 : 39075;
1956 : 32865;
1957 : 28705;
1958 : 26656;
1959 : 31013;
1960 : 46031;
1961 : 61179;
1962 : 65535;
1963 : 65535;
1964 : 65535;
1965 : 65535;
1966 : 65535;
1967 : 65535;
1968 : 65535;
1969 : 65535;
1970 : 65535;
1971 : 65535;
1972 : 65535;
1973 : 65535;
1974 : 65535;
1975 : 65535;
1976 : 65535;
1977 : 65535;
1978 : 65535;
1979 : 65535;
1980 : 65535;
1981 : 65535;
1982 : 65535;
1983 : 65535;
1984 : 65535;
1985 : 65535;
1986 : 65535;
1987 : 65535;
1988 : 65535;
1989 : 65535;
1990 : 65535;
1991 : 65535;
1992 : 65535;
1993 : 65535;
1994 : 65535;
1995 : 65535;
1996 : 65535;
1997 : 65535;
1998 : 65535;
1999 : 65535;
2000 : 65535;
2001 : 65535;
2002 : 65535;
2003 : 65535;
2004 : 65535;
2005 : 65535;
2006 : 61212;
2007 : 46096;
2008 : 31012;
2009 : 26656;
2010 : 28737;
2011 : 32865;
2012 : 39075;
2013 : 49607;
2014 : 60270;
2015 : 62544;
2016 : 62512;
2017 : 62512;
2018 : 62512;
2019 : 62512;
2020 : 62512;
2021 : 62512;
2022 : 62512;
2023 : 62480;
2024 : 58254;
2025 : 60919;
2026 : 65535;
2027 : 65535;
2028 : 65535;
2029 : 65535;
2030 : 65535;
2031 : 65535;
2032 : 65535;
2033 : 65535;
2034 : 65535;
2035 : 65535;
2036 : 65535;
2037 : 65535;
2038 : 65535;
2039 : 65535;
2040 : 65535;
2041 : 65535;
2042 : 65535;
2043 : 65535;
2044 : 65535;
2045 : 65535;
2046 : 65535;
2047 : 65535;
2048 : 65535;
2049 : 65535;
2050 : 65535;
2051 : 65535;
2052 : 65535;
2053 : 65535;
2054 : 65535;
2055 : 65535;
2056 : 65535;
2057 : 65535;
2058 : 65535;
2059 : 65535;
2060 : 65535;
2061 : 65535;
2062 : 65535;
2063 : 65535;
2064 : 65535;
2065 : 65535;
2066 : 65535;
2067 : 65535;
2068 : 65535;
2069 : 56661;
2070 : 58189;
2071 : 60399;
2072 : 60399;
2073 : 60399;
2074 : 60399;
2075 : 60399;
2076 : 60399;
2077 : 60399;
2078 : 60432;
2079 : 60367;
2080 : 53865;
2081 : 43268;
2082 : 34946;
2083 : 30785;
2084 : 26656;
2085 : 31012;
2086 : 46129;
2087 : 61212;
2088 : 65535;
2089 : 65535;
2090 : 65535;
2091 : 65535;
2092 : 65535;
2093 : 65535;
2094 : 65535;
2095 : 65535;
2096 : 65535;
2097 : 65535;
2098 : 65535;
2099 : 65535;
2100 : 65535;
2101 : 65535;
2102 : 65535;
2103 : 65535;
2104 : 65535;
2105 : 65535;
2106 : 65535;
2107 : 65535;
2108 : 65535;
2109 : 65535;
2110 : 65535;
2111 : 65535;
2112 : 65535;
2113 : 65535;
2114 : 65535;
2115 : 65535;
2116 : 65535;
2117 : 65535;
2118 : 65535;
2119 : 65535;
2120 : 65535;
2121 : 65535;
2122 : 65535;
2123 : 65535;
2124 : 65535;
2125 : 65535;
2126 : 65535;
2127 : 65535;
2128 : 65535;
2129 : 65535;
2130 : 65535;
2131 : 65535;
2132 : 65535;
2133 : 65535;
2134 : 65535;
2135 : 65535;
2136 : 61212;
2137 : 44048;
2138 : 30980;
2139 : 26656;
2140 : 30785;
2141 : 34946;
2142 : 43268;
2143 : 53930;
2144 : 62480;
2145 : 62513;
2146 : 62512;
2147 : 62512;
2148 : 62480;
2149 : 62512;
2150 : 62480;
2151 : 62480;
2152 : 62512;
2153 : 58286;
2154 : 58773;
2155 : 65535;
2156 : 65535;
2157 : 65535;
2158 : 65535;
2159 : 65535;
2160 : 65535;
2161 : 65535;
2162 : 65535;
2163 : 65535;
2164 : 65535;
2165 : 65535;
2166 : 65535;
2167 : 65535;
2168 : 65535;
2169 : 65535;
2170 : 65535;
2171 : 65535;
2172 : 65535;
2173 : 65535;
2174 : 65535;
2175 : 65535;
2176 : 65535;
2177 : 65535;
2178 : 65535;
2179 : 65535;
2180 : 65535;
2181 : 65535;
2182 : 65535;
2183 : 65535;
2184 : 65535;
2185 : 65535;
2186 : 65535;
2187 : 65535;
2188 : 65535;
2189 : 65535;
2190 : 65535;
2191 : 65535;
2192 : 65535;
2193 : 65535;
2194 : 65535;
2195 : 65470;
2196 : 56466;
2197 : 58222;
2198 : 60399;
2199 : 60399;
2200 : 60399;
2201 : 60399;
2202 : 60399;
2203 : 60399;
2204 : 60399;
2205 : 60431;
2206 : 58156;
2207 : 47494;
2208 : 37027;
2209 : 30817;
2210 : 28704;
2211 : 28770;
2212 : 41838;
2213 : 63292;
2214 : 65535;
2215 : 65535;
2216 : 65535;
2217 : 65535;
2218 : 65535;
2219 : 65535;
2220 : 65535;
2221 : 65535;
2222 : 65535;
2223 : 65535;
2224 : 65535;
2225 : 65535;
2226 : 65535;
2227 : 65535;
2228 : 65535;
2229 : 65535;
2230 : 65535;
2231 : 65535;
2232 : 65535;
2233 : 65535;
2234 : 65535;
2235 : 65535;
2236 : 65535;
2237 : 65535;
2238 : 65535;
2239 : 65535;
2240 : 65535;
2241 : 65535;
2242 : 65535;
2243 : 65535;
2244 : 65535;
2245 : 65535;
2246 : 65535;
2247 : 65535;
2248 : 65535;
2249 : 65535;
2250 : 65535;
2251 : 65535;
2252 : 65535;
2253 : 65535;
2254 : 65535;
2255 : 65535;
2256 : 65535;
2257 : 65535;
2258 : 65535;
2259 : 65535;
2260 : 65535;
2261 : 65535;
2262 : 65535;
2263 : 65535;
2264 : 65535;
2265 : 65535;
2266 : 61212;
2267 : 43950;
2268 : 28770;
2269 : 28736;
2270 : 32865;
2271 : 39075;
2272 : 49639;
2273 : 60333;
2274 : 62544;
2275 : 62512;
2276 : 62480;
2277 : 62512;
2278 : 62480;
2279 : 62480;
2280 : 62512;
2281 : 62512;
2282 : 58286;
2283 : 58676;
2284 : 65503;
2285 : 65535;
2286 : 65535;
2287 : 65535;
2288 : 65535;
2289 : 65535;
2290 : 65535;
2291 : 65535;
2292 : 65535;
2293 : 65535;
2294 : 65535;
2295 : 65535;
2296 : 65535;
2297 : 65535;
2298 : 65535;
2299 : 65535;
2300 : 65535;
2301 : 65535;
2302 : 65535;
2303 : 65535;
2304 : 65535;
2305 : 65535;
2306 : 65535;
2307 : 65535;
2308 : 65535;
2309 : 65535;
2310 : 65535;
2311 : 65535;
2312 : 65535;
2313 : 65535;
2314 : 65535;
2315 : 65535;
2316 : 65535;
2317 : 65535;
2318 : 65535;
2319 : 65535;
2320 : 65535;
2321 : 65535;
2322 : 65438;
2323 : 56369;
2324 : 58253;
2325 : 60399;
2326 : 60367;
2327 : 60367;
2328 : 60399;
2329 : 60399;
2330 : 60399;
2331 : 60431;
2332 : 60399;
2333 : 51817;
2334 : 43236;
2335 : 34946;
2336 : 30785;
2337 : 26624;
2338 : 33158;
2339 : 54710;
2340 : 65535;
2341 : 65535;
2342 : 65535;
2343 : 65535;
2344 : 65535;
2345 : 65535;
2346 : 65535;
2347 : 65535;
2348 : 65535;
2349 : 65535;
2350 : 65535;
2351 : 65535;
2352 : 65535;
2353 : 65535;
2354 : 65535;
2355 : 65535;
2356 : 65535;
2357 : 65535;
2358 : 65535;
2359 : 65535;
2360 : 65535;
2361 : 65535;
2362 : 65535;
2363 : 65535;
2364 : 65535;
2365 : 65535;
2366 : 65535;
2367 : 65535;
2368 : 65535;
2369 : 65535;
2370 : 65535;
2371 : 65535;
2372 : 65535;
2373 : 65535;
2374 : 65535;
2375 : 65535;
2376 : 65535;
2377 : 65535;
2378 : 65535;
2379 : 65535;
2380 : 65535;
2381 : 65535;
2382 : 65535;
2383 : 65535;
2384 : 65535;
2385 : 65535;
2386 : 65535;
2387 : 65535;
2388 : 65535;
2389 : 65535;
2390 : 65535;
2391 : 65535;
2392 : 65535;
2393 : 65535;
2394 : 65535;
2395 : 65535;
2396 : 54710;
2397 : 33158;
2398 : 28672;
2399 : 30785;
2400 : 34946;
2401 : 43300;
2402 : 56011;
2403 : 62512;
2404 : 60464;
2405 : 62512;
2406 : 62512;
2407 : 62512;
2408 : 62512;
2409 : 60464;
2410 : 62512;
2411 : 60334;
2412 : 56530;
2413 : 65470;
2414 : 65535;
2415 : 65535;
2416 : 65535;
2417 : 65535;
2418 : 65535;
2419 : 65535;
2420 : 65535;
2421 : 65535;
2422 : 65535;
2423 : 65535;
2424 : 65535;
2425 : 65535;
2426 : 65535;
2427 : 65535;
2428 : 65535;
2429 : 65535;
2430 : 65535;
2431 : 65535;
2432 : 65535;
2433 : 65535;
2434 : 65535;
2435 : 65535;
2436 : 65535;
2437 : 65535;
2438 : 65535;
2439 : 65535;
2440 : 65535;
2441 : 65535;
2442 : 65535;
2443 : 65535;
2444 : 65535;
2445 : 65535;
2446 : 65535;
2447 : 65535;
2448 : 65535;
2449 : 65502;
2450 : 56433;
2451 : 58221;
2452 : 60399;
2453 : 60399;
2454 : 60367;
2455 : 60399;
2456 : 60399;
2457 : 60399;
2458 : 60431;
2459 : 60367;
2460 : 49672;
2461 : 39107;
2462 : 30817;
2463 : 28705;
2464 : 28770;
2465 : 43918;
2466 : 63325;
2467 : 65535;
2468 : 65535;
2469 : 65535;
2470 : 65535;
2471 : 65535;
2472 : 65535;
2473 : 65535;
2474 : 65535;
2475 : 65535;
2476 : 65535;
2477 : 65535;
2478 : 65535;
2479 : 65535;
2480 : 65535;
2481 : 65535;
2482 : 65535;
2483 : 65535;
2484 : 65535;
2485 : 65535;
2486 : 65535;
2487 : 65535;
2488 : 65535;
2489 : 65535;
2490 : 65535;
2491 : 65535;
2492 : 65535;
2493 : 65535;
2494 : 65535;
2495 : 65535;
2496 : 65535;
2497 : 65535;
2498 : 65535;
2499 : 65535;
2500 : 65535;
2501 : 65535;
2502 : 65535;
2503 : 65535;
2504 : 65535;
2505 : 65535;
2506 : 65535;
2507 : 65535;
2508 : 65535;
2509 : 65535;
2510 : 65535;
2511 : 65535;
2512 : 65535;
2513 : 65535;
2514 : 65535;
2515 : 65535;
2516 : 65535;
2517 : 65535;
2518 : 65535;
2519 : 65535;
2520 : 65535;
2521 : 65535;
2522 : 65535;
2523 : 65535;
2524 : 65535;
2525 : 63325;
2526 : 41870;
2527 : 28770;
2528 : 28705;
2529 : 32866;
2530 : 39107;
2531 : 51785;
2532 : 62479;
2533 : 62512;
2534 : 62512;
2535 : 62512;
2536 : 62512;
2537 : 62512;
2538 : 62512;
2539 : 62512;
2540 : 58286;
2541 : 54385;
2542 : 65470;
2543 : 65535;
2544 : 65535;
2545 : 65535;
2546 : 65535;
2547 : 65535;
2548 : 65535;
2549 : 65535;
2550 : 65535;
2551 : 65535;
2552 : 65535;
2553 : 65535;
2554 : 65535;
2555 : 65535;
2556 : 65535;
2557 : 65535;
2558 : 65535;
2559 : 65535;
2560 : 65535;
2561 : 65535;
2562 : 65535;
2563 : 65535;
2564 : 65535;
2565 : 65535;
2566 : 65535;
2567 : 65535;
2568 : 65535;
2569 : 65535;
2570 : 65535;
2571 : 65535;
2572 : 65535;
2573 : 65535;
2574 : 65535;
2575 : 65535;
2576 : 65535;
2577 : 56531;
2578 : 58221;
2579 : 60399;
2580 : 60399;
2581 : 60367;
2582 : 60399;
2583 : 60399;
2584 : 60399;
2585 : 60432;
2586 : 58286;
2587 : 47559;
2588 : 37026;
2589 : 30817;
2590 : 28672;
2591 : 33158;
2592 : 54743;
2593 : 65535;
2594 : 65535;
2595 : 65535;
2596 : 65535;
2597 : 65535;
2598 : 65535;
2599 : 65535;
2600 : 65535;
2601 : 65535;
2602 : 65535;
2603 : 65535;
2604 : 65535;
2605 : 65535;
2606 : 65535;
2607 : 65535;
2608 : 65535;
2609 : 65535;
2610 : 65535;
2611 : 65535;
2612 : 65535;
2613 : 65535;
2614 : 65535;
2615 : 65535;
2616 : 65535;
2617 : 65535;
2618 : 65535;
2619 : 65535;
2620 : 65535;
2621 : 65535;
2622 : 65535;
2623 : 65535;
2624 : 65535;
2625 : 65535;
2626 : 65535;
2627 : 65535;
2628 : 65535;
2629 : 65535;
2630 : 65535;
2631 : 65535;
2632 : 65535;
2633 : 65535;
2634 : 65535;
2635 : 65535;
2636 : 65535;
2637 : 65535;
2638 : 65535;
2639 : 65535;
2640 : 65535;
2641 : 65535;
2642 : 65535;
2643 : 65535;
2644 : 65535;
2645 : 65535;
2646 : 65535;
2647 : 65535;
2648 : 65535;
2649 : 65535;
2650 : 65535;
2651 : 65535;
2652 : 65535;
2653 : 65535;
2654 : 65535;
2655 : 54710;
2656 : 33158;
2657 : 26656;
2658 : 30817;
2659 : 39074;
2660 : 49640;
2661 : 60399;
2662 : 62512;
2663 : 62512;
2664 : 60464;
2665 : 62512;
2666 : 62512;
2667 : 60464;
2668 : 62512;
2669 : 58286;
2670 : 56531;
2671 : 65535;
2672 : 65535;
2673 : 65535;
2674 : 65535;
2675 : 65535;
2676 : 65535;
2677 : 65535;
2678 : 65535;
2679 : 65535;
2680 : 65535;
2681 : 65535;
2682 : 65535;
2683 : 65535;
2684 : 65535;
2685 : 65535;
2686 : 65535;
2687 : 65535;
2688 : 65535;
2689 : 65535;
2690 : 65535;
2691 : 65535;
2692 : 65535;
2693 : 65535;
2694 : 65535;
2695 : 65535;
2696 : 65535;
2697 : 65535;
2698 : 65535;
2699 : 65535;
2700 : 65535;
2701 : 65535;
2702 : 65535;
2703 : 65535;
2704 : 56628;
2705 : 56141;
2706 : 60399;
2707 : 60367;
2708 : 60367;
2709 : 60399;
2710 : 60399;
2711 : 60399;
2712 : 60432;
2713 : 58221;
2714 : 45414;
2715 : 34946;
2716 : 28769;
2717 : 28704;
2718 : 39562;
2719 : 63325;
2720 : 65535;
2721 : 65535;
2722 : 65535;
2723 : 65535;
2724 : 65535;
2725 : 65535;
2726 : 65535;
2727 : 65535;
2728 : 65535;
2729 : 65535;
2730 : 65535;
2731 : 65535;
2732 : 65535;
2733 : 65535;
2734 : 65535;
2735 : 65535;
2736 : 65535;
2737 : 65535;
2738 : 65470;
2739 : 63292;
2740 : 61049;
2741 : 56758;
2742 : 56660;
2743 : 54450;
2744 : 54321;
2745 : 54288;
2746 : 54255;
2747 : 54255;
2748 : 54288;
2749 : 54288;
2750 : 54288;
2751 : 54320;
2752 : 54320;
2753 : 54321;
2754 : 54385;
2755 : 56563;
2756 : 56628;
2757 : 56693;
2758 : 60984;
2759 : 63227;
2760 : 65438;
2761 : 65503;
2762 : 65535;
2763 : 65535;
2764 : 65535;
2765 : 65535;
2766 : 65535;
2767 : 65535;
2768 : 65535;
2769 : 65535;
2770 : 65535;
2771 : 65535;
2772 : 65535;
2773 : 65535;
2774 : 65535;
2775 : 65535;
2776 : 65535;
2777 : 65535;
2778 : 65535;
2779 : 65535;
2780 : 65535;
2781 : 65535;
2782 : 65535;
2783 : 65535;
2784 : 63324;
2785 : 39659;
2786 : 28705;
2787 : 30785;
2788 : 36994;
2789 : 47558;
2790 : 60366;
2791 : 62544;
2792 : 62512;
2793 : 62512;
2794 : 62512;
2795 : 62512;
2796 : 60464;
2797 : 62512;
2798 : 56206;
2799 : 58708;
2800 : 65535;
2801 : 65535;
2802 : 65535;
2803 : 65535;
2804 : 65535;
2805 : 65535;
2806 : 65535;
2807 : 65535;
2808 : 65535;
2809 : 65535;
2810 : 65535;
2811 : 65535;
2812 : 65535;
2813 : 65535;
2814 : 65535;
2815 : 65535;
2816 : 65535;
2817 : 65535;
2818 : 65535;
2819 : 65535;
2820 : 65535;
2821 : 65535;
2822 : 65535;
2823 : 65535;
2824 : 65535;
2825 : 65535;
2826 : 65535;
2827 : 65535;
2828 : 65535;
2829 : 65535;
2830 : 65535;
2831 : 58806;
2832 : 56141;
2833 : 60367;
2834 : 58319;
2835 : 60367;
2836 : 58351;
2837 : 60399;
2838 : 60399;
2839 : 60400;
2840 : 56108;
2841 : 43301;
2842 : 34946;
2843 : 30785;
2844 : 28705;
2845 : 41837;
2846 : 65470;
2847 : 65535;
2848 : 65535;
2849 : 65535;
2850 : 65535;
2851 : 65535;
2852 : 65535;
2853 : 65535;
2854 : 65535;
2855 : 65535;
2856 : 65535;
2857 : 65535;
2858 : 65535;
2859 : 65535;
2860 : 65535;
2861 : 65535;
2862 : 63357;
2863 : 58936;
2864 : 54483;
2865 : 54288;
2866 : 52109;
2867 : 52012;
2868 : 54060;
2869 : 56141;
2870 : 56174;
2871 : 58286;
2872 : 60367;
2873 : 60399;
2874 : 60431;
2875 : 60431;
2876 : 60432;
2877 : 60431;
2878 : 60431;
2879 : 60399;
2880 : 60399;
2881 : 58319;
2882 : 58286;
2883 : 58286;
2884 : 58286;
2885 : 58253;
2886 : 56141;
2887 : 54060;
2888 : 52077;
2889 : 54222;
2890 : 54385;
2891 : 58774;
2892 : 63292;
2893 : 65535;
2894 : 65535;
2895 : 65535;
2896 : 65535;
2897 : 65535;
2898 : 65535;
2899 : 65535;
2900 : 65535;
2901 : 65535;
2902 : 65535;
2903 : 65535;
2904 : 65535;
2905 : 65535;
2906 : 65535;
2907 : 65535;
2908 : 65535;
2909 : 65535;
2910 : 65535;
2911 : 65535;
2912 : 65535;
2913 : 65503;
2914 : 43918;
2915 : 28705;
2916 : 28737;
2917 : 36994;
2918 : 45446;
2919 : 58254;
2920 : 62544;
2921 : 60464;
2922 : 62512;
2923 : 60464;
2924 : 60432;
2925 : 60432;
2926 : 62512;
2927 : 56205;
2928 : 60919;
2929 : 65535;
2930 : 65535;
2931 : 65535;
2932 : 65535;
2933 : 65535;
2934 : 65535;
2935 : 65535;
2936 : 65535;
2937 : 65535;
2938 : 65535;
2939 : 65535;
2940 : 65535;
2941 : 65535;
2942 : 65535;
2943 : 65535;
2944 : 65535;
2945 : 65535;
2946 : 65535;
2947 : 65535;
2948 : 65535;
2949 : 65535;
2950 : 65535;
2951 : 65535;
2952 : 65535;
2953 : 65535;
2954 : 65535;
2955 : 65535;
2956 : 65535;
2957 : 65535;
2958 : 60952;
2959 : 56141;
2960 : 60367;
2961 : 58351;
2962 : 60367;
2963 : 58351;
2964 : 60367;
2965 : 58351;
2966 : 60400;
2967 : 56044;
2968 : 43268;
2969 : 32898;
2970 : 28737;
2971 : 28770;
2972 : 46161;
2973 : 65535;
2974 : 65535;
2975 : 65535;
2976 : 65535;
2977 : 65535;
2978 : 65535;
2979 : 65535;
2980 : 65535;
2981 : 65535;
2982 : 65535;
2983 : 65535;
2984 : 65535;
2985 : 65535;
2986 : 65535;
2987 : 63260;
2988 : 56660;
2989 : 52207;
2990 : 52013;
2991 : 54060;
2992 : 58253;
2993 : 60367;
2994 : 60432;
2995 : 62512;
2996 : 62545;
2997 : 60497;
2998 : 60497;
2999 : 60497;
3000 : 60497;
3001 : 60497;
3002 : 60497;
3003 : 60497;
3004 : 60497;
3005 : 60497;
3006 : 60497;
3007 : 62545;
3008 : 62545;
3009 : 62545;
3010 : 62545;
3011 : 62545;
3012 : 62577;
3013 : 62577;
3014 : 62610;
3015 : 62577;
3016 : 62545;
3017 : 60464;
3018 : 60367;
3019 : 56173;
3020 : 52012;
3021 : 54255;
3022 : 58774;
3023 : 63292;
3024 : 65535;
3025 : 65535;
3026 : 65535;
3027 : 65535;
3028 : 65535;
3029 : 65535;
3030 : 65535;
3031 : 65535;
3032 : 65535;
3033 : 65535;
3034 : 65535;
3035 : 65535;
3036 : 65535;
3037 : 65535;
3038 : 65535;
3039 : 65535;
3040 : 65535;
3041 : 65535;
3042 : 65535;
3043 : 46160;
3044 : 26722;
3045 : 28737;
3046 : 34946;
3047 : 43333;
3048 : 56173;
3049 : 62544;
3050 : 60464;
3051 : 60464;
3052 : 60464;
3053 : 60432;
3054 : 60432;
3055 : 60432;
3056 : 56173;
3057 : 61081;
3058 : 65535;
3059 : 65535;
3060 : 65535;
3061 : 65535;
3062 : 65535;
3063 : 65535;
3064 : 65535;
3065 : 65535;
3066 : 65535;
3067 : 65535;
3068 : 65535;
3069 : 65535;
3070 : 65535;
3071 : 65535;
3072 : 65535;
3073 : 65535;
3074 : 65535;
3075 : 65535;
3076 : 65535;
3077 : 65535;
3078 : 65535;
3079 : 65535;
3080 : 65535;
3081 : 65535;
3082 : 65535;
3083 : 65535;
3084 : 65535;
3085 : 61114;
3086 : 54093;
3087 : 60366;
3088 : 58319;
3089 : 58319;
3090 : 58319;
3091 : 60367;
3092 : 60367;
3093 : 58352;
3094 : 56108;
3095 : 43268;
3096 : 32866;
3097 : 28737;
3098 : 28835;
3099 : 50452;
3100 : 65535;
3101 : 65535;
3102 : 65535;
3103 : 65535;
3104 : 65535;
3105 : 65535;
3106 : 65535;
3107 : 65535;
3108 : 65535;
3109 : 65535;
3110 : 65535;
3111 : 65535;
3112 : 65503;
3113 : 58969;
3114 : 52305;
3115 : 51980;
3116 : 56141;
3117 : 58319;
3118 : 62512;
3119 : 62545;
3120 : 60497;
3121 : 60465;
3122 : 60465;
3123 : 60497;
3124 : 60497;
3125 : 60465;
3126 : 60465;
3127 : 60497;
3128 : 60497;
3129 : 60497;
3130 : 60497;
3131 : 60497;
3132 : 60497;
3133 : 60497;
3134 : 60497;
3135 : 60497;
3136 : 60497;
3137 : 60497;
3138 : 60529;
3139 : 60497;
3140 : 62577;
3141 : 60529;
3142 : 62577;
3143 : 62577;
3144 : 62577;
3145 : 62577;
3146 : 62577;
3147 : 62577;
3148 : 62577;
3149 : 60399;
3150 : 56141;
3151 : 51980;
3152 : 52272;
3153 : 58936;
3154 : 65503;
3155 : 65535;
3156 : 65535;
3157 : 65535;
3158 : 65535;
3159 : 65535;
3160 : 65535;
3161 : 65535;
3162 : 65535;
3163 : 65535;
3164 : 65535;
3165 : 65535;
3166 : 65535;
3167 : 65535;
3168 : 65535;
3169 : 65535;
3170 : 65535;
3171 : 65535;
3172 : 50419;
3173 : 28802;
3174 : 28705;
3175 : 34946;
3176 : 43301;
3177 : 58254;
3178 : 60497;
3179 : 60464;
3180 : 60464;
3181 : 60432;
3182 : 60432;
3183 : 60432;
3184 : 60399;
3185 : 54190;
3186 : 63227;
3187 : 65535;
3188 : 65535;
3189 : 65535;
3190 : 65535;
3191 : 65535;
3192 : 65535;
3193 : 65535;
3194 : 65535;
3195 : 65535;
3196 : 65535;
3197 : 65535;
3198 : 65535;
3199 : 65535;
3200 : 65535;
3201 : 65535;
3202 : 65535;
3203 : 65535;
3204 : 65535;
3205 : 65535;
3206 : 65535;
3207 : 65535;
3208 : 65535;
3209 : 65535;
3210 : 65535;
3211 : 65535;
3212 : 65438;
3213 : 54223;
3214 : 58286;
3215 : 58319;
3216 : 58319;
3217 : 58319;
3218 : 58319;
3219 : 58319;
3220 : 58351;
3221 : 56141;
3222 : 43333;
3223 : 32898;
3224 : 28705;
3225 : 30915;
3226 : 54743;
3227 : 65535;
3228 : 65535;
3229 : 65535;
3230 : 65535;
3231 : 65535;
3232 : 65535;
3233 : 65535;
3234 : 65535;
3235 : 65535;
3236 : 65535;
3237 : 65535;
3238 : 65470;
3239 : 56758;
3240 : 52110;
3241 : 54028;
3242 : 58286;
3243 : 60464;
3244 : 60497;
3245 : 60464;
3246 : 60464;
3247 : 60464;
3248 : 60465;
3249 : 60497;
3250 : 60497;
3251 : 60497;
3252 : 60497;
3253 : 60497;
3254 : 60497;
3255 : 60497;
3256 : 60497;
3257 : 60497;
3258 : 60497;
3259 : 60497;
3260 : 60497;
3261 : 60497;
3262 : 60497;
3263 : 60497;
3264 : 60497;
3265 : 60497;
3266 : 60497;
3267 : 60497;
3268 : 60529;
3269 : 60529;
3270 : 60529;
3271 : 62577;
3272 : 60529;
3273 : 62577;
3274 : 62577;
3275 : 62577;
3276 : 62577;
3277 : 62577;
3278 : 62577;
3279 : 62545;
3280 : 60367;
3281 : 54028;
3282 : 52110;
3283 : 58807;
3284 : 65438;
3285 : 65535;
3286 : 65535;
3287 : 65535;
3288 : 65535;
3289 : 65535;
3290 : 65535;
3291 : 65535;
3292 : 65535;
3293 : 65535;
3294 : 65535;
3295 : 65535;
3296 : 65535;
3297 : 65535;
3298 : 65535;
3299 : 65535;
3300 : 65535;
3301 : 52630;
3302 : 28900;
3303 : 28737;
3304 : 34946;
3305 : 45414;
3306 : 60334;
3307 : 60464;
3308 : 60464;
3309 : 60464;
3310 : 60432;
3311 : 60432;
3312 : 60432;
3313 : 60367;
3314 : 54255;
3315 : 65437;
3316 : 65535;
3317 : 65535;
3318 : 65535;
3319 : 65535;
3320 : 65535;
3321 : 65535;
3322 : 65535;
3323 : 65535;
3324 : 65535;
3325 : 65535;
3326 : 65535;
3327 : 65535;
3328 : 65535;
3329 : 65535;
3330 : 65535;
3331 : 65535;
3332 : 65535;
3333 : 65535;
3334 : 65535;
3335 : 65535;
3336 : 65535;
3337 : 65535;
3338 : 65535;
3339 : 65535;
3340 : 56531;
3341 : 56173;
3342 : 58319;
3343 : 58319;
3344 : 58319;
3345 : 58319;
3346 : 58319;
3347 : 58351;
3348 : 58254;
3349 : 45413;
3350 : 34946;
3351 : 28737;
3352 : 28802;
3353 : 54710;
3354 : 65535;
3355 : 65535;
3356 : 65535;
3357 : 65535;
3358 : 65535;
3359 : 65535;
3360 : 65535;
3361 : 65535;
3362 : 65535;
3363 : 65535;
3364 : 65470;
3365 : 56726;
3366 : 52077;
3367 : 54060;
3368 : 58351;
3369 : 60496;
3370 : 60465;
3371 : 58448;
3372 : 60496;
3373 : 60464;
3374 : 60464;
3375 : 60464;
3376 : 60497;
3377 : 60497;
3378 : 60497;
3379 : 60497;
3380 : 60497;
3381 : 60497;
3382 : 60497;
3383 : 60497;
3384 : 60497;
3385 : 60497;
3386 : 60497;
3387 : 60497;
3388 : 60497;
3389 : 60497;
3390 : 60497;
3391 : 60497;
3392 : 60497;
3393 : 60497;
3394 : 60497;
3395 : 60497;
3396 : 60497;
3397 : 60529;
3398 : 60529;
3399 : 62577;
3400 : 62577;
3401 : 62577;
3402 : 60497;
3403 : 62577;
3404 : 60497;
3405 : 62577;
3406 : 60529;
3407 : 60529;
3408 : 60529;
3409 : 62577;
3410 : 60432;
3411 : 54060;
3412 : 49997;
3413 : 56693;
3414 : 65503;
3415 : 65535;
3416 : 65535;
3417 : 65535;
3418 : 65535;
3419 : 65535;
3420 : 65535;
3421 : 65535;
3422 : 65535;
3423 : 65535;
3424 : 65535;
3425 : 65535;
3426 : 65535;
3427 : 65535;
3428 : 65535;
3429 : 65535;
3430 : 54775;
3431 : 28835;
3432 : 28737;
3433 : 36962;
3434 : 47526;
3435 : 60399;
3436 : 60464;
3437 : 60464;
3438 : 60464;
3439 : 60432;
3440 : 60431;
3441 : 60432;
3442 : 58254;
3443 : 56531;
3444 : 65535;
3445 : 65535;
3446 : 65535;
3447 : 65535;
3448 : 65535;
3449 : 65535;
3450 : 65535;
3451 : 65535;
3452 : 65535;
3453 : 65535;
3454 : 65535;
3455 : 65535;
3456 : 65535;
3457 : 65535;
3458 : 65535;
3459 : 65535;
3460 : 65535;
3461 : 65535;
3462 : 65535;
3463 : 65535;
3464 : 65535;
3465 : 65535;
3466 : 65535;
3467 : 58936;
3468 : 54061;
3469 : 58319;
3470 : 58319;
3471 : 58319;
3472 : 58319;
3473 : 58319;
3474 : 58351;
3475 : 58286;
3476 : 47527;
3477 : 34946;
3478 : 30785;
3479 : 28770;
3480 : 50420;
3481 : 65535;
3482 : 65535;
3483 : 65535;
3484 : 65535;
3485 : 65535;
3486 : 65535;
3487 : 65535;
3488 : 65535;
3489 : 65535;
3490 : 65535;
3491 : 58936;
3492 : 50030;
3493 : 54060;
3494 : 58352;
3495 : 60465;
3496 : 60464;
3497 : 60465;
3498 : 60464;
3499 : 60464;
3500 : 60464;
3501 : 60464;
3502 : 60464;
3503 : 60464;
3504 : 60497;
3505 : 60497;
3506 : 60497;
3507 : 60464;
3508 : 60464;
3509 : 60497;
3510 : 60497;
3511 : 60497;
3512 : 60497;
3513 : 60497;
3514 : 60497;
3515 : 60497;
3516 : 60497;
3517 : 60497;
3518 : 60497;
3519 : 60497;
3520 : 60497;
3521 : 60497;
3522 : 60497;
3523 : 60497;
3524 : 60529;
3525 : 60529;
3526 : 62577;
3527 : 60529;
3528 : 62577;
3529 : 62577;
3530 : 62577;
3531 : 60497;
3532 : 60497;
3533 : 62577;
3534 : 62577;
3535 : 60529;
3536 : 60529;
3537 : 62577;
3538 : 62577;
3539 : 62577;
3540 : 60464;
3541 : 54028;
3542 : 52175;
3543 : 63259;
3544 : 65535;
3545 : 65535;
3546 : 65535;
3547 : 65535;
3548 : 65535;
3549 : 65535;
3550 : 65535;
3551 : 65535;
3552 : 65535;
3553 : 65535;
3554 : 65535;
3555 : 65535;
3556 : 65535;
3557 : 65535;
3558 : 65535;
3559 : 50452;
3560 : 28770;
3561 : 28737;
3562 : 37026;
3563 : 49672;
3564 : 60432;
3565 : 60464;
3566 : 60432;
3567 : 60432;
3568 : 60431;
3569 : 60431;
3570 : 60464;
3571 : 56173;
3572 : 61017;
3573 : 65535;
3574 : 65535;
3575 : 65535;
3576 : 65535;
3577 : 65535;
3578 : 65535;
3579 : 65535;
3580 : 65535;
3581 : 65535;
3582 : 65535;
3583 : 65535;
3584 : 65535;
3585 : 65535;
3586 : 65535;
3587 : 65535;
3588 : 65535;
3589 : 65535;
3590 : 65535;
3591 : 65535;
3592 : 65535;
3593 : 65535;
3594 : 65405;
3595 : 54158;
3596 : 58286;
3597 : 58319;
3598 : 58319;
3599 : 58319;
3600 : 58318;
3601 : 58351;
3602 : 58319;
3603 : 47591;
3604 : 36994;
3605 : 28769;
3606 : 28705;
3607 : 46161;
3608 : 65535;
3609 : 65535;
3610 : 65535;
3611 : 65535;
3612 : 65535;
3613 : 65535;
3614 : 65535;
3615 : 65535;
3616 : 65535;
3617 : 63292;
3618 : 52273;
3619 : 51948;
3620 : 58319;
3621 : 60464;
3622 : 60464;
3623 : 58416;
3624 : 60465;
3625 : 60464;
3626 : 60464;
3627 : 60465;
3628 : 60465;
3629 : 60464;
3630 : 60497;
3631 : 60497;
3632 : 60497;
3633 : 60497;
3634 : 60497;
3635 : 60497;
3636 : 60497;
3637 : 60497;
3638 : 60497;
3639 : 60497;
3640 : 60497;
3641 : 60497;
3642 : 60497;
3643 : 60497;
3644 : 60497;
3645 : 60497;
3646 : 60497;
3647 : 60497;
3648 : 60497;
3649 : 60497;
3650 : 60497;
3651 : 60529;
3652 : 60529;
3653 : 60529;
3654 : 62577;
3655 : 62577;
3656 : 62577;
3657 : 60529;
3658 : 60529;
3659 : 60529;
3660 : 60529;
3661 : 62577;
3662 : 60529;
3663 : 60529;
3664 : 60529;
3665 : 62577;
3666 : 60529;
3667 : 62545;
3668 : 62545;
3669 : 62577;
3670 : 58286;
3671 : 49932;
3672 : 56758;
3673 : 65535;
3674 : 65535;
3675 : 65535;
3676 : 65535;
3677 : 65535;
3678 : 65535;
3679 : 65535;
3680 : 65535;
3681 : 65535;
3682 : 65535;
3683 : 65535;
3684 : 65535;
3685 : 65535;
3686 : 65535;
3687 : 65535;
3688 : 48209;
3689 : 26656;
3690 : 30785;
3691 : 37027;
3692 : 51817;
3693 : 60464;
3694 : 60432;
3695 : 60432;
3696 : 60431;
3697 : 60431;
3698 : 60432;
3699 : 60431;
3700 : 54190;
3701 : 65438;
3702 : 65535;
3703 : 65535;
3704 : 65535;
3705 : 65535;
3706 : 65535;
3707 : 65535;
3708 : 65535;
3709 : 65535;
3710 : 65535;
3711 : 65535;
3712 : 65535;
3713 : 65535;
3714 : 65535;
3715 : 65535;
3716 : 65535;
3717 : 65535;
3718 : 65535;
3719 : 65535;
3720 : 65535;
3721 : 65535;
3722 : 54450;
3723 : 56173;
3724 : 58319;
3725 : 58319;
3726 : 58319;
3727 : 58319;
3728 : 58319;
3729 : 58352;
3730 : 51818;
3731 : 39074;
3732 : 30817;
3733 : 26656;
3734 : 43918;
3735 : 65535;
3736 : 65535;
3737 : 65535;
3738 : 65535;
3739 : 65535;
3740 : 65535;
3741 : 65535;
3742 : 65535;
3743 : 65535;
3744 : 56693;
3745 : 49932;
3746 : 56173;
3747 : 60464;
3748 : 60464;
3749 : 60464;
3750 : 60464;
3751 : 60464;
3752 : 60464;
3753 : 60464;
3754 : 60465;
3755 : 60465;
3756 : 60497;
3757 : 60497;
3758 : 60497;
3759 : 60497;
3760 : 60497;
3761 : 60497;
3762 : 60497;
3763 : 60497;
3764 : 60497;
3765 : 60497;
3766 : 60497;
3767 : 60497;
3768 : 60497;
3769 : 60497;
3770 : 60497;
3771 : 60497;
3772 : 60497;
3773 : 60497;
3774 : 60497;
3775 : 60497;
3776 : 60497;
3777 : 60497;
3778 : 60497;
3779 : 60529;
3780 : 60529;
3781 : 60529;
3782 : 62577;
3783 : 62577;
3784 : 62577;
3785 : 62577;
3786 : 60529;
3787 : 60529;
3788 : 60529;
3789 : 60529;
3790 : 60529;
3791 : 60529;
3792 : 60529;
3793 : 60529;
3794 : 60497;
3795 : 60497;
3796 : 60497;
3797 : 60497;
3798 : 60529;
3799 : 60464;
3800 : 51980;
3801 : 52272;
3802 : 65405;
3803 : 65535;
3804 : 65535;
3805 : 65535;
3806 : 65535;
3807 : 65535;
3808 : 65535;
3809 : 65535;
3810 : 65535;
3811 : 65535;
3812 : 65535;
3813 : 65535;
3814 : 65535;
3815 : 65535;
3816 : 65535;
3817 : 41837;
3818 : 26657;
3819 : 30817;
3820 : 39075;
3821 : 53963;
3822 : 60464;
3823 : 58384;
3824 : 60432;
3825 : 60431;
3826 : 60432;
3827 : 60432;
3828 : 58254;
3829 : 56531;
3830 : 65535;
3831 : 65535;
3832 : 65535;
3833 : 65535;
3834 : 65535;
3835 : 65535;
3836 : 65535;
3837 : 65535;
3838 : 65535;
3839 : 65535;
3840 : 65535;
3841 : 65535;
3842 : 65535;
3843 : 65535;
3844 : 65535;
3845 : 65535;
3846 : 65535;
3847 : 65535;
3848 : 65535;
3849 : 58936;
3850 : 54061;
3851 : 58319;
3852 : 58319;
3853 : 58319;
3854 : 58319;
3855 : 58319;
3856 : 58351;
3857 : 56108;
3858 : 41220;
3859 : 30817;
3860 : 28705;
3861 : 39660;
3862 : 65502;
3863 : 65535;
3864 : 65535;
3865 : 65535;
3866 : 65535;
3867 : 65535;
3868 : 65535;
3869 : 65535;
3870 : 65437;
3871 : 52305;
3872 : 49931;
3873 : 58383;
3874 : 58416;
3875 : 58416;
3876 : 60464;
3877 : 58416;
3878 : 60464;
3879 : 60464;
3880 : 58416;
3881 : 60464;
3882 : 60464;
3883 : 60465;
3884 : 60465;
3885 : 60465;
3886 : 60497;
3887 : 60497;
3888 : 60497;
3889 : 60497;
3890 : 60497;
3891 : 60497;
3892 : 60497;
3893 : 60497;
3894 : 60497;
3895 : 60497;
3896 : 60497;
3897 : 60497;
3898 : 60497;
3899 : 60497;
3900 : 60497;
3901 : 60497;
3902 : 60497;
3903 : 60497;
3904 : 60497;
3905 : 60497;
3906 : 60497;
3907 : 60529;
3908 : 60529;
3909 : 60529;
3910 : 60529;
3911 : 60529;
3912 : 60529;
3913 : 60529;
3914 : 60529;
3915 : 60529;
3916 : 60529;
3917 : 60529;
3918 : 60529;
3919 : 60529;
3920 : 60529;
3921 : 60529;
3922 : 60529;
3923 : 60529;
3924 : 60497;
3925 : 60529;
3926 : 60497;
3927 : 60529;
3928 : 60529;
3929 : 56173;
3930 : 50062;
3931 : 63325;
3932 : 65535;
3933 : 65535;
3934 : 65535;
3935 : 65535;
3936 : 65535;
3937 : 65535;
3938 : 65535;
3939 : 65535;
3940 : 65535;
3941 : 65535;
3942 : 65535;
3943 : 65535;
3944 : 65535;
3945 : 65470;
3946 : 37547;
3947 : 28672;
3948 : 32866;
3949 : 43268;
3950 : 58253;
3951 : 60464;
3952 : 58384;
3953 : 58384;
3954 : 60432;
3955 : 60432;
3956 : 60464;
3957 : 54125;
3958 : 61049;
3959 : 65535;
3960 : 65535;
3961 : 65535;
3962 : 65535;
3963 : 65535;
3964 : 65535;
3965 : 65535;
3966 : 65535;
3967 : 65535;
3968 : 65535;
3969 : 65535;
3970 : 65535;
3971 : 65535;
3972 : 65535;
3973 : 65535;
3974 : 65535;
3975 : 65535;
3976 : 65405;
3977 : 52110;
3978 : 56238;
3979 : 58319;
3980 : 56271;
3981 : 58319;
3982 : 58319;
3983 : 58319;
3984 : 58286;
3985 : 47494;
3986 : 34946;
3987 : 28737;
3988 : 33126;
3989 : 63357;
3990 : 65535;
3991 : 65535;
3992 : 65535;
3993 : 65535;
3994 : 65535;
3995 : 65535;
3996 : 65535;
3997 : 61114;
3998 : 52078;
3999 : 54092;
4000 : 60464;
4001 : 58384;
4002 : 58384;
4003 : 60432;
4004 : 58416;
4005 : 58416;
4006 : 58416;
4007 : 58416;
4008 : 58416;
4009 : 58416;
4010 : 58416;
4011 : 58417;
4012 : 60497;
4013 : 58417;
4014 : 60497;
4015 : 60497;
4016 : 60497;
4017 : 60497;
4018 : 60497;
4019 : 60497;
4020 : 60497;
4021 : 60497;
4022 : 60497;
4023 : 60497;
4024 : 60497;
4025 : 60497;
4026 : 60497;
4027 : 60497;
4028 : 60497;
4029 : 60497;
4030 : 60497;
4031 : 60497;
4032 : 60529;
4033 : 60529;
4034 : 60529;
4035 : 60529;
4036 : 60529;
4037 : 60529;
4038 : 60529;
4039 : 60529;
4040 : 60529;
4041 : 60529;
4042 : 60529;
4043 : 60529;
4044 : 60529;
4045 : 60529;
4046 : 60529;
4047 : 60529;
4048 : 60529;
4049 : 60529;
4050 : 60529;
4051 : 60529;
4052 : 60529;
4053 : 60497;
4054 : 60497;
4055 : 60497;
4056 : 60497;
4057 : 60529;
4058 : 56206;
4059 : 49997;
4060 : 63260;
4061 : 65535;
4062 : 65535;
4063 : 65535;
4064 : 65535;
4065 : 65535;
4066 : 65535;
4067 : 65535;
4068 : 65535;
4069 : 65535;
4070 : 65535;
4071 : 65535;
4072 : 65535;
4073 : 65535;
4074 : 63324;
4075 : 33191;
4076 : 28736;
4077 : 34946;
4078 : 47559;
4079 : 60399;
4080 : 60432;
4081 : 58384;
4082 : 60432;
4083 : 60431;
4084 : 58383;
4085 : 58351;
4086 : 52175;
4087 : 65438;
4088 : 65535;
4089 : 65535;
4090 : 65535;
4091 : 65535;
4092 : 65535;
4093 : 65535;
4094 : 65535;
4095 : 65535;
4096 : 65535;
4097 : 65535;
4098 : 65535;
4099 : 65535;
4100 : 65535;
4101 : 65535;
4102 : 65535;
4103 : 65535;
4104 : 56628;
4105 : 56141;
4106 : 58319;
4107 : 58286;
4108 : 56271;
4109 : 58319;
4110 : 56271;
4111 : 58351;
4112 : 49737;
4113 : 37026;
4114 : 30785;
4115 : 28770;
4116 : 54710;
4117 : 65535;
4118 : 65535;
4119 : 65535;
4120 : 65535;
4121 : 65535;
4122 : 65535;
4123 : 65535;
4124 : 65535;
4125 : 47949;
4126 : 51914;
4127 : 60497;
4128 : 58384;
4129 : 58416;
4130 : 58416;
4131 : 58416;
4132 : 58416;
4133 : 58416;
4134 : 58416;
4135 : 58416;
4136 : 58416;
4137 : 58416;
4138 : 58416;
4139 : 58417;
4140 : 60497;
4141 : 58417;
4142 : 58417;
4143 : 58417;
4144 : 60497;
4145 : 60497;
4146 : 60497;
4147 : 60497;
4148 : 60497;
4149 : 60497;
4150 : 60497;
4151 : 60497;
4152 : 60497;
4153 : 60497;
4154 : 60497;
4155 : 60497;
4156 : 60497;
4157 : 60497;
4158 : 60497;
4159 : 60497;
4160 : 60529;
4161 : 60497;
4162 : 60529;
4163 : 60529;
4164 : 60529;
4165 : 60529;
4166 : 60529;
4167 : 60529;
4168 : 60529;
4169 : 60529;
4170 : 60529;
4171 : 60529;
4172 : 60529;
4173 : 60529;
4174 : 60529;
4175 : 60529;
4176 : 60529;
4177 : 60529;
4178 : 60529;
4179 : 60529;
4180 : 60529;
4181 : 60497;
4182 : 60497;
4183 : 60497;
4184 : 60497;
4185 : 60497;
4186 : 60529;
4187 : 58286;
4188 : 47916;
4189 : 63195;
4190 : 65535;
4191 : 65535;
4192 : 65535;
4193 : 65535;
4194 : 65535;
4195 : 65535;
4196 : 65535;
4197 : 65535;
4198 : 65535;
4199 : 65535;
4200 : 65535;
4201 : 65535;
4202 : 65535;
4203 : 54775;
4204 : 28769;
4205 : 30785;
4206 : 39075;
4207 : 51915;
4208 : 60464;
4209 : 58384;
4210 : 58384;
4211 : 58383;
4212 : 60431;
4213 : 60432;
4214 : 56205;
4215 : 56628;
4216 : 65535;
4217 : 65535;
4218 : 65535;
4219 : 65535;
4220 : 65535;
4221 : 65535;
4222 : 65535;
4223 : 65535;
4224 : 65535;
4225 : 65535;
4226 : 65535;
4227 : 65535;
4228 : 65535;
4229 : 65535;
4230 : 65535;
4231 : 63325;
4232 : 52077;
4233 : 56238;
4234 : 56238;
4235 : 58286;
4236 : 58319;
4237 : 58319;
4238 : 58351;
4239 : 54028;
4240 : 41188;
4241 : 30817;
4242 : 28672;
4243 : 41838;
4244 : 65535;
4245 : 65535;
4246 : 65535;
4247 : 65535;
4248 : 65535;
4249 : 65535;
4250 : 65535;
4251 : 65535;
4252 : 65535;
4253 : 58936;
4254 : 45543;
4255 : 58351;
4256 : 58416;
4257 : 58384;
4258 : 58416;
4259 : 58416;
4260 : 58416;
4261 : 58416;
4262 : 58416;
4263 : 58416;
4264 : 58416;
4265 : 58416;
4266 : 58416;
4267 : 58416;
4268 : 58417;
4269 : 58417;
4270 : 58417;
4271 : 58417;
4272 : 60497;
4273 : 60497;
4274 : 60497;
4275 : 60497;
4276 : 60497;
4277 : 60497;
4278 : 60497;
4279 : 60497;
4280 : 60497;
4281 : 60497;
4282 : 60497;
4283 : 60497;
4284 : 60497;
4285 : 60497;
4286 : 60497;
4287 : 60497;
4288 : 60529;
4289 : 60529;
4290 : 60529;
4291 : 60497;
4292 : 60529;
4293 : 60529;
4294 : 60529;
4295 : 60529;
4296 : 60529;
4297 : 60529;
4298 : 60529;
4299 : 60529;
4300 : 60529;
4301 : 60529;
4302 : 60529;
4303 : 60529;
4304 : 60529;
4305 : 60529;
4306 : 60529;
4307 : 60529;
4308 : 60529;
4309 : 60497;
4310 : 60497;
4311 : 60497;
4312 : 60497;
4313 : 60497;
4314 : 60497;
4315 : 60529;
4316 : 58319;
4317 : 47916;
4318 : 63357;
4319 : 65535;
4320 : 65535;
4321 : 65535;
4322 : 65535;
4323 : 65535;
4324 : 65535;
4325 : 65535;
4326 : 65535;
4327 : 65535;
4328 : 65535;
4329 : 65535;
4330 : 65535;
4331 : 65535;
4332 : 43918;
4333 : 26624;
4334 : 32865;
4335 : 43301;
4336 : 56205;
4337 : 60464;
4338 : 60432;
4339 : 60432;
4340 : 60432;
4341 : 60432;
4342 : 60431;
4343 : 54158;
4344 : 63324;
4345 : 65535;
4346 : 65535;
4347 : 65535;
4348 : 65535;
4349 : 65535;
4350 : 65535;
4351 : 65535;
4352 : 65535;
4353 : 65535;
4354 : 65535;
4355 : 65535;
4356 : 65535;
4357 : 65535;
4358 : 65535;
4359 : 56628;
4360 : 54093;
4361 : 58286;
4362 : 56238;
4363 : 56271;
4364 : 58287;
4365 : 56271;
4366 : 56206;
4367 : 45414;
4368 : 34914;
4369 : 28704;
4370 : 33158;
4371 : 63325;
4372 : 65535;
4373 : 65535;
4374 : 65535;
4375 : 65535;
4376 : 65535;
4377 : 65535;
4378 : 65535;
4379 : 65535;
4380 : 65535;
4381 : 65535;
4382 : 50062;
4383 : 51882;
4384 : 58416;
4385 : 58384;
4386 : 58416;
4387 : 58416;
4388 : 58416;
4389 : 58416;
4390 : 58416;
4391 : 58416;
4392 : 58416;
4393 : 58416;
4394 : 58417;
4395 : 58416;
4396 : 58417;
4397 : 58449;
4398 : 58417;
4399 : 58449;
4400 : 58449;
4401 : 58449;
4402 : 60497;
4403 : 58449;
4404 : 60497;
4405 : 60497;
4406 : 58449;
4407 : 60497;
4408 : 60497;
4409 : 60497;
4410 : 60497;
4411 : 60497;
4412 : 60497;
4413 : 60529;
4414 : 60497;
4415 : 60497;
4416 : 60497;
4417 : 58481;
4418 : 60529;
4419 : 60529;
4420 : 60529;
4421 : 60529;
4422 : 60529;
4423 : 60529;
4424 : 60529;
4425 : 60529;
4426 : 60529;
4427 : 60529;
4428 : 60529;
4429 : 60529;
4430 : 60529;
4431 : 60529;
4432 : 60529;
4433 : 60529;
4434 : 60529;
4435 : 60529;
4436 : 60529;
4437 : 60497;
4438 : 60497;
4439 : 60497;
4440 : 60497;
4441 : 60497;
4442 : 60497;
4443 : 60497;
4444 : 60497;
4445 : 54093;
4446 : 52272;
4447 : 65535;
4448 : 65535;
4449 : 65535;
4450 : 65535;
4451 : 65535;
4452 : 65535;
4453 : 65535;
4454 : 65535;
4455 : 65535;
4456 : 65535;
4457 : 65535;
4458 : 65535;
4459 : 65535;
4460 : 63357;
4461 : 33158;
4462 : 28704;
4463 : 34946;
4464 : 47591;
4465 : 60431;
4466 : 58384;
4467 : 58383;
4468 : 58383;
4469 : 58383;
4470 : 58384;
4471 : 56206;
4472 : 56595;
4473 : 65535;
4474 : 65535;
4475 : 65535;
4476 : 65535;
4477 : 65535;
4478 : 65535;
4479 : 65535;
4480 : 65535;
4481 : 65535;
4482 : 65535;
4483 : 65535;
4484 : 65535;
4485 : 65535;
4486 : 63325;
4487 : 52077;
4488 : 56238;
4489 : 56238;
4490 : 56239;
4491 : 56271;
4492 : 56271;
4493 : 58351;
4494 : 49769;
4495 : 37027;
4496 : 30785;
4497 : 28770;
4498 : 54743;
4499 : 65535;
4500 : 65535;
4501 : 65535;
4502 : 65535;
4503 : 65535;
4504 : 65535;
4505 : 65535;
4506 : 65535;
4507 : 65535;
4508 : 65535;
4509 : 65535;
4510 : 63227;
4511 : 43496;
4512 : 56238;
4513 : 58416;
4514 : 58416;
4515 : 58416;
4516 : 58416;
4517 : 58416;
4518 : 58416;
4519 : 58416;
4520 : 58416;
4521 : 58416;
4522 : 58449;
4523 : 58416;
4524 : 58416;
4525 : 58416;
4526 : 58416;
4527 : 58449;
4528 : 58449;
4529 : 58449;
4530 : 58449;
4531 : 58449;
4532 : 58449;
4533 : 58449;
4534 : 58449;
4535 : 58449;
4536 : 58449;
4537 : 58481;
4538 : 58449;
4539 : 58481;
4540 : 58481;
4541 : 58481;
4542 : 58481;
4543 : 58481;
4544 : 58481;
4545 : 58481;
4546 : 60529;
4547 : 60529;
4548 : 60529;
4549 : 60529;
4550 : 60529;
4551 : 60529;
4552 : 60529;
4553 : 60529;
4554 : 60529;
4555 : 60529;
4556 : 60529;
4557 : 60529;
4558 : 60529;
4559 : 60529;
4560 : 60529;
4561 : 60529;
4562 : 60529;
4563 : 60529;
4564 : 60529;
4565 : 60529;
4566 : 60529;
4567 : 60529;
4568 : 60497;
4569 : 60497;
4570 : 60497;
4571 : 60497;
4572 : 60496;
4573 : 60497;
4574 : 51915;
4575 : 56758;
4576 : 65535;
4577 : 65535;
4578 : 65535;
4579 : 65535;
4580 : 65535;
4581 : 65535;
4582 : 65535;
4583 : 65535;
4584 : 65535;
4585 : 65535;
4586 : 65535;
4587 : 65535;
4588 : 65535;
4589 : 54710;
4590 : 26722;
4591 : 30785;
4592 : 39075;
4593 : 51947;
4594 : 58416;
4595 : 58383;
4596 : 58383;
4597 : 58383;
4598 : 58383;
4599 : 60431;
4600 : 52077;
4601 : 63357;
4602 : 65535;
4603 : 65535;
4604 : 65535;
4605 : 65535;
4606 : 65535;
4607 : 65535;
4608 : 65535;
4609 : 65535;
4610 : 65535;
4611 : 65535;
4612 : 65535;
4613 : 65535;
4614 : 56596;
4615 : 54093;
4616 : 56238;
4617 : 56238;
4618 : 56238;
4619 : 56239;
4620 : 56271;
4621 : 56173;
4622 : 43301;
4623 : 32866;
4624 : 26657;
4625 : 43950;
4626 : 65535;
4627 : 65535;
4628 : 65535;
4629 : 65535;
4630 : 65535;
4631 : 65535;
4632 : 65535;
4633 : 65535;
4634 : 65535;
4635 : 65535;
4636 : 65535;
4637 : 65535;
4638 : 65535;
4639 : 52370;
4640 : 47656;
4641 : 58417;
4642 : 58384;
4643 : 58416;
4644 : 58416;
4645 : 58416;
4646 : 58416;
4647 : 58416;
4648 : 58416;
4649 : 58416;
4650 : 58416;
4651 : 58448;
4652 : 58449;
4653 : 58448;
4654 : 58448;
4655 : 58448;
4656 : 58449;
4657 : 58449;
4658 : 58449;
4659 : 58449;
4660 : 58449;
4661 : 58449;
4662 : 58449;
4663 : 58449;
4664 : 58449;
4665 : 58449;
4666 : 58449;
4667 : 58449;
4668 : 58481;
4669 : 58481;
4670 : 58449;
4671 : 58481;
4672 : 58481;
4673 : 58481;
4674 : 58481;
4675 : 60529;
4676 : 60529;
4677 : 60529;
4678 : 60529;
4679 : 60529;
4680 : 60529;
4681 : 60529;
4682 : 60529;
4683 : 60529;
4684 : 60529;
4685 : 60529;
4686 : 60529;
4687 : 60529;
4688 : 60529;
4689 : 60529;
4690 : 60529;
4691 : 60529;
4692 : 60529;
4693 : 60529;
4694 : 60529;
4695 : 60497;
4696 : 60497;
4697 : 60497;
4698 : 60497;
4699 : 60497;
4700 : 58448;
4701 : 60497;
4702 : 58383;
4703 : 47819;
4704 : 63357;
4705 : 65535;
4706 : 65535;
4707 : 65535;
4708 : 65535;
4709 : 65535;
4710 : 65535;
4711 : 65535;
4712 : 65535;
4713 : 65535;
4714 : 65535;
4715 : 65535;
4716 : 65535;
4717 : 65535;
4718 : 41870;
4719 : 26656;
4720 : 32865;
4721 : 43333;
4722 : 58319;
4723 : 58384;
4724 : 58383;
4725 : 58383;
4726 : 58351;
4727 : 58383;
4728 : 56174;
4729 : 56693;
4730 : 65535;
4731 : 65535;
4732 : 65535;
4733 : 65535;
4734 : 65535;
4735 : 65535;
4736 : 65535;
4737 : 65535;
4738 : 65535;
4739 : 65535;
4740 : 65535;
4741 : 63324;
4742 : 52013;
4743 : 56238;
4744 : 56238;
4745 : 56238;
4746 : 56238;
4747 : 56238;
4748 : 56271;
4749 : 49769;
4750 : 37026;
4751 : 28737;
4752 : 30980;
4753 : 61212;
4754 : 65535;
4755 : 65535;
4756 : 65535;
4757 : 65535;
4758 : 65535;
4759 : 65535;
4760 : 65535;
4761 : 65535;
4762 : 65535;
4763 : 65535;
4764 : 65535;
4765 : 65535;
4766 : 65535;
4767 : 65438;
4768 : 43625;
4769 : 54125;
4770 : 58417;
4771 : 58416;
4772 : 58416;
4773 : 58416;
4774 : 58416;
4775 : 58448;
4776 : 58448;
4777 : 58416;
4778 : 58448;
4779 : 58448;
4780 : 58448;
4781 : 58448;
4782 : 58449;
4783 : 58449;
4784 : 58449;
4785 : 58449;
4786 : 58449;
4787 : 58449;
4788 : 58449;
4789 : 58449;
4790 : 58449;
4791 : 58449;
4792 : 58449;
4793 : 58449;
4794 : 58449;
4795 : 58449;
4796 : 58481;
4797 : 58481;
4798 : 58449;
4799 : 58449;
4800 : 58481;
4801 : 58481;
4802 : 58481;
4803 : 58481;
4804 : 60529;
4805 : 60529;
4806 : 60529;
4807 : 60529;
4808 : 60529;
4809 : 60529;
4810 : 60529;
4811 : 60529;
4812 : 60529;
4813 : 60529;
4814 : 60529;
4815 : 60529;
4816 : 60529;
4817 : 60529;
4818 : 60529;
4819 : 60529;
4820 : 60529;
4821 : 60529;
4822 : 60497;
4823 : 60497;
4824 : 60497;
4825 : 60497;
4826 : 58449;
4827 : 58449;
4828 : 58449;
4829 : 60497;
4830 : 58481;
4831 : 51979;
4832 : 54580;
4833 : 65535;
4834 : 65535;
4835 : 65535;
4836 : 65535;
4837 : 65535;
4838 : 65535;
4839 : 65535;
4840 : 65535;
4841 : 65535;
4842 : 65535;
4843 : 65535;
4844 : 65535;
4845 : 65535;
4846 : 63292;
4847 : 31045;
4848 : 28737;
4849 : 37026;
4850 : 51915;
4851 : 58416;
4852 : 58384;
4853 : 58383;
4854 : 58351;
4855 : 58383;
4856 : 58351;
4857 : 52110;
4858 : 65405;
4859 : 65535;
4860 : 65535;
4861 : 65535;
4862 : 65535;
4863 : 65535;
4864 : 65535;
4865 : 65535;
4866 : 65535;
4867 : 65535;
4868 : 65535;
4869 : 54548;
4870 : 54060;
4871 : 56238;
4872 : 56238;
4873 : 56238;
4874 : 56238;
4875 : 56271;
4876 : 56174;
4877 : 41284;
4878 : 32866;
4879 : 26657;
4880 : 46096;
4881 : 65535;
4882 : 65535;
4883 : 65535;
4884 : 65535;
4885 : 65535;
4886 : 65535;
4887 : 65535;
4888 : 65535;
4889 : 65535;
4890 : 65535;
4891 : 65535;
4892 : 65535;
4893 : 65535;
4894 : 65535;
4895 : 65535;
4896 : 56726;
4897 : 45543;
4898 : 58416;
4899 : 58416;
4900 : 58416;
4901 : 58416;
4902 : 58416;
4903 : 58416;
4904 : 58416;
4905 : 58416;
4906 : 58416;
4907 : 58416;
4908 : 58448;
4909 : 58448;
4910 : 58449;
4911 : 58449;
4912 : 58449;
4913 : 58449;
4914 : 58449;
4915 : 58449;
4916 : 58449;
4917 : 58449;
4918 : 58449;
4919 : 58449;
4920 : 58449;
4921 : 58449;
4922 : 58449;
4923 : 58481;
4924 : 58449;
4925 : 58481;
4926 : 58481;
4927 : 58481;
4928 : 58481;
4929 : 58481;
4930 : 58481;
4931 : 60529;
4932 : 60529;
4933 : 60529;
4934 : 60529;
4935 : 60529;
4936 : 60529;
4937 : 60529;
4938 : 60529;
4939 : 60529;
4940 : 60529;
4941 : 60529;
4942 : 60529;
4943 : 60529;
4944 : 60529;
4945 : 60529;
4946 : 60529;
4947 : 60529;
4948 : 60529;
4949 : 60529;
4950 : 60497;
4951 : 60497;
4952 : 60497;
4953 : 60497;
4954 : 58449;
4955 : 58449;
4956 : 58449;
4957 : 58449;
4958 : 58449;
4959 : 58351;
4960 : 47884;
4961 : 65470;
4962 : 65535;
4963 : 65535;
4964 : 65535;
4965 : 65535;
4966 : 65535;
4967 : 65535;
4968 : 65535;
4969 : 65535;
4970 : 65535;
4971 : 65535;
4972 : 65535;
4973 : 65535;
4974 : 65535;
4975 : 46161;
4976 : 26656;
4977 : 32865;
4978 : 43366;
4979 : 58351;
4980 : 58384;
4981 : 58384;
4982 : 58383;
4983 : 58383;
4984 : 58383;
4985 : 54125;
4986 : 56694;
4987 : 65535;
4988 : 65535;
4989 : 65535;
4990 : 65535;
4991 : 65535;
4992 : 65535;
4993 : 65535;
4994 : 65535;
4995 : 65535;
4996 : 65438;
4997 : 50029;
4998 : 56206;
4999 : 56238;
5000 : 56238;
5001 : 56238;
5002 : 56238;
5003 : 56271;
5004 : 49769;
5005 : 36994;
5006 : 30785;
5007 : 30980;
5008 : 61244;
5009 : 65535;
5010 : 65535;
5011 : 65535;
5012 : 65535;
5013 : 65535;
5014 : 65535;
5015 : 65535;
5016 : 65535;
5017 : 65535;
5018 : 65535;
5019 : 65535;
5020 : 65535;
5021 : 65535;
5022 : 65535;
5023 : 65535;
5024 : 65535;
5025 : 45836;
5026 : 53995;
5027 : 58449;
5028 : 58416;
5029 : 58416;
5030 : 58416;
5031 : 58416;
5032 : 58416;
5033 : 58416;
5034 : 58448;
5035 : 58416;
5036 : 58448;
5037 : 58448;
5038 : 58449;
5039 : 58449;
5040 : 58449;
5041 : 58449;
5042 : 58449;
5043 : 58449;
5044 : 58449;
5045 : 58449;
5046 : 58449;
5047 : 58449;
5048 : 58449;
5049 : 58449;
5050 : 58481;
5051 : 58481;
5052 : 58481;
5053 : 58481;
5054 : 58481;
5055 : 58481;
5056 : 58481;
5057 : 58481;
5058 : 58481;
5059 : 60529;
5060 : 58481;
5061 : 60529;
5062 : 60529;
5063 : 60529;
5064 : 60529;
5065 : 60529;
5066 : 60529;
5067 : 60529;
5068 : 60529;
5069 : 60529;
5070 : 60529;
5071 : 60529;
5072 : 60529;
5073 : 60529;
5074 : 60529;
5075 : 60529;
5076 : 60529;
5077 : 60529;
5078 : 60497;
5079 : 60497;
5080 : 60497;
5081 : 60497;
5082 : 60497;
5083 : 58449;
5084 : 58449;
5085 : 58449;
5086 : 58448;
5087 : 60497;
5088 : 49866;
5089 : 56791;
5090 : 65535;
5091 : 65535;
5092 : 65535;
5093 : 65535;
5094 : 65535;
5095 : 65535;
5096 : 65535;
5097 : 65535;
5098 : 65535;
5099 : 65535;
5100 : 65535;
5101 : 65535;
5102 : 65535;
5103 : 63292;
5104 : 31013;
5105 : 30785;
5106 : 37026;
5107 : 51915;
5108 : 58384;
5109 : 58383;
5110 : 58383;
5111 : 56335;
5112 : 58351;
5113 : 56303;
5114 : 52142;
5115 : 63390;
5116 : 65535;
5117 : 65535;
5118 : 65535;
5119 : 65535;
5120 : 65535;
5121 : 65535;
5122 : 65535;
5123 : 65535;
5124 : 58904;
5125 : 51980;
5126 : 56238;
5127 : 56238;
5128 : 56238;
5129 : 56238;
5130 : 56271;
5131 : 54125;
5132 : 43332;
5133 : 32866;
5134 : 26656;
5135 : 46096;
5136 : 65535;
5137 : 65535;
5138 : 65535;
5139 : 65535;
5140 : 65535;
5141 : 65535;
5142 : 65535;
5143 : 65535;
5144 : 65535;
5145 : 65535;
5146 : 65535;
5147 : 65535;
5148 : 65535;
5149 : 65535;
5150 : 65535;
5151 : 65535;
5152 : 65535;
5153 : 61081;
5154 : 43463;
5155 : 56303;
5156 : 58416;
5157 : 58416;
5158 : 58416;
5159 : 58416;
5160 : 58416;
5161 : 58416;
5162 : 58449;
5163 : 58448;
5164 : 58448;
5165 : 58448;
5166 : 58449;
5167 : 58449;
5168 : 58449;
5169 : 58449;
5170 : 58449;
5171 : 58449;
5172 : 58449;
5173 : 58449;
5174 : 58449;
5175 : 58449;
5176 : 58449;
5177 : 58449;
5178 : 58481;
5179 : 58481;
5180 : 60529;
5181 : 60529;
5182 : 60529;
5183 : 60529;
5184 : 60529;
5185 : 60561;
5186 : 60561;
5187 : 60562;
5188 : 60529;
5189 : 60529;
5190 : 60529;
5191 : 60529;
5192 : 60529;
5193 : 60529;
5194 : 60529;
5195 : 60529;
5196 : 58481;
5197 : 60529;
5198 : 60529;
5199 : 60529;
5200 : 60529;
5201 : 60529;
5202 : 60529;
5203 : 60529;
5204 : 60529;
5205 : 60529;
5206 : 60529;
5207 : 60497;
5208 : 60497;
5209 : 60497;
5210 : 60497;
5211 : 58449;
5212 : 58449;
5213 : 58449;
5214 : 58448;
5215 : 58481;
5216 : 54125;
5217 : 52240;
5218 : 65535;
5219 : 65535;
5220 : 65535;
5221 : 65535;
5222 : 65535;
5223 : 65535;
5224 : 65535;
5225 : 65535;
5226 : 65535;
5227 : 65535;
5228 : 65535;
5229 : 65535;
5230 : 65535;
5231 : 65535;
5232 : 46063;
5233 : 26656;
5234 : 32865;
5235 : 45446;
5236 : 58351;
5237 : 58383;
5238 : 58383;
5239 : 58383;
5240 : 58351;
5241 : 58351;
5242 : 54092;
5243 : 58904;
5244 : 65535;
5245 : 65535;
5246 : 65535;
5247 : 65535;
5248 : 65535;
5249 : 65535;
5250 : 65535;
5251 : 65535;
5252 : 52337;
5253 : 54093;
5254 : 56238;
5255 : 56238;
5256 : 56238;
5257 : 54222;
5258 : 56271;
5259 : 49769;
5260 : 37026;
5261 : 28737;
5262 : 31012;
5263 : 61212;
5264 : 65535;
5265 : 65535;
5266 : 65535;
5267 : 65535;
5268 : 65535;
5269 : 65535;
5270 : 65535;
5271 : 65535;
5272 : 65535;
5273 : 65535;
5274 : 65535;
5275 : 65535;
5276 : 65535;
5277 : 65535;
5278 : 65535;
5279 : 65535;
5280 : 65535;
5281 : 65535;
5282 : 50159;
5283 : 49802;
5284 : 58449;
5285 : 58416;
5286 : 56368;
5287 : 56368;
5288 : 58416;
5289 : 58416;
5290 : 58416;
5291 : 58416;
5292 : 58416;
5293 : 58449;
5294 : 58449;
5295 : 58449;
5296 : 58449;
5297 : 58449;
5298 : 58449;
5299 : 58449;
5300 : 58449;
5301 : 58449;
5302 : 58449;
5303 : 58481;
5304 : 58481;
5305 : 58481;
5306 : 58416;
5307 : 56238;
5308 : 51980;
5309 : 51947;
5310 : 49867;
5311 : 49834;
5312 : 49834;
5313 : 51947;
5314 : 51980;
5315 : 52012;
5316 : 54190;
5317 : 58383;
5318 : 58481;
5319 : 60562;
5320 : 60529;
5321 : 60529;
5322 : 60529;
5323 : 58481;
5324 : 58481;
5325 : 58481;
5326 : 58481;
5327 : 58481;
5328 : 58481;
5329 : 58481;
5330 : 58481;
5331 : 60529;
5332 : 60529;
5333 : 60529;
5334 : 58481;
5335 : 58481;
5336 : 58449;
5337 : 58449;
5338 : 58449;
5339 : 58449;
5340 : 58449;
5341 : 58449;
5342 : 58448;
5343 : 58449;
5344 : 58383;
5345 : 47884;
5346 : 65503;
5347 : 65535;
5348 : 65535;
5349 : 65535;
5350 : 65535;
5351 : 65535;
5352 : 65535;
5353 : 65535;
5354 : 65535;
5355 : 65535;
5356 : 65535;
5357 : 65535;
5358 : 65535;
5359 : 65535;
5360 : 61179;
5361 : 30947;
5362 : 28737;
5363 : 37027;
5364 : 51947;
5365 : 58384;
5366 : 58351;
5367 : 58351;
5368 : 56303;
5369 : 56303;
5370 : 56238;
5371 : 54385;
5372 : 65535;
5373 : 65535;
5374 : 65535;
5375 : 65535;
5376 : 65535;
5377 : 65535;
5378 : 65535;
5379 : 63325;
5380 : 49997;
5381 : 56206;
5382 : 56238;
5383 : 54190;
5384 : 56238;
5385 : 54222;
5386 : 56238;
5387 : 43398;
5388 : 32865;
5389 : 26657;
5390 : 46096;
5391 : 65535;
5392 : 65535;
5393 : 65535;
5394 : 65535;
5395 : 65535;
5396 : 65535;
5397 : 65535;
5398 : 65535;
5399 : 65535;
5400 : 65535;
5401 : 65535;
5402 : 65535;
5403 : 65535;
5404 : 65535;
5405 : 65535;
5406 : 65535;
5407 : 65535;
5408 : 65535;
5409 : 65535;
5410 : 63292;
5411 : 43528;
5412 : 56238;
5413 : 56400;
5414 : 58416;
5415 : 58416;
5416 : 56400;
5417 : 58448;
5418 : 58448;
5419 : 58448;
5420 : 58448;
5421 : 58448;
5422 : 58449;
5423 : 58449;
5424 : 58449;
5425 : 58449;
5426 : 58449;
5427 : 58449;
5428 : 56433;
5429 : 58481;
5430 : 58449;
5431 : 56271;
5432 : 51948;
5433 : 45608;
5434 : 41285;
5435 : 37027;
5436 : 32833;
5437 : 32833;
5438 : 32833;
5439 : 32833;
5440 : 30785;
5441 : 32833;
5442 : 32833;
5443 : 32865;
5444 : 37026;
5445 : 41188;
5446 : 43398;
5447 : 49867;
5448 : 58448;
5449 : 60561;
5450 : 58481;
5451 : 58481;
5452 : 58481;
5453 : 58481;
5454 : 58481;
5455 : 58481;
5456 : 58481;
5457 : 58481;
5458 : 58481;
5459 : 58481;
5460 : 58481;
5461 : 58481;
5462 : 58481;
5463 : 58481;
5464 : 58449;
5465 : 58449;
5466 : 58449;
5467 : 58449;
5468 : 58449;
5469 : 58449;
5470 : 58449;
5471 : 58449;
5472 : 58448;
5473 : 47754;
5474 : 61147;
5475 : 65535;
5476 : 65535;
5477 : 65535;
5478 : 65535;
5479 : 65535;
5480 : 65535;
5481 : 65535;
5482 : 65535;
5483 : 65535;
5484 : 65535;
5485 : 65535;
5486 : 65535;
5487 : 65535;
5488 : 65535;
5489 : 43951;
5490 : 26656;
5491 : 32865;
5492 : 45478;
5493 : 58351;
5494 : 58351;
5495 : 58351;
5496 : 56303;
5497 : 56303;
5498 : 56303;
5499 : 49997;
5500 : 63357;
5501 : 65535;
5502 : 65535;
5503 : 65535;
5504 : 65535;
5505 : 65535;
5506 : 65535;
5507 : 58839;
5508 : 49964;
5509 : 54190;
5510 : 56238;
5511 : 56238;
5512 : 56238;
5513 : 56271;
5514 : 52012;
5515 : 39172;
5516 : 30785;
5517 : 28835;
5518 : 61115;
5519 : 65535;
5520 : 65535;
5521 : 65535;
5522 : 65535;
5523 : 65535;
5524 : 65535;
5525 : 65535;
5526 : 65535;
5527 : 65535;
5528 : 65535;
5529 : 65535;
5530 : 65535;
5531 : 65535;
5532 : 65535;
5533 : 65535;
5534 : 65535;
5535 : 65535;
5536 : 65535;
5537 : 65535;
5538 : 65535;
5539 : 52467;
5540 : 45576;
5541 : 58416;
5542 : 56368;
5543 : 58416;
5544 : 56368;
5545 : 56368;
5546 : 58448;
5547 : 56368;
5548 : 58448;
5549 : 56400;
5550 : 56401;
5551 : 56401;
5552 : 58449;
5553 : 58449;
5554 : 58449;
5555 : 58481;
5556 : 56303;
5557 : 51980;
5558 : 45544;
5559 : 39139;
5560 : 32833;
5561 : 30785;
5562 : 30947;
5563 : 37417;
5564 : 43983;
5565 : 46258;
5566 : 50452;
5567 : 52597;
5568 : 52598;
5569 : 48404;
5570 : 44112;
5571 : 43983;
5572 : 39627;
5573 : 33223;
5574 : 30915;
5575 : 34882;
5576 : 43366;
5577 : 54092;
5578 : 60529;
5579 : 58481;
5580 : 58481;
5581 : 58481;
5582 : 58481;
5583 : 58481;
5584 : 58481;
5585 : 58481;
5586 : 58481;
5587 : 58481;
5588 : 58481;
5589 : 58481;
5590 : 58481;
5591 : 58481;
5592 : 58481;
5593 : 58449;
5594 : 58449;
5595 : 58449;
5596 : 58449;
5597 : 58449;
5598 : 58449;
5599 : 58448;
5600 : 58449;
5601 : 49835;
5602 : 56790;
5603 : 65535;
5604 : 65535;
5605 : 65535;
5606 : 65535;
5607 : 65535;
5608 : 65535;
5609 : 65535;
5610 : 65535;
5611 : 65535;
5612 : 65535;
5613 : 65535;
5614 : 65535;
5615 : 65535;
5616 : 65535;
5617 : 61147;
5618 : 28899;
5619 : 30785;
5620 : 39139;
5621 : 54125;
5622 : 58384;
5623 : 56303;
5624 : 56303;
5625 : 56303;
5626 : 56303;
5627 : 52012;
5628 : 58871;
5629 : 65535;
5630 : 65535;
5631 : 65535;
5632 : 65535;
5633 : 65535;
5634 : 65535;
5635 : 52272;
5636 : 54125;
5637 : 54158;
5638 : 54190;
5639 : 54190;
5640 : 54190;
5641 : 56239;
5642 : 47721;
5643 : 34978;
5644 : 28704;
5645 : 37481;
5646 : 65535;
5647 : 65535;
5648 : 65535;
5649 : 65535;
5650 : 65535;
5651 : 65535;
5652 : 65535;
5653 : 65535;
5654 : 65535;
5655 : 65535;
5656 : 65535;
5657 : 65535;
5658 : 65535;
5659 : 65535;
5660 : 65535;
5661 : 65535;
5662 : 65535;
5663 : 65535;
5664 : 65535;
5665 : 65535;
5666 : 65535;
5667 : 65470;
5668 : 43658;
5669 : 54093;
5670 : 56400;
5671 : 56368;
5672 : 56368;
5673 : 56368;
5674 : 56368;
5675 : 56368;
5676 : 56368;
5677 : 56369;
5678 : 56400;
5679 : 56400;
5680 : 56401;
5681 : 58449;
5682 : 56336;
5683 : 49802;
5684 : 41252;
5685 : 34913;
5686 : 30785;
5687 : 33158;
5688 : 43983;
5689 : 54711;
5690 : 61244;
5691 : 65535;
5692 : 65535;
5693 : 65535;
5694 : 65535;
5695 : 65535;
5696 : 65535;
5697 : 65535;
5698 : 65535;
5699 : 65535;
5700 : 65535;
5701 : 65503;
5702 : 59099;
5703 : 41837;
5704 : 30850;
5705 : 36994;
5706 : 49834;
5707 : 58481;
5708 : 58481;
5709 : 58481;
5710 : 58481;
5711 : 58481;
5712 : 58481;
5713 : 58481;
5714 : 58481;
5715 : 58481;
5716 : 58481;
5717 : 58481;
5718 : 58481;
5719 : 58481;
5720 : 58481;
5721 : 58481;
5722 : 58449;
5723 : 58449;
5724 : 58449;
5725 : 58449;
5726 : 58448;
5727 : 58448;
5728 : 58449;
5729 : 51980;
5730 : 52435;
5731 : 65535;
5732 : 65535;
5733 : 65535;
5734 : 65535;
5735 : 65535;
5736 : 65535;
5737 : 65535;
5738 : 65535;
5739 : 65535;
5740 : 65535;
5741 : 65535;
5742 : 65535;
5743 : 65535;
5744 : 65535;
5745 : 65535;
5746 : 37578;
5747 : 26656;
5748 : 34946;
5749 : 49770;
5750 : 58384;
5751 : 56303;
5752 : 56303;
5753 : 56303;
5754 : 56303;
5755 : 54158;
5756 : 52337;
5757 : 65535;
5758 : 65535;
5759 : 65535;
5760 : 65535;
5761 : 65535;
5762 : 63292;
5763 : 49964;
5764 : 54158;
5765 : 54158;
5766 : 54190;
5767 : 54190;
5768 : 54190;
5769 : 54158;
5770 : 43462;
5771 : 30849;
5772 : 26656;
5773 : 50419;
5774 : 65535;
5775 : 65535;
5776 : 65535;
5777 : 65535;
5778 : 65535;
5779 : 65535;
5780 : 65535;
5781 : 65535;
5782 : 65535;
5783 : 65535;
5784 : 65535;
5785 : 65535;
5786 : 65535;
5787 : 65535;
5788 : 65535;
5789 : 65535;
5790 : 65535;
5791 : 65535;
5792 : 65535;
5793 : 65535;
5794 : 65535;
5795 : 65535;
5796 : 56824;
5797 : 43463;
5798 : 56368;
5799 : 56368;
5800 : 56368;
5801 : 56368;
5802 : 56368;
5803 : 56368;
5804 : 56368;
5805 : 56368;
5806 : 56400;
5807 : 56400;
5808 : 58449;
5809 : 52045;
5810 : 43366;
5811 : 32865;
5812 : 30915;
5813 : 39692;
5814 : 54710;
5815 : 63390;
5816 : 65535;
5817 : 65535;
5818 : 65535;
5819 : 65535;
5820 : 65535;
5821 : 65535;
5822 : 65535;
5823 : 65535;
5824 : 65535;
5825 : 65535;
5826 : 65535;
5827 : 65535;
5828 : 65535;
5829 : 65535;
5830 : 65535;
5831 : 65535;
5832 : 56888;
5833 : 33190;
5834 : 36962;
5835 : 49867;
5836 : 58513;
5837 : 58481;
5838 : 58481;
5839 : 58481;
5840 : 58481;
5841 : 58481;
5842 : 58481;
5843 : 58481;
5844 : 58481;
5845 : 58481;
5846 : 58481;
5847 : 58481;
5848 : 58481;
5849 : 58449;
5850 : 58449;
5851 : 58449;
5852 : 58449;
5853 : 58449;
5854 : 58449;
5855 : 58448;
5856 : 58449;
5857 : 54125;
5858 : 50192;
5859 : 65535;
5860 : 65535;
5861 : 65535;
5862 : 65535;
5863 : 65535;
5864 : 65535;
5865 : 65535;
5866 : 65535;
5867 : 65535;
5868 : 65535;
5869 : 65535;
5870 : 65535;
5871 : 65535;
5872 : 65535;
5873 : 65535;
5874 : 50452;
5875 : 26656;
5876 : 32865;
5877 : 43398;
5878 : 56303;
5879 : 56303;
5880 : 56303;
5881 : 56303;
5882 : 56303;
5883 : 56271;
5884 : 49996;
5885 : 63357;
5886 : 65535;
5887 : 65535;
5888 : 65535;
5889 : 65535;
5890 : 56726;
5891 : 49932;
5892 : 54190;
5893 : 54158;
5894 : 54190;
5895 : 54190;
5896 : 54223;
5897 : 52012;
5898 : 39236;
5899 : 28737;
5900 : 30916;
5901 : 61211;
5902 : 65535;
5903 : 65535;
5904 : 65535;
5905 : 65535;
5906 : 65535;
5907 : 65535;
5908 : 65535;
5909 : 65535;
5910 : 65535;
5911 : 65535;
5912 : 65535;
5913 : 65535;
5914 : 65535;
5915 : 65535;
5916 : 65535;
5917 : 65535;
5918 : 65535;
5919 : 65535;
5920 : 65535;
5921 : 65535;
5922 : 65535;
5923 : 65535;
5924 : 65535;
5925 : 47949;
5926 : 49867;
5927 : 56401;
5928 : 56368;
5929 : 56368;
5930 : 56368;
5931 : 56368;
5932 : 56368;
5933 : 56400;
5934 : 58449;
5935 : 56271;
5936 : 47656;
5937 : 37027;
5938 : 30785;
5939 : 37514;
5940 : 56986;
5941 : 65535;
5942 : 65535;
5943 : 65535;
5944 : 65535;
5945 : 65535;
5946 : 65535;
5947 : 65535;
5948 : 65535;
5949 : 65535;
5950 : 65535;
5951 : 65535;
5952 : 65535;
5953 : 65535;
5954 : 65535;
5955 : 65535;
5956 : 65535;
5957 : 65535;
5958 : 65535;
5959 : 65535;
5960 : 65535;
5961 : 61179;
5962 : 33191;
5963 : 39075;
5964 : 56238;
5965 : 58481;
5966 : 58481;
5967 : 58481;
5968 : 58481;
5969 : 58481;
5970 : 58481;
5971 : 58481;
5972 : 58481;
5973 : 58481;
5974 : 58481;
5975 : 58481;
5976 : 58449;
5977 : 58449;
5978 : 58449;
5979 : 58449;
5980 : 58449;
5981 : 58449;
5982 : 58449;
5983 : 58448;
5984 : 58449;
5985 : 54190;
5986 : 47916;
5987 : 65535;
5988 : 65535;
5989 : 65535;
5990 : 65535;
5991 : 65535;
5992 : 65535;
5993 : 65535;
5994 : 65535;
5995 : 65535;
5996 : 65535;
5997 : 65535;
5998 : 65535;
5999 : 65535;
6000 : 65535;
6001 : 65535;
6002 : 61212;
6003 : 30948;
6004 : 28737;
6005 : 39139;
6006 : 54093;
6007 : 56335;
6008 : 56303;
6009 : 56271;
6010 : 56271;
6011 : 56303;
6012 : 52012;
6013 : 58904;
6014 : 65535;
6015 : 65535;
6016 : 65535;
6017 : 65535;
6018 : 52273;
6019 : 54093;
6020 : 54158;
6021 : 54158;
6022 : 54158;
6023 : 54190;
6024 : 54223;
6025 : 47721;
6026 : 35011;
6027 : 28704;
6028 : 39595;
6029 : 65535;
6030 : 65535;
6031 : 65535;
6032 : 65535;
6033 : 65535;
6034 : 65535;
6035 : 65535;
6036 : 65535;
6037 : 65535;
6038 : 65535;
6039 : 65535;
6040 : 65535;
6041 : 65535;
6042 : 65535;
6043 : 65535;
6044 : 65535;
6045 : 65535;
6046 : 65535;
6047 : 65535;
6048 : 65535;
6049 : 65535;
6050 : 65535;
6051 : 65535;
6052 : 65535;
6053 : 61146;
6054 : 41415;
6055 : 54255;
6056 : 56368;
6057 : 56368;
6058 : 56368;
6059 : 56368;
6060 : 56401;
6061 : 58417;
6062 : 51915;
6063 : 39204;
6064 : 30784;
6065 : 31044;
6066 : 50452;
6067 : 65535;
6068 : 65535;
6069 : 65535;
6070 : 65535;
6071 : 65535;
6072 : 65535;
6073 : 65535;
6074 : 65535;
6075 : 65535;
6076 : 65535;
6077 : 65535;
6078 : 65535;
6079 : 65535;
6080 : 65535;
6081 : 65535;
6082 : 65535;
6083 : 65535;
6084 : 65535;
6085 : 65535;
6086 : 65535;
6087 : 65535;
6088 : 65535;
6089 : 65535;
6090 : 59033;
6091 : 35011;
6092 : 49834;
6093 : 58513;
6094 : 58481;
6095 : 58481;
6096 : 58481;
6097 : 58481;
6098 : 58481;
6099 : 58481;
6100 : 58481;
6101 : 58481;
6102 : 58481;
6103 : 58481;
6104 : 58449;
6105 : 58449;
6106 : 58449;
6107 : 58449;
6108 : 58449;
6109 : 58449;
6110 : 58448;
6111 : 58449;
6112 : 58449;
6113 : 54158;
6114 : 47949;
6115 : 65535;
6116 : 65535;
6117 : 65535;
6118 : 65535;
6119 : 65535;
6120 : 65535;
6121 : 65535;
6122 : 65535;
6123 : 65535;
6124 : 65535;
6125 : 65535;
6126 : 65535;
6127 : 65535;
6128 : 65535;
6129 : 65535;
6130 : 65535;
6131 : 37547;
6132 : 26656;
6133 : 34946;
6134 : 49802;
6135 : 56335;
6136 : 56303;
6137 : 56271;
6138 : 56303;
6139 : 56303;
6140 : 54158;
6141 : 54353;
6142 : 65535;
6143 : 65535;
6144 : 65535;
6145 : 65470;
6146 : 50061;
6147 : 54158;
6148 : 54158;
6149 : 54158;
6150 : 54158;
6151 : 54190;
6152 : 54158;
6153 : 43494;
6154 : 30850;
6155 : 26657;
6156 : 52532;
6157 : 65535;
6158 : 65535;
6159 : 65535;
6160 : 65535;
6161 : 65535;
6162 : 65535;
6163 : 65535;
6164 : 65535;
6165 : 65535;
6166 : 65535;
6167 : 65535;
6168 : 65535;
6169 : 65535;
6170 : 65535;
6171 : 65535;
6172 : 65535;
6173 : 65535;
6174 : 65535;
6175 : 65535;
6176 : 65535;
6177 : 65535;
6178 : 65535;
6179 : 65535;
6180 : 65535;
6181 : 65535;
6182 : 50225;
6183 : 47689;
6184 : 56401;
6185 : 56368;
6186 : 56368;
6187 : 58449;
6188 : 56271;
6189 : 45576;
6190 : 34946;
6191 : 28802;
6192 : 41837;
6193 : 61244;
6194 : 65535;
6195 : 65535;
6196 : 65535;
6197 : 65535;
6198 : 65535;
6199 : 65535;
6200 : 65535;
6201 : 65535;
6202 : 65535;
6203 : 65535;
6204 : 65535;
6205 : 65535;
6206 : 65535;
6207 : 65535;
6208 : 65535;
6209 : 65535;
6210 : 65535;
6211 : 65535;
6212 : 65535;
6213 : 65535;
6214 : 65535;
6215 : 65535;
6216 : 65535;
6217 : 65535;
6218 : 65535;
6219 : 39562;
6220 : 43398;
6221 : 58449;
6222 : 58481;
6223 : 58481;
6224 : 58481;
6225 : 58449;
6226 : 58449;
6227 : 58481;
6228 : 58481;
6229 : 58481;
6230 : 58481;
6231 : 58449;
6232 : 58449;
6233 : 58449;
6234 : 58449;
6235 : 58449;
6236 : 58449;
6237 : 58449;
6238 : 58448;
6239 : 58448;
6240 : 58449;
6241 : 54157;
6242 : 48111;
6243 : 65535;
6244 : 65535;
6245 : 65535;
6246 : 65535;
6247 : 65535;
6248 : 65535;
6249 : 65535;
6250 : 65535;
6251 : 65535;
6252 : 65535;
6253 : 65535;
6254 : 65535;
6255 : 65535;
6256 : 65535;
6257 : 65535;
6258 : 65535;
6259 : 50419;
6260 : 26656;
6261 : 30818;
6262 : 43430;
6263 : 56271;
6264 : 56303;
6265 : 56303;
6266 : 56271;
6267 : 56303;
6268 : 56270;
6269 : 50062;
6270 : 65470;
6271 : 65535;
6272 : 65535;
6273 : 61212;
6274 : 49931;
6275 : 54158;
6276 : 54158;
6277 : 54158;
6278 : 54158;
6279 : 54190;
6280 : 52012;
6281 : 39268;
6282 : 28737;
6283 : 30980;
6284 : 63292;
6285 : 65535;
6286 : 65535;
6287 : 65535;
6288 : 65535;
6289 : 65535;
6290 : 65535;
6291 : 65535;
6292 : 65535;
6293 : 65535;
6294 : 65535;
6295 : 65535;
6296 : 65535;
6297 : 65535;
6298 : 65535;
6299 : 65535;
6300 : 65535;
6301 : 65535;
6302 : 65535;
6303 : 65535;
6304 : 65535;
6305 : 65535;
6306 : 65535;
6307 : 65535;
6308 : 65535;
6309 : 65535;
6310 : 63357;
6311 : 41544;
6312 : 54158;
6313 : 56400;
6314 : 56401;
6315 : 52012;
6316 : 41285;
6317 : 30785;
6318 : 33157;
6319 : 54743;
6320 : 65535;
6321 : 65535;
6322 : 65535;
6323 : 65535;
6324 : 65535;
6325 : 65535;
6326 : 65535;
6327 : 65535;
6328 : 65535;
6329 : 65535;
6330 : 65535;
6331 : 65535;
6332 : 65535;
6333 : 65535;
6334 : 65535;
6335 : 65535;
6336 : 65535;
6337 : 65535;
6338 : 65535;
6339 : 65535;
6340 : 65535;
6341 : 65535;
6342 : 65535;
6343 : 65535;
6344 : 65535;
6345 : 65535;
6346 : 65535;
6347 : 50354;
6348 : 37059;
6349 : 56303;
6350 : 58481;
6351 : 58481;
6352 : 58481;
6353 : 58481;
6354 : 58481;
6355 : 58481;
6356 : 58481;
6357 : 58449;
6358 : 58449;
6359 : 58449;
6360 : 58449;
6361 : 58449;
6362 : 58449;
6363 : 56401;
6364 : 56401;
6365 : 56400;
6366 : 56400;
6367 : 56400;
6368 : 56400;
6369 : 52141;
6370 : 52402;
6371 : 65535;
6372 : 65535;
6373 : 65535;
6374 : 65535;
6375 : 65535;
6376 : 65535;
6377 : 65535;
6378 : 65535;
6379 : 65535;
6380 : 65535;
6381 : 65535;
6382 : 65535;
6383 : 65535;
6384 : 65535;
6385 : 65535;
6386 : 65535;
6387 : 61179;
6388 : 30915;
6389 : 28737;
6390 : 39140;
6391 : 54125;
6392 : 54255;
6393 : 54255;
6394 : 56271;
6395 : 56271;
6396 : 56271;
6397 : 49964;
6398 : 63260;
6399 : 65535;
6400 : 65535;
6401 : 58904;
6402 : 49899;
6403 : 54158;
6404 : 54158;
6405 : 54158;
6406 : 54158;
6407 : 54190;
6408 : 49866;
6409 : 37091;
6410 : 28705;
6411 : 35369;
6412 : 65535;
6413 : 65535;
6414 : 65535;
6415 : 65535;
6416 : 65535;
6417 : 65535;
6418 : 65535;
6419 : 65535;
6420 : 65535;
6421 : 65535;
6422 : 65535;
6423 : 65535;
6424 : 65535;
6425 : 65535;
6426 : 65535;
6427 : 65535;
6428 : 65535;
6429 : 65535;
6430 : 65535;
6431 : 65535;
6432 : 65535;
6433 : 65535;
6434 : 65535;
6435 : 65535;
6436 : 65535;
6437 : 65535;
6438 : 65535;
6439 : 54613;
6440 : 45544;
6441 : 56304;
6442 : 47721;
6443 : 37027;
6444 : 30785;
6445 : 39724;
6446 : 61276;
6447 : 65535;
6448 : 65535;
6449 : 65535;
6450 : 65535;
6451 : 65535;
6452 : 65535;
6453 : 65535;
6454 : 65535;
6455 : 65535;
6456 : 65535;
6457 : 65535;
6458 : 65535;
6459 : 65535;
6460 : 65535;
6461 : 65535;
6462 : 65535;
6463 : 65535;
6464 : 65535;
6465 : 65535;
6466 : 65535;
6467 : 65535;
6468 : 65535;
6469 : 65535;
6470 : 65535;
6471 : 65535;
6472 : 65535;
6473 : 65535;
6474 : 65535;
6475 : 56856;
6476 : 39204;
6477 : 56303;
6478 : 58481;
6479 : 58449;
6480 : 58481;
6481 : 58481;
6482 : 58449;
6483 : 58449;
6484 : 58449;
6485 : 58449;
6486 : 58449;
6487 : 58449;
6488 : 58449;
6489 : 56401;
6490 : 56401;
6491 : 56401;
6492 : 56400;
6493 : 56400;
6494 : 56368;
6495 : 56400;
6496 : 56400;
6497 : 52077;
6498 : 52467;
6499 : 65535;
6500 : 65535;
6501 : 65535;
6502 : 65535;
6503 : 65535;
6504 : 65535;
6505 : 65535;
6506 : 65535;
6507 : 65535;
6508 : 65535;
6509 : 65535;
6510 : 65535;
6511 : 65535;
6512 : 65535;
6513 : 65535;
6514 : 65535;
6515 : 65535;
6516 : 37481;
6517 : 28704;
6518 : 34978;
6519 : 49899;
6520 : 56303;
6521 : 56303;
6522 : 56271;
6523 : 56271;
6524 : 54255;
6525 : 52012;
6526 : 58936;
6527 : 65535;
6528 : 65535;
6529 : 54547;
6530 : 51980;
6531 : 54158;
6532 : 54158;
6533 : 54158;
6534 : 54158;
6535 : 54190;
6536 : 45672;
6537 : 32962;
6538 : 26624;
6539 : 43918;
6540 : 65535;
6541 : 65535;
6542 : 65535;
6543 : 65535;
6544 : 65535;
6545 : 65535;
6546 : 65535;
6547 : 65535;
6548 : 65535;
6549 : 65535;
6550 : 65535;
6551 : 65535;
6552 : 65535;
6553 : 65535;
6554 : 65535;
6555 : 65535;
6556 : 65535;
6557 : 65535;
6558 : 65535;
6559 : 65535;
6560 : 65535;
6561 : 65535;
6562 : 65535;
6563 : 65535;
6564 : 65535;
6565 : 65535;
6566 : 65535;
6567 : 65503;
6568 : 45771;
6569 : 41220;
6570 : 34881;
6571 : 30980;
6572 : 50452;
6573 : 65535;
6574 : 65535;
6575 : 65535;
6576 : 65535;
6577 : 65535;
6578 : 65535;
6579 : 65535;
6580 : 65535;
6581 : 65535;
6582 : 65535;
6583 : 65535;
6584 : 65535;
6585 : 65535;
6586 : 65535;
6587 : 65535;
6588 : 65535;
6589 : 65535;
6590 : 65535;
6591 : 65535;
6592 : 65535;
6593 : 65535;
6594 : 65535;
6595 : 65535;
6596 : 65535;
6597 : 65535;
6598 : 65535;
6599 : 65535;
6600 : 65535;
6601 : 65535;
6602 : 65535;
6603 : 56888;
6604 : 39269;
6605 : 56336;
6606 : 58481;
6607 : 58449;
6608 : 58449;
6609 : 58449;
6610 : 58449;
6611 : 58449;
6612 : 58449;
6613 : 58449;
6614 : 58449;
6615 : 58449;
6616 : 56401;
6617 : 58449;
6618 : 56401;
6619 : 56401;
6620 : 56401;
6621 : 56401;
6622 : 56400;
6623 : 56400;
6624 : 58448;
6625 : 47883;
6626 : 58936;
6627 : 65535;
6628 : 65535;
6629 : 65535;
6630 : 65535;
6631 : 65535;
6632 : 65535;
6633 : 65535;
6634 : 65535;
6635 : 65535;
6636 : 65535;
6637 : 65535;
6638 : 65535;
6639 : 65535;
6640 : 65535;
6641 : 65535;
6642 : 65535;
6643 : 65535;
6644 : 44015;
6645 : 26624;
6646 : 32898;
6647 : 47689;
6648 : 56303;
6649 : 56271;
6650 : 56271;
6651 : 56271;
6652 : 54255;
6653 : 54092;
6654 : 54580;
6655 : 65535;
6656 : 65535;
6657 : 50191;
6658 : 54093;
6659 : 54158;
6660 : 54158;
6661 : 54158;
6662 : 54158;
6663 : 54158;
6664 : 45543;
6665 : 30882;
6666 : 26657;
6667 : 50484;
6668 : 65535;
6669 : 65535;
6670 : 65535;
6671 : 65535;
6672 : 65535;
6673 : 65535;
6674 : 65535;
6675 : 65535;
6676 : 65535;
6677 : 65535;
6678 : 65535;
6679 : 65535;
6680 : 65535;
6681 : 65535;
6682 : 65535;
6683 : 65535;
6684 : 65535;
6685 : 65535;
6686 : 65535;
6687 : 65535;
6688 : 65535;
6689 : 65535;
6690 : 65535;
6691 : 65535;
6692 : 65535;
6693 : 65535;
6694 : 65535;
6695 : 65535;
6696 : 58969;
6697 : 33060;
6698 : 35401;
6699 : 59098;
6700 : 65535;
6701 : 65535;
6702 : 65535;
6703 : 65535;
6704 : 65535;
6705 : 65535;
6706 : 65535;
6707 : 65535;
6708 : 65535;
6709 : 65535;
6710 : 65535;
6711 : 65535;
6712 : 65535;
6713 : 65535;
6714 : 65535;
6715 : 65535;
6716 : 65535;
6717 : 65535;
6718 : 65535;
6719 : 65535;
6720 : 65535;
6721 : 65535;
6722 : 65535;
6723 : 65535;
6724 : 65535;
6725 : 65535;
6726 : 65535;
6727 : 65535;
6728 : 65535;
6729 : 65535;
6730 : 65535;
6731 : 56888;
6732 : 41382;
6733 : 56336;
6734 : 58481;
6735 : 58449;
6736 : 58449;
6737 : 58449;
6738 : 58449;
6739 : 58449;
6740 : 58449;
6741 : 58449;
6742 : 56401;
6743 : 56401;
6744 : 56401;
6745 : 56401;
6746 : 56400;
6747 : 56401;
6748 : 56400;
6749 : 56400;
6750 : 56368;
6751 : 56400;
6752 : 56368;
6753 : 45803;
6754 : 63292;
6755 : 65535;
6756 : 65535;
6757 : 65535;
6758 : 65535;
6759 : 65535;
6760 : 65535;
6761 : 65535;
6762 : 65535;
6763 : 65535;
6764 : 65535;
6765 : 65535;
6766 : 65535;
6767 : 65535;
6768 : 65535;
6769 : 65535;
6770 : 65535;
6771 : 65535;
6772 : 52532;
6773 : 26656;
6774 : 32865;
6775 : 45511;
6776 : 56303;
6777 : 56271;
6778 : 56271;
6779 : 54223;
6780 : 56271;
6781 : 54126;
6782 : 52304;
6783 : 65535;
6784 : 65438;
6785 : 50029;
6786 : 52077;
6787 : 52110;
6788 : 54158;
6789 : 54158;
6790 : 52142;
6791 : 52077;
6792 : 43462;
6793 : 30817;
6794 : 28802;
6795 : 59002;
6796 : 65535;
6797 : 65535;
6798 : 65535;
6799 : 65535;
6800 : 65535;
6801 : 65535;
6802 : 65535;
6803 : 65535;
6804 : 65535;
6805 : 65535;
6806 : 65535;
6807 : 65535;
6808 : 65535;
6809 : 65535;
6810 : 65535;
6811 : 65535;
6812 : 65535;
6813 : 65535;
6814 : 65535;
6815 : 65535;
6816 : 65535;
6817 : 65535;
6818 : 65535;
6819 : 65535;
6820 : 65535;
6821 : 65535;
6822 : 65535;
6823 : 65535;
6824 : 65535;
6825 : 61244;
6826 : 65470;
6827 : 65535;
6828 : 65535;
6829 : 65535;
6830 : 65535;
6831 : 65535;
6832 : 65535;
6833 : 65535;
6834 : 65535;
6835 : 65535;
6836 : 65535;
6837 : 65535;
6838 : 65535;
6839 : 65535;
6840 : 65535;
6841 : 65535;
6842 : 65535;
6843 : 65535;
6844 : 65535;
6845 : 65535;
6846 : 65535;
6847 : 65535;
6848 : 65535;
6849 : 65535;
6850 : 65535;
6851 : 65535;
6852 : 65535;
6853 : 65535;
6854 : 65535;
6855 : 65535;
6856 : 65535;
6857 : 65535;
6858 : 65535;
6859 : 56759;
6860 : 43463;
6861 : 58449;
6862 : 58481;
6863 : 58449;
6864 : 58449;
6865 : 58449;
6866 : 58449;
6867 : 58449;
6868 : 58449;
6869 : 56401;
6870 : 56401;
6871 : 56401;
6872 : 56401;
6873 : 56401;
6874 : 56401;
6875 : 56400;
6876 : 56400;
6877 : 56368;
6878 : 56368;
6879 : 56400;
6880 : 52110;
6881 : 47981;
6882 : 65535;
6883 : 65535;
6884 : 65535;
6885 : 65535;
6886 : 65535;
6887 : 65535;
6888 : 65535;
6889 : 65535;
6890 : 65535;
6891 : 65535;
6892 : 65535;
6893 : 65535;
6894 : 65535;
6895 : 65535;
6896 : 65535;
6897 : 65535;
6898 : 65535;
6899 : 65535;
6900 : 59001;
6901 : 28802;
6902 : 30817;
6903 : 41285;
6904 : 54190;
6905 : 56271;
6906 : 54223;
6907 : 56271;
6908 : 56271;
6909 : 54190;
6910 : 50062;
6911 : 65470;
6912 : 61147;
6913 : 47884;
6914 : 54157;
6915 : 52110;
6916 : 52110;
6917 : 54158;
6918 : 52142;
6919 : 52044;
6920 : 39366;
6921 : 28737;
6922 : 31045;
6923 : 63357;
6924 : 65535;
6925 : 65535;
6926 : 65535;
6927 : 65535;
6928 : 65535;
6929 : 65535;
6930 : 65535;
6931 : 65535;
6932 : 65535;
6933 : 65535;
6934 : 65535;
6935 : 65535;
6936 : 65535;
6937 : 65535;
6938 : 65535;
6939 : 65535;
6940 : 65535;
6941 : 65535;
6942 : 65535;
6943 : 65535;
6944 : 65535;
6945 : 65535;
6946 : 65535;
6947 : 65535;
6948 : 65535;
6949 : 65535;
6950 : 65535;
6951 : 65535;
6952 : 65535;
6953 : 65535;
6954 : 65535;
6955 : 65535;
6956 : 65535;
6957 : 65535;
6958 : 65535;
6959 : 65535;
6960 : 65535;
6961 : 65535;
6962 : 65535;
6963 : 65535;
6964 : 65535;
6965 : 65535;
6966 : 65535;
6967 : 65535;
6968 : 65535;
6969 : 65535;
6970 : 65535;
6971 : 65535;
6972 : 65535;
6973 : 65535;
6974 : 65535;
6975 : 65535;
6976 : 65535;
6977 : 65535;
6978 : 65535;
6979 : 65535;
6980 : 65535;
6981 : 65535;
6982 : 65535;
6983 : 65535;
6984 : 65535;
6985 : 65535;
6986 : 65535;
6987 : 48079;
6988 : 49834;
6989 : 58481;
6990 : 58481;
6991 : 58449;
6992 : 58481;
6993 : 56401;
6994 : 56401;
6995 : 56401;
6996 : 56401;
6997 : 56400;
6998 : 56401;
6999 : 56400;
7000 : 56400;
7001 : 56400;
7002 : 56400;
7003 : 56368;
7004 : 56368;
7005 : 56368;
7006 : 56400;
7007 : 56400;
7008 : 47819;
7009 : 54677;
7010 : 65535;
7011 : 65535;
7012 : 65535;
7013 : 65535;
7014 : 65535;
7015 : 65535;
7016 : 65535;
7017 : 65535;
7018 : 65535;
7019 : 65535;
7020 : 65535;
7021 : 65535;
7022 : 65535;
7023 : 65535;
7024 : 65535;
7025 : 65535;
7026 : 65535;
7027 : 65535;
7028 : 63357;
7029 : 31012;
7030 : 28737;
7031 : 39140;
7032 : 52077;
7033 : 54223;
7034 : 54223;
7035 : 54223;
7036 : 54223;
7037 : 54222;
7038 : 47916;
7039 : 63260;
7040 : 56823;
7041 : 47851;
7042 : 54158;
7043 : 52110;
7044 : 52110;
7045 : 52110;
7046 : 52142;
7047 : 49931;
7048 : 37188;
7049 : 28704;
7050 : 37482;
7051 : 65535;
7052 : 65535;
7053 : 65535;
7054 : 65535;
7055 : 65535;
7056 : 65535;
7057 : 65535;
7058 : 65535;
7059 : 65535;
7060 : 65535;
7061 : 65535;
7062 : 65535;
7063 : 65535;
7064 : 65535;
7065 : 65535;
7066 : 65535;
7067 : 65535;
7068 : 65535;
7069 : 65535;
7070 : 65535;
7071 : 65535;
7072 : 65535;
7073 : 65535;
7074 : 65535;
7075 : 65535;
7076 : 65535;
7077 : 65535;
7078 : 65535;
7079 : 65535;
7080 : 65535;
7081 : 65535;
7082 : 65535;
7083 : 65535;
7084 : 65535;
7085 : 65535;
7086 : 65535;
7087 : 65535;
7088 : 65535;
7089 : 65535;
7090 : 65535;
7091 : 65535;
7092 : 65535;
7093 : 65535;
7094 : 65535;
7095 : 65535;
7096 : 65535;
7097 : 65535;
7098 : 65535;
7099 : 65535;
7100 : 65535;
7101 : 65535;
7102 : 65535;
7103 : 65535;
7104 : 65535;
7105 : 65535;
7106 : 65535;
7107 : 65535;
7108 : 65535;
7109 : 65535;
7110 : 65535;
7111 : 65535;
7112 : 65535;
7113 : 65535;
7114 : 65405;
7115 : 41544;
7116 : 54222;
7117 : 56433;
7118 : 56433;
7119 : 56401;
7120 : 56401;
7121 : 56401;
7122 : 56401;
7123 : 56401;
7124 : 56401;
7125 : 56401;
7126 : 56400;
7127 : 56400;
7128 : 56400;
7129 : 56400;
7130 : 56400;
7131 : 56400;
7132 : 56400;
7133 : 56400;
7134 : 56400;
7135 : 54255;
7136 : 43691;
7137 : 63357;
7138 : 65535;
7139 : 65535;
7140 : 65535;
7141 : 65535;
7142 : 65535;
7143 : 65535;
7144 : 65535;
7145 : 65535;
7146 : 65535;
7147 : 65535;
7148 : 65535;
7149 : 65535;
7150 : 65535;
7151 : 65535;
7152 : 65535;
7153 : 65535;
7154 : 65535;
7155 : 65535;
7156 : 65535;
7157 : 37449;
7158 : 28704;
7159 : 37059;
7160 : 51947;
7161 : 54255;
7162 : 54223;
7163 : 54223;
7164 : 54223;
7165 : 54223;
7166 : 49932;
7167 : 58936;
7168 : 56726;
7169 : 49931;
7170 : 52110;
7171 : 52110;
7172 : 52110;
7173 : 52110;
7174 : 52142;
7175 : 47817;
7176 : 35075;
7177 : 26656;
7178 : 43983;
7179 : 65535;
7180 : 65535;
7181 : 65535;
7182 : 65535;
7183 : 65535;
7184 : 65535;
7185 : 65535;
7186 : 65535;
7187 : 65535;
7188 : 65535;
7189 : 65535;
7190 : 65535;
7191 : 65535;
7192 : 65535;
7193 : 65535;
7194 : 65535;
7195 : 65535;
7196 : 65535;
7197 : 65535;
7198 : 65535;
7199 : 65535;
7200 : 65535;
7201 : 65535;
7202 : 65535;
7203 : 65535;
7204 : 65535;
7205 : 65535;
7206 : 65535;
7207 : 65535;
7208 : 65535;
7209 : 65535;
7210 : 65535;
7211 : 65535;
7212 : 65535;
7213 : 65535;
7214 : 65535;
7215 : 65535;
7216 : 65535;
7217 : 65535;
7218 : 65535;
7219 : 65535;
7220 : 65535;
7221 : 65535;
7222 : 65535;
7223 : 65535;
7224 : 65535;
7225 : 65535;
7226 : 65535;
7227 : 65535;
7228 : 65535;
7229 : 65535;
7230 : 65535;
7231 : 65535;
7232 : 65535;
7233 : 65535;
7234 : 65535;
7235 : 65535;
7236 : 65535;
7237 : 65535;
7238 : 65535;
7239 : 65535;
7240 : 65535;
7241 : 65535;
7242 : 54548;
7243 : 45576;
7244 : 58481;
7245 : 56433;
7246 : 56401;
7247 : 56433;
7248 : 56433;
7249 : 56433;
7250 : 56401;
7251 : 56401;
7252 : 56401;
7253 : 56401;
7254 : 56400;
7255 : 56400;
7256 : 56400;
7257 : 56400;
7258 : 56400;
7259 : 56400;
7260 : 56368;
7261 : 56400;
7262 : 56401;
7263 : 47883;
7264 : 50256;
7265 : 65535;
7266 : 65535;
7267 : 65535;
7268 : 65535;
7269 : 65535;
7270 : 65535;
7271 : 65535;
7272 : 65535;
7273 : 65535;
7274 : 65535;
7275 : 65535;
7276 : 65535;
7277 : 65535;
7278 : 65535;
7279 : 65535;
7280 : 65535;
7281 : 65535;
7282 : 65535;
7283 : 65535;
7284 : 65535;
7285 : 41869;
7286 : 26624;
7287 : 34946;
7288 : 47722;
7289 : 54255;
7290 : 54223;
7291 : 54223;
7292 : 54223;
7293 : 54223;
7294 : 49964;
7295 : 56758;
7296 : 54548;
7297 : 49931;
7298 : 52109;
7299 : 52110;
7300 : 52109;
7301 : 52110;
7302 : 52142;
7303 : 47785;
7304 : 32995;
7305 : 26656;
7306 : 48242;
7307 : 65535;
7308 : 65535;
7309 : 65535;
7310 : 65535;
7311 : 65535;
7312 : 65535;
7313 : 65535;
7314 : 65535;
7315 : 65535;
7316 : 65535;
7317 : 65535;
7318 : 65535;
7319 : 65535;
7320 : 65535;
7321 : 65535;
7322 : 65535;
7323 : 65535;
7324 : 65535;
7325 : 65535;
7326 : 65535;
7327 : 65535;
7328 : 65535;
7329 : 65535;
7330 : 65535;
7331 : 65535;
7332 : 65535;
7333 : 65535;
7334 : 65535;
7335 : 65535;
7336 : 65535;
7337 : 65535;
7338 : 65535;
7339 : 65535;
7340 : 65535;
7341 : 65535;
7342 : 65535;
7343 : 65535;
7344 : 65535;
7345 : 65535;
7346 : 65535;
7347 : 65535;
7348 : 65535;
7349 : 65535;
7350 : 65535;
7351 : 65535;
7352 : 65535;
7353 : 65535;
7354 : 65535;
7355 : 65535;
7356 : 65535;
7357 : 65535;
7358 : 65535;
7359 : 65535;
7360 : 65535;
7361 : 65535;
7362 : 65535;
7363 : 65535;
7364 : 65535;
7365 : 65535;
7366 : 65535;
7367 : 65535;
7368 : 65535;
7369 : 61147;
7370 : 43528;
7371 : 54255;
7372 : 58481;
7373 : 56433;
7374 : 56401;
7375 : 56401;
7376 : 56401;
7377 : 56401;
7378 : 56401;
7379 : 56400;
7380 : 56400;
7381 : 56401;
7382 : 56401;
7383 : 56401;
7384 : 56400;
7385 : 56401;
7386 : 56401;
7387 : 56400;
7388 : 56400;
7389 : 56400;
7390 : 56336;
7391 : 43560;
7392 : 61146;
7393 : 65535;
7394 : 65535;
7395 : 65535;
7396 : 65535;
7397 : 65535;
7398 : 65535;
7399 : 65535;
7400 : 65535;
7401 : 65535;
7402 : 65535;
7403 : 65535;
7404 : 65535;
7405 : 65535;
7406 : 65535;
7407 : 65535;
7408 : 65535;
7409 : 65535;
7410 : 65535;
7411 : 65535;
7412 : 65535;
7413 : 48274;
7414 : 26624;
7415 : 32898;
7416 : 45576;
7417 : 54255;
7418 : 54223;
7419 : 54223;
7420 : 54223;
7421 : 54223;
7422 : 49996;
7423 : 54548;
7424 : 52370;
7425 : 49932;
7426 : 52109;
7427 : 52078;
7428 : 52110;
7429 : 52110;
7430 : 52110;
7431 : 45737;
7432 : 32994;
7433 : 26656;
7434 : 48339;
7435 : 65535;
7436 : 65535;
7437 : 65535;
7438 : 65535;
7439 : 65535;
7440 : 65535;
7441 : 65535;
7442 : 65535;
7443 : 65535;
7444 : 65535;
7445 : 65535;
7446 : 65535;
7447 : 65535;
7448 : 65535;
7449 : 65535;
7450 : 65535;
7451 : 65535;
7452 : 65535;
7453 : 65535;
7454 : 65535;
7455 : 65535;
7456 : 65535;
7457 : 65535;
7458 : 65535;
7459 : 65535;
7460 : 65535;
7461 : 65535;
7462 : 65535;
7463 : 65535;
7464 : 65535;
7465 : 65535;
7466 : 65535;
7467 : 65535;
7468 : 65535;
7469 : 65535;
7470 : 65535;
7471 : 65535;
7472 : 65535;
7473 : 65535;
7474 : 65535;
7475 : 65535;
7476 : 65535;
7477 : 65535;
7478 : 65535;
7479 : 65535;
7480 : 65535;
7481 : 65535;
7482 : 65535;
7483 : 65535;
7484 : 65535;
7485 : 65535;
7486 : 65535;
7487 : 65535;
7488 : 65535;
7489 : 65535;
7490 : 65535;
7491 : 65535;
7492 : 65535;
7493 : 65535;
7494 : 65535;
7495 : 65535;
7496 : 65471;
7497 : 45804;
7498 : 49964;
7499 : 56465;
7500 : 56401;
7501 : 56433;
7502 : 56401;
7503 : 56401;
7504 : 56401;
7505 : 56401;
7506 : 56401;
7507 : 56400;
7508 : 56400;
7509 : 56400;
7510 : 56401;
7511 : 56400;
7512 : 56401;
7513 : 56400;
7514 : 56368;
7515 : 56400;
7516 : 56400;
7517 : 56401;
7518 : 49931;
7519 : 45966;
7520 : 65535;
7521 : 65535;
7522 : 65535;
7523 : 65535;
7524 : 65535;
7525 : 65535;
7526 : 65535;
7527 : 65535;
7528 : 65535;
7529 : 65535;
7530 : 65535;
7531 : 65535;
7532 : 65535;
7533 : 65535;
7534 : 65535;
7535 : 65535;
7536 : 65535;
7537 : 65535;
7538 : 65535;
7539 : 65535;
7540 : 65535;
7541 : 50484;
7542 : 26656;
7543 : 32866;
7544 : 43495;
7545 : 54223;
7546 : 54223;
7547 : 54223;
7548 : 54223;
7549 : 54223;
7550 : 52012;
7551 : 50289;
7552 : 52305;
7553 : 49932;
7554 : 52077;
7555 : 52078;
7556 : 52110;
7557 : 52078;
7558 : 52110;
7559 : 45704;
7560 : 32962;
7561 : 26689;
7562 : 52630;
7563 : 65535;
7564 : 65535;
7565 : 65535;
7566 : 65535;
7567 : 65535;
7568 : 65535;
7569 : 65535;
7570 : 65535;
7571 : 65535;
7572 : 65535;
7573 : 65535;
7574 : 65535;
7575 : 65535;
7576 : 65535;
7577 : 65535;
7578 : 65535;
7579 : 65535;
7580 : 65535;
7581 : 65535;
7582 : 65535;
7583 : 65535;
7584 : 65535;
7585 : 65535;
7586 : 65535;
7587 : 65535;
7588 : 65535;
7589 : 65535;
7590 : 65535;
7591 : 65535;
7592 : 65535;
7593 : 65535;
7594 : 65535;
7595 : 65535;
7596 : 65535;
7597 : 65535;
7598 : 65535;
7599 : 65535;
7600 : 65535;
7601 : 65535;
7602 : 65535;
7603 : 65535;
7604 : 65535;
7605 : 65535;
7606 : 65535;
7607 : 65535;
7608 : 65535;
7609 : 65535;
7610 : 65535;
7611 : 65535;
7612 : 65535;
7613 : 65535;
7614 : 65535;
7615 : 65535;
7616 : 65535;
7617 : 65535;
7618 : 65535;
7619 : 65535;
7620 : 65535;
7621 : 65535;
7622 : 65535;
7623 : 65470;
7624 : 48046;
7625 : 45673;
7626 : 58481;
7627 : 56433;
7628 : 56433;
7629 : 56401;
7630 : 56401;
7631 : 56401;
7632 : 56401;
7633 : 56401;
7634 : 56401;
7635 : 56400;
7636 : 56401;
7637 : 56400;
7638 : 56400;
7639 : 56400;
7640 : 56400;
7641 : 56368;
7642 : 56368;
7643 : 54352;
7644 : 56400;
7645 : 54255;
7646 : 41415;
7647 : 59034;
7648 : 65535;
7649 : 65535;
7650 : 65535;
7651 : 65535;
7652 : 65535;
7653 : 65535;
7654 : 65535;
7655 : 65535;
7656 : 65535;
7657 : 65535;
7658 : 65535;
7659 : 65535;
7660 : 65535;
7661 : 65535;
7662 : 65535;
7663 : 65535;
7664 : 65535;
7665 : 65535;
7666 : 65535;
7667 : 65535;
7668 : 65535;
7669 : 54710;
7670 : 26689;
7671 : 30817;
7672 : 43463;
7673 : 54223;
7674 : 54223;
7675 : 54222;
7676 : 54222;
7677 : 54223;
7678 : 52045;
7679 : 50225;
7680 : 50159;
7681 : 52012;
7682 : 52077;
7683 : 52078;
7684 : 52110;
7685 : 52078;
7686 : 52109;
7687 : 43623;
7688 : 30914;
7689 : 28769;
7690 : 56856;
7691 : 65535;
7692 : 65535;
7693 : 65535;
7694 : 65535;
7695 : 65535;
7696 : 65535;
7697 : 65535;
7698 : 65535;
7699 : 65535;
7700 : 65535;
7701 : 65535;
7702 : 65535;
7703 : 65535;
7704 : 65535;
7705 : 65535;
7706 : 65535;
7707 : 65535;
7708 : 65535;
7709 : 65535;
7710 : 65535;
7711 : 65535;
7712 : 65535;
7713 : 65535;
7714 : 65535;
7715 : 65535;
7716 : 65535;
7717 : 65535;
7718 : 65535;
7719 : 65535;
7720 : 65535;
7721 : 65535;
7722 : 65535;
7723 : 65535;
7724 : 65535;
7725 : 65535;
7726 : 65535;
7727 : 65535;
7728 : 65535;
7729 : 65535;
7730 : 65535;
7731 : 65535;
7732 : 65535;
7733 : 65535;
7734 : 65535;
7735 : 65535;
7736 : 65535;
7737 : 65535;
7738 : 65535;
7739 : 65535;
7740 : 65535;
7741 : 65535;
7742 : 65535;
7743 : 65535;
7744 : 65535;
7745 : 65535;
7746 : 65535;
7747 : 65535;
7748 : 65535;
7749 : 65535;
7750 : 63292;
7751 : 45836;
7752 : 47754;
7753 : 56401;
7754 : 56401;
7755 : 56401;
7756 : 56401;
7757 : 56401;
7758 : 56401;
7759 : 56401;
7760 : 56401;
7761 : 56401;
7762 : 56401;
7763 : 56401;
7764 : 56401;
7765 : 56400;
7766 : 56368;
7767 : 56400;
7768 : 56400;
7769 : 56368;
7770 : 54320;
7771 : 56368;
7772 : 56400;
7773 : 43560;
7774 : 50322;
7775 : 65535;
7776 : 65535;
7777 : 65535;
7778 : 65535;
7779 : 65535;
7780 : 65535;
7781 : 65535;
7782 : 65535;
7783 : 65535;
7784 : 65535;
7785 : 65535;
7786 : 65535;
7787 : 65535;
7788 : 65535;
7789 : 65535;
7790 : 65535;
7791 : 65535;
7792 : 65535;
7793 : 65535;
7794 : 65535;
7795 : 65535;
7796 : 65535;
7797 : 56856;
7798 : 26721;
7799 : 30817;
7800 : 43463;
7801 : 54222;
7802 : 54222;
7803 : 54222;
7804 : 54222;
7805 : 54222;
7806 : 52077;
7807 : 50224;
7808 : 45901;
7809 : 49996;
7810 : 52077;
7811 : 52077;
7812 : 52077;
7813 : 52110;
7814 : 52077;
7815 : 43591;
7816 : 30882;
7817 : 28802;
7818 : 56953;
7819 : 65535;
7820 : 65535;
7821 : 65535;
7822 : 65535;
7823 : 65535;
7824 : 65535;
7825 : 65535;
7826 : 65535;
7827 : 65535;
7828 : 65535;
7829 : 65535;
7830 : 65535;
7831 : 65535;
7832 : 65535;
7833 : 65535;
7834 : 65535;
7835 : 65535;
7836 : 65535;
7837 : 65535;
7838 : 65535;
7839 : 65535;
7840 : 65535;
7841 : 65535;
7842 : 65535;
7843 : 65535;
7844 : 65535;
7845 : 65535;
7846 : 65535;
7847 : 65535;
7848 : 65535;
7849 : 65535;
7850 : 65535;
7851 : 65535;
7852 : 65535;
7853 : 65535;
7854 : 65535;
7855 : 65535;
7856 : 65535;
7857 : 65535;
7858 : 65535;
7859 : 65535;
7860 : 65535;
7861 : 65535;
7862 : 65535;
7863 : 65535;
7864 : 65535;
7865 : 65535;
7866 : 65535;
7867 : 65535;
7868 : 65535;
7869 : 65535;
7870 : 65535;
7871 : 65535;
7872 : 65535;
7873 : 65535;
7874 : 65535;
7875 : 65535;
7876 : 65535;
7877 : 61114;
7878 : 43658;
7879 : 49931;
7880 : 56433;
7881 : 56401;
7882 : 56401;
7883 : 56401;
7884 : 56401;
7885 : 56401;
7886 : 56401;
7887 : 56401;
7888 : 56401;
7889 : 56401;
7890 : 56400;
7891 : 56400;
7892 : 56400;
7893 : 54320;
7894 : 54352;
7895 : 54320;
7896 : 54320;
7897 : 56368;
7898 : 56368;
7899 : 56401;
7900 : 49932;
7901 : 43755;
7902 : 65503;
7903 : 65535;
7904 : 65535;
7905 : 65535;
7906 : 65535;
7907 : 65535;
7908 : 65535;
7909 : 65535;
7910 : 65535;
7911 : 65535;
7912 : 65535;
7913 : 65535;
7914 : 65535;
7915 : 65535;
7916 : 65535;
7917 : 65535;
7918 : 65535;
7919 : 65535;
7920 : 65535;
7921 : 65535;
7922 : 65535;
7923 : 65535;
7924 : 65535;
7925 : 56920;
7926 : 26753;
7927 : 30817;
7928 : 43398;
7929 : 54190;
7930 : 54223;
7931 : 54222;
7932 : 54190;
7933 : 54222;
7934 : 52077;
7935 : 50159;
7936 : 45836;
7937 : 49996;
7938 : 50029;
7939 : 52077;
7940 : 52077;
7941 : 52110;
7942 : 52077;
7943 : 43559;
7944 : 30849;
7945 : 28899;
7946 : 61179;
7947 : 65535;
7948 : 65535;
7949 : 65535;
7950 : 65535;
7951 : 65535;
7952 : 65535;
7953 : 65535;
7954 : 65535;
7955 : 65535;
7956 : 65535;
7957 : 65535;
7958 : 65535;
7959 : 65535;
7960 : 65535;
7961 : 65535;
7962 : 65535;
7963 : 65535;
7964 : 65535;
7965 : 65535;
7966 : 65535;
7967 : 65535;
7968 : 65535;
7969 : 65535;
7970 : 65535;
7971 : 65535;
7972 : 65535;
7973 : 65535;
7974 : 65535;
7975 : 65535;
7976 : 65535;
7977 : 65535;
7978 : 65535;
7979 : 65535;
7980 : 65535;
7981 : 65535;
7982 : 65535;
7983 : 65535;
7984 : 65535;
7985 : 65535;
7986 : 65535;
7987 : 65535;
7988 : 65535;
7989 : 65535;
7990 : 65535;
7991 : 65535;
7992 : 65535;
7993 : 65535;
7994 : 65535;
7995 : 65535;
7996 : 65535;
7997 : 65535;
7998 : 65535;
7999 : 65535;
8000 : 65535;
8001 : 65535;
8002 : 65535;
8003 : 65535;
8004 : 56758;
8005 : 41512;
8006 : 52077;
8007 : 56433;
8008 : 54353;
8009 : 56401;
8010 : 56401;
8011 : 56401;
8012 : 56401;
8013 : 56401;
8014 : 56401;
8015 : 56401;
8016 : 56401;
8017 : 56400;
8018 : 54320;
8019 : 54320;
8020 : 54320;
8021 : 54352;
8022 : 54352;
8023 : 54320;
8024 : 54320;
8025 : 54320;
8026 : 56400;
8027 : 54222;
8028 : 39367;
8029 : 61114;
8030 : 65535;
8031 : 65535;
8032 : 65535;
8033 : 65535;
8034 : 65535;
8035 : 65535;
8036 : 65535;
8037 : 65535;
8038 : 65535;
8039 : 65535;
8040 : 65535;
8041 : 65535;
8042 : 65535;
8043 : 65535;
8044 : 65535;
8045 : 65535;
8046 : 65535;
8047 : 65535;
8048 : 65535;
8049 : 65535;
8050 : 65535;
8051 : 65535;
8052 : 65535;
8053 : 56953;
8054 : 26754;
8055 : 30817;
8056 : 41285;
8057 : 52142;
8058 : 54222;
8059 : 54222;
8060 : 52142;
8061 : 52142;
8062 : 52110;
8063 : 47916;
8064 : 47884;
8065 : 49997;
8066 : 50029;
8067 : 52077;
8068 : 52077;
8069 : 52110;
8070 : 49996;
8071 : 39366;
8072 : 28769;
8073 : 31012;
8074 : 63324;
8075 : 65535;
8076 : 65535;
8077 : 65535;
8078 : 65535;
8079 : 65535;
8080 : 65535;
8081 : 65535;
8082 : 65535;
8083 : 65535;
8084 : 65535;
8085 : 65535;
8086 : 65535;
8087 : 65535;
8088 : 65535;
8089 : 65535;
8090 : 65535;
8091 : 65535;
8092 : 65535;
8093 : 65535;
8094 : 65535;
8095 : 65535;
8096 : 65535;
8097 : 65535;
8098 : 65535;
8099 : 65535;
8100 : 65535;
8101 : 65535;
8102 : 65535;
8103 : 65535;
8104 : 65535;
8105 : 65535;
8106 : 65535;
8107 : 65535;
8108 : 65535;
8109 : 65535;
8110 : 65535;
8111 : 65535;
8112 : 65535;
8113 : 65535;
8114 : 65535;
8115 : 65535;
8116 : 65535;
8117 : 65535;
8118 : 65535;
8119 : 65535;
8120 : 65535;
8121 : 65535;
8122 : 65535;
8123 : 65535;
8124 : 65535;
8125 : 65535;
8126 : 65535;
8127 : 65535;
8128 : 65535;
8129 : 65535;
8130 : 65503;
8131 : 52337;
8132 : 41480;
8133 : 54255;
8134 : 56433;
8135 : 56401;
8136 : 56400;
8137 : 56400;
8138 : 56401;
8139 : 56400;
8140 : 56401;
8141 : 56401;
8142 : 56400;
8143 : 56401;
8144 : 54352;
8145 : 54352;
8146 : 54352;
8147 : 54320;
8148 : 54320;
8149 : 54320;
8150 : 54320;
8151 : 54320;
8152 : 54320;
8153 : 54352;
8154 : 54256;
8155 : 41382;
8156 : 52467;
8157 : 65535;
8158 : 65535;
8159 : 65535;
8160 : 65535;
8161 : 65535;
8162 : 65535;
8163 : 65535;
8164 : 65535;
8165 : 65535;
8166 : 65535;
8167 : 65535;
8168 : 65535;
8169 : 65535;
8170 : 65535;
8171 : 65535;
8172 : 65535;
8173 : 65535;
8174 : 65535;
8175 : 65535;
8176 : 65535;
8177 : 65535;
8178 : 65535;
8179 : 65535;
8180 : 65535;
8181 : 61211;
8182 : 28899;
8183 : 28769;
8184 : 39237;
8185 : 52110;
8186 : 52175;
8187 : 52142;
8188 : 52142;
8189 : 52142;
8190 : 52110;
8191 : 47884;
8192 : 45803;
8193 : 49997;
8194 : 50029;
8195 : 52077;
8196 : 52077;
8197 : 52078;
8198 : 49964;
8199 : 37156;
8200 : 28834;
8201 : 31012;
8202 : 61212;
8203 : 65535;
8204 : 65535;
8205 : 65535;
8206 : 65535;
8207 : 65535;
8208 : 65535;
8209 : 65535;
8210 : 65535;
8211 : 65535;
8212 : 65535;
8213 : 65535;
8214 : 65535;
8215 : 65535;
8216 : 65535;
8217 : 65535;
8218 : 65535;
8219 : 65535;
8220 : 65535;
8221 : 65535;
8222 : 65535;
8223 : 65535;
8224 : 65535;
8225 : 65535;
8226 : 65535;
8227 : 65535;
8228 : 65535;
8229 : 65535;
8230 : 65535;
8231 : 65535;
8232 : 65535;
8233 : 65535;
8234 : 65535;
8235 : 65535;
8236 : 65535;
8237 : 65535;
8238 : 65535;
8239 : 65535;
8240 : 65535;
8241 : 65535;
8242 : 65535;
8243 : 65535;
8244 : 65535;
8245 : 65535;
8246 : 65535;
8247 : 65535;
8248 : 65535;
8249 : 65535;
8250 : 65535;
8251 : 65535;
8252 : 65535;
8253 : 65535;
8254 : 65535;
8255 : 65535;
8256 : 65535;
8257 : 63325;
8258 : 45933;
8259 : 45641;
8260 : 56368;
8261 : 56401;
8262 : 54352;
8263 : 56400;
8264 : 54353;
8265 : 54353;
8266 : 54352;
8267 : 54352;
8268 : 54352;
8269 : 54352;
8270 : 54352;
8271 : 54352;
8272 : 54352;
8273 : 54352;
8274 : 54352;
8275 : 54320;
8276 : 54320;
8277 : 54320;
8278 : 54320;
8279 : 54320;
8280 : 54352;
8281 : 54255;
8282 : 41383;
8283 : 50289;
8284 : 65535;
8285 : 65535;
8286 : 65535;
8287 : 65535;
8288 : 65535;
8289 : 65535;
8290 : 65535;
8291 : 65535;
8292 : 65535;
8293 : 65535;
8294 : 65535;
8295 : 65535;
8296 : 65535;
8297 : 65535;
8298 : 65535;
8299 : 65535;
8300 : 65535;
8301 : 65535;
8302 : 65535;
8303 : 65535;
8304 : 65535;
8305 : 65535;
8306 : 65535;
8307 : 65535;
8308 : 65535;
8309 : 61276;
8310 : 31045;
8311 : 28802;
8312 : 39237;
8313 : 52109;
8314 : 52174;
8315 : 52142;
8316 : 52142;
8317 : 52142;
8318 : 52110;
8319 : 50061;
8320 : 43755;
8321 : 49964;
8322 : 50029;
8323 : 50029;
8324 : 50029;
8325 : 50061;
8326 : 49997;
8327 : 39237;
8328 : 30979;
8329 : 28996;
8330 : 59034;
8331 : 65535;
8332 : 65535;
8333 : 65535;
8334 : 65535;
8335 : 65535;
8336 : 65535;
8337 : 65535;
8338 : 65535;
8339 : 65535;
8340 : 65535;
8341 : 65535;
8342 : 65535;
8343 : 65535;
8344 : 65535;
8345 : 65535;
8346 : 65535;
8347 : 65535;
8348 : 65535;
8349 : 65535;
8350 : 65535;
8351 : 65535;
8352 : 65535;
8353 : 65535;
8354 : 65535;
8355 : 65535;
8356 : 65535;
8357 : 65535;
8358 : 65535;
8359 : 65535;
8360 : 65535;
8361 : 65535;
8362 : 65535;
8363 : 65535;
8364 : 65535;
8365 : 65535;
8366 : 65535;
8367 : 65535;
8368 : 65535;
8369 : 65535;
8370 : 65535;
8371 : 65535;
8372 : 65535;
8373 : 65535;
8374 : 65535;
8375 : 65535;
8376 : 65535;
8377 : 65535;
8378 : 65535;
8379 : 65535;
8380 : 65535;
8381 : 65535;
8382 : 65535;
8383 : 65535;
8384 : 63292;
8385 : 43690;
8386 : 47819;
8387 : 56401;
8388 : 54353;
8389 : 56400;
8390 : 54352;
8391 : 56368;
8392 : 54353;
8393 : 54353;
8394 : 56401;
8395 : 56401;
8396 : 56401;
8397 : 54353;
8398 : 54352;
8399 : 54352;
8400 : 54352;
8401 : 54320;
8402 : 54320;
8403 : 54320;
8404 : 54320;
8405 : 56368;
8406 : 54320;
8407 : 54353;
8408 : 54255;
8409 : 41382;
8410 : 50257;
8411 : 65535;
8412 : 65535;
8413 : 65535;
8414 : 65535;
8415 : 65535;
8416 : 65535;
8417 : 65535;
8418 : 65535;
8419 : 65535;
8420 : 65535;
8421 : 65535;
8422 : 65535;
8423 : 65535;
8424 : 65535;
8425 : 65535;
8426 : 65535;
8427 : 65535;
8428 : 65535;
8429 : 65535;
8430 : 65535;
8431 : 65535;
8432 : 65535;
8433 : 65535;
8434 : 65535;
8435 : 65535;
8436 : 65535;
8437 : 59131;
8438 : 31077;
8439 : 30947;
8440 : 39269;
8441 : 52110;
8442 : 52142;
8443 : 52142;
8444 : 52142;
8445 : 52142;
8446 : 52109;
8447 : 50126;
8448 : 45933;
8449 : 49964;
8450 : 50029;
8451 : 50029;
8452 : 50029;
8453 : 50029;
8454 : 49997;
8455 : 41317;
8456 : 31045;
8457 : 31077;
8458 : 59002;
8459 : 65535;
8460 : 65535;
8461 : 65535;
8462 : 65535;
8463 : 65535;
8464 : 65535;
8465 : 65535;
8466 : 65535;
8467 : 65535;
8468 : 65535;
8469 : 65535;
8470 : 65535;
8471 : 65535;
8472 : 65535;
8473 : 65535;
8474 : 65535;
8475 : 65535;
8476 : 65535;
8477 : 65535;
8478 : 65535;
8479 : 65535;
8480 : 65535;
8481 : 65535;
8482 : 65535;
8483 : 65535;
8484 : 65535;
8485 : 65535;
8486 : 65535;
8487 : 65535;
8488 : 65535;
8489 : 65535;
8490 : 65535;
8491 : 65535;
8492 : 65535;
8493 : 65535;
8494 : 65535;
8495 : 65535;
8496 : 65535;
8497 : 65535;
8498 : 65535;
8499 : 65535;
8500 : 65535;
8501 : 65535;
8502 : 65535;
8503 : 65535;
8504 : 65535;
8505 : 65535;
8506 : 65535;
8507 : 65535;
8508 : 65535;
8509 : 65535;
8510 : 65535;
8511 : 65438;
8512 : 43755;
8513 : 47851;
8514 : 56401;
8515 : 54353;
8516 : 54352;
8517 : 54352;
8518 : 54352;
8519 : 54352;
8520 : 54352;
8521 : 54320;
8522 : 54321;
8523 : 54321;
8524 : 54321;
8525 : 54320;
8526 : 54352;
8527 : 54320;
8528 : 54352;
8529 : 54352;
8530 : 54320;
8531 : 54320;
8532 : 54320;
8533 : 54321;
8534 : 54353;
8535 : 52110;
8536 : 39302;
8537 : 50257;
8538 : 65535;
8539 : 65535;
8540 : 65535;
8541 : 65535;
8542 : 65535;
8543 : 65535;
8544 : 65535;
8545 : 65535;
8546 : 65535;
8547 : 65535;
8548 : 65535;
8549 : 65535;
8550 : 65535;
8551 : 65535;
8552 : 65535;
8553 : 65535;
8554 : 65535;
8555 : 65535;
8556 : 65535;
8557 : 65535;
8558 : 65535;
8559 : 65535;
8560 : 65535;
8561 : 65535;
8562 : 65535;
8563 : 65535;
8564 : 65535;
8565 : 56986;
8566 : 29029;
8567 : 33060;
8568 : 41382;
8569 : 52142;
8570 : 52142;
8571 : 52142;
8572 : 52142;
8573 : 52142;
8574 : 52077;
8575 : 50223;
8576 : 48111;
8577 : 47884;
8578 : 50029;
8579 : 50029;
8580 : 50029;
8581 : 50029;
8582 : 50029;
8583 : 41318;
8584 : 33125;
8585 : 31142;
8586 : 56921;
8587 : 65535;
8588 : 65535;
8589 : 65535;
8590 : 65535;
8591 : 65535;
8592 : 65535;
8593 : 65535;
8594 : 65535;
8595 : 65535;
8596 : 65535;
8597 : 65535;
8598 : 65535;
8599 : 65535;
8600 : 65535;
8601 : 65535;
8602 : 65535;
8603 : 65535;
8604 : 65535;
8605 : 65535;
8606 : 65535;
8607 : 65535;
8608 : 65535;
8609 : 65535;
8610 : 65535;
8611 : 65535;
8612 : 65535;
8613 : 65535;
8614 : 65535;
8615 : 65535;
8616 : 65535;
8617 : 65535;
8618 : 65535;
8619 : 65535;
8620 : 65535;
8621 : 65535;
8622 : 65535;
8623 : 65535;
8624 : 65535;
8625 : 65535;
8626 : 65535;
8627 : 65535;
8628 : 65535;
8629 : 65535;
8630 : 65535;
8631 : 65535;
8632 : 65535;
8633 : 65535;
8634 : 65535;
8635 : 65535;
8636 : 65535;
8637 : 65535;
8638 : 65502;
8639 : 45932;
8640 : 47754;
8641 : 54353;
8642 : 54320;
8643 : 54321;
8644 : 54320;
8645 : 54320;
8646 : 54320;
8647 : 54320;
8648 : 54352;
8649 : 54320;
8650 : 54353;
8651 : 54353;
8652 : 54321;
8653 : 54352;
8654 : 54352;
8655 : 54320;
8656 : 54320;
8657 : 54320;
8658 : 54320;
8659 : 54320;
8660 : 54320;
8661 : 54320;
8662 : 47819;
8663 : 39335;
8664 : 52532;
8665 : 65535;
8666 : 65535;
8667 : 65535;
8668 : 65535;
8669 : 65535;
8670 : 65535;
8671 : 65535;
8672 : 65535;
8673 : 65535;
8674 : 65535;
8675 : 65535;
8676 : 65535;
8677 : 65535;
8678 : 65535;
8679 : 65535;
8680 : 65535;
8681 : 65535;
8682 : 65535;
8683 : 65535;
8684 : 65535;
8685 : 65535;
8686 : 65535;
8687 : 65535;
8688 : 65535;
8689 : 65535;
8690 : 65535;
8691 : 65535;
8692 : 65535;
8693 : 56921;
8694 : 29062;
8695 : 33125;
8696 : 41415;
8697 : 52142;
8698 : 52142;
8699 : 52142;
8700 : 52142;
8701 : 52142;
8702 : 50029;
8703 : 52401;
8704 : 50192;
8705 : 49900;
8706 : 49997;
8707 : 50029;
8708 : 50029;
8709 : 50029;
8710 : 52077;
8711 : 41350;
8712 : 33190;
8713 : 31174;
8714 : 54808;
8715 : 65535;
8716 : 65535;
8717 : 65535;
8718 : 65535;
8719 : 65535;
8720 : 65535;
8721 : 65535;
8722 : 65535;
8723 : 65535;
8724 : 65535;
8725 : 65535;
8726 : 65535;
8727 : 65535;
8728 : 65535;
8729 : 65535;
8730 : 65535;
8731 : 65535;
8732 : 65535;
8733 : 65535;
8734 : 65535;
8735 : 65535;
8736 : 65535;
8737 : 65535;
8738 : 65535;
8739 : 65535;
8740 : 65535;
8741 : 65535;
8742 : 65535;
8743 : 65535;
8744 : 65535;
8745 : 65535;
8746 : 65535;
8747 : 65535;
8748 : 65535;
8749 : 65535;
8750 : 65535;
8751 : 65535;
8752 : 65535;
8753 : 65535;
8754 : 65535;
8755 : 65535;
8756 : 65535;
8757 : 65535;
8758 : 65535;
8759 : 65535;
8760 : 65535;
8761 : 65535;
8762 : 65535;
8763 : 65535;
8764 : 65535;
8765 : 65535;
8766 : 48079;
8767 : 45673;
8768 : 54353;
8769 : 54320;
8770 : 54320;
8771 : 54320;
8772 : 54320;
8773 : 54320;
8774 : 54320;
8775 : 54320;
8776 : 54353;
8777 : 54320;
8778 : 54320;
8779 : 54320;
8780 : 54320;
8781 : 54320;
8782 : 54320;
8783 : 54320;
8784 : 54320;
8785 : 54320;
8786 : 54320;
8787 : 54352;
8788 : 54255;
8789 : 43528;
8790 : 41578;
8791 : 61082;
8792 : 65535;
8793 : 65535;
8794 : 65535;
8795 : 65535;
8796 : 65535;
8797 : 65535;
8798 : 65535;
8799 : 65535;
8800 : 65535;
8801 : 65535;
8802 : 65535;
8803 : 65535;
8804 : 65535;
8805 : 65535;
8806 : 65535;
8807 : 65535;
8808 : 65535;
8809 : 65535;
8810 : 65535;
8811 : 65535;
8812 : 65535;
8813 : 65535;
8814 : 65535;
8815 : 65535;
8816 : 65535;
8817 : 65535;
8818 : 65535;
8819 : 65535;
8820 : 65535;
8821 : 54775;
8822 : 29094;
8823 : 33125;
8824 : 43495;
8825 : 52142;
8826 : 52142;
8827 : 52142;
8828 : 52142;
8829 : 52142;
8830 : 49996;
8831 : 52466;
8832 : 52272;
8833 : 47819;
8834 : 49997;
8835 : 50029;
8836 : 50029;
8837 : 50029;
8838 : 52077;
8839 : 43431;
8840 : 33190;
8841 : 31207;
8842 : 52662;
8843 : 65535;
8844 : 65535;
8845 : 65535;
8846 : 65535;
8847 : 65535;
8848 : 65535;
8849 : 65535;
8850 : 65535;
8851 : 65535;
8852 : 65535;
8853 : 65535;
8854 : 65535;
8855 : 65535;
8856 : 65535;
8857 : 65535;
8858 : 65535;
8859 : 65535;
8860 : 65535;
8861 : 65535;
8862 : 65535;
8863 : 65535;
8864 : 65535;
8865 : 65535;
8866 : 65535;
8867 : 65535;
8868 : 65535;
8869 : 65535;
8870 : 65535;
8871 : 65535;
8872 : 65535;
8873 : 65535;
8874 : 65535;
8875 : 65535;
8876 : 65535;
8877 : 65535;
8878 : 65535;
8879 : 65535;
8880 : 65535;
8881 : 65535;
8882 : 65535;
8883 : 65535;
8884 : 65535;
8885 : 65535;
8886 : 65535;
8887 : 65535;
8888 : 65535;
8889 : 65535;
8890 : 65535;
8891 : 65535;
8892 : 65535;
8893 : 50322;
8894 : 43560;
8895 : 54320;
8896 : 54320;
8897 : 54320;
8898 : 54320;
8899 : 54320;
8900 : 54320;
8901 : 54320;
8902 : 54320;
8903 : 54320;
8904 : 54320;
8905 : 54320;
8906 : 54320;
8907 : 54320;
8908 : 54320;
8909 : 54320;
8910 : 54320;
8911 : 54320;
8912 : 54320;
8913 : 54320;
8914 : 54352;
8915 : 50029;
8916 : 39335;
8917 : 48112;
8918 : 65470;
8919 : 65535;
8920 : 65535;
8921 : 65535;
8922 : 65535;
8923 : 65535;
8924 : 65535;
8925 : 65535;
8926 : 65535;
8927 : 65535;
8928 : 65535;
8929 : 65535;
8930 : 65535;
8931 : 65535;
8932 : 65535;
8933 : 65535;
8934 : 65535;
8935 : 65535;
8936 : 65535;
8937 : 65535;
8938 : 65535;
8939 : 65535;
8940 : 65535;
8941 : 65535;
8942 : 65535;
8943 : 65535;
8944 : 65535;
8945 : 65535;
8946 : 65535;
8947 : 65535;
8948 : 65535;
8949 : 50582;
8950 : 31175;
8951 : 33158;
8952 : 43528;
8953 : 52143;
8954 : 52142;
8955 : 52142;
8956 : 52142;
8957 : 52142;
8958 : 49996;
8959 : 52564;
8960 : 50290;
8961 : 47819;
8962 : 49997;
8963 : 49997;
8964 : 50029;
8965 : 50029;
8966 : 52077;
8967 : 41415;
8968 : 35270;
8969 : 31239;
8970 : 50549;
8971 : 65535;
8972 : 65535;
8973 : 65535;
8974 : 65535;
8975 : 65535;
8976 : 65535;
8977 : 65535;
8978 : 65535;
8979 : 65535;
8980 : 65535;
8981 : 65535;
8982 : 65535;
8983 : 65535;
8984 : 65535;
8985 : 65535;
8986 : 65535;
8987 : 65535;
8988 : 65535;
8989 : 65535;
8990 : 65535;
8991 : 65535;
8992 : 65535;
8993 : 65535;
8994 : 65535;
8995 : 65535;
8996 : 65535;
8997 : 65535;
8998 : 65535;
8999 : 65535;
9000 : 65535;
9001 : 65535;
9002 : 65535;
9003 : 65535;
9004 : 65535;
9005 : 65535;
9006 : 65535;
9007 : 65535;
9008 : 65535;
9009 : 65535;
9010 : 65535;
9011 : 65535;
9012 : 65535;
9013 : 65535;
9014 : 65535;
9015 : 65535;
9016 : 65535;
9017 : 65535;
9018 : 65535;
9019 : 65535;
9020 : 61146;
9021 : 41480;
9022 : 54287;
9023 : 54320;
9024 : 54320;
9025 : 54320;
9026 : 54320;
9027 : 54320;
9028 : 54320;
9029 : 54320;
9030 : 54320;
9031 : 54320;
9032 : 54320;
9033 : 54320;
9034 : 54320;
9035 : 54320;
9036 : 54320;
9037 : 54320;
9038 : 54320;
9039 : 54320;
9040 : 54320;
9041 : 54320;
9042 : 45706;
9043 : 39399;
9044 : 54710;
9045 : 65535;
9046 : 65535;
9047 : 65535;
9048 : 65535;
9049 : 65535;
9050 : 65535;
9051 : 65535;
9052 : 65535;
9053 : 65535;
9054 : 65535;
9055 : 65535;
9056 : 65535;
9057 : 65535;
9058 : 65535;
9059 : 65535;
9060 : 65535;
9061 : 65535;
9062 : 65535;
9063 : 65535;
9064 : 65535;
9065 : 65535;
9066 : 65535;
9067 : 65535;
9068 : 65535;
9069 : 65535;
9070 : 65535;
9071 : 65535;
9072 : 65535;
9073 : 65535;
9074 : 65535;
9075 : 65535;
9076 : 65535;
9077 : 50516;
9078 : 31240;
9079 : 35206;
9080 : 45641;
9081 : 52143;
9082 : 52142;
9083 : 52142;
9084 : 52110;
9085 : 52110;
9086 : 49996;
9087 : 56790;
9088 : 52532;
9089 : 45771;
9090 : 49997;
9091 : 49997;
9092 : 49997;
9093 : 49997;
9094 : 50030;
9095 : 43528;
9096 : 35238;
9097 : 33352;
9098 : 46226;
9099 : 65535;
9100 : 65535;
9101 : 65535;
9102 : 65535;
9103 : 65535;
9104 : 65535;
9105 : 65535;
9106 : 65535;
9107 : 65535;
9108 : 65535;
9109 : 65535;
9110 : 65535;
9111 : 65535;
9112 : 65535;
9113 : 65535;
9114 : 65535;
9115 : 65535;
9116 : 65535;
9117 : 65535;
9118 : 65535;
9119 : 65535;
9120 : 65535;
9121 : 65535;
9122 : 65535;
9123 : 65535;
9124 : 65535;
9125 : 65535;
9126 : 65535;
9127 : 65535;
9128 : 65535;
9129 : 65535;
9130 : 65535;
9131 : 65535;
9132 : 65535;
9133 : 65535;
9134 : 65535;
9135 : 65535;
9136 : 65535;
9137 : 65535;
9138 : 65535;
9139 : 65535;
9140 : 65535;
9141 : 65535;
9142 : 65535;
9143 : 65535;
9144 : 65535;
9145 : 65535;
9146 : 65535;
9147 : 65535;
9148 : 48046;
9149 : 47851;
9150 : 54352;
9151 : 54320;
9152 : 54320;
9153 : 52272;
9154 : 54320;
9155 : 54320;
9156 : 54320;
9157 : 54320;
9158 : 54320;
9159 : 54320;
9160 : 54320;
9161 : 54320;
9162 : 54320;
9163 : 54320;
9164 : 54320;
9165 : 54320;
9166 : 54320;
9167 : 54352;
9168 : 52174;
9169 : 41415;
9170 : 43788;
9171 : 61211;
9172 : 65535;
9173 : 65535;
9174 : 65535;
9175 : 65535;
9176 : 65535;
9177 : 65535;
9178 : 65535;
9179 : 65535;
9180 : 65535;
9181 : 65535;
9182 : 65535;
9183 : 65535;
9184 : 65535;
9185 : 65535;
9186 : 65535;
9187 : 65535;
9188 : 65535;
9189 : 65535;
9190 : 65535;
9191 : 65535;
9192 : 65535;
9193 : 65535;
9194 : 65535;
9195 : 65535;
9196 : 65535;
9197 : 65535;
9198 : 65535;
9199 : 65535;
9200 : 65535;
9201 : 65535;
9202 : 65535;
9203 : 65535;
9204 : 65535;
9205 : 46291;
9206 : 33320;
9207 : 35206;
9208 : 45673;
9209 : 52143;
9210 : 52142;
9211 : 52142;
9212 : 52110;
9213 : 52110;
9214 : 47916;
9215 : 58903;
9216 : 56823;
9217 : 43690;
9218 : 49997;
9219 : 49997;
9220 : 49997;
9221 : 49997;
9222 : 50030;
9223 : 45673;
9224 : 37253;
9225 : 33385;
9226 : 41935;
9227 : 65535;
9228 : 65535;
9229 : 65535;
9230 : 65535;
9231 : 65535;
9232 : 65535;
9233 : 65535;
9234 : 65535;
9235 : 65535;
9236 : 65535;
9237 : 65535;
9238 : 65535;
9239 : 65535;
9240 : 65535;
9241 : 65535;
9242 : 65535;
9243 : 65535;
9244 : 65535;
9245 : 65535;
9246 : 65535;
9247 : 65535;
9248 : 65535;
9249 : 65535;
9250 : 65535;
9251 : 65535;
9252 : 65535;
9253 : 65535;
9254 : 65535;
9255 : 65535;
9256 : 65535;
9257 : 65535;
9258 : 65535;
9259 : 65535;
9260 : 65535;
9261 : 65535;
9262 : 65535;
9263 : 65535;
9264 : 65535;
9265 : 65535;
9266 : 65535;
9267 : 65535;
9268 : 65535;
9269 : 65535;
9270 : 65535;
9271 : 65535;
9272 : 65535;
9273 : 65535;
9274 : 65535;
9275 : 59001;
9276 : 41480;
9277 : 52240;
9278 : 52272;
9279 : 54288;
9280 : 52240;
9281 : 52240;
9282 : 52240;
9283 : 54320;
9284 : 54320;
9285 : 54320;
9286 : 54320;
9287 : 54320;
9288 : 54320;
9289 : 54320;
9290 : 54320;
9291 : 54320;
9292 : 54320;
9293 : 54320;
9294 : 54352;
9295 : 52077;
9296 : 37287;
9297 : 50354;
9298 : 65503;
9299 : 65535;
9300 : 65535;
9301 : 65535;
9302 : 65535;
9303 : 65535;
9304 : 65535;
9305 : 65535;
9306 : 65535;
9307 : 65535;
9308 : 65535;
9309 : 65535;
9310 : 65535;
9311 : 65535;
9312 : 65535;
9313 : 65535;
9314 : 65535;
9315 : 65535;
9316 : 65535;
9317 : 65535;
9318 : 65535;
9319 : 65535;
9320 : 65535;
9321 : 65535;
9322 : 65535;
9323 : 65535;
9324 : 65535;
9325 : 65535;
9326 : 65535;
9327 : 65535;
9328 : 65535;
9329 : 65535;
9330 : 65535;
9331 : 65535;
9332 : 65535;
9333 : 41967;
9334 : 33353;
9335 : 37222;
9336 : 47818;
9337 : 52142;
9338 : 52110;
9339 : 52110;
9340 : 52110;
9341 : 52110;
9342 : 47883;
9343 : 58968;
9344 : 61179;
9345 : 43690;
9346 : 49997;
9347 : 49997;
9348 : 49997;
9349 : 49997;
9350 : 50029;
9351 : 47819;
9352 : 37253;
9353 : 35466;
9354 : 37676;
9355 : 63390;
9356 : 65535;
9357 : 65535;
9358 : 65535;
9359 : 65535;
9360 : 65535;
9361 : 65535;
9362 : 65535;
9363 : 65535;
9364 : 65535;
9365 : 65535;
9366 : 65535;
9367 : 65535;
9368 : 65535;
9369 : 65535;
9370 : 65535;
9371 : 65535;
9372 : 65535;
9373 : 65535;
9374 : 65535;
9375 : 65535;
9376 : 65535;
9377 : 65535;
9378 : 65535;
9379 : 65535;
9380 : 65535;
9381 : 65535;
9382 : 65535;
9383 : 65535;
9384 : 65535;
9385 : 65535;
9386 : 65535;
9387 : 65535;
9388 : 65535;
9389 : 65535;
9390 : 65535;
9391 : 65535;
9392 : 65535;
9393 : 65535;
9394 : 65535;
9395 : 65535;
9396 : 65535;
9397 : 65535;
9398 : 65535;
9399 : 65535;
9400 : 65535;
9401 : 65535;
9402 : 65535;
9403 : 45901;
9404 : 47884;
9405 : 54320;
9406 : 52240;
9407 : 52240;
9408 : 52240;
9409 : 52240;
9410 : 52240;
9411 : 52240;
9412 : 54288;
9413 : 54320;
9414 : 54320;
9415 : 54320;
9416 : 54320;
9417 : 54320;
9418 : 54320;
9419 : 54320;
9420 : 54320;
9421 : 54320;
9422 : 49964;
9423 : 39302;
9424 : 54710;
9425 : 65535;
9426 : 65535;
9427 : 65535;
9428 : 65535;
9429 : 65535;
9430 : 65535;
9431 : 65535;
9432 : 65535;
9433 : 65535;
9434 : 65535;
9435 : 65535;
9436 : 65535;
9437 : 65535;
9438 : 65535;
9439 : 65535;
9440 : 65535;
9441 : 65535;
9442 : 65535;
9443 : 65535;
9444 : 65535;
9445 : 65535;
9446 : 65535;
9447 : 65535;
9448 : 65535;
9449 : 65535;
9450 : 65535;
9451 : 65535;
9452 : 65535;
9453 : 65535;
9454 : 65535;
9455 : 65535;
9456 : 65535;
9457 : 65535;
9458 : 65535;
9459 : 65535;
9460 : 63390;
9461 : 37676;
9462 : 35433;
9463 : 37221;
9464 : 49964;
9465 : 52142;
9466 : 50062;
9467 : 50062;
9468 : 50062;
9469 : 50062;
9470 : 45867;
9471 : 63259;
9472 : 65438;
9473 : 43787;
9474 : 47916;
9475 : 47949;
9476 : 49997;
9477 : 49997;
9478 : 50029;
9479 : 49964;
9480 : 39301;
9481 : 35466;
9482 : 35531;
9483 : 59131;
9484 : 65535;
9485 : 65535;
9486 : 65535;
9487 : 65535;
9488 : 65535;
9489 : 65535;
9490 : 65535;
9491 : 65535;
9492 : 65535;
9493 : 65535;
9494 : 65535;
9495 : 65535;
9496 : 65535;
9497 : 65535;
9498 : 65535;
9499 : 65535;
9500 : 65535;
9501 : 65535;
9502 : 65535;
9503 : 65535;
9504 : 65535;
9505 : 65535;
9506 : 65535;
9507 : 65535;
9508 : 65535;
9509 : 65535;
9510 : 65535;
9511 : 65535;
9512 : 65535;
9513 : 65535;
9514 : 65535;
9515 : 65535;
9516 : 65535;
9517 : 65535;
9518 : 65535;
9519 : 65535;
9520 : 65535;
9521 : 65535;
9522 : 65535;
9523 : 65535;
9524 : 65535;
9525 : 65535;
9526 : 65535;
9527 : 65535;
9528 : 65535;
9529 : 65535;
9530 : 56856;
9531 : 41480;
9532 : 54288;
9533 : 52240;
9534 : 52240;
9535 : 52240;
9536 : 52240;
9537 : 52240;
9538 : 52240;
9539 : 52240;
9540 : 52240;
9541 : 52272;
9542 : 52272;
9543 : 54320;
9544 : 52272;
9545 : 54320;
9546 : 52272;
9547 : 54288;
9548 : 52304;
9549 : 47851;
9550 : 39367;
9551 : 56888;
9552 : 65535;
9553 : 65535;
9554 : 65535;
9555 : 65535;
9556 : 65535;
9557 : 65535;
9558 : 65535;
9559 : 65535;
9560 : 65535;
9561 : 65535;
9562 : 65535;
9563 : 65535;
9564 : 65535;
9565 : 65535;
9566 : 65535;
9567 : 65535;
9568 : 65535;
9569 : 65535;
9570 : 65535;
9571 : 65535;
9572 : 65535;
9573 : 65535;
9574 : 65535;
9575 : 65535;
9576 : 65535;
9577 : 65535;
9578 : 65535;
9579 : 65535;
9580 : 65535;
9581 : 65535;
9582 : 65535;
9583 : 65535;
9584 : 65535;
9585 : 65535;
9586 : 65535;
9587 : 65535;
9588 : 59131;
9589 : 35531;
9590 : 35433;
9591 : 39302;
9592 : 50061;
9593 : 52110;
9594 : 50062;
9595 : 50062;
9596 : 50062;
9597 : 50029;
9598 : 48013;
9599 : 65470;
9600 : 65535;
9601 : 45998;
9602 : 47851;
9603 : 47949;
9604 : 49997;
9605 : 47949;
9606 : 47949;
9607 : 47949;
9608 : 39334;
9609 : 37481;
9610 : 35531;
9611 : 54808;
9612 : 65535;
9613 : 65535;
9614 : 65535;
9615 : 65535;
9616 : 65535;
9617 : 65535;
9618 : 65535;
9619 : 65535;
9620 : 65535;
9621 : 65535;
9622 : 65535;
9623 : 65535;
9624 : 65535;
9625 : 65535;
9626 : 65535;
9627 : 65535;
9628 : 65535;
9629 : 65535;
9630 : 65535;
9631 : 65535;
9632 : 65535;
9633 : 65535;
9634 : 65535;
9635 : 65535;
9636 : 65535;
9637 : 65535;
9638 : 65535;
9639 : 65535;
9640 : 65535;
9641 : 65535;
9642 : 65535;
9643 : 65535;
9644 : 65535;
9645 : 65535;
9646 : 65535;
9647 : 65535;
9648 : 65535;
9649 : 65535;
9650 : 65535;
9651 : 65535;
9652 : 65535;
9653 : 65535;
9654 : 65535;
9655 : 65535;
9656 : 65535;
9657 : 65503;
9658 : 43788;
9659 : 49964;
9660 : 52240;
9661 : 52240;
9662 : 52240;
9663 : 52240;
9664 : 52240;
9665 : 52240;
9666 : 52240;
9667 : 52240;
9668 : 52240;
9669 : 52240;
9670 : 52240;
9671 : 52240;
9672 : 52240;
9673 : 52240;
9674 : 52272;
9675 : 54320;
9676 : 49996;
9677 : 39400;
9678 : 59066;
9679 : 65535;
9680 : 65535;
9681 : 65535;
9682 : 65535;
9683 : 65535;
9684 : 65535;
9685 : 65535;
9686 : 65535;
9687 : 65535;
9688 : 65535;
9689 : 65535;
9690 : 65535;
9691 : 65535;
9692 : 65535;
9693 : 65535;
9694 : 65535;
9695 : 65535;
9696 : 65535;
9697 : 65535;
9698 : 65535;
9699 : 65535;
9700 : 65535;
9701 : 65535;
9702 : 65535;
9703 : 65535;
9704 : 65535;
9705 : 65535;
9706 : 65535;
9707 : 65535;
9708 : 65535;
9709 : 65535;
9710 : 65535;
9711 : 65535;
9712 : 65535;
9713 : 65535;
9714 : 65535;
9715 : 65535;
9716 : 54775;
9717 : 33483;
9718 : 37416;
9719 : 41415;
9720 : 50094;
9721 : 50062;
9722 : 50061;
9723 : 50062;
9724 : 50061;
9725 : 49996;
9726 : 50288;
9727 : 65535;
9728 : 65535;
9729 : 52402;
9730 : 45738;
9731 : 47948;
9732 : 47949;
9733 : 47949;
9734 : 47949;
9735 : 50029;
9736 : 41447;
9737 : 37416;
9738 : 35563;
9739 : 50484;
9740 : 65535;
9741 : 65535;
9742 : 65535;
9743 : 65535;
9744 : 65535;
9745 : 65535;
9746 : 65535;
9747 : 65535;
9748 : 65535;
9749 : 65535;
9750 : 65535;
9751 : 65535;
9752 : 65535;
9753 : 65535;
9754 : 65535;
9755 : 65535;
9756 : 65535;
9757 : 65535;
9758 : 65535;
9759 : 65535;
9760 : 65535;
9761 : 65535;
9762 : 65535;
9763 : 65535;
9764 : 65535;
9765 : 65535;
9766 : 65535;
9767 : 65535;
9768 : 65535;
9769 : 65535;
9770 : 65535;
9771 : 65535;
9772 : 65535;
9773 : 65535;
9774 : 65535;
9775 : 65535;
9776 : 65535;
9777 : 65535;
9778 : 65535;
9779 : 65535;
9780 : 65535;
9781 : 65535;
9782 : 65535;
9783 : 65535;
9784 : 65535;
9785 : 63292;
9786 : 41512;
9787 : 52207;
9788 : 52240;
9789 : 52240;
9790 : 52240;
9791 : 52240;
9792 : 52240;
9793 : 52240;
9794 : 52240;
9795 : 52240;
9796 : 52240;
9797 : 52240;
9798 : 52240;
9799 : 52240;
9800 : 52240;
9801 : 52240;
9802 : 52272;
9803 : 52207;
9804 : 37255;
9805 : 56856;
9806 : 65535;
9807 : 65535;
9808 : 65535;
9809 : 65535;
9810 : 65535;
9811 : 65535;
9812 : 65535;
9813 : 65535;
9814 : 65535;
9815 : 65535;
9816 : 65535;
9817 : 65535;
9818 : 65535;
9819 : 65535;
9820 : 65535;
9821 : 65535;
9822 : 65535;
9823 : 65535;
9824 : 65535;
9825 : 65535;
9826 : 65535;
9827 : 65535;
9828 : 65535;
9829 : 65535;
9830 : 65535;
9831 : 65535;
9832 : 65535;
9833 : 65535;
9834 : 65535;
9835 : 65535;
9836 : 65535;
9837 : 65535;
9838 : 65535;
9839 : 65535;
9840 : 65535;
9841 : 65535;
9842 : 65535;
9843 : 65535;
9844 : 48404;
9845 : 35531;
9846 : 37351;
9847 : 43592;
9848 : 50094;
9849 : 50062;
9850 : 50061;
9851 : 50062;
9852 : 50061;
9853 : 47883;
9854 : 54677;
9855 : 65535;
9856 : 65535;
9857 : 56791;
9858 : 43657;
9859 : 49997;
9860 : 47949;
9861 : 47949;
9862 : 47949;
9863 : 50029;
9864 : 43593;
9865 : 37351;
9866 : 35596;
9867 : 44113;
9868 : 65535;
9869 : 65535;
9870 : 65535;
9871 : 65535;
9872 : 65535;
9873 : 65535;
9874 : 65535;
9875 : 65535;
9876 : 65535;
9877 : 65535;
9878 : 65535;
9879 : 65535;
9880 : 65535;
9881 : 65535;
9882 : 65535;
9883 : 65535;
9884 : 65535;
9885 : 65535;
9886 : 65535;
9887 : 65535;
9888 : 65535;
9889 : 65535;
9890 : 65535;
9891 : 65535;
9892 : 65535;
9893 : 65535;
9894 : 65535;
9895 : 65535;
9896 : 65535;
9897 : 65535;
9898 : 65535;
9899 : 65535;
9900 : 65535;
9901 : 65535;
9902 : 65535;
9903 : 65535;
9904 : 65535;
9905 : 65535;
9906 : 65535;
9907 : 65535;
9908 : 65535;
9909 : 65535;
9910 : 65535;
9911 : 65535;
9912 : 65535;
9913 : 58969;
9914 : 41512;
9915 : 52240;
9916 : 52239;
9917 : 52239;
9918 : 52240;
9919 : 52240;
9920 : 52239;
9921 : 52239;
9922 : 52239;
9923 : 52240;
9924 : 52240;
9925 : 52240;
9926 : 52240;
9927 : 52240;
9928 : 52240;
9929 : 52240;
9930 : 52272;
9931 : 41480;
9932 : 50257;
9933 : 65535;
9934 : 65535;
9935 : 65535;
9936 : 65535;
9937 : 65535;
9938 : 65535;
9939 : 65535;
9940 : 65535;
9941 : 65535;
9942 : 65535;
9943 : 65535;
9944 : 65535;
9945 : 65535;
9946 : 65535;
9947 : 65535;
9948 : 65535;
9949 : 65535;
9950 : 65535;
9951 : 65535;
9952 : 65535;
9953 : 65535;
9954 : 65535;
9955 : 65535;
9956 : 65535;
9957 : 65535;
9958 : 65535;
9959 : 65535;
9960 : 65535;
9961 : 65535;
9962 : 65535;
9963 : 65535;
9964 : 65535;
9965 : 65535;
9966 : 65535;
9967 : 65535;
9968 : 65535;
9969 : 65535;
9970 : 65535;
9971 : 65535;
9972 : 42032;
9973 : 35563;
9974 : 37286;
9975 : 47819;
9976 : 50062;
9977 : 50062;
9978 : 50062;
9979 : 50029;
9980 : 50029;
9981 : 45802;
9982 : 59001;
9983 : 65535;
9984 : 65535;
9985 : 61146;
9986 : 43625;
9987 : 47917;
9988 : 47916;
9989 : 47916;
9990 : 47948;
9991 : 49997;
9992 : 47819;
9993 : 37254;
9994 : 37676;
9995 : 37773;
9996 : 61277;
9997 : 65535;
9998 : 65535;
9999 : 65535;
10000 : 65535;
10001 : 65535;
10002 : 65535;
10003 : 65535;
10004 : 65535;
10005 : 65535;
10006 : 65535;
10007 : 65535;
10008 : 65535;
10009 : 65535;
10010 : 65535;
10011 : 65535;
10012 : 65535;
10013 : 65535;
10014 : 65535;
10015 : 65535;
10016 : 65535;
10017 : 65535;
10018 : 65535;
10019 : 65535;
10020 : 65535;
10021 : 65535;
10022 : 65535;
10023 : 65535;
10024 : 65535;
10025 : 65535;
10026 : 65535;
10027 : 65535;
10028 : 65535;
10029 : 65535;
10030 : 65535;
10031 : 65535;
10032 : 65535;
10033 : 65535;
10034 : 65535;
10035 : 65535;
10036 : 65535;
10037 : 65535;
10038 : 65535;
10039 : 65535;
10040 : 65535;
10041 : 54613;
10042 : 43625;
10043 : 52272;
10044 : 52240;
10045 : 52239;
10046 : 52240;
10047 : 52208;
10048 : 52208;
10049 : 52239;
10050 : 52207;
10051 : 52207;
10052 : 52240;
10053 : 52240;
10054 : 52240;
10055 : 52240;
10056 : 52240;
10057 : 52272;
10058 : 47819;
10059 : 41610;
10060 : 65470;
10061 : 65535;
10062 : 65535;
10063 : 65535;
10064 : 65535;
10065 : 65535;
10066 : 65535;
10067 : 65535;
10068 : 65535;
10069 : 65535;
10070 : 65535;
10071 : 65535;
10072 : 65535;
10073 : 65535;
10074 : 65535;
10075 : 65535;
10076 : 65535;
10077 : 65535;
10078 : 65535;
10079 : 65535;
10080 : 65535;
10081 : 65535;
10082 : 65535;
10083 : 65535;
10084 : 65535;
10085 : 65535;
10086 : 65535;
10087 : 65535;
10088 : 65535;
10089 : 65535;
10090 : 65535;
10091 : 65535;
10092 : 65535;
10093 : 65535;
10094 : 65535;
10095 : 65535;
10096 : 65535;
10097 : 65535;
10098 : 65535;
10099 : 63357;
10100 : 37774;
10101 : 37611;
10102 : 37254;
10103 : 49996;
10104 : 50062;
10105 : 50062;
10106 : 50030;
10107 : 50029;
10108 : 50029;
10109 : 45835;
10110 : 63292;
10111 : 65535;
10112 : 65535;
10113 : 63390;
10114 : 43658;
10115 : 47916;
10116 : 47916;
10117 : 47949;
10118 : 47949;
10119 : 47949;
10120 : 47948;
10121 : 39302;
10122 : 39626;
10123 : 37676;
10124 : 54775;
10125 : 65535;
10126 : 65535;
10127 : 65535;
10128 : 65535;
10129 : 65535;
10130 : 65535;
10131 : 65535;
10132 : 65535;
10133 : 65535;
10134 : 65535;
10135 : 65535;
10136 : 65535;
10137 : 65535;
10138 : 65535;
10139 : 65535;
10140 : 65535;
10141 : 65535;
10142 : 65535;
10143 : 65535;
10144 : 65535;
10145 : 65535;
10146 : 65535;
10147 : 65535;
10148 : 65535;
10149 : 65535;
10150 : 65535;
10151 : 65535;
10152 : 65535;
10153 : 65535;
10154 : 65535;
10155 : 65535;
10156 : 65535;
10157 : 65535;
10158 : 65535;
10159 : 65535;
10160 : 65535;
10161 : 65535;
10162 : 65535;
10163 : 65535;
10164 : 65535;
10165 : 65535;
10166 : 65535;
10167 : 65535;
10168 : 65535;
10169 : 48177;
10170 : 39237;
10171 : 45770;
10172 : 50029;
10173 : 52207;
10174 : 52240;
10175 : 52240;
10176 : 52240;
10177 : 52207;
10178 : 52207;
10179 : 52239;
10180 : 52207;
10181 : 52207;
10182 : 52240;
10183 : 52240;
10184 : 52240;
10185 : 50062;
10186 : 39367;
10187 : 61114;
10188 : 65535;
10189 : 65535;
10190 : 65535;
10191 : 65535;
10192 : 65535;
10193 : 65535;
10194 : 65535;
10195 : 65535;
10196 : 65535;
10197 : 65535;
10198 : 65535;
10199 : 65535;
10200 : 65535;
10201 : 65535;
10202 : 65535;
10203 : 65535;
10204 : 65535;
10205 : 65535;
10206 : 65535;
10207 : 65535;
10208 : 65535;
10209 : 65535;
10210 : 65535;
10211 : 65535;
10212 : 65535;
10213 : 65535;
10214 : 65535;
10215 : 65535;
10216 : 65535;
10217 : 65535;
10218 : 65535;
10219 : 65535;
10220 : 65535;
10221 : 65535;
10222 : 65535;
10223 : 65535;
10224 : 65535;
10225 : 65535;
10226 : 65535;
10227 : 54840;
10228 : 37677;
10229 : 37546;
10230 : 39335;
10231 : 50029;
10232 : 50062;
10233 : 50029;
10234 : 50029;
10235 : 50029;
10236 : 47948;
10237 : 45933;
10238 : 65503;
10239 : 65535;
10240 : 65535;
10241 : 65535;
10242 : 46031;
10243 : 45771;
10244 : 47917;
10245 : 47916;
10246 : 47949;
10247 : 47949;
10248 : 47949;
10249 : 41480;
10250 : 37416;
10251 : 37741;
10252 : 46258;
10253 : 65535;
10254 : 65535;
10255 : 65535;
10256 : 65535;
10257 : 65535;
10258 : 65535;
10259 : 65535;
10260 : 65535;
10261 : 65535;
10262 : 65535;
10263 : 65535;
10264 : 65535;
10265 : 65535;
10266 : 65535;
10267 : 65535;
10268 : 65535;
10269 : 65535;
10270 : 65535;
10271 : 65535;
10272 : 65535;
10273 : 65535;
10274 : 65535;
10275 : 65535;
10276 : 65535;
10277 : 65535;
10278 : 65535;
10279 : 65535;
10280 : 65535;
10281 : 65535;
10282 : 65535;
10283 : 65535;
10284 : 65535;
10285 : 65535;
10286 : 65535;
10287 : 65535;
10288 : 65535;
10289 : 65535;
10290 : 65535;
10291 : 65535;
10292 : 65535;
10293 : 65535;
10294 : 65535;
10295 : 65535;
10296 : 65535;
10297 : 61211;
10298 : 52500;
10299 : 43886;
10300 : 39465;
10301 : 39335;
10302 : 39432;
10303 : 45770;
10304 : 47981;
10305 : 52175;
10306 : 52240;
10307 : 52240;
10308 : 52240;
10309 : 52207;
10310 : 52239;
10311 : 52239;
10312 : 52240;
10313 : 41512;
10314 : 52435;
10315 : 65535;
10316 : 65535;
10317 : 65535;
10318 : 65535;
10319 : 65535;
10320 : 65535;
10321 : 65535;
10322 : 65535;
10323 : 65535;
10324 : 65535;
10325 : 65535;
10326 : 65535;
10327 : 65535;
10328 : 65535;
10329 : 65535;
10330 : 65535;
10331 : 65535;
10332 : 65535;
10333 : 65535;
10334 : 65535;
10335 : 65535;
10336 : 65535;
10337 : 65535;
10338 : 65535;
10339 : 65535;
10340 : 65535;
10341 : 65535;
10342 : 65535;
10343 : 65535;
10344 : 65535;
10345 : 65535;
10346 : 65535;
10347 : 65535;
10348 : 65535;
10349 : 65535;
10350 : 65535;
10351 : 65535;
10352 : 65535;
10353 : 65535;
10354 : 65535;
10355 : 46290;
10356 : 37709;
10357 : 37384;
10358 : 43593;
10359 : 50062;
10360 : 50030;
10361 : 50029;
10362 : 50029;
10363 : 47981;
10364 : 47883;
10365 : 50256;
10366 : 65535;
10367 : 65535;
10368 : 65535;
10369 : 65535;
10370 : 54678;
10371 : 43625;
10372 : 47917;
10373 : 47916;
10374 : 47916;
10375 : 47948;
10376 : 47949;
10377 : 45771;
10378 : 37286;
10379 : 39789;
10380 : 41935;
10381 : 63325;
10382 : 65535;
10383 : 65535;
10384 : 65535;
10385 : 65535;
10386 : 65535;
10387 : 65535;
10388 : 65535;
10389 : 65535;
10390 : 65535;
10391 : 65535;
10392 : 65535;
10393 : 65535;
10394 : 65535;
10395 : 65535;
10396 : 65535;
10397 : 65535;
10398 : 65535;
10399 : 65535;
10400 : 65535;
10401 : 65535;
10402 : 65535;
10403 : 65535;
10404 : 65535;
10405 : 65535;
10406 : 65535;
10407 : 65535;
10408 : 65535;
10409 : 65535;
10410 : 65535;
10411 : 65535;
10412 : 65535;
10413 : 65535;
10414 : 65535;
10415 : 65535;
10416 : 65535;
10417 : 65535;
10418 : 65535;
10419 : 65535;
10420 : 65535;
10421 : 65535;
10422 : 65535;
10423 : 65535;
10424 : 65535;
10425 : 65535;
10426 : 65535;
10427 : 65535;
10428 : 65470;
10429 : 59034;
10430 : 52500;
10431 : 45901;
10432 : 39464;
10433 : 37286;
10434 : 41480;
10435 : 45738;
10436 : 50029;
10437 : 52207;
10438 : 52240;
10439 : 52240;
10440 : 50094;
10441 : 39400;
10442 : 63325;
10443 : 65535;
10444 : 65535;
10445 : 65535;
10446 : 65535;
10447 : 65535;
10448 : 65535;
10449 : 65535;
10450 : 65535;
10451 : 65535;
10452 : 65535;
10453 : 65535;
10454 : 65535;
10455 : 65535;
10456 : 65535;
10457 : 65535;
10458 : 65535;
10459 : 65535;
10460 : 65535;
10461 : 65535;
10462 : 65535;
10463 : 65535;
10464 : 65535;
10465 : 65535;
10466 : 65535;
10467 : 65535;
10468 : 65535;
10469 : 65535;
10470 : 65535;
10471 : 65535;
10472 : 65535;
10473 : 65535;
10474 : 65535;
10475 : 65535;
10476 : 65535;
10477 : 65535;
10478 : 65535;
10479 : 65535;
10480 : 65535;
10481 : 65535;
10482 : 63325;
10483 : 39887;
10484 : 37708;
10485 : 37254;
10486 : 47884;
10487 : 50061;
10488 : 47981;
10489 : 47981;
10490 : 47981;
10491 : 47981;
10492 : 45770;
10493 : 56790;
10494 : 65535;
10495 : 65535;
10496 : 65535;
10497 : 65535;
10498 : 63324;
10499 : 41610;
10500 : 47916;
10501 : 47916;
10502 : 47916;
10503 : 47948;
10504 : 47949;
10505 : 47916;
10506 : 39334;
10507 : 39724;
10508 : 39822;
10509 : 54872;
10510 : 65535;
10511 : 65535;
10512 : 65535;
10513 : 65535;
10514 : 65535;
10515 : 65535;
10516 : 65535;
10517 : 65535;
10518 : 65535;
10519 : 65535;
10520 : 65535;
10521 : 65535;
10522 : 65535;
10523 : 65535;
10524 : 65535;
10525 : 65535;
10526 : 65535;
10527 : 65535;
10528 : 65535;
10529 : 65535;
10530 : 65535;
10531 : 65535;
10532 : 65535;
10533 : 65535;
10534 : 65535;
10535 : 65535;
10536 : 65535;
10537 : 65535;
10538 : 65535;
10539 : 65535;
10540 : 65535;
10541 : 65535;
10542 : 65535;
10543 : 65535;
10544 : 65535;
10545 : 65535;
10546 : 65535;
10547 : 65535;
10548 : 65535;
10549 : 65535;
10550 : 65535;
10551 : 65535;
10552 : 65535;
10553 : 65535;
10554 : 65535;
10555 : 65535;
10556 : 65535;
10557 : 65535;
10558 : 65535;
10559 : 65535;
10560 : 65470;
10561 : 59034;
10562 : 52500;
10563 : 45901;
10564 : 39464;
10565 : 39335;
10566 : 41480;
10567 : 45771;
10568 : 43560;
10569 : 48111;
10570 : 65535;
10571 : 65535;
10572 : 65535;
10573 : 65535;
10574 : 65535;
10575 : 65535;
10576 : 65535;
10577 : 65535;
10578 : 65535;
10579 : 65535;
10580 : 65535;
10581 : 65535;
10582 : 65535;
10583 : 65535;
10584 : 65535;
10585 : 65535;
10586 : 65535;
10587 : 65535;
10588 : 65535;
10589 : 65535;
10590 : 65535;
10591 : 65535;
10592 : 65535;
10593 : 65535;
10594 : 65535;
10595 : 65535;
10596 : 65535;
10597 : 65535;
10598 : 65535;
10599 : 65535;
10600 : 65535;
10601 : 65535;
10602 : 65535;
10603 : 65535;
10604 : 65535;
10605 : 65535;
10606 : 65535;
10607 : 65535;
10608 : 65535;
10609 : 65535;
10610 : 54840;
10611 : 37774;
10612 : 37611;
10613 : 39334;
10614 : 50029;
10615 : 47981;
10616 : 47981;
10617 : 47981;
10618 : 47981;
10619 : 47949;
10620 : 45867;
10621 : 63357;
10622 : 65535;
10623 : 65535;
10624 : 65535;
10625 : 65535;
10626 : 65535;
10627 : 45998;
10628 : 45771;
10629 : 47916;
10630 : 47916;
10631 : 47916;
10632 : 47949;
10633 : 47981;
10634 : 41480;
10635 : 39529;
10636 : 39854;
10637 : 46323;
10638 : 65535;
10639 : 65535;
10640 : 65535;
10641 : 65535;
10642 : 65535;
10643 : 65535;
10644 : 65535;
10645 : 65535;
10646 : 65535;
10647 : 65535;
10648 : 65535;
10649 : 65535;
10650 : 65535;
10651 : 65535;
10652 : 65535;
10653 : 65535;
10654 : 65535;
10655 : 65535;
10656 : 65535;
10657 : 65535;
10658 : 65535;
10659 : 65535;
10660 : 65535;
10661 : 65535;
10662 : 65535;
10663 : 65535;
10664 : 65535;
10665 : 65535;
10666 : 65535;
10667 : 65535;
10668 : 65535;
10669 : 65535;
10670 : 65535;
10671 : 65535;
10672 : 65535;
10673 : 65535;
10674 : 65535;
10675 : 65535;
10676 : 65535;
10677 : 65535;
10678 : 65535;
10679 : 65535;
10680 : 65535;
10681 : 65535;
10682 : 65535;
10683 : 65535;
10684 : 65535;
10685 : 65535;
10686 : 65535;
10687 : 65535;
10688 : 65535;
10689 : 65535;
10690 : 65535;
10691 : 65535;
10692 : 65470;
10693 : 59034;
10694 : 52467;
10695 : 43853;
10696 : 37416;
10697 : 61114;
10698 : 65535;
10699 : 65535;
10700 : 65535;
10701 : 65535;
10702 : 65535;
10703 : 65535;
10704 : 65535;
10705 : 65535;
10706 : 65535;
10707 : 65535;
10708 : 65535;
10709 : 65535;
10710 : 65535;
10711 : 65535;
10712 : 65535;
10713 : 65535;
10714 : 65535;
10715 : 65535;
10716 : 65535;
10717 : 65535;
10718 : 65535;
10719 : 65535;
10720 : 65535;
10721 : 65535;
10722 : 65535;
10723 : 65535;
10724 : 65535;
10725 : 65535;
10726 : 65535;
10727 : 65535;
10728 : 65535;
10729 : 65535;
10730 : 65535;
10731 : 65535;
10732 : 65535;
10733 : 65535;
10734 : 65535;
10735 : 65535;
10736 : 65535;
10737 : 65535;
10738 : 46291;
10739 : 39854;
10740 : 37384;
10741 : 43593;
10742 : 50061;
10743 : 47981;
10744 : 47981;
10745 : 47981;
10746 : 47981;
10747 : 45836;
10748 : 50256;
10749 : 65535;
10750 : 65535;
10751 : 65535;
10752 : 65535;
10753 : 65535;
10754 : 65535;
10755 : 54678;
10756 : 41545;
10757 : 47916;
10758 : 47916;
10759 : 47916;
10760 : 47949;
10761 : 47949;
10762 : 45738;
10763 : 37287;
10764 : 41902;
10765 : 41999;
10766 : 61276;
10767 : 65535;
10768 : 65535;
10769 : 65535;
10770 : 65535;
10771 : 65535;
10772 : 65535;
10773 : 65535;
10774 : 65535;
10775 : 65535;
10776 : 65535;
10777 : 65535;
10778 : 65535;
10779 : 65535;
10780 : 65535;
10781 : 65535;
10782 : 65535;
10783 : 65535;
10784 : 65535;
10785 : 65535;
10786 : 65535;
10787 : 65535;
10788 : 65535;
10789 : 65535;
10790 : 65535;
10791 : 65535;
10792 : 65535;
10793 : 65535;
10794 : 65535;
10795 : 65535;
10796 : 65535;
10797 : 65535;
10798 : 65535;
10799 : 65535;
10800 : 65535;
10801 : 65535;
10802 : 65535;
10803 : 65535;
10804 : 65535;
10805 : 65535;
10806 : 65535;
10807 : 65535;
10808 : 65535;
10809 : 65535;
10810 : 65535;
10811 : 65535;
10812 : 65535;
10813 : 65535;
10814 : 65535;
10815 : 65535;
10816 : 65535;
10817 : 65535;
10818 : 65535;
10819 : 65535;
10820 : 65535;
10821 : 65535;
10822 : 65535;
10823 : 65535;
10824 : 65470;
10825 : 65535;
10826 : 65535;
10827 : 65535;
10828 : 65535;
10829 : 65535;
10830 : 65535;
10831 : 65535;
10832 : 65535;
10833 : 65535;
10834 : 65535;
10835 : 65535;
10836 : 65535;
10837 : 65535;
10838 : 65535;
10839 : 65535;
10840 : 65535;
10841 : 65535;
10842 : 65535;
10843 : 65535;
10844 : 65535;
10845 : 65535;
10846 : 65535;
10847 : 65535;
10848 : 65535;
10849 : 65535;
10850 : 65535;
10851 : 65535;
10852 : 65535;
10853 : 65535;
10854 : 65535;
10855 : 65535;
10856 : 65535;
10857 : 65535;
10858 : 65535;
10859 : 65535;
10860 : 65535;
10861 : 65535;
10862 : 65535;
10863 : 65535;
10864 : 65535;
10865 : 61245;
10866 : 39920;
10867 : 39790;
10868 : 37253;
10869 : 47884;
10870 : 47981;
10871 : 47981;
10872 : 47981;
10873 : 47981;
10874 : 47981;
10875 : 43690;
10876 : 56823;
10877 : 65535;
10878 : 65535;
10879 : 65535;
10880 : 65535;
10881 : 65535;
10882 : 65535;
10883 : 63293;
10884 : 41578;
10885 : 47884;
10886 : 47916;
10887 : 47917;
10888 : 47916;
10889 : 47917;
10890 : 47916;
10891 : 37254;
10892 : 41772;
10893 : 39887;
10894 : 52662;
10895 : 65535;
10896 : 65535;
10897 : 65535;
10898 : 65535;
10899 : 65535;
10900 : 65535;
10901 : 65535;
10902 : 65535;
10903 : 65535;
10904 : 65535;
10905 : 65535;
10906 : 65535;
10907 : 65535;
10908 : 65535;
10909 : 65535;
10910 : 65535;
10911 : 65535;
10912 : 65535;
10913 : 65535;
10914 : 65535;
10915 : 65535;
10916 : 65535;
10917 : 65535;
10918 : 65535;
10919 : 65535;
10920 : 65535;
10921 : 65535;
10922 : 65535;
10923 : 65535;
10924 : 65535;
10925 : 65535;
10926 : 65535;
10927 : 65535;
10928 : 65535;
10929 : 65535;
10930 : 65535;
10931 : 65535;
10932 : 65535;
10933 : 65535;
10934 : 65535;
10935 : 65535;
10936 : 65535;
10937 : 65535;
10938 : 65535;
10939 : 65535;
10940 : 65535;
10941 : 65535;
10942 : 65535;
10943 : 65535;
10944 : 65535;
10945 : 65535;
10946 : 65535;
10947 : 65535;
10948 : 65535;
10949 : 65535;
10950 : 65535;
10951 : 65535;
10952 : 65535;
10953 : 65535;
10954 : 65535;
10955 : 65535;
10956 : 65535;
10957 : 65535;
10958 : 65535;
10959 : 65535;
10960 : 65535;
10961 : 65535;
10962 : 65535;
10963 : 65535;
10964 : 65535;
10965 : 65535;
10966 : 65535;
10967 : 65535;
10968 : 65535;
10969 : 65535;
10970 : 65535;
10971 : 65535;
10972 : 65535;
10973 : 65535;
10974 : 65535;
10975 : 65535;
10976 : 65535;
10977 : 65535;
10978 : 65535;
10979 : 65535;
10980 : 65535;
10981 : 65535;
10982 : 65535;
10983 : 65535;
10984 : 65535;
10985 : 65535;
10986 : 65535;
10987 : 65535;
10988 : 65535;
10989 : 65535;
10990 : 65535;
10991 : 65535;
10992 : 65535;
10993 : 52663;
10994 : 39887;
10995 : 39659;
10996 : 39334;
10997 : 50030;
10998 : 47981;
10999 : 47981;
11000 : 47949;
11001 : 47949;
11002 : 47917;
11003 : 43787;
11004 : 63357;
11005 : 65535;
11006 : 65535;
11007 : 65535;
11008 : 65535;
11009 : 65535;
11010 : 65535;
11011 : 65535;
11012 : 45966;
11013 : 45770;
11014 : 45868;
11015 : 45868;
11016 : 47916;
11017 : 47916;
11018 : 47949;
11019 : 43592;
11020 : 37383;
11021 : 41968;
11022 : 44080;
11023 : 63357;
11024 : 65535;
11025 : 65535;
11026 : 65535;
11027 : 65535;
11028 : 65535;
11029 : 65535;
11030 : 65535;
11031 : 65535;
11032 : 65535;
11033 : 65535;
11034 : 65535;
11035 : 65535;
11036 : 65535;
11037 : 65535;
11038 : 65535;
11039 : 65535;
11040 : 65535;
11041 : 65535;
11042 : 65535;
11043 : 65535;
11044 : 65535;
11045 : 65535;
11046 : 65535;
11047 : 65535;
11048 : 65535;
11049 : 65535;
11050 : 65535;
11051 : 65535;
11052 : 65535;
11053 : 65535;
11054 : 65535;
11055 : 65535;
11056 : 65535;
11057 : 65535;
11058 : 65535;
11059 : 65535;
11060 : 65535;
11061 : 65535;
11062 : 65535;
11063 : 65535;
11064 : 65535;
11065 : 65535;
11066 : 65535;
11067 : 65535;
11068 : 65535;
11069 : 65535;
11070 : 65535;
11071 : 65535;
11072 : 65535;
11073 : 65535;
11074 : 65535;
11075 : 65535;
11076 : 65535;
11077 : 65535;
11078 : 65535;
11079 : 65535;
11080 : 65535;
11081 : 65535;
11082 : 65535;
11083 : 65535;
11084 : 65535;
11085 : 65535;
11086 : 65535;
11087 : 65535;
11088 : 65535;
11089 : 65535;
11090 : 65535;
11091 : 65535;
11092 : 65535;
11093 : 65535;
11094 : 65535;
11095 : 65535;
11096 : 65535;
11097 : 65535;
11098 : 65535;
11099 : 65535;
11100 : 65535;
11101 : 65535;
11102 : 65535;
11103 : 65535;
11104 : 65535;
11105 : 65535;
11106 : 65535;
11107 : 65535;
11108 : 65535;
11109 : 65535;
11110 : 65535;
11111 : 65535;
11112 : 65535;
11113 : 65535;
11114 : 65535;
11115 : 65535;
11116 : 65535;
11117 : 65535;
11118 : 65535;
11119 : 65535;
11120 : 63357;
11121 : 42065;
11122 : 41935;
11123 : 37319;
11124 : 43658;
11125 : 50030;
11126 : 47981;
11127 : 47949;
11128 : 47949;
11129 : 47949;
11130 : 45803;
11131 : 48240;
11132 : 65535;
11133 : 65535;
11134 : 65535;
11135 : 65535;
11136 : 65535;
11137 : 65535;
11138 : 65535;
11139 : 65535;
11140 : 54645;
11141 : 41513;
11142 : 47916;
11143 : 47916;
11144 : 45868;
11145 : 47916;
11146 : 45900;
11147 : 47916;
11148 : 39269;
11149 : 41837;
11150 : 41999;
11151 : 52694;
11152 : 65535;
11153 : 65535;
11154 : 65535;
11155 : 65535;
11156 : 65535;
11157 : 65535;
11158 : 65535;
11159 : 65535;
11160 : 65535;
11161 : 65535;
11162 : 65535;
11163 : 65535;
11164 : 65535;
11165 : 65535;
11166 : 65535;
11167 : 65535;
11168 : 65535;
11169 : 65535;
11170 : 65535;
11171 : 65535;
11172 : 65535;
11173 : 65535;
11174 : 65535;
11175 : 65535;
11176 : 65535;
11177 : 65535;
11178 : 65535;
11179 : 65535;
11180 : 65535;
11181 : 65535;
11182 : 65535;
11183 : 65535;
11184 : 65535;
11185 : 65535;
11186 : 65535;
11187 : 65535;
11188 : 65535;
11189 : 65535;
11190 : 65535;
11191 : 65535;
11192 : 65535;
11193 : 65535;
11194 : 65535;
11195 : 65535;
11196 : 65535;
11197 : 65535;
11198 : 65535;
11199 : 65535;
11200 : 65535;
11201 : 65535;
11202 : 65535;
11203 : 65535;
11204 : 65535;
11205 : 65535;
11206 : 65535;
11207 : 65535;
11208 : 65535;
11209 : 65535;
11210 : 65535;
11211 : 65535;
11212 : 65535;
11213 : 65535;
11214 : 65535;
11215 : 65535;
11216 : 65535;
11217 : 65535;
11218 : 65535;
11219 : 65535;
11220 : 65535;
11221 : 65535;
11222 : 65535;
11223 : 65535;
11224 : 65535;
11225 : 65535;
11226 : 65535;
11227 : 65535;
11228 : 65535;
11229 : 65535;
11230 : 65535;
11231 : 65535;
11232 : 65535;
11233 : 65535;
11234 : 65535;
11235 : 65535;
11236 : 65535;
11237 : 65535;
11238 : 65535;
11239 : 65535;
11240 : 65535;
11241 : 65535;
11242 : 65535;
11243 : 65535;
11244 : 65535;
11245 : 65535;
11246 : 65535;
11247 : 65535;
11248 : 52695;
11249 : 39919;
11250 : 39724;
11251 : 39270;
11252 : 47981;
11253 : 47949;
11254 : 47949;
11255 : 47949;
11256 : 47949;
11257 : 47949;
11258 : 43657;
11259 : 56888;
11260 : 65535;
11261 : 65535;
11262 : 65535;
11263 : 65535;
11264 : 65535;
11265 : 65535;
11266 : 65535;
11267 : 65535;
11268 : 63357;
11269 : 41610;
11270 : 45835;
11271 : 47916;
11272 : 45868;
11273 : 45868;
11274 : 45868;
11275 : 47949;
11276 : 41545;
11277 : 39464;
11278 : 44080;
11279 : 44177;
11280 : 63390;
11281 : 65535;
11282 : 65535;
11283 : 65535;
11284 : 65535;
11285 : 65535;
11286 : 65535;
11287 : 65535;
11288 : 65535;
11289 : 65535;
11290 : 65535;
11291 : 65535;
11292 : 65535;
11293 : 65535;
11294 : 65535;
11295 : 65535;
11296 : 65535;
11297 : 65535;
11298 : 65535;
11299 : 65535;
11300 : 65535;
11301 : 65535;
11302 : 65535;
11303 : 65535;
11304 : 65535;
11305 : 65535;
11306 : 65535;
11307 : 65535;
11308 : 65535;
11309 : 65535;
11310 : 65535;
11311 : 65535;
11312 : 65535;
11313 : 65535;
11314 : 65535;
11315 : 65535;
11316 : 65535;
11317 : 65535;
11318 : 65535;
11319 : 65535;
11320 : 65535;
11321 : 65535;
11322 : 65535;
11323 : 65535;
11324 : 65535;
11325 : 65535;
11326 : 65535;
11327 : 65535;
11328 : 65535;
11329 : 65535;
11330 : 65535;
11331 : 65535;
11332 : 65535;
11333 : 65535;
11334 : 65535;
11335 : 65535;
11336 : 65535;
11337 : 65535;
11338 : 65535;
11339 : 65535;
11340 : 65535;
11341 : 65535;
11342 : 65535;
11343 : 65535;
11344 : 65535;
11345 : 65535;
11346 : 65535;
11347 : 65535;
11348 : 65535;
11349 : 65535;
11350 : 65535;
11351 : 65535;
11352 : 65535;
11353 : 65535;
11354 : 65535;
11355 : 65535;
11356 : 65535;
11357 : 65535;
11358 : 65535;
11359 : 65535;
11360 : 65535;
11361 : 65535;
11362 : 65535;
11363 : 65535;
11364 : 65535;
11365 : 65535;
11366 : 65535;
11367 : 65535;
11368 : 65535;
11369 : 65535;
11370 : 65535;
11371 : 65535;
11372 : 65535;
11373 : 65535;
11374 : 65535;
11375 : 63357;
11376 : 44145;
11377 : 41999;
11378 : 37319;
11379 : 43657;
11380 : 47981;
11381 : 47949;
11382 : 47949;
11383 : 47949;
11384 : 47949;
11385 : 47884;
11386 : 43755;
11387 : 65438;
11388 : 65535;
11389 : 65535;
11390 : 65535;
11391 : 65535;
11392 : 65535;
11393 : 65535;
11394 : 65535;
11395 : 65535;
11396 : 65535;
11397 : 50387;
11398 : 41545;
11399 : 45868;
11400 : 45836;
11401 : 45868;
11402 : 45868;
11403 : 45869;
11404 : 45836;
11405 : 39269;
11406 : 43918;
11407 : 44080;
11408 : 54808;
11409 : 65535;
11410 : 65535;
11411 : 65535;
11412 : 65535;
11413 : 65535;
11414 : 65535;
11415 : 65535;
11416 : 65535;
11417 : 65535;
11418 : 65535;
11419 : 65535;
11420 : 65535;
11421 : 65535;
11422 : 65535;
11423 : 65535;
11424 : 65535;
11425 : 65535;
11426 : 65535;
11427 : 65535;
11428 : 65535;
11429 : 65535;
11430 : 65535;
11431 : 65535;
11432 : 65535;
11433 : 65535;
11434 : 65535;
11435 : 65535;
11436 : 65535;
11437 : 65535;
11438 : 65535;
11439 : 65535;
11440 : 65535;
11441 : 65535;
11442 : 65535;
11443 : 65535;
11444 : 65535;
11445 : 65535;
11446 : 65535;
11447 : 65535;
11448 : 65535;
11449 : 65535;
11450 : 65535;
11451 : 65535;
11452 : 65535;
11453 : 65535;
11454 : 65535;
11455 : 65535;
11456 : 65535;
11457 : 65535;
11458 : 65535;
11459 : 65535;
11460 : 65535;
11461 : 65535;
11462 : 65535;
11463 : 65535;
11464 : 65535;
11465 : 65535;
11466 : 65535;
11467 : 65535;
11468 : 65535;
11469 : 65535;
11470 : 65535;
11471 : 65535;
11472 : 65535;
11473 : 65535;
11474 : 65535;
11475 : 65535;
11476 : 65535;
11477 : 65535;
11478 : 65535;
11479 : 65535;
11480 : 65535;
11481 : 65535;
11482 : 65535;
11483 : 65535;
11484 : 65535;
11485 : 65535;
11486 : 65535;
11487 : 65535;
11488 : 65535;
11489 : 65535;
11490 : 65535;
11491 : 65535;
11492 : 65535;
11493 : 65535;
11494 : 65535;
11495 : 65535;
11496 : 65535;
11497 : 65535;
11498 : 65535;
11499 : 65535;
11500 : 65535;
11501 : 65535;
11502 : 65535;
11503 : 52727;
11504 : 42000;
11505 : 39757;
11506 : 37254;
11507 : 47948;
11508 : 47949;
11509 : 47949;
11510 : 45933;
11511 : 47949;
11512 : 47949;
11513 : 43658;
11514 : 52467;
11515 : 65535;
11516 : 65535;
11517 : 65535;
11518 : 65535;
11519 : 65535;
11520 : 65535;
11521 : 65535;
11522 : 65535;
11523 : 65535;
11524 : 65535;
11525 : 63325;
11526 : 41577;
11527 : 45803;
11528 : 45868;
11529 : 45868;
11530 : 45868;
11531 : 45868;
11532 : 47949;
11533 : 41512;
11534 : 39497;
11535 : 44144;
11536 : 46258;
11537 : 63390;
11538 : 65535;
11539 : 65535;
11540 : 65535;
11541 : 65535;
11542 : 65535;
11543 : 65535;
11544 : 65535;
11545 : 65535;
11546 : 65535;
11547 : 65535;
11548 : 65535;
11549 : 65535;
11550 : 65535;
11551 : 65535;
11552 : 65535;
11553 : 65535;
11554 : 65535;
11555 : 65535;
11556 : 65535;
11557 : 65535;
11558 : 65535;
11559 : 65535;
11560 : 65535;
11561 : 65535;
11562 : 65535;
11563 : 65535;
11564 : 65535;
11565 : 65535;
11566 : 65535;
11567 : 65535;
11568 : 65535;
11569 : 65535;
11570 : 65535;
11571 : 65535;
11572 : 65535;
11573 : 65535;
11574 : 65535;
11575 : 65535;
11576 : 65535;
11577 : 65535;
11578 : 65535;
11579 : 65535;
11580 : 65535;
11581 : 65535;
11582 : 65503;
11583 : 65502;
11584 : 65502;
11585 : 65503;
11586 : 65535;
11587 : 65535;
11588 : 65535;
11589 : 65535;
11590 : 65535;
11591 : 65535;
11592 : 65535;
11593 : 65535;
11594 : 65535;
11595 : 65535;
11596 : 65535;
11597 : 65535;
11598 : 65535;
11599 : 65535;
11600 : 65535;
11601 : 65535;
11602 : 65535;
11603 : 65535;
11604 : 65535;
11605 : 65535;
11606 : 65535;
11607 : 65535;
11608 : 65535;
11609 : 65535;
11610 : 65535;
11611 : 65535;
11612 : 65535;
11613 : 65535;
11614 : 65535;
11615 : 65535;
11616 : 65535;
11617 : 65535;
11618 : 65535;
11619 : 65535;
11620 : 65535;
11621 : 65535;
11622 : 65535;
11623 : 65535;
11624 : 65535;
11625 : 65535;
11626 : 65535;
11627 : 65535;
11628 : 65535;
11629 : 65535;
11630 : 63357;
11631 : 44146;
11632 : 42032;
11633 : 37319;
11634 : 43658;
11635 : 47981;
11636 : 47949;
11637 : 47949;
11638 : 45901;
11639 : 47917;
11640 : 47916;
11641 : 41642;
11642 : 63357;
11643 : 65535;
11644 : 65535;
11645 : 65535;
11646 : 65535;
11647 : 65535;
11648 : 65535;
11649 : 65535;
11650 : 65535;
11651 : 65535;
11652 : 65535;
11653 : 65535;
11654 : 50322;
11655 : 41577;
11656 : 45868;
11657 : 45836;
11658 : 45868;
11659 : 45868;
11660 : 45869;
11661 : 45835;
11662 : 37254;
11663 : 43982;
11664 : 44145;
11665 : 52662;
11666 : 65535;
11667 : 65535;
11668 : 65535;
11669 : 65535;
11670 : 65535;
11671 : 65535;
11672 : 65535;
11673 : 65535;
11674 : 65535;
11675 : 65535;
11676 : 65535;
11677 : 65535;
11678 : 65535;
11679 : 65535;
11680 : 65535;
11681 : 65535;
11682 : 65535;
11683 : 65535;
11684 : 65535;
11685 : 65535;
11686 : 65535;
11687 : 65535;
11688 : 65535;
11689 : 65535;
11690 : 65535;
11691 : 65535;
11692 : 65535;
11693 : 65535;
11694 : 65535;
11695 : 65535;
11696 : 65535;
11697 : 65535;
11698 : 65535;
11699 : 65535;
11700 : 65535;
11701 : 65535;
11702 : 65535;
11703 : 65535;
11704 : 65535;
11705 : 65535;
11706 : 65535;
11707 : 65535;
11708 : 65405;
11709 : 58903;
11710 : 54515;
11711 : 50257;
11712 : 48111;
11713 : 52369;
11714 : 56693;
11715 : 61049;
11716 : 65438;
11717 : 65535;
11718 : 65535;
11719 : 65535;
11720 : 65535;
11721 : 65535;
11722 : 65535;
11723 : 65535;
11724 : 65535;
11725 : 65535;
11726 : 65535;
11727 : 65535;
11728 : 65535;
11729 : 65535;
11730 : 65535;
11731 : 65535;
11732 : 65535;
11733 : 65535;
11734 : 65535;
11735 : 65535;
11736 : 65535;
11737 : 65535;
11738 : 65535;
11739 : 65535;
11740 : 65535;
11741 : 65535;
11742 : 65535;
11743 : 65535;
11744 : 65535;
11745 : 65535;
11746 : 65535;
11747 : 65535;
11748 : 65535;
11749 : 65535;
11750 : 65535;
11751 : 65535;
11752 : 65535;
11753 : 65535;
11754 : 65535;
11755 : 65535;
11756 : 65535;
11757 : 65535;
11758 : 52727;
11759 : 42033;
11760 : 41805;
11761 : 37254;
11762 : 47949;
11763 : 45901;
11764 : 45901;
11765 : 47949;
11766 : 47949;
11767 : 45901;
11768 : 43625;
11769 : 50387;
11770 : 65535;
11771 : 65535;
11772 : 65535;
11773 : 65535;
11774 : 65535;
11775 : 65535;
11776 : 65535;
11777 : 65535;
11778 : 65535;
11779 : 65535;
11780 : 65535;
11781 : 65535;
11782 : 63292;
11783 : 39497;
11784 : 45836;
11785 : 45868;
11786 : 45836;
11787 : 45868;
11788 : 45868;
11789 : 47949;
11790 : 41545;
11791 : 37384;
11792 : 46192;
11793 : 44145;
11794 : 59099;
11795 : 65535;
11796 : 65535;
11797 : 65535;
11798 : 65535;
11799 : 65535;
11800 : 65535;
11801 : 65535;
11802 : 65535;
11803 : 65535;
11804 : 65535;
11805 : 65535;
11806 : 65535;
11807 : 65535;
11808 : 65535;
11809 : 65535;
11810 : 65535;
11811 : 65535;
11812 : 65535;
11813 : 65535;
11814 : 65535;
11815 : 65535;
11816 : 65535;
11817 : 65535;
11818 : 65535;
11819 : 65535;
11820 : 65535;
11821 : 65535;
11822 : 65535;
11823 : 65535;
11824 : 65535;
11825 : 65535;
11826 : 65535;
11827 : 65535;
11828 : 65535;
11829 : 65535;
11830 : 65535;
11831 : 65535;
11832 : 65535;
11833 : 65535;
11834 : 63357;
11835 : 54580;
11836 : 41675;
11837 : 37319;
11838 : 39399;
11839 : 41512;
11840 : 43625;
11841 : 41480;
11842 : 39367;
11843 : 37287;
11844 : 45934;
11845 : 58904;
11846 : 65470;
11847 : 65535;
11848 : 65535;
11849 : 65535;
11850 : 65535;
11851 : 65535;
11852 : 65535;
11853 : 65535;
11854 : 65535;
11855 : 65535;
11856 : 65535;
11857 : 65535;
11858 : 65535;
11859 : 65535;
11860 : 65535;
11861 : 65535;
11862 : 65535;
11863 : 65535;
11864 : 65535;
11865 : 65535;
11866 : 65535;
11867 : 65535;
11868 : 65535;
11869 : 65535;
11870 : 65535;
11871 : 65535;
11872 : 65535;
11873 : 65535;
11874 : 65535;
11875 : 65535;
11876 : 65535;
11877 : 65535;
11878 : 65535;
11879 : 65535;
11880 : 65535;
11881 : 65535;
11882 : 65535;
11883 : 65535;
11884 : 65535;
11885 : 59099;
11886 : 42097;
11887 : 44112;
11888 : 37319;
11889 : 43658;
11890 : 45933;
11891 : 45901;
11892 : 45901;
11893 : 45901;
11894 : 45901;
11895 : 45836;
11896 : 39562;
11897 : 63357;
11898 : 65535;
11899 : 65535;
11900 : 65535;
11901 : 65535;
11902 : 65535;
11903 : 65535;
11904 : 65535;
11905 : 65535;
11906 : 65535;
11907 : 65535;
11908 : 65535;
11909 : 65535;
11910 : 65535;
11911 : 48209;
11912 : 41577;
11913 : 45868;
11914 : 45836;
11915 : 45836;
11916 : 45868;
11917 : 45869;
11918 : 47916;
11919 : 37254;
11920 : 41772;
11921 : 46226;
11922 : 48403;
11923 : 63422;
11924 : 65535;
11925 : 65535;
11926 : 65535;
11927 : 65535;
11928 : 65535;
11929 : 65535;
11930 : 65535;
11931 : 65535;
11932 : 65535;
11933 : 65535;
11934 : 65535;
11935 : 65535;
11936 : 65535;
11937 : 65535;
11938 : 65535;
11939 : 65535;
11940 : 65535;
11941 : 65535;
11942 : 65535;
11943 : 65535;
11944 : 65535;
11945 : 65535;
11946 : 65535;
11947 : 65535;
11948 : 65535;
11949 : 65535;
11950 : 65535;
11951 : 65535;
11952 : 65535;
11953 : 65535;
11954 : 65535;
11955 : 65535;
11956 : 65535;
11957 : 65535;
11958 : 65535;
11959 : 65535;
11960 : 65535;
11961 : 63260;
11962 : 43788;
11963 : 37254;
11964 : 43722;
11965 : 48046;
11966 : 48079;
11967 : 48079;
11968 : 48079;
11969 : 50127;
11970 : 48079;
11971 : 47981;
11972 : 41545;
11973 : 37286;
11974 : 52337;
11975 : 65437;
11976 : 65535;
11977 : 65535;
11978 : 65535;
11979 : 65535;
11980 : 65535;
11981 : 65535;
11982 : 65535;
11983 : 65535;
11984 : 65535;
11985 : 65535;
11986 : 65535;
11987 : 65535;
11988 : 65535;
11989 : 65535;
11990 : 65535;
11991 : 65535;
11992 : 65535;
11993 : 65535;
11994 : 65535;
11995 : 65535;
11996 : 65535;
11997 : 65535;
11998 : 65535;
11999 : 65535;
12000 : 65535;
12001 : 65535;
12002 : 65535;
12003 : 65535;
12004 : 65535;
12005 : 65535;
12006 : 65535;
12007 : 65535;
12008 : 65535;
12009 : 65535;
12010 : 65535;
12011 : 65535;
12012 : 63422;
12013 : 46323;
12014 : 44145;
12015 : 41675;
12016 : 37286;
12017 : 47949;
12018 : 47949;
12019 : 45901;
12020 : 45901;
12021 : 45901;
12022 : 47949;
12023 : 43625;
12024 : 50355;
12025 : 65535;
12026 : 65535;
12027 : 65535;
12028 : 65535;
12029 : 65535;
12030 : 65535;
12031 : 65535;
12032 : 65535;
12033 : 65535;
12034 : 65535;
12035 : 65535;
12036 : 65535;
12037 : 65535;
12038 : 65535;
12039 : 61212;
12040 : 39497;
12041 : 45835;
12042 : 45836;
12043 : 45836;
12044 : 45836;
12045 : 45868;
12046 : 45868;
12047 : 45771;
12048 : 37254;
12049 : 44080;
12050 : 46225;
12051 : 54775;
12052 : 65535;
12053 : 65535;
12054 : 65535;
12055 : 65535;
12056 : 65535;
12057 : 65535;
12058 : 65535;
12059 : 65535;
12060 : 65535;
12061 : 65535;
12062 : 65535;
12063 : 65535;
12064 : 65535;
12065 : 65535;
12066 : 65535;
12067 : 65535;
12068 : 65535;
12069 : 65535;
12070 : 65535;
12071 : 65535;
12072 : 65535;
12073 : 65535;
12074 : 65535;
12075 : 65535;
12076 : 65535;
12077 : 65535;
12078 : 65535;
12079 : 65535;
12080 : 65535;
12081 : 65535;
12082 : 65535;
12083 : 65535;
12084 : 65535;
12085 : 65535;
12086 : 65535;
12087 : 65535;
12088 : 63260;
12089 : 41610;
12090 : 39432;
12091 : 48046;
12092 : 48046;
12093 : 48046;
12094 : 48046;
12095 : 48046;
12096 : 48046;
12097 : 48046;
12098 : 48046;
12099 : 48046;
12100 : 50127;
12101 : 47949;
12102 : 37286;
12103 : 48144;
12104 : 65470;
12105 : 65535;
12106 : 65535;
12107 : 65535;
12108 : 65535;
12109 : 65535;
12110 : 65535;
12111 : 65535;
12112 : 65535;
12113 : 65535;
12114 : 65535;
12115 : 65535;
12116 : 65535;
12117 : 65535;
12118 : 65535;
12119 : 65535;
12120 : 65535;
12121 : 65535;
12122 : 65535;
12123 : 65535;
12124 : 65535;
12125 : 65535;
12126 : 65535;
12127 : 65535;
12128 : 65535;
12129 : 65535;
12130 : 65535;
12131 : 65535;
12132 : 65535;
12133 : 65535;
12134 : 65535;
12135 : 65535;
12136 : 65535;
12137 : 65535;
12138 : 65535;
12139 : 65535;
12140 : 52695;
12141 : 44145;
12142 : 41935;
12143 : 37222;
12144 : 45836;
12145 : 47949;
12146 : 45900;
12147 : 45900;
12148 : 45901;
12149 : 45901;
12150 : 45836;
12151 : 39530;
12152 : 63325;
12153 : 65535;
12154 : 65535;
12155 : 65535;
12156 : 65535;
12157 : 65535;
12158 : 65535;
12159 : 65535;
12160 : 65535;
12161 : 65535;
12162 : 65535;
12163 : 65535;
12164 : 65535;
12165 : 65535;
12166 : 65535;
12167 : 65535;
12168 : 48241;
12169 : 41545;
12170 : 45868;
12171 : 43788;
12172 : 45836;
12173 : 45836;
12174 : 45836;
12175 : 45900;
12176 : 41512;
12177 : 39497;
12178 : 46258;
12179 : 46258;
12180 : 61211;
12181 : 65535;
12182 : 65535;
12183 : 65535;
12184 : 65535;
12185 : 65535;
12186 : 65535;
12187 : 65535;
12188 : 65535;
12189 : 65535;
12190 : 65535;
12191 : 65535;
12192 : 65535;
12193 : 65535;
12194 : 65535;
12195 : 65535;
12196 : 65535;
12197 : 65535;
12198 : 65535;
12199 : 65535;
12200 : 65535;
12201 : 65535;
12202 : 65535;
12203 : 65535;
12204 : 65535;
12205 : 65535;
12206 : 65535;
12207 : 65535;
12208 : 65535;
12209 : 65535;
12210 : 65535;
12211 : 65535;
12212 : 65535;
12213 : 65535;
12214 : 65535;
12215 : 65503;
12216 : 43885;
12217 : 39464;
12218 : 48078;
12219 : 48014;
12220 : 48014;
12221 : 48046;
12222 : 48046;
12223 : 48046;
12224 : 48046;
12225 : 48046;
12226 : 48046;
12227 : 48046;
12228 : 48046;
12229 : 48078;
12230 : 47982;
12231 : 37254;
12232 : 52500;
12233 : 65535;
12234 : 65535;
12235 : 65535;
12236 : 65535;
12237 : 65535;
12238 : 65535;
12239 : 65535;
12240 : 65535;
12241 : 65535;
12242 : 65535;
12243 : 65535;
12244 : 65535;
12245 : 65535;
12246 : 65535;
12247 : 65535;
12248 : 65535;
12249 : 65535;
12250 : 65535;
12251 : 65535;
12252 : 65535;
12253 : 65535;
12254 : 65535;
12255 : 65535;
12256 : 65535;
12257 : 65535;
12258 : 65535;
12259 : 65535;
12260 : 65535;
12261 : 65535;
12262 : 65535;
12263 : 65535;
12264 : 65535;
12265 : 65535;
12266 : 65535;
12267 : 59099;
12268 : 44178;
12269 : 44145;
12270 : 37351;
12271 : 43626;
12272 : 45933;
12273 : 45901;
12274 : 45900;
12275 : 45868;
12276 : 45868;
12277 : 45901;
12278 : 41544;
12279 : 50387;
12280 : 65535;
12281 : 65535;
12282 : 65535;
12283 : 65535;
12284 : 65535;
12285 : 65535;
12286 : 65535;
12287 : 65535;
12288 : 65535;
12289 : 65535;
12290 : 65535;
12291 : 65535;
12292 : 65535;
12293 : 65535;
12294 : 65535;
12295 : 65535;
12296 : 63357;
12297 : 41610;
12298 : 43722;
12299 : 45836;
12300 : 43788;
12301 : 45836;
12302 : 45836;
12303 : 45868;
12304 : 45868;
12305 : 37254;
12306 : 41837;
12307 : 46258;
12308 : 48436;
12309 : 65438;
12310 : 65535;
12311 : 65535;
12312 : 65535;
12313 : 65535;
12314 : 65535;
12315 : 65535;
12316 : 65535;
12317 : 65535;
12318 : 65535;
12319 : 65535;
12320 : 65535;
12321 : 65535;
12322 : 65535;
12323 : 65535;
12324 : 65535;
12325 : 65535;
12326 : 65535;
12327 : 65535;
12328 : 65535;
12329 : 65535;
12330 : 65535;
12331 : 65535;
12332 : 65535;
12333 : 65535;
12334 : 65535;
12335 : 65535;
12336 : 65535;
12337 : 65535;
12338 : 65535;
12339 : 65535;
12340 : 65535;
12341 : 65535;
12342 : 65535;
12343 : 56824;
12344 : 37286;
12345 : 48013;
12346 : 48014;
12347 : 45998;
12348 : 48014;
12349 : 48014;
12350 : 48014;
12351 : 48014;
12352 : 48014;
12353 : 48014;
12354 : 48046;
12355 : 48014;
12356 : 48014;
12357 : 48046;
12358 : 48078;
12359 : 45835;
12360 : 37384;
12361 : 63324;
12362 : 65535;
12363 : 65535;
12364 : 65535;
12365 : 65535;
12366 : 65535;
12367 : 65535;
12368 : 65535;
12369 : 65535;
12370 : 65535;
12371 : 65535;
12372 : 65535;
12373 : 65535;
12374 : 65535;
12375 : 65535;
12376 : 65535;
12377 : 65535;
12378 : 65535;
12379 : 65535;
12380 : 65535;
12381 : 65535;
12382 : 65535;
12383 : 65535;
12384 : 65535;
12385 : 65535;
12386 : 65535;
12387 : 65535;
12388 : 65535;
12389 : 65535;
12390 : 65535;
12391 : 65535;
12392 : 65535;
12393 : 65535;
12394 : 63422;
12395 : 46355;
12396 : 44210;
12397 : 39627;
12398 : 39367;
12399 : 47949;
12400 : 45900;
12401 : 45901;
12402 : 45868;
12403 : 45868;
12404 : 45868;
12405 : 45803;
12406 : 39530;
12407 : 63357;
12408 : 65535;
12409 : 65535;
12410 : 65535;
12411 : 65535;
12412 : 65535;
12413 : 65535;
12414 : 65535;
12415 : 65535;
12416 : 65535;
12417 : 65535;
12418 : 65535;
12419 : 65535;
12420 : 65535;
12421 : 65535;
12422 : 65535;
12423 : 65535;
12424 : 65535;
12425 : 56855;
12426 : 37384;
12427 : 45836;
12428 : 45836;
12429 : 45836;
12430 : 45836;
12431 : 45836;
12432 : 45869;
12433 : 43690;
12434 : 37254;
12435 : 46160;
12436 : 46258;
12437 : 50614;
12438 : 65503;
12439 : 65535;
12440 : 65535;
12441 : 65535;
12442 : 65535;
12443 : 65535;
12444 : 65535;
12445 : 65535;
12446 : 65535;
12447 : 65535;
12448 : 65535;
12449 : 65535;
12450 : 65535;
12451 : 65535;
12452 : 65535;
12453 : 65535;
12454 : 65535;
12455 : 65535;
12456 : 65535;
12457 : 65535;
12458 : 65535;
12459 : 65535;
12460 : 65535;
12461 : 65535;
12462 : 65535;
12463 : 65535;
12464 : 65535;
12465 : 65535;
12466 : 65535;
12467 : 65535;
12468 : 65535;
12469 : 65535;
12470 : 65535;
12471 : 43918;
12472 : 43658;
12473 : 48046;
12474 : 45966;
12475 : 48014;
12476 : 48014;
12477 : 48014;
12478 : 48014;
12479 : 48014;
12480 : 48014;
12481 : 48014;
12482 : 48014;
12483 : 48014;
12484 : 48014;
12485 : 48014;
12486 : 48014;
12487 : 48046;
12488 : 39367;
12489 : 52565;
12490 : 65535;
12491 : 65535;
12492 : 65535;
12493 : 65535;
12494 : 65535;
12495 : 65535;
12496 : 65535;
12497 : 65535;
12498 : 65535;
12499 : 65535;
12500 : 65535;
12501 : 65535;
12502 : 65535;
12503 : 65535;
12504 : 65535;
12505 : 65535;
12506 : 65535;
12507 : 65535;
12508 : 65535;
12509 : 65535;
12510 : 65535;
12511 : 65535;
12512 : 65535;
12513 : 65535;
12514 : 65535;
12515 : 65535;
12516 : 65535;
12517 : 65535;
12518 : 65535;
12519 : 65535;
12520 : 65535;
12521 : 65535;
12522 : 50614;
12523 : 44210;
12524 : 43983;
12525 : 35173;
12526 : 45868;
12527 : 45901;
12528 : 45900;
12529 : 45869;
12530 : 45868;
12531 : 45868;
12532 : 47884;
12533 : 39432;
12534 : 54775;
12535 : 65535;
12536 : 65535;
12537 : 65535;
12538 : 65535;
12539 : 65535;
12540 : 65535;
12541 : 65535;
12542 : 65535;
12543 : 65535;
12544 : 65535;
12545 : 65535;
12546 : 65535;
12547 : 65535;
12548 : 65535;
12549 : 65535;
12550 : 65535;
12551 : 65535;
12552 : 65535;
12553 : 65535;
12554 : 46096;
12555 : 41545;
12556 : 45836;
12557 : 45836;
12558 : 45836;
12559 : 45836;
12560 : 45836;
12561 : 45868;
12562 : 41512;
12563 : 37383;
12564 : 48274;
12565 : 46290;
12566 : 54776;
12567 : 65535;
12568 : 65535;
12569 : 65535;
12570 : 65535;
12571 : 65535;
12572 : 65535;
12573 : 65535;
12574 : 65535;
12575 : 65535;
12576 : 65535;
12577 : 65535;
12578 : 65535;
12579 : 65535;
12580 : 65535;
12581 : 65535;
12582 : 65535;
12583 : 65535;
12584 : 65535;
12585 : 65535;
12586 : 65535;
12587 : 65535;
12588 : 65535;
12589 : 65535;
12590 : 65535;
12591 : 65535;
12592 : 65535;
12593 : 65535;
12594 : 65535;
12595 : 65535;
12596 : 65535;
12597 : 65535;
12598 : 65503;
12599 : 41610;
12600 : 45868;
12601 : 45966;
12602 : 45966;
12603 : 45966;
12604 : 45966;
12605 : 48014;
12606 : 48014;
12607 : 48014;
12608 : 48014;
12609 : 48014;
12610 : 48014;
12611 : 48014;
12612 : 48014;
12613 : 48014;
12614 : 48014;
12615 : 48046;
12616 : 43657;
12617 : 46095;
12618 : 65535;
12619 : 65535;
12620 : 65535;
12621 : 65535;
12622 : 65535;
12623 : 65535;
12624 : 65535;
12625 : 65535;
12626 : 65535;
12627 : 65535;
12628 : 65535;
12629 : 65535;
12630 : 65535;
12631 : 65535;
12632 : 65535;
12633 : 65535;
12634 : 65535;
12635 : 65535;
12636 : 65535;
12637 : 65535;
12638 : 65535;
12639 : 65535;
12640 : 65535;
12641 : 65535;
12642 : 65535;
12643 : 65535;
12644 : 65535;
12645 : 65535;
12646 : 65535;
12647 : 65535;
12648 : 65535;
12649 : 54808;
12650 : 44210;
12651 : 46193;
12652 : 35238;
12653 : 41609;
12654 : 47949;
12655 : 45868;
12656 : 45868;
12657 : 45868;
12658 : 45868;
12659 : 45901;
12660 : 41545;
12661 : 46096;
12662 : 65535;
12663 : 65535;
12664 : 65535;
12665 : 65535;
12666 : 65535;
12667 : 65535;
12668 : 65535;
12669 : 65535;
12670 : 65535;
12671 : 65535;
12672 : 65535;
12673 : 65535;
12674 : 65535;
12675 : 65535;
12676 : 65535;
12677 : 65535;
12678 : 65535;
12679 : 65535;
12680 : 65535;
12681 : 65535;
12682 : 63357;
12683 : 39530;
12684 : 43690;
12685 : 45836;
12686 : 43788;
12687 : 45836;
12688 : 45836;
12689 : 45836;
12690 : 45868;
12691 : 39399;
12692 : 39529;
12693 : 48338;
12694 : 46290;
12695 : 56921;
12696 : 65535;
12697 : 65535;
12698 : 65535;
12699 : 65535;
12700 : 65535;
12701 : 65535;
12702 : 65535;
12703 : 65535;
12704 : 65535;
12705 : 65535;
12706 : 65535;
12707 : 65535;
12708 : 65535;
12709 : 65535;
12710 : 65535;
12711 : 65535;
12712 : 65535;
12713 : 65535;
12714 : 65535;
12715 : 65535;
12716 : 65535;
12717 : 65535;
12718 : 65535;
12719 : 65535;
12720 : 65535;
12721 : 65535;
12722 : 65535;
12723 : 65535;
12724 : 65535;
12725 : 65535;
12726 : 63292;
12727 : 37351;
12728 : 45901;
12729 : 45966;
12730 : 45934;
12731 : 45933;
12732 : 45966;
12733 : 45934;
12734 : 48014;
12735 : 48014;
12736 : 45934;
12737 : 48014;
12738 : 48014;
12739 : 48014;
12740 : 48014;
12741 : 48013;
12742 : 48014;
12743 : 48014;
12744 : 45868;
12745 : 46063;
12746 : 65535;
12747 : 65535;
12748 : 65535;
12749 : 65535;
12750 : 65535;
12751 : 65535;
12752 : 65535;
12753 : 65535;
12754 : 65535;
12755 : 65535;
12756 : 65535;
12757 : 65535;
12758 : 65535;
12759 : 65535;
12760 : 65535;
12761 : 65535;
12762 : 65535;
12763 : 65535;
12764 : 65535;
12765 : 65535;
12766 : 65535;
12767 : 65535;
12768 : 65535;
12769 : 65535;
12770 : 65535;
12771 : 65535;
12772 : 65535;
12773 : 65535;
12774 : 65535;
12775 : 65535;
12776 : 54873;
12777 : 46259;
12778 : 46258;
12779 : 37384;
12780 : 39431;
12781 : 45901;
12782 : 45868;
12783 : 45868;
12784 : 45868;
12785 : 45868;
12786 : 45868;
12787 : 45771;
12788 : 41643;
12789 : 63357;
12790 : 65535;
12791 : 65535;
12792 : 65535;
12793 : 65535;
12794 : 65535;
12795 : 65535;
12796 : 65535;
12797 : 65535;
12798 : 65535;
12799 : 65535;
12800 : 65535;
12801 : 65535;
12802 : 65535;
12803 : 65535;
12804 : 65535;
12805 : 65535;
12806 : 65535;
12807 : 65535;
12808 : 65535;
12809 : 65535;
12810 : 65535;
12811 : 54743;
12812 : 37352;
12813 : 45835;
12814 : 43788;
12815 : 43788;
12816 : 43788;
12817 : 45836;
12818 : 45836;
12819 : 45836;
12820 : 37286;
12821 : 39627;
12822 : 48371;
12823 : 46291;
12824 : 57018;
12825 : 65535;
12826 : 65535;
12827 : 65535;
12828 : 65535;
12829 : 65535;
12830 : 65535;
12831 : 65535;
12832 : 65535;
12833 : 65535;
12834 : 65535;
12835 : 65535;
12836 : 65535;
12837 : 65535;
12838 : 65535;
12839 : 65535;
12840 : 65535;
12841 : 65535;
12842 : 65535;
12843 : 65535;
12844 : 65535;
12845 : 65535;
12846 : 65535;
12847 : 65535;
12848 : 65535;
12849 : 65535;
12850 : 65535;
12851 : 65535;
12852 : 65535;
12853 : 65535;
12854 : 61212;
12855 : 37351;
12856 : 45901;
12857 : 45933;
12858 : 45933;
12859 : 45933;
12860 : 45933;
12861 : 45933;
12862 : 48014;
12863 : 45934;
12864 : 45934;
12865 : 47982;
12866 : 45934;
12867 : 48014;
12868 : 45966;
12869 : 48013;
12870 : 48013;
12871 : 48014;
12872 : 45868;
12873 : 43950;
12874 : 65535;
12875 : 65535;
12876 : 65535;
12877 : 65535;
12878 : 65535;
12879 : 65535;
12880 : 65535;
12881 : 65535;
12882 : 65535;
12883 : 65535;
12884 : 65535;
12885 : 65535;
12886 : 65535;
12887 : 65535;
12888 : 65535;
12889 : 65535;
12890 : 65535;
12891 : 65535;
12892 : 65535;
12893 : 65535;
12894 : 65535;
12895 : 65535;
12896 : 65535;
12897 : 65535;
12898 : 65535;
12899 : 65535;
12900 : 65535;
12901 : 65535;
12902 : 65535;
12903 : 57018;
12904 : 46291;
12905 : 46291;
12906 : 39562;
12907 : 39366;
12908 : 47949;
12909 : 45868;
12910 : 45868;
12911 : 45868;
12912 : 45868;
12913 : 45868;
12914 : 45836;
12915 : 39400;
12916 : 56888;
12917 : 65535;
12918 : 65535;
12919 : 65535;
12920 : 65535;
12921 : 65535;
12922 : 65535;
12923 : 65535;
12924 : 65535;
12925 : 65535;
12926 : 65535;
12927 : 65535;
12928 : 65535;
12929 : 65535;
12930 : 65535;
12931 : 65535;
12932 : 65535;
12933 : 65535;
12934 : 65535;
12935 : 65535;
12936 : 65535;
12937 : 65535;
12938 : 65535;
12939 : 65535;
12940 : 46031;
12941 : 39464;
12942 : 43788;
12943 : 43756;
12944 : 45804;
12945 : 43787;
12946 : 43788;
12947 : 43788;
12948 : 43787;
12949 : 37222;
12950 : 41805;
12951 : 48371;
12952 : 46355;
12953 : 61179;
12954 : 65535;
12955 : 65535;
12956 : 65535;
12957 : 65535;
12958 : 65535;
12959 : 65535;
12960 : 65535;
12961 : 65535;
12962 : 65535;
12963 : 65535;
12964 : 65535;
12965 : 65535;
12966 : 65535;
12967 : 65535;
12968 : 65535;
12969 : 65535;
12970 : 65535;
12971 : 65535;
12972 : 65535;
12973 : 65535;
12974 : 65535;
12975 : 65535;
12976 : 65535;
12977 : 65535;
12978 : 65535;
12979 : 65535;
12980 : 65535;
12981 : 65535;
12982 : 65470;
12983 : 39497;
12984 : 45836;
12985 : 45933;
12986 : 45933;
12987 : 45933;
12988 : 45933;
12989 : 45933;
12990 : 45933;
12991 : 45933;
12992 : 45933;
12993 : 45933;
12994 : 45933;
12995 : 45933;
12996 : 45933;
12997 : 47981;
12998 : 45965;
12999 : 48014;
13000 : 43690;
13001 : 46128;
13002 : 65535;
13003 : 65535;
13004 : 65535;
13005 : 65535;
13006 : 65535;
13007 : 65535;
13008 : 65535;
13009 : 65535;
13010 : 65535;
13011 : 65535;
13012 : 65535;
13013 : 65535;
13014 : 65535;
13015 : 65535;
13016 : 65535;
13017 : 65535;
13018 : 65535;
13019 : 65535;
13020 : 65535;
13021 : 65535;
13022 : 65535;
13023 : 65535;
13024 : 65535;
13025 : 65535;
13026 : 65535;
13027 : 65535;
13028 : 65535;
13029 : 65535;
13030 : 61179;
13031 : 46323;
13032 : 46323;
13033 : 39627;
13034 : 37286;
13035 : 45868;
13036 : 45869;
13037 : 45868;
13038 : 45868;
13039 : 45868;
13040 : 45868;
13041 : 45868;
13042 : 41512;
13043 : 48209;
13044 : 65535;
13045 : 65535;
13046 : 65535;
13047 : 65535;
13048 : 65535;
13049 : 65535;
13050 : 65535;
13051 : 65535;
13052 : 65535;
13053 : 65535;
13054 : 65535;
13055 : 65535;
13056 : 65535;
13057 : 65535;
13058 : 65535;
13059 : 65535;
13060 : 65535;
13061 : 65535;
13062 : 65535;
13063 : 65535;
13064 : 65535;
13065 : 65535;
13066 : 65535;
13067 : 65535;
13068 : 63325;
13069 : 39562;
13070 : 43657;
13071 : 43788;
13072 : 43756;
13073 : 43788;
13074 : 43788;
13075 : 43788;
13076 : 45836;
13077 : 43755;
13078 : 35174;
13079 : 43951;
13080 : 48403;
13081 : 48404;
13082 : 59131;
13083 : 65535;
13084 : 65535;
13085 : 65535;
13086 : 65535;
13087 : 65535;
13088 : 65535;
13089 : 65535;
13090 : 65535;
13091 : 65535;
13092 : 65535;
13093 : 65535;
13094 : 65535;
13095 : 65535;
13096 : 65535;
13097 : 65535;
13098 : 65535;
13099 : 65535;
13100 : 65535;
13101 : 65535;
13102 : 65535;
13103 : 65535;
13104 : 65535;
13105 : 65535;
13106 : 65535;
13107 : 65535;
13108 : 65535;
13109 : 65535;
13110 : 65535;
13111 : 41740;
13112 : 41577;
13113 : 45933;
13114 : 45933;
13115 : 45933;
13116 : 45933;
13117 : 45933;
13118 : 45933;
13119 : 45933;
13120 : 45933;
13121 : 45933;
13122 : 45933;
13123 : 45933;
13124 : 45933;
13125 : 47981;
13126 : 45933;
13127 : 48013;
13128 : 37351;
13129 : 52500;
13130 : 65535;
13131 : 65535;
13132 : 65535;
13133 : 65535;
13134 : 65535;
13135 : 65535;
13136 : 65535;
13137 : 65535;
13138 : 65535;
13139 : 65535;
13140 : 65535;
13141 : 65535;
13142 : 65535;
13143 : 65535;
13144 : 65535;
13145 : 65535;
13146 : 65535;
13147 : 65535;
13148 : 65535;
13149 : 65535;
13150 : 65535;
13151 : 65535;
13152 : 65535;
13153 : 65535;
13154 : 65535;
13155 : 65535;
13156 : 65535;
13157 : 61212;
13158 : 46356;
13159 : 48404;
13160 : 41804;
13161 : 37222;
13162 : 45868;
13163 : 45868;
13164 : 45868;
13165 : 43820;
13166 : 43820;
13167 : 45836;
13168 : 45868;
13169 : 43690;
13170 : 39627;
13171 : 65438;
13172 : 65535;
13173 : 65535;
13174 : 65535;
13175 : 65535;
13176 : 65535;
13177 : 65535;
13178 : 65535;
13179 : 65535;
13180 : 65535;
13181 : 65535;
13182 : 65535;
13183 : 65535;
13184 : 65535;
13185 : 65535;
13186 : 65535;
13187 : 65535;
13188 : 65535;
13189 : 65535;
13190 : 65535;
13191 : 65535;
13192 : 65535;
13193 : 65535;
13194 : 65535;
13195 : 65535;
13196 : 65535;
13197 : 59066;
13198 : 39432;
13199 : 43690;
13200 : 43788;
13201 : 43756;
13202 : 43788;
13203 : 43788;
13204 : 43788;
13205 : 45836;
13206 : 41642;
13207 : 35206;
13208 : 46063;
13209 : 48404;
13210 : 48404;
13211 : 57018;
13212 : 65535;
13213 : 65535;
13214 : 65535;
13215 : 65535;
13216 : 65535;
13217 : 65535;
13218 : 65535;
13219 : 65535;
13220 : 65535;
13221 : 65535;
13222 : 65535;
13223 : 65535;
13224 : 65535;
13225 : 65535;
13226 : 65535;
13227 : 65535;
13228 : 65535;
13229 : 65535;
13230 : 65535;
13231 : 65535;
13232 : 65535;
13233 : 65535;
13234 : 65535;
13235 : 65535;
13236 : 65535;
13237 : 65535;
13238 : 65535;
13239 : 56856;
13240 : 37254;
13241 : 45901;
13242 : 45901;
13243 : 45933;
13244 : 45901;
13245 : 45933;
13246 : 45933;
13247 : 45933;
13248 : 45933;
13249 : 45933;
13250 : 45933;
13251 : 45933;
13252 : 45933;
13253 : 45933;
13254 : 45934;
13255 : 45835;
13256 : 37351;
13257 : 63292;
13258 : 65535;
13259 : 65535;
13260 : 65535;
13261 : 65535;
13262 : 65535;
13263 : 65535;
13264 : 65535;
13265 : 65535;
13266 : 65535;
13267 : 65535;
13268 : 65535;
13269 : 65535;
13270 : 65535;
13271 : 65535;
13272 : 65535;
13273 : 65535;
13274 : 65535;
13275 : 65535;
13276 : 65535;
13277 : 65535;
13278 : 65535;
13279 : 65535;
13280 : 65535;
13281 : 65535;
13282 : 65535;
13283 : 65535;
13284 : 59099;
13285 : 48404;
13286 : 48404;
13287 : 43918;
13288 : 35173;
13289 : 45803;
13290 : 45868;
13291 : 45868;
13292 : 45868;
13293 : 45836;
13294 : 45836;
13295 : 43820;
13296 : 43723;
13297 : 37384;
13298 : 59033;
13299 : 65535;
13300 : 65535;
13301 : 65535;
13302 : 65535;
13303 : 65535;
13304 : 65535;
13305 : 65535;
13306 : 65535;
13307 : 65535;
13308 : 65535;
13309 : 65535;
13310 : 65535;
13311 : 65535;
13312 : 65535;
13313 : 65535;
13314 : 65535;
13315 : 65535;
13316 : 65535;
13317 : 65535;
13318 : 65535;
13319 : 65535;
13320 : 65535;
13321 : 65535;
13322 : 65535;
13323 : 65535;
13324 : 65535;
13325 : 65535;
13326 : 56855;
13327 : 37351;
13328 : 43723;
13329 : 43755;
13330 : 43755;
13331 : 43755;
13332 : 43787;
13333 : 43788;
13334 : 45836;
13335 : 43658;
13336 : 35205;
13337 : 43950;
13338 : 50452;
13339 : 48404;
13340 : 56953;
13341 : 65535;
13342 : 65535;
13343 : 65535;
13344 : 65535;
13345 : 65535;
13346 : 65535;
13347 : 65535;
13348 : 65535;
13349 : 65535;
13350 : 65535;
13351 : 65535;
13352 : 65535;
13353 : 65535;
13354 : 65535;
13355 : 65535;
13356 : 65535;
13357 : 65535;
13358 : 65535;
13359 : 65535;
13360 : 65535;
13361 : 65535;
13362 : 65535;
13363 : 65535;
13364 : 65535;
13365 : 65535;
13366 : 65535;
13367 : 65535;
13368 : 41773;
13369 : 39432;
13370 : 45933;
13371 : 45901;
13372 : 45901;
13373 : 45933;
13374 : 45933;
13375 : 45933;
13376 : 45933;
13377 : 45901;
13378 : 45901;
13379 : 45901;
13380 : 45933;
13381 : 45933;
13382 : 45933;
13383 : 37222;
13384 : 50419;
13385 : 65535;
13386 : 65535;
13387 : 65535;
13388 : 65535;
13389 : 65535;
13390 : 65535;
13391 : 65535;
13392 : 65535;
13393 : 65535;
13394 : 65535;
13395 : 65535;
13396 : 65535;
13397 : 65535;
13398 : 65535;
13399 : 65535;
13400 : 65535;
13401 : 65535;
13402 : 65535;
13403 : 65535;
13404 : 65535;
13405 : 65535;
13406 : 65535;
13407 : 65535;
13408 : 65535;
13409 : 65535;
13410 : 65535;
13411 : 56953;
13412 : 48404;
13413 : 48436;
13414 : 41869;
13415 : 35173;
13416 : 43755;
13417 : 45900;
13418 : 43820;
13419 : 45868;
13420 : 43788;
13421 : 43788;
13422 : 43820;
13423 : 43755;
13424 : 37319;
13425 : 56791;
13426 : 65535;
13427 : 65535;
13428 : 65535;
13429 : 65535;
13430 : 65535;
13431 : 65535;
13432 : 65535;
13433 : 65535;
13434 : 65535;
13435 : 65535;
13436 : 65535;
13437 : 65535;
13438 : 65535;
13439 : 65535;
13440 : 65535;
13441 : 65535;
13442 : 65535;
13443 : 65535;
13444 : 65535;
13445 : 65535;
13446 : 65535;
13447 : 65535;
13448 : 65535;
13449 : 65535;
13450 : 65535;
13451 : 65535;
13452 : 65535;
13453 : 65535;
13454 : 65535;
13455 : 52565;
13456 : 37319;
13457 : 43723;
13458 : 43755;
13459 : 43755;
13460 : 43755;
13461 : 43787;
13462 : 43755;
13463 : 43788;
13464 : 43690;
13465 : 35173;
13466 : 41804;
13467 : 50484;
13468 : 48404;
13469 : 54872;
13470 : 65503;
13471 : 65535;
13472 : 65535;
13473 : 65535;
13474 : 65535;
13475 : 65535;
13476 : 65535;
13477 : 65535;
13478 : 65535;
13479 : 65535;
13480 : 65535;
13481 : 65535;
13482 : 65535;
13483 : 65535;
13484 : 65535;
13485 : 65535;
13486 : 65535;
13487 : 65535;
13488 : 65535;
13489 : 65535;
13490 : 65535;
13491 : 65535;
13492 : 65535;
13493 : 65535;
13494 : 65535;
13495 : 65535;
13496 : 61244;
13497 : 37481;
13498 : 39432;
13499 : 45933;
13500 : 45933;
13501 : 45901;
13502 : 45901;
13503 : 45901;
13504 : 45901;
13505 : 45901;
13506 : 45933;
13507 : 45901;
13508 : 45933;
13509 : 45901;
13510 : 37286;
13511 : 43886;
13512 : 65503;
13513 : 65535;
13514 : 65535;
13515 : 65535;
13516 : 65535;
13517 : 65535;
13518 : 65535;
13519 : 65535;
13520 : 65535;
13521 : 65535;
13522 : 65535;
13523 : 65535;
13524 : 65535;
13525 : 65535;
13526 : 65535;
13527 : 65535;
13528 : 65535;
13529 : 65535;
13530 : 65535;
13531 : 65535;
13532 : 65535;
13533 : 65535;
13534 : 65535;
13535 : 65535;
13536 : 65535;
13537 : 65503;
13538 : 54840;
13539 : 46388;
13540 : 48436;
13541 : 41708;
13542 : 35173;
13543 : 45771;
13544 : 45900;
13545 : 45836;
13546 : 43820;
13547 : 43788;
13548 : 43788;
13549 : 45836;
13550 : 43787;
13551 : 37319;
13552 : 52565;
13553 : 65535;
13554 : 65535;
13555 : 65535;
13556 : 65535;
13557 : 65535;
13558 : 65535;
13559 : 65535;
13560 : 65535;
13561 : 65535;
13562 : 65535;
13563 : 65535;
13564 : 65535;
13565 : 65535;
13566 : 65535;
13567 : 65535;
13568 : 65535;
13569 : 65535;
13570 : 65535;
13571 : 65535;
13572 : 65535;
13573 : 65535;
13574 : 65535;
13575 : 65535;
13576 : 65535;
13577 : 65535;
13578 : 65535;
13579 : 65535;
13580 : 65535;
13581 : 65535;
13582 : 65535;
13583 : 65535;
13584 : 48241;
13585 : 37319;
13586 : 43755;
13587 : 43755;
13588 : 43755;
13589 : 43755;
13590 : 43755;
13591 : 43787;
13592 : 43788;
13593 : 43723;
13594 : 35205;
13595 : 41707;
13596 : 50484;
13597 : 48404;
13598 : 54808;
13599 : 63422;
13600 : 65535;
13601 : 65535;
13602 : 65535;
13603 : 65535;
13604 : 65535;
13605 : 65535;
13606 : 65535;
13607 : 65535;
13608 : 65535;
13609 : 65535;
13610 : 65535;
13611 : 65535;
13612 : 65535;
13613 : 65535;
13614 : 65535;
13615 : 65535;
13616 : 65535;
13617 : 65535;
13618 : 65535;
13619 : 65535;
13620 : 65535;
13621 : 65535;
13622 : 65535;
13623 : 65535;
13624 : 65535;
13625 : 63325;
13626 : 39595;
13627 : 37254;
13628 : 43723;
13629 : 45901;
13630 : 45933;
13631 : 45901;
13632 : 45901;
13633 : 45933;
13634 : 45933;
13635 : 45901;
13636 : 41610;
13637 : 35141;
13638 : 46031;
13639 : 65503;
13640 : 65535;
13641 : 65535;
13642 : 65535;
13643 : 65535;
13644 : 65535;
13645 : 65535;
13646 : 65535;
13647 : 65535;
13648 : 65535;
13649 : 65535;
13650 : 65535;
13651 : 65535;
13652 : 65535;
13653 : 65535;
13654 : 65535;
13655 : 65535;
13656 : 65535;
13657 : 65535;
13658 : 65535;
13659 : 65535;
13660 : 65535;
13661 : 65535;
13662 : 65535;
13663 : 65535;
13664 : 65470;
13665 : 52727;
13666 : 48436;
13667 : 48403;
13668 : 37514;
13669 : 37254;
13670 : 45836;
13671 : 45868;
13672 : 43788;
13673 : 43788;
13674 : 45836;
13675 : 43788;
13676 : 43788;
13677 : 45836;
13678 : 39367;
13679 : 50387;
13680 : 65535;
13681 : 65535;
13682 : 65535;
13683 : 65535;
13684 : 65535;
13685 : 65535;
13686 : 65535;
13687 : 65535;
13688 : 65535;
13689 : 65535;
13690 : 65535;
13691 : 65535;
13692 : 65535;
13693 : 65535;
13694 : 65535;
13695 : 65535;
13696 : 65535;
13697 : 65535;
13698 : 65535;
13699 : 65535;
13700 : 65535;
13701 : 65535;
13702 : 65535;
13703 : 65535;
13704 : 65535;
13705 : 65535;
13706 : 65535;
13707 : 65535;
13708 : 65535;
13709 : 65535;
13710 : 65535;
13711 : 65535;
13712 : 65503;
13713 : 45998;
13714 : 39432;
13715 : 43756;
13716 : 43755;
13717 : 43755;
13718 : 43755;
13719 : 43755;
13720 : 43755;
13721 : 43788;
13722 : 43755;
13723 : 37254;
13724 : 39594;
13725 : 50452;
13726 : 48437;
13727 : 52630;
13728 : 61211;
13729 : 65535;
13730 : 65535;
13731 : 65535;
13732 : 65535;
13733 : 65535;
13734 : 65535;
13735 : 65535;
13736 : 65535;
13737 : 65535;
13738 : 65535;
13739 : 65535;
13740 : 65535;
13741 : 65535;
13742 : 65535;
13743 : 65535;
13744 : 65535;
13745 : 65535;
13746 : 65535;
13747 : 65535;
13748 : 65535;
13749 : 65535;
13750 : 65535;
13751 : 65535;
13752 : 65535;
13753 : 65535;
13754 : 65470;
13755 : 50452;
13756 : 37417;
13757 : 37254;
13758 : 39431;
13759 : 39497;
13760 : 41577;
13761 : 39497;
13762 : 39367;
13763 : 35206;
13764 : 41675;
13765 : 54678;
13766 : 65535;
13767 : 65535;
13768 : 65535;
13769 : 65535;
13770 : 65535;
13771 : 65535;
13772 : 65535;
13773 : 65535;
13774 : 65535;
13775 : 65535;
13776 : 65535;
13777 : 65535;
13778 : 65535;
13779 : 65535;
13780 : 65535;
13781 : 65535;
13782 : 65535;
13783 : 65535;
13784 : 65535;
13785 : 65535;
13786 : 65535;
13787 : 65535;
13788 : 65535;
13789 : 65535;
13790 : 65535;
13791 : 61244;
13792 : 50614;
13793 : 48436;
13794 : 48371;
13795 : 37384;
13796 : 39335;
13797 : 45868;
13798 : 45868;
13799 : 43788;
13800 : 43788;
13801 : 43788;
13802 : 43788;
13803 : 43788;
13804 : 43788;
13805 : 37351;
13806 : 48144;
13807 : 65535;
13808 : 65535;
13809 : 65535;
13810 : 65535;
13811 : 65535;
13812 : 65535;
13813 : 65535;
13814 : 65535;
13815 : 65535;
13816 : 65535;
13817 : 65535;
13818 : 65535;
13819 : 65535;
13820 : 65535;
13821 : 65535;
13822 : 65535;
13823 : 65535;
13824 : 65535;
13825 : 65535;
13826 : 65535;
13827 : 65535;
13828 : 65535;
13829 : 65535;
13830 : 65535;
13831 : 65535;
13832 : 65535;
13833 : 65535;
13834 : 65535;
13835 : 65535;
13836 : 65535;
13837 : 65535;
13838 : 65535;
13839 : 65535;
13840 : 65535;
13841 : 65470;
13842 : 41740;
13843 : 39432;
13844 : 43756;
13845 : 43755;
13846 : 43755;
13847 : 43755;
13848 : 43755;
13849 : 43756;
13850 : 43788;
13851 : 43787;
13852 : 37286;
13853 : 37384;
13854 : 48273;
13855 : 50517;
13856 : 48469;
13857 : 54873;
13858 : 65470;
13859 : 65535;
13860 : 65535;
13861 : 65535;
13862 : 65535;
13863 : 65535;
13864 : 65535;
13865 : 65535;
13866 : 65535;
13867 : 65535;
13868 : 65535;
13869 : 65535;
13870 : 65535;
13871 : 65535;
13872 : 65535;
13873 : 65535;
13874 : 65535;
13875 : 65535;
13876 : 65535;
13877 : 65535;
13878 : 65535;
13879 : 65535;
13880 : 65535;
13881 : 65535;
13882 : 65535;
13883 : 65535;
13884 : 63390;
13885 : 56791;
13886 : 50354;
13887 : 43918;
13888 : 41708;
13889 : 46063;
13890 : 50354;
13891 : 56888;
13892 : 65535;
13893 : 65535;
13894 : 65535;
13895 : 65535;
13896 : 65535;
13897 : 65535;
13898 : 65535;
13899 : 65535;
13900 : 65535;
13901 : 65535;
13902 : 65535;
13903 : 65535;
13904 : 65535;
13905 : 65535;
13906 : 65535;
13907 : 65535;
13908 : 65535;
13909 : 65535;
13910 : 65535;
13911 : 65535;
13912 : 65535;
13913 : 65535;
13914 : 65535;
13915 : 65535;
13916 : 65535;
13917 : 65470;
13918 : 54873;
13919 : 48469;
13920 : 48501;
13921 : 46225;
13922 : 35239;
13923 : 39432;
13924 : 45901;
13925 : 43820;
13926 : 43788;
13927 : 45836;
13928 : 43788;
13929 : 43788;
13930 : 43788;
13931 : 45836;
13932 : 39432;
13933 : 43983;
13934 : 65503;
13935 : 65535;
13936 : 65535;
13937 : 65535;
13938 : 65535;
13939 : 65535;
13940 : 65535;
13941 : 65535;
13942 : 65535;
13943 : 65535;
13944 : 65535;
13945 : 65535;
13946 : 65535;
13947 : 65535;
13948 : 65535;
13949 : 65535;
13950 : 65535;
13951 : 65535;
13952 : 65535;
13953 : 65535;
13954 : 65535;
13955 : 65535;
13956 : 65535;
13957 : 65535;
13958 : 65535;
13959 : 65535;
13960 : 65535;
13961 : 65535;
13962 : 65535;
13963 : 65535;
13964 : 65535;
13965 : 65535;
13966 : 65535;
13967 : 65535;
13968 : 65535;
13969 : 65535;
13970 : 63390;
13971 : 43886;
13972 : 37351;
13973 : 43755;
13974 : 43755;
13975 : 43755;
13976 : 43755;
13977 : 43755;
13978 : 43755;
13979 : 43756;
13980 : 43788;
13981 : 39432;
13982 : 35173;
13983 : 43917;
13984 : 50516;
13985 : 50517;
13986 : 52662;
13987 : 61244;
13988 : 65535;
13989 : 65535;
13990 : 65535;
13991 : 65535;
13992 : 65535;
13993 : 65535;
13994 : 65535;
13995 : 65535;
13996 : 65535;
13997 : 65535;
13998 : 65535;
13999 : 65535;
14000 : 65535;
14001 : 65535;
14002 : 65535;
14003 : 65535;
14004 : 65535;
14005 : 65535;
14006 : 65535;
14007 : 65535;
14008 : 65535;
14009 : 65535;
14010 : 65535;
14011 : 65535;
14012 : 65535;
14013 : 65535;
14014 : 65535;
14015 : 65535;
14016 : 65535;
14017 : 65535;
14018 : 65535;
14019 : 65535;
14020 : 65535;
14021 : 65535;
14022 : 65535;
14023 : 65535;
14024 : 65535;
14025 : 65535;
14026 : 65535;
14027 : 65535;
14028 : 65535;
14029 : 65535;
14030 : 65535;
14031 : 65535;
14032 : 65535;
14033 : 65535;
14034 : 65535;
14035 : 65535;
14036 : 65535;
14037 : 65535;
14038 : 65535;
14039 : 65535;
14040 : 65535;
14041 : 65535;
14042 : 65535;
14043 : 65535;
14044 : 61212;
14045 : 50614;
14046 : 48469;
14047 : 50517;
14048 : 41837;
14049 : 35173;
14050 : 41577;
14051 : 45901;
14052 : 45868;
14053 : 43788;
14054 : 43788;
14055 : 45836;
14056 : 43788;
14057 : 43788;
14058 : 43788;
14059 : 39432;
14060 : 41805;
14061 : 65470;
14062 : 65535;
14063 : 65535;
14064 : 65535;
14065 : 65535;
14066 : 65535;
14067 : 65535;
14068 : 65535;
14069 : 65535;
14070 : 65535;
14071 : 65535;
14072 : 65535;
14073 : 65535;
14074 : 65535;
14075 : 65535;
14076 : 65535;
14077 : 65535;
14078 : 65535;
14079 : 65535;
14080 : 65535;
14081 : 65535;
14082 : 65535;
14083 : 65535;
14084 : 65535;
14085 : 65535;
14086 : 65535;
14087 : 65535;
14088 : 65535;
14089 : 65535;
14090 : 65535;
14091 : 65535;
14092 : 65535;
14093 : 65535;
14094 : 65535;
14095 : 65535;
14096 : 65535;
14097 : 65535;
14098 : 65535;
14099 : 65503;
14100 : 46064;
14101 : 37287;
14102 : 43723;
14103 : 43755;
14104 : 43755;
14105 : 43755;
14106 : 43755;
14107 : 43755;
14108 : 43755;
14109 : 43788;
14110 : 43722;
14111 : 35206;
14112 : 39529;
14113 : 50386;
14114 : 50549;
14115 : 50549;
14116 : 56953;
14117 : 63422;
14118 : 65535;
14119 : 65535;
14120 : 65535;
14121 : 65535;
14122 : 65535;
14123 : 65535;
14124 : 65535;
14125 : 65535;
14126 : 65535;
14127 : 65535;
14128 : 65535;
14129 : 65535;
14130 : 65535;
14131 : 65535;
14132 : 65535;
14133 : 65535;
14134 : 65535;
14135 : 65535;
14136 : 65535;
14137 : 65535;
14138 : 65535;
14139 : 65535;
14140 : 65535;
14141 : 65535;
14142 : 65535;
14143 : 65535;
14144 : 65535;
14145 : 65535;
14146 : 65535;
14147 : 65535;
14148 : 65535;
14149 : 65535;
14150 : 65535;
14151 : 65535;
14152 : 65535;
14153 : 65535;
14154 : 65535;
14155 : 65535;
14156 : 65535;
14157 : 65535;
14158 : 65535;
14159 : 65535;
14160 : 65535;
14161 : 65535;
14162 : 65535;
14163 : 65535;
14164 : 65535;
14165 : 65535;
14166 : 65535;
14167 : 65535;
14168 : 65535;
14169 : 65535;
14170 : 63422;
14171 : 54873;
14172 : 48501;
14173 : 50549;
14174 : 48274;
14175 : 37384;
14176 : 35238;
14177 : 45803;
14178 : 45900;
14179 : 45868;
14180 : 45836;
14181 : 43788;
14182 : 43788;
14183 : 43756;
14184 : 43788;
14185 : 43755;
14186 : 37319;
14187 : 46031;
14188 : 65470;
14189 : 65535;
14190 : 65535;
14191 : 65535;
14192 : 65535;
14193 : 65535;
14194 : 65535;
14195 : 65535;
14196 : 65535;
14197 : 65535;
14198 : 65535;
14199 : 65535;
14200 : 65535;
14201 : 65535;
14202 : 65535;
14203 : 65535;
14204 : 65535;
14205 : 65535;
14206 : 65535;
14207 : 65535;
14208 : 65535;
14209 : 65535;
14210 : 65535;
14211 : 65535;
14212 : 65535;
14213 : 65535;
14214 : 65535;
14215 : 65535;
14216 : 65535;
14217 : 65535;
14218 : 65535;
14219 : 65535;
14220 : 65535;
14221 : 65535;
14222 : 65535;
14223 : 65535;
14224 : 65535;
14225 : 65535;
14226 : 65535;
14227 : 65535;
14228 : 65535;
14229 : 48274;
14230 : 37287;
14231 : 41674;
14232 : 43755;
14233 : 41707;
14234 : 43755;
14235 : 43755;
14236 : 43755;
14237 : 43755;
14238 : 43788;
14239 : 43788;
14240 : 39432;
14241 : 35206;
14242 : 43983;
14243 : 50549;
14244 : 50549;
14245 : 52662;
14246 : 59034;
14247 : 63390;
14248 : 65535;
14249 : 65535;
14250 : 65535;
14251 : 65535;
14252 : 65535;
14253 : 65535;
14254 : 65535;
14255 : 65535;
14256 : 65535;
14257 : 65535;
14258 : 65535;
14259 : 65535;
14260 : 65535;
14261 : 65535;
14262 : 65535;
14263 : 65535;
14264 : 65535;
14265 : 65535;
14266 : 65535;
14267 : 65535;
14268 : 65535;
14269 : 65535;
14270 : 65535;
14271 : 65535;
14272 : 65535;
14273 : 65535;
14274 : 65535;
14275 : 65535;
14276 : 65535;
14277 : 65535;
14278 : 65535;
14279 : 65535;
14280 : 65535;
14281 : 65535;
14282 : 65535;
14283 : 65535;
14284 : 65535;
14285 : 65535;
14286 : 65535;
14287 : 65535;
14288 : 65535;
14289 : 65535;
14290 : 65535;
14291 : 65535;
14292 : 65535;
14293 : 65535;
14294 : 65535;
14295 : 65535;
14296 : 63422;
14297 : 57018;
14298 : 50614;
14299 : 48534;
14300 : 50516;
14301 : 41805;
14302 : 35174;
14303 : 41545;
14304 : 45900;
14305 : 45868;
14306 : 45868;
14307 : 43820;
14308 : 43788;
14309 : 43788;
14310 : 43788;
14311 : 43788;
14312 : 43723;
14313 : 37319;
14314 : 50322;
14315 : 65535;
14316 : 65535;
14317 : 65535;
14318 : 65535;
14319 : 65535;
14320 : 65535;
14321 : 65535;
14322 : 65535;
14323 : 65535;
14324 : 65535;
14325 : 65535;
14326 : 65535;
14327 : 65535;
14328 : 65535;
14329 : 65535;
14330 : 65535;
14331 : 65535;
14332 : 65535;
14333 : 65535;
14334 : 65535;
14335 : 65535;
14336 : 65535;
14337 : 65535;
14338 : 65535;
14339 : 65535;
14340 : 65535;
14341 : 65535;
14342 : 65535;
14343 : 65535;
14344 : 65535;
14345 : 65535;
14346 : 65535;
14347 : 65535;
14348 : 65535;
14349 : 65535;
14350 : 65535;
14351 : 65535;
14352 : 65535;
14353 : 65535;
14354 : 65535;
14355 : 65535;
14356 : 65535;
14357 : 65535;
14358 : 52532;
14359 : 37287;
14360 : 41610;
14361 : 43755;
14362 : 41707;
14363 : 41707;
14364 : 43755;
14365 : 41707;
14366 : 41707;
14367 : 41707;
14368 : 43788;
14369 : 41642;
14370 : 35173;
14371 : 39497;
14372 : 48273;
14373 : 52630;
14374 : 50582;
14375 : 52662;
14376 : 59066;
14377 : 65470;
14378 : 65535;
14379 : 65535;
14380 : 65535;
14381 : 65535;
14382 : 65535;
14383 : 65535;
14384 : 65535;
14385 : 65535;
14386 : 65535;
14387 : 65535;
14388 : 65535;
14389 : 65535;
14390 : 65535;
14391 : 65535;
14392 : 65535;
14393 : 65535;
14394 : 65535;
14395 : 65535;
14396 : 65535;
14397 : 65535;
14398 : 65535;
14399 : 65535;
14400 : 65535;
14401 : 65535;
14402 : 65535;
14403 : 65535;
14404 : 65535;
14405 : 65535;
14406 : 65535;
14407 : 65535;
14408 : 65535;
14409 : 65535;
14410 : 65535;
14411 : 65535;
14412 : 65535;
14413 : 65535;
14414 : 65535;
14415 : 65535;
14416 : 65535;
14417 : 65535;
14418 : 65535;
14419 : 65535;
14420 : 65535;
14421 : 65535;
14422 : 63422;
14423 : 57018;
14424 : 52662;
14425 : 50550;
14426 : 50582;
14427 : 46193;
14428 : 35336;
14429 : 37286;
14430 : 43787;
14431 : 45900;
14432 : 45836;
14433 : 43820;
14434 : 43788;
14435 : 43788;
14436 : 43788;
14437 : 43788;
14438 : 43788;
14439 : 41610;
14440 : 35271;
14441 : 52597;
14442 : 65535;
14443 : 65535;
14444 : 65535;
14445 : 65535;
14446 : 65535;
14447 : 65535;
14448 : 65535;
14449 : 65535;
14450 : 65535;
14451 : 65535;
14452 : 65535;
14453 : 65535;
14454 : 65535;
14455 : 65535;
14456 : 65535;
14457 : 65535;
14458 : 65535;
14459 : 65535;
14460 : 65535;
14461 : 65535;
14462 : 65535;
14463 : 65535;
14464 : 65535;
14465 : 65535;
14466 : 65535;
14467 : 65535;
14468 : 65535;
14469 : 65535;
14470 : 65535;
14471 : 65535;
14472 : 65535;
14473 : 65535;
14474 : 65535;
14475 : 65535;
14476 : 65535;
14477 : 65535;
14478 : 65535;
14479 : 65535;
14480 : 65535;
14481 : 65535;
14482 : 65535;
14483 : 65535;
14484 : 65535;
14485 : 65535;
14486 : 65535;
14487 : 54710;
14488 : 35303;
14489 : 41577;
14490 : 41707;
14491 : 41707;
14492 : 41707;
14493 : 41707;
14494 : 41707;
14495 : 41707;
14496 : 41707;
14497 : 43756;
14498 : 43756;
14499 : 39432;
14500 : 35141;
14501 : 39561;
14502 : 48274;
14503 : 52630;
14504 : 50582;
14505 : 52663;
14506 : 59066;
14507 : 63390;
14508 : 65535;
14509 : 65535;
14510 : 65535;
14511 : 65535;
14512 : 65535;
14513 : 65535;
14514 : 65535;
14515 : 65535;
14516 : 65535;
14517 : 65535;
14518 : 65535;
14519 : 65535;
14520 : 65535;
14521 : 65535;
14522 : 65535;
14523 : 65535;
14524 : 65535;
14525 : 65535;
14526 : 65535;
14527 : 65535;
14528 : 65535;
14529 : 65535;
14530 : 65535;
14531 : 65535;
14532 : 65535;
14533 : 65535;
14534 : 65535;
14535 : 65535;
14536 : 65535;
14537 : 65535;
14538 : 65535;
14539 : 65535;
14540 : 65535;
14541 : 65535;
14542 : 65535;
14543 : 65535;
14544 : 65535;
14545 : 65535;
14546 : 65535;
14547 : 65535;
14548 : 63390;
14549 : 56986;
14550 : 52662;
14551 : 50582;
14552 : 52629;
14553 : 46193;
14554 : 37481;
14555 : 35173;
14556 : 41577;
14557 : 45868;
14558 : 43820;
14559 : 43820;
14560 : 43820;
14561 : 43788;
14562 : 43788;
14563 : 43788;
14564 : 43788;
14565 : 43788;
14566 : 41577;
14567 : 37384;
14568 : 56856;
14569 : 65535;
14570 : 65535;
14571 : 65535;
14572 : 65535;
14573 : 65535;
14574 : 65535;
14575 : 65535;
14576 : 65535;
14577 : 65535;
14578 : 65535;
14579 : 65535;
14580 : 65535;
14581 : 65535;
14582 : 65535;
14583 : 65535;
14584 : 65535;
14585 : 65535;
14586 : 65535;
14587 : 65535;
14588 : 65535;
14589 : 65535;
14590 : 65535;
14591 : 65535;
14592 : 65535;
14593 : 65535;
14594 : 65535;
14595 : 65535;
14596 : 65535;
14597 : 65535;
14598 : 65535;
14599 : 65535;
14600 : 65535;
14601 : 65535;
14602 : 65535;
14603 : 65535;
14604 : 65535;
14605 : 65535;
14606 : 65535;
14607 : 65535;
14608 : 65535;
14609 : 65535;
14610 : 65535;
14611 : 65535;
14612 : 65535;
14613 : 65535;
14614 : 65535;
14615 : 65535;
14616 : 58969;
14617 : 37514;
14618 : 39399;
14619 : 43723;
14620 : 41675;
14621 : 41707;
14622 : 41707;
14623 : 43755;
14624 : 43755;
14625 : 41707;
14626 : 41708;
14627 : 43788;
14628 : 43755;
14629 : 39432;
14630 : 35173;
14631 : 39562;
14632 : 48306;
14633 : 52630;
14634 : 52662;
14635 : 52662;
14636 : 56888;
14637 : 59131;
14638 : 63422;
14639 : 65535;
14640 : 65535;
14641 : 65535;
14642 : 65535;
14643 : 65535;
14644 : 65535;
14645 : 65535;
14646 : 65535;
14647 : 65535;
14648 : 65535;
14649 : 65535;
14650 : 65535;
14651 : 65535;
14652 : 65535;
14653 : 65535;
14654 : 65535;
14655 : 65535;
14656 : 65535;
14657 : 65535;
14658 : 65535;
14659 : 65535;
14660 : 65535;
14661 : 65535;
14662 : 65535;
14663 : 65535;
14664 : 65535;
14665 : 65535;
14666 : 65535;
14667 : 65535;
14668 : 65535;
14669 : 65535;
14670 : 65535;
14671 : 65535;
14672 : 65535;
14673 : 63422;
14674 : 59163;
14675 : 54873;
14676 : 50614;
14677 : 50582;
14678 : 50582;
14679 : 46161;
14680 : 37449;
14681 : 33126;
14682 : 39464;
14683 : 43788;
14684 : 43820;
14685 : 43788;
14686 : 43788;
14687 : 43788;
14688 : 43788;
14689 : 43788;
14690 : 43788;
14691 : 43788;
14692 : 43755;
14693 : 39400;
14694 : 39627;
14695 : 61147;
14696 : 65535;
14697 : 65535;
14698 : 65535;
14699 : 65535;
14700 : 65535;
14701 : 65535;
14702 : 65535;
14703 : 65535;
14704 : 65535;
14705 : 65535;
14706 : 65535;
14707 : 65535;
14708 : 65535;
14709 : 65535;
14710 : 65535;
14711 : 65535;
14712 : 65535;
14713 : 65535;
14714 : 65535;
14715 : 65535;
14716 : 65535;
14717 : 65535;
14718 : 65535;
14719 : 65535;
14720 : 65535;
14721 : 65535;
14722 : 65535;
14723 : 65535;
14724 : 65535;
14725 : 65535;
14726 : 65535;
14727 : 65535;
14728 : 65535;
14729 : 65535;
14730 : 65535;
14731 : 65535;
14732 : 65535;
14733 : 65535;
14734 : 65535;
14735 : 65535;
14736 : 65535;
14737 : 65535;
14738 : 65535;
14739 : 65535;
14740 : 65535;
14741 : 65535;
14742 : 65535;
14743 : 65535;
14744 : 65535;
14745 : 65438;
14746 : 48177;
14747 : 35239;
14748 : 41609;
14749 : 43755;
14750 : 41675;
14751 : 41707;
14752 : 41707;
14753 : 41707;
14754 : 41707;
14755 : 41707;
14756 : 41707;
14757 : 43756;
14758 : 43755;
14759 : 39464;
14760 : 35174;
14761 : 39594;
14762 : 48241;
14763 : 52597;
14764 : 52662;
14765 : 52662;
14766 : 52695;
14767 : 56921;
14768 : 61212;
14769 : 65470;
14770 : 65535;
14771 : 65535;
14772 : 65535;
14773 : 65535;
14774 : 65535;
14775 : 65535;
14776 : 65535;
14777 : 65535;
14778 : 65535;
14779 : 65535;
14780 : 65535;
14781 : 65535;
14782 : 65535;
14783 : 65535;
14784 : 65535;
14785 : 65535;
14786 : 65535;
14787 : 65535;
14788 : 65535;
14789 : 65535;
14790 : 65535;
14791 : 65535;
14792 : 65535;
14793 : 65535;
14794 : 65535;
14795 : 65535;
14796 : 65535;
14797 : 65535;
14798 : 63390;
14799 : 59131;
14800 : 54872;
14801 : 52694;
14802 : 50614;
14803 : 50614;
14804 : 52597;
14805 : 46128;
14806 : 37417;
14807 : 35174;
14808 : 39497;
14809 : 43787;
14810 : 43788;
14811 : 41740;
14812 : 43788;
14813 : 43788;
14814 : 43788;
14815 : 43788;
14816 : 43788;
14817 : 43788;
14818 : 43788;
14819 : 43658;
14820 : 37287;
14821 : 46063;
14822 : 63357;
14823 : 65535;
14824 : 65535;
14825 : 65535;
14826 : 65535;
14827 : 65535;
14828 : 65535;
14829 : 65535;
14830 : 65535;
14831 : 65535;
14832 : 65535;
14833 : 65535;
14834 : 65535;
14835 : 65535;
14836 : 65535;
14837 : 65535;
14838 : 65535;
14839 : 65535;
14840 : 65535;
14841 : 65535;
14842 : 65535;
14843 : 65535;
14844 : 65535;
14845 : 65535;
14846 : 65535;
14847 : 65535;
14848 : 65535;
14849 : 65535;
14850 : 65535;
14851 : 65535;
14852 : 65535;
14853 : 65535;
14854 : 65535;
14855 : 65535;
14856 : 65535;
14857 : 65535;
14858 : 65535;
14859 : 65535;
14860 : 65535;
14861 : 65535;
14862 : 65535;
14863 : 65535;
14864 : 65535;
14865 : 65535;
14866 : 65535;
14867 : 65535;
14868 : 65535;
14869 : 65535;
14870 : 65535;
14871 : 65535;
14872 : 65535;
14873 : 65535;
14874 : 65535;
14875 : 54775;
14876 : 37417;
14877 : 37351;
14878 : 43723;
14879 : 41707;
14880 : 41675;
14881 : 41675;
14882 : 41675;
14883 : 41675;
14884 : 41675;
14885 : 41675;
14886 : 41707;
14887 : 43756;
14888 : 43755;
14889 : 39432;
14890 : 35174;
14891 : 35271;
14892 : 41772;
14893 : 50354;
14894 : 52630;
14895 : 52694;
14896 : 52663;
14897 : 52695;
14898 : 54840;
14899 : 56986;
14900 : 61212;
14901 : 63389;
14902 : 65502;
14903 : 65535;
14904 : 65535;
14905 : 65535;
14906 : 65535;
14907 : 65535;
14908 : 65535;
14909 : 65535;
14910 : 65535;
14911 : 65535;
14912 : 65535;
14913 : 65535;
14914 : 65535;
14915 : 65535;
14916 : 65535;
14917 : 65535;
14918 : 65535;
14919 : 65535;
14920 : 65535;
14921 : 65502;
14922 : 63357;
14923 : 61212;
14924 : 57018;
14925 : 54841;
14926 : 52695;
14927 : 52662;
14928 : 52662;
14929 : 50549;
14930 : 48274;
14931 : 41772;
14932 : 37351;
14933 : 35206;
14934 : 41545;
14935 : 43788;
14936 : 43788;
14937 : 43756;
14938 : 43755;
14939 : 43755;
14940 : 43755;
14941 : 43755;
14942 : 43788;
14943 : 43787;
14944 : 43787;
14945 : 43755;
14946 : 39431;
14947 : 39497;
14948 : 54743;
14949 : 65535;
14950 : 65535;
14951 : 65535;
14952 : 65535;
14953 : 65535;
14954 : 65535;
14955 : 65535;
14956 : 65535;
14957 : 65535;
14958 : 65535;
14959 : 65535;
14960 : 65535;
14961 : 65535;
14962 : 65535;
14963 : 65535;
14964 : 65535;
14965 : 65535;
14966 : 65535;
14967 : 65535;
14968 : 65535;
14969 : 65535;
14970 : 65535;
14971 : 65535;
14972 : 65535;
14973 : 65535;
14974 : 65535;
14975 : 65535;
14976 : 65535;
14977 : 65535;
14978 : 65535;
14979 : 65535;
14980 : 65535;
14981 : 65535;
14982 : 65535;
14983 : 65535;
14984 : 65535;
14985 : 65535;
14986 : 65535;
14987 : 65535;
14988 : 65535;
14989 : 65535;
14990 : 65535;
14991 : 65535;
14992 : 65535;
14993 : 65535;
14994 : 65535;
14995 : 65535;
14996 : 65535;
14997 : 65535;
14998 : 65535;
14999 : 65535;
15000 : 65535;
15001 : 65535;
15002 : 65535;
15003 : 65535;
15004 : 63325;
15005 : 45999;
15006 : 35238;
15007 : 41609;
15008 : 43723;
15009 : 41675;
15010 : 41675;
15011 : 41675;
15012 : 41675;
15013 : 41675;
15014 : 41675;
15015 : 43723;
15016 : 43723;
15017 : 43755;
15018 : 43755;
15019 : 41610;
15020 : 37351;
15021 : 35206;
15022 : 37384;
15023 : 43886;
15024 : 50419;
15025 : 52630;
15026 : 52694;
15027 : 52694;
15028 : 52694;
15029 : 52695;
15030 : 54807;
15031 : 56921;
15032 : 59066;
15033 : 59131;
15034 : 59164;
15035 : 61244;
15036 : 63325;
15037 : 63358;
15038 : 63390;
15039 : 65470;
15040 : 63390;
15041 : 63389;
15042 : 63357;
15043 : 63325;
15044 : 61244;
15045 : 61212;
15046 : 59131;
15047 : 56986;
15048 : 54841;
15049 : 52727;
15050 : 52695;
15051 : 52695;
15052 : 52695;
15053 : 52663;
15054 : 50549;
15055 : 48274;
15056 : 41772;
15057 : 37352;
15058 : 35206;
15059 : 37352;
15060 : 41642;
15061 : 43788;
15062 : 43788;
15063 : 43788;
15064 : 41707;
15065 : 41708;
15066 : 43755;
15067 : 43755;
15068 : 43755;
15069 : 43787;
15070 : 43787;
15071 : 43787;
15072 : 41609;
15073 : 37319;
15074 : 46096;
15075 : 63357;
15076 : 65535;
15077 : 65535;
15078 : 65535;
15079 : 65535;
15080 : 65535;
15081 : 65535;
15082 : 65535;
15083 : 65535;
15084 : 65535;
15085 : 65535;
15086 : 65535;
15087 : 65535;
15088 : 65535;
15089 : 65535;
15090 : 65535;
15091 : 65535;
15092 : 65535;
15093 : 65535;
15094 : 65535;
15095 : 65535;
15096 : 65535;
15097 : 65535;
15098 : 65535;
15099 : 65535;
15100 : 65535;
15101 : 65535;
15102 : 65535;
15103 : 65535;
15104 : 65535;
15105 : 65535;
15106 : 65535;
15107 : 65535;
15108 : 65535;
15109 : 65535;
15110 : 65535;
15111 : 65535;
15112 : 65535;
15113 : 65535;
15114 : 65535;
15115 : 65535;
15116 : 65535;
15117 : 65535;
15118 : 65535;
15119 : 65535;
15120 : 65535;
15121 : 65535;
15122 : 65535;
15123 : 65535;
15124 : 65535;
15125 : 65535;
15126 : 65535;
15127 : 65535;
15128 : 65535;
15129 : 65535;
15130 : 65535;
15131 : 65535;
15132 : 65535;
15133 : 65535;
15134 : 54711;
15135 : 37449;
15136 : 37351;
15137 : 41642;
15138 : 41707;
15139 : 41675;
15140 : 41675;
15141 : 41675;
15142 : 41675;
15143 : 41675;
15144 : 41675;
15145 : 41675;
15146 : 41707;
15147 : 41707;
15148 : 41708;
15149 : 43755;
15150 : 41578;
15151 : 37319;
15152 : 35206;
15153 : 37352;
15154 : 39594;
15155 : 43950;
15156 : 48274;
15157 : 52564;
15158 : 54710;
15159 : 52695;
15160 : 52695;
15161 : 52695;
15162 : 52695;
15163 : 52695;
15164 : 52727;
15165 : 52695;
15166 : 52727;
15167 : 52727;
15168 : 52727;
15169 : 52695;
15170 : 52695;
15171 : 52695;
15172 : 50647;
15173 : 50647;
15174 : 50647;
15175 : 52695;
15176 : 52694;
15177 : 50582;
15178 : 50484;
15179 : 48241;
15180 : 43950;
15181 : 39627;
15182 : 37351;
15183 : 35206;
15184 : 39432;
15185 : 41642;
15186 : 43788;
15187 : 43788;
15188 : 43788;
15189 : 41707;
15190 : 41707;
15191 : 43756;
15192 : 43755;
15193 : 41707;
15194 : 43755;
15195 : 43755;
15196 : 43755;
15197 : 43787;
15198 : 43723;
15199 : 37351;
15200 : 39562;
15201 : 56888;
15202 : 65535;
15203 : 65535;
15204 : 65535;
15205 : 65535;
15206 : 65535;
15207 : 65535;
15208 : 65535;
15209 : 65535;
15210 : 65535;
15211 : 65535;
15212 : 65535;
15213 : 65535;
15214 : 65535;
15215 : 65535;
15216 : 65535;
15217 : 65535;
15218 : 65535;
15219 : 65535;
15220 : 65535;
15221 : 65535;
15222 : 65535;
15223 : 65535;
15224 : 65535;
15225 : 65535;
15226 : 65535;
15227 : 65535;
15228 : 65535;
15229 : 65535;
15230 : 65535;
15231 : 65535;
15232 : 65535;
15233 : 65535;
15234 : 65535;
15235 : 65535;
15236 : 65535;
15237 : 65535;
15238 : 65535;
15239 : 65535;
15240 : 65535;
15241 : 65535;
15242 : 65535;
15243 : 65535;
15244 : 65535;
15245 : 65535;
15246 : 65535;
15247 : 65535;
15248 : 65535;
15249 : 65535;
15250 : 65535;
15251 : 65535;
15252 : 65535;
15253 : 65535;
15254 : 65535;
15255 : 65535;
15256 : 65535;
15257 : 65535;
15258 : 65535;
15259 : 65535;
15260 : 65535;
15261 : 65535;
15262 : 65535;
15263 : 63357;
15264 : 50322;
15265 : 37384;
15266 : 37351;
15267 : 41642;
15268 : 41707;
15269 : 41675;
15270 : 41675;
15271 : 41675;
15272 : 41675;
15273 : 41675;
15274 : 41675;
15275 : 41675;
15276 : 41675;
15277 : 41675;
15278 : 41707;
15279 : 41707;
15280 : 43755;
15281 : 41610;
15282 : 39465;
15283 : 37319;
15284 : 35206;
15285 : 35238;
15286 : 37416;
15287 : 39659;
15288 : 43918;
15289 : 46031;
15290 : 48209;
15291 : 48274;
15292 : 50387;
15293 : 50484;
15294 : 50549;
15295 : 52597;
15296 : 50517;
15297 : 50484;
15298 : 50451;
15299 : 48306;
15300 : 48274;
15301 : 46193;
15302 : 46128;
15303 : 41837;
15304 : 39562;
15305 : 37351;
15306 : 35238;
15307 : 35238;
15308 : 37319;
15309 : 39464;
15310 : 41642;
15311 : 43787;
15312 : 43788;
15313 : 43756;
15314 : 41707;
15315 : 41707;
15316 : 41707;
15317 : 41707;
15318 : 43755;
15319 : 41707;
15320 : 41707;
15321 : 41707;
15322 : 41707;
15323 : 41708;
15324 : 41642;
15325 : 37351;
15326 : 37351;
15327 : 48242;
15328 : 65438;
15329 : 65535;
15330 : 65535;
15331 : 65535;
15332 : 65535;
15333 : 65535;
15334 : 65535;
15335 : 65535;
15336 : 65535;
15337 : 65535;
15338 : 65535;
15339 : 65535;
15340 : 65535;
15341 : 65535;
15342 : 65535;
15343 : 65535;
15344 : 65535;
15345 : 65535;
15346 : 65535;
15347 : 65535;
15348 : 65535;
15349 : 65535;
15350 : 65535;
15351 : 65535;
15352 : 65535;
15353 : 65535;
15354 : 65535;
15355 : 65535;
15356 : 65535;
15357 : 65535;
15358 : 65535;
15359 : 65535;
15360 : 65535;
15361 : 65535;
15362 : 65535;
15363 : 65535;
15364 : 65535;
15365 : 65535;
15366 : 65535;
15367 : 65535;
15368 : 65535;
15369 : 65535;
15370 : 65535;
15371 : 65535;
15372 : 65535;
15373 : 65535;
15374 : 65535;
15375 : 65535;
15376 : 65535;
15377 : 65535;
15378 : 65535;
15379 : 65535;
15380 : 65535;
15381 : 65535;
15382 : 65535;
15383 : 65535;
15384 : 65535;
15385 : 65535;
15386 : 65535;
15387 : 65535;
15388 : 65535;
15389 : 65535;
15390 : 65535;
15391 : 65535;
15392 : 65535;
15393 : 63325;
15394 : 48273;
15395 : 37384;
15396 : 37319;
15397 : 39562;
15398 : 41675;
15399 : 41643;
15400 : 41675;
15401 : 41675;
15402 : 41675;
15403 : 41675;
15404 : 41675;
15405 : 41675;
15406 : 41675;
15407 : 41675;
15408 : 41675;
15409 : 41675;
15410 : 41707;
15411 : 41707;
15412 : 41707;
15413 : 41675;
15414 : 41610;
15415 : 37384;
15416 : 37351;
15417 : 35271;
15418 : 35238;
15419 : 35206;
15420 : 35206;
15421 : 35238;
15422 : 35271;
15423 : 35271;
15424 : 35271;
15425 : 35239;
15426 : 33158;
15427 : 35206;
15428 : 35238;
15429 : 35238;
15430 : 35238;
15431 : 37384;
15432 : 39497;
15433 : 41642;
15434 : 43755;
15435 : 43788;
15436 : 43788;
15437 : 41740;
15438 : 41739;
15439 : 43755;
15440 : 41707;
15441 : 41707;
15442 : 43755;
15443 : 41707;
15444 : 41707;
15445 : 41707;
15446 : 41707;
15447 : 41707;
15448 : 41707;
15449 : 41707;
15450 : 41642;
15451 : 37318;
15452 : 35336;
15453 : 48209;
15454 : 61212;
15455 : 65535;
15456 : 65535;
15457 : 65535;
15458 : 65535;
15459 : 65535;
15460 : 65535;
15461 : 65535;
15462 : 65535;
15463 : 65535;
15464 : 65535;
15465 : 65535;
15466 : 65535;
15467 : 65535;
15468 : 65535;
15469 : 65535;
15470 : 65535;
15471 : 65535;
15472 : 65535;
15473 : 65535;
15474 : 65535;
15475 : 65535;
15476 : 65535;
15477 : 65535;
15478 : 65535;
15479 : 65535;
15480 : 65535;
15481 : 65535;
15482 : 65535;
15483 : 65535;
15484 : 65535;
15485 : 65535;
15486 : 65535;
15487 : 65535;
15488 : 65535;
15489 : 65535;
15490 : 65535;
15491 : 65535;
15492 : 65535;
15493 : 65535;
15494 : 65535;
15495 : 65535;
15496 : 65535;
15497 : 65535;
15498 : 65535;
15499 : 65535;
15500 : 65535;
15501 : 65535;
15502 : 65535;
15503 : 65535;
15504 : 65535;
15505 : 65535;
15506 : 65535;
15507 : 65535;
15508 : 65535;
15509 : 65535;
15510 : 65535;
15511 : 65535;
15512 : 65535;
15513 : 65535;
15514 : 65535;
15515 : 65535;
15516 : 65535;
15517 : 65535;
15518 : 65535;
15519 : 65535;
15520 : 65535;
15521 : 65535;
15522 : 65535;
15523 : 63292;
15524 : 48241;
15525 : 35271;
15526 : 37287;
15527 : 39561;
15528 : 41675;
15529 : 41675;
15530 : 41675;
15531 : 41675;
15532 : 41675;
15533 : 41675;
15534 : 41674;
15535 : 41674;
15536 : 41675;
15537 : 41675;
15538 : 41675;
15539 : 41675;
15540 : 41675;
15541 : 41707;
15542 : 41707;
15543 : 41707;
15544 : 41707;
15545 : 41740;
15546 : 41707;
15547 : 41707;
15548 : 41707;
15549 : 41707;
15550 : 41675;
15551 : 41675;
15552 : 41675;
15553 : 41675;
15554 : 41675;
15555 : 41707;
15556 : 41740;
15557 : 43788;
15558 : 43788;
15559 : 43788;
15560 : 41740;
15561 : 41707;
15562 : 41707;
15563 : 41707;
15564 : 41707;
15565 : 41707;
15566 : 41707;
15567 : 41707;
15568 : 41707;
15569 : 41707;
15570 : 41707;
15571 : 41675;
15572 : 41675;
15573 : 41675;
15574 : 41707;
15575 : 41707;
15576 : 41610;
15577 : 37286;
15578 : 37416;
15579 : 48306;
15580 : 63325;
15581 : 65535;
15582 : 65535;
15583 : 65535;
15584 : 65535;
15585 : 65535;
15586 : 65535;
15587 : 65535;
15588 : 65535;
15589 : 65535;
15590 : 65535;
15591 : 65535;
15592 : 65535;
15593 : 65535;
15594 : 65535;
15595 : 65535;
15596 : 65535;
15597 : 65535;
15598 : 65535;
15599 : 65535;
15600 : 65535;
15601 : 65535;
15602 : 65535;
15603 : 65535;
15604 : 65535;
15605 : 65535;
15606 : 65535;
15607 : 65535;
15608 : 65535;
15609 : 65535;
15610 : 65535;
15611 : 65535;
15612 : 65535;
15613 : 65535;
15614 : 65535;
15615 : 65535;
15616 : 65535;
15617 : 65535;
15618 : 65535;
15619 : 65535;
15620 : 65535;
15621 : 65535;
15622 : 65535;
15623 : 65535;
15624 : 65535;
15625 : 65535;
15626 : 65535;
15627 : 65535;
15628 : 65535;
15629 : 65535;
15630 : 65535;
15631 : 65535;
15632 : 65535;
15633 : 65535;
15634 : 65535;
15635 : 65535;
15636 : 65535;
15637 : 65535;
15638 : 65535;
15639 : 65535;
15640 : 65535;
15641 : 65535;
15642 : 65535;
15643 : 65535;
15644 : 65535;
15645 : 65535;
15646 : 65535;
15647 : 65535;
15648 : 65535;
15649 : 65535;
15650 : 65535;
15651 : 65535;
15652 : 65535;
15653 : 61212;
15654 : 48177;
15655 : 37416;
15656 : 37254;
15657 : 37384;
15658 : 41610;
15659 : 41674;
15660 : 41675;
15661 : 41674;
15662 : 41642;
15663 : 41642;
15664 : 41675;
15665 : 41674;
15666 : 41643;
15667 : 41675;
15668 : 41674;
15669 : 41675;
15670 : 41675;
15671 : 41675;
15672 : 41675;
15673 : 41675;
15674 : 41675;
15675 : 41675;
15676 : 41675;
15677 : 41675;
15678 : 41707;
15679 : 41707;
15680 : 41675;
15681 : 41707;
15682 : 41707;
15683 : 41675;
15684 : 41675;
15685 : 41675;
15686 : 41707;
15687 : 41707;
15688 : 41675;
15689 : 41707;
15690 : 41707;
15691 : 41707;
15692 : 41675;
15693 : 41675;
15694 : 41707;
15695 : 41707;
15696 : 41675;
15697 : 41675;
15698 : 41675;
15699 : 41675;
15700 : 41675;
15701 : 41642;
15702 : 39496;
15703 : 37286;
15704 : 37449;
15705 : 50419;
15706 : 63357;
15707 : 65535;
15708 : 65535;
15709 : 65535;
15710 : 65535;
15711 : 65535;
15712 : 65535;
15713 : 65535;
15714 : 65535;
15715 : 65535;
15716 : 65535;
15717 : 65535;
15718 : 65535;
15719 : 65535;
15720 : 65535;
15721 : 65535;
15722 : 65535;
15723 : 65535;
15724 : 65535;
15725 : 65535;
15726 : 65535;
15727 : 65535;
15728 : 65535;
15729 : 65535;
15730 : 65535;
15731 : 65535;
15732 : 65535;
15733 : 65535;
15734 : 65535;
15735 : 65535;
15736 : 65535;
15737 : 65535;
15738 : 65535;
15739 : 65535;
15740 : 65535;
15741 : 65535;
15742 : 65535;
15743 : 65535;
15744 : 65535;
15745 : 65535;
15746 : 65535;
15747 : 65535;
15748 : 65535;
15749 : 65535;
15750 : 65535;
15751 : 65535;
15752 : 65535;
15753 : 65535;
15754 : 65535;
15755 : 65535;
15756 : 65535;
15757 : 65535;
15758 : 65535;
15759 : 65535;
15760 : 65535;
15761 : 65535;
15762 : 65535;
15763 : 65535;
15764 : 65535;
15765 : 65535;
15766 : 65535;
15767 : 65535;
15768 : 65535;
15769 : 65535;
15770 : 65535;
15771 : 65535;
15772 : 65535;
15773 : 65535;
15774 : 65535;
15775 : 65535;
15776 : 65535;
15777 : 65535;
15778 : 65535;
15779 : 65535;
15780 : 65535;
15781 : 65535;
15782 : 65535;
15783 : 63389;
15784 : 54743;
15785 : 43917;
15786 : 35303;
15787 : 35238;
15788 : 39464;
15789 : 41610;
15790 : 41675;
15791 : 41674;
15792 : 41674;
15793 : 41642;
15794 : 41643;
15795 : 41675;
15796 : 41642;
15797 : 41675;
15798 : 41675;
15799 : 41675;
15800 : 41675;
15801 : 41675;
15802 : 41674;
15803 : 41675;
15804 : 41675;
15805 : 41675;
15806 : 41675;
15807 : 41675;
15808 : 41675;
15809 : 41675;
15810 : 41675;
15811 : 41675;
15812 : 41675;
15813 : 41675;
15814 : 41675;
15815 : 41675;
15816 : 41675;
15817 : 41707;
15818 : 41707;
15819 : 41675;
15820 : 41675;
15821 : 41675;
15822 : 41675;
15823 : 41675;
15824 : 41707;
15825 : 41675;
15826 : 41642;
15827 : 39464;
15828 : 35271;
15829 : 37384;
15830 : 41837;
15831 : 52629;
15832 : 63390;
15833 : 65535;
15834 : 65535;
15835 : 65535;
15836 : 65535;
15837 : 65535;
15838 : 65535;
15839 : 65535;
15840 : 65535;
15841 : 65535;
15842 : 65535;
15843 : 65535;
15844 : 65535;
15845 : 65535;
15846 : 65535;
15847 : 65535;
15848 : 65535;
15849 : 65535;
15850 : 65535;
15851 : 65535;
15852 : 65535;
15853 : 65535;
15854 : 65535;
15855 : 65535;
15856 : 65535;
15857 : 65535;
15858 : 65535;
15859 : 65535;
15860 : 65535;
15861 : 65535;
15862 : 65535;
15863 : 65535;
15864 : 65535;
15865 : 65535;
15866 : 65535;
15867 : 65535;
15868 : 65535;
15869 : 65535;
15870 : 65535;
15871 : 65535;
15872 : 65535;
15873 : 65535;
15874 : 65535;
15875 : 65535;
15876 : 65535;
15877 : 65535;
15878 : 65535;
15879 : 65535;
15880 : 65535;
15881 : 65535;
15882 : 65535;
15883 : 65535;
15884 : 65535;
15885 : 65535;
15886 : 65535;
15887 : 65535;
15888 : 65535;
15889 : 65535;
15890 : 65535;
15891 : 65535;
15892 : 65535;
15893 : 65535;
15894 : 65535;
15895 : 65535;
15896 : 65535;
15897 : 65535;
15898 : 65535;
15899 : 65535;
15900 : 65535;
15901 : 65535;
15902 : 65535;
15903 : 65535;
15904 : 65535;
15905 : 65535;
15906 : 65535;
15907 : 65535;
15908 : 65535;
15909 : 65535;
15910 : 65535;
15911 : 65535;
15912 : 65535;
15913 : 65535;
15914 : 63325;
15915 : 52597;
15916 : 43853;
15917 : 35271;
15918 : 37287;
15919 : 39432;
15920 : 39529;
15921 : 41642;
15922 : 41674;
15923 : 41674;
15924 : 41642;
15925 : 41642;
15926 : 41674;
15927 : 41675;
15928 : 41642;
15929 : 41674;
15930 : 41642;
15931 : 41642;
15932 : 41675;
15933 : 41675;
15934 : 41675;
15935 : 41675;
15936 : 41675;
15937 : 41675;
15938 : 41675;
15939 : 41675;
15940 : 41675;
15941 : 41675;
15942 : 41675;
15943 : 41675;
15944 : 41675;
15945 : 41675;
15946 : 41675;
15947 : 41675;
15948 : 41707;
15949 : 41707;
15950 : 41675;
15951 : 41642;
15952 : 39464;
15953 : 35238;
15954 : 37383;
15955 : 43886;
15956 : 54678;
15957 : 63325;
15958 : 65535;
15959 : 65535;
15960 : 65535;
15961 : 65535;
15962 : 65535;
15963 : 65535;
15964 : 65535;
15965 : 65535;
15966 : 65535;
15967 : 65535;
15968 : 65535;
15969 : 65535;
15970 : 65535;
15971 : 65535;
15972 : 65535;
15973 : 65535;
15974 : 65535;
15975 : 65535;
15976 : 65535;
15977 : 65535;
15978 : 65535;
15979 : 65535;
15980 : 65535;
15981 : 65535;
15982 : 65535;
15983 : 65535;
15984 : 65535;
15985 : 65535;
15986 : 65535;
15987 : 65535;
15988 : 65535;
15989 : 65535;
15990 : 65535;
15991 : 65535;
15992 : 65535;
15993 : 65535;
15994 : 65535;
15995 : 65535;
15996 : 65535;
15997 : 65535;
15998 : 65535;
15999 : 65535;
16000 : 65535;
16001 : 65535;
16002 : 65535;
16003 : 65535;
16004 : 65535;
16005 : 65535;
16006 : 65535;
16007 : 65535;
16008 : 65535;
16009 : 65535;
16010 : 65535;
16011 : 65535;
16012 : 65535;
16013 : 65535;
16014 : 65535;
16015 : 65535;
16016 : 65535;
16017 : 65535;
16018 : 65535;
16019 : 65535;
16020 : 65535;
16021 : 65535;
16022 : 65535;
16023 : 65535;
16024 : 65535;
16025 : 65535;
16026 : 65535;
16027 : 65535;
16028 : 65535;
16029 : 65535;
16030 : 65535;
16031 : 65535;
16032 : 65535;
16033 : 65535;
16034 : 65535;
16035 : 65535;
16036 : 65535;
16037 : 65535;
16038 : 65535;
16039 : 65535;
16040 : 65535;
16041 : 65535;
16042 : 65535;
16043 : 65535;
16044 : 65535;
16045 : 61212;
16046 : 52533;
16047 : 43918;
16048 : 39561;
16049 : 35271;
16050 : 37286;
16051 : 37319;
16052 : 39496;
16053 : 39562;
16054 : 41642;
16055 : 41642;
16056 : 41674;
16057 : 41643;
16058 : 41675;
16059 : 41642;
16060 : 41675;
16061 : 41642;
16062 : 41642;
16063 : 41642;
16064 : 41675;
16065 : 41675;
16066 : 41675;
16067 : 41675;
16068 : 41675;
16069 : 41707;
16070 : 41707;
16071 : 41707;
16072 : 41707;
16073 : 41642;
16074 : 41577;
16075 : 39464;
16076 : 37319;
16077 : 37318;
16078 : 37319;
16079 : 37449;
16080 : 43918;
16081 : 54710;
16082 : 63325;
16083 : 65535;
16084 : 65535;
16085 : 65535;
16086 : 65535;
16087 : 65535;
16088 : 65535;
16089 : 65535;
16090 : 65535;
16091 : 65535;
16092 : 65535;
16093 : 65535;
16094 : 65535;
16095 : 65535;
16096 : 65535;
16097 : 65535;
16098 : 65535;
16099 : 65535;
16100 : 65535;
16101 : 65535;
16102 : 65535;
16103 : 65535;
16104 : 65535;
16105 : 65535;
16106 : 65535;
16107 : 65535;
16108 : 65535;
16109 : 65535;
16110 : 65535;
16111 : 65535;
16112 : 65535;
16113 : 65535;
16114 : 65535;
16115 : 65535;
16116 : 65535;
16117 : 65535;
16118 : 65535;
16119 : 65535;
16120 : 65535;
16121 : 65535;
16122 : 65535;
16123 : 65535;
16124 : 65535;
16125 : 65535;
16126 : 65535;
16127 : 65535;
16128 : 65535;
16129 : 65535;
16130 : 65535;
16131 : 65535;
16132 : 65535;
16133 : 65535;
16134 : 65535;
16135 : 65535;
16136 : 65535;
16137 : 65535;
16138 : 65535;
16139 : 65535;
16140 : 65535;
16141 : 65535;
16142 : 65535;
16143 : 65535;
16144 : 65535;
16145 : 65535;
16146 : 65535;
16147 : 65535;
16148 : 65535;
16149 : 65535;
16150 : 65535;
16151 : 65535;
16152 : 65535;
16153 : 65535;
16154 : 65535;
16155 : 65535;
16156 : 65535;
16157 : 65535;
16158 : 65535;
16159 : 65535;
16160 : 65535;
16161 : 65535;
16162 : 65535;
16163 : 65535;
16164 : 65535;
16165 : 65535;
16166 : 65535;
16167 : 65535;
16168 : 65535;
16169 : 65535;
16170 : 65535;
16171 : 65535;
16172 : 65535;
16173 : 65535;
16174 : 65535;
16175 : 65535;
16176 : 65503;
16177 : 61212;
16178 : 54775;
16179 : 48274;
16180 : 43853;
16181 : 37481;
16182 : 35303;
16183 : 37286;
16184 : 37318;
16185 : 37318;
16186 : 37351;
16187 : 39464;
16188 : 39464;
16189 : 39497;
16190 : 41577;
16191 : 41577;
16192 : 39529;
16193 : 39497;
16194 : 39497;
16195 : 39464;
16196 : 39432;
16197 : 37352;
16198 : 37351;
16199 : 37351;
16200 : 35238;
16201 : 37351;
16202 : 39561;
16203 : 43918;
16204 : 48273;
16205 : 54743;
16206 : 61147;
16207 : 65470;
16208 : 65535;
16209 : 65535;
16210 : 65535;
16211 : 65535;
16212 : 65535;
16213 : 65535;
16214 : 65535;
16215 : 65535;
16216 : 65535;
16217 : 65535;
16218 : 65535;
16219 : 65535;
16220 : 65535;
16221 : 65535;
16222 : 65535;
16223 : 65535;
16224 : 65535;
16225 : 65535;
16226 : 65535;
16227 : 65535;
16228 : 65535;
16229 : 65535;
16230 : 65535;
16231 : 65535;
16232 : 65535;
16233 : 65535;
16234 : 65535;
16235 : 65535;
16236 : 65535;
16237 : 65535;
16238 : 65535;
16239 : 65535;
16240 : 65535;
16241 : 65535;
16242 : 65535;
16243 : 65535;
16244 : 65535;
16245 : 65535;
16246 : 65535;
16247 : 65535;
16248 : 65535;
16249 : 65535;
16250 : 65535;
16251 : 65535;
16252 : 65535;
16253 : 65535;
16254 : 65535;
16255 : 65535;
16256 : 65535;
16257 : 65535;
16258 : 65535;
16259 : 65535;
16260 : 65535;
16261 : 65535;
16262 : 65535;
16263 : 65535;
16264 : 65535;
16265 : 65535;
16266 : 65535;
16267 : 65535;
16268 : 65535;
16269 : 65535;
16270 : 65535;
16271 : 65535;
16272 : 65535;
16273 : 65535;
16274 : 65535;
16275 : 65535;
16276 : 65535;
16277 : 65535;
16278 : 65535;
16279 : 65535;
16280 : 65535;
16281 : 65535;
16282 : 65535;
16283 : 65535;
16284 : 65535;
16285 : 65535;
16286 : 65535;
16287 : 65535;
16288 : 65535;
16289 : 65535;
16290 : 65535;
16291 : 65535;
16292 : 65535;
16293 : 65535;
16294 : 65535;
16295 : 65535;
16296 : 65535;
16297 : 65535;
16298 : 65535;
16299 : 65535;
16300 : 65535;
16301 : 65535;
16302 : 65535;
16303 : 65535;
16304 : 65535;
16305 : 65535;
16306 : 65535;
16307 : 65535;
16308 : 65535;
16309 : 63390;
16310 : 59066;
16311 : 54743;
16312 : 54645;
16313 : 50419;
16314 : 46128;
16315 : 46031;
16316 : 43853;
16317 : 39562;
16318 : 37416;
16319 : 39464;
16320 : 37448;
16321 : 37481;
16322 : 41740;
16323 : 43917;
16324 : 43982;
16325 : 46063;
16326 : 46161;
16327 : 50452;
16328 : 54743;
16329 : 61180;
16330 : 65503;
16331 : 65535;
16332 : 65535;
16333 : 65535;
16334 : 65535;
16335 : 65535;
16336 : 65535;
16337 : 65535;
16338 : 65535;
16339 : 65535;
16340 : 65535;
16341 : 65535;
16342 : 65535;
16343 : 65535;
16344 : 65535;
16345 : 65535;
16346 : 65535;
16347 : 65535;
16348 : 65535;
16349 : 65535;
16350 : 65535;
16351 : 65535;
16352 : 65535;
16353 : 65535;
16354 : 65535;
16355 : 65535;
16356 : 65535;
16357 : 65535;
16358 : 65535;
16359 : 65535;
16360 : 65535;
16361 : 65535;
16362 : 65535;
16363 : 65535;
16364 : 65535;
16365 : 65535;
16366 : 65535;
16367 : 65535;
16368 : 65535;
16369 : 65535;
16370 : 65535;
16371 : 65535;
16372 : 65535;
16373 : 65535;
16374 : 65535;
16375 : 65535;
16376 : 65535;
16377 : 65535;
16378 : 65535;
16379 : 65535;
16380 : 65535;
16381 : 65535;
16382 : 65535;
16383 : 65535;
END;
