WIDTH=24;
DEPTH=16384;

ADDRESS_RADIX=UNS;
DATA_RADIX=UNS;

CONTENT BEGIN
0 : 16777215;
1 : 16777215;
2 : 16777215;
3 : 16777215;
4 : 16777215;
5 : 16777215;
6 : 16777215;
7 : 16777215;
8 : 16777215;
9 : 16777215;
10 : 16777215;
11 : 16777215;
12 : 16777215;
13 : 16777215;
14 : 16777215;
15 : 16777215;
16 : 16777215;
17 : 16777215;
18 : 16777215;
19 : 16777215;
20 : 16777215;
21 : 16777215;
22 : 16777215;
23 : 16777215;
24 : 16777215;
25 : 16777215;
26 : 16777215;
27 : 16777215;
28 : 16777215;
29 : 16777215;
30 : 16777215;
31 : 16777215;
32 : 16777215;
33 : 16777215;
34 : 16777215;
35 : 16777215;
36 : 16777215;
37 : 16777215;
38 : 16777215;
39 : 16777215;
40 : 16777215;
41 : 16777215;
42 : 16777215;
43 : 16777215;
44 : 16777215;
45 : 16777215;
46 : 16777215;
47 : 16777215;
48 : 16777215;
49 : 16777215;
50 : 16777215;
51 : 16777215;
52 : 16777215;
53 : 16777215;
54 : 16777215;
55 : 16777215;
56 : 16777215;
57 : 16777215;
58 : 16777215;
59 : 16777215;
60 : 16448250;
61 : 15461356;
62 : 16777215;
63 : 16777215;
64 : 16777215;
65 : 16777215;
66 : 16777215;
67 : 16777215;
68 : 16777215;
69 : 16777215;
70 : 16777215;
71 : 16777215;
72 : 16777215;
73 : 16777215;
74 : 16777215;
75 : 16777215;
76 : 16777215;
77 : 16777215;
78 : 16777215;
79 : 16777215;
80 : 16777215;
81 : 16777215;
82 : 16777215;
83 : 16777215;
84 : 16777215;
85 : 16777215;
86 : 16777215;
87 : 16777215;
88 : 16777215;
89 : 16777215;
90 : 16777215;
91 : 16777215;
92 : 16777215;
93 : 16777215;
94 : 16777215;
95 : 16777215;
96 : 16777215;
97 : 16777215;
98 : 16777215;
99 : 16777215;
100 : 16777215;
101 : 16777215;
102 : 16777215;
103 : 16777215;
104 : 16777215;
105 : 16777215;
106 : 16777215;
107 : 16777215;
108 : 16777215;
109 : 16777215;
110 : 16777215;
111 : 16777215;
112 : 16777215;
113 : 16777215;
114 : 16777215;
115 : 16777215;
116 : 16777215;
117 : 16777215;
118 : 16777215;
119 : 16777215;
120 : 16777215;
121 : 16777215;
122 : 16777215;
123 : 16777215;
124 : 16777215;
125 : 16777215;
126 : 16777215;
127 : 16777215;
128 : 16777215;
129 : 16777215;
130 : 16777215;
131 : 16777215;
132 : 16777215;
133 : 16777215;
134 : 16777215;
135 : 16777215;
136 : 16777215;
137 : 16777215;
138 : 16777215;
139 : 16777215;
140 : 16777215;
141 : 16777215;
142 : 16777215;
143 : 16777215;
144 : 16777215;
145 : 16777215;
146 : 16777215;
147 : 16777215;
148 : 16777215;
149 : 16777215;
150 : 16777215;
151 : 16777215;
152 : 16777215;
153 : 16777215;
154 : 16777215;
155 : 16777215;
156 : 16777215;
157 : 16777215;
158 : 16777215;
159 : 16777215;
160 : 16777215;
161 : 16777215;
162 : 16777215;
163 : 16777215;
164 : 16777215;
165 : 16777215;
166 : 16777215;
167 : 16777215;
168 : 16777215;
169 : 16777215;
170 : 16777215;
171 : 16777215;
172 : 16777215;
173 : 16777215;
174 : 16777215;
175 : 16777215;
176 : 16777215;
177 : 16777215;
178 : 16777215;
179 : 16777215;
180 : 16777215;
181 : 16777215;
182 : 16777215;
183 : 16777215;
184 : 16777215;
185 : 16777215;
186 : 16777215;
187 : 16777215;
188 : 14540252;
189 : 4801084;
190 : 12631739;
191 : 16777215;
192 : 16777215;
193 : 16777215;
194 : 16777215;
195 : 16777215;
196 : 16777215;
197 : 16777215;
198 : 16777215;
199 : 16777215;
200 : 16777215;
201 : 16448507;
202 : 16580094;
203 : 16777215;
204 : 16777215;
205 : 16777215;
206 : 16777215;
207 : 16777215;
208 : 16777215;
209 : 16777215;
210 : 16777215;
211 : 16777215;
212 : 16777215;
213 : 16777215;
214 : 16777215;
215 : 16777215;
216 : 16777215;
217 : 16777215;
218 : 16777215;
219 : 16777215;
220 : 16777215;
221 : 16777215;
222 : 16777215;
223 : 16777215;
224 : 16777215;
225 : 16777215;
226 : 16777215;
227 : 16777215;
228 : 16777215;
229 : 16777215;
230 : 16777215;
231 : 16777215;
232 : 16777215;
233 : 16777215;
234 : 16777215;
235 : 16777215;
236 : 16777215;
237 : 16777215;
238 : 16777215;
239 : 16777215;
240 : 16777215;
241 : 16777215;
242 : 16777215;
243 : 16777215;
244 : 16777215;
245 : 16777215;
246 : 16777215;
247 : 16777215;
248 : 16777215;
249 : 16777215;
250 : 16777215;
251 : 16777215;
252 : 16777215;
253 : 16777215;
254 : 16777215;
255 : 16777215;
256 : 16777215;
257 : 16777215;
258 : 16777215;
259 : 16777215;
260 : 16777215;
261 : 16777215;
262 : 16777215;
263 : 16777215;
264 : 16777215;
265 : 16777215;
266 : 16777215;
267 : 16777215;
268 : 16777215;
269 : 16777215;
270 : 16777215;
271 : 16777215;
272 : 16777215;
273 : 16777215;
274 : 16777215;
275 : 16777215;
276 : 16777215;
277 : 16777215;
278 : 16777215;
279 : 16777215;
280 : 16777215;
281 : 16777215;
282 : 16777215;
283 : 16777215;
284 : 16777215;
285 : 16777215;
286 : 16777215;
287 : 16777215;
288 : 16777215;
289 : 16777215;
290 : 16777215;
291 : 16777215;
292 : 16777215;
293 : 16777215;
294 : 16777215;
295 : 16777215;
296 : 16777215;
297 : 16777215;
298 : 16777215;
299 : 16777215;
300 : 16777215;
301 : 16777215;
302 : 16777215;
303 : 16777215;
304 : 16777215;
305 : 16777215;
306 : 16777215;
307 : 16777215;
308 : 16777215;
309 : 16777215;
310 : 16777215;
311 : 16777215;
312 : 16777215;
313 : 16777215;
314 : 16777215;
315 : 16777215;
316 : 14737633;
317 : 4666393;
318 : 5323032;
319 : 11973555;
320 : 16777215;
321 : 16777215;
322 : 16777215;
323 : 16777215;
324 : 16777215;
325 : 16777215;
326 : 16777215;
327 : 16777215;
328 : 16514300;
329 : 8156781;
330 : 8879985;
331 : 15658735;
332 : 16777215;
333 : 16777215;
334 : 16777215;
335 : 16777215;
336 : 16777215;
337 : 16777215;
338 : 16777215;
339 : 16777215;
340 : 16777215;
341 : 16777215;
342 : 16777215;
343 : 16777215;
344 : 16777215;
345 : 16777215;
346 : 16777215;
347 : 16777215;
348 : 16777215;
349 : 16777215;
350 : 16777215;
351 : 16777215;
352 : 16777215;
353 : 16777215;
354 : 16777215;
355 : 16777215;
356 : 16777215;
357 : 16777215;
358 : 16777215;
359 : 16777215;
360 : 16777215;
361 : 16777215;
362 : 16777215;
363 : 16777215;
364 : 16777215;
365 : 16777215;
366 : 16777215;
367 : 16777215;
368 : 16777215;
369 : 16777215;
370 : 16777215;
371 : 16777215;
372 : 16777215;
373 : 16777215;
374 : 16777215;
375 : 16777215;
376 : 16777215;
377 : 16777215;
378 : 16777215;
379 : 16777215;
380 : 16777215;
381 : 16777215;
382 : 16777215;
383 : 16777215;
384 : 16777215;
385 : 16777215;
386 : 16777215;
387 : 16777215;
388 : 16777215;
389 : 16777215;
390 : 16777215;
391 : 16777215;
392 : 16777215;
393 : 16777215;
394 : 16777215;
395 : 16777215;
396 : 16777215;
397 : 16777215;
398 : 16777215;
399 : 16777215;
400 : 16777215;
401 : 16777215;
402 : 16777215;
403 : 16777215;
404 : 16777215;
405 : 16777215;
406 : 16777215;
407 : 16777215;
408 : 16777215;
409 : 16777215;
410 : 16777215;
411 : 16777215;
412 : 16777215;
413 : 16777215;
414 : 16777215;
415 : 16777215;
416 : 16777215;
417 : 16777215;
418 : 16777215;
419 : 16777215;
420 : 16777215;
421 : 16777215;
422 : 16777215;
423 : 16777215;
424 : 16777215;
425 : 16777215;
426 : 16777215;
427 : 16777215;
428 : 16777215;
429 : 16777215;
430 : 16777215;
431 : 16777215;
432 : 16777215;
433 : 16777215;
434 : 16777215;
435 : 16777215;
436 : 16777215;
437 : 16777215;
438 : 16777215;
439 : 16777215;
440 : 16777215;
441 : 16777215;
442 : 16777215;
443 : 16777215;
444 : 15066856;
445 : 5389857;
446 : 7161351;
447 : 5192473;
448 : 11973810;
449 : 16777215;
450 : 16777215;
451 : 16777215;
452 : 16777215;
453 : 16777215;
454 : 16777215;
455 : 16777215;
456 : 14145754;
457 : 6377266;
458 : 10714181;
459 : 8351842;
460 : 15264234;
461 : 16777215;
462 : 16777215;
463 : 16777215;
464 : 16777215;
465 : 16777215;
466 : 16777215;
467 : 16777215;
468 : 16777215;
469 : 16777215;
470 : 16777215;
471 : 16777215;
472 : 16777215;
473 : 16777215;
474 : 16777215;
475 : 16777215;
476 : 16777215;
477 : 16777215;
478 : 16777215;
479 : 16777215;
480 : 16777215;
481 : 16777215;
482 : 16777215;
483 : 16777215;
484 : 16777215;
485 : 16777215;
486 : 16777215;
487 : 16777215;
488 : 16777215;
489 : 16777215;
490 : 16777215;
491 : 16777215;
492 : 16777215;
493 : 16777215;
494 : 16777215;
495 : 16777215;
496 : 16777215;
497 : 16777215;
498 : 16777215;
499 : 16777215;
500 : 16777215;
501 : 16777215;
502 : 16777215;
503 : 16777215;
504 : 16777215;
505 : 16777215;
506 : 16777215;
507 : 16777215;
508 : 16777215;
509 : 16777215;
510 : 16777215;
511 : 16777215;
512 : 16777215;
513 : 16777215;
514 : 16777215;
515 : 16777215;
516 : 16777215;
517 : 16777215;
518 : 16777215;
519 : 16777215;
520 : 16777215;
521 : 16777215;
522 : 16777215;
523 : 16777215;
524 : 16777215;
525 : 16777215;
526 : 16777215;
527 : 16777215;
528 : 16777215;
529 : 16777215;
530 : 16777215;
531 : 16777215;
532 : 16777215;
533 : 16777215;
534 : 16777215;
535 : 16777215;
536 : 16777215;
537 : 16777215;
538 : 16777215;
539 : 16777215;
540 : 16777215;
541 : 16777215;
542 : 16777215;
543 : 16777215;
544 : 16777215;
545 : 16777215;
546 : 16777215;
547 : 16777215;
548 : 16777215;
549 : 16777215;
550 : 16777215;
551 : 16777215;
552 : 16777215;
553 : 16777215;
554 : 16777215;
555 : 16777215;
556 : 16777215;
557 : 16777215;
558 : 16777215;
559 : 16777215;
560 : 16777215;
561 : 16777215;
562 : 16777215;
563 : 16777215;
564 : 16777215;
565 : 16777215;
566 : 16777215;
567 : 16777215;
568 : 16777215;
569 : 16777215;
570 : 16777215;
571 : 16777215;
572 : 15790579;
573 : 5719853;
574 : 7227911;
575 : 7292938;
576 : 4994580;
577 : 11644588;
578 : 16777215;
579 : 16777215;
580 : 16777215;
581 : 16777215;
582 : 16777215;
583 : 16777215;
584 : 12434622;
585 : 6901801;
586 : 12555086;
587 : 10976842;
588 : 7496791;
589 : 14145497;
590 : 16777215;
591 : 16777215;
592 : 16777215;
593 : 16777215;
594 : 16777215;
595 : 16777215;
596 : 16777215;
597 : 16777215;
598 : 16777215;
599 : 16777215;
600 : 16777215;
601 : 16777215;
602 : 16777215;
603 : 16316921;
604 : 16777215;
605 : 16777215;
606 : 16777215;
607 : 16777215;
608 : 16777215;
609 : 16777215;
610 : 16777215;
611 : 16777215;
612 : 16777215;
613 : 16777215;
614 : 16777215;
615 : 16777215;
616 : 16777215;
617 : 16777215;
618 : 16777215;
619 : 16777215;
620 : 16777215;
621 : 16777215;
622 : 16777215;
623 : 16777215;
624 : 16777215;
625 : 16777215;
626 : 16777215;
627 : 16777215;
628 : 16777215;
629 : 16777215;
630 : 16777215;
631 : 16777215;
632 : 16777215;
633 : 16777215;
634 : 16777215;
635 : 16777215;
636 : 16777215;
637 : 16777215;
638 : 16777215;
639 : 16777215;
640 : 16777215;
641 : 16777215;
642 : 16777215;
643 : 16777215;
644 : 16777215;
645 : 16777215;
646 : 16777215;
647 : 16777215;
648 : 16777215;
649 : 16777215;
650 : 16777215;
651 : 16777215;
652 : 16777215;
653 : 16777215;
654 : 16777215;
655 : 16777215;
656 : 16777215;
657 : 16777215;
658 : 16777215;
659 : 16777215;
660 : 16777215;
661 : 16777215;
662 : 16777215;
663 : 16777215;
664 : 16777215;
665 : 16777215;
666 : 16777215;
667 : 16777215;
668 : 16777215;
669 : 16777215;
670 : 16777215;
671 : 16777215;
672 : 16777215;
673 : 16777215;
674 : 16777215;
675 : 16777215;
676 : 16777215;
677 : 16777215;
678 : 16777215;
679 : 16777215;
680 : 16777215;
681 : 16777215;
682 : 16777215;
683 : 16777215;
684 : 16777215;
685 : 16777215;
686 : 15592941;
687 : 15329770;
688 : 16777215;
689 : 16777215;
690 : 16777215;
691 : 16777215;
692 : 16777215;
693 : 16777215;
694 : 16777215;
695 : 16777215;
696 : 16777215;
697 : 16777215;
698 : 16777215;
699 : 16777215;
700 : 16448508;
701 : 6444608;
702 : 6899206;
703 : 7359241;
704 : 7226888;
705 : 5389345;
706 : 12566205;
707 : 16777215;
708 : 16777215;
709 : 16777215;
710 : 16777215;
711 : 16777215;
712 : 10789539;
713 : 6901533;
714 : 11635007;
715 : 12160593;
716 : 10648391;
717 : 6180929;
718 : 14145753;
719 : 16777215;
720 : 16777215;
721 : 16777215;
722 : 16777215;
723 : 16777215;
724 : 16777215;
725 : 16777215;
726 : 16777215;
727 : 16777215;
728 : 16777215;
729 : 16777215;
730 : 16777215;
731 : 8026226;
732 : 10986141;
733 : 16777215;
734 : 16777215;
735 : 16777215;
736 : 16777215;
737 : 16777215;
738 : 16777215;
739 : 16777215;
740 : 16777215;
741 : 16777215;
742 : 16777215;
743 : 16777215;
744 : 16777215;
745 : 16777215;
746 : 16777215;
747 : 16777215;
748 : 16777215;
749 : 16777215;
750 : 16777215;
751 : 16777215;
752 : 16777215;
753 : 16777215;
754 : 16777215;
755 : 16777215;
756 : 16777215;
757 : 16777215;
758 : 16777215;
759 : 16777215;
760 : 16777215;
761 : 16777215;
762 : 16777215;
763 : 16777215;
764 : 16777215;
765 : 16777215;
766 : 16777215;
767 : 16777215;
768 : 16777215;
769 : 16777215;
770 : 16777215;
771 : 16777215;
772 : 16777215;
773 : 16777215;
774 : 16777215;
775 : 16777215;
776 : 16777215;
777 : 16777215;
778 : 16777215;
779 : 16777215;
780 : 16777215;
781 : 16777215;
782 : 16777215;
783 : 16777215;
784 : 16777215;
785 : 16777215;
786 : 16777215;
787 : 16777215;
788 : 16777215;
789 : 16777215;
790 : 16777215;
791 : 16777215;
792 : 16777215;
793 : 16777215;
794 : 16777215;
795 : 16777215;
796 : 16777215;
797 : 16777215;
798 : 16777215;
799 : 16777215;
800 : 16777215;
801 : 16777215;
802 : 16777215;
803 : 16777215;
804 : 16777215;
805 : 16777215;
806 : 16777215;
807 : 16777215;
808 : 16777215;
809 : 16777215;
810 : 16777215;
811 : 16777215;
812 : 16777215;
813 : 16777215;
814 : 11052453;
815 : 4208169;
816 : 9604226;
817 : 15000805;
818 : 16777215;
819 : 16777215;
820 : 16777215;
821 : 16777215;
822 : 16777215;
823 : 16777215;
824 : 16777215;
825 : 16777215;
826 : 16777215;
827 : 16777215;
828 : 16777215;
829 : 7102546;
830 : 6701572;
831 : 7293448;
832 : 7424007;
833 : 6832650;
834 : 4797984;
835 : 12961220;
836 : 16777215;
837 : 16777215;
838 : 16777215;
839 : 16777215;
840 : 10329241;
841 : 7755545;
842 : 10582063;
843 : 11568709;
844 : 12161104;
845 : 10055996;
846 : 5786431;
847 : 14738147;
848 : 16777215;
849 : 16777215;
850 : 16777215;
851 : 16777215;
852 : 16777215;
853 : 16777215;
854 : 16777215;
855 : 16777215;
856 : 16777215;
857 : 16777215;
858 : 15987958;
859 : 7036483;
860 : 8875591;
861 : 14473946;
862 : 16777215;
863 : 16777215;
864 : 16777215;
865 : 16777215;
866 : 16777215;
867 : 16777215;
868 : 16777215;
869 : 16777215;
870 : 16777215;
871 : 16777215;
872 : 16777215;
873 : 16777215;
874 : 16777215;
875 : 16777215;
876 : 16777215;
877 : 16777215;
878 : 16777215;
879 : 16777215;
880 : 16777215;
881 : 16777215;
882 : 16777215;
883 : 16777215;
884 : 16777215;
885 : 16777215;
886 : 16777215;
887 : 16777215;
888 : 16777215;
889 : 16777215;
890 : 16777215;
891 : 16777215;
892 : 16777215;
893 : 16777215;
894 : 16777215;
895 : 16777215;
896 : 16777215;
897 : 16777215;
898 : 16777215;
899 : 16777215;
900 : 16777215;
901 : 16777215;
902 : 16777215;
903 : 16777215;
904 : 16777215;
905 : 16777215;
906 : 16777215;
907 : 16777215;
908 : 16777215;
909 : 16777215;
910 : 16777215;
911 : 16777215;
912 : 16777215;
913 : 16777215;
914 : 16777215;
915 : 16777215;
916 : 16777215;
917 : 16777215;
918 : 16777215;
919 : 16777215;
920 : 16777215;
921 : 16777215;
922 : 16777215;
923 : 16777215;
924 : 16777215;
925 : 16777215;
926 : 16777215;
927 : 16777215;
928 : 16777215;
929 : 16777215;
930 : 16777215;
931 : 16777215;
932 : 16777215;
933 : 16777215;
934 : 16777215;
935 : 16777215;
936 : 16777215;
937 : 16777215;
938 : 16777215;
939 : 16777215;
940 : 16777215;
941 : 16777215;
942 : 12170934;
943 : 4731147;
944 : 6110725;
945 : 5521960;
946 : 10854816;
947 : 16448509;
948 : 16777215;
949 : 16777215;
950 : 16777215;
951 : 16777215;
952 : 16777215;
953 : 16777215;
954 : 16777215;
955 : 16777215;
956 : 16777215;
957 : 8550512;
958 : 6241029;
959 : 7029774;
960 : 6767373;
961 : 6700815;
962 : 5912337;
963 : 4601900;
964 : 13882323;
965 : 16777215;
966 : 16777215;
967 : 16777215;
968 : 10328468;
969 : 8149787;
970 : 9858595;
971 : 10385203;
972 : 11372105;
973 : 12160591;
974 : 8610348;
975 : 6182991;
976 : 15725042;
977 : 16777215;
978 : 16777215;
979 : 16777215;
980 : 16777215;
981 : 16777215;
982 : 16777215;
983 : 16777215;
984 : 16777215;
985 : 16777215;
986 : 15198442;
987 : 7428149;
988 : 10977348;
989 : 9470838;
990 : 16645630;
991 : 16777215;
992 : 16777215;
993 : 16777215;
994 : 16777215;
995 : 16777215;
996 : 16777215;
997 : 16777215;
998 : 16777215;
999 : 16777215;
1000 : 16777215;
1001 : 16777215;
1002 : 16777215;
1003 : 16777215;
1004 : 16777215;
1005 : 16777215;
1006 : 16777215;
1007 : 16777215;
1008 : 16777215;
1009 : 16777215;
1010 : 16777215;
1011 : 16777215;
1012 : 16777215;
1013 : 16777215;
1014 : 16777215;
1015 : 16777215;
1016 : 16777215;
1017 : 16777215;
1018 : 16777215;
1019 : 16777215;
1020 : 16777215;
1021 : 16777215;
1022 : 16777215;
1023 : 16777215;
1024 : 16777215;
1025 : 16777215;
1026 : 16777215;
1027 : 16777215;
1028 : 16777215;
1029 : 16777215;
1030 : 16777215;
1031 : 16777215;
1032 : 16777215;
1033 : 16777215;
1034 : 16777215;
1035 : 16777215;
1036 : 16777215;
1037 : 16777215;
1038 : 16777215;
1039 : 16777215;
1040 : 16777215;
1041 : 16777215;
1042 : 16777215;
1043 : 16777215;
1044 : 16777215;
1045 : 16777215;
1046 : 16777215;
1047 : 16777215;
1048 : 16777215;
1049 : 16777215;
1050 : 16777215;
1051 : 16777215;
1052 : 16777215;
1053 : 16777215;
1054 : 16777215;
1055 : 16777215;
1056 : 16777215;
1057 : 16777215;
1058 : 16777215;
1059 : 16777215;
1060 : 16777215;
1061 : 16777215;
1062 : 16777215;
1063 : 16777215;
1064 : 16777215;
1065 : 16777215;
1066 : 16777215;
1067 : 16777215;
1068 : 16777215;
1069 : 16777215;
1070 : 13948117;
1071 : 4403989;
1072 : 7555851;
1073 : 7096073;
1074 : 5322252;
1075 : 7234646;
1076 : 13816274;
1077 : 16777215;
1078 : 16777215;
1079 : 16777215;
1080 : 16777215;
1081 : 16777215;
1082 : 16777215;
1083 : 16777215;
1084 : 16777215;
1085 : 11315107;
1086 : 5518091;
1087 : 6504209;
1088 : 6175764;
1089 : 5978134;
1090 : 5846553;
1091 : 4860951;
1092 : 4471090;
1093 : 14671840;
1094 : 16777215;
1095 : 16777215;
1096 : 9867916;
1097 : 8215324;
1098 : 9792800;
1099 : 9661474;
1100 : 10253102;
1101 : 11700811;
1102 : 11831880;
1103 : 7491358;
1104 : 7893614;
1105 : 16514301;
1106 : 16777215;
1107 : 16777215;
1108 : 16777215;
1109 : 16777215;
1110 : 16777215;
1111 : 16777215;
1112 : 16777215;
1113 : 16777215;
1114 : 13947859;
1115 : 6703393;
1116 : 11633984;
1117 : 9005893;
1118 : 12960193;
1119 : 16777215;
1120 : 16777215;
1121 : 16777215;
1122 : 16777215;
1123 : 16777215;
1124 : 16777215;
1125 : 16777215;
1126 : 16777215;
1127 : 16777215;
1128 : 16777215;
1129 : 16777215;
1130 : 16777215;
1131 : 16777215;
1132 : 16777215;
1133 : 16777215;
1134 : 16777215;
1135 : 16777215;
1136 : 16777215;
1137 : 16777215;
1138 : 16777215;
1139 : 16777215;
1140 : 16777215;
1141 : 16777215;
1142 : 16777215;
1143 : 16777215;
1144 : 16777215;
1145 : 16777215;
1146 : 16777215;
1147 : 16777215;
1148 : 16777215;
1149 : 16777215;
1150 : 16777215;
1151 : 16777215;
1152 : 16777215;
1153 : 16777215;
1154 : 16777215;
1155 : 16777215;
1156 : 16777215;
1157 : 16777215;
1158 : 16777215;
1159 : 16777215;
1160 : 16777215;
1161 : 16777215;
1162 : 16777215;
1163 : 16777215;
1164 : 16777215;
1165 : 16777215;
1166 : 16777215;
1167 : 16777215;
1168 : 16777215;
1169 : 16777215;
1170 : 16777215;
1171 : 16777215;
1172 : 16777215;
1173 : 16777215;
1174 : 16777215;
1175 : 16777215;
1176 : 16777215;
1177 : 16777215;
1178 : 16777215;
1179 : 16777215;
1180 : 16777215;
1181 : 16777215;
1182 : 16777215;
1183 : 16777215;
1184 : 16777215;
1185 : 16777215;
1186 : 16777215;
1187 : 16777215;
1188 : 16777215;
1189 : 16777215;
1190 : 16777215;
1191 : 16777215;
1192 : 16777215;
1193 : 16777215;
1194 : 16777215;
1195 : 16777215;
1196 : 16777215;
1197 : 16777215;
1198 : 15724786;
1199 : 4997165;
1200 : 7227402;
1201 : 7293705;
1202 : 7359240;
1203 : 6439175;
1204 : 4797978;
1205 : 9934227;
1206 : 16448508;
1207 : 16777215;
1208 : 16777215;
1209 : 16777215;
1210 : 13750738;
1211 : 9934484;
1212 : 14343130;
1213 : 12763585;
1214 : 4795926;
1215 : 5977623;
1216 : 5518364;
1217 : 5452060;
1218 : 5254941;
1219 : 5451804;
1220 : 4137746;
1221 : 4932673;
1222 : 15198440;
1223 : 16777215;
1224 : 9407622;
1225 : 8083740;
1226 : 9727009;
1227 : 9661473;
1228 : 9726754;
1229 : 10451251;
1230 : 11766601;
1231 : 10910260;
1232 : 6572317;
1233 : 9868177;
1234 : 16777215;
1235 : 16777215;
1236 : 16777215;
1237 : 16777215;
1238 : 16777215;
1239 : 16777215;
1240 : 16777215;
1241 : 16777215;
1242 : 11513259;
1243 : 6373645;
1244 : 10713136;
1245 : 11043143;
1246 : 7891802;
1247 : 16185079;
1248 : 16777215;
1249 : 16777215;
1250 : 16777215;
1251 : 16777215;
1252 : 16777215;
1253 : 16777215;
1254 : 16777215;
1255 : 16777215;
1256 : 16777215;
1257 : 16777215;
1258 : 16777215;
1259 : 16777215;
1260 : 16777215;
1261 : 16777215;
1262 : 16777215;
1263 : 16777215;
1264 : 16777215;
1265 : 16777215;
1266 : 16777215;
1267 : 16777215;
1268 : 16777215;
1269 : 16777215;
1270 : 16777215;
1271 : 16777215;
1272 : 16777215;
1273 : 16777215;
1274 : 16777215;
1275 : 16777215;
1276 : 16777215;
1277 : 16777215;
1278 : 16777215;
1279 : 16777215;
1280 : 16777215;
1281 : 16777215;
1282 : 16777215;
1283 : 16777215;
1284 : 16777215;
1285 : 16777215;
1286 : 16777215;
1287 : 16777215;
1288 : 16777215;
1289 : 16777215;
1290 : 16777215;
1291 : 16777215;
1292 : 16777215;
1293 : 16777215;
1294 : 16777215;
1295 : 16777215;
1296 : 16777215;
1297 : 16777215;
1298 : 16777215;
1299 : 16777215;
1300 : 16777215;
1301 : 16777215;
1302 : 16777215;
1303 : 16777215;
1304 : 16777215;
1305 : 16777215;
1306 : 16777215;
1307 : 16777215;
1308 : 16777215;
1309 : 16777215;
1310 : 16777215;
1311 : 16777215;
1312 : 16777215;
1313 : 16777215;
1314 : 16777215;
1315 : 16777215;
1316 : 16777215;
1317 : 16777215;
1318 : 16777215;
1319 : 16777215;
1320 : 16777215;
1321 : 16777215;
1322 : 16777215;
1323 : 16777215;
1324 : 16777215;
1325 : 16777215;
1326 : 16711422;
1327 : 6182473;
1328 : 6636292;
1329 : 7359497;
1330 : 7162377;
1331 : 7359240;
1332 : 7227656;
1333 : 4993545;
1334 : 7038302;
1335 : 15658992;
1336 : 16777215;
1337 : 16777215;
1338 : 9474706;
1339 : 8156509;
1340 : 10787962;
1341 : 7368296;
1342 : 3482391;
1343 : 5451292;
1344 : 5254685;
1345 : 5319964;
1346 : 5123612;
1347 : 5123612;
1348 : 5255198;
1349 : 3678229;
1350 : 5919310;
1351 : 16316921;
1352 : 9078399;
1353 : 7952152;
1354 : 9792803;
1355 : 9661732;
1356 : 9661732;
1357 : 9596195;
1358 : 11108411;
1359 : 11042363;
1360 : 9989673;
1361 : 6243875;
1362 : 10921892;
1363 : 16777215;
1364 : 16777215;
1365 : 16777215;
1366 : 16777215;
1367 : 16777215;
1368 : 16777215;
1369 : 16777215;
1370 : 8617590;
1371 : 6701577;
1372 : 9726496;
1373 : 11306048;
1374 : 7032101;
1375 : 10526366;
1376 : 16777215;
1377 : 16777215;
1378 : 16777215;
1379 : 16777215;
1380 : 16777215;
1381 : 16777215;
1382 : 16777215;
1383 : 16777215;
1384 : 16777215;
1385 : 16777215;
1386 : 16777215;
1387 : 13750480;
1388 : 9473929;
1389 : 16777215;
1390 : 16777215;
1391 : 16777215;
1392 : 16777215;
1393 : 16777215;
1394 : 16777215;
1395 : 16777215;
1396 : 16777215;
1397 : 16777215;
1398 : 16777215;
1399 : 16777215;
1400 : 16777215;
1401 : 16777215;
1402 : 16777215;
1403 : 16777215;
1404 : 16777215;
1405 : 16777215;
1406 : 16777215;
1407 : 16777215;
1408 : 16777215;
1409 : 16777215;
1410 : 16777215;
1411 : 16777215;
1412 : 16777215;
1413 : 16777215;
1414 : 16777215;
1415 : 16777215;
1416 : 16777215;
1417 : 16777215;
1418 : 16777215;
1419 : 16777215;
1420 : 16777215;
1421 : 16777215;
1422 : 16777215;
1423 : 16777215;
1424 : 16777215;
1425 : 16777215;
1426 : 16777215;
1427 : 16777215;
1428 : 16777215;
1429 : 16777215;
1430 : 16777215;
1431 : 16777215;
1432 : 16777215;
1433 : 16777215;
1434 : 16777215;
1435 : 16777215;
1436 : 16777215;
1437 : 16777215;
1438 : 16777215;
1439 : 16777215;
1440 : 16777215;
1441 : 16777215;
1442 : 16777215;
1443 : 16777215;
1444 : 15987700;
1445 : 15790322;
1446 : 16777215;
1447 : 16777215;
1448 : 16777215;
1449 : 16777215;
1450 : 16777215;
1451 : 16777215;
1452 : 16777215;
1453 : 16777215;
1454 : 16777215;
1455 : 9276297;
1456 : 5453572;
1457 : 7424776;
1458 : 7228169;
1459 : 7228168;
1460 : 7293704;
1461 : 7686922;
1462 : 5847046;
1463 : 5984582;
1464 : 14342875;
1465 : 16777215;
1466 : 11579826;
1467 : 10918009;
1468 : 16574642;
1469 : 13221257;
1470 : 7825992;
1471 : 3942170;
1472 : 4401180;
1473 : 5320989;
1474 : 5254426;
1475 : 5058331;
1476 : 5123868;
1477 : 5320734;
1478 : 3415310;
1479 : 9342090;
1480 : 9209985;
1481 : 7425553;
1482 : 9792804;
1483 : 9661732;
1484 : 9661732;
1485 : 9595939;
1486 : 10122029;
1487 : 11174463;
1488 : 9924392;
1489 : 9595682;
1490 : 6048299;
1491 : 13027013;
1492 : 16777215;
1493 : 16777215;
1494 : 16777215;
1495 : 16777215;
1496 : 16777215;
1497 : 16777215;
1498 : 7234645;
1499 : 7095817;
1500 : 9134877;
1501 : 10187563;
1502 : 9398317;
1503 : 5852738;
1504 : 16185336;
1505 : 16777215;
1506 : 16777215;
1507 : 16777215;
1508 : 16777215;
1509 : 16777215;
1510 : 16777215;
1511 : 16777215;
1512 : 16777215;
1513 : 16777215;
1514 : 14737891;
1515 : 7563861;
1516 : 9472091;
1517 : 15395561;
1518 : 16777215;
1519 : 16777215;
1520 : 16777215;
1521 : 16777215;
1522 : 16777215;
1523 : 16777215;
1524 : 16777215;
1525 : 16777215;
1526 : 16777215;
1527 : 16777215;
1528 : 16777215;
1529 : 16777215;
1530 : 16777215;
1531 : 16777215;
1532 : 16777215;
1533 : 16777215;
1534 : 16777215;
1535 : 16777215;
1536 : 16777215;
1537 : 16777215;
1538 : 16777215;
1539 : 16777215;
1540 : 16777215;
1541 : 16777215;
1542 : 16777215;
1543 : 16777215;
1544 : 16777215;
1545 : 16777215;
1546 : 16777215;
1547 : 16777215;
1548 : 16777215;
1549 : 16777215;
1550 : 16777215;
1551 : 16777215;
1552 : 16777215;
1553 : 16777215;
1554 : 16777215;
1555 : 16777215;
1556 : 16777215;
1557 : 16777215;
1558 : 16777215;
1559 : 16777215;
1560 : 16777215;
1561 : 16777215;
1562 : 16777215;
1563 : 16777215;
1564 : 16777215;
1565 : 16777215;
1566 : 16777215;
1567 : 16777215;
1568 : 16777215;
1569 : 16777215;
1570 : 16777215;
1571 : 15921907;
1572 : 5986387;
1573 : 6378821;
1574 : 8617591;
1575 : 10987171;
1576 : 13750738;
1577 : 15987701;
1578 : 16777215;
1579 : 16777215;
1580 : 16777215;
1581 : 16777215;
1582 : 16777215;
1583 : 13027530;
1584 : 4797713;
1585 : 7490056;
1586 : 7228169;
1587 : 7228169;
1588 : 7228169;
1589 : 7293962;
1590 : 7752713;
1591 : 6503944;
1592 : 4799530;
1593 : 13027015;
1594 : 13619152;
1595 : 9011299;
1596 : 16114864;
1597 : 15785387;
1598 : 15456924;
1599 : 12233327;
1600 : 5522989;
1601 : 3613463;
1602 : 5058335;
1603 : 5123871;
1604 : 5058332;
1605 : 5123868;
1606 : 5385500;
1607 : 3810848;
1608 : 3222053;
1609 : 7293714;
1610 : 9595426;
1611 : 9661732;
1612 : 9661475;
1613 : 9595683;
1614 : 9530149;
1615 : 10516790;
1616 : 10187822;
1617 : 9792798;
1618 : 9595170;
1619 : 6509367;
1620 : 14277340;
1621 : 16777215;
1622 : 16777215;
1623 : 16777215;
1624 : 16777215;
1625 : 16514302;
1626 : 6510399;
1627 : 7227142;
1628 : 8806425;
1629 : 9727269;
1630 : 9858604;
1631 : 5717792;
1632 : 12566464;
1633 : 16777215;
1634 : 16777215;
1635 : 16777215;
1636 : 16777215;
1637 : 16777215;
1638 : 16777215;
1639 : 16777215;
1640 : 16777215;
1641 : 16053750;
1642 : 7236707;
1643 : 12493917;
1644 : 11245654;
1645 : 13289671;
1646 : 16777215;
1647 : 16777215;
1648 : 16777215;
1649 : 16777215;
1650 : 16777215;
1651 : 16777215;
1652 : 16777215;
1653 : 16777215;
1654 : 16777215;
1655 : 16777215;
1656 : 16777215;
1657 : 16777215;
1658 : 16777215;
1659 : 16777215;
1660 : 16777215;
1661 : 16777215;
1662 : 16777215;
1663 : 16777215;
1664 : 16777215;
1665 : 16777215;
1666 : 16777215;
1667 : 16777215;
1668 : 16777215;
1669 : 16777215;
1670 : 16777215;
1671 : 16777215;
1672 : 16777215;
1673 : 16777215;
1674 : 16777215;
1675 : 16777215;
1676 : 16777215;
1677 : 16777215;
1678 : 16777215;
1679 : 16777215;
1680 : 16777215;
1681 : 16777215;
1682 : 16777215;
1683 : 16777215;
1684 : 16777215;
1685 : 16777215;
1686 : 16777215;
1687 : 16777215;
1688 : 16777215;
1689 : 16777215;
1690 : 16777215;
1691 : 16777215;
1692 : 16777215;
1693 : 16777215;
1694 : 16777215;
1695 : 16777215;
1696 : 16777215;
1697 : 16777215;
1698 : 16777215;
1699 : 16579837;
1700 : 6577751;
1701 : 9204028;
1702 : 9467192;
1703 : 8348470;
1704 : 6837812;
1705 : 6773830;
1706 : 7893871;
1707 : 11579570;
1708 : 15395565;
1709 : 16777215;
1710 : 16777215;
1711 : 16382715;
1712 : 5851705;
1713 : 7029765;
1714 : 7228168;
1715 : 7228169;
1716 : 7228169;
1717 : 7228425;
1718 : 7293705;
1719 : 7490314;
1720 : 6767623;
1721 : 5192486;
1722 : 10724261;
1723 : 8091488;
1724 : 15851437;
1725 : 15391406;
1726 : 15260330;
1727 : 15260313;
1728 : 14272378;
1729 : 8088385;
1730 : 3219479;
1731 : 4794911;
1732 : 5255196;
1733 : 4993055;
1734 : 5189661;
1735 : 4992798;
1736 : 2824977;
1737 : 7031054;
1738 : 9069595;
1739 : 9727525;
1740 : 9661732;
1741 : 9661731;
1742 : 9595684;
1743 : 9792807;
1744 : 10319664;
1745 : 9727269;
1746 : 9989925;
1747 : 8544800;
1748 : 6774608;
1749 : 15856115;
1750 : 16777215;
1751 : 16777215;
1752 : 16777215;
1753 : 15790322;
1754 : 5983020;
1755 : 7293190;
1756 : 8476947;
1757 : 9595427;
1758 : 9660968;
1759 : 7820317;
1760 : 7828073;
1761 : 16777215;
1762 : 16777215;
1763 : 16777215;
1764 : 16777215;
1765 : 16777215;
1766 : 16777215;
1767 : 16777215;
1768 : 16777215;
1769 : 9802124;
1770 : 11376470;
1771 : 15125359;
1772 : 11113811;
1773 : 10789532;
1774 : 16777215;
1775 : 16777215;
1776 : 16777215;
1777 : 16777215;
1778 : 16777215;
1779 : 16777215;
1780 : 16777215;
1781 : 16777215;
1782 : 16777215;
1783 : 16777215;
1784 : 16777215;
1785 : 16777215;
1786 : 16777215;
1787 : 16777215;
1788 : 16777215;
1789 : 16777215;
1790 : 16777215;
1791 : 16777215;
1792 : 16777215;
1793 : 16777215;
1794 : 16777215;
1795 : 16777215;
1796 : 16777215;
1797 : 16777215;
1798 : 16777215;
1799 : 16777215;
1800 : 16777215;
1801 : 16777215;
1802 : 16777215;
1803 : 16777215;
1804 : 16777215;
1805 : 16777215;
1806 : 16777215;
1807 : 16777215;
1808 : 16777215;
1809 : 16777215;
1810 : 16777215;
1811 : 16777215;
1812 : 16777215;
1813 : 16777215;
1814 : 16777215;
1815 : 16777215;
1816 : 16777215;
1817 : 16777215;
1818 : 16777215;
1819 : 16777215;
1820 : 16777215;
1821 : 16777215;
1822 : 16777215;
1823 : 16777215;
1824 : 16777215;
1825 : 16777215;
1826 : 16777215;
1827 : 16777215;
1828 : 10724002;
1829 : 7035952;
1830 : 10848322;
1831 : 10781761;
1832 : 10913347;
1833 : 10584638;
1834 : 9204021;
1835 : 7231787;
1836 : 5852213;
1837 : 8090737;
1838 : 12369341;
1839 : 15987957;
1840 : 10591125;
1841 : 6110729;
1842 : 7293960;
1843 : 7228169;
1844 : 7228169;
1845 : 7228169;
1846 : 7293706;
1847 : 7293706;
1848 : 7359242;
1849 : 6965002;
1850 : 4534810;
1851 : 5262649;
1852 : 15325346;
1853 : 15326128;
1854 : 15326128;
1855 : 15194793;
1856 : 15193235;
1857 : 15190905;
1858 : 10127187;
1859 : 3484701;
1860 : 4598045;
1861 : 5320735;
1862 : 5123869;
1863 : 5189662;
1864 : 3481621;
1865 : 6702094;
1866 : 8477202;
1867 : 9595939;
1868 : 9661732;
1869 : 9661732;
1870 : 9661476;
1871 : 9661732;
1872 : 9924905;
1873 : 9924646;
1874 : 9661987;
1875 : 9989668;
1876 : 7886111;
1877 : 8419181;
1878 : 16645630;
1879 : 16777215;
1880 : 16777215;
1881 : 14211034;
1882 : 5323287;
1883 : 7424775;
1884 : 8082448;
1885 : 9529633;
1886 : 9595429;
1887 : 9200932;
1888 : 5851179;
1889 : 14737890;
1890 : 16777215;
1891 : 16777215;
1892 : 16777215;
1893 : 16777215;
1894 : 16777215;
1895 : 16777215;
1896 : 12105140;
1897 : 10456149;
1898 : 15453550;
1899 : 14402411;
1900 : 11114579;
1901 : 8618615;
1902 : 16777215;
1903 : 16777215;
1904 : 16777215;
1905 : 16777215;
1906 : 16777215;
1907 : 16777215;
1908 : 16777215;
1909 : 16777215;
1910 : 16777215;
1911 : 16777215;
1912 : 16777215;
1913 : 16777215;
1914 : 16777215;
1915 : 16777215;
1916 : 16777215;
1917 : 16777215;
1918 : 16777215;
1919 : 16777215;
1920 : 16777215;
1921 : 16777215;
1922 : 16777215;
1923 : 16777215;
1924 : 16777215;
1925 : 16777215;
1926 : 16777215;
1927 : 16777215;
1928 : 16777215;
1929 : 16777215;
1930 : 16777215;
1931 : 16777215;
1932 : 16777215;
1933 : 16777215;
1934 : 16777215;
1935 : 16777215;
1936 : 16777215;
1937 : 16777215;
1938 : 16777215;
1939 : 16777215;
1940 : 16777215;
1941 : 16777215;
1942 : 16777215;
1943 : 16777215;
1944 : 16777215;
1945 : 16777215;
1946 : 16777215;
1947 : 16777215;
1948 : 16777215;
1949 : 16777215;
1950 : 16777215;
1951 : 16777215;
1952 : 16777215;
1953 : 16777215;
1954 : 16777215;
1955 : 16777215;
1956 : 15921908;
1957 : 6576714;
1958 : 10125120;
1959 : 10519615;
1960 : 10912831;
1961 : 10978368;
1962 : 10781244;
1963 : 10846777;
1964 : 10057260;
1965 : 7952925;
1966 : 5849631;
1967 : 5391675;
1968 : 6512738;
1969 : 4271377;
1970 : 7227915;
1971 : 7490569;
1972 : 7227913;
1973 : 7293193;
1974 : 7424777;
1975 : 7293705;
1976 : 7162377;
1977 : 7359497;
1978 : 7030026;
1979 : 4470812;
1980 : 14076300;
1981 : 15391918;
1982 : 15325870;
1983 : 15260591;
1984 : 15194280;
1985 : 14994563;
1986 : 14993771;
1987 : 11180635;
1988 : 3746844;
1989 : 4269593;
1990 : 5320989;
1991 : 5320478;
1992 : 3481878;
1993 : 6307853;
1994 : 8082188;
1995 : 9200924;
1996 : 9727268;
1997 : 9661731;
1998 : 9661732;
1999 : 9661732;
2000 : 9661732;
2001 : 9793318;
2002 : 9661732;
2003 : 9727267;
2004 : 9989153;
2005 : 6177303;
2006 : 10657436;
2007 : 16777215;
2008 : 16777215;
2009 : 12565950;
2010 : 5453325;
2011 : 7490311;
2012 : 7687948;
2013 : 9069340;
2014 : 9595686;
2015 : 9266727;
2016 : 6834715;
2017 : 11315879;
2018 : 16777215;
2019 : 16777215;
2020 : 16777215;
2021 : 16777215;
2022 : 16777215;
2023 : 14277338;
2024 : 9471068;
2025 : 15124586;
2026 : 15124582;
2027 : 13875557;
2028 : 11311957;
2029 : 8552301;
2030 : 16777215;
2031 : 16777215;
2032 : 16777215;
2033 : 16777215;
2034 : 16777215;
2035 : 16777215;
2036 : 16777215;
2037 : 16777215;
2038 : 16777215;
2039 : 16777215;
2040 : 16777215;
2041 : 16777215;
2042 : 16777215;
2043 : 16777215;
2044 : 16777215;
2045 : 16777215;
2046 : 16777215;
2047 : 16777215;
2048 : 16777215;
2049 : 16777215;
2050 : 16777215;
2051 : 16777215;
2052 : 16777215;
2053 : 16777215;
2054 : 16777215;
2055 : 16777215;
2056 : 16777215;
2057 : 16777215;
2058 : 16777215;
2059 : 16777215;
2060 : 16777215;
2061 : 16777215;
2062 : 16777215;
2063 : 16777215;
2064 : 16777215;
2065 : 16777215;
2066 : 16777215;
2067 : 16777215;
2068 : 16777215;
2069 : 16777215;
2070 : 16777215;
2071 : 16777215;
2072 : 16777215;
2073 : 16777215;
2074 : 16777215;
2075 : 16777215;
2076 : 16777215;
2077 : 16777215;
2078 : 16777215;
2079 : 16777215;
2080 : 16777215;
2081 : 16777215;
2082 : 16777215;
2083 : 16777215;
2084 : 16777215;
2085 : 10657696;
2086 : 7429167;
2087 : 10782531;
2088 : 10913088;
2089 : 10978623;
2090 : 10715450;
2091 : 10122793;
2092 : 10055717;
2093 : 10056230;
2094 : 9924646;
2095 : 9069856;
2096 : 6638877;
2097 : 3943447;
2098 : 3087885;
2099 : 4993807;
2100 : 7292685;
2101 : 7425034;
2102 : 7424264;
2103 : 7358984;
2104 : 7293448;
2105 : 7359240;
2106 : 7555848;
2107 : 4928273;
2108 : 12430961;
2109 : 15457187;
2110 : 15195054;
2111 : 15195053;
2112 : 15260333;
2113 : 15061911;
2114 : 14730861;
2115 : 14664809;
2116 : 10786648;
2117 : 4733220;
2118 : 4138266;
2119 : 5386270;
2120 : 3350549;
2121 : 6111244;
2122 : 7687434;
2123 : 8411670;
2124 : 9529891;
2125 : 9661732;
2126 : 9661732;
2127 : 9661732;
2128 : 9661732;
2129 : 9727525;
2130 : 9661732;
2131 : 9661732;
2132 : 9530148;
2133 : 8740379;
2134 : 5125911;
2135 : 12697792;
2136 : 16777215;
2137 : 11315623;
2138 : 5781767;
2139 : 7359496;
2140 : 7293449;
2141 : 8477459;
2142 : 9398563;
2143 : 9069090;
2144 : 8345113;
2145 : 8221799;
2146 : 16777215;
2147 : 16777215;
2148 : 16777215;
2149 : 16777215;
2150 : 15724529;
2151 : 8287584;
2152 : 14269547;
2153 : 15125097;
2154 : 14599014;
2155 : 13087072;
2156 : 11443284;
2157 : 8288353;
2158 : 16382458;
2159 : 16777215;
2160 : 16777215;
2161 : 16777215;
2162 : 16777215;
2163 : 16777215;
2164 : 16777215;
2165 : 16777215;
2166 : 16777215;
2167 : 16777215;
2168 : 16777215;
2169 : 16777215;
2170 : 16777215;
2171 : 16777215;
2172 : 16777215;
2173 : 16777215;
2174 : 16777215;
2175 : 16777215;
2176 : 16777215;
2177 : 16777215;
2178 : 16777215;
2179 : 16777215;
2180 : 16777215;
2181 : 16777215;
2182 : 16777215;
2183 : 16777215;
2184 : 16777215;
2185 : 16777215;
2186 : 16777215;
2187 : 16777215;
2188 : 16777215;
2189 : 16777215;
2190 : 16777215;
2191 : 16777215;
2192 : 16777215;
2193 : 16777215;
2194 : 16777215;
2195 : 16777215;
2196 : 16777215;
2197 : 16777215;
2198 : 16777215;
2199 : 16777215;
2200 : 16777215;
2201 : 16777215;
2202 : 16777215;
2203 : 16777215;
2204 : 16777215;
2205 : 16777215;
2206 : 16777215;
2207 : 16777215;
2208 : 16777215;
2209 : 16777215;
2210 : 16777215;
2211 : 16777215;
2212 : 16777215;
2213 : 15724785;
2214 : 6182471;
2215 : 9993532;
2216 : 10913088;
2217 : 10912832;
2218 : 10715707;
2219 : 10385967;
2220 : 9924643;
2221 : 9793315;
2222 : 9595939;
2223 : 9727268;
2224 : 9989926;
2225 : 9727272;
2226 : 7755811;
2227 : 4534809;
2228 : 3482896;
2229 : 5651215;
2230 : 7424524;
2231 : 7424780;
2232 : 7227913;
2233 : 7358984;
2234 : 7425033;
2235 : 5322252;
2236 : 9600590;
2237 : 15521683;
2238 : 15260589;
2239 : 15195052;
2240 : 15325869;
2241 : 15259817;
2242 : 14731902;
2243 : 14730597;
2244 : 14270565;
2245 : 11444057;
2246 : 4339747;
2247 : 4401693;
2248 : 3613720;
2249 : 6242061;
2250 : 7424520;
2251 : 7885581;
2252 : 9069339;
2253 : 9661732;
2254 : 9595939;
2255 : 9661732;
2256 : 9661732;
2257 : 9661732;
2258 : 9661732;
2259 : 9661732;
2260 : 9595682;
2261 : 8871702;
2262 : 7556362;
2263 : 5784881;
2264 : 15593199;
2265 : 10657689;
2266 : 6044934;
2267 : 7359240;
2268 : 7227913;
2269 : 7951116;
2270 : 8938009;
2271 : 8740125;
2272 : 8937244;
2273 : 6704944;
2274 : 15395563;
2275 : 16777215;
2276 : 16777215;
2277 : 16645630;
2278 : 9078401;
2279 : 11836506;
2280 : 15322216;
2281 : 14862439;
2282 : 14007397;
2283 : 12495709;
2284 : 11509331;
2285 : 7959637;
2286 : 16185081;
2287 : 16777215;
2288 : 16777215;
2289 : 16777215;
2290 : 16777215;
2291 : 16777215;
2292 : 16777215;
2293 : 16777215;
2294 : 16777215;
2295 : 16777215;
2296 : 16777215;
2297 : 16777215;
2298 : 16777215;
2299 : 16777215;
2300 : 16777215;
2301 : 16777215;
2302 : 16777215;
2303 : 16777215;
2304 : 16777215;
2305 : 16777215;
2306 : 16777215;
2307 : 16777215;
2308 : 16777215;
2309 : 16777215;
2310 : 16777215;
2311 : 16777215;
2312 : 16777215;
2313 : 16777215;
2314 : 16777215;
2315 : 16777215;
2316 : 16777215;
2317 : 16777215;
2318 : 16777215;
2319 : 16777215;
2320 : 16777215;
2321 : 16777215;
2322 : 16777215;
2323 : 16777215;
2324 : 16777215;
2325 : 16777215;
2326 : 16777215;
2327 : 16777215;
2328 : 16777215;
2329 : 16777215;
2330 : 16777215;
2331 : 16777215;
2332 : 16777215;
2333 : 16777215;
2334 : 16777215;
2335 : 16777215;
2336 : 16777215;
2337 : 16777215;
2338 : 16777215;
2339 : 16777215;
2340 : 16777215;
2341 : 16777215;
2342 : 11250347;
2343 : 6838058;
2344 : 11109953;
2345 : 10978369;
2346 : 10649658;
2347 : 10254380;
2348 : 9990948;
2349 : 9793059;
2350 : 9661474;
2351 : 9596195;
2352 : 9661475;
2353 : 9727011;
2354 : 9858340;
2355 : 9398305;
2356 : 6900758;
2357 : 3613452;
2358 : 3745294;
2359 : 6439441;
2360 : 7490315;
2361 : 7358728;
2362 : 7359242;
2363 : 6504970;
2364 : 6113835;
2365 : 14731900;
2366 : 15061654;
2367 : 15259301;
2368 : 15457198;
2369 : 15391148;
2370 : 14995342;
2371 : 14730857;
2372 : 14796395;
2373 : 13613410;
2374 : 10391893;
2375 : 3944225;
2376 : 3153171;
2377 : 6110222;
2378 : 7555848;
2379 : 7621897;
2380 : 8411410;
2381 : 9398305;
2382 : 9661732;
2383 : 9661732;
2384 : 9661732;
2385 : 9727525;
2386 : 9661732;
2387 : 9661732;
2388 : 9661732;
2389 : 8872215;
2390 : 8213515;
2391 : 6635529;
2392 : 5920075;
2393 : 5919303;
2394 : 6899209;
2395 : 7228168;
2396 : 7228169;
2397 : 7556361;
2398 : 8345618;
2399 : 8213524;
2400 : 8739611;
2401 : 7689248;
2402 : 8552057;
2403 : 10132117;
2404 : 9408900;
2405 : 5988184;
2406 : 9403727;
2407 : 15322735;
2408 : 14731110;
2409 : 14665061;
2410 : 13350241;
2411 : 11838296;
2412 : 11575637;
2413 : 7169859;
2414 : 9934484;
2415 : 12500156;
2416 : 14276826;
2417 : 15856116;
2418 : 16777215;
2419 : 16777215;
2420 : 16777215;
2421 : 16777215;
2422 : 16777215;
2423 : 16777215;
2424 : 16777215;
2425 : 16777215;
2426 : 16777215;
2427 : 16777215;
2428 : 16777215;
2429 : 16777215;
2430 : 16777215;
2431 : 16777215;
2432 : 16777215;
2433 : 16777215;
2434 : 16777215;
2435 : 16777215;
2436 : 16777215;
2437 : 16777215;
2438 : 16777215;
2439 : 16777215;
2440 : 16777215;
2441 : 16777215;
2442 : 16777215;
2443 : 16777215;
2444 : 16777215;
2445 : 16777215;
2446 : 16777215;
2447 : 16777215;
2448 : 16777215;
2449 : 16777215;
2450 : 16777215;
2451 : 16777215;
2452 : 16777215;
2453 : 16777215;
2454 : 16777215;
2455 : 16777215;
2456 : 16777215;
2457 : 16777215;
2458 : 16777215;
2459 : 16777215;
2460 : 16777215;
2461 : 16777215;
2462 : 16777215;
2463 : 16777215;
2464 : 16777215;
2465 : 16777215;
2466 : 16777215;
2467 : 16777215;
2468 : 16777215;
2469 : 16777215;
2470 : 16514044;
2471 : 7301732;
2472 : 8546092;
2473 : 10781244;
2474 : 10452793;
2475 : 10188330;
2476 : 9924898;
2477 : 9793058;
2478 : 9661473;
2479 : 9661472;
2480 : 9793055;
2481 : 9529888;
2482 : 9003549;
2483 : 8147985;
2484 : 7752968;
2485 : 7490316;
2486 : 5717007;
2487 : 3745807;
2488 : 4796178;
2489 : 6899727;
2490 : 7359753;
2491 : 7293706;
2492 : 4470039;
2493 : 13349998;
2494 : 14796915;
2495 : 14797696;
2496 : 15325092;
2497 : 15391401;
2498 : 14930322;
2499 : 14731120;
2500 : 15059050;
2501 : 14533736;
2502 : 12890205;
2503 : 9076301;
2504 : 2235411;
2505 : 5979405;
2506 : 7556105;
2507 : 7424519;
2508 : 7884811;
2509 : 8740377;
2510 : 9595684;
2511 : 9595940;
2512 : 9596195;
2513 : 9661732;
2514 : 9661732;
2515 : 9595939;
2516 : 9661732;
2517 : 9266973;
2518 : 8016138;
2519 : 7687434;
2520 : 5322249;
2521 : 3218698;
2522 : 7162126;
2523 : 7228168;
2524 : 7293960;
2525 : 7424520;
2526 : 7753230;
2527 : 7556880;
2528 : 7885334;
2529 : 8740388;
2530 : 3878940;
2531 : 7368776;
2532 : 7238216;
2533 : 6379831;
2534 : 14796652;
2535 : 14993769;
2536 : 14862183;
2537 : 14204513;
2538 : 12692828;
2539 : 11444052;
2540 : 11575388;
2541 : 7169343;
2542 : 8288329;
2543 : 8945483;
2544 : 8223056;
2545 : 8485212;
2546 : 9143924;
2547 : 9736842;
2548 : 11447725;
2549 : 14079704;
2550 : 16185080;
2551 : 16777215;
2552 : 16777215;
2553 : 16777215;
2554 : 16777215;
2555 : 16777215;
2556 : 16777215;
2557 : 16777215;
2558 : 16777215;
2559 : 16777215;
2560 : 16777215;
2561 : 16777215;
2562 : 16777215;
2563 : 16777215;
2564 : 16777215;
2565 : 16777215;
2566 : 16777215;
2567 : 16777215;
2568 : 16777215;
2569 : 16777215;
2570 : 16777215;
2571 : 16777215;
2572 : 16777215;
2573 : 16777215;
2574 : 16777215;
2575 : 16777215;
2576 : 16777215;
2577 : 16777215;
2578 : 16777215;
2579 : 16777215;
2580 : 16777215;
2581 : 16777215;
2582 : 16777215;
2583 : 16777215;
2584 : 16777215;
2585 : 16777215;
2586 : 16777215;
2587 : 16777215;
2588 : 16777215;
2589 : 16777215;
2590 : 16777215;
2591 : 16777215;
2592 : 16777215;
2593 : 16777215;
2594 : 16777215;
2595 : 16777215;
2596 : 16777215;
2597 : 16777215;
2598 : 16777215;
2599 : 14079961;
2600 : 5390634;
2601 : 10056232;
2602 : 10122800;
2603 : 10056231;
2604 : 9858850;
2605 : 9661473;
2606 : 9661473;
2607 : 9858850;
2608 : 9727261;
2609 : 8872215;
2610 : 7950607;
2611 : 7424777;
2612 : 7228168;
2613 : 7293705;
2614 : 7555849;
2615 : 7358477;
2616 : 5125906;
2617 : 3811346;
2618 : 6045454;
2619 : 7622155;
2620 : 4600588;
2621 : 10719318;
2622 : 15125100;
2623 : 14599016;
2624 : 14666878;
2625 : 15194274;
2626 : 14667657;
2627 : 14796393;
2628 : 14994026;
2629 : 14928236;
2630 : 13744482;
2631 : 12167260;
2632 : 7629633;
2633 : 4206353;
2634 : 7490313;
2635 : 7490312;
2636 : 7424519;
2637 : 8082449;
2638 : 8871963;
2639 : 9332256;
2640 : 9464097;
2641 : 9464353;
2642 : 9661732;
2643 : 9661732;
2644 : 9530144;
2645 : 9398302;
2646 : 8082187;
2647 : 7424521;
2648 : 7555850;
2649 : 5453586;
2650 : 5913104;
2651 : 7358989;
2652 : 5191185;
2653 : 6110736;
2654 : 7358986;
2655 : 7096328;
2656 : 7161610;
2657 : 8279578;
2658 : 5455902;
2659 : 7895122;
2660 : 5722936;
2661 : 12494690;
2662 : 15387755;
2663 : 14861671;
2664 : 14730346;
2665 : 13612131;
2666 : 12034648;
2667 : 11378006;
2668 : 11640410;
2669 : 7234624;
2670 : 9933398;
2671 : 11577178;
2672 : 11445848;
2673 : 11247707;
2674 : 11049818;
2675 : 10326098;
2676 : 9009993;
2677 : 7169094;
2678 : 6118222;
2679 : 8684673;
2680 : 13224651;
2681 : 16777215;
2682 : 16777215;
2683 : 16777215;
2684 : 16777215;
2685 : 16777215;
2686 : 16777215;
2687 : 16777215;
2688 : 16777215;
2689 : 16777215;
2690 : 16777215;
2691 : 16777215;
2692 : 16777215;
2693 : 16777215;
2694 : 16777215;
2695 : 16777215;
2696 : 16777215;
2697 : 16777215;
2698 : 16777215;
2699 : 16777215;
2700 : 16777215;
2701 : 16777215;
2702 : 16777215;
2703 : 16777215;
2704 : 16777215;
2705 : 16777215;
2706 : 16777215;
2707 : 16777215;
2708 : 16777215;
2709 : 16777215;
2710 : 16777215;
2711 : 16777215;
2712 : 16777215;
2713 : 16777215;
2714 : 16777215;
2715 : 16777215;
2716 : 16777215;
2717 : 16777215;
2718 : 16777215;
2719 : 16777215;
2720 : 16777215;
2721 : 16777215;
2722 : 16777215;
2723 : 16777215;
2724 : 16777215;
2725 : 16777215;
2726 : 16777215;
2727 : 16777215;
2728 : 9539469;
2729 : 6769438;
2730 : 10122022;
2731 : 9859109;
2732 : 9859106;
2733 : 9793058;
2734 : 9793058;
2735 : 9596191;
2736 : 8871702;
2737 : 7819275;
2738 : 7424263;
2739 : 7424521;
2740 : 7293706;
2741 : 7293705;
2742 : 7358728;
2743 : 7358728;
2744 : 7490570;
2745 : 6636818;
2746 : 4598800;
2747 : 5454097;
2748 : 5913614;
2749 : 6904627;
2750 : 14928496;
2751 : 14795881;
2752 : 14599529;
2753 : 14929801;
2754 : 14864529;
2755 : 14861931;
2756 : 14993770;
2757 : 14796393;
2758 : 14533479;
2759 : 13021280;
2760 : 11706972;
2761 : 5590060;
2762 : 5453067;
2763 : 7687177;
2764 : 7490312;
2765 : 7621643;
2766 : 8279316;
2767 : 8608534;
2768 : 8937241;
2769 : 8806167;
2770 : 9332767;
2771 : 9727012;
2772 : 9464096;
2773 : 8806165;
2774 : 8082189;
2775 : 7358471;
2776 : 7424263;
2777 : 7228173;
2778 : 6766863;
2779 : 5649933;
2780 : 7892824;
2781 : 8088912;
2782 : 6570504;
2783 : 7029254;
2784 : 6832646;
2785 : 7293194;
2786 : 5782032;
2787 : 4276271;
2788 : 8614984;
2789 : 15256943;
2790 : 15058537;
2791 : 14927208;
2792 : 13941605;
2793 : 12363613;
2794 : 11443285;
2795 : 11377752;
2796 : 11640409;
2797 : 7102783;
2798 : 9538391;
2799 : 11116381;
2800 : 11182683;
2801 : 11248219;
2802 : 11510109;
2803 : 11969887;
2804 : 12496225;
2805 : 12628321;
2806 : 11773277;
2807 : 9142858;
2808 : 5130798;
2809 : 9407885;
2810 : 16777215;
2811 : 16777215;
2812 : 16777215;
2813 : 16777215;
2814 : 16777215;
2815 : 16777215;
2816 : 16777215;
2817 : 16777215;
2818 : 16777215;
2819 : 16777215;
2820 : 16777215;
2821 : 16777215;
2822 : 16777215;
2823 : 16777215;
2824 : 16777215;
2825 : 16777215;
2826 : 16777215;
2827 : 16777215;
2828 : 16777215;
2829 : 16777215;
2830 : 16777215;
2831 : 16777215;
2832 : 16777215;
2833 : 16777215;
2834 : 16777215;
2835 : 16777215;
2836 : 16777215;
2837 : 16777215;
2838 : 16777215;
2839 : 16777215;
2840 : 16777215;
2841 : 16777215;
2842 : 16777215;
2843 : 16777215;
2844 : 16777215;
2845 : 16777215;
2846 : 16777215;
2847 : 16777215;
2848 : 16777215;
2849 : 16777215;
2850 : 16777215;
2851 : 16777215;
2852 : 16777215;
2853 : 16777215;
2854 : 16777215;
2855 : 16777215;
2856 : 15987957;
2857 : 6050887;
2858 : 8873247;
2859 : 9990436;
2860 : 9793828;
2861 : 9924644;
2862 : 9661471;
2863 : 8806420;
2864 : 7753738;
2865 : 7358728;
2866 : 7227912;
2867 : 7293706;
2868 : 7293962;
2869 : 7293962;
2870 : 7227912;
2871 : 7227912;
2872 : 7162377;
2873 : 7359241;
2874 : 7359498;
2875 : 5519378;
2876 : 5124886;
2877 : 4403994;
2878 : 13218407;
2879 : 14993258;
2880 : 14730344;
2881 : 14730866;
2882 : 14929033;
2883 : 14927730;
2884 : 14796135;
2885 : 14665065;
2886 : 14796137;
2887 : 14072936;
2888 : 12232795;
2889 : 10456920;
2890 : 4469788;
2891 : 7095308;
2892 : 7490057;
2893 : 7424008;
2894 : 7687436;
2895 : 8214292;
2896 : 8345361;
2897 : 8213776;
2898 : 8279570;
2899 : 9529635;
2900 : 9529890;
2901 : 8279824;
2902 : 7819276;
2903 : 7359241;
2904 : 7227912;
2905 : 7227913;
2906 : 7227401;
2907 : 5323288;
2908 : 13418133;
2909 : 13549466;
2910 : 5980188;
2911 : 6963974;
2912 : 6635526;
2913 : 6701065;
2914 : 6240268;
2915 : 3549721;
2916 : 13481833;
2917 : 15124845;
2918 : 14861930;
2919 : 14401896;
2920 : 12758112;
2921 : 11443542;
2922 : 11378006;
2923 : 11443288;
2924 : 11575129;
2925 : 6840378;
2926 : 8684626;
2927 : 9998937;
2928 : 10327384;
2929 : 10458970;
2930 : 10787162;
2931 : 11115608;
2932 : 11444056;
2933 : 11706713;
2934 : 11773019;
2935 : 11970137;
2936 : 11444310;
2937 : 6379838;
2938 : 15197927;
2939 : 16777215;
2940 : 16777215;
2941 : 16777215;
2942 : 16777215;
2943 : 16777215;
2944 : 16777215;
2945 : 16777215;
2946 : 16777215;
2947 : 16777215;
2948 : 16777215;
2949 : 16777215;
2950 : 16777215;
2951 : 16777215;
2952 : 16777215;
2953 : 16777215;
2954 : 16777215;
2955 : 16777215;
2956 : 16777215;
2957 : 16777215;
2958 : 16777215;
2959 : 16777215;
2960 : 16777215;
2961 : 16777215;
2962 : 16777215;
2963 : 16777215;
2964 : 16777215;
2965 : 16777215;
2966 : 16777215;
2967 : 16777215;
2968 : 16777215;
2969 : 16777215;
2970 : 16777215;
2971 : 16777215;
2972 : 16777215;
2973 : 16777215;
2974 : 16777215;
2975 : 16777215;
2976 : 16777215;
2977 : 16777215;
2978 : 16777215;
2979 : 16777215;
2980 : 16777215;
2981 : 16777215;
2982 : 16777215;
2983 : 16777215;
2984 : 16777215;
2985 : 12500929;
2986 : 5719073;
2987 : 9858597;
2988 : 9924132;
2989 : 9595680;
2990 : 8674582;
2991 : 7818762;
2992 : 7556104;
2993 : 7424265;
2994 : 7227912;
2995 : 7293962;
2996 : 7293962;
2997 : 7228169;
2998 : 7228169;
2999 : 7228169;
3000 : 7228169;
3001 : 7293449;
3002 : 7359240;
3003 : 7359501;
3004 : 6898703;
3005 : 4993295;
3006 : 9535310;
3007 : 15190638;
3008 : 14730344;
3009 : 14664810;
3010 : 14731122;
3011 : 14927988;
3012 : 14665065;
3013 : 14665064;
3014 : 14795882;
3015 : 14664810;
3016 : 13087072;
3017 : 12099930;
3018 : 8351558;
3019 : 4403730;
3020 : 7621642;
3021 : 7424008;
3022 : 7358215;
3023 : 7819278;
3024 : 8147982;
3025 : 7884554;
3026 : 7621385;
3027 : 8608534;
3028 : 9529890;
3029 : 8082700;
3030 : 7424519;
3031 : 7293449;
3032 : 7228169;
3033 : 7228169;
3034 : 6767626;
3035 : 7298362;
3036 : 15194271;
3037 : 15523761;
3038 : 7758920;
3039 : 5978631;
3040 : 6700553;
3041 : 6634761;
3042 : 6633992;
3043 : 5915939;
3044 : 14336109;
3045 : 15058541;
3046 : 14467947;
3047 : 13021792;
3048 : 11640409;
3049 : 11443794;
3050 : 11443543;
3051 : 11443543;
3052 : 11509082;
3053 : 6445623;
3054 : 8223825;
3055 : 9209429;
3056 : 9341013;
3057 : 9341527;
3058 : 9669717;
3059 : 10063700;
3060 : 10326870;
3061 : 10590037;
3062 : 11049043;
3063 : 11443287;
3064 : 10194006;
3065 : 4013363;
3066 : 10592674;
3067 : 16777215;
3068 : 16777215;
3069 : 16777215;
3070 : 16777215;
3071 : 16777215;
3072 : 16777215;
3073 : 16777215;
3074 : 16777215;
3075 : 16777215;
3076 : 16777215;
3077 : 16777215;
3078 : 16777215;
3079 : 16777215;
3080 : 16777215;
3081 : 16777215;
3082 : 16777215;
3083 : 16777215;
3084 : 16777215;
3085 : 16777215;
3086 : 16777215;
3087 : 16777215;
3088 : 16777215;
3089 : 16777215;
3090 : 16777215;
3091 : 16777215;
3092 : 16777215;
3093 : 16777215;
3094 : 16777215;
3095 : 16777215;
3096 : 16777215;
3097 : 16777215;
3098 : 16777215;
3099 : 16777215;
3100 : 15856114;
3101 : 8618367;
3102 : 10131348;
3103 : 11447208;
3104 : 12039604;
3105 : 13290186;
3106 : 14606304;
3107 : 16316666;
3108 : 16777215;
3109 : 16777215;
3110 : 16777215;
3111 : 16777215;
3112 : 16777215;
3113 : 16777215;
3114 : 9802126;
3115 : 7229722;
3116 : 9660954;
3117 : 8542482;
3118 : 7752712;
3119 : 7490057;
3120 : 7490057;
3121 : 7358985;
3122 : 7228169;
3123 : 7293962;
3124 : 7293962;
3125 : 7228169;
3126 : 7228169;
3127 : 7228169;
3128 : 7228169;
3129 : 7227912;
3130 : 7227914;
3131 : 7228170;
3132 : 7359496;
3133 : 6702089;
3134 : 5654569;
3135 : 14533229;
3136 : 14730855;
3137 : 14730857;
3138 : 14665066;
3139 : 14730859;
3140 : 14665064;
3141 : 14730601;
3142 : 14730601;
3143 : 14730600;
3144 : 14138724;
3145 : 12232283;
3146 : 11574618;
3147 : 4932135;
3148 : 6504460;
3149 : 7555594;
3150 : 7424521;
3151 : 7359241;
3152 : 7556617;
3153 : 7490569;
3154 : 7490312;
3155 : 7556360;
3156 : 8938010;
3157 : 8280080;
3158 : 7424520;
3159 : 7228169;
3160 : 7227913;
3161 : 7293449;
3162 : 6242058;
3163 : 9929813;
3164 : 15588515;
3165 : 15720622;
3166 : 11971208;
3167 : 4862478;
3168 : 6765578;
3169 : 6700550;
3170 : 6896902;
3171 : 5190418;
3172 : 12626018;
3173 : 14927210;
3174 : 13349986;
3175 : 11772248;
3176 : 11443287;
3177 : 11443797;
3178 : 11443544;
3179 : 11443797;
3180 : 11312218;
3181 : 6380346;
3182 : 8486741;
3183 : 9077845;
3184 : 9012820;
3185 : 9144406;
3186 : 9407061;
3187 : 9603925;
3188 : 9735767;
3189 : 10064980;
3190 : 10589781;
3191 : 11311961;
3192 : 8156237;
3193 : 9018030;
3194 : 8424081;
3195 : 15724527;
3196 : 16777215;
3197 : 16777215;
3198 : 16777215;
3199 : 16777215;
3200 : 16777215;
3201 : 16777215;
3202 : 16777215;
3203 : 16777215;
3204 : 16777215;
3205 : 16777215;
3206 : 16777215;
3207 : 16777215;
3208 : 16777215;
3209 : 16777215;
3210 : 16777215;
3211 : 16777215;
3212 : 16777215;
3213 : 16777215;
3214 : 16777215;
3215 : 16777215;
3216 : 16777215;
3217 : 16777215;
3218 : 16777215;
3219 : 16777215;
3220 : 16777215;
3221 : 16777215;
3222 : 16777215;
3223 : 16777215;
3224 : 16777215;
3225 : 16777215;
3226 : 16777215;
3227 : 16777215;
3228 : 16448250;
3229 : 6446421;
3230 : 8811079;
3231 : 9205834;
3232 : 8482628;
3233 : 7760453;
3234 : 6707779;
3235 : 6643282;
3236 : 7696745;
3237 : 10724000;
3238 : 13816790;
3239 : 15987958;
3240 : 16777215;
3241 : 16777215;
3242 : 16580094;
3243 : 8155746;
3244 : 7294731;
3245 : 7687434;
3246 : 7490568;
3247 : 7555848;
3248 : 7424264;
3249 : 7358729;
3250 : 7228169;
3251 : 7228169;
3252 : 7228426;
3253 : 7228169;
3254 : 7228169;
3255 : 7228169;
3256 : 7228169;
3257 : 7228169;
3258 : 7228169;
3259 : 7228169;
3260 : 7162378;
3261 : 7358732;
3262 : 4993808;
3263 : 10720341;
3264 : 15190636;
3265 : 14730602;
3266 : 14730602;
3267 : 14730602;
3268 : 14665064;
3269 : 14665064;
3270 : 14665064;
3271 : 14665064;
3272 : 14599272;
3273 : 13152608;
3274 : 12166231;
3275 : 8879177;
3276 : 4467986;
3277 : 7621643;
3278 : 7293706;
3279 : 7228169;
3280 : 7228169;
3281 : 7228169;
3282 : 7293705;
3283 : 7358984;
3284 : 7819275;
3285 : 8345877;
3286 : 7359242;
3287 : 7228169;
3288 : 7227913;
3289 : 7424778;
3290 : 5980175;
3291 : 12297837;
3292 : 15392164;
3293 : 15391663;
3294 : 15260330;
3295 : 7034940;
3296 : 6108935;
3297 : 6831622;
3298 : 6897158;
3299 : 5517835;
3300 : 10258513;
3301 : 13876071;
3302 : 12100696;
3303 : 11443030;
3304 : 11443288;
3305 : 11443543;
3306 : 11443543;
3307 : 11509335;
3308 : 10917720;
3309 : 5920312;
3310 : 8750166;
3311 : 9012052;
3312 : 8880978;
3313 : 8946771;
3314 : 9275221;
3315 : 9472342;
3316 : 9538133;
3317 : 9604437;
3318 : 9998932;
3319 : 10852951;
3320 : 7763038;
3321 : 11321823;
3322 : 10794701;
3323 : 9146775;
3324 : 16579835;
3325 : 16777215;
3326 : 16777215;
3327 : 16777215;
3328 : 16777215;
3329 : 16777215;
3330 : 16777215;
3331 : 16777215;
3332 : 16777215;
3333 : 16777215;
3334 : 16777215;
3335 : 16777215;
3336 : 16777215;
3337 : 16777215;
3338 : 16777215;
3339 : 16777215;
3340 : 16777215;
3341 : 16777215;
3342 : 16777215;
3343 : 16777215;
3344 : 16777215;
3345 : 16777215;
3346 : 16777215;
3347 : 16777215;
3348 : 16777215;
3349 : 16777215;
3350 : 16777215;
3351 : 16777215;
3352 : 16777215;
3353 : 16777215;
3354 : 16777215;
3355 : 16777215;
3356 : 16777215;
3357 : 10066070;
3358 : 8087873;
3359 : 11639389;
3360 : 11507545;
3361 : 11507289;
3362 : 11310173;
3363 : 10718548;
3364 : 9599555;
3365 : 7428651;
3366 : 6113317;
3367 : 6444095;
3368 : 8486002;
3369 : 11381673;
3370 : 14408668;
3371 : 14869478;
3372 : 6508858;
3373 : 7227655;
3374 : 7622409;
3375 : 7293961;
3376 : 7227912;
3377 : 7293448;
3378 : 7358728;
3379 : 7293448;
3380 : 7228169;
3381 : 7293962;
3382 : 7228169;
3383 : 7228169;
3384 : 7228169;
3385 : 7228169;
3386 : 7228169;
3387 : 7162378;
3388 : 7096329;
3389 : 7096074;
3390 : 6569225;
3391 : 5785384;
3392 : 14205551;
3393 : 14927464;
3394 : 14730602;
3395 : 14730602;
3396 : 14665064;
3397 : 14665064;
3398 : 14665064;
3399 : 14665064;
3400 : 14730856;
3401 : 14072931;
3402 : 12429402;
3403 : 11640666;
3404 : 4799524;
3405 : 6438669;
3406 : 7359242;
3407 : 7227912;
3408 : 7162377;
3409 : 7162377;
3410 : 7228169;
3411 : 7359242;
3412 : 7424265;
3413 : 7950865;
3414 : 7491082;
3415 : 7162376;
3416 : 7228168;
3417 : 7162123;
3418 : 6112800;
3419 : 14074237;
3420 : 15195049;
3421 : 15195054;
3422 : 15326114;
3423 : 11706478;
3424 : 5387279;
3425 : 6896902;
3426 : 6831622;
3427 : 5846279;
3428 : 7496760;
3429 : 12298593;
3430 : 11377751;
3431 : 11443033;
3432 : 11443287;
3433 : 11443544;
3434 : 11443544;
3435 : 11509593;
3436 : 10127953;
3437 : 5920060;
3438 : 9078615;
3439 : 9077590;
3440 : 8946775;
3441 : 8946517;
3442 : 9012309;
3443 : 9209432;
3444 : 9406295;
3445 : 9406804;
3446 : 9604950;
3447 : 6446393;
3448 : 4935249;
3449 : 11717091;
3450 : 12176876;
3451 : 8162975;
3452 : 12435393;
3453 : 16777215;
3454 : 16777215;
3455 : 16777215;
3456 : 16777215;
3457 : 16777215;
3458 : 16777215;
3459 : 16777215;
3460 : 16777215;
3461 : 16777215;
3462 : 16777215;
3463 : 16777215;
3464 : 16777215;
3465 : 16777215;
3466 : 16777215;
3467 : 16777215;
3468 : 16777215;
3469 : 16777215;
3470 : 16777215;
3471 : 16777215;
3472 : 16777215;
3473 : 16777215;
3474 : 16777215;
3475 : 16777215;
3476 : 16777215;
3477 : 16777215;
3478 : 16777215;
3479 : 16777215;
3480 : 16777215;
3481 : 16777215;
3482 : 16777215;
3483 : 16777215;
3484 : 16777215;
3485 : 14277339;
3486 : 5458229;
3487 : 11179098;
3488 : 11113308;
3489 : 11113051;
3490 : 11113306;
3491 : 10981717;
3492 : 10783306;
3493 : 10583866;
3494 : 9924650;
3495 : 9398561;
3496 : 8543774;
3497 : 7492126;
3498 : 6769964;
3499 : 7299406;
3500 : 5131076;
3501 : 3482125;
3502 : 6767631;
3503 : 7424011;
3504 : 7490569;
3505 : 7424777;
3506 : 7424263;
3507 : 7227911;
3508 : 7162375;
3509 : 7228168;
3510 : 7228169;
3511 : 7162376;
3512 : 7228169;
3513 : 7162376;
3514 : 7162376;
3515 : 7030794;
3516 : 7030539;
3517 : 6964238;
3518 : 7095565;
3519 : 4730386;
3520 : 9207112;
3521 : 15125358;
3522 : 14730601;
3523 : 14730602;
3524 : 14730858;
3525 : 14665063;
3526 : 14665064;
3527 : 14665064;
3528 : 14730599;
3529 : 14533222;
3530 : 13086819;
3531 : 11969884;
3532 : 8089671;
3533 : 4533263;
3534 : 7556107;
3535 : 7228169;
3536 : 7227913;
3537 : 7228169;
3538 : 7228169;
3539 : 7228169;
3540 : 7293705;
3541 : 7556105;
3542 : 7556619;
3543 : 7228169;
3544 : 7293449;
3545 : 6307081;
3546 : 7758135;
3547 : 15257993;
3548 : 15260331;
3549 : 15260845;
3550 : 14799505;
3551 : 14402942;
3552 : 6244905;
3553 : 6437638;
3554 : 6831366;
3555 : 6306055;
3556 : 5720100;
3557 : 11443546;
3558 : 11443544;
3559 : 11443546;
3560 : 11443544;
3561 : 11443544;
3562 : 11443798;
3563 : 11706456;
3564 : 8681543;
3565 : 6710340;
3566 : 9013336;
3567 : 9012054;
3568 : 8946518;
3569 : 8946773;
3570 : 8946773;
3571 : 8946774;
3572 : 9143639;
3573 : 9472597;
3574 : 7763019;
3575 : 6975612;
3576 : 8227231;
3577 : 8556968;
3578 : 12045542;
3579 : 11584472;
3580 : 7106934;
3581 : 16185078;
3582 : 16777215;
3583 : 16777215;
3584 : 16777215;
3585 : 16777215;
3586 : 16777215;
3587 : 16777215;
3588 : 16777215;
3589 : 16777215;
3590 : 16777215;
3591 : 16777215;
3592 : 16777215;
3593 : 16777215;
3594 : 16777215;
3595 : 16777215;
3596 : 16777215;
3597 : 16777215;
3598 : 16777215;
3599 : 16777215;
3600 : 16777215;
3601 : 16777215;
3602 : 16777215;
3603 : 16777215;
3604 : 16777215;
3605 : 16777215;
3606 : 16777215;
3607 : 16777215;
3608 : 16777215;
3609 : 16777215;
3610 : 16777215;
3611 : 16777215;
3612 : 16777215;
3613 : 16777215;
3614 : 7434347;
3615 : 8877896;
3616 : 11245401;
3617 : 11113306;
3618 : 11113561;
3619 : 11047767;
3620 : 10454598;
3621 : 9860143;
3622 : 9792807;
3623 : 9661730;
3624 : 9596705;
3625 : 9793312;
3626 : 9923619;
3627 : 9595422;
3628 : 8676383;
3629 : 6704417;
3630 : 4731929;
3631 : 4402960;
3632 : 5190671;
3633 : 6570510;
3634 : 7424781;
3635 : 7490057;
3636 : 7358728;
3637 : 7227912;
3638 : 7227912;
3639 : 7358985;
3640 : 7227914;
3641 : 7161865;
3642 : 7030537;
3643 : 6964747;
3644 : 6832655;
3645 : 6766866;
3646 : 6635537;
3647 : 6176019;
3648 : 4140571;
3649 : 12890215;
3650 : 15058796;
3651 : 14795882;
3652 : 14665063;
3653 : 14665064;
3654 : 14665064;
3655 : 14665064;
3656 : 14730344;
3657 : 14664809;
3658 : 13547362;
3659 : 11969882;
3660 : 11180890;
3661 : 4667678;
3662 : 6899470;
3663 : 7293961;
3664 : 7162377;
3665 : 7162376;
3666 : 7228169;
3667 : 7228169;
3668 : 7162632;
3669 : 7359241;
3670 : 7358985;
3671 : 7227912;
3672 : 7424778;
3673 : 5453578;
3674 : 10192975;
3675 : 15389063;
3676 : 15260329;
3677 : 15326126;
3678 : 14733192;
3679 : 15059827;
3680 : 8812360;
3681 : 5518091;
3682 : 6897158;
3683 : 6700551;
3684 : 4930075;
3685 : 10654546;
3686 : 11640919;
3687 : 11509081;
3688 : 11443544;
3689 : 11443544;
3690 : 11443545;
3691 : 11706458;
3692 : 6840378;
3693 : 7697742;
3694 : 9012822;
3695 : 9012054;
3696 : 8946773;
3697 : 8946773;
3698 : 8946773;
3699 : 8946773;
3700 : 9077592;
3701 : 9077332;
3702 : 6251348;
3703 : 11124952;
3704 : 12242665;
3705 : 7964062;
3706 : 9939392;
3707 : 12769518;
3708 : 8818326;
3709 : 11777462;
3710 : 16777215;
3711 : 16777215;
3712 : 16777215;
3713 : 16777215;
3714 : 16777215;
3715 : 16777215;
3716 : 16777215;
3717 : 16777215;
3718 : 16777215;
3719 : 16777215;
3720 : 16777215;
3721 : 16777215;
3722 : 16777215;
3723 : 16777215;
3724 : 16777215;
3725 : 16777215;
3726 : 16777215;
3727 : 16777215;
3728 : 16777215;
3729 : 16777215;
3730 : 16777215;
3731 : 16777215;
3732 : 16777215;
3733 : 16777215;
3734 : 16777215;
3735 : 16777215;
3736 : 16777215;
3737 : 16777215;
3738 : 16777215;
3739 : 16777215;
3740 : 16777215;
3741 : 16777215;
3742 : 13487566;
3743 : 5721394;
3744 : 11113559;
3745 : 11178585;
3746 : 11113305;
3747 : 11113306;
3748 : 11112281;
3749 : 10189883;
3750 : 9595684;
3751 : 9595683;
3752 : 9596194;
3753 : 9661474;
3754 : 9661473;
3755 : 9924641;
3756 : 10122017;
3757 : 9990433;
3758 : 8741147;
3759 : 7030544;
3760 : 5387536;
3761 : 4205839;
3762 : 4534291;
3763 : 5717262;
3764 : 7162383;
3765 : 7489803;
3766 : 7358730;
3767 : 7358731;
3768 : 7161611;
3769 : 7095819;
3770 : 6964747;
3771 : 6898703;
3772 : 6701071;
3773 : 6635277;
3774 : 6503440;
3775 : 6569493;
3776 : 4927250;
3777 : 6509107;
3778 : 14796654;
3779 : 14861417;
3780 : 14664808;
3781 : 14665064;
3782 : 14665064;
3783 : 14665064;
3784 : 14665064;
3785 : 14665066;
3786 : 13876070;
3787 : 12232795;
3788 : 11904088;
3789 : 7365945;
3790 : 5519886;
3791 : 7424777;
3792 : 7096841;
3793 : 7162376;
3794 : 7162376;
3795 : 7162376;
3796 : 7162376;
3797 : 7293705;
3798 : 7228169;
3799 : 7228169;
3800 : 7227657;
3801 : 5191958;
3802 : 12890215;
3803 : 14994553;
3804 : 15061912;
3805 : 15260334;
3806 : 14798729;
3807 : 14927721;
3808 : 11969124;
3809 : 4861200;
3810 : 6766086;
3811 : 6965004;
3812 : 5259290;
3813 : 9668170;
3814 : 11903577;
3815 : 11640408;
3816 : 11509336;
3817 : 11377754;
3818 : 11509081;
3819 : 10983000;
3820 : 5854263;
3821 : 8947543;
3822 : 8946775;
3823 : 8946773;
3824 : 8880980;
3825 : 8946773;
3826 : 8946773;
3827 : 8946771;
3828 : 9143639;
3829 : 7433803;
3830 : 9082784;
3831 : 11849194;
3832 : 11913443;
3833 : 11912671;
3834 : 8623275;
3835 : 11783141;
3836 : 12964834;
3837 : 7962242;
3838 : 16382456;
3839 : 16777215;
3840 : 16777215;
3841 : 16777215;
3842 : 16777215;
3843 : 16777215;
3844 : 16777215;
3845 : 16777215;
3846 : 16777215;
3847 : 16777215;
3848 : 16777215;
3849 : 16777215;
3850 : 16777215;
3851 : 16777215;
3852 : 16777215;
3853 : 16777215;
3854 : 16777215;
3855 : 16777215;
3856 : 16777215;
3857 : 16777215;
3858 : 16777215;
3859 : 16777215;
3860 : 16777215;
3861 : 16777215;
3862 : 16777215;
3863 : 16777215;
3864 : 16777215;
3865 : 16777215;
3866 : 16777215;
3867 : 16777215;
3868 : 16777215;
3869 : 16777215;
3870 : 16777215;
3871 : 7630955;
3872 : 8810553;
3873 : 10981202;
3874 : 10981719;
3875 : 11244632;
3876 : 11178329;
3877 : 10979919;
3878 : 9990957;
3879 : 9596194;
3880 : 9596196;
3881 : 9661474;
3882 : 9661473;
3883 : 9858852;
3884 : 9858851;
3885 : 9266718;
3886 : 7951118;
3887 : 7359240;
3888 : 7556362;
3889 : 7490314;
3890 : 6308113;
3891 : 4007693;
3892 : 3482383;
3893 : 5520400;
3894 : 7293708;
3895 : 7358472;
3896 : 7095563;
3897 : 7030283;
3898 : 6964746;
3899 : 6832911;
3900 : 6569744;
3901 : 6569487;
3902 : 6372368;
3903 : 6372114;
3904 : 6372373;
3905 : 4139023;
3906 : 8549703;
3907 : 15190894;
3908 : 14730601;
3909 : 14664809;
3910 : 14665064;
3911 : 14665064;
3912 : 14665064;
3913 : 14730602;
3914 : 14007657;
3915 : 12364381;
3916 : 11640919;
3917 : 10522710;
3918 : 5060890;
3919 : 7491340;
3920 : 7162376;
3921 : 7162377;
3922 : 7162376;
3923 : 7162376;
3924 : 7228169;
3925 : 7293962;
3926 : 7228169;
3927 : 7293705;
3928 : 6767880;
3929 : 6245930;
3930 : 14599278;
3931 : 14730599;
3932 : 14797695;
3933 : 15325867;
3934 : 14864780;
3935 : 14795881;
3936 : 14335853;
3937 : 6112807;
3938 : 6436872;
3939 : 7492114;
3940 : 7364914;
3941 : 8943946;
3942 : 11969370;
3943 : 11640664;
3944 : 11443544;
3945 : 11312218;
3946 : 11706459;
3947 : 8813642;
3948 : 4276540;
3949 : 5855292;
3950 : 8815189;
3951 : 9012565;
3952 : 8880980;
3953 : 8946773;
3954 : 8946773;
3955 : 8946772;
3956 : 9011797;
3957 : 7040353;
3958 : 11322077;
3959 : 11651812;
3960 : 11847139;
3961 : 12505322;
3962 : 10135992;
3963 : 10004924;
3964 : 14346490;
3965 : 9278102;
3966 : 13948116;
3967 : 16777215;
3968 : 16777215;
3969 : 16777215;
3970 : 16777215;
3971 : 16777215;
3972 : 16777215;
3973 : 16777215;
3974 : 16777215;
3975 : 16777215;
3976 : 16777215;
3977 : 16777215;
3978 : 16777215;
3979 : 16777215;
3980 : 16777215;
3981 : 16777215;
3982 : 16777215;
3983 : 16777215;
3984 : 16777215;
3985 : 16777215;
3986 : 16777215;
3987 : 16777215;
3988 : 16777215;
3989 : 16777215;
3990 : 16777215;
3991 : 13619152;
3992 : 8814458;
3993 : 11446946;
3994 : 13816273;
3995 : 15856372;
3996 : 16777215;
3997 : 16777215;
3998 : 16777215;
3999 : 13816532;
4000 : 5522987;
4001 : 10453308;
4002 : 10453315;
4003 : 10980169;
4004 : 10783561;
4005 : 10387777;
4006 : 10320441;
4007 : 9661991;
4008 : 9596195;
4009 : 9661731;
4010 : 9727266;
4011 : 9793058;
4012 : 9529887;
4013 : 8411413;
4014 : 7490312;
4015 : 7490312;
4016 : 7490567;
4017 : 7424777;
4018 : 7555850;
4019 : 7490316;
4020 : 6045967;
4021 : 3745295;
4022 : 3744783;
4023 : 5847825;
4024 : 7226126;
4025 : 7030032;
4026 : 6898701;
4027 : 6766863;
4028 : 6569232;
4029 : 6437904;
4030 : 6241045;
4031 : 6241046;
4032 : 6306581;
4033 : 6175254;
4034 : 3811348;
4035 : 10127445;
4036 : 15190893;
4037 : 14861674;
4038 : 14730600;
4039 : 14665064;
4040 : 14730601;
4041 : 14730602;
4042 : 14007909;
4043 : 12364635;
4044 : 11509333;
4045 : 11902809;
4046 : 6971194;
4047 : 9270578;
4048 : 7885580;
4049 : 7030534;
4050 : 7820304;
4051 : 8939288;
4052 : 7622924;
4053 : 7162377;
4054 : 7293450;
4055 : 7293960;
4056 : 5913613;
4057 : 8613444;
4058 : 15190894;
4059 : 14730598;
4060 : 14665330;
4061 : 15128481;
4062 : 14864783;
4063 : 14599017;
4064 : 15059567;
4065 : 9074502;
4066 : 5714698;
4067 : 8545056;
4068 : 9536076;
4069 : 9404752;
4070 : 11772760;
4071 : 11509848;
4072 : 11443799;
4073 : 11377753;
4074 : 11115605;
4075 : 7696727;
4076 : 15001063;
4077 : 8684419;
4078 : 5197882;
4079 : 8618325;
4080 : 8947028;
4081 : 8881238;
4082 : 9012819;
4083 : 9143895;
4084 : 7170630;
4085 : 7831950;
4086 : 12176875;
4087 : 11847648;
4088 : 11913185;
4089 : 12045027;
4090 : 12570334;
4091 : 7767184;
4092 : 13951730;
4093 : 12501961;
4094 : 10000536;
4095 : 16777215;
4096 : 16777215;
4097 : 16777215;
4098 : 16777215;
4099 : 16777215;
4100 : 16777215;
4101 : 16777215;
4102 : 16777215;
4103 : 16777215;
4104 : 16777215;
4105 : 16777215;
4106 : 16777215;
4107 : 16777215;
4108 : 16777215;
4109 : 16777215;
4110 : 16777215;
4111 : 16777215;
4112 : 16777215;
4113 : 16777215;
4114 : 16777215;
4115 : 16777215;
4116 : 16777215;
4117 : 16777215;
4118 : 16777215;
4119 : 13421772;
4120 : 3679502;
4121 : 6242055;
4122 : 5717014;
4123 : 6442802;
4124 : 8155233;
4125 : 11380642;
4126 : 14606047;
4127 : 16777215;
4128 : 9736336;
4129 : 7164706;
4130 : 10188334;
4131 : 9925937;
4132 : 10124599;
4133 : 9728554;
4134 : 9793573;
4135 : 9859111;
4136 : 9595939;
4137 : 9661730;
4138 : 9727267;
4139 : 9595681;
4140 : 8806169;
4141 : 7687690;
4142 : 7424519;
4143 : 7556104;
4144 : 7556103;
4145 : 7489800;
4146 : 7358728;
4147 : 7358730;
4148 : 7424523;
4149 : 7292943;
4150 : 5848080;
4151 : 3745040;
4152 : 3876622;
4153 : 5978894;
4154 : 6963728;
4155 : 6635024;
4156 : 6372371;
4157 : 6306578;
4158 : 6241045;
4159 : 6241302;
4160 : 6241046;
4161 : 6241300;
4162 : 5782295;
4163 : 4140057;
4164 : 10324568;
4165 : 14599788;
4166 : 14665064;
4167 : 14730857;
4168 : 14730856;
4169 : 14795882;
4170 : 13876067;
4171 : 12364122;
4172 : 11575125;
4173 : 11838037;
4174 : 8878919;
4175 : 9141064;
4176 : 12427083;
4177 : 9465891;
4178 : 8675861;
4179 : 12822606;
4180 : 10848051;
4181 : 7557386;
4182 : 7227657;
4183 : 7424778;
4184 : 5256463;
4185 : 11179355;
4186 : 15124844;
4187 : 14795624;
4188 : 14730091;
4189 : 14864526;
4190 : 14929289;
4191 : 14665066;
4192 : 14994028;
4193 : 11705947;
4194 : 5255953;
4195 : 9861686;
4196 : 11509337;
4197 : 11312727;
4198 : 11509848;
4199 : 11575381;
4200 : 11509588;
4201 : 11640666;
4202 : 8878919;
4203 : 11513513;
4204 : 16777215;
4205 : 16777215;
4206 : 11908532;
4207 : 4736822;
4208 : 8815192;
4209 : 9144148;
4210 : 9144148;
4211 : 9209945;
4212 : 5066296;
4213 : 9413050;
4214 : 11980007;
4215 : 11847650;
4216 : 11847905;
4217 : 11782113;
4218 : 13557492;
4219 : 8621207;
4220 : 11911631;
4221 : 14607082;
4222 : 7302767;
4223 : 16645629;
4224 : 16777215;
4225 : 16777215;
4226 : 16777215;
4227 : 16777215;
4228 : 16777215;
4229 : 16777215;
4230 : 16777215;
4231 : 16777215;
4232 : 16777215;
4233 : 16777215;
4234 : 16777215;
4235 : 16777215;
4236 : 16777215;
4237 : 16777215;
4238 : 16777215;
4239 : 16777215;
4240 : 16777215;
4241 : 16777215;
4242 : 16777215;
4243 : 16777215;
4244 : 16777215;
4245 : 16777215;
4246 : 16777215;
4247 : 16711422;
4248 : 7499367;
4249 : 5978886;
4250 : 7490569;
4251 : 7292933;
4252 : 6701060;
4253 : 5649932;
4254 : 5192996;
4255 : 6774097;
4256 : 9210507;
4257 : 3484192;
4258 : 9136164;
4259 : 9793060;
4260 : 9662246;
4261 : 9727268;
4262 : 9661475;
4263 : 9661732;
4264 : 9661220;
4265 : 9661732;
4266 : 9595939;
4267 : 9069596;
4268 : 8082191;
4269 : 7227912;
4270 : 7424265;
4271 : 7555850;
4272 : 7556103;
4273 : 7424520;
4274 : 7227913;
4275 : 7162121;
4276 : 7030537;
4277 : 7096331;
4278 : 7161612;
4279 : 6898704;
4280 : 5387794;
4281 : 3351310;
4282 : 4401937;
4283 : 6372117;
4284 : 6503442;
4285 : 6176019;
4286 : 6241302;
4287 : 6241302;
4288 : 6241302;
4289 : 6241301;
4290 : 6372628;
4291 : 6043923;
4292 : 4206104;
4293 : 8681544;
4294 : 13153632;
4295 : 13810275;
4296 : 14204773;
4297 : 14138982;
4298 : 13349985;
4299 : 12100440;
4300 : 11509078;
4301 : 11575127;
4302 : 10719828;
4303 : 7233592;
4304 : 13678952;
4305 : 14204004;
4306 : 11571259;
4307 : 13941085;
4308 : 14204510;
4309 : 10782001;
4310 : 7293703;
4311 : 7424011;
4312 : 4863508;
4313 : 12824165;
4314 : 14927978;
4315 : 14795884;
4316 : 14730345;
4317 : 14666104;
4318 : 14796922;
4319 : 14730602;
4320 : 14861930;
4321 : 13678698;
4322 : 5850145;
4323 : 10652746;
4324 : 11641434;
4325 : 11575892;
4326 : 11575637;
4327 : 11640917;
4328 : 11640911;
4329 : 10786129;
4330 : 7894113;
4331 : 16250871;
4332 : 16777215;
4333 : 16777215;
4334 : 16777215;
4335 : 10526879;
4336 : 4539695;
4337 : 8486737;
4338 : 9275735;
4339 : 9275992;
4340 : 5657659;
4341 : 9807550;
4342 : 11783656;
4343 : 11651296;
4344 : 11847905;
4345 : 11782369;
4346 : 13228781;
4347 : 11845061;
4348 : 9410725;
4349 : 15660029;
4350 : 7895161;
4351 : 15395562;
4352 : 16777215;
4353 : 16777215;
4354 : 16777215;
4355 : 16777215;
4356 : 16777215;
4357 : 16777215;
4358 : 16777215;
4359 : 16777215;
4360 : 16777215;
4361 : 16777215;
4362 : 16777215;
4363 : 16777215;
4364 : 16777215;
4365 : 16777215;
4366 : 16777215;
4367 : 16777215;
4368 : 16777215;
4369 : 16777215;
4370 : 16777215;
4371 : 16777215;
4372 : 16777215;
4373 : 16777215;
4374 : 16777215;
4375 : 16777215;
4376 : 14803427;
4377 : 4864550;
4378 : 7030279;
4379 : 7424265;
4380 : 7095309;
4381 : 6766608;
4382 : 6241042;
4383 : 5452562;
4384 : 4335381;
4385 : 2627861;
4386 : 5324315;
4387 : 9924131;
4388 : 9726756;
4389 : 9595939;
4390 : 9661476;
4391 : 9661732;
4392 : 9661732;
4393 : 9661732;
4394 : 9332767;
4395 : 8411411;
4396 : 7555850;
4397 : 7227913;
4398 : 7424265;
4399 : 7621130;
4400 : 7490312;
4401 : 7359242;
4402 : 7096586;
4403 : 7096073;
4404 : 7030281;
4405 : 7030284;
4406 : 6898191;
4407 : 6766864;
4408 : 6832143;
4409 : 6570258;
4410 : 4664849;
4411 : 3415823;
4412 : 5189654;
4413 : 6372629;
4414 : 6306580;
4415 : 6241045;
4416 : 6241302;
4417 : 6306837;
4418 : 6437909;
4419 : 6568466;
4420 : 6109461;
4421 : 3745812;
4422 : 7036731;
4423 : 11443802;
4424 : 12231771;
4425 : 12232027;
4426 : 12100697;
4427 : 11509334;
4428 : 11443799;
4429 : 11509078;
4430 : 11508826;
4431 : 7168571;
4432 : 12166236;
4433 : 14599271;
4434 : 14598756;
4435 : 14467428;
4436 : 14730601;
4437 : 14072929;
4438 : 10189612;
4439 : 7096585;
4440 : 4732700;
4441 : 13941609;
4442 : 14861929;
4443 : 14730602;
4444 : 14730602;
4445 : 14599533;
4446 : 14665068;
4447 : 14664808;
4448 : 14796394;
4449 : 14664815;
4450 : 7101493;
4451 : 10850898;
4452 : 11510361;
4453 : 11510103;
4454 : 11509592;
4455 : 11641174;
4456 : 11641173;
4457 : 7103555;
4458 : 13158600;
4459 : 16777215;
4460 : 16777215;
4461 : 16777215;
4462 : 16777215;
4463 : 16777215;
4464 : 11316650;
4465 : 6316116;
4466 : 6645072;
4467 : 6184519;
4468 : 4934455;
4469 : 5396838;
4470 : 11914215;
4471 : 11651299;
4472 : 11716834;
4473 : 11913698;
4474 : 13228266;
4475 : 14542829;
4476 : 8423312;
4477 : 14871288;
4478 : 9605780;
4479 : 13816529;
4480 : 16777215;
4481 : 16777215;
4482 : 16777215;
4483 : 16777215;
4484 : 16777215;
4485 : 16777215;
4486 : 16777215;
4487 : 16777215;
4488 : 16777215;
4489 : 16777215;
4490 : 16777215;
4491 : 16777215;
4492 : 16777215;
4493 : 16777215;
4494 : 16777215;
4495 : 16777215;
4496 : 16777215;
4497 : 16777215;
4498 : 16777215;
4499 : 16777215;
4500 : 16777215;
4501 : 16777215;
4502 : 16777215;
4503 : 16777215;
4504 : 16777215;
4505 : 11118759;
4506 : 4993291;
4507 : 7292425;
4508 : 6766349;
4509 : 6306578;
4510 : 5847063;
4511 : 5387034;
4512 : 5451800;
4513 : 5320222;
4514 : 3415831;
4515 : 7425823;
4516 : 9923876;
4517 : 9661732;
4518 : 9661476;
4519 : 9661732;
4520 : 9661732;
4521 : 9398562;
4522 : 8674839;
4523 : 7687947;
4524 : 7293449;
4525 : 7359242;
4526 : 7555849;
4527 : 7555848;
4528 : 7490312;
4529 : 7293194;
4530 : 7030539;
4531 : 7030284;
4532 : 6964492;
4533 : 6832910;
4534 : 6766605;
4535 : 6701071;
4536 : 6700562;
4537 : 6570003;
4538 : 6700818;
4539 : 5781271;
4540 : 3482387;
4541 : 4270870;
4542 : 6306839;
4543 : 6502934;
4544 : 6241301;
4545 : 6437653;
4546 : 6437909;
4547 : 6241300;
4548 : 6241554;
4549 : 6241305;
4550 : 3351827;
4551 : 5392689;
4552 : 9864787;
4553 : 11640664;
4554 : 11574871;
4555 : 11443797;
4556 : 11509332;
4557 : 11508823;
4558 : 11640411;
4559 : 7497792;
4560 : 11180120;
4561 : 13810277;
4562 : 14993769;
4563 : 14993256;
4564 : 14861417;
4565 : 14730600;
4566 : 14138210;
4567 : 9269545;
4568 : 6180653;
4569 : 14731117;
4570 : 14730599;
4571 : 14665064;
4572 : 14665065;
4573 : 14665065;
4574 : 14730600;
4575 : 14730601;
4576 : 14665064;
4577 : 14993259;
4578 : 8220227;
4579 : 10653778;
4580 : 11641431;
4581 : 11706714;
4582 : 10063180;
4583 : 10522963;
4584 : 8812876;
4585 : 10789279;
4586 : 16777215;
4587 : 16777215;
4588 : 16777215;
4589 : 16777215;
4590 : 16777215;
4591 : 16777215;
4592 : 16777215;
4593 : 16514044;
4594 : 15527149;
4595 : 15000806;
4596 : 13948116;
4597 : 9869209;
4598 : 8819620;
4599 : 11980008;
4600 : 11716835;
4601 : 12110307;
4602 : 13753840;
4603 : 15725818;
4604 : 10265001;
4605 : 12832220;
4606 : 9014677;
4607 : 13158856;
4608 : 16777215;
4609 : 16777215;
4610 : 16777215;
4611 : 16777215;
4612 : 16777215;
4613 : 16777215;
4614 : 16777215;
4615 : 16777215;
4616 : 16777215;
4617 : 16777215;
4618 : 16777215;
4619 : 16777215;
4620 : 16777215;
4621 : 16777215;
4622 : 16777215;
4623 : 16777215;
4624 : 16777215;
4625 : 16777215;
4626 : 16777215;
4627 : 16777215;
4628 : 16777215;
4629 : 16777215;
4630 : 16777215;
4631 : 16777215;
4632 : 16777215;
4633 : 16580094;
4634 : 7432288;
4635 : 5517834;
4636 : 6503189;
4637 : 6043156;
4638 : 5649176;
4639 : 5189403;
4640 : 5189147;
4641 : 5254682;
4642 : 4860958;
4643 : 3809813;
4644 : 8281123;
4645 : 9924131;
4646 : 9661732;
4647 : 9727525;
4648 : 9595938;
4649 : 8806683;
4650 : 7885326;
4651 : 7293448;
4652 : 7228425;
4653 : 7424778;
4654 : 7490312;
4655 : 7490312;
4656 : 7424519;
4657 : 7161353;
4658 : 6964746;
4659 : 6898702;
4660 : 6832656;
4661 : 6766610;
4662 : 6635280;
4663 : 6635279;
4664 : 6635025;
4665 : 6634770;
4666 : 6437650;
4667 : 6306839;
4668 : 6175768;
4669 : 4533013;
4670 : 3613460;
4671 : 5978647;
4672 : 6372629;
4673 : 6502932;
4674 : 6503445;
4675 : 6372372;
4676 : 6241045;
4677 : 6240790;
4678 : 5126687;
4679 : 11640928;
4680 : 9337679;
4681 : 7825729;
4682 : 10391635;
4683 : 11444568;
4684 : 11509335;
4685 : 11508823;
4686 : 11574616;
4687 : 9733194;
4688 : 11246420;
4689 : 13218400;
4690 : 14861931;
4691 : 14992744;
4692 : 14861159;
4693 : 14664809;
4694 : 14993514;
4695 : 12231765;
4696 : 8483135;
4697 : 14993773;
4698 : 14665064;
4699 : 14665064;
4700 : 14664809;
4701 : 14665064;
4702 : 14665064;
4703 : 14665064;
4704 : 14665064;
4705 : 15190636;
4706 : 9337928;
4707 : 9931085;
4708 : 11772504;
4709 : 11706712;
4710 : 10721109;
4711 : 6379835;
4712 : 10591640;
4713 : 16777215;
4714 : 16777215;
4715 : 16777215;
4716 : 16777215;
4717 : 16777215;
4718 : 16777215;
4719 : 16777215;
4720 : 16777215;
4721 : 16777215;
4722 : 16777215;
4723 : 16777215;
4724 : 16777215;
4725 : 16777215;
4726 : 9738139;
4727 : 9676473;
4728 : 12045544;
4729 : 12241892;
4730 : 13950704;
4731 : 16054012;
4732 : 12501962;
4733 : 10726326;
4734 : 8489105;
4735 : 13882323;
4736 : 16777215;
4737 : 16777215;
4738 : 16777215;
4739 : 16777215;
4740 : 16777215;
4741 : 16777215;
4742 : 16777215;
4743 : 16777215;
4744 : 16777215;
4745 : 16777215;
4746 : 16777215;
4747 : 16777215;
4748 : 16777215;
4749 : 16777215;
4750 : 16777215;
4751 : 16777215;
4752 : 16777215;
4753 : 16777215;
4754 : 16777215;
4755 : 16777215;
4756 : 16777215;
4757 : 16777215;
4758 : 16777215;
4759 : 16777215;
4760 : 16777215;
4761 : 16777215;
4762 : 15461355;
4763 : 6181958;
4764 : 5189903;
4765 : 5845785;
4766 : 5451289;
4767 : 5189147;
4768 : 5123610;
4769 : 5123610;
4770 : 5320475;
4771 : 4467228;
4772 : 4008471;
4773 : 8807459;
4774 : 9858851;
4775 : 9596196;
4776 : 9069852;
4777 : 8016912;
4778 : 7489801;
4779 : 7293449;
4780 : 7162633;
4781 : 7293448;
4782 : 7359239;
4783 : 7359240;
4784 : 7227401;
4785 : 7030026;
4786 : 6833164;
4787 : 6832656;
4788 : 6766865;
4789 : 6635026;
4790 : 6503696;
4791 : 6569231;
4792 : 6503696;
4793 : 6503443;
4794 : 6437909;
4795 : 6306838;
4796 : 6437652;
4797 : 6634772;
4798 : 4993301;
4799 : 3481619;
4800 : 5453846;
4801 : 6634516;
4802 : 6437910;
4803 : 6241300;
4804 : 6241301;
4805 : 6109461;
4806 : 5784358;
4807 : 14598766;
4808 : 15190894;
4809 : 12692322;
4810 : 9075273;
4811 : 8417864;
4812 : 10655056;
4813 : 11443798;
4814 : 11378003;
4815 : 11509080;
4816 : 11574871;
4817 : 12626781;
4818 : 14401895;
4819 : 14861929;
4820 : 14730600;
4821 : 14665064;
4822 : 14927722;
4823 : 12561502;
4824 : 9733708;
4825 : 14993515;
4826 : 14730345;
4827 : 14665064;
4828 : 14665064;
4829 : 14665064;
4830 : 14665064;
4831 : 14599271;
4832 : 14599271;
4833 : 15256684;
4834 : 9799500;
4835 : 9602636;
4836 : 11707223;
4837 : 11444819;
4838 : 11904345;
4839 : 6050609;
4840 : 13422030;
4841 : 16777215;
4842 : 16777215;
4843 : 16777215;
4844 : 16777215;
4845 : 16777215;
4846 : 16777215;
4847 : 16777215;
4848 : 16777215;
4849 : 16777215;
4850 : 16777215;
4851 : 16777215;
4852 : 16777215;
4853 : 16777215;
4854 : 15856111;
4855 : 7436675;
4856 : 11716063;
4857 : 12505063;
4858 : 13818602;
4859 : 15987962;
4860 : 14343649;
4861 : 8884118;
4862 : 9146520;
4863 : 15658734;
4864 : 16777215;
4865 : 16777215;
4866 : 16777215;
4867 : 16777215;
4868 : 16777215;
4869 : 16777215;
4870 : 16777215;
4871 : 16777215;
4872 : 16777215;
4873 : 16777215;
4874 : 16777215;
4875 : 16777215;
4876 : 16777215;
4877 : 16777215;
4878 : 16777215;
4879 : 16777215;
4880 : 16777215;
4881 : 16777215;
4882 : 16777215;
4883 : 16777215;
4884 : 16777215;
4885 : 16777215;
4886 : 16777215;
4887 : 16777215;
4888 : 16777215;
4889 : 16777215;
4890 : 16777215;
4891 : 14935270;
4892 : 5654077;
4893 : 5057561;
4894 : 5582107;
4895 : 5254940;
4896 : 5123867;
4897 : 5058331;
4898 : 5123868;
4899 : 5320222;
4900 : 4204828;
4901 : 4140566;
4902 : 8807457;
4903 : 9201436;
4904 : 8214289;
4905 : 7490057;
4906 : 7358472;
4907 : 7293448;
4908 : 7162633;
4909 : 7228169;
4910 : 7096840;
4911 : 7096584;
4912 : 6964748;
4913 : 6767118;
4914 : 6701326;
4915 : 6701072;
4916 : 6635281;
4917 : 6503186;
4918 : 6437905;
4919 : 6437905;
4920 : 6438163;
4921 : 6372373;
4922 : 6372374;
4923 : 6372118;
4924 : 6372117;
4925 : 6503444;
4926 : 6634259;
4927 : 5781013;
4928 : 3811091;
4929 : 5781526;
4930 : 6372372;
4931 : 6241046;
4932 : 6306837;
4933 : 6043926;
4934 : 5718822;
4935 : 14336363;
4936 : 14927722;
4937 : 15058797;
4938 : 14927467;
4939 : 13415009;
4940 : 12823649;
4941 : 12824156;
4942 : 12035161;
4943 : 11771993;
4944 : 11706713;
4945 : 12495451;
4946 : 13942115;
4947 : 14730857;
4948 : 14665064;
4949 : 14665064;
4950 : 14861930;
4951 : 12955235;
4952 : 9273160;
4953 : 14598763;
4954 : 14992491;
4955 : 14795881;
4956 : 14664809;
4957 : 14665064;
4958 : 14665064;
4959 : 14599269;
4960 : 14665062;
4961 : 15388269;
4962 : 9207626;
4963 : 9470795;
4964 : 11640920;
4965 : 11378263;
4966 : 11772762;
4967 : 9142340;
4968 : 10789279;
4969 : 16777215;
4970 : 16777215;
4971 : 16777215;
4972 : 16777215;
4973 : 16777215;
4974 : 16777215;
4975 : 16777215;
4976 : 16777215;
4977 : 16777215;
4978 : 16777215;
4979 : 16777215;
4980 : 16777215;
4981 : 16777215;
4982 : 16777215;
4983 : 12632515;
4984 : 8688032;
4985 : 12900077;
4986 : 13424615;
4987 : 15396599;
4988 : 15527409;
4989 : 7896709;
4990 : 10001310;
4991 : 16777214;
4992 : 16777215;
4993 : 16777215;
4994 : 16777215;
4995 : 16777215;
4996 : 16777215;
4997 : 16777215;
4998 : 16777215;
4999 : 16777215;
5000 : 16777215;
5001 : 16777215;
5002 : 16777215;
5003 : 16777215;
5004 : 16777215;
5005 : 16448508;
5006 : 15724785;
5007 : 15066855;
5008 : 14211546;
5009 : 13158601;
5010 : 12631999;
5011 : 11776691;
5012 : 10855587;
5013 : 10395034;
5014 : 10657691;
5015 : 10460054;
5016 : 9801867;
5017 : 9538181;
5018 : 10459796;
5019 : 11776169;
5020 : 5328461;
5021 : 1708301;
5022 : 3810585;
5023 : 4270361;
5024 : 4598810;
5025 : 4992795;
5026 : 5320222;
5027 : 5386015;
5028 : 5320988;
5029 : 4204059;
5030 : 3745815;
5031 : 7557909;
5032 : 7687690;
5033 : 7358984;
5034 : 7293193;
5035 : 7227913;
5036 : 7228169;
5037 : 7162377;
5038 : 7162122;
5039 : 7030538;
5040 : 6832910;
5041 : 6701072;
5042 : 6635280;
5043 : 6503697;
5044 : 6437907;
5045 : 6372373;
5046 : 6241556;
5047 : 6306836;
5048 : 6372373;
5049 : 6241302;
5050 : 6241302;
5051 : 6306838;
5052 : 6503445;
5053 : 6503701;
5054 : 6503443;
5055 : 6568722;
5056 : 5978645;
5057 : 4467991;
5058 : 6044185;
5059 : 6372373;
5060 : 6241301;
5061 : 6109206;
5062 : 5784616;
5063 : 14467949;
5064 : 14862184;
5065 : 14730602;
5066 : 14795882;
5067 : 14927722;
5068 : 14993767;
5069 : 14795626;
5070 : 14401385;
5071 : 13876067;
5072 : 13547616;
5073 : 13481822;
5074 : 14270564;
5075 : 14730857;
5076 : 14665064;
5077 : 14665064;
5078 : 14861929;
5079 : 13612645;
5080 : 7299900;
5081 : 12627554;
5082 : 14533226;
5083 : 14796137;
5084 : 14795880;
5085 : 14730345;
5086 : 14665064;
5087 : 14665062;
5088 : 14862441;
5089 : 15322222;
5090 : 7826239;
5091 : 10260305;
5092 : 11443796;
5093 : 11443798;
5094 : 11640923;
5095 : 10917461;
5096 : 8353641;
5097 : 16645630;
5098 : 16777215;
5099 : 16777215;
5100 : 16777215;
5101 : 16777215;
5102 : 16777215;
5103 : 16777215;
5104 : 16777215;
5105 : 16777215;
5106 : 16777215;
5107 : 16777215;
5108 : 16777215;
5109 : 16777215;
5110 : 16777215;
5111 : 16711421;
5112 : 8817554;
5113 : 11977687;
5114 : 13490667;
5115 : 14279663;
5116 : 16185598;
5117 : 6250342;
5118 : 11053226;
5119 : 16777215;
5120 : 16777215;
5121 : 16777215;
5122 : 16777215;
5123 : 16777215;
5124 : 16777215;
5125 : 16777215;
5126 : 16777215;
5127 : 16777215;
5128 : 16645629;
5129 : 14671841;
5130 : 12237496;
5131 : 9933711;
5132 : 8090475;
5133 : 7169366;
5134 : 6774339;
5135 : 7036224;
5136 : 6772025;
5137 : 6705964;
5138 : 7098401;
5139 : 7163164;
5140 : 7426332;
5141 : 7689246;
5142 : 7886621;
5143 : 8084253;
5144 : 8150044;
5145 : 8346653;
5146 : 8215324;
5147 : 8346399;
5148 : 7952417;
5149 : 7098915;
5150 : 5915423;
5151 : 4666650;
5152 : 3811349;
5153 : 3285012;
5154 : 3218964;
5155 : 3744791;
5156 : 4532763;
5157 : 5058591;
5158 : 4401440;
5159 : 4006931;
5160 : 6834191;
5161 : 7425289;
5162 : 7162377;
5163 : 7162379;
5164 : 7162121;
5165 : 7030792;
5166 : 7030538;
5167 : 6833166;
5168 : 6701328;
5169 : 6569488;
5170 : 6503699;
5171 : 6307091;
5172 : 6306834;
5173 : 6241302;
5174 : 6241302;
5175 : 6241303;
5176 : 6241302;
5177 : 6306838;
5178 : 6306837;
5179 : 6372374;
5180 : 6569237;
5181 : 6568981;
5182 : 6569238;
5183 : 6437651;
5184 : 6438165;
5185 : 5650715;
5186 : 4598551;
5187 : 6043926;
5188 : 6306836;
5189 : 6109205;
5190 : 5718822;
5191 : 14270572;
5192 : 14796392;
5193 : 14730600;
5194 : 14795882;
5195 : 14336105;
5196 : 14203752;
5197 : 15387505;
5198 : 15256685;
5199 : 15124841;
5200 : 14862183;
5201 : 14796905;
5202 : 14796649;
5203 : 14665065;
5204 : 14599271;
5205 : 14599271;
5206 : 14796395;
5207 : 14927726;
5208 : 7694658;
5209 : 10259541;
5210 : 12954975;
5211 : 14205032;
5212 : 14795882;
5213 : 14861420;
5214 : 14796395;
5215 : 14862443;
5216 : 15059820;
5217 : 14073448;
5218 : 7102263;
5219 : 12693091;
5220 : 12166748;
5221 : 11771480;
5222 : 11640406;
5223 : 11509334;
5224 : 8287321;
5225 : 15790579;
5226 : 16777215;
5227 : 16777215;
5228 : 16777215;
5229 : 16777215;
5230 : 16777215;
5231 : 16777215;
5232 : 16777215;
5233 : 16777215;
5234 : 16777215;
5235 : 16777215;
5236 : 16777215;
5237 : 16777215;
5238 : 16777215;
5239 : 16777215;
5240 : 13882323;
5241 : 9212831;
5242 : 13885169;
5243 : 13687787;
5244 : 15463162;
5245 : 8224129;
5246 : 15132390;
5247 : 16777215;
5248 : 16777215;
5249 : 16777215;
5250 : 16777215;
5251 : 16777215;
5252 : 16777215;
5253 : 16777215;
5254 : 16777215;
5255 : 16645630;
5256 : 7565935;
5257 : 6707775;
5258 : 8615497;
5259 : 9600078;
5260 : 10389586;
5261 : 10981206;
5262 : 11310423;
5263 : 11507290;
5264 : 11177552;
5265 : 10716222;
5266 : 10123313;
5267 : 9859368;
5268 : 9924131;
5269 : 9924388;
5270 : 9793059;
5271 : 9792802;
5272 : 9858595;
5273 : 9793059;
5274 : 9792803;
5275 : 9858083;
5276 : 9858340;
5277 : 9924133;
5278 : 9924390;
5279 : 9858597;
5280 : 9660969;
5281 : 8281636;
5282 : 6440468;
5283 : 4731151;
5284 : 3811090;
5285 : 3285265;
5286 : 3285270;
5287 : 3022106;
5288 : 3088401;
5289 : 6308622;
5290 : 7359754;
5291 : 7227658;
5292 : 7030284;
5293 : 7030282;
5294 : 6898700;
5295 : 6701072;
5296 : 6635280;
5297 : 6569490;
5298 : 6503702;
5299 : 6437907;
5300 : 6241043;
5301 : 6306837;
5302 : 6372630;
5303 : 6372373;
5304 : 6241045;
5305 : 5847062;
5306 : 5452566;
5307 : 5321492;
5308 : 5452307;
5309 : 5649686;
5310 : 5781271;
5311 : 5781525;
5312 : 6044181;
5313 : 6438166;
5314 : 5782040;
5315 : 5716244;
5316 : 6307092;
5317 : 6109973;
5318 : 5191967;
5319 : 13810027;
5320 : 14796394;
5321 : 14599527;
5322 : 14796393;
5323 : 13941093;
5324 : 8811851;
5325 : 7298876;
5326 : 13087594;
5327 : 15981195;
5328 : 15388798;
5329 : 14994028;
5330 : 14927720;
5331 : 14665065;
5332 : 14665064;
5333 : 14730858;
5334 : 14862188;
5335 : 15059309;
5336 : 11639897;
5337 : 8418373;
5338 : 11706202;
5339 : 12232538;
5340 : 13350501;
5341 : 14138982;
5342 : 14599273;
5343 : 14665323;
5344 : 14730091;
5345 : 10391376;
5346 : 8417089;
5347 : 14862701;
5348 : 14073445;
5349 : 13284449;
5350 : 12167256;
5351 : 11706709;
5352 : 7958602;
5353 : 14211290;
5354 : 16777215;
5355 : 16777215;
5356 : 16777215;
5357 : 16777215;
5358 : 16777215;
5359 : 16777215;
5360 : 16777215;
5361 : 16777215;
5362 : 16777215;
5363 : 16777215;
5364 : 16777215;
5365 : 16777215;
5366 : 16777215;
5367 : 16777215;
5368 : 16645629;
5369 : 9342870;
5370 : 12700635;
5371 : 13688300;
5372 : 14542322;
5373 : 9079951;
5374 : 15987699;
5375 : 16777215;
5376 : 16777215;
5377 : 16777215;
5378 : 16777215;
5379 : 16777215;
5380 : 16777215;
5381 : 16777215;
5382 : 16777215;
5383 : 16777215;
5384 : 10395551;
5385 : 6971198;
5386 : 11967841;
5387 : 11704925;
5388 : 11638879;
5389 : 11573087;
5390 : 11442013;
5391 : 11310429;
5392 : 11244377;
5393 : 11244114;
5394 : 11046478;
5395 : 10519104;
5396 : 9925675;
5397 : 9727268;
5398 : 9661475;
5399 : 9726754;
5400 : 9792547;
5401 : 9726755;
5402 : 9661219;
5403 : 9595682;
5404 : 9661219;
5405 : 9727011;
5406 : 9661475;
5407 : 9661475;
5408 : 9463839;
5409 : 8674581;
5410 : 7753739;
5411 : 7621643;
5412 : 7490316;
5413 : 7161613;
5414 : 6241806;
5415 : 4994064;
5416 : 3220239;
5417 : 2629387;
5418 : 4796944;
5419 : 6636560;
5420 : 7226637;
5421 : 6963979;
5422 : 6766863;
5423 : 6635280;
5424 : 6635023;
5425 : 6437905;
5426 : 6372115;
5427 : 6437909;
5428 : 6372373;
5429 : 5912086;
5430 : 5058324;
5431 : 4599316;
5432 : 4468757;
5433 : 4665623;
5434 : 4665877;
5435 : 4797462;
5436 : 4863254;
5437 : 4666134;
5438 : 4665877;
5439 : 4468243;
5440 : 3942930;
5441 : 3811087;
5442 : 4402194;
5443 : 5650712;
5444 : 6242067;
5445 : 6372881;
5446 : 4731673;
5447 : 13217378;
5448 : 14927465;
5449 : 14664552;
5450 : 14861671;
5451 : 14532717;
5452 : 6445626;
5453 : 263;
5454 : 2039575;
5455 : 9274208;
5456 : 15719588;
5457 : 15586184;
5458 : 14993518;
5459 : 14665321;
5460 : 14730858;
5461 : 14928234;
5462 : 14862441;
5463 : 14730601;
5464 : 14664812;
5465 : 8483399;
5466 : 10852181;
5467 : 11443287;
5468 : 11509848;
5469 : 12101211;
5470 : 12955230;
5471 : 12889950;
5472 : 12758111;
5473 : 6246962;
5474 : 11376988;
5475 : 14993771;
5476 : 14796136;
5477 : 14533738;
5478 : 12430173;
5479 : 11771992;
5480 : 7301186;
5481 : 13619152;
5482 : 16777215;
5483 : 16777215;
5484 : 16777215;
5485 : 16777215;
5486 : 16777215;
5487 : 16777215;
5488 : 16777215;
5489 : 16777215;
5490 : 16777215;
5491 : 16777215;
5492 : 16777215;
5493 : 16777215;
5494 : 16777215;
5495 : 16777215;
5496 : 16777215;
5497 : 12829380;
5498 : 10198699;
5499 : 14082802;
5500 : 13820142;
5501 : 8225414;
5502 : 15921906;
5503 : 16777215;
5504 : 16777215;
5505 : 16777215;
5506 : 16777215;
5507 : 16777215;
5508 : 16777215;
5509 : 16777215;
5510 : 16777215;
5511 : 16777215;
5512 : 16777215;
5513 : 11052707;
5514 : 7628611;
5515 : 11574368;
5516 : 11442784;
5517 : 11245406;
5518 : 11310939;
5519 : 11179100;
5520 : 11113309;
5521 : 11179612;
5522 : 11245146;
5523 : 11046736;
5524 : 10191161;
5525 : 9663016;
5526 : 9661219;
5527 : 9661476;
5528 : 9661220;
5529 : 9661732;
5530 : 9661732;
5531 : 9595683;
5532 : 9661475;
5533 : 9727011;
5534 : 9661476;
5535 : 9530146;
5536 : 8806424;
5537 : 7950865;
5538 : 7358984;
5539 : 7424521;
5540 : 7490058;
5541 : 7490058;
5542 : 7359241;
5543 : 7490313;
5544 : 7359245;
5545 : 6636557;
5546 : 4993043;
5547 : 4073490;
5548 : 5189906;
5549 : 6438673;
5550 : 6700817;
5551 : 6503953;
5552 : 6372627;
5553 : 6437652;
5554 : 6109974;
5555 : 5387027;
5556 : 4467220;
5557 : 5060383;
5558 : 6901542;
5559 : 8742442;
5560 : 9597231;
5561 : 9926450;
5562 : 9926960;
5563 : 9991212;
5564 : 10056229;
5565 : 9990436;
5566 : 9793316;
5567 : 9727779;
5568 : 9070881;
5569 : 8084258;
5570 : 6506526;
5571 : 4862232;
5572 : 4861206;
5573 : 6306579;
5574 : 4468499;
5575 : 12297568;
5576 : 15127442;
5577 : 15128487;
5578 : 14930060;
5579 : 13876079;
5580 : 2762780;
5581 : 395280;
5582 : 461582;
5583 : 329487;
5584 : 6972756;
5585 : 15588263;
5586 : 15520903;
5587 : 14862444;
5588 : 14928235;
5589 : 14994025;
5590 : 14928234;
5591 : 14664808;
5592 : 14993516;
5593 : 11903070;
5594 : 8549961;
5595 : 11640409;
5596 : 11378004;
5597 : 11443541;
5598 : 11706198;
5599 : 11903318;
5600 : 10391632;
5601 : 6970429;
5602 : 14664303;
5603 : 14796135;
5604 : 14796393;
5605 : 14204520;
5606 : 11969113;
5607 : 11508822;
5608 : 8617826;
5609 : 16119286;
5610 : 16777215;
5611 : 16777215;
5612 : 16777215;
5613 : 16777215;
5614 : 16777215;
5615 : 16777215;
5616 : 16777215;
5617 : 16777215;
5618 : 16777215;
5619 : 16777215;
5620 : 16777215;
5621 : 16777215;
5622 : 16777215;
5623 : 16777215;
5624 : 16777215;
5625 : 16119285;
5626 : 8883344;
5627 : 13753833;
5628 : 13556713;
5629 : 8422793;
5630 : 16447993;
5631 : 16777215;
5632 : 16777215;
5633 : 16777215;
5634 : 16777215;
5635 : 16777215;
5636 : 16777215;
5637 : 16777215;
5638 : 16777215;
5639 : 16777215;
5640 : 16777215;
5641 : 16711423;
5642 : 9539722;
5643 : 6773562;
5644 : 11442268;
5645 : 11442524;
5646 : 11245148;
5647 : 11113306;
5648 : 11113307;
5649 : 11244632;
5650 : 11112786;
5651 : 10980688;
5652 : 10651465;
5653 : 10189879;
5654 : 9858856;
5655 : 9595941;
5656 : 9595940;
5657 : 9727525;
5658 : 9727525;
5659 : 9661474;
5660 : 9793058;
5661 : 9727264;
5662 : 9595680;
5663 : 9069338;
5664 : 8279825;
5665 : 7555594;
5666 : 7424265;
5667 : 7293705;
5668 : 7293705;
5669 : 7293705;
5670 : 7228169;
5671 : 7227912;
5672 : 7292939;
5673 : 7227400;
5674 : 7227403;
5675 : 6897424;
5676 : 5583637;
5677 : 4730901;
5678 : 6109460;
5679 : 6831633;
5680 : 6044693;
5681 : 4730390;
5682 : 4205081;
5683 : 6179116;
5684 : 8876094;
5685 : 10651212;
5686 : 11111761;
5687 : 11046995;
5688 : 11047508;
5689 : 11047507;
5690 : 10915663;
5691 : 10585670;
5692 : 10321209;
5693 : 10189360;
5694 : 10057260;
5695 : 9925158;
5696 : 9792802;
5697 : 9793061;
5698 : 9923876;
5699 : 9002778;
5700 : 6964497;
5701 : 6176018;
5702 : 4467981;
5703 : 11772531;
5704 : 15591630;
5705 : 15328982;
5706 : 15525840;
5707 : 13879971;
5708 : 1843229;
5709 : 330255;
5710 : 593423;
5711 : 592655;
5712 : 395016;
5713 : 6709323;
5714 : 15653539;
5715 : 15126649;
5716 : 15059305;
5717 : 14994028;
5718 : 14928234;
5719 : 14664807;
5720 : 14730344;
5721 : 14862447;
5722 : 9600850;
5723 : 9865553;
5724 : 11575125;
5725 : 11509590;
5726 : 11575382;
5727 : 11969368;
5728 : 7892290;
5729 : 12166239;
5730 : 14993772;
5731 : 14730600;
5732 : 14796394;
5733 : 13349730;
5734 : 11641177;
5735 : 8154695;
5736 : 12631738;
5737 : 16777215;
5738 : 16777215;
5739 : 16777215;
5740 : 16777215;
5741 : 16777215;
5742 : 16777215;
5743 : 16777215;
5744 : 16777215;
5745 : 16777215;
5746 : 16777215;
5747 : 16777215;
5748 : 16777215;
5749 : 16777215;
5750 : 16777215;
5751 : 16777215;
5752 : 16777215;
5753 : 16777215;
5754 : 10922154;
5755 : 11911116;
5756 : 12767197;
5757 : 9738906;
5758 : 16777215;
5759 : 16777215;
5760 : 16777215;
5761 : 16777215;
5762 : 16777215;
5763 : 16777215;
5764 : 16777215;
5765 : 16777215;
5766 : 16777215;
5767 : 16777215;
5768 : 16777215;
5769 : 16777215;
5770 : 16777215;
5771 : 9802642;
5772 : 5524529;
5773 : 11047769;
5774 : 11309396;
5775 : 11177808;
5776 : 11244624;
5777 : 11045960;
5778 : 10255157;
5779 : 9728043;
5780 : 9727786;
5781 : 9728041;
5782 : 9727527;
5783 : 9595941;
5784 : 9595940;
5785 : 9727525;
5786 : 9727524;
5787 : 9727523;
5788 : 9858851;
5789 : 9727265;
5790 : 9200924;
5791 : 8411155;
5792 : 7752972;
5793 : 7358215;
5794 : 7358728;
5795 : 7228169;
5796 : 7228169;
5797 : 7228169;
5798 : 7228169;
5799 : 7227656;
5800 : 7161865;
5801 : 7030794;
5802 : 6964237;
5803 : 6766608;
5804 : 6766096;
5805 : 6570001;
5806 : 5847573;
5807 : 4664079;
5808 : 4402971;
5809 : 7035448;
5810 : 10060368;
5811 : 11375447;
5812 : 11375709;
5813 : 11178589;
5814 : 11113819;
5815 : 11179356;
5816 : 11113051;
5817 : 11113305;
5818 : 11113562;
5819 : 11309915;
5820 : 11374677;
5821 : 11045707;
5822 : 10518328;
5823 : 9991211;
5824 : 9792548;
5825 : 9661475;
5826 : 9727781;
5827 : 9332765;
5828 : 8410641;
5829 : 7752459;
5830 : 4928780;
5831 : 11117192;
5832 : 15854554;
5833 : 15459539;
5834 : 15526101;
5835 : 14539975;
5836 : 2369062;
5837 : 264718;
5838 : 658449;
5839 : 723983;
5840 : 723984;
5841 : 2500911;
5842 : 9604208;
5843 : 15785365;
5844 : 15124846;
5845 : 14928490;
5846 : 14928233;
5847 : 14730599;
5848 : 14664809;
5849 : 14861929;
5850 : 14007147;
5851 : 9074763;
5852 : 11114835;
5853 : 11575386;
5854 : 11575382;
5855 : 11377236;
5856 : 10587218;
5857 : 15059568;
5858 : 14665066;
5859 : 14730601;
5860 : 14598759;
5861 : 12363872;
5862 : 5196332;
5863 : 9079177;
5864 : 16711679;
5865 : 16777215;
5866 : 16777215;
5867 : 16777215;
5868 : 16777215;
5869 : 16777215;
5870 : 16777215;
5871 : 16777215;
5872 : 16777215;
5873 : 16777215;
5874 : 16777215;
5875 : 16777215;
5876 : 16777215;
5877 : 16777215;
5878 : 16777215;
5879 : 16777215;
5880 : 16777215;
5881 : 16777215;
5882 : 13487566;
5883 : 10002600;
5884 : 11582661;
5885 : 11449010;
5886 : 16777215;
5887 : 16777215;
5888 : 16777215;
5889 : 16777215;
5890 : 16777215;
5891 : 16777215;
5892 : 16777215;
5893 : 16777215;
5894 : 16777215;
5895 : 16777215;
5896 : 16777215;
5897 : 16777215;
5898 : 16777215;
5899 : 16777215;
5900 : 10198683;
5901 : 5458736;
5902 : 10519627;
5903 : 10518070;
5904 : 10517813;
5905 : 10518070;
5906 : 10056747;
5907 : 9661476;
5908 : 9595939;
5909 : 9596196;
5910 : 9727525;
5911 : 9661732;
5912 : 9661732;
5913 : 9595940;
5914 : 9661474;
5915 : 9793057;
5916 : 9793058;
5917 : 9464093;
5918 : 8542998;
5919 : 7950608;
5920 : 7424008;
5921 : 7227912;
5922 : 7228169;
5923 : 7228169;
5924 : 7228169;
5925 : 7162378;
5926 : 7162378;
5927 : 7030792;
5928 : 7030538;
5929 : 6898701;
5930 : 6832400;
5931 : 6831887;
5932 : 6306832;
5933 : 4598544;
5934 : 4403484;
5935 : 7100730;
5936 : 10324313;
5937 : 11508060;
5938 : 11376219;
5939 : 11113563;
5940 : 11113561;
5941 : 11179097;
5942 : 11179099;
5943 : 11179099;
5944 : 11178843;
5945 : 11113306;
5946 : 10981717;
5947 : 10651207;
5948 : 10254385;
5949 : 9990950;
5950 : 9990431;
5951 : 9858849;
5952 : 9792802;
5953 : 9793316;
5954 : 9925158;
5955 : 9398812;
5956 : 8411152;
5957 : 7621640;
5958 : 5256970;
5959 : 9933957;
5960 : 15920345;
5961 : 15459539;
5962 : 15657426;
5963 : 14408130;
5964 : 2303268;
5965 : 396048;
5966 : 593169;
5967 : 132617;
5968 : 5856872;
5969 : 15199215;
5970 : 7040359;
5971 : 13088896;
5972 : 15388537;
5973 : 14928746;
5974 : 14994280;
5975 : 14730856;
5976 : 14730345;
5977 : 14861163;
5978 : 15058285;
5979 : 13086564;
5980 : 11311958;
5981 : 11509591;
5982 : 11641174;
5983 : 13152100;
5984 : 14665069;
5985 : 14928235;
5986 : 14665064;
5987 : 14730857;
5988 : 14204518;
5989 : 8812360;
5990 : 394502;
5991 : 11645877;
5992 : 16777215;
5993 : 16777215;
5994 : 16777215;
5995 : 16777215;
5996 : 16777215;
5997 : 16777215;
5998 : 16777215;
5999 : 16777215;
6000 : 16777215;
6001 : 16777215;
6002 : 16777215;
6003 : 16777215;
6004 : 16777215;
6005 : 16777215;
6006 : 16777215;
6007 : 16777215;
6008 : 16777215;
6009 : 16777215;
6010 : 15198183;
6011 : 9474711;
6012 : 9474710;
6013 : 13224394;
6014 : 16777215;
6015 : 16777215;
6016 : 16777215;
6017 : 16777215;
6018 : 16777215;
6019 : 16777215;
6020 : 16777215;
6021 : 16777215;
6022 : 16777215;
6023 : 16777215;
6024 : 16777215;
6025 : 16777215;
6026 : 16777215;
6027 : 16777215;
6028 : 16777215;
6029 : 11250605;
6030 : 5260596;
6031 : 9269298;
6032 : 10318884;
6033 : 10055459;
6034 : 9792805;
6035 : 9661731;
6036 : 9661732;
6037 : 9661732;
6038 : 9727525;
6039 : 9661732;
6040 : 9661732;
6041 : 9661477;
6042 : 9727267;
6043 : 9858850;
6044 : 9595678;
6045 : 8806164;
6046 : 8016398;
6047 : 7424265;
6048 : 7358728;
6049 : 7228169;
6050 : 7228169;
6051 : 7228169;
6052 : 7228169;
6053 : 7162378;
6054 : 7030792;
6055 : 7030538;
6056 : 6964748;
6057 : 6767375;
6058 : 6767122;
6059 : 5255184;
6060 : 3943703;
6061 : 6706743;
6062 : 10456147;
6063 : 11442528;
6064 : 11310940;
6065 : 11113821;
6066 : 11113563;
6067 : 11179098;
6068 : 11179099;
6069 : 11179098;
6070 : 11179098;
6071 : 11179099;
6072 : 11244379;
6073 : 11112276;
6074 : 10387517;
6075 : 9662505;
6076 : 9661474;
6077 : 9859104;
6078 : 9925150;
6079 : 9925154;
6080 : 9858850;
6081 : 9859109;
6082 : 9858853;
6083 : 9332508;
6084 : 8279824;
6085 : 7490312;
6086 : 5585671;
6087 : 8750199;
6088 : 15855324;
6089 : 15328724;
6090 : 15723475;
6091 : 14605506;
6092 : 2500647;
6093 : 396305;
6094 : 592913;
6095 : 329998;
6096 : 11186614;
6097 : 16777215;
6098 : 12566467;
6099 : 8089680;
6100 : 15454329;
6101 : 15059817;
6102 : 14994280;
6103 : 14730857;
6104 : 14730345;
6105 : 14861163;
6106 : 14926699;
6107 : 14861164;
6108 : 13218656;
6109 : 12035159;
6110 : 12824924;
6111 : 14862186;
6112 : 15059561;
6113 : 14796393;
6114 : 14665064;
6115 : 14796395;
6116 : 12364384;
6117 : 2828058;
6118 : 259;
6119 : 10066586;
6120 : 16777215;
6121 : 16777215;
6122 : 16777215;
6123 : 16777215;
6124 : 16777215;
6125 : 16777215;
6126 : 16777215;
6127 : 16777215;
6128 : 16777215;
6129 : 16777215;
6130 : 16777215;
6131 : 16777215;
6132 : 16777215;
6133 : 16777215;
6134 : 16777215;
6135 : 16777215;
6136 : 16777215;
6137 : 16777215;
6138 : 16251127;
6139 : 7960957;
6140 : 7039595;
6141 : 15987699;
6142 : 16777215;
6143 : 16777215;
6144 : 16777215;
6145 : 16777215;
6146 : 16777215;
6147 : 16777215;
6148 : 16777215;
6149 : 16777215;
6150 : 16777215;
6151 : 16777215;
6152 : 16777215;
6153 : 16777215;
6154 : 16777215;
6155 : 16777215;
6156 : 16777215;
6157 : 16777215;
6158 : 13158602;
6159 : 5854020;
6160 : 7296798;
6161 : 10122276;
6162 : 9858593;
6163 : 9661475;
6164 : 9661473;
6165 : 9661476;
6166 : 9661731;
6167 : 9661732;
6168 : 9661732;
6169 : 9727268;
6170 : 9793058;
6171 : 9727264;
6172 : 8937752;
6173 : 8148239;
6174 : 7425031;
6175 : 7227912;
6176 : 7227912;
6177 : 7228169;
6178 : 7228169;
6179 : 7162377;
6180 : 7162377;
6181 : 7096583;
6182 : 7096328;
6183 : 6964491;
6184 : 7029777;
6185 : 6110997;
6186 : 4139026;
6187 : 5521448;
6188 : 9798227;
6189 : 11442526;
6190 : 11310685;
6191 : 11114076;
6192 : 11179610;
6193 : 11179353;
6194 : 11179099;
6195 : 11179098;
6196 : 11179099;
6197 : 11179098;
6198 : 11179099;
6199 : 11178843;
6200 : 11112533;
6201 : 10650695;
6202 : 10056749;
6203 : 9727267;
6204 : 9727267;
6205 : 9990690;
6206 : 9990688;
6207 : 9924896;
6208 : 9793313;
6209 : 9858851;
6210 : 9727265;
6211 : 9069336;
6212 : 8082445;
6213 : 7424776;
6214 : 6110213;
6215 : 7696227;
6216 : 15723739;
6217 : 15394514;
6218 : 15723473;
6219 : 15526609;
6220 : 4079676;
6221 : 198412;
6222 : 527374;
6223 : 527632;
6224 : 12435654;
6225 : 16777215;
6226 : 16185081;
6227 : 7038297;
6228 : 13678437;
6229 : 15190892;
6230 : 14928233;
6231 : 14730856;
6232 : 14665065;
6233 : 14730601;
6234 : 14730345;
6235 : 14926954;
6236 : 14730092;
6237 : 13678693;
6238 : 14468454;
6239 : 15059562;
6240 : 14928235;
6241 : 14796394;
6242 : 14665065;
6243 : 14599276;
6244 : 8878929;
6245 : 2961975;
6246 : 515;
6247 : 10329501;
6248 : 16777215;
6249 : 16777215;
6250 : 16777215;
6251 : 16777215;
6252 : 16777215;
6253 : 16777215;
6254 : 16777215;
6255 : 16777215;
6256 : 16777215;
6257 : 16777215;
6258 : 16777215;
6259 : 16777215;
6260 : 16777215;
6261 : 16777215;
6262 : 16777215;
6263 : 16777215;
6264 : 16777215;
6265 : 16777215;
6266 : 16777215;
6267 : 8947849;
6268 : 12237498;
6269 : 16777215;
6270 : 16777215;
6271 : 16777215;
6272 : 16777215;
6273 : 16777215;
6274 : 16777215;
6275 : 16777215;
6276 : 16777215;
6277 : 16777215;
6278 : 16777215;
6279 : 16777215;
6280 : 16777215;
6281 : 16777215;
6282 : 16777215;
6283 : 16777215;
6284 : 16777215;
6285 : 16777215;
6286 : 16777215;
6287 : 15658736;
6288 : 8025714;
6289 : 5981473;
6290 : 9529890;
6291 : 9793058;
6292 : 9661473;
6293 : 9661474;
6294 : 9595940;
6295 : 9661732;
6296 : 9661732;
6297 : 9661731;
6298 : 9464352;
6299 : 8871703;
6300 : 8147983;
6301 : 7555848;
6302 : 7228168;
6303 : 7228168;
6304 : 7228169;
6305 : 7293962;
6306 : 7228170;
6307 : 7162378;
6308 : 7096329;
6309 : 7096329;
6310 : 7161354;
6311 : 7029773;
6312 : 5058835;
6313 : 3876884;
6314 : 7297327;
6315 : 11112793;
6316 : 11376222;
6317 : 11179099;
6318 : 11179098;
6319 : 11179100;
6320 : 11310425;
6321 : 11244888;
6322 : 11179099;
6323 : 11179098;
6324 : 11113563;
6325 : 11113564;
6326 : 11112278;
6327 : 10848328;
6328 : 10189625;
6329 : 9662508;
6330 : 9661731;
6331 : 9661731;
6332 : 9793059;
6333 : 9990690;
6334 : 9990689;
6335 : 9793310;
6336 : 9858849;
6337 : 9858850;
6338 : 9398302;
6339 : 8674324;
6340 : 7753481;
6341 : 7358984;
6342 : 6897927;
6343 : 5985601;
6344 : 15197651;
6345 : 15591635;
6346 : 15723218;
6347 : 16118745;
6348 : 7040354;
6349 : 131591;
6350 : 723730;
6351 : 1547;
6352 : 9409431;
6353 : 16777215;
6354 : 16777215;
6355 : 10197659;
6356 : 10785105;
6357 : 15256939;
6358 : 14928234;
6359 : 14730855;
6360 : 14665065;
6361 : 14665065;
6362 : 14665064;
6363 : 14861674;
6364 : 15124588;
6365 : 14993773;
6366 : 15059308;
6367 : 14993769;
6368 : 14862442;
6369 : 14730601;
6370 : 14862443;
6371 : 12429403;
6372 : 9802379;
6373 : 9607326;
6374 : 66052;
6375 : 12434876;
6376 : 16777215;
6377 : 16777215;
6378 : 16777215;
6379 : 16777215;
6380 : 16777215;
6381 : 16777215;
6382 : 16777215;
6383 : 16777215;
6384 : 16777215;
6385 : 16777215;
6386 : 16777215;
6387 : 16777215;
6388 : 16777215;
6389 : 16777215;
6390 : 16777215;
6391 : 16777215;
6392 : 16777215;
6393 : 16777215;
6394 : 16777215;
6395 : 16777215;
6396 : 16777215;
6397 : 16777215;
6398 : 16777215;
6399 : 16777215;
6400 : 16777215;
6401 : 16777215;
6402 : 16777215;
6403 : 16777215;
6404 : 16777215;
6405 : 16777215;
6406 : 16777215;
6407 : 16777215;
6408 : 16777215;
6409 : 16777215;
6410 : 16777215;
6411 : 16777215;
6412 : 16777215;
6413 : 16777215;
6414 : 16777215;
6415 : 16777215;
6416 : 16777215;
6417 : 11052455;
6418 : 5653811;
6419 : 7822111;
6420 : 9924642;
6421 : 9792803;
6422 : 9661220;
6423 : 9661732;
6424 : 9464353;
6425 : 9003802;
6426 : 8543252;
6427 : 7885067;
6428 : 7555848;
6429 : 7490057;
6430 : 7293449;
6431 : 7293705;
6432 : 7228169;
6433 : 7359755;
6434 : 7293705;
6435 : 7162122;
6436 : 7096586;
6437 : 7227147;
6438 : 6636046;
6439 : 4336401;
6440 : 5257242;
6441 : 9137972;
6442 : 10981202;
6443 : 11179358;
6444 : 11113307;
6445 : 11113047;
6446 : 11113303;
6447 : 11179099;
6448 : 11375962;
6449 : 11310427;
6450 : 11179356;
6451 : 11113561;
6452 : 10981459;
6453 : 10651209;
6454 : 10254906;
6455 : 9859371;
6456 : 9661733;
6457 : 9661731;
6458 : 9727011;
6459 : 9661475;
6460 : 9924642;
6461 : 9990689;
6462 : 9924641;
6463 : 9924641;
6464 : 9858593;
6465 : 9463578;
6466 : 8740372;
6467 : 8082189;
6468 : 7490312;
6469 : 7490571;
6470 : 5520395;
6471 : 2763553;
6472 : 14342341;
6473 : 15854805;
6474 : 15723220;
6475 : 16052695;
6476 : 11579550;
6477 : 659220;
6478 : 1120820;
6479 : 858165;
6480 : 3423051;
6481 : 14869478;
6482 : 16777215;
6483 : 8356748;
6484 : 7497785;
6485 : 15191660;
6486 : 14994025;
6487 : 14665320;
6488 : 14664809;
6489 : 14665065;
6490 : 14665064;
6491 : 14796391;
6492 : 14993768;
6493 : 15059817;
6494 : 14927978;
6495 : 14993514;
6496 : 14796648;
6497 : 14664809;
6498 : 14993002;
6499 : 9996634;
6500 : 14607076;
6501 : 9869984;
6502 : 658446;
6503 : 14342873;
6504 : 16777215;
6505 : 16777215;
6506 : 16777215;
6507 : 16777215;
6508 : 16777215;
6509 : 16777215;
6510 : 16777215;
6511 : 16777215;
6512 : 16777215;
6513 : 16777215;
6514 : 16777215;
6515 : 16777215;
6516 : 16777215;
6517 : 16777215;
6518 : 16777215;
6519 : 16777215;
6520 : 16777215;
6521 : 16777215;
6522 : 16777215;
6523 : 16777215;
6524 : 16777215;
6525 : 16777215;
6526 : 16777215;
6527 : 16777215;
6528 : 16777215;
6529 : 16777215;
6530 : 16777215;
6531 : 16777215;
6532 : 16777215;
6533 : 16777215;
6534 : 16777215;
6535 : 16777215;
6536 : 16777215;
6537 : 16777215;
6538 : 16777215;
6539 : 16777215;
6540 : 16777215;
6541 : 16777215;
6542 : 16777215;
6543 : 16777215;
6544 : 16777215;
6545 : 16777215;
6546 : 14869476;
6547 : 7697001;
6548 : 6770469;
6549 : 9530919;
6550 : 9858592;
6551 : 9397791;
6552 : 8674327;
6553 : 8147982;
6554 : 7687689;
6555 : 7556103;
6556 : 7556104;
6557 : 7490313;
6558 : 7358728;
6559 : 7293705;
6560 : 7228169;
6561 : 7162633;
6562 : 7293449;
6563 : 7292936;
6564 : 7162124;
6565 : 5912334;
6566 : 4401940;
6567 : 7426596;
6568 : 10189620;
6569 : 11045965;
6570 : 11046228;
6571 : 10585928;
6572 : 10256192;
6573 : 10388035;
6574 : 10848841;
6575 : 11045967;
6576 : 11046225;
6577 : 10980173;
6578 : 10847813;
6579 : 10387518;
6580 : 9991987;
6581 : 9793321;
6582 : 9661221;
6583 : 9661217;
6584 : 9661732;
6585 : 9661732;
6586 : 9661732;
6587 : 9661731;
6588 : 9924897;
6589 : 9990689;
6590 : 9793315;
6591 : 9661216;
6592 : 9265685;
6593 : 8805136;
6594 : 8147723;
6595 : 7621384;
6596 : 7621128;
6597 : 6702351;
6598 : 5654057;
6599 : 6380350;
6600 : 11644316;
6601 : 16183769;
6602 : 15788755;
6603 : 15789011;
6604 : 15329231;
6605 : 4541519;
6606 : 1057107;
6607 : 1520747;
6608 : 1321044;
6609 : 3620953;
6610 : 6448493;
6611 : 1053466;
6612 : 5261866;
6613 : 14600042;
6614 : 15125096;
6615 : 14731114;
6616 : 14730602;
6617 : 14730602;
6618 : 14665064;
6619 : 14731110;
6620 : 14862951;
6621 : 14994281;
6622 : 14928234;
6623 : 14862441;
6624 : 14730855;
6625 : 14796390;
6626 : 13743458;
6627 : 10130047;
6628 : 16777215;
6629 : 4540755;
6630 : 3882306;
6631 : 16514043;
6632 : 16777215;
6633 : 16777215;
6634 : 16777215;
6635 : 16777215;
6636 : 16777215;
6637 : 16777215;
6638 : 16777215;
6639 : 16777215;
6640 : 16777215;
6641 : 16777215;
6642 : 16777215;
6643 : 16777215;
6644 : 16777215;
6645 : 16777215;
6646 : 16777215;
6647 : 16777215;
6648 : 16777215;
6649 : 16777215;
6650 : 16777215;
6651 : 16777215;
6652 : 16777215;
6653 : 16777215;
6654 : 16777215;
6655 : 16777215;
6656 : 16777215;
6657 : 16777215;
6658 : 16777215;
6659 : 16777215;
6660 : 16777215;
6661 : 16777215;
6662 : 16777215;
6663 : 16777215;
6664 : 16777215;
6665 : 16777215;
6666 : 16777215;
6667 : 16777215;
6668 : 16777215;
6669 : 16777215;
6670 : 16777215;
6671 : 16777215;
6672 : 16777215;
6673 : 16777215;
6674 : 16711423;
6675 : 13422030;
6676 : 3881528;
6677 : 3943443;
6678 : 7426846;
6679 : 8477206;
6680 : 7950349;
6681 : 7621384;
6682 : 7555848;
6683 : 7556103;
6684 : 7556104;
6685 : 7424521;
6686 : 7292935;
6687 : 7293449;
6688 : 7358985;
6689 : 7358985;
6690 : 7358728;
6691 : 7227403;
6692 : 5322002;
6693 : 5389339;
6694 : 8873764;
6695 : 10188842;
6696 : 10452536;
6697 : 10255672;
6698 : 9860141;
6699 : 9596454;
6700 : 9596200;
6701 : 9859115;
6702 : 9990700;
6703 : 9925165;
6704 : 9991213;
6705 : 10057000;
6706 : 9924645;
6707 : 9596196;
6708 : 9661218;
6709 : 9792547;
6710 : 9661474;
6711 : 9661473;
6712 : 9661476;
6713 : 9661732;
6714 : 9727268;
6715 : 9727266;
6716 : 9859106;
6717 : 9793310;
6718 : 9398556;
6719 : 8937748;
6720 : 8542221;
6721 : 8016137;
6722 : 7556104;
6723 : 7621386;
6724 : 7227660;
6725 : 5127964;
6726 : 8945227;
6727 : 9931083;
6728 : 7499606;
6729 : 15197647;
6730 : 15920595;
6731 : 15657682;
6732 : 15855575;
6733 : 13618362;
6734 : 3356485;
6735 : 794955;
6736 : 1387879;
6737 : 1124181;
6738 : 199966;
6739 : 67336;
6740 : 3880483;
6741 : 13876327;
6742 : 15125353;
6743 : 14796906;
6744 : 14730858;
6745 : 14665064;
6746 : 14665064;
6747 : 14796904;
6748 : 14928743;
6749 : 14994281;
6750 : 14928234;
6751 : 14862186;
6752 : 14664807;
6753 : 15059306;
6754 : 11311451;
6755 : 12763843;
6756 : 9803931;
6757 : 330782;
6758 : 9869212;
6759 : 16777215;
6760 : 16777215;
6761 : 16777215;
6762 : 16777215;
6763 : 16777215;
6764 : 16777215;
6765 : 16777215;
6766 : 16777215;
6767 : 16777215;
6768 : 16777215;
6769 : 16777215;
6770 : 16777215;
6771 : 16777215;
6772 : 16777215;
6773 : 16777215;
6774 : 16777215;
6775 : 16777215;
6776 : 16777215;
6777 : 16777215;
6778 : 16777215;
6779 : 16777215;
6780 : 16777215;
6781 : 16777215;
6782 : 16777215;
6783 : 16777215;
6784 : 16777215;
6785 : 16777215;
6786 : 16777215;
6787 : 16777215;
6788 : 16777215;
6789 : 16777215;
6790 : 16777215;
6791 : 16777215;
6792 : 16777215;
6793 : 16777215;
6794 : 16777215;
6795 : 16777215;
6796 : 16777215;
6797 : 16777215;
6798 : 16777215;
6799 : 16777215;
6800 : 14408668;
6801 : 9934227;
6802 : 5458501;
6803 : 3876637;
6804 : 4401177;
6805 : 4400924;
6806 : 3612178;
6807 : 3942417;
6808 : 6109964;
6809 : 7621132;
6810 : 7752458;
6811 : 7621639;
6812 : 7556105;
6813 : 7293962;
6814 : 7293448;
6815 : 7424519;
6816 : 7358985;
6817 : 7490313;
6818 : 7096080;
6819 : 5322005;
6820 : 6637597;
6821 : 9531430;
6822 : 9859108;
6823 : 9728038;
6824 : 9727268;
6825 : 9661476;
6826 : 9661475;
6827 : 9661475;
6828 : 9727012;
6829 : 9792548;
6830 : 9727012;
6831 : 9727012;
6832 : 9792802;
6833 : 9858849;
6834 : 9727265;
6835 : 9661476;
6836 : 9727269;
6837 : 9727269;
6838 : 9661476;
6839 : 9727269;
6840 : 9727268;
6841 : 9595939;
6842 : 9595938;
6843 : 9661726;
6844 : 9463579;
6845 : 9134358;
6846 : 8542996;
6847 : 8147980;
6848 : 7752968;
6849 : 7555592;
6850 : 7752457;
6851 : 7161867;
6852 : 5257499;
6853 : 8156232;
6854 : 10194771;
6855 : 10457422;
6856 : 8155968;
6857 : 8617586;
6858 : 15395024;
6859 : 15855061;
6860 : 15657682;
6861 : 15854807;
6862 : 14144962;
6863 : 8422271;
6864 : 3818072;
6865 : 1649745;
6866 : 792885;
6867 : 780;
6868 : 2367507;
6869 : 12627039;
6870 : 14928233;
6871 : 14928233;
6872 : 14796649;
6873 : 14730855;
6874 : 14730855;
6875 : 14862697;
6876 : 14928743;
6877 : 14994278;
6878 : 14928489;
6879 : 14861931;
6880 : 14730344;
6881 : 14993772;
6882 : 7036479;
6883 : 4080464;
6884 : 1120565;
6885 : 3160393;
6886 : 15593198;
6887 : 16777215;
6888 : 16777215;
6889 : 16777215;
6890 : 16777215;
6891 : 16777215;
6892 : 16777215;
6893 : 16777215;
6894 : 16777215;
6895 : 16777215;
6896 : 16777215;
6897 : 16777215;
6898 : 16777215;
6899 : 16777215;
6900 : 16777215;
6901 : 16777215;
6902 : 16777215;
6903 : 16777215;
6904 : 16777215;
6905 : 16777215;
6906 : 16777215;
6907 : 16777215;
6908 : 16777215;
6909 : 16777215;
6910 : 16777215;
6911 : 16777215;
6912 : 16777215;
6913 : 16777215;
6914 : 16777215;
6915 : 16777215;
6916 : 16777215;
6917 : 16777215;
6918 : 16777215;
6919 : 16777215;
6920 : 16777215;
6921 : 16777215;
6922 : 16777215;
6923 : 16777215;
6924 : 16777215;
6925 : 16777215;
6926 : 13618894;
6927 : 8221546;
6928 : 4666914;
6929 : 4335377;
6930 : 4991767;
6931 : 5123869;
6932 : 5255198;
6933 : 5255196;
6934 : 5189916;
6935 : 4466972;
6936 : 3612695;
6937 : 3941905;
6938 : 5520145;
6939 : 7162638;
6940 : 7687436;
6941 : 7490570;
6942 : 7425032;
6943 : 7555848;
6944 : 7424778;
6945 : 7424520;
6946 : 6374157;
6947 : 3942934;
6948 : 7425562;
6949 : 8937499;
6950 : 9200667;
6951 : 9201437;
6952 : 9333023;
6953 : 9464354;
6954 : 9464354;
6955 : 9464353;
6956 : 9464610;
6957 : 9595939;
6958 : 9595940;
6959 : 9661988;
6960 : 9859107;
6961 : 9859105;
6962 : 9727264;
6963 : 9661218;
6964 : 9727011;
6965 : 9595426;
6966 : 9595682;
6967 : 9464354;
6968 : 9332512;
6969 : 9069596;
6970 : 8872472;
6971 : 8806419;
6972 : 8542224;
6973 : 8213004;
6974 : 7687435;
6975 : 7555594;
6976 : 7555593;
6977 : 7686920;
6978 : 7161357;
6979 : 5454621;
6980 : 8352327;
6981 : 10456660;
6982 : 10259018;
6983 : 10326092;
6984 : 10852436;
6985 : 7695437;
6986 : 8025710;
6987 : 14012864;
6988 : 15658194;
6989 : 15395028;
6990 : 15525848;
6991 : 15920604;
6992 : 14999245;
6993 : 11974059;
6994 : 8618623;
6995 : 6250585;
6996 : 6579286;
6997 : 11180631;
6998 : 14730856;
6999 : 14994028;
7000 : 14928233;
7001 : 14730855;
7002 : 14730855;
7003 : 14928233;
7004 : 15060072;
7005 : 15059815;
7006 : 14928488;
7007 : 14730856;
7008 : 14927718;
7009 : 13810534;
7010 : 2434078;
7011 : 4390;
7012 : 595252;
7013 : 10000795;
7014 : 16777215;
7015 : 16777215;
7016 : 16777215;
7017 : 16777215;
7018 : 16777215;
7019 : 16777215;
7020 : 16777215;
7021 : 16777215;
7022 : 16777215;
7023 : 16777215;
7024 : 16777215;
7025 : 16777215;
7026 : 16777215;
7027 : 16777215;
7028 : 16777215;
7029 : 16777215;
7030 : 16777215;
7031 : 16777215;
7032 : 16777215;
7033 : 16777215;
7034 : 16777215;
7035 : 16777215;
7036 : 16777215;
7037 : 16777215;
7038 : 16777215;
7039 : 16777215;
7040 : 16777215;
7041 : 16777215;
7042 : 16777215;
7043 : 16777215;
7044 : 16777215;
7045 : 16777215;
7046 : 16777215;
7047 : 16777215;
7048 : 16777215;
7049 : 16777215;
7050 : 16777215;
7051 : 16777215;
7052 : 14013910;
7053 : 7629919;
7054 : 5454615;
7055 : 5847050;
7056 : 6175508;
7057 : 5518620;
7058 : 5189660;
7059 : 5123868;
7060 : 5058333;
7061 : 5058332;
7062 : 5189659;
7063 : 5386778;
7064 : 5255711;
7065 : 4532252;
7066 : 3087126;
7067 : 2627855;
7068 : 3943952;
7069 : 5125650;
7070 : 6373389;
7071 : 7358476;
7072 : 7555853;
7073 : 7293708;
7074 : 7161866;
7075 : 5847826;
7076 : 3416591;
7077 : 4271120;
7078 : 6571535;
7079 : 7819022;
7080 : 8148239;
7081 : 8345873;
7082 : 8411667;
7083 : 8411923;
7084 : 8543251;
7085 : 8609301;
7086 : 8806681;
7087 : 9003801;
7088 : 9135640;
7089 : 9070101;
7090 : 9003540;
7091 : 8871956;
7092 : 8806676;
7093 : 8674835;
7094 : 8477714;
7095 : 8411410;
7096 : 8148241;
7097 : 8016654;
7098 : 7819531;
7099 : 7687944;
7100 : 7621127;
7101 : 7555591;
7102 : 7490571;
7103 : 7687435;
7104 : 7687180;
7105 : 6307858;
7106 : 4732446;
7107 : 6051388;
7108 : 9996628;
7109 : 10390352;
7110 : 10852959;
7111 : 12366724;
7112 : 13091741;
7113 : 13355438;
7114 : 10460561;
7115 : 7631722;
7116 : 9737351;
7117 : 13158327;
7118 : 14605515;
7119 : 14605257;
7120 : 14473672;
7121 : 14210500;
7122 : 13881790;
7123 : 13882049;
7124 : 13092272;
7125 : 11772776;
7126 : 14270563;
7127 : 15059564;
7128 : 14928234;
7129 : 14730855;
7130 : 14796648;
7131 : 14928233;
7132 : 14994026;
7133 : 14928234;
7134 : 14862441;
7135 : 14862184;
7136 : 15453292;
7137 : 11048021;
7138 : 395533;
7139 : 3290946;
7140 : 6250588;
7141 : 13355977;
7142 : 16777215;
7143 : 16777215;
7144 : 16777215;
7145 : 16777215;
7146 : 16777215;
7147 : 16777215;
7148 : 16777215;
7149 : 16777215;
7150 : 16777215;
7151 : 16777215;
7152 : 16777215;
7153 : 16777215;
7154 : 16777215;
7155 : 16777215;
7156 : 16777215;
7157 : 16777215;
7158 : 16777215;
7159 : 16777215;
7160 : 16777215;
7161 : 16777215;
7162 : 16777215;
7163 : 16777215;
7164 : 16777215;
7165 : 16777215;
7166 : 16777215;
7167 : 16777215;
7168 : 16777215;
7169 : 16777215;
7170 : 16777215;
7171 : 16777215;
7172 : 16777215;
7173 : 16777215;
7174 : 16777215;
7175 : 16777215;
7176 : 16777215;
7177 : 16777215;
7178 : 15790320;
7179 : 9275521;
7180 : 5718563;
7181 : 6635014;
7182 : 7423497;
7183 : 6700820;
7184 : 5912089;
7185 : 5320733;
7186 : 5058846;
7187 : 5123869;
7188 : 5254940;
7189 : 5189404;
7190 : 4795164;
7191 : 4006939;
7192 : 3678999;
7193 : 4468759;
7194 : 5980957;
7195 : 7164197;
7196 : 7690533;
7197 : 7296293;
7198 : 5455896;
7199 : 4665362;
7200 : 4665359;
7201 : 4862480;
7202 : 4599310;
7203 : 5978130;
7204 : 6503701;
7205 : 4533779;
7206 : 3152656;
7207 : 4270348;
7208 : 5912848;
7209 : 7030285;
7210 : 7490060;
7211 : 7621641;
7212 : 7621897;
7213 : 7687177;
7214 : 7687689;
7215 : 7622409;
7216 : 7688201;
7217 : 7753480;
7218 : 7753225;
7219 : 7753482;
7220 : 7622153;
7221 : 7556104;
7222 : 7490312;
7223 : 7424776;
7224 : 7424776;
7225 : 7424777;
7226 : 7424776;
7227 : 7556103;
7228 : 7555593;
7229 : 7686921;
7230 : 7621643;
7231 : 6373132;
7232 : 5783841;
7233 : 9140553;
7234 : 12365155;
7235 : 8945226;
7236 : 5326383;
7237 : 11511422;
7238 : 13815213;
7239 : 13947833;
7240 : 13356215;
7241 : 12829615;
7242 : 12698285;
7243 : 12369324;
7244 : 10066573;
7245 : 7368806;
7246 : 8684922;
7247 : 11908521;
7248 : 13619136;
7249 : 13683897;
7250 : 13552055;
7251 : 13552313;
7252 : 13683898;
7253 : 12825989;
7254 : 13613152;
7255 : 14994027;
7256 : 14928234;
7257 : 14730855;
7258 : 14796648;
7259 : 14928234;
7260 : 14928234;
7261 : 14928234;
7262 : 14796648;
7263 : 14927721;
7264 : 15387755;
7265 : 11115623;
7266 : 8750712;
7267 : 11052951;
7268 : 7236711;
7269 : 15987700;
7270 : 16777215;
7271 : 16777215;
7272 : 16777215;
7273 : 16777215;
7274 : 16777215;
7275 : 16777215;
7276 : 16777215;
7277 : 16777215;
7278 : 16777215;
7279 : 16777215;
7280 : 16777215;
7281 : 16777215;
7282 : 16777215;
7283 : 16777215;
7284 : 16777215;
7285 : 16777215;
7286 : 16777215;
7287 : 16777215;
7288 : 16777215;
7289 : 16777215;
7290 : 16777215;
7291 : 16777215;
7292 : 16777215;
7293 : 16777215;
7294 : 16777215;
7295 : 16777215;
7296 : 16777215;
7297 : 16777215;
7298 : 16777215;
7299 : 16777215;
7300 : 16777215;
7301 : 16777215;
7302 : 16777215;
7303 : 16777215;
7304 : 16777215;
7305 : 16777215;
7306 : 14343132;
7307 : 4537905;
7308 : 5124870;
7309 : 7161353;
7310 : 7161097;
7311 : 6371859;
7312 : 5714713;
7313 : 5255195;
7314 : 5386270;
7315 : 5123357;
7316 : 4007962;
7317 : 3350805;
7318 : 4139802;
7319 : 6178593;
7320 : 8348452;
7321 : 9728547;
7322 : 10253601;
7323 : 10253347;
7324 : 9924900;
7325 : 9726751;
7326 : 8871186;
7327 : 7556365;
7328 : 6636557;
7329 : 6176272;
7330 : 6043920;
7331 : 6240787;
7332 : 6634259;
7333 : 6700308;
7334 : 6240790;
7335 : 5320980;
7336 : 4073490;
7337 : 3876624;
7338 : 4401681;
7339 : 4927503;
7340 : 5979151;
7341 : 6505231;
7342 : 6899214;
7343 : 7227146;
7344 : 7423753;
7345 : 7686666;
7346 : 7686922;
7347 : 7621643;
7348 : 7424777;
7349 : 7425033;
7350 : 7490313;
7351 : 7359496;
7352 : 7359752;
7353 : 7556105;
7354 : 7621643;
7355 : 7556106;
7356 : 7161611;
7357 : 5913355;
7358 : 4862999;
7359 : 7627838;
7360 : 11773023;
7361 : 13678947;
7362 : 13415779;
7363 : 11837786;
7364 : 6773818;
7365 : 7499880;
7366 : 13552823;
7367 : 13881786;
7368 : 13487542;
7369 : 12829871;
7370 : 12435372;
7371 : 12435115;
7372 : 12632239;
7373 : 12237483;
7374 : 10264210;
7375 : 7632493;
7376 : 7697771;
7377 : 12302759;
7378 : 13750206;
7379 : 13552313;
7380 : 13552572;
7381 : 13156507;
7382 : 12890464;
7383 : 14862442;
7384 : 14928233;
7385 : 14730854;
7386 : 14796648;
7387 : 14928234;
7388 : 14928234;
7389 : 14862441;
7390 : 14796648;
7391 : 15124587;
7392 : 14862700;
7393 : 13025685;
7394 : 12566703;
7395 : 6316121;
7396 : 13158600;
7397 : 16777215;
7398 : 16777215;
7399 : 16777215;
7400 : 16777215;
7401 : 16777215;
7402 : 16777215;
7403 : 16777215;
7404 : 16777215;
7405 : 16777215;
7406 : 16777215;
7407 : 16777215;
7408 : 16777215;
7409 : 16777215;
7410 : 16777215;
7411 : 16777215;
7412 : 16777215;
7413 : 16777215;
7414 : 16777215;
7415 : 16777215;
7416 : 16777215;
7417 : 16777215;
7418 : 16777215;
7419 : 16777215;
7420 : 16777215;
7421 : 16777215;
7422 : 16777215;
7423 : 16777215;
7424 : 16777215;
7425 : 16777215;
7426 : 16777215;
7427 : 16777215;
7428 : 16777215;
7429 : 16777215;
7430 : 16777215;
7431 : 16777215;
7432 : 16777215;
7433 : 16777215;
7434 : 16777215;
7435 : 15395562;
7436 : 9868175;
7437 : 5260082;
7438 : 4598540;
7439 : 5320464;
7440 : 5649177;
7441 : 5254941;
7442 : 4072477;
7443 : 3481880;
7444 : 5258278;
7445 : 8019755;
7446 : 9727526;
7447 : 10121766;
7448 : 10121760;
7449 : 10056225;
7450 : 9990689;
7451 : 9859103;
7452 : 9332506;
7453 : 8608531;
7454 : 7818761;
7455 : 7490055;
7456 : 7358986;
7457 : 6964238;
7458 : 6832399;
7459 : 6635023;
7460 : 6437907;
7461 : 6371860;
7462 : 6502931;
7463 : 6764822;
7464 : 6700820;
7465 : 6372627;
7466 : 5715737;
7467 : 5059351;
7468 : 4534037;
7469 : 4468502;
7470 : 3417877;
7471 : 4141852;
7472 : 5258268;
7473 : 5191445;
7474 : 5322513;
7475 : 5388046;
7476 : 5585166;
7477 : 5584908;
7478 : 5782798;
7479 : 5848079;
7480 : 5782031;
7481 : 5651214;
7482 : 5849365;
7483 : 5390109;
7484 : 5588775;
7485 : 5985076;
7486 : 7366979;
7487 : 13679721;
7488 : 13350752;
7489 : 13547877;
7490 : 11574875;
7491 : 4866086;
7492 : 4537128;
7493 : 5985088;
7494 : 8881259;
7495 : 9933439;
7496 : 9276282;
7497 : 9408387;
7498 : 11053470;
7499 : 12698546;
7500 : 12435369;
7501 : 12237739;
7502 : 12500657;
7503 : 12501170;
7504 : 9803148;
7505 : 5855826;
7506 : 9868935;
7507 : 13881278;
7508 : 13552315;
7509 : 13617843;
7510 : 12825455;
7511 : 14664805;
7512 : 14862184;
7513 : 14665061;
7514 : 14796647;
7515 : 14862441;
7516 : 14928234;
7517 : 14862440;
7518 : 14928234;
7519 : 15255915;
7520 : 14796915;
7521 : 13026724;
7522 : 8487544;
7523 : 12105912;
7524 : 16777215;
7525 : 16777215;
7526 : 16777215;
7527 : 16777215;
7528 : 16777215;
7529 : 16777215;
7530 : 16777215;
7531 : 16777215;
7532 : 16777215;
7533 : 16777215;
7534 : 16777215;
7535 : 16777215;
7536 : 16777215;
7537 : 16777215;
7538 : 16777215;
7539 : 16777215;
7540 : 16777215;
7541 : 16777215;
7542 : 16777215;
7543 : 16777215;
7544 : 16777215;
7545 : 16777215;
7546 : 16777215;
7547 : 16777215;
7548 : 16777215;
7549 : 16777215;
7550 : 16777215;
7551 : 16777215;
7552 : 16777215;
7553 : 16777215;
7554 : 16777215;
7555 : 16777215;
7556 : 16777215;
7557 : 16777215;
7558 : 16777215;
7559 : 16777215;
7560 : 16777215;
7561 : 16777215;
7562 : 16777215;
7563 : 16777215;
7564 : 16777215;
7565 : 15658993;
7566 : 11842483;
7567 : 7565163;
7568 : 2957339;
7569 : 3219479;
7570 : 5916971;
7571 : 9598530;
7572 : 10583096;
7573 : 9990440;
7574 : 9596196;
7575 : 9793570;
7576 : 9925153;
7577 : 9990689;
7578 : 9858846;
7579 : 9266711;
7580 : 8345357;
7581 : 7687432;
7582 : 7424776;
7583 : 7293449;
7584 : 7161355;
7585 : 6766864;
7586 : 6700818;
7587 : 6503697;
7588 : 6306833;
7589 : 6372114;
7590 : 6568725;
7591 : 6568982;
7592 : 6503701;
7593 : 6437652;
7594 : 6306581;
7595 : 6372119;
7596 : 6503955;
7597 : 5978389;
7598 : 4404260;
7599 : 9077069;
7600 : 9866317;
7601 : 9339723;
7602 : 8681291;
7603 : 7694149;
7604 : 7234109;
7605 : 7233851;
7606 : 7629120;
7607 : 7958085;
7608 : 7892291;
7609 : 8352841;
7610 : 9011277;
7611 : 9734478;
7612 : 10654289;
7613 : 9601354;
7614 : 8352069;
7615 : 13284704;
7616 : 13482084;
7617 : 11575390;
7618 : 3946275;
7619 : 9141331;
7620 : 14666899;
7621 : 15983029;
7622 : 15852473;
7623 : 15194546;
7624 : 13418385;
7625 : 10851940;
7626 : 7103043;
7627 : 8026736;
7628 : 12369323;
7629 : 12369069;
7630 : 12368558;
7631 : 12303533;
7632 : 12764596;
7633 : 10132367;
7634 : 3353375;
7635 : 8552311;
7636 : 13684413;
7637 : 13750458;
7638 : 13090183;
7639 : 14204771;
7640 : 14730856;
7641 : 14599526;
7642 : 14730854;
7643 : 14796648;
7644 : 14730855;
7645 : 14796647;
7646 : 14862699;
7647 : 15125095;
7648 : 14535552;
7649 : 10329995;
7650 : 12171960;
7651 : 16777215;
7652 : 16777215;
7653 : 16777215;
7654 : 16777215;
7655 : 16777215;
7656 : 16777215;
7657 : 16777215;
7658 : 16777215;
7659 : 16777215;
7660 : 16777215;
7661 : 16777215;
7662 : 16777215;
7663 : 16777215;
7664 : 16777215;
7665 : 16777215;
7666 : 16777215;
7667 : 16777215;
7668 : 16777215;
7669 : 16777215;
7670 : 16777215;
7671 : 16777215;
7672 : 16777215;
7673 : 16777215;
7674 : 16777215;
7675 : 16777215;
7676 : 16777215;
7677 : 16777215;
7678 : 16777215;
7679 : 16777215;
7680 : 16777215;
7681 : 16777215;
7682 : 16777215;
7683 : 16777215;
7684 : 16777215;
7685 : 16777215;
7686 : 16777215;
7687 : 16777215;
7688 : 16777215;
7689 : 16777215;
7690 : 16777215;
7691 : 16777215;
7692 : 16777215;
7693 : 16777215;
7694 : 16777215;
7695 : 11644331;
7696 : 5589299;
7697 : 9008192;
7698 : 11177292;
7699 : 10782015;
7700 : 9991211;
7701 : 9661732;
7702 : 9595683;
7703 : 9858596;
7704 : 9858850;
7705 : 9661470;
7706 : 9003541;
7707 : 8082445;
7708 : 7621385;
7709 : 7490057;
7710 : 7359241;
7711 : 7162377;
7712 : 6964238;
7713 : 6766606;
7714 : 6569488;
7715 : 6503442;
7716 : 6307345;
7717 : 6437907;
7718 : 6634518;
7719 : 6634519;
7720 : 6634518;
7721 : 6503186;
7722 : 6241046;
7723 : 6241046;
7724 : 6372374;
7725 : 4664855;
7726 : 7825733;
7727 : 10260048;
7728 : 9865804;
7729 : 10063182;
7730 : 10194511;
7731 : 10259792;
7732 : 10456659;
7733 : 10522451;
7734 : 10522194;
7735 : 10456658;
7736 : 10522195;
7737 : 10456915;
7738 : 10326610;
7739 : 10523215;
7740 : 10587983;
7741 : 9865036;
7742 : 6379318;
7743 : 11574871;
7744 : 12166750;
7745 : 5195307;
7746 : 10194004;
7747 : 15586960;
7748 : 15851699;
7749 : 15918274;
7750 : 15786947;
7751 : 15655361;
7752 : 15523506;
7753 : 15520910;
7754 : 14795884;
7755 : 9337933;
7756 : 7236449;
7757 : 12106159;
7758 : 12500142;
7759 : 12500399;
7760 : 11251362;
7761 : 5457202;
7762 : 6965521;
7763 : 4862480;
7764 : 7236196;
7765 : 13881789;
7766 : 13486758;
7767 : 13548652;
7768 : 14730599;
7769 : 14665061;
7770 : 14665062;
7771 : 14730598;
7772 : 14796648;
7773 : 14928233;
7774 : 14993770;
7775 : 15190892;
7776 : 13089925;
7777 : 8685185;
7778 : 16579836;
7779 : 16777215;
7780 : 16777215;
7781 : 16777215;
7782 : 16777215;
7783 : 16777215;
7784 : 16777215;
7785 : 16777215;
7786 : 16777215;
7787 : 16777215;
7788 : 16777215;
7789 : 16777215;
7790 : 16777215;
7791 : 16777215;
7792 : 16777215;
7793 : 16777215;
7794 : 16777215;
7795 : 16777215;
7796 : 16777215;
7797 : 16777215;
7798 : 16777215;
7799 : 16777215;
7800 : 16777215;
7801 : 16777215;
7802 : 16777215;
7803 : 16777215;
7804 : 16777215;
7805 : 16777215;
7806 : 16777215;
7807 : 16777215;
7808 : 16777215;
7809 : 16777215;
7810 : 16777215;
7811 : 16777215;
7812 : 16777215;
7813 : 16777215;
7814 : 16777215;
7815 : 16777215;
7816 : 16777215;
7817 : 16777215;
7818 : 16777215;
7819 : 16777215;
7820 : 16777215;
7821 : 14540254;
7822 : 8485996;
7823 : 8350265;
7824 : 11242571;
7825 : 11243081;
7826 : 10782278;
7827 : 10716223;
7828 : 10583093;
7829 : 10122543;
7830 : 10056493;
7831 : 9924901;
7832 : 9332762;
7833 : 8542994;
7834 : 7819017;
7835 : 7556103;
7836 : 7425033;
7837 : 7424777;
7838 : 7227914;
7839 : 7030793;
7840 : 6832909;
7841 : 6635279;
7842 : 6437905;
7843 : 6437651;
7844 : 6372371;
7845 : 6569238;
7846 : 6569238;
7847 : 6569238;
7848 : 6503445;
7849 : 6371859;
7850 : 6306838;
7851 : 6306582;
7852 : 5124372;
7853 : 3220760;
7854 : 7169344;
7855 : 8351556;
7856 : 9535821;
7857 : 9798994;
7858 : 10983767;
7859 : 11114323;
7860 : 10456145;
7861 : 10062670;
7862 : 10193743;
7863 : 10128462;
7864 : 10193998;
7865 : 10194255;
7866 : 10194769;
7867 : 10391632;
7868 : 10259533;
7869 : 11510378;
7870 : 6972753;
7871 : 8879176;
7872 : 6115638;
7873 : 8615496;
7874 : 15585400;
7875 : 15258773;
7876 : 15720370;
7877 : 15459006;
7878 : 15393214;
7879 : 15327163;
7880 : 15260846;
7881 : 15325090;
7882 : 14929269;
7883 : 15321705;
7884 : 10719061;
7885 : 7038810;
7886 : 11974060;
7887 : 12698291;
7888 : 6643531;
7889 : 6439177;
7890 : 6636299;
7891 : 5521186;
7892 : 6446688;
7893 : 9209984;
7894 : 13816253;
7895 : 13484682;
7896 : 14598759;
7897 : 14665320;
7898 : 14797173;
7899 : 15060352;
7900 : 15388547;
7901 : 15257212;
7902 : 15125100;
7903 : 15388529;
7904 : 9538665;
7905 : 12435135;
7906 : 16777215;
7907 : 16777215;
7908 : 16777215;
7909 : 16777215;
7910 : 16777215;
7911 : 16777215;
7912 : 16777215;
7913 : 16777215;
7914 : 16777215;
7915 : 16777215;
7916 : 16777215;
7917 : 16777215;
7918 : 16777215;
7919 : 16777215;
7920 : 16777215;
7921 : 16777215;
7922 : 16777215;
7923 : 16777215;
7924 : 16777215;
7925 : 16777215;
7926 : 16777215;
7927 : 16777215;
7928 : 16777215;
7929 : 16777215;
7930 : 16777215;
7931 : 16777215;
7932 : 16777215;
7933 : 16777215;
7934 : 16777215;
7935 : 16777215;
7936 : 16777215;
7937 : 16777215;
7938 : 16777215;
7939 : 16777215;
7940 : 16777215;
7941 : 16777215;
7942 : 16777215;
7943 : 16777215;
7944 : 16777215;
7945 : 16777215;
7946 : 16777215;
7947 : 16777215;
7948 : 12170932;
7949 : 7824967;
7950 : 9994047;
7951 : 11439688;
7952 : 11111240;
7953 : 10782532;
7954 : 10585155;
7955 : 10782015;
7956 : 10978108;
7957 : 10583094;
7958 : 9661990;
7959 : 8872213;
7960 : 8148747;
7961 : 7687431;
7962 : 7555593;
7963 : 7555847;
7964 : 7359753;
7965 : 7293961;
7966 : 7162378;
7967 : 6964746;
7968 : 6701325;
7969 : 6569487;
7970 : 6437649;
7971 : 6437909;
7972 : 6437909;
7973 : 6569238;
7974 : 6569238;
7975 : 6568982;
7976 : 6503445;
7977 : 6437397;
7978 : 5124370;
7979 : 4271129;
7980 : 6706997;
7981 : 10786136;
7982 : 13547108;
7983 : 14927212;
7984 : 15059564;
7985 : 14796137;
7986 : 14336102;
7987 : 13678436;
7988 : 12560478;
7989 : 10917972;
7990 : 9997647;
7991 : 9997393;
7992 : 10193999;
7993 : 10128462;
7994 : 10194768;
7995 : 10194254;
7996 : 10655067;
7997 : 13419940;
7998 : 12236969;
7999 : 5327934;
8000 : 5852465;
8001 : 14861678;
8002 : 15059309;
8003 : 15323791;
8004 : 15390884;
8005 : 15326124;
8006 : 15128999;
8007 : 15062948;
8008 : 15260330;
8009 : 15326639;
8010 : 15325599;
8011 : 14862709;
8012 : 14862698;
8013 : 11509082;
8014 : 7038550;
8015 : 7632498;
8016 : 4076578;
8017 : 7233610;
8018 : 10788764;
8019 : 14606046;
8020 : 16777215;
8021 : 9539470;
8022 : 10460565;
8023 : 14275000;
8024 : 14730878;
8025 : 14796918;
8026 : 15061392;
8027 : 15061909;
8028 : 15521428;
8029 : 15521427;
8030 : 15520387;
8031 : 14337660;
8032 : 8618612;
8033 : 16251129;
8034 : 16777215;
8035 : 16777215;
8036 : 16777215;
8037 : 16777215;
8038 : 16777215;
8039 : 16777215;
8040 : 16777215;
8041 : 16777215;
8042 : 16777215;
8043 : 16777215;
8044 : 16777215;
8045 : 16777215;
8046 : 16777215;
8047 : 16777215;
8048 : 16777215;
8049 : 16777215;
8050 : 16777215;
8051 : 16777215;
8052 : 16777215;
8053 : 16777215;
8054 : 16777215;
8055 : 16777215;
8056 : 16777215;
8057 : 16777215;
8058 : 16777215;
8059 : 16777215;
8060 : 16777215;
8061 : 16777215;
8062 : 16777215;
8063 : 16777215;
8064 : 16777215;
8065 : 16777215;
8066 : 16777215;
8067 : 16777215;
8068 : 16777215;
8069 : 16777215;
8070 : 16777215;
8071 : 16777215;
8072 : 16777215;
8073 : 16777215;
8074 : 16185336;
8075 : 10130826;
8076 : 8152378;
8077 : 10715459;
8078 : 11110987;
8079 : 11111240;
8080 : 10848068;
8081 : 10650691;
8082 : 10782018;
8083 : 10715709;
8084 : 10056748;
8085 : 8938267;
8086 : 8148495;
8087 : 7753224;
8088 : 7621383;
8089 : 7555590;
8090 : 7489801;
8091 : 7555847;
8092 : 7293961;
8093 : 7228169;
8094 : 7162122;
8095 : 6898701;
8096 : 6635025;
8097 : 6503442;
8098 : 6372114;
8099 : 6437908;
8100 : 6503445;
8101 : 6569238;
8102 : 6569238;
8103 : 6699795;
8104 : 6240787;
8105 : 3942931;
8106 : 6377523;
8107 : 12100449;
8108 : 14927981;
8109 : 15124844;
8110 : 14928231;
8111 : 14928231;
8112 : 14796390;
8113 : 14795880;
8114 : 14730854;
8115 : 14795625;
8116 : 14335848;
8117 : 13219168;
8118 : 11772250;
8119 : 10325327;
8120 : 10259280;
8121 : 10128465;
8122 : 10193742;
8123 : 10391121;
8124 : 12498576;
8125 : 13618874;
8126 : 13817790;
8127 : 5855565;
8128 : 11902810;
8129 : 15388267;
8130 : 14796647;
8131 : 15059830;
8132 : 15126145;
8133 : 14994818;
8134 : 14797175;
8135 : 14665586;
8136 : 14929283;
8137 : 15391135;
8138 : 15588527;
8139 : 15259040;
8140 : 14731641;
8141 : 14928235;
8142 : 12626785;
8143 : 4077348;
8144 : 9211279;
8145 : 16777215;
8146 : 16777215;
8147 : 16777215;
8148 : 16777215;
8149 : 16316665;
8150 : 8158583;
8151 : 12434862;
8152 : 14407601;
8153 : 14864529;
8154 : 14930067;
8155 : 15061649;
8156 : 15390097;
8157 : 15390096;
8158 : 15653526;
8159 : 12300680;
8160 : 11053479;
8161 : 16777215;
8162 : 16777215;
8163 : 16777215;
8164 : 16777215;
8165 : 16777215;
8166 : 16777215;
8167 : 16777215;
8168 : 16777215;
8169 : 16777215;
8170 : 16777215;
8171 : 16777215;
8172 : 16777215;
8173 : 16777215;
8174 : 16777215;
8175 : 16777215;
8176 : 16777215;
8177 : 16777215;
8178 : 16777215;
8179 : 16777215;
8180 : 16777215;
8181 : 16777215;
8182 : 16777215;
8183 : 16777215;
8184 : 16777215;
8185 : 16777215;
8186 : 16777215;
8187 : 16777215;
8188 : 16777215;
8189 : 16777215;
8190 : 16777215;
8191 : 16777215;
8192 : 16777215;
8193 : 16777215;
8194 : 16777215;
8195 : 16777215;
8196 : 16777215;
8197 : 16777215;
8198 : 16777215;
8199 : 16777215;
8200 : 16777215;
8201 : 15000805;
8202 : 9142379;
8203 : 9138490;
8204 : 10848072;
8205 : 10782281;
8206 : 10848326;
8207 : 10848325;
8208 : 10650176;
8209 : 10386489;
8210 : 9925677;
8211 : 9069850;
8212 : 8214029;
8213 : 7818761;
8214 : 7555592;
8215 : 7489799;
8216 : 7620871;
8217 : 7489799;
8218 : 7490055;
8219 : 7556103;
8220 : 7424776;
8221 : 7162632;
8222 : 7030538;
8223 : 6701324;
8224 : 6569234;
8225 : 6503444;
8226 : 6372117;
8227 : 6306580;
8228 : 6503189;
8229 : 6634518;
8230 : 6700567;
8231 : 6043155;
8232 : 4007699;
8233 : 9141323;
8234 : 14666095;
8235 : 14994289;
8236 : 14797432;
8237 : 14929281;
8238 : 15192451;
8239 : 15060859;
8240 : 14730862;
8241 : 14730599;
8242 : 14665065;
8243 : 14730601;
8244 : 14730601;
8245 : 14599270;
8246 : 13218658;
8247 : 9141837;
8248 : 9799247;
8249 : 10259536;
8250 : 10259019;
8251 : 11839099;
8252 : 13618106;
8253 : 13881278;
8254 : 11843489;
8255 : 7365955;
8256 : 15125868;
8257 : 14928235;
8258 : 14796903;
8259 : 14796393;
8260 : 14730600;
8261 : 14730343;
8262 : 14664808;
8263 : 14665064;
8264 : 14730342;
8265 : 14927987;
8266 : 14995337;
8267 : 15259552;
8268 : 15128223;
8269 : 14732166;
8270 : 14993266;
8271 : 13941866;
8272 : 8089423;
8273 : 11118247;
8274 : 16316666;
8275 : 16777215;
8276 : 16777215;
8277 : 16777215;
8278 : 13487565;
8279 : 8026735;
8280 : 13817026;
8281 : 14802369;
8282 : 15129269;
8283 : 15457199;
8284 : 15523245;
8285 : 15655087;
8286 : 15394497;
8287 : 9671813;
8288 : 14737632;
8289 : 16777215;
8290 : 16777215;
8291 : 16777215;
8292 : 16777215;
8293 : 16777215;
8294 : 16777215;
8295 : 16777215;
8296 : 16777215;
8297 : 16777215;
8298 : 16777215;
8299 : 16777215;
8300 : 16777215;
8301 : 16777215;
8302 : 16777215;
8303 : 16777215;
8304 : 16777215;
8305 : 16777215;
8306 : 16777215;
8307 : 16777215;
8308 : 16777215;
8309 : 16777215;
8310 : 16777215;
8311 : 16777215;
8312 : 16777215;
8313 : 16777215;
8314 : 16777215;
8315 : 16777215;
8316 : 16777215;
8317 : 16777215;
8318 : 16777215;
8319 : 16777215;
8320 : 16777215;
8321 : 16777215;
8322 : 16777215;
8323 : 16777215;
8324 : 16777215;
8325 : 16777215;
8326 : 16777215;
8327 : 16777215;
8328 : 12960708;
8329 : 7365195;
8330 : 9795900;
8331 : 10914120;
8332 : 10848586;
8333 : 10716487;
8334 : 10518847;
8335 : 9992500;
8336 : 9267748;
8337 : 8674837;
8338 : 8147983;
8339 : 7752968;
8340 : 7555591;
8341 : 7555593;
8342 : 7555593;
8343 : 7489799;
8344 : 7490055;
8345 : 7490055;
8346 : 7490311;
8347 : 7425032;
8348 : 7358984;
8349 : 7162123;
8350 : 6898955;
8351 : 6635279;
8352 : 6503698;
8353 : 6437650;
8354 : 6306579;
8355 : 6437652;
8356 : 6634770;
8357 : 6700566;
8358 : 5254930;
8359 : 4403741;
8360 : 11835999;
8361 : 15519348;
8362 : 14929278;
8363 : 14864786;
8364 : 15128221;
8365 : 15588005;
8366 : 15588002;
8367 : 15193238;
8368 : 14994558;
8369 : 14665064;
8370 : 14665063;
8371 : 14665064;
8372 : 14730601;
8373 : 14730602;
8374 : 14665066;
8375 : 11903583;
8376 : 7234625;
8377 : 9996625;
8378 : 10720342;
8379 : 13091491;
8380 : 13552827;
8381 : 14209980;
8382 : 9736578;
8383 : 11442519;
8384 : 15388269;
8385 : 14928233;
8386 : 14796648;
8387 : 14665065;
8388 : 14795625;
8389 : 14795625;
8390 : 14730345;
8391 : 14665064;
8392 : 14795880;
8393 : 14795625;
8394 : 14730090;
8395 : 14730867;
8396 : 14798468;
8397 : 14996112;
8398 : 14864264;
8399 : 15125113;
8400 : 14598765;
8401 : 10324049;
8402 : 8156258;
8403 : 11382189;
8404 : 15461615;
8405 : 16777215;
8406 : 16777215;
8407 : 11447724;
8408 : 8158325;
8409 : 12960693;
8410 : 14868170;
8411 : 15328974;
8412 : 15262924;
8413 : 13947324;
8414 : 9540230;
8415 : 9013895;
8416 : 16711422;
8417 : 16777215;
8418 : 16777215;
8419 : 16777215;
8420 : 16777215;
8421 : 16777215;
8422 : 16777215;
8423 : 16777215;
8424 : 16777215;
8425 : 16777215;
8426 : 16777215;
8427 : 16777215;
8428 : 16777215;
8429 : 16777215;
8430 : 16777215;
8431 : 16777215;
8432 : 16777215;
8433 : 16777215;
8434 : 16777215;
8435 : 16777215;
8436 : 16777215;
8437 : 16777215;
8438 : 16777215;
8439 : 16777215;
8440 : 16777215;
8441 : 16777215;
8442 : 16777215;
8443 : 16777215;
8444 : 16777215;
8445 : 16777215;
8446 : 16777215;
8447 : 16777215;
8448 : 16777215;
8449 : 16777215;
8450 : 16777215;
8451 : 16777215;
8452 : 16777215;
8453 : 16777215;
8454 : 16777215;
8455 : 13750735;
8456 : 7035705;
8457 : 9597746;
8458 : 10584897;
8459 : 10255933;
8460 : 9860658;
8461 : 9201957;
8462 : 8674587;
8463 : 8147985;
8464 : 7753482;
8465 : 7621896;
8466 : 7555592;
8467 : 7489800;
8468 : 7489799;
8469 : 7489799;
8470 : 7555591;
8471 : 7489799;
8472 : 7490055;
8473 : 7556103;
8474 : 7490567;
8475 : 7228168;
8476 : 7293449;
8477 : 7227403;
8478 : 6832652;
8479 : 6635281;
8480 : 6503697;
8481 : 6437650;
8482 : 6437650;
8483 : 6634769;
8484 : 6307093;
8485 : 3219728;
8486 : 3353628;
8487 : 12625508;
8488 : 15716729;
8489 : 15258508;
8490 : 15325347;
8491 : 15260329;
8492 : 15392172;
8493 : 15720367;
8494 : 15654314;
8495 : 15127965;
8496 : 14929285;
8497 : 14730603;
8498 : 14665064;
8499 : 14665064;
8500 : 14665064;
8501 : 14665064;
8502 : 14730346;
8503 : 14401899;
8504 : 10325332;
8505 : 7563070;
8506 : 11840891;
8507 : 13487032;
8508 : 13552567;
8509 : 14013115;
8510 : 9012591;
8511 : 13875812;
8512 : 15059818;
8513 : 14862184;
8514 : 14730601;
8515 : 14665064;
8516 : 14665064;
8517 : 14665064;
8518 : 14665064;
8519 : 14665064;
8520 : 14730601;
8521 : 14730601;
8522 : 14730089;
8523 : 14796138;
8524 : 14664808;
8525 : 14795629;
8526 : 14861688;
8527 : 14796920;
8528 : 14731121;
8529 : 14994028;
8530 : 13875555;
8531 : 10061902;
8532 : 8748124;
8533 : 9735556;
8534 : 12368825;
8535 : 14474462;
8536 : 12698308;
8537 : 8750465;
8538 : 8947580;
8539 : 9868680;
8540 : 9013374;
8541 : 7632239;
8542 : 9868948;
8543 : 15987699;
8544 : 16777215;
8545 : 16777215;
8546 : 16777215;
8547 : 16777215;
8548 : 16777215;
8549 : 16777215;
8550 : 16777215;
8551 : 16777215;
8552 : 16777215;
8553 : 16777215;
8554 : 16777215;
8555 : 16777215;
8556 : 16777215;
8557 : 16777215;
8558 : 16777215;
8559 : 16777215;
8560 : 16777215;
8561 : 16777215;
8562 : 16777215;
8563 : 16777215;
8564 : 16777215;
8565 : 16777215;
8566 : 16777215;
8567 : 16777215;
8568 : 16777215;
8569 : 16777215;
8570 : 16777215;
8571 : 16777215;
8572 : 16777215;
8573 : 16777215;
8574 : 16777215;
8575 : 16777215;
8576 : 16777215;
8577 : 16777215;
8578 : 16777215;
8579 : 16777215;
8580 : 16777215;
8581 : 16777215;
8582 : 13421773;
8583 : 4930086;
8584 : 8806172;
8585 : 9265691;
8586 : 8609048;
8587 : 8083216;
8588 : 7688204;
8589 : 7490568;
8590 : 7358985;
8591 : 7292936;
8592 : 7424263;
8593 : 7556105;
8594 : 7555847;
8595 : 7555591;
8596 : 7555336;
8597 : 7620871;
8598 : 7555591;
8599 : 7489799;
8600 : 7555590;
8601 : 7490566;
8602 : 7556105;
8603 : 7359242;
8604 : 7227912;
8605 : 7161610;
8606 : 6832396;
8607 : 6503952;
8608 : 6503696;
8609 : 6503189;
8610 : 6043924;
8611 : 5125397;
8612 : 2628880;
8613 : 1907217;
8614 : 12034654;
8615 : 15453807;
8616 : 15455115;
8617 : 15522468;
8618 : 15522990;
8619 : 15457452;
8620 : 15523499;
8621 : 15589037;
8622 : 15457193;
8623 : 14996375;
8624 : 14797434;
8625 : 14664809;
8626 : 14665064;
8627 : 14665064;
8628 : 14665064;
8629 : 14599270;
8630 : 14664806;
8631 : 14599273;
8632 : 13678950;
8633 : 8155207;
8634 : 11710102;
8635 : 13684157;
8636 : 13683897;
8637 : 13421240;
8638 : 9472100;
8639 : 14993514;
8640 : 14928489;
8641 : 14730856;
8642 : 14665064;
8643 : 14599271;
8644 : 14665064;
8645 : 14665064;
8646 : 14665064;
8647 : 14665064;
8648 : 14665064;
8649 : 14665064;
8650 : 14665064;
8651 : 14665065;
8652 : 14665064;
8653 : 14795879;
8654 : 14795879;
8655 : 14664808;
8656 : 14599528;
8657 : 14664809;
8658 : 14926956;
8659 : 15190378;
8660 : 14533735;
8661 : 12364121;
8662 : 9536845;
8663 : 7761223;
8664 : 9144430;
8665 : 10724251;
8666 : 12369086;
8667 : 13948117;
8668 : 15000804;
8669 : 16645629;
8670 : 16777215;
8671 : 16777215;
8672 : 16777215;
8673 : 16777215;
8674 : 16777215;
8675 : 16777215;
8676 : 16777215;
8677 : 16777215;
8678 : 16777215;
8679 : 16777215;
8680 : 16777215;
8681 : 16777215;
8682 : 16777215;
8683 : 16777215;
8684 : 16777215;
8685 : 16777215;
8686 : 16777215;
8687 : 16777215;
8688 : 16777215;
8689 : 16777215;
8690 : 16777215;
8691 : 16777215;
8692 : 16777215;
8693 : 16777215;
8694 : 16777215;
8695 : 16777215;
8696 : 16777215;
8697 : 16777215;
8698 : 16777215;
8699 : 16777215;
8700 : 16777215;
8701 : 16777215;
8702 : 16777215;
8703 : 16777215;
8704 : 16777215;
8705 : 16777215;
8706 : 16777215;
8707 : 16777215;
8708 : 16777215;
8709 : 16777215;
8710 : 15132390;
8711 : 7629666;
8712 : 4469276;
8713 : 5124871;
8714 : 6438404;
8715 : 7096071;
8716 : 7490569;
8717 : 7490314;
8718 : 7490057;
8719 : 7424263;
8720 : 7555847;
8721 : 7556103;
8722 : 7490566;
8723 : 7556360;
8724 : 7620872;
8725 : 7620871;
8726 : 7489799;
8727 : 7489799;
8728 : 7490054;
8729 : 7556104;
8730 : 7556105;
8731 : 7424776;
8732 : 7228680;
8733 : 6965260;
8734 : 6766863;
8735 : 6371600;
8736 : 5518609;
8737 : 4599317;
8738 : 4470565;
8739 : 6512706;
8740 : 4408112;
8741 : 10325333;
8742 : 15256429;
8743 : 15125885;
8744 : 15587746;
8745 : 15457452;
8746 : 15392172;
8747 : 15589036;
8748 : 15654570;
8749 : 15523497;
8750 : 15128224;
8751 : 14864265;
8752 : 14665324;
8753 : 14730344;
8754 : 14665064;
8755 : 14665064;
8756 : 14665064;
8757 : 14599271;
8758 : 14664807;
8759 : 14796138;
8760 : 14467687;
8761 : 11246168;
8762 : 10131079;
8763 : 13618878;
8764 : 13749692;
8765 : 13158068;
8766 : 8879450;
8767 : 15124585;
8768 : 14796649;
8769 : 14665064;
8770 : 14665064;
8771 : 14665064;
8772 : 14665064;
8773 : 14665064;
8774 : 14665064;
8775 : 14665064;
8776 : 14665064;
8777 : 14665064;
8778 : 14665064;
8779 : 14665064;
8780 : 14665064;
8781 : 14665064;
8782 : 14665064;
8783 : 14665064;
8784 : 14665064;
8785 : 14665064;
8786 : 14665063;
8787 : 14730600;
8788 : 14796139;
8789 : 14533738;
8790 : 13218661;
8791 : 11706712;
8792 : 10984530;
8793 : 9603405;
8794 : 6906185;
8795 : 11447212;
8796 : 16777215;
8797 : 16777215;
8798 : 16777215;
8799 : 16777215;
8800 : 16777215;
8801 : 16777215;
8802 : 16777215;
8803 : 16777215;
8804 : 16777215;
8805 : 16777215;
8806 : 16777215;
8807 : 16777215;
8808 : 16777215;
8809 : 16777215;
8810 : 16777215;
8811 : 16777215;
8812 : 16777215;
8813 : 16777215;
8814 : 16777215;
8815 : 16777215;
8816 : 16777215;
8817 : 16777215;
8818 : 16777215;
8819 : 16777215;
8820 : 16777215;
8821 : 16777215;
8822 : 16777215;
8823 : 16777215;
8824 : 16777215;
8825 : 16777215;
8826 : 16777215;
8827 : 16777215;
8828 : 16777215;
8829 : 16777215;
8830 : 16777215;
8831 : 16777215;
8832 : 16777215;
8833 : 16777215;
8834 : 16777215;
8835 : 16777215;
8836 : 16777215;
8837 : 16777215;
8838 : 16777215;
8839 : 16777215;
8840 : 13488082;
8841 : 9408142;
8842 : 6380115;
8843 : 4404517;
8844 : 4599824;
8845 : 5255942;
8846 : 5782022;
8847 : 6504453;
8848 : 7292935;
8849 : 7621639;
8850 : 7556102;
8851 : 7621895;
8852 : 7686662;
8853 : 7686662;
8854 : 7620869;
8855 : 7620870;
8856 : 7489798;
8857 : 7490055;
8858 : 7490570;
8859 : 7162125;
8860 : 6176782;
8861 : 5124624;
8862 : 4469016;
8863 : 4800039;
8864 : 5722937;
8865 : 7368011;
8866 : 9210711;
8867 : 7434570;
8868 : 8417605;
8869 : 14928492;
8870 : 14665585;
8871 : 15389848;
8872 : 15522989;
8873 : 15457451;
8874 : 15457709;
8875 : 15654573;
8876 : 15785387;
8877 : 15456416;
8878 : 15126927;
8879 : 14927989;
8880 : 14795877;
8881 : 14730600;
8882 : 14665064;
8883 : 14665064;
8884 : 14665064;
8885 : 14665064;
8886 : 14730601;
8887 : 14664808;
8888 : 14730599;
8889 : 13744998;
8890 : 9537892;
8891 : 13027257;
8892 : 13815483;
8893 : 13684407;
8894 : 7630164;
8895 : 13810273;
8896 : 14993258;
8897 : 14730601;
8898 : 14665064;
8899 : 14665064;
8900 : 14665064;
8901 : 14665064;
8902 : 14665064;
8903 : 14665064;
8904 : 14665064;
8905 : 14665064;
8906 : 14665064;
8907 : 14665064;
8908 : 14665064;
8909 : 14665064;
8910 : 14665064;
8911 : 14665064;
8912 : 14665064;
8913 : 14665065;
8914 : 14730600;
8915 : 14730599;
8916 : 14795881;
8917 : 14796137;
8918 : 14138983;
8919 : 12232283;
8920 : 11509077;
8921 : 11706707;
8922 : 11378008;
8923 : 5985339;
8924 : 14343132;
8925 : 16777215;
8926 : 16777215;
8927 : 16777215;
8928 : 16777215;
8929 : 16777215;
8930 : 16777215;
8931 : 16777215;
8932 : 16777215;
8933 : 16777215;
8934 : 16777215;
8935 : 16777215;
8936 : 16777215;
8937 : 16777215;
8938 : 16777215;
8939 : 16777215;
8940 : 16777215;
8941 : 16777215;
8942 : 16777215;
8943 : 16777215;
8944 : 16777215;
8945 : 16777215;
8946 : 16777215;
8947 : 16777215;
8948 : 16777215;
8949 : 16777215;
8950 : 16777215;
8951 : 16777215;
8952 : 16777215;
8953 : 16777215;
8954 : 16777215;
8955 : 16777215;
8956 : 16777215;
8957 : 16777215;
8958 : 16777215;
8959 : 16777215;
8960 : 16777215;
8961 : 16777215;
8962 : 16777215;
8963 : 16777215;
8964 : 16777215;
8965 : 16777215;
8966 : 16777215;
8967 : 16777215;
8968 : 16777215;
8969 : 16777215;
8970 : 16777215;
8971 : 15198442;
8972 : 12829636;
8973 : 10065814;
8974 : 8223093;
8975 : 6248011;
8976 : 5127982;
8977 : 5455909;
8978 : 5192221;
8979 : 4863508;
8980 : 4994836;
8981 : 5060117;
8982 : 5323549;
8983 : 5455137;
8984 : 5521701;
8985 : 5588527;
8986 : 3747355;
8987 : 2235147;
8988 : 3880229;
8989 : 6183746;
8990 : 7828813;
8991 : 8815192;
8992 : 9144153;
8993 : 9275477;
8994 : 8881492;
8995 : 7038278;
8996 : 13876077;
8997 : 14796394;
8998 : 14863489;
8999 : 15457445;
9000 : 15457709;
9001 : 15522990;
9002 : 15588782;
9003 : 15588522;
9004 : 15522209;
9005 : 15258770;
9006 : 14862711;
9007 : 14730344;
9008 : 14665063;
9009 : 14665064;
9010 : 14665064;
9011 : 14665064;
9012 : 14665064;
9013 : 14665064;
9014 : 14665064;
9015 : 14665064;
9016 : 14665064;
9017 : 14730857;
9018 : 10391641;
9019 : 11316893;
9020 : 13947069;
9021 : 14276032;
9022 : 8552818;
9023 : 10390605;
9024 : 15058537;
9025 : 14795879;
9026 : 14665064;
9027 : 14730601;
9028 : 14665064;
9029 : 14665064;
9030 : 14665064;
9031 : 14665064;
9032 : 14665064;
9033 : 14665064;
9034 : 14665064;
9035 : 14665064;
9036 : 14665064;
9037 : 14665064;
9038 : 14665064;
9039 : 14665064;
9040 : 14665065;
9041 : 14730603;
9042 : 14665064;
9043 : 14796646;
9044 : 15059306;
9045 : 15059307;
9046 : 14139495;
9047 : 12232284;
9048 : 11245396;
9049 : 11640150;
9050 : 12232025;
9051 : 9076297;
9052 : 9934739;
9053 : 16777215;
9054 : 16777215;
9055 : 16777215;
9056 : 16777215;
9057 : 16777215;
9058 : 16777215;
9059 : 16777215;
9060 : 16777215;
9061 : 16777215;
9062 : 16777215;
9063 : 16777215;
9064 : 16777215;
9065 : 16777215;
9066 : 16777215;
9067 : 16777215;
9068 : 16777215;
9069 : 16777215;
9070 : 16777215;
9071 : 16777215;
9072 : 16777215;
9073 : 16777215;
9074 : 16777215;
9075 : 16777215;
9076 : 16777215;
9077 : 16777215;
9078 : 16777215;
9079 : 16777215;
9080 : 16777215;
9081 : 16777215;
9082 : 16777215;
9083 : 16777215;
9084 : 16777215;
9085 : 16777215;
9086 : 16777215;
9087 : 16777215;
9088 : 16777215;
9089 : 16777215;
9090 : 16777215;
9091 : 16777215;
9092 : 16777215;
9093 : 16777215;
9094 : 16777215;
9095 : 16777215;
9096 : 16777215;
9097 : 16777215;
9098 : 16777215;
9099 : 16777215;
9100 : 16777215;
9101 : 16777215;
9102 : 16777215;
9103 : 16777215;
9104 : 15724786;
9105 : 15132905;
9106 : 14540769;
9107 : 13619666;
9108 : 13553873;
9109 : 13948374;
9110 : 14738148;
9111 : 15198698;
9112 : 14935528;
9113 : 9737621;
9114 : 5263165;
9115 : 7302217;
9116 : 8947287;
9117 : 9144408;
9118 : 9209173;
9119 : 8946775;
9120 : 8946775;
9121 : 9209686;
9122 : 7170888;
9123 : 9864785;
9124 : 14993771;
9125 : 14468716;
9126 : 15061906;
9127 : 15392168;
9128 : 15326636;
9129 : 15522731;
9130 : 15456931;
9131 : 15521945;
9132 : 15586445;
9133 : 14993786;
9134 : 14599272;
9135 : 14664806;
9136 : 14730602;
9137 : 14665064;
9138 : 14665064;
9139 : 14665064;
9140 : 14665064;
9141 : 14665064;
9142 : 14599271;
9143 : 14730857;
9144 : 14730602;
9145 : 14861929;
9146 : 12823649;
9147 : 9472376;
9148 : 13881533;
9149 : 14078141;
9150 : 12500653;
9151 : 6511940;
9152 : 13416038;
9153 : 14664809;
9154 : 14665064;
9155 : 14730600;
9156 : 14665064;
9157 : 14665064;
9158 : 14665064;
9159 : 14665064;
9160 : 14665064;
9161 : 14665064;
9162 : 14665064;
9163 : 14665064;
9164 : 14665322;
9165 : 14665065;
9166 : 14665064;
9167 : 14665063;
9168 : 14730601;
9169 : 14927723;
9170 : 14928237;
9171 : 13086562;
9172 : 10718550;
9173 : 8944466;
9174 : 8946022;
9175 : 8946288;
9176 : 8946286;
9177 : 8353622;
9178 : 9536843;
9179 : 10983510;
9180 : 7565408;
9181 : 16645630;
9182 : 16777215;
9183 : 16777215;
9184 : 16777215;
9185 : 16777215;
9186 : 16777215;
9187 : 16777215;
9188 : 16777215;
9189 : 16777215;
9190 : 16777215;
9191 : 16777215;
9192 : 16777215;
9193 : 16777215;
9194 : 16777215;
9195 : 16777215;
9196 : 16777215;
9197 : 16777215;
9198 : 16777215;
9199 : 16777215;
9200 : 16777215;
9201 : 16777215;
9202 : 16777215;
9203 : 16777215;
9204 : 16777215;
9205 : 16777215;
9206 : 16777215;
9207 : 16777215;
9208 : 16777215;
9209 : 16777215;
9210 : 16777215;
9211 : 16777215;
9212 : 16777215;
9213 : 16777215;
9214 : 16777215;
9215 : 16777215;
9216 : 16777215;
9217 : 16777215;
9218 : 16777215;
9219 : 16777215;
9220 : 16777215;
9221 : 16777215;
9222 : 16777215;
9223 : 16777215;
9224 : 16777215;
9225 : 16777215;
9226 : 16777215;
9227 : 16777215;
9228 : 16777215;
9229 : 16777215;
9230 : 16777215;
9231 : 16777215;
9232 : 16777215;
9233 : 16777215;
9234 : 16777215;
9235 : 16777215;
9236 : 16777215;
9237 : 16777215;
9238 : 16777215;
9239 : 14935014;
9240 : 8355955;
9241 : 7565129;
9242 : 9735770;
9243 : 9604698;
9244 : 8947287;
9245 : 8881238;
9246 : 8946774;
9247 : 8946773;
9248 : 8946772;
9249 : 8947029;
9250 : 6511677;
9251 : 12955492;
9252 : 14927209;
9253 : 14665843;
9254 : 15193751;
9255 : 15391136;
9256 : 15391139;
9257 : 15259294;
9258 : 15324306;
9259 : 15389574;
9260 : 15190646;
9261 : 14795883;
9262 : 14664807;
9263 : 14665064;
9264 : 14665064;
9265 : 14665064;
9266 : 14665064;
9267 : 14665064;
9268 : 14665064;
9269 : 14665063;
9270 : 14665061;
9271 : 14796650;
9272 : 14730858;
9273 : 14730599;
9274 : 14335849;
9275 : 8418910;
9276 : 13158326;
9277 : 13881018;
9278 : 14144701;
9279 : 8420977;
9280 : 8747590;
9281 : 14073191;
9282 : 14664551;
9283 : 14861416;
9284 : 14730855;
9285 : 14664806;
9286 : 14665321;
9287 : 14665321;
9288 : 14665064;
9289 : 14665064;
9290 : 14665063;
9291 : 14665063;
9292 : 14665321;
9293 : 14665065;
9294 : 14665064;
9295 : 14665064;
9296 : 14927976;
9297 : 13875301;
9298 : 9273683;
9299 : 8815737;
9300 : 11908534;
9301 : 14277598;
9302 : 15659765;
9303 : 16317439;
9304 : 16186109;
9305 : 14672099;
9306 : 9210760;
9307 : 6446395;
9308 : 6182980;
9309 : 15527151;
9310 : 16777215;
9311 : 16777215;
9312 : 16777215;
9313 : 16777215;
9314 : 16777215;
9315 : 16777215;
9316 : 16777215;
9317 : 16777215;
9318 : 16777215;
9319 : 16777215;
9320 : 16777215;
9321 : 16777215;
9322 : 16777215;
9323 : 16777215;
9324 : 16777215;
9325 : 16777215;
9326 : 16777215;
9327 : 16777215;
9328 : 16777215;
9329 : 16777215;
9330 : 16777215;
9331 : 16777215;
9332 : 16777215;
9333 : 16777215;
9334 : 16777215;
9335 : 16777215;
9336 : 16777215;
9337 : 16777215;
9338 : 16777215;
9339 : 16777215;
9340 : 16777215;
9341 : 16777215;
9342 : 16777215;
9343 : 16777215;
9344 : 16777215;
9345 : 16777215;
9346 : 16777215;
9347 : 16777215;
9348 : 16777215;
9349 : 16777215;
9350 : 16777215;
9351 : 16777215;
9352 : 16777215;
9353 : 16777215;
9354 : 16777215;
9355 : 16777215;
9356 : 16777215;
9357 : 16777215;
9358 : 16777215;
9359 : 16777215;
9360 : 16777215;
9361 : 16777215;
9362 : 16777215;
9363 : 16777215;
9364 : 16777215;
9365 : 16514301;
9366 : 11447981;
9367 : 7631441;
9368 : 10458450;
9369 : 10787418;
9370 : 9538905;
9371 : 9210200;
9372 : 9012310;
9373 : 9012053;
9374 : 8946773;
9375 : 8946773;
9376 : 9012567;
9377 : 8224078;
9378 : 7366466;
9379 : 14073195;
9380 : 14796136;
9381 : 14927989;
9382 : 15258769;
9383 : 15390098;
9384 : 15323788;
9385 : 15060352;
9386 : 15059828;
9387 : 14862700;
9388 : 14731111;
9389 : 14730600;
9390 : 14665064;
9391 : 14730857;
9392 : 14665064;
9393 : 14665064;
9394 : 14665064;
9395 : 14665064;
9396 : 14665064;
9397 : 14665064;
9398 : 14862441;
9399 : 14862699;
9400 : 14730858;
9401 : 14730857;
9402 : 14927468;
9403 : 9536600;
9404 : 12106153;
9405 : 13881534;
9406 : 13749691;
9407 : 12895669;
9408 : 5854791;
9409 : 10983507;
9410 : 14007653;
9411 : 14796137;
9412 : 14730854;
9413 : 14665062;
9414 : 14796908;
9415 : 14730858;
9416 : 14665064;
9417 : 14599272;
9418 : 14730856;
9419 : 14731110;
9420 : 14665063;
9421 : 14665064;
9422 : 14730602;
9423 : 14862184;
9424 : 13415781;
9425 : 9077356;
9426 : 13159885;
9427 : 16449023;
9428 : 16777215;
9429 : 16580351;
9430 : 16448509;
9431 : 16448509;
9432 : 16448509;
9433 : 16711679;
9434 : 16777215;
9435 : 11120045;
9436 : 1514005;
9437 : 10658723;
9438 : 16777215;
9439 : 16777215;
9440 : 16777215;
9441 : 16777215;
9442 : 16777215;
9443 : 16777215;
9444 : 16777215;
9445 : 16777215;
9446 : 16777215;
9447 : 16777215;
9448 : 16777215;
9449 : 16777215;
9450 : 16777215;
9451 : 16777215;
9452 : 16777215;
9453 : 16777215;
9454 : 16777215;
9455 : 16777215;
9456 : 16777215;
9457 : 16777215;
9458 : 16777215;
9459 : 16777215;
9460 : 16777215;
9461 : 16777215;
9462 : 16777215;
9463 : 16777215;
9464 : 16777215;
9465 : 16777215;
9466 : 16777215;
9467 : 16777215;
9468 : 16777215;
9469 : 16777215;
9470 : 16777215;
9471 : 16777215;
9472 : 16777215;
9473 : 16777215;
9474 : 16777215;
9475 : 16777215;
9476 : 16777215;
9477 : 16777215;
9478 : 16777215;
9479 : 16777215;
9480 : 16777215;
9481 : 16777215;
9482 : 16777215;
9483 : 16777215;
9484 : 16777215;
9485 : 16777215;
9486 : 16777215;
9487 : 16777215;
9488 : 16777215;
9489 : 16777215;
9490 : 16777215;
9491 : 16777215;
9492 : 14013911;
9493 : 8421232;
9494 : 9866578;
9495 : 12958052;
9496 : 11773791;
9497 : 10064984;
9498 : 9276248;
9499 : 9012821;
9500 : 8946772;
9501 : 9012566;
9502 : 9078359;
9503 : 8946773;
9504 : 9078358;
9505 : 7435078;
9506 : 8023618;
9507 : 14073448;
9508 : 14795879;
9509 : 14927725;
9510 : 15125877;
9511 : 15125875;
9512 : 14796651;
9513 : 14665062;
9514 : 14730853;
9515 : 14730855;
9516 : 14796650;
9517 : 14665321;
9518 : 14665064;
9519 : 14665064;
9520 : 14665064;
9521 : 14665064;
9522 : 14665064;
9523 : 14665064;
9524 : 14665064;
9525 : 14730858;
9526 : 14928234;
9527 : 14928233;
9528 : 14796905;
9529 : 14796139;
9530 : 15058795;
9531 : 10916440;
9532 : 10855575;
9533 : 13947073;
9534 : 13552571;
9535 : 13619388;
9536 : 10921372;
9537 : 5393202;
9538 : 12298587;
9539 : 14073445;
9540 : 14861924;
9541 : 15124839;
9542 : 14928235;
9543 : 14730858;
9544 : 14664809;
9545 : 14730857;
9546 : 14796650;
9547 : 14730854;
9548 : 14665064;
9549 : 14665064;
9550 : 14665064;
9551 : 14664807;
9552 : 10129514;
9553 : 14541287;
9554 : 16777215;
9555 : 16382974;
9556 : 16448510;
9557 : 16448509;
9558 : 16448509;
9559 : 16448508;
9560 : 16448509;
9561 : 16448509;
9562 : 16448509;
9563 : 16777215;
9564 : 11908791;
9565 : 5066316;
9566 : 14737889;
9567 : 16777215;
9568 : 16777215;
9569 : 16777215;
9570 : 16777215;
9571 : 16777215;
9572 : 16777215;
9573 : 16777215;
9574 : 16777215;
9575 : 16777215;
9576 : 16777215;
9577 : 16777215;
9578 : 16777215;
9579 : 16777215;
9580 : 16777215;
9581 : 16777215;
9582 : 16777215;
9583 : 16777215;
9584 : 16777215;
9585 : 16777215;
9586 : 16777215;
9587 : 16777215;
9588 : 16777215;
9589 : 16777215;
9590 : 16777215;
9591 : 16777215;
9592 : 16777215;
9593 : 16777215;
9594 : 16777215;
9595 : 16777215;
9596 : 16777215;
9597 : 16777215;
9598 : 16777215;
9599 : 16777215;
9600 : 16777215;
9601 : 16777215;
9602 : 16777215;
9603 : 16777215;
9604 : 16777215;
9605 : 16777215;
9606 : 16777215;
9607 : 16777215;
9608 : 16777215;
9609 : 16777215;
9610 : 16777215;
9611 : 16777215;
9612 : 16777215;
9613 : 16777215;
9614 : 16777215;
9615 : 16777215;
9616 : 16777215;
9617 : 16777215;
9618 : 16053238;
9619 : 9934224;
9620 : 8025419;
9621 : 12103006;
9622 : 13746794;
9623 : 12300384;
9624 : 10919000;
9625 : 9670484;
9626 : 9210455;
9627 : 8946772;
9628 : 9012565;
9629 : 9144152;
9630 : 9144152;
9631 : 8946774;
9632 : 9078358;
9633 : 6842435;
9634 : 8615753;
9635 : 13744486;
9636 : 14861416;
9637 : 14928234;
9638 : 14994024;
9639 : 14928231;
9640 : 14730853;
9641 : 14665062;
9642 : 14665062;
9643 : 14665064;
9644 : 14665323;
9645 : 14665065;
9646 : 14665064;
9647 : 14665064;
9648 : 14665064;
9649 : 14665064;
9650 : 14665064;
9651 : 14665064;
9652 : 14599528;
9653 : 14796651;
9654 : 14928234;
9655 : 14862952;
9656 : 14862696;
9657 : 14861930;
9658 : 14993258;
9659 : 11837531;
9660 : 9671298;
9661 : 13881279;
9662 : 13552570;
9663 : 13355961;
9664 : 13881538;
9665 : 8749688;
9666 : 6905654;
9667 : 12824924;
9668 : 13941860;
9669 : 14862183;
9670 : 14928233;
9671 : 14730858;
9672 : 14730601;
9673 : 14731114;
9674 : 14796907;
9675 : 14730856;
9676 : 14665321;
9677 : 14665064;
9678 : 14730600;
9679 : 14006883;
9680 : 9999492;
9681 : 15989503;
9682 : 16382716;
9683 : 16448509;
9684 : 16448509;
9685 : 16448509;
9686 : 16448509;
9687 : 16448509;
9688 : 16448509;
9689 : 16448509;
9690 : 16448509;
9691 : 16448509;
9692 : 16777215;
9693 : 13619410;
9694 : 7237234;
9695 : 13421772;
9696 : 16777215;
9697 : 16777215;
9698 : 16777215;
9699 : 16777215;
9700 : 16777215;
9701 : 16777215;
9702 : 16777215;
9703 : 16777215;
9704 : 16777215;
9705 : 16777215;
9706 : 16777215;
9707 : 16777215;
9708 : 16777215;
9709 : 16777215;
9710 : 16777215;
9711 : 16777215;
9712 : 16777215;
9713 : 16777215;
9714 : 16777215;
9715 : 16777215;
9716 : 16777215;
9717 : 16777215;
9718 : 16777215;
9719 : 16777215;
9720 : 16777215;
9721 : 16777215;
9722 : 16777215;
9723 : 16777215;
9724 : 16777215;
9725 : 16777215;
9726 : 16777215;
9727 : 16777215;
9728 : 16777215;
9729 : 16777215;
9730 : 16777215;
9731 : 16777215;
9732 : 16777215;
9733 : 16777215;
9734 : 16777215;
9735 : 16777215;
9736 : 16777215;
9737 : 16777215;
9738 : 16777215;
9739 : 16777215;
9740 : 16777215;
9741 : 16777215;
9742 : 16777215;
9743 : 16777215;
9744 : 16777215;
9745 : 13553103;
9746 : 8157540;
9747 : 10392403;
9748 : 13614950;
9749 : 13680744;
9750 : 12629092;
9751 : 11313755;
9752 : 10196053;
9753 : 9538645;
9754 : 9144661;
9755 : 8946774;
9756 : 9078359;
9757 : 9275225;
9758 : 9143896;
9759 : 8880981;
9760 : 9144407;
9761 : 6184255;
9762 : 9076302;
9763 : 13481316;
9764 : 14927468;
9765 : 15059561;
9766 : 15059560;
9767 : 14993768;
9768 : 14796648;
9769 : 14665064;
9770 : 14730600;
9771 : 14665064;
9772 : 14665320;
9773 : 14665064;
9774 : 14665064;
9775 : 14665064;
9776 : 14665064;
9777 : 14665064;
9778 : 14665064;
9779 : 14665064;
9780 : 14730857;
9781 : 14927979;
9782 : 14928234;
9783 : 14928489;
9784 : 14928233;
9785 : 14796649;
9786 : 14993515;
9787 : 12166745;
9788 : 8947572;
9789 : 13749949;
9790 : 13486777;
9791 : 13421497;
9792 : 13816000;
9793 : 14473927;
9794 : 7170398;
9795 : 8155456;
9796 : 12758880;
9797 : 13547103;
9798 : 14533480;
9799 : 14730601;
9800 : 14730343;
9801 : 14862187;
9802 : 14927979;
9803 : 14927976;
9804 : 14730857;
9805 : 14730601;
9806 : 14665063;
9807 : 14599016;
9808 : 8354402;
9809 : 13884137;
9810 : 15856885;
9811 : 16448765;
9812 : 16579837;
9813 : 16514300;
9814 : 16382716;
9815 : 16448253;
9816 : 16448510;
9817 : 16448509;
9818 : 16448509;
9819 : 16448509;
9820 : 16448509;
9821 : 16777215;
9822 : 15000806;
9823 : 7500660;
9824 : 10987432;
9825 : 16777215;
9826 : 16777215;
9827 : 16777215;
9828 : 16777215;
9829 : 16777215;
9830 : 16777215;
9831 : 16777215;
9832 : 16777215;
9833 : 16777215;
9834 : 16777215;
9835 : 16777215;
9836 : 16777215;
9837 : 16777215;
9838 : 16777215;
9839 : 16777215;
9840 : 16777215;
9841 : 16777215;
9842 : 16777215;
9843 : 16777215;
9844 : 16777215;
9845 : 16777215;
9846 : 16777215;
9847 : 16777215;
9848 : 16777215;
9849 : 16777215;
9850 : 16777215;
9851 : 16777215;
9852 : 16777215;
9853 : 16777215;
9854 : 16777215;
9855 : 16777215;
9856 : 16777215;
9857 : 16777215;
9858 : 16777215;
9859 : 16777215;
9860 : 16777215;
9861 : 16777215;
9862 : 16777215;
9863 : 16777215;
9864 : 16777215;
9865 : 16777215;
9866 : 16777215;
9867 : 16777215;
9868 : 16777215;
9869 : 16777215;
9870 : 16777215;
9871 : 16185080;
9872 : 10395032;
9873 : 8485197;
9874 : 12759651;
9875 : 14009195;
9876 : 13614442;
9877 : 12760934;
9878 : 11511391;
9879 : 10524759;
9880 : 9736022;
9881 : 9538646;
9882 : 9078100;
9883 : 9012566;
9884 : 9209689;
9885 : 9340761;
9886 : 9143895;
9887 : 8880981;
9888 : 9078871;
9889 : 6052670;
9890 : 9471057;
9891 : 13152610;
9892 : 14795882;
9893 : 15190122;
9894 : 15124843;
9895 : 14928234;
9896 : 14862441;
9897 : 14665064;
9898 : 14730601;
9899 : 14730855;
9900 : 14665317;
9901 : 14665064;
9902 : 14665065;
9903 : 14665064;
9904 : 14665064;
9905 : 14665064;
9906 : 14665064;
9907 : 14665064;
9908 : 14730858;
9909 : 14928232;
9910 : 14928234;
9911 : 14928234;
9912 : 14994026;
9913 : 14797159;
9914 : 14927977;
9915 : 12166232;
9916 : 9144182;
9917 : 13684671;
9918 : 13552313;
9919 : 13486777;
9920 : 13947327;
9921 : 14868170;
9922 : 14341313;
9923 : 6051915;
9924 : 8748359;
9925 : 12561243;
9926 : 13152864;
9927 : 14007397;
9928 : 14598759;
9929 : 14993513;
9930 : 15190632;
9931 : 15124840;
9932 : 14992745;
9933 : 14926698;
9934 : 14861416;
9935 : 14599017;
9936 : 9602128;
9937 : 8357520;
9938 : 14608115;
9939 : 15528441;
9940 : 16514300;
9941 : 16645629;
9942 : 16514044;
9943 : 16448509;
9944 : 16382974;
9945 : 16448509;
9946 : 16448509;
9947 : 16448509;
9948 : 16448509;
9949 : 16448509;
9950 : 16711679;
9951 : 15987701;
9952 : 8553349;
9953 : 8618884;
9954 : 16053492;
9955 : 16777215;
9956 : 16777215;
9957 : 16777215;
9958 : 16777215;
9959 : 16777215;
9960 : 16777215;
9961 : 16777215;
9962 : 16777215;
9963 : 16777215;
9964 : 16777215;
9965 : 16777215;
9966 : 16777215;
9967 : 16777215;
9968 : 16777215;
9969 : 16777215;
9970 : 16777215;
9971 : 16777215;
9972 : 16777215;
9973 : 16777215;
9974 : 16777215;
9975 : 16777215;
9976 : 16777215;
9977 : 16777215;
9978 : 16777215;
9979 : 16777215;
9980 : 16777215;
9981 : 16777215;
9982 : 16777215;
9983 : 16777215;
9984 : 16777215;
9985 : 16777215;
9986 : 16777215;
9987 : 16777215;
9988 : 16777215;
9989 : 16777215;
9990 : 16777215;
9991 : 16777215;
9992 : 16777215;
9993 : 16777215;
9994 : 16777215;
9995 : 16777215;
9996 : 16777215;
9997 : 16777215;
9998 : 13421773;
9999 : 8091493;
10000 : 10195797;
10001 : 13615207;
10002 : 13811306;
10003 : 13483880;
10004 : 13088614;
10005 : 11773791;
10006 : 10787415;
10007 : 10063958;
10008 : 9669975;
10009 : 9472599;
10010 : 9078358;
10011 : 9143895;
10012 : 9340761;
10013 : 9340761;
10014 : 9012309;
10015 : 8881238;
10016 : 9078615;
10017 : 5921594;
10018 : 9865548;
10019 : 12692315;
10020 : 14270310;
10021 : 15059304;
10022 : 15059306;
10023 : 14928234;
10024 : 14862440;
10025 : 14665063;
10026 : 14665064;
10027 : 14730856;
10028 : 14730853;
10029 : 14664806;
10030 : 14599271;
10031 : 14665063;
10032 : 14730856;
10033 : 14599271;
10034 : 14665064;
10035 : 14665064;
10036 : 14730858;
10037 : 14928232;
10038 : 14928234;
10039 : 14928234;
10040 : 14993770;
10041 : 14862696;
10042 : 15059306;
10043 : 11837269;
10044 : 9605249;
10045 : 13684671;
10046 : 13486777;
10047 : 13486777;
10048 : 13749690;
10049 : 14276034;
10050 : 14934470;
10051 : 13487029;
10052 : 5197631;
10053 : 9537101;
10054 : 11969880;
10055 : 12298331;
10056 : 13152866;
10057 : 14007910;
10058 : 14665065;
10059 : 14927721;
10060 : 14796649;
10061 : 14730345;
10062 : 14598760;
10063 : 13350244;
10064 : 11838042;
10065 : 5525043;
10066 : 9738919;
10067 : 14608375;
10068 : 15462649;
10069 : 16514044;
10070 : 16645627;
10071 : 16580090;
10072 : 16448506;
10073 : 16382971;
10074 : 16448509;
10075 : 16448509;
10076 : 16448509;
10077 : 16448509;
10078 : 16448509;
10079 : 16580095;
10080 : 16711679;
10081 : 11579569;
10082 : 7368816;
10083 : 14342874;
10084 : 16777215;
10085 : 16777215;
10086 : 16777215;
10087 : 16777215;
10088 : 16777215;
10089 : 16777215;
10090 : 16777215;
10091 : 16777215;
10092 : 16777215;
10093 : 16777215;
10094 : 16777215;
10095 : 16777215;
10096 : 16777215;
10097 : 16777215;
10098 : 16777215;
10099 : 16777215;
10100 : 16777215;
10101 : 16777215;
10102 : 16777215;
10103 : 16777215;
10104 : 16777215;
10105 : 16777215;
10106 : 16777215;
10107 : 16777215;
10108 : 16777215;
10109 : 16777215;
10110 : 16777215;
10111 : 16777215;
10112 : 16777215;
10113 : 16777215;
10114 : 16777215;
10115 : 16777215;
10116 : 16777215;
10117 : 16777215;
10118 : 16777215;
10119 : 16777215;
10120 : 16777215;
10121 : 16777215;
10122 : 16777215;
10123 : 16777215;
10124 : 16251129;
10125 : 10526876;
10126 : 7893838;
10127 : 12431457;
10128 : 13812586;
10129 : 13352294;
10130 : 13614439;
10131 : 13154407;
10132 : 12036447;
10133 : 10984536;
10134 : 10195539;
10135 : 9932374;
10136 : 9538390;
10137 : 9275477;
10138 : 9209688;
10139 : 9340761;
10140 : 9275480;
10141 : 9209942;
10142 : 8946774;
10143 : 8946775;
10144 : 9144153;
10145 : 5987642;
10146 : 9996874;
10147 : 12101207;
10148 : 13547618;
10149 : 14862186;
10150 : 14993771;
10151 : 14928234;
10152 : 14927977;
10153 : 14665063;
10154 : 14730855;
10155 : 14862441;
10156 : 14730855;
10157 : 14664549;
10158 : 14599269;
10159 : 14796648;
10160 : 14796648;
10161 : 14599271;
10162 : 14665064;
10163 : 14664806;
10164 : 14796392;
10165 : 14928234;
10166 : 14928234;
10167 : 14928234;
10168 : 14993770;
10169 : 15059306;
10170 : 14993770;
10171 : 11442779;
10172 : 10132365;
10173 : 13553597;
10174 : 13487035;
10175 : 13618621;
10176 : 13881531;
10177 : 14144189;
10178 : 14539459;
10179 : 15196618;
10180 : 12763053;
10181 : 5262395;
10182 : 9931600;
10183 : 11771734;
10184 : 11509592;
10185 : 12100697;
10186 : 12823901;
10187 : 13481569;
10188 : 13613923;
10189 : 13548132;
10190 : 13547872;
10191 : 11903576;
10192 : 10326098;
10193 : 7169603;
10194 : 1513755;
10195 : 10529459;
10196 : 14477304;
10197 : 15133943;
10198 : 16382972;
10199 : 16711163;
10200 : 16579835;
10201 : 16383227;
10202 : 16317180;
10203 : 16317180;
10204 : 16382971;
10205 : 16448509;
10206 : 16448509;
10207 : 16448509;
10208 : 16448509;
10209 : 16777215;
10210 : 13750995;
10211 : 7434867;
10212 : 12237754;
10213 : 16645629;
10214 : 16777215;
10215 : 16777215;
10216 : 16777215;
10217 : 16777215;
10218 : 16777215;
10219 : 16777215;
10220 : 16777215;
10221 : 16777215;
10222 : 16777215;
10223 : 16777215;
10224 : 16777215;
10225 : 16777215;
10226 : 16777215;
10227 : 16777215;
10228 : 16777215;
10229 : 16777215;
10230 : 16777215;
10231 : 16777215;
10232 : 16777215;
10233 : 16777215;
10234 : 16777215;
10235 : 16777215;
10236 : 16777215;
10237 : 16777215;
10238 : 16777215;
10239 : 16777215;
10240 : 16777215;
10241 : 16777215;
10242 : 16777215;
10243 : 16777215;
10244 : 16777215;
10245 : 16777215;
10246 : 16777215;
10247 : 16777215;
10248 : 16777215;
10249 : 16777215;
10250 : 16777215;
10251 : 14408668;
10252 : 7565667;
10253 : 9669200;
10254 : 13811818;
10255 : 13811305;
10256 : 13614697;
10257 : 13352550;
10258 : 13089126;
10259 : 12102494;
10260 : 10985303;
10261 : 10327126;
10262 : 9932632;
10263 : 9538903;
10264 : 9407062;
10265 : 9341270;
10266 : 9209688;
10267 : 9340761;
10268 : 9275479;
10269 : 9012819;
10270 : 8880981;
10271 : 9012310;
10272 : 9144152;
10273 : 6053176;
10274 : 9668425;
10275 : 11706967;
10276 : 12693342;
10277 : 14270312;
10278 : 15059565;
10279 : 14928234;
10280 : 14928234;
10281 : 14796648;
10282 : 14862441;
10283 : 14928234;
10284 : 14730855;
10285 : 14599269;
10286 : 14796648;
10287 : 14928234;
10288 : 14731112;
10289 : 14665063;
10290 : 14665064;
10291 : 14665063;
10292 : 14862440;
10293 : 14928234;
10294 : 14928234;
10295 : 14928234;
10296 : 14928234;
10297 : 14928235;
10298 : 15059306;
10299 : 9997402;
10300 : 10790297;
10301 : 12764082;
10302 : 13223864;
10303 : 13750464;
10304 : 14473668;
10305 : 14736068;
10306 : 14802117;
10307 : 14736581;
10308 : 15131855;
10309 : 11842215;
10310 : 4999736;
10311 : 10392404;
10312 : 11641172;
10313 : 11509335;
10314 : 11574870;
10315 : 11837017;
10316 : 12100440;
10317 : 11115097;
10318 : 8089667;
10319 : 8551528;
10320 : 10790048;
10321 : 12632775;
10322 : 10658471;
10323 : 5264216;
10324 : 10003373;
10325 : 14345973;
10326 : 14739699;
10327 : 15987959;
10328 : 16514045;
10329 : 16645374;
10330 : 16579581;
10331 : 16382715;
10332 : 16382716;
10333 : 16448509;
10334 : 16448509;
10335 : 16448509;
10336 : 16448509;
10337 : 16448509;
10338 : 16777215;
10339 : 15856884;
10340 : 11185580;
10341 : 9079690;
10342 : 13619151;
10343 : 16777215;
10344 : 16777215;
10345 : 16777215;
10346 : 16777215;
10347 : 16777215;
10348 : 16777215;
10349 : 16777215;
10350 : 16777215;
10351 : 16777215;
10352 : 16777215;
10353 : 16777215;
10354 : 16777215;
10355 : 16777215;
10356 : 16777215;
10357 : 16777215;
10358 : 16777215;
10359 : 16777215;
10360 : 16777215;
10361 : 16777215;
10362 : 16777215;
10363 : 16777215;
10364 : 16777215;
10365 : 16777215;
10366 : 16777215;
10367 : 16777215;
10368 : 16777215;
10369 : 16777215;
10370 : 16777215;
10371 : 16777215;
10372 : 16777215;
10373 : 16777215;
10374 : 16777215;
10375 : 16777215;
10376 : 16777215;
10377 : 16711679;
10378 : 11250345;
10379 : 7893840;
10380 : 11905886;
10381 : 13813093;
10382 : 13614949;
10383 : 13549414;
10384 : 13549672;
10385 : 13154662;
10386 : 12168031;
10387 : 11247448;
10388 : 10393430;
10389 : 9933400;
10390 : 9735511;
10391 : 9342293;
10392 : 9276244;
10393 : 9341526;
10394 : 9341016;
10395 : 9340761;
10396 : 9144150;
10397 : 8946770;
10398 : 8946773;
10399 : 8946775;
10400 : 9144152;
10401 : 6118199;
10402 : 9471563;
10403 : 11575129;
10404 : 12100953;
10405 : 13350242;
10406 : 14664553;
10407 : 14993769;
10408 : 14862955;
10409 : 14862441;
10410 : 14928488;
10411 : 14928234;
10412 : 14796648;
10413 : 14731111;
10414 : 14862442;
10415 : 14928236;
10416 : 14796908;
10417 : 14665065;
10418 : 14665064;
10419 : 14665064;
10420 : 14928233;
10421 : 14928234;
10422 : 14928234;
10423 : 14928234;
10424 : 14928490;
10425 : 14928746;
10426 : 14730345;
10427 : 9011550;
10428 : 11843240;
10429 : 12303531;
10430 : 12434348;
10431 : 13092274;
10432 : 13816251;
10433 : 14407617;
10434 : 14670533;
10435 : 14802117;
10436 : 14736328;
10437 : 15065806;
10438 : 9868683;
10439 : 3618592;
10440 : 10589779;
10441 : 11772759;
10442 : 11640662;
10443 : 11903066;
10444 : 11245911;
10445 : 5853246;
10446 : 9737627;
10447 : 15132657;
10448 : 16053759;
10449 : 15987711;
10450 : 16316415;
10451 : 14474466;
10452 : 7172213;
10453 : 8094346;
10454 : 13029341;
10455 : 14607603;
10456 : 15133173;
10457 : 15857145;
10458 : 16514045;
10459 : 16579580;
10460 : 16382716;
10461 : 16382716;
10462 : 16382973;
10463 : 16448509;
10464 : 16448509;
10465 : 16448509;
10466 : 16448509;
10467 : 16514302;
10468 : 16777215;
10469 : 15001061;
10470 : 10790052;
10471 : 10263708;
10472 : 14474459;
10473 : 16777215;
10474 : 16777215;
10475 : 16777215;
10476 : 16777215;
10477 : 16777215;
10478 : 16777215;
10479 : 16777215;
10480 : 16777215;
10481 : 16777215;
10482 : 16777215;
10483 : 16777215;
10484 : 16777215;
10485 : 16777215;
10486 : 16777215;
10487 : 16777215;
10488 : 16777215;
10489 : 16777215;
10490 : 16777215;
10491 : 16777215;
10492 : 16777215;
10493 : 16777215;
10494 : 16777215;
10495 : 16777215;
10496 : 16777215;
10497 : 16777215;
10498 : 16777215;
10499 : 16777215;
10500 : 16777215;
10501 : 16777215;
10502 : 16777215;
10503 : 16777215;
10504 : 15790321;
10505 : 9013119;
10506 : 8813898;
10507 : 13418084;
10508 : 13681254;
10509 : 13549157;
10510 : 13680231;
10511 : 13680488;
10512 : 13285736;
10513 : 12168032;
10514 : 11247447;
10515 : 10458708;
10516 : 10064728;
10517 : 9801560;
10518 : 9538389;
10519 : 9275987;
10520 : 9210709;
10521 : 9275989;
10522 : 9341271;
10523 : 9209689;
10524 : 9012564;
10525 : 8880978;
10526 : 8946773;
10527 : 8946773;
10528 : 9078616;
10529 : 5986105;
10530 : 9076807;
10531 : 11640921;
10532 : 11640155;
10533 : 12429917;
10534 : 13612643;
10535 : 14533735;
10536 : 14862953;
10537 : 14994024;
10538 : 15125352;
10539 : 14994025;
10540 : 14928235;
10541 : 14928234;
10542 : 14928234;
10543 : 14928492;
10544 : 14731115;
10545 : 14665064;
10546 : 14730601;
10547 : 14796651;
10548 : 14928234;
10549 : 14928234;
10550 : 14928234;
10551 : 14928234;
10552 : 14928489;
10553 : 15059563;
10554 : 13218147;
10555 : 9012079;
10556 : 12500912;
10557 : 12303533;
10558 : 12368556;
10559 : 12631722;
10560 : 12763563;
10561 : 13026478;
10562 : 13420466;
10563 : 13749685;
10564 : 13947581;
10565 : 12237742;
10566 : 7369058;
10567 : 5724477;
10568 : 4998706;
10569 : 10589016;
10570 : 12166231;
10571 : 12035160;
10572 : 5854258;
10573 : 9935265;
10574 : 16316671;
10575 : 15724284;
10576 : 15658490;
10577 : 15593209;
10578 : 15592953;
10579 : 15856126;
10580 : 15790330;
10581 : 10527399;
10582 : 5462111;
10583 : 10067886;
10584 : 14213619;
10585 : 14477044;
10586 : 15265013;
10587 : 16119288;
10588 : 16513789;
10589 : 16448508;
10590 : 16382716;
10591 : 16448509;
10592 : 16448509;
10593 : 16448509;
10594 : 16448509;
10595 : 16448509;
10596 : 16448509;
10597 : 16580095;
10598 : 16777215;
10599 : 14211546;
10600 : 9934487;
10601 : 10790053;
10602 : 15066597;
10603 : 16777215;
10604 : 16777215;
10605 : 16777215;
10606 : 16777215;
10607 : 16777215;
10608 : 16777215;
10609 : 16777215;
10610 : 16777215;
10611 : 16777215;
10612 : 16777215;
10613 : 16777215;
10614 : 16777215;
10615 : 16777215;
10616 : 16777215;
10617 : 16777215;
10618 : 16777215;
10619 : 16777215;
10620 : 16777215;
10621 : 16777215;
10622 : 16777215;
10623 : 16777215;
10624 : 16777215;
10625 : 16777215;
10626 : 16777215;
10627 : 16777215;
10628 : 16777215;
10629 : 16777215;
10630 : 16777215;
10631 : 14145497;
10632 : 7565409;
10633 : 10523991;
10634 : 13680490;
10635 : 13614694;
10636 : 13549414;
10637 : 13614438;
10638 : 13614951;
10639 : 13286248;
10640 : 12233312;
10641 : 11181657;
10642 : 10393429;
10643 : 10195798;
10644 : 9736022;
10645 : 9407573;
10646 : 9341780;
10647 : 9210707;
10648 : 9341268;
10649 : 9275476;
10650 : 9275479;
10651 : 9078103;
10652 : 8880980;
10653 : 8946772;
10654 : 8946773;
10655 : 8880981;
10656 : 9144152;
10657 : 6578752;
10658 : 7827007;
10659 : 11641434;
10660 : 11443801;
10661 : 11706454;
10662 : 12495707;
10663 : 13416034;
10664 : 14468201;
10665 : 14994026;
10666 : 15190630;
10667 : 15190376;
10668 : 15058794;
10669 : 14927977;
10670 : 14928234;
10671 : 14796906;
10672 : 14665064;
10673 : 14599272;
10674 : 14730856;
10675 : 14928234;
10676 : 14928233;
10677 : 14928234;
10678 : 14928234;
10679 : 14994028;
10680 : 14994025;
10681 : 14993768;
10682 : 10061904;
10683 : 9802377;
10684 : 12500913;
10685 : 12303278;
10686 : 12303277;
10687 : 12500907;
10688 : 12632492;
10689 : 12632491;
10690 : 12829869;
10691 : 12369067;
10692 : 8027248;
10693 : 5132353;
10694 : 7828818;
10695 : 9407066;
10696 : 7499853;
10697 : 5525303;
10698 : 9668430;
10699 : 12101982;
10700 : 4867886;
10701 : 11186618;
10702 : 15726079;
10703 : 15330807;
10704 : 15527929;
10705 : 15462650;
10706 : 15462138;
10707 : 15658747;
10708 : 15724283;
10709 : 16185087;
10710 : 14080225;
10711 : 7172727;
10712 : 6844533;
10713 : 12042444;
10714 : 14476278;
10715 : 14673396;
10716 : 15199737;
10717 : 15923196;
10718 : 16120314;
10719 : 16316923;
10720 : 16448509;
10721 : 16448509;
10722 : 16448509;
10723 : 16448509;
10724 : 16448509;
10725 : 16448509;
10726 : 16382717;
10727 : 16645887;
10728 : 16711679;
10729 : 14277083;
10730 : 10987689;
10731 : 11776947;
10732 : 15000804;
10733 : 16777215;
10734 : 16777215;
10735 : 16777215;
10736 : 16777215;
10737 : 16777215;
10738 : 16777215;
10739 : 16777215;
10740 : 16777215;
10741 : 16777215;
10742 : 16777215;
10743 : 16777215;
10744 : 16777215;
10745 : 16777215;
10746 : 16777215;
10747 : 16777215;
10748 : 16777215;
10749 : 16777215;
10750 : 16777215;
10751 : 16777215;
10752 : 16777215;
10753 : 16777215;
10754 : 16777215;
10755 : 16777215;
10756 : 16777215;
10757 : 16777215;
10758 : 12368569;
10759 : 8091478;
10760 : 11905373;
10761 : 13351781;
10762 : 13482857;
10763 : 13615206;
10764 : 13614950;
10765 : 13614694;
10766 : 13023591;
10767 : 11905632;
10768 : 10918999;
10769 : 10458708;
10770 : 10064983;
10771 : 9802328;
10772 : 9473365;
10773 : 9210450;
10774 : 9276243;
10775 : 9276244;
10776 : 9209940;
10777 : 9144148;
10778 : 9078358;
10779 : 8880980;
10780 : 8946773;
10781 : 9012565;
10782 : 8946774;
10783 : 8880983;
10784 : 9078102;
10785 : 7697228;
10786 : 6840891;
10787 : 11641434;
10788 : 11444057;
10789 : 11640664;
10790 : 11706454;
10791 : 12364382;
10792 : 13350242;
10793 : 14007908;
10794 : 14664806;
10795 : 15124329;
10796 : 15124586;
10797 : 14927977;
10798 : 14994026;
10799 : 14730856;
10800 : 14599271;
10801 : 14665064;
10802 : 14862441;
10803 : 14928234;
10804 : 14928234;
10805 : 14928234;
10806 : 14993771;
10807 : 15125098;
10808 : 15124585;
10809 : 13481827;
10810 : 7366992;
10811 : 11908266;
10812 : 12434608;
10813 : 12303278;
10814 : 12303276;
10815 : 12566956;
10816 : 12896177;
10817 : 12632752;
10818 : 10658707;
10819 : 6710871;
10820 : 5987391;
10821 : 8618069;
10822 : 9078359;
10823 : 8946773;
10824 : 9144664;
10825 : 8487765;
10826 : 5525816;
10827 : 8748106;
10828 : 9405511;
10829 : 8554635;
10830 : 14937340;
10831 : 15331064;
10832 : 15462135;
10833 : 15396858;
10834 : 15462138;
10835 : 15593210;
10836 : 15658490;
10837 : 15724283;
10838 : 15856381;
10839 : 15791612;
10840 : 11515066;
10841 : 5856868;
10842 : 8093580;
10843 : 12897757;
10844 : 14279928;
10845 : 14477044;
10846 : 15003124;
10847 : 15791098;
10848 : 16250876;
10849 : 16448253;
10850 : 16448509;
10851 : 16448508;
10852 : 16448509;
10853 : 16448509;
10854 : 16448509;
10855 : 16448510;
10856 : 16448509;
10857 : 16711679;
10858 : 16645887;
10859 : 14672097;
10860 : 12369084;
10861 : 11447982;
10862 : 14079702;
10863 : 16514043;
10864 : 16777215;
10865 : 16777215;
10866 : 16777215;
10867 : 16777215;
10868 : 16777215;
10869 : 16777215;
10870 : 16777215;
10871 : 16777215;
10872 : 16777215;
10873 : 16777215;
10874 : 16777215;
10875 : 16777215;
10876 : 16777215;
10877 : 16777215;
10878 : 16777215;
10879 : 16777215;
10880 : 16777215;
10881 : 16777215;
10882 : 16777215;
10883 : 16777215;
10884 : 16777215;
10885 : 10723740;
10886 : 8550733;
10887 : 13352297;
10888 : 13548390;
10889 : 13285477;
10890 : 13614438;
10891 : 13614951;
10892 : 13352549;
10893 : 12563298;
10894 : 11379547;
10895 : 10590807;
10896 : 10393174;
10897 : 10261591;
10898 : 9801813;
10899 : 9473620;
10900 : 9341780;
10901 : 9275987;
10902 : 9275987;
10903 : 9275989;
10904 : 8947028;
10905 : 8947026;
10906 : 8947028;
10907 : 8946773;
10908 : 8946773;
10909 : 8946773;
10910 : 8946773;
10911 : 8946519;
10912 : 9077844;
10913 : 8815189;
10914 : 6511678;
10915 : 11181144;
10916 : 11443801;
10917 : 11706200;
10918 : 11640663;
10919 : 11575129;
10920 : 12232284;
10921 : 13021536;
10922 : 13349982;
10923 : 13810529;
10924 : 14467687;
10925 : 14862442;
10926 : 14862441;
10927 : 14730856;
10928 : 14730601;
10929 : 14862186;
10930 : 14928490;
10931 : 14993770;
10932 : 15059560;
10933 : 15059563;
10934 : 15059564;
10935 : 14993514;
10936 : 14204522;
10937 : 9602386;
10938 : 9276801;
10939 : 12960948;
10940 : 12632243;
10941 : 12632242;
10942 : 12500912;
10943 : 11776676;
10944 : 9539457;
10945 : 7499870;
10946 : 7104585;
10947 : 8486483;
10948 : 9144408;
10949 : 9012308;
10950 : 9012310;
10951 : 8946773;
10952 : 9077845;
10953 : 9341531;
10954 : 9210971;
10955 : 5854780;
10956 : 6576690;
10957 : 7302489;
10958 : 12503258;
10959 : 14543094;
10960 : 15199991;
10961 : 15330808;
10962 : 15461881;
10963 : 15593467;
10964 : 15527674;
10965 : 15658747;
10966 : 15724283;
10967 : 15593210;
10968 : 15987967;
10969 : 15330036;
10970 : 10132899;
10971 : 5791328;
10972 : 8554384;
10973 : 13226208;
10974 : 14476534;
10975 : 14344946;
10976 : 14870515;
10977 : 15593719;
10978 : 16120059;
10979 : 16317180;
10980 : 16448510;
10981 : 16448510;
10982 : 16448511;
10983 : 16448511;
10984 : 16448509;
10985 : 16448509;
10986 : 16448509;
10987 : 16645631;
10988 : 16777215;
10989 : 15790577;
10990 : 13092808;
10991 : 11382189;
10992 : 12961221;
10993 : 15856113;
10994 : 16777215;
10995 : 16777215;
10996 : 16777215;
10997 : 16777215;
10998 : 16777215;
10999 : 16777215;
11000 : 16777215;
11001 : 16777215;
11002 : 16777215;
11003 : 16777215;
11004 : 16777215;
11005 : 16777215;
11006 : 16777215;
11007 : 16777215;
11008 : 16777215;
11009 : 16777215;
11010 : 16777215;
11011 : 16316666;
11012 : 10262671;
11013 : 10326360;
11014 : 13746794;
11015 : 13614694;
11016 : 13351015;
11017 : 13548394;
11018 : 13549416;
11019 : 12826469;
11020 : 11905627;
11021 : 10984792;
11022 : 10524503;
11023 : 10392919;
11024 : 10196054;
11025 : 9867350;
11026 : 9538643;
11027 : 9472596;
11028 : 9406806;
11029 : 9341269;
11030 : 9275733;
11031 : 9078357;
11032 : 8880980;
11033 : 8946773;
11034 : 8946773;
11035 : 8946774;
11036 : 9012310;
11037 : 9078102;
11038 : 9078870;
11039 : 9078870;
11040 : 8881236;
11041 : 8486740;
11042 : 5065266;
11043 : 9667660;
11044 : 11837529;
11045 : 11706456;
11046 : 11706199;
11047 : 11705945;
11048 : 11706198;
11049 : 11837782;
11050 : 12232536;
11051 : 12495964;
11052 : 12889950;
11053 : 13350242;
11054 : 13547622;
11055 : 13941610;
11056 : 14204520;
11057 : 14468200;
11058 : 14534250;
11059 : 14534249;
11060 : 14533480;
11061 : 14336358;
11062 : 14007652;
11063 : 13350244;
11064 : 11115862;
11065 : 5394496;
11066 : 9869199;
11067 : 9671304;
11068 : 8948353;
11069 : 8290421;
11070 : 7434335;
11071 : 7235917;
11072 : 8287818;
11073 : 9406803;
11074 : 9539413;
11075 : 9078358;
11076 : 8946519;
11077 : 8946773;
11078 : 8946774;
11079 : 8946774;
11080 : 9012823;
11081 : 9407321;
11082 : 8815956;
11083 : 4079662;
11084 : 8487297;
11085 : 6973787;
11086 : 5066843;
11087 : 12898531;
11088 : 14214643;
11089 : 14937334;
11090 : 15396601;
11091 : 15527674;
11092 : 15527930;
11093 : 15658746;
11094 : 15658746;
11095 : 15658746;
11096 : 15658745;
11097 : 15855868;
11098 : 16185343;
11099 : 14869743;
11100 : 9541274;
11101 : 5462365;
11102 : 8817303;
11103 : 12568534;
11104 : 14279666;
11105 : 14279151;
11106 : 14542318;
11107 : 15199732;
11108 : 15725819;
11109 : 16120061;
11110 : 16382463;
11111 : 16382718;
11112 : 16448509;
11113 : 16448509;
11114 : 16448509;
11115 : 16448509;
11116 : 16448252;
11117 : 16448766;
11118 : 16645887;
11119 : 16185079;
11120 : 13488081;
11121 : 11185326;
11122 : 11711154;
11123 : 14342874;
11124 : 16579836;
11125 : 16777215;
11126 : 16777215;
11127 : 16777215;
11128 : 16777215;
11129 : 16777215;
11130 : 16777215;
11131 : 16777215;
11132 : 16777215;
11133 : 16777215;
11134 : 16777215;
11135 : 16777215;
11136 : 16777215;
11137 : 16777215;
11138 : 16053750;
11139 : 9868162;
11140 : 10590296;
11141 : 13681260;
11142 : 13549417;
11143 : 13483625;
11144 : 13351273;
11145 : 13022567;
11146 : 12102752;
11147 : 11182171;
11148 : 10655830;
11149 : 10458711;
11150 : 10393176;
11151 : 10261590;
11152 : 9670741;
11153 : 9473621;
11154 : 9275988;
11155 : 9275477;
11156 : 9341014;
11157 : 9406550;
11158 : 9275222;
11159 : 9012566;
11160 : 9012566;
11161 : 9143640;
11162 : 9078360;
11163 : 8946774;
11164 : 8355410;
11165 : 7762763;
11166 : 6842436;
11167 : 6052928;
11168 : 5855558;
11169 : 6908255;
11170 : 6710884;
11171 : 7365188;
11172 : 12034650;
11173 : 11706201;
11174 : 11706456;
11175 : 11706200;
11176 : 11706456;
11177 : 11706456;
11178 : 11706455;
11179 : 11575383;
11180 : 11706712;
11181 : 11706712;
11182 : 11640920;
11183 : 11969116;
11184 : 12429406;
11185 : 12758623;
11186 : 12758624;
11187 : 12627295;
11188 : 12429916;
11189 : 12232792;
11190 : 12232791;
11191 : 11640664;
11192 : 7565137;
11193 : 4211265;
11194 : 5261878;
11195 : 7168574;
11196 : 7827010;
11197 : 8813639;
11198 : 10129235;
11199 : 10655833;
11200 : 10262106;
11201 : 9801558;
11202 : 9341526;
11203 : 8946774;
11204 : 8946520;
11205 : 8946773;
11206 : 8880981;
11207 : 8947030;
11208 : 9145176;
11209 : 8026444;
11210 : 6250061;
11211 : 11711154;
11212 : 16777215;
11213 : 15790320;
11214 : 10000795;
11215 : 8817812;
11216 : 12306903;
11217 : 14083055;
11218 : 14739443;
11219 : 15265273;
11220 : 15462394;
11221 : 15724281;
11222 : 15658746;
11223 : 15658746;
11224 : 15658746;
11225 : 15658746;
11226 : 15724538;
11227 : 15724796;
11228 : 16054015;
11229 : 14409188;
11230 : 9672089;
11231 : 5593438;
11232 : 7435904;
11233 : 11712967;
11234 : 13818858;
11235 : 14345460;
11236 : 14410995;
11237 : 14739185;
11238 : 15396597;
11239 : 15725816;
11240 : 16054780;
11241 : 16317438;
11242 : 16448510;
11243 : 16382974;
11244 : 16317694;
11245 : 16317438;
11246 : 16251902;
11247 : 16317695;
11248 : 16515071;
11249 : 16383487;
11250 : 14935269;
11251 : 12434878;
11252 : 11119017;
11253 : 10855845;
11254 : 16053492;
11255 : 16777215;
11256 : 16777215;
11257 : 16777215;
11258 : 16777215;
11259 : 16777215;
11260 : 16777215;
11261 : 16777215;
11262 : 16777215;
11263 : 16777215;
11264 : 16777215;
11265 : 15329769;
11266 : 9538933;
11267 : 12036704;
11268 : 13877867;
11269 : 13417317;
11270 : 13154408;
11271 : 12562787;
11272 : 11773790;
11273 : 11115863;
11274 : 10721107;
11275 : 10392916;
11276 : 10262101;
11277 : 10130772;
11278 : 10064726;
11279 : 9867095;
11280 : 9472853;
11281 : 9341780;
11282 : 9275989;
11283 : 9209941;
11284 : 9407320;
11285 : 9473111;
11286 : 9078354;
11287 : 8421201;
11288 : 7960910;
11289 : 7171139;
11290 : 6776646;
11291 : 6579276;
11292 : 7895148;
11293 : 10329494;
11294 : 11842738;
11295 : 13948116;
11296 : 15592943;
11297 : 13224138;
11298 : 11381928;
11299 : 5064762;
11300 : 10982996;
11301 : 11837528;
11302 : 11706456;
11303 : 11706456;
11304 : 11706456;
11305 : 11706456;
11306 : 11772249;
11307 : 11706457;
11308 : 11640663;
11309 : 11443540;
11310 : 11377495;
11311 : 11377238;
11312 : 11574615;
11313 : 11706455;
11314 : 11640663;
11315 : 11509590;
11316 : 11443798;
11317 : 11640920;
11318 : 11378003;
11319 : 7497539;
11320 : 13092548;
11321 : 16316664;
11322 : 10064770;
11323 : 9339467;
11324 : 11772256;
11325 : 11706204;
11326 : 11115094;
11327 : 10458965;
11328 : 9736787;
11329 : 9538900;
11330 : 9144150;
11331 : 8946519;
11332 : 8946775;
11333 : 9078102;
11334 : 9144151;
11335 : 8355408;
11336 : 5658426;
11337 : 7039586;
11338 : 15132390;
11339 : 16777215;
11340 : 16777215;
11341 : 16777215;
11342 : 16777215;
11343 : 15198183;
11344 : 8422793;
11345 : 10594999;
11346 : 13818603;
11347 : 14345458;
11348 : 14739958;
11349 : 15330810;
11350 : 15658490;
11351 : 15658746;
11352 : 15658746;
11353 : 15658490;
11354 : 15724539;
11355 : 15658747;
11356 : 15658746;
11357 : 15856122;
11358 : 16250877;
11359 : 15133422;
11360 : 10527658;
11361 : 6119527;
11362 : 5593953;
11363 : 7765382;
11364 : 10792377;
11365 : 13029599;
11366 : 13819627;
11367 : 14279920;
11368 : 14673910;
11369 : 15068664;
11370 : 15528699;
11371 : 15988991;
11372 : 16383231;
11373 : 16580351;
11374 : 16646143;
11375 : 16646143;
11376 : 16515071;
11377 : 16186367;
11378 : 15856629;
11379 : 14869218;
11380 : 11447982;
11381 : 9868950;
11382 : 16250871;
11383 : 16777215;
11384 : 16777215;
11385 : 16777215;
11386 : 16777215;
11387 : 16777215;
11388 : 16777215;
11389 : 16777215;
11390 : 16777215;
11391 : 16777215;
11392 : 14737377;
11393 : 7367000;
11394 : 11707999;
11395 : 13023334;
11396 : 12234593;
11397 : 11774043;
11398 : 11379290;
11399 : 10984789;
11400 : 10721876;
11401 : 10590296;
11402 : 10655576;
11403 : 10590036;
11404 : 10196563;
11405 : 10130772;
11406 : 9867863;
11407 : 9407319;
11408 : 9012821;
11409 : 8618321;
11410 : 8091978;
11411 : 7302210;
11412 : 6776898;
11413 : 6776652;
11414 : 6973782;
11415 : 7302752;
11416 : 8684668;
11417 : 11250857;
11418 : 13619151;
11419 : 15461356;
11420 : 16777215;
11421 : 16777215;
11422 : 16777215;
11423 : 16777215;
11424 : 11381675;
11425 : 5656630;
11426 : 9602891;
11427 : 8155457;
11428 : 8483656;
11429 : 11838039;
11430 : 11574869;
11431 : 11575384;
11432 : 11706456;
11433 : 11706456;
11434 : 11706456;
11435 : 11706200;
11436 : 11509334;
11437 : 11443542;
11438 : 11443288;
11439 : 11509076;
11440 : 11640664;
11441 : 11706454;
11442 : 11575129;
11443 : 11575126;
11444 : 11772245;
11445 : 10392145;
11446 : 7565651;
11447 : 12500410;
11448 : 16777215;
11449 : 16777215;
11450 : 16250872;
11451 : 10197396;
11452 : 5788221;
11453 : 8550219;
11454 : 10589782;
11455 : 10590809;
11456 : 10064984;
11457 : 9736025;
11458 : 9538649;
11459 : 9210202;
11460 : 8881237;
11461 : 7631179;
11462 : 6052159;
11463 : 7171167;
11464 : 12237753;
11465 : 16382458;
11466 : 16777215;
11467 : 16777215;
11468 : 16777215;
11469 : 16777215;
11470 : 16777215;
11471 : 16777215;
11472 : 15921906;
11473 : 10132638;
11474 : 8357259;
11475 : 10857916;
11476 : 13687531;
11477 : 14280438;
11478 : 14804214;
11479 : 15264505;
11480 : 15593465;
11481 : 15659257;
11482 : 15724538;
11483 : 15724281;
11484 : 15658744;
11485 : 15659257;
11486 : 15659256;
11487 : 15725051;
11488 : 15922687;
11489 : 15461114;
11490 : 12699605;
11491 : 9410467;
11492 : 7107195;
11493 : 6449006;
11494 : 6975353;
11495 : 7173248;
11496 : 8620951;
11497 : 9410723;
11498 : 9608101;
11499 : 9542308;
11500 : 9870504;
11501 : 10396849;
11502 : 10529201;
11503 : 10528428;
11504 : 10198432;
11505 : 10593446;
11506 : 11185068;
11507 : 12369084;
11508 : 14869218;
11509 : 16777215;
11510 : 16777215;
11511 : 16777215;
11512 : 16777215;
11513 : 16777215;
11514 : 16777215;
11515 : 16777215;
11516 : 16777215;
11517 : 16777215;
11518 : 16777215;
11519 : 16777215;
11520 : 14737633;
11521 : 7104598;
11522 : 7432771;
11523 : 7762242;
11524 : 7959877;
11525 : 8288583;
11526 : 8617288;
11527 : 8485703;
11528 : 8419910;
11529 : 8222278;
11530 : 7827780;
11531 : 7432770;
11532 : 7104836;
11533 : 7038533;
11534 : 6382149;
11535 : 6184265;
11536 : 6315598;
11537 : 7566180;
11538 : 9276547;
11539 : 10592157;
11540 : 12171448;
11541 : 14671839;
11542 : 16119286;
11543 : 16711423;
11544 : 16777215;
11545 : 16777215;
11546 : 16777215;
11547 : 16777215;
11548 : 16777215;
11549 : 16777215;
11550 : 16777215;
11551 : 16579837;
11552 : 6183248;
11553 : 10326353;
11554 : 11706713;
11555 : 11641432;
11556 : 8813387;
11557 : 10851925;
11558 : 11443797;
11559 : 11575128;
11560 : 11706456;
11561 : 11706456;
11562 : 11706456;
11563 : 11575384;
11564 : 11443543;
11565 : 11377497;
11566 : 11377751;
11567 : 11575125;
11568 : 11706199;
11569 : 11771993;
11570 : 11773017;
11571 : 11575125;
11572 : 8944456;
11573 : 8552560;
11574 : 14606047;
11575 : 16777215;
11576 : 16777215;
11577 : 16777215;
11578 : 16777215;
11579 : 16777215;
11580 : 8420983;
11581 : 4735275;
11582 : 4932651;
11583 : 5722929;
11584 : 6051636;
11585 : 6250299;
11586 : 5789752;
11587 : 5395257;
11588 : 4802609;
11589 : 4341033;
11590 : 5526094;
11591 : 16316665;
11592 : 16777215;
11593 : 16777215;
11594 : 16777215;
11595 : 16777215;
11596 : 16777215;
11597 : 16777215;
11598 : 16777215;
11599 : 16777215;
11600 : 16777215;
11601 : 16777215;
11602 : 15066597;
11603 : 9671831;
11604 : 6777458;
11605 : 9541796;
11606 : 13291749;
11607 : 14476277;
11608 : 14674167;
11609 : 14936567;
11610 : 15199225;
11611 : 15461882;
11612 : 15593977;
11613 : 15593978;
11614 : 15593979;
11615 : 15659003;
11616 : 15724282;
11617 : 15724539;
11618 : 15397371;
11619 : 15200504;
11620 : 14608369;
11621 : 13752808;
11622 : 12832477;
11623 : 11779019;
11624 : 10594486;
11625 : 9804970;
11626 : 9213088;
11627 : 8752535;
11628 : 8752792;
11629 : 9015964;
11630 : 5528160;
11631 : 5658714;
11632 : 14869218;
11633 : 16053492;
11634 : 16777215;
11635 : 16777215;
11636 : 16777215;
11637 : 16777215;
11638 : 16777215;
11639 : 16777215;
11640 : 16777215;
11641 : 16777215;
11642 : 16777215;
11643 : 16777215;
11644 : 16777215;
11645 : 16777215;
11646 : 16777215;
11647 : 16777215;
11648 : 16777215;
11649 : 16053749;
11650 : 13158601;
11651 : 11645358;
11652 : 11052964;
11653 : 11052707;
11654 : 10131859;
11655 : 9802895;
11656 : 10000275;
11657 : 10855586;
11658 : 11315881;
11659 : 12237241;
11660 : 12895429;
11661 : 13882067;
11662 : 14474717;
11663 : 15329514;
11664 : 16053237;
11665 : 16777215;
11666 : 16777215;
11667 : 16777215;
11668 : 16777215;
11669 : 16777215;
11670 : 16777215;
11671 : 16777215;
11672 : 16777215;
11673 : 16777215;
11674 : 16777215;
11675 : 16777215;
11676 : 16777215;
11677 : 16777215;
11678 : 16777215;
11679 : 15066855;
11680 : 5525820;
11681 : 11312216;
11682 : 11378006;
11683 : 11378520;
11684 : 11378009;
11685 : 11246171;
11686 : 11377753;
11687 : 11443798;
11688 : 11903063;
11689 : 11903576;
11690 : 11838552;
11691 : 11772503;
11692 : 11575381;
11693 : 11574873;
11694 : 11640666;
11695 : 11969370;
11696 : 11772504;
11697 : 10916691;
11698 : 8943939;
11699 : 7235408;
11700 : 11579308;
11701 : 16580094;
11702 : 16777215;
11703 : 16777215;
11704 : 16777215;
11705 : 16777215;
11706 : 16777215;
11707 : 16777215;
11708 : 10328720;
11709 : 9603665;
11710 : 8748624;
11711 : 3882296;
11712 : 3884628;
11713 : 4408885;
11714 : 6579521;
11715 : 5789248;
11716 : 5002311;
11717 : 6580043;
11718 : 8684150;
11719 : 16777215;
11720 : 16777215;
11721 : 16777215;
11722 : 16777215;
11723 : 16777215;
11724 : 16777215;
11725 : 16777215;
11726 : 16777215;
11727 : 16777215;
11728 : 16777215;
11729 : 16777215;
11730 : 16777215;
11731 : 16777215;
11732 : 14869218;
11733 : 9211022;
11734 : 5330520;
11735 : 6909301;
11736 : 10330541;
11737 : 13292002;
11738 : 14344691;
11739 : 14542069;
11740 : 14673907;
11741 : 15002100;
11742 : 15198965;
11743 : 15396087;
11744 : 15527416;
11745 : 15659001;
11746 : 15593720;
11747 : 15528439;
11748 : 15068661;
11749 : 14213872;
11750 : 13951470;
11751 : 14279923;
11752 : 14477817;
11753 : 14608890;
11754 : 14476534;
11755 : 13423845;
11756 : 11384770;
11757 : 9542303;
11758 : 10527396;
11759 : 14869218;
11760 : 16777215;
11761 : 16777215;
11762 : 16777215;
11763 : 16777215;
11764 : 16777215;
11765 : 16777215;
11766 : 16777215;
11767 : 16777215;
11768 : 16777215;
11769 : 16777215;
11770 : 16777215;
11771 : 16777215;
11772 : 16777215;
11773 : 16777215;
11774 : 16777215;
11775 : 16777215;
11776 : 16777215;
11777 : 16777215;
11778 : 16777215;
11779 : 16777215;
11780 : 16777215;
11781 : 16777215;
11782 : 16777215;
11783 : 16777215;
11784 : 16777215;
11785 : 16777215;
11786 : 16777215;
11787 : 16777215;
11788 : 16777215;
11789 : 16777215;
11790 : 16777215;
11791 : 16777215;
11792 : 16777215;
11793 : 16777215;
11794 : 16777215;
11795 : 16777215;
11796 : 16777215;
11797 : 16777215;
11798 : 16777215;
11799 : 16777215;
11800 : 16777215;
11801 : 16777215;
11802 : 16777215;
11803 : 16777215;
11804 : 16777215;
11805 : 16777215;
11806 : 16777215;
11807 : 13553359;
11808 : 6051384;
11809 : 11640922;
11810 : 11378008;
11811 : 11378519;
11812 : 11443543;
11813 : 11377497;
11814 : 11377752;
11815 : 11509332;
11816 : 10654546;
11817 : 9404751;
11818 : 9535821;
11819 : 9272903;
11820 : 9405000;
11821 : 9471049;
11822 : 9207369;
11823 : 7891777;
11824 : 7037511;
11825 : 7499620;
11826 : 10921122;
11827 : 15330028;
11828 : 16777215;
11829 : 16777215;
11830 : 16777215;
11831 : 16777215;
11832 : 16777215;
11833 : 16777215;
11834 : 16777215;
11835 : 16777215;
11836 : 10921118;
11837 : 8222285;
11838 : 4671031;
11839 : 7374498;
11840 : 10206692;
11841 : 6056815;
11842 : 6907711;
11843 : 4673878;
11844 : 9085893;
11845 : 6256013;
11846 : 7895672;
11847 : 16777215;
11848 : 16777215;
11849 : 16777215;
11850 : 16777215;
11851 : 16777215;
11852 : 16777215;
11853 : 16777215;
11854 : 16777215;
11855 : 16777215;
11856 : 16777215;
11857 : 16777215;
11858 : 16777215;
11859 : 16777215;
11860 : 16777215;
11861 : 16777215;
11862 : 15592941;
11863 : 12040119;
11864 : 7500403;
11865 : 6251112;
11866 : 8225675;
11867 : 10988729;
11868 : 12173260;
11869 : 12502997;
11870 : 13095647;
11871 : 13424099;
11872 : 13621734;
11873 : 13884649;
11874 : 14016235;
11875 : 14016234;
11876 : 13950185;
11877 : 13621220;
11878 : 12765912;
11879 : 11647429;
11880 : 9937323;
11881 : 8883606;
11882 : 7829888;
11883 : 8750987;
11884 : 11514032;
11885 : 15198183;
11886 : 16777215;
11887 : 16777215;
11888 : 16777215;
11889 : 16777215;
11890 : 16777215;
11891 : 16777215;
11892 : 16777215;
11893 : 16777215;
11894 : 16777215;
11895 : 16777215;
11896 : 16777215;
11897 : 16777215;
11898 : 16777215;
11899 : 16777215;
11900 : 16777215;
11901 : 16777215;
11902 : 16777215;
11903 : 16777215;
11904 : 16777215;
11905 : 16777215;
11906 : 16777215;
11907 : 16777215;
11908 : 16777215;
11909 : 16777215;
11910 : 16777215;
11911 : 16777215;
11912 : 16777215;
11913 : 16777215;
11914 : 16777215;
11915 : 16777215;
11916 : 16777215;
11917 : 16777215;
11918 : 16777215;
11919 : 16777215;
11920 : 16777215;
11921 : 16777215;
11922 : 16777215;
11923 : 16777215;
11924 : 16777215;
11925 : 16777215;
11926 : 16777215;
11927 : 16777215;
11928 : 16777215;
11929 : 16777215;
11930 : 16777215;
11931 : 16777215;
11932 : 16777215;
11933 : 16777215;
11934 : 16777215;
11935 : 12171449;
11936 : 7036727;
11937 : 11706969;
11938 : 11378263;
11939 : 11443798;
11940 : 11377753;
11941 : 11377497;
11942 : 11377498;
11943 : 11377756;
11944 : 10720083;
11945 : 8747078;
11946 : 4999217;
11947 : 8881796;
11948 : 9605261;
11949 : 9802383;
11950 : 10526109;
11951 : 11776436;
11952 : 15066599;
11953 : 16777215;
11954 : 16777215;
11955 : 16777215;
11956 : 16777215;
11957 : 16777215;
11958 : 16777215;
11959 : 16777215;
11960 : 16777215;
11961 : 16777215;
11962 : 16777215;
11963 : 16777215;
11964 : 12829632;
11965 : 5066037;
11966 : 5464692;
11967 : 10140645;
11968 : 9944032;
11969 : 7440290;
11970 : 3817539;
11971 : 9415881;
11972 : 10140897;
11973 : 8625601;
11974 : 8751244;
11975 : 16777215;
11976 : 16777215;
11977 : 16777215;
11978 : 16777215;
11979 : 16777215;
11980 : 16777215;
11981 : 16777215;
11982 : 16777215;
11983 : 16777215;
11984 : 16777215;
11985 : 16777215;
11986 : 16777215;
11987 : 16777215;
11988 : 16777215;
11989 : 16777215;
11990 : 16777215;
11991 : 16777215;
11992 : 16777215;
11993 : 16185078;
11994 : 14737632;
11995 : 13619152;
11996 : 11053483;
11997 : 9343380;
11998 : 9080208;
11999 : 8356742;
12000 : 8159363;
12001 : 7172468;
12002 : 7106419;
12003 : 7304054;
12004 : 7238260;
12005 : 8093313;
12006 : 8816523;
12007 : 9343121;
12008 : 11447983;
12009 : 13553615;
12010 : 15461354;
12011 : 16777215;
12012 : 16777215;
12013 : 16777215;
12014 : 16777215;
12015 : 16777215;
12016 : 16777215;
12017 : 16777215;
12018 : 16777215;
12019 : 16777215;
12020 : 16777215;
12021 : 16777215;
12022 : 16777215;
12023 : 16777215;
12024 : 16777215;
12025 : 16777215;
12026 : 16777215;
12027 : 16777215;
12028 : 16777215;
12029 : 16777215;
12030 : 16777215;
12031 : 16777215;
12032 : 16777215;
12033 : 16777215;
12034 : 16777215;
12035 : 16777215;
12036 : 16777215;
12037 : 16777215;
12038 : 16777215;
12039 : 16777215;
12040 : 16777215;
12041 : 16777215;
12042 : 16777215;
12043 : 16777215;
12044 : 16777215;
12045 : 16777215;
12046 : 16777215;
12047 : 16777215;
12048 : 16777215;
12049 : 16777215;
12050 : 16777215;
12051 : 16777215;
12052 : 16777215;
12053 : 16777215;
12054 : 16777215;
12055 : 16777215;
12056 : 16777215;
12057 : 16777215;
12058 : 16777215;
12059 : 16777215;
12060 : 16777215;
12061 : 16777215;
12062 : 16777215;
12063 : 11711154;
12064 : 7497531;
12065 : 11772250;
12066 : 11377497;
12067 : 11377497;
12068 : 11377497;
12069 : 11377497;
12070 : 11311963;
12071 : 11377497;
12072 : 11509080;
12073 : 11969881;
12074 : 7761485;
12075 : 15461358;
12076 : 16777215;
12077 : 16777215;
12078 : 16777215;
12079 : 16777215;
12080 : 16777215;
12081 : 16777215;
12082 : 16777215;
12083 : 16777215;
12084 : 16777215;
12085 : 16777215;
12086 : 16777215;
12087 : 16777215;
12088 : 16777215;
12089 : 16777215;
12090 : 16777215;
12091 : 16777215;
12092 : 15658733;
12093 : 3750711;
12094 : 7703463;
12095 : 10074591;
12096 : 9877466;
12097 : 9151167;
12098 : 6123914;
12099 : 10074843;
12100 : 10008540;
12101 : 8099257;
12102 : 10330018;
12103 : 16777215;
12104 : 16777215;
12105 : 16777215;
12106 : 16777215;
12107 : 16777215;
12108 : 16777215;
12109 : 16777215;
12110 : 16777215;
12111 : 16777215;
12112 : 16777215;
12113 : 16777215;
12114 : 16777215;
12115 : 16777215;
12116 : 16777215;
12117 : 16777215;
12118 : 16777215;
12119 : 16777215;
12120 : 16777215;
12121 : 16777215;
12122 : 16777215;
12123 : 16777215;
12124 : 16777215;
12125 : 16777215;
12126 : 16777215;
12127 : 16776958;
12128 : 16579836;
12129 : 16185077;
12130 : 16119285;
12131 : 16185078;
12132 : 16185078;
12133 : 16579835;
12134 : 16777215;
12135 : 16777215;
12136 : 16777215;
12137 : 16777215;
12138 : 16777215;
12139 : 16777215;
12140 : 16777215;
12141 : 16777215;
12142 : 16777215;
12143 : 16777215;
12144 : 16777215;
12145 : 16777215;
12146 : 16777215;
12147 : 16777215;
12148 : 16777215;
12149 : 16777215;
12150 : 16777215;
12151 : 16777215;
12152 : 16777215;
12153 : 16777215;
12154 : 16777215;
12155 : 16777215;
12156 : 16777215;
12157 : 16777215;
12158 : 16777215;
12159 : 16777215;
12160 : 16777215;
12161 : 16777215;
12162 : 16777215;
12163 : 16777215;
12164 : 16777215;
12165 : 16777215;
12166 : 16777215;
12167 : 16777215;
12168 : 16777215;
12169 : 16777215;
12170 : 16777215;
12171 : 16777215;
12172 : 16777215;
12173 : 16777215;
12174 : 16777215;
12175 : 16777215;
12176 : 16777215;
12177 : 16777215;
12178 : 16777215;
12179 : 16777215;
12180 : 16777215;
12181 : 16777215;
12182 : 16777215;
12183 : 16777215;
12184 : 16777215;
12185 : 16777215;
12186 : 16777215;
12187 : 16777215;
12188 : 16777215;
12189 : 16777215;
12190 : 16777215;
12191 : 10658722;
12192 : 7366200;
12193 : 11706714;
12194 : 11377497;
12195 : 11377497;
12196 : 11377497;
12197 : 11377497;
12198 : 11377497;
12199 : 11377752;
12200 : 11377497;
12201 : 11706456;
12202 : 8156234;
12203 : 14540255;
12204 : 16777215;
12205 : 16777215;
12206 : 16777215;
12207 : 16777215;
12208 : 16777215;
12209 : 16777215;
12210 : 16777215;
12211 : 16777215;
12212 : 16777215;
12213 : 16777215;
12214 : 16777215;
12215 : 16777215;
12216 : 16777215;
12217 : 16777215;
12218 : 16777215;
12219 : 16777215;
12220 : 16777215;
12221 : 7830143;
12222 : 8954305;
12223 : 10468061;
12224 : 10074589;
12225 : 8427958;
12226 : 6846866;
12227 : 9943519;
12228 : 10009057;
12229 : 6848412;
12230 : 11711410;
12231 : 16777215;
12232 : 16777215;
12233 : 16777215;
12234 : 16777215;
12235 : 16777215;
12236 : 16777215;
12237 : 16777215;
12238 : 16777215;
12239 : 16777215;
12240 : 16777215;
12241 : 16777215;
12242 : 16777215;
12243 : 16777215;
12244 : 16777215;
12245 : 16777215;
12246 : 16777215;
12247 : 16777215;
12248 : 16777215;
12249 : 16777215;
12250 : 16777215;
12251 : 16777215;
12252 : 16777215;
12253 : 16777215;
12254 : 16777215;
12255 : 16777215;
12256 : 16777215;
12257 : 16777215;
12258 : 16777215;
12259 : 16777215;
12260 : 16777215;
12261 : 16777215;
12262 : 16777215;
12263 : 16777215;
12264 : 16777215;
12265 : 16777215;
12266 : 16777215;
12267 : 16777215;
12268 : 16777215;
12269 : 16777215;
12270 : 16777215;
12271 : 16777215;
12272 : 16777215;
12273 : 16777215;
12274 : 16777215;
12275 : 16777215;
12276 : 16777215;
12277 : 16777215;
12278 : 16777215;
12279 : 16777215;
12280 : 16777215;
12281 : 16777215;
12282 : 16777215;
12283 : 16777215;
12284 : 16777215;
12285 : 16777215;
12286 : 16777215;
12287 : 16777215;
12288 : 16777215;
12289 : 16777215;
12290 : 16777215;
12291 : 16777215;
12292 : 16777215;
12293 : 16777215;
12294 : 16777215;
12295 : 16777215;
12296 : 16777215;
12297 : 16777215;
12298 : 16777215;
12299 : 16777215;
12300 : 16777215;
12301 : 16777215;
12302 : 16777215;
12303 : 16777215;
12304 : 16777215;
12305 : 16777215;
12306 : 16777215;
12307 : 16777215;
12308 : 16777215;
12309 : 16777215;
12310 : 16777215;
12311 : 16777215;
12312 : 16777215;
12313 : 16777215;
12314 : 16777215;
12315 : 16777215;
12316 : 16777215;
12317 : 16777215;
12318 : 16777215;
12319 : 10592929;
12320 : 7628859;
12321 : 11706714;
12322 : 11377497;
12323 : 11377497;
12324 : 11377497;
12325 : 11377497;
12326 : 11377497;
12327 : 11377497;
12328 : 11377497;
12329 : 11640920;
12330 : 8287555;
12331 : 12632000;
12332 : 16777215;
12333 : 16777215;
12334 : 16777215;
12335 : 16777215;
12336 : 16777215;
12337 : 16777215;
12338 : 16777215;
12339 : 16777215;
12340 : 16777215;
12341 : 16777215;
12342 : 16777215;
12343 : 16777215;
12344 : 16777215;
12345 : 16777215;
12346 : 16777215;
12347 : 16777215;
12348 : 16777215;
12349 : 7040628;
12350 : 10204109;
12351 : 11191266;
12352 : 10206432;
12353 : 7177631;
12354 : 6913173;
12355 : 9944034;
12356 : 9943263;
12357 : 6583433;
12358 : 14934497;
12359 : 16777215;
12360 : 16777215;
12361 : 16777215;
12362 : 16777215;
12363 : 16777215;
12364 : 16777215;
12365 : 16777215;
12366 : 16777215;
12367 : 16777215;
12368 : 16777215;
12369 : 16777215;
12370 : 16777215;
12371 : 16777215;
12372 : 16777215;
12373 : 16777215;
12374 : 16777215;
12375 : 16777215;
12376 : 16777215;
12377 : 16777215;
12378 : 16777215;
12379 : 16777215;
12380 : 16777215;
12381 : 16777215;
12382 : 16777215;
12383 : 16777215;
12384 : 16777215;
12385 : 16777215;
12386 : 16777215;
12387 : 16777215;
12388 : 16777215;
12389 : 16777215;
12390 : 16777215;
12391 : 16777215;
12392 : 16777215;
12393 : 16777215;
12394 : 16777215;
12395 : 16777215;
12396 : 16777215;
12397 : 16777215;
12398 : 16777215;
12399 : 16777215;
12400 : 16777215;
12401 : 16777215;
12402 : 16777215;
12403 : 16777215;
12404 : 16777215;
12405 : 16777215;
12406 : 16777215;
12407 : 16777215;
12408 : 16777215;
12409 : 16777215;
12410 : 16777215;
12411 : 16777215;
12412 : 16777215;
12413 : 16777215;
12414 : 16777215;
12415 : 16777215;
12416 : 16777215;
12417 : 16777215;
12418 : 16777215;
12419 : 16777215;
12420 : 16777215;
12421 : 16777215;
12422 : 16777215;
12423 : 16777215;
12424 : 16777215;
12425 : 16777215;
12426 : 16777215;
12427 : 16777215;
12428 : 16777215;
12429 : 16777215;
12430 : 16777215;
12431 : 16777215;
12432 : 16777215;
12433 : 16777215;
12434 : 16777215;
12435 : 16777215;
12436 : 16777215;
12437 : 16777215;
12438 : 16777215;
12439 : 16777215;
12440 : 16777215;
12441 : 16777215;
12442 : 16777215;
12443 : 16777215;
12444 : 16777215;
12445 : 16777215;
12446 : 16777215;
12447 : 9606034;
12448 : 7563323;
12449 : 11706715;
12450 : 11377497;
12451 : 11377497;
12452 : 11377497;
12453 : 11377497;
12454 : 11377497;
12455 : 11377497;
12456 : 11377497;
12457 : 11575384;
12458 : 9273415;
12459 : 11381414;
12460 : 16777215;
12461 : 16777215;
12462 : 16777215;
12463 : 16777215;
12464 : 16777215;
12465 : 16777215;
12466 : 16777215;
12467 : 16777215;
12468 : 16777215;
12469 : 16777215;
12470 : 16777215;
12471 : 16777215;
12472 : 16777215;
12473 : 16777215;
12474 : 16777215;
12475 : 16777215;
12476 : 16777215;
12477 : 6843248;
12478 : 10860749;
12479 : 11979492;
12480 : 10534367;
12481 : 6716048;
12482 : 7703718;
12483 : 10140639;
12484 : 9416399;
12485 : 7436160;
12486 : 16645372;
12487 : 16777215;
12488 : 16777215;
12489 : 16777215;
12490 : 16777215;
12491 : 16777215;
12492 : 16777215;
12493 : 16777215;
12494 : 16777215;
12495 : 16777215;
12496 : 16777215;
12497 : 16777215;
12498 : 16777215;
12499 : 16777215;
12500 : 16777215;
12501 : 16777215;
12502 : 16777215;
12503 : 16777215;
12504 : 16777215;
12505 : 16777215;
12506 : 16777215;
12507 : 16777215;
12508 : 16777215;
12509 : 16777215;
12510 : 16777215;
12511 : 16777215;
12512 : 16777215;
12513 : 16777215;
12514 : 16777215;
12515 : 16777215;
12516 : 16777215;
12517 : 16777215;
12518 : 16777215;
12519 : 16777215;
12520 : 16777215;
12521 : 16777215;
12522 : 16777215;
12523 : 16777215;
12524 : 16777215;
12525 : 16777215;
12526 : 16777215;
12527 : 16777215;
12528 : 16777215;
12529 : 16777215;
12530 : 16777215;
12531 : 16777215;
12532 : 16777215;
12533 : 16777215;
12534 : 16777215;
12535 : 16777215;
12536 : 16777215;
12537 : 16777215;
12538 : 16777215;
12539 : 16777215;
12540 : 16777215;
12541 : 16777215;
12542 : 16777215;
12543 : 16777215;
12544 : 16777215;
12545 : 16777215;
12546 : 16777215;
12547 : 16777215;
12548 : 16777215;
12549 : 16777215;
12550 : 16777215;
12551 : 16777215;
12552 : 16777215;
12553 : 16777215;
12554 : 16777215;
12555 : 16777215;
12556 : 16777215;
12557 : 16777215;
12558 : 16777215;
12559 : 16777215;
12560 : 16777215;
12561 : 16777215;
12562 : 16777215;
12563 : 16777215;
12564 : 16777215;
12565 : 16777215;
12566 : 16777215;
12567 : 16777215;
12568 : 16777215;
12569 : 16777215;
12570 : 16777215;
12571 : 16777215;
12572 : 16777215;
12573 : 16777215;
12574 : 16777215;
12575 : 10066328;
12576 : 7563834;
12577 : 11706459;
12578 : 11377497;
12579 : 11377497;
12580 : 11377497;
12581 : 11311961;
12582 : 11246425;
12583 : 11311961;
12584 : 11377496;
12585 : 11443543;
12586 : 10128206;
12587 : 9473413;
12588 : 16777215;
12589 : 16777215;
12590 : 16777215;
12591 : 16777215;
12592 : 16777215;
12593 : 16777215;
12594 : 16777215;
12595 : 16777215;
12596 : 16777215;
12597 : 16777215;
12598 : 16777215;
12599 : 16777215;
12600 : 16777215;
12601 : 16777215;
12602 : 16777215;
12603 : 16777215;
12604 : 16777215;
12605 : 7369334;
12606 : 11451600;
12607 : 12242663;
12608 : 10863070;
12609 : 6321030;
12610 : 8164526;
12611 : 10403555;
12612 : 8097960;
12613 : 10921898;
12614 : 16777215;
12615 : 16777215;
12616 : 16777215;
12617 : 16777215;
12618 : 16777215;
12619 : 16777215;
12620 : 16777215;
12621 : 16777215;
12622 : 16777215;
12623 : 16777215;
12624 : 16777215;
12625 : 16777215;
12626 : 16777215;
12627 : 16777215;
12628 : 16777215;
12629 : 16777215;
12630 : 16777215;
12631 : 16777215;
12632 : 16777215;
12633 : 16777215;
12634 : 16777215;
12635 : 16777215;
12636 : 16777215;
12637 : 16777215;
12638 : 16777215;
12639 : 16777215;
12640 : 16777215;
12641 : 16777215;
12642 : 16777215;
12643 : 16777215;
12644 : 16777215;
12645 : 16777215;
12646 : 16777215;
12647 : 16777215;
12648 : 16777215;
12649 : 16777215;
12650 : 16777215;
12651 : 16777215;
12652 : 16777215;
12653 : 16777215;
12654 : 16777215;
12655 : 16777215;
12656 : 16777215;
12657 : 16777215;
12658 : 16777215;
12659 : 16777215;
12660 : 16777215;
12661 : 16777215;
12662 : 16777215;
12663 : 16777215;
12664 : 16777215;
12665 : 16777215;
12666 : 16777215;
12667 : 16777215;
12668 : 16777215;
12669 : 16777215;
12670 : 16777215;
12671 : 16777215;
12672 : 16777215;
12673 : 16777215;
12674 : 16777215;
12675 : 16777215;
12676 : 16777215;
12677 : 16777215;
12678 : 16777215;
12679 : 16777215;
12680 : 16777215;
12681 : 16777215;
12682 : 16777215;
12683 : 16777215;
12684 : 16777215;
12685 : 16777215;
12686 : 16777215;
12687 : 16777215;
12688 : 16777215;
12689 : 16777215;
12690 : 16777215;
12691 : 16777215;
12692 : 16777215;
12693 : 16777215;
12694 : 16777215;
12695 : 16777215;
12696 : 16777215;
12697 : 16777215;
12698 : 16777215;
12699 : 16777215;
12700 : 16777215;
12701 : 16777215;
12702 : 16777215;
12703 : 11974070;
12704 : 7432250;
12705 : 11706715;
12706 : 11377752;
12707 : 11443543;
12708 : 11443286;
12709 : 11574616;
12710 : 11837530;
12711 : 11969116;
12712 : 12100957;
12713 : 12100698;
12714 : 11114835;
12715 : 8552045;
12716 : 16777215;
12717 : 16777215;
12718 : 16777215;
12719 : 16777215;
12720 : 16777215;
12721 : 16777215;
12722 : 16777215;
12723 : 16777215;
12724 : 16777215;
12725 : 16777215;
12726 : 16777215;
12727 : 16777215;
12728 : 16777215;
12729 : 16777215;
12730 : 16777215;
12731 : 16777215;
12732 : 16777215;
12733 : 8224899;
12734 : 11583440;
12735 : 12440298;
12736 : 10929117;
12737 : 5201006;
12738 : 9611200;
12739 : 10337760;
12740 : 7569295;
12741 : 15790319;
12742 : 16777215;
12743 : 16777215;
12744 : 16777215;
12745 : 16777215;
12746 : 16777215;
12747 : 16777215;
12748 : 16777215;
12749 : 16777215;
12750 : 16777215;
12751 : 16777215;
12752 : 16777215;
12753 : 16777215;
12754 : 16777215;
12755 : 16777215;
12756 : 16777215;
12757 : 16777215;
12758 : 16777215;
12759 : 16777215;
12760 : 16777215;
12761 : 16777215;
12762 : 16777215;
12763 : 16777215;
12764 : 16777215;
12765 : 16777215;
12766 : 16777215;
12767 : 16777215;
12768 : 16777215;
12769 : 16777215;
12770 : 16777215;
12771 : 16777215;
12772 : 16777215;
12773 : 16777215;
12774 : 16777215;
12775 : 16777215;
12776 : 16777215;
12777 : 16777215;
12778 : 16777215;
12779 : 16777215;
12780 : 16777215;
12781 : 16777215;
12782 : 16777215;
12783 : 16777215;
12784 : 16777215;
12785 : 16777215;
12786 : 16777215;
12787 : 16777215;
12788 : 16777215;
12789 : 16777215;
12790 : 16777215;
12791 : 16777215;
12792 : 16777215;
12793 : 16777215;
12794 : 16777215;
12795 : 16777215;
12796 : 16777215;
12797 : 16777215;
12798 : 16777215;
12799 : 16777215;
12800 : 16777215;
12801 : 16777215;
12802 : 16777215;
12803 : 16777215;
12804 : 16777215;
12805 : 16777215;
12806 : 16777215;
12807 : 16777215;
12808 : 16777215;
12809 : 16777215;
12810 : 16777215;
12811 : 16777215;
12812 : 16777215;
12813 : 16777215;
12814 : 16777215;
12815 : 16777215;
12816 : 16777215;
12817 : 16777215;
12818 : 16777215;
12819 : 16777215;
12820 : 16777215;
12821 : 16777215;
12822 : 16777215;
12823 : 16777215;
12824 : 16777215;
12825 : 16777215;
12826 : 16777215;
12827 : 16777215;
12828 : 16777215;
12829 : 16777215;
12830 : 16777215;
12831 : 12105657;
12832 : 6839605;
12833 : 11706716;
12834 : 11377499;
12835 : 11509335;
12836 : 12101210;
12837 : 12824160;
12838 : 13415782;
12839 : 13744742;
12840 : 14007397;
12841 : 13810533;
12842 : 13218660;
12843 : 8485214;
12844 : 16316924;
12845 : 16777215;
12846 : 16777215;
12847 : 16777215;
12848 : 16777215;
12849 : 16777215;
12850 : 16777215;
12851 : 16777215;
12852 : 16777215;
12853 : 16777215;
12854 : 16777215;
12855 : 16777215;
12856 : 16777215;
12857 : 16777215;
12858 : 16777215;
12859 : 16777215;
12860 : 16777215;
12861 : 8488069;
12862 : 11386314;
12863 : 12703980;
12864 : 10796504;
12865 : 3884369;
12866 : 11254735;
12867 : 9479612;
12868 : 10593192;
12869 : 16777215;
12870 : 16777215;
12871 : 16777215;
12872 : 16777215;
12873 : 16777215;
12874 : 16777215;
12875 : 16777215;
12876 : 16777215;
12877 : 16777215;
12878 : 16777215;
12879 : 16777215;
12880 : 16777215;
12881 : 16777215;
12882 : 16777215;
12883 : 16777215;
12884 : 16777215;
12885 : 16777215;
12886 : 16777215;
12887 : 16777215;
12888 : 16777215;
12889 : 16777215;
12890 : 16777215;
12891 : 16777215;
12892 : 16777215;
12893 : 16777215;
12894 : 16777215;
12895 : 16777215;
12896 : 16777215;
12897 : 16777215;
12898 : 16777215;
12899 : 16777215;
12900 : 16777215;
12901 : 16777215;
12902 : 16777215;
12903 : 16777215;
12904 : 16777215;
12905 : 16777215;
12906 : 16777215;
12907 : 16777215;
12908 : 16777215;
12909 : 16777215;
12910 : 16777215;
12911 : 16777215;
12912 : 16777215;
12913 : 16777215;
12914 : 16777215;
12915 : 16777215;
12916 : 16777215;
12917 : 16777215;
12918 : 16777215;
12919 : 16777215;
12920 : 16777215;
12921 : 16777215;
12922 : 16777215;
12923 : 16777215;
12924 : 16777215;
12925 : 16777215;
12926 : 16777215;
12927 : 16777215;
12928 : 16777215;
12929 : 16777215;
12930 : 16777215;
12931 : 16777215;
12932 : 16777215;
12933 : 16777215;
12934 : 16777215;
12935 : 16777215;
12936 : 16777215;
12937 : 16777215;
12938 : 16777215;
12939 : 16777215;
12940 : 16777215;
12941 : 16777215;
12942 : 16777215;
12943 : 16777215;
12944 : 16777215;
12945 : 16777215;
12946 : 16777215;
12947 : 16777215;
12948 : 16777215;
12949 : 16777215;
12950 : 16777215;
12951 : 16777215;
12952 : 16777215;
12953 : 16777215;
12954 : 16777215;
12955 : 16777215;
12956 : 16777215;
12957 : 16777215;
12958 : 16777215;
12959 : 13092553;
12960 : 6642491;
12961 : 11575387;
12962 : 11640408;
12963 : 12561246;
12964 : 13547620;
12965 : 14205286;
12966 : 14533737;
12967 : 14665321;
12968 : 14796649;
12969 : 14731112;
12970 : 14927724;
12971 : 9733467;
12972 : 15395564;
12973 : 16777215;
12974 : 16777215;
12975 : 16777215;
12976 : 16777215;
12977 : 16777215;
12978 : 16777215;
12979 : 16777215;
12980 : 16777215;
12981 : 16777215;
12982 : 16777215;
12983 : 16777215;
12984 : 16777215;
12985 : 16777215;
12986 : 16777215;
12987 : 16777215;
12988 : 16777215;
12989 : 9474708;
12990 : 11451335;
12991 : 13295346;
12992 : 10136772;
12993 : 3883852;
12994 : 12504285;
12995 : 8358546;
12996 : 15395562;
12997 : 16777215;
12998 : 16777215;
12999 : 16777215;
13000 : 16777215;
13001 : 16777215;
13002 : 16777215;
13003 : 16777215;
13004 : 16777215;
13005 : 16777215;
13006 : 16777215;
13007 : 16777215;
13008 : 16777215;
13009 : 16777215;
13010 : 16777215;
13011 : 16777215;
13012 : 16777215;
13013 : 16777215;
13014 : 16777215;
13015 : 16777215;
13016 : 16777215;
13017 : 16777215;
13018 : 16777215;
13019 : 16777215;
13020 : 16777215;
13021 : 16777215;
13022 : 16777215;
13023 : 16777215;
13024 : 16777215;
13025 : 16777215;
13026 : 16777215;
13027 : 16777215;
13028 : 16777215;
13029 : 16777215;
13030 : 16777215;
13031 : 16777215;
13032 : 16777215;
13033 : 16777215;
13034 : 16777215;
13035 : 16777215;
13036 : 16777215;
13037 : 16777215;
13038 : 16777215;
13039 : 16777215;
13040 : 16777215;
13041 : 16777215;
13042 : 16777215;
13043 : 16777215;
13044 : 16777215;
13045 : 16777215;
13046 : 16777215;
13047 : 16777215;
13048 : 16777215;
13049 : 16777215;
13050 : 16777215;
13051 : 16777215;
13052 : 16777215;
13053 : 16777215;
13054 : 16777215;
13055 : 16777215;
13056 : 16777215;
13057 : 16777215;
13058 : 16777215;
13059 : 16777215;
13060 : 16777215;
13061 : 16777215;
13062 : 16777215;
13063 : 16777215;
13064 : 16777215;
13065 : 16777215;
13066 : 16777215;
13067 : 16777215;
13068 : 16777215;
13069 : 16777215;
13070 : 16777215;
13071 : 16777215;
13072 : 16777215;
13073 : 16777215;
13074 : 16777215;
13075 : 16777215;
13076 : 16777215;
13077 : 16777215;
13078 : 16777215;
13079 : 16777215;
13080 : 16777215;
13081 : 16777215;
13082 : 16777215;
13083 : 16777215;
13084 : 16777215;
13085 : 16777215;
13086 : 16777215;
13087 : 14934757;
13088 : 6643524;
13089 : 11575643;
13090 : 12692830;
13091 : 14007397;
13092 : 14730346;
13093 : 14796393;
13094 : 14730601;
13095 : 14796390;
13096 : 14730854;
13097 : 14730854;
13098 : 15124839;
13099 : 11179609;
13100 : 13881811;
13101 : 16777215;
13102 : 16777215;
13103 : 16777215;
13104 : 16777215;
13105 : 16777215;
13106 : 16777215;
13107 : 16777215;
13108 : 16777215;
13109 : 16777215;
13110 : 16777215;
13111 : 16777215;
13112 : 16777215;
13113 : 16777215;
13114 : 16777215;
13115 : 16777215;
13116 : 16777215;
13117 : 10263710;
13118 : 11187391;
13119 : 13755127;
13120 : 8885412;
13121 : 5988710;
13122 : 10266288;
13123 : 11842998;
13124 : 16777215;
13125 : 16777215;
13126 : 16777215;
13127 : 16777215;
13128 : 16777215;
13129 : 16777215;
13130 : 16777215;
13131 : 16777215;
13132 : 16777215;
13133 : 16777215;
13134 : 16777215;
13135 : 16777215;
13136 : 16777215;
13137 : 16777215;
13138 : 16777215;
13139 : 16777215;
13140 : 16777215;
13141 : 16777215;
13142 : 16777215;
13143 : 16777215;
13144 : 16777215;
13145 : 16777215;
13146 : 16777215;
13147 : 16777215;
13148 : 16777215;
13149 : 16777215;
13150 : 16777215;
13151 : 16777215;
13152 : 16777215;
13153 : 16777215;
13154 : 16777215;
13155 : 16777215;
13156 : 16777215;
13157 : 16777215;
13158 : 16777215;
13159 : 16777215;
13160 : 16777215;
13161 : 16777215;
13162 : 16777215;
13163 : 16777215;
13164 : 16777215;
13165 : 16777215;
13166 : 16777215;
13167 : 16777215;
13168 : 16777215;
13169 : 16777215;
13170 : 16777215;
13171 : 16777215;
13172 : 16777215;
13173 : 16777215;
13174 : 16777215;
13175 : 16777215;
13176 : 16777215;
13177 : 16777215;
13178 : 16777215;
13179 : 16777215;
13180 : 16777215;
13181 : 16777215;
13182 : 16777215;
13183 : 16777215;
13184 : 16777215;
13185 : 16777215;
13186 : 16777215;
13187 : 16777215;
13188 : 16777215;
13189 : 16777215;
13190 : 16777215;
13191 : 16777215;
13192 : 16777215;
13193 : 16777215;
13194 : 16777215;
13195 : 16777215;
13196 : 16777215;
13197 : 16777215;
13198 : 16777215;
13199 : 16777215;
13200 : 16777215;
13201 : 16777215;
13202 : 16777215;
13203 : 16777215;
13204 : 16777215;
13205 : 16777215;
13206 : 16777215;
13207 : 16777215;
13208 : 16777215;
13209 : 16777215;
13210 : 16777215;
13211 : 16777215;
13212 : 16777215;
13213 : 16777215;
13214 : 16777215;
13215 : 16053494;
13216 : 6972494;
13217 : 12232541;
13218 : 13942374;
13219 : 14665065;
13220 : 14730602;
13221 : 14730858;
13222 : 14730858;
13223 : 14862441;
13224 : 14862441;
13225 : 14730855;
13226 : 14927975;
13227 : 12954718;
13228 : 12039085;
13229 : 16777215;
13230 : 16777215;
13231 : 16777215;
13232 : 16777215;
13233 : 16777215;
13234 : 16777215;
13235 : 16777215;
13236 : 16777215;
13237 : 16777215;
13238 : 16777215;
13239 : 16777215;
13240 : 16777215;
13241 : 16777215;
13242 : 16777215;
13243 : 16777215;
13244 : 16777215;
13245 : 11711155;
13246 : 10660274;
13247 : 13557743;
13248 : 9080727;
13249 : 6251620;
13250 : 9541017;
13251 : 16514043;
13252 : 16777215;
13253 : 16777215;
13254 : 16777215;
13255 : 16777215;
13256 : 16777215;
13257 : 16777215;
13258 : 16777215;
13259 : 16777215;
13260 : 16777215;
13261 : 16777215;
13262 : 16777215;
13263 : 16777215;
13264 : 16777215;
13265 : 16777215;
13266 : 16777215;
13267 : 16777215;
13268 : 16777215;
13269 : 16777215;
13270 : 16777215;
13271 : 16777215;
13272 : 16777215;
13273 : 16777215;
13274 : 16777215;
13275 : 16777215;
13276 : 16777215;
13277 : 16777215;
13278 : 16777215;
13279 : 16777215;
13280 : 16777215;
13281 : 16777215;
13282 : 16777215;
13283 : 16777215;
13284 : 16777215;
13285 : 16777215;
13286 : 16777215;
13287 : 16777215;
13288 : 16777215;
13289 : 16777215;
13290 : 16777215;
13291 : 16777215;
13292 : 16777215;
13293 : 16777215;
13294 : 16777215;
13295 : 16777215;
13296 : 16777215;
13297 : 16777215;
13298 : 16777215;
13299 : 16777215;
13300 : 16777215;
13301 : 16777215;
13302 : 16777215;
13303 : 16777215;
13304 : 16777215;
13305 : 16777215;
13306 : 16777215;
13307 : 16777215;
13308 : 16777215;
13309 : 16777215;
13310 : 16777215;
13311 : 16777215;
13312 : 16777215;
13313 : 16777215;
13314 : 16777215;
13315 : 16777215;
13316 : 16777215;
13317 : 16777215;
13318 : 16777215;
13319 : 16777215;
13320 : 16777215;
13321 : 16777215;
13322 : 16777215;
13323 : 16777215;
13324 : 16777215;
13325 : 16777215;
13326 : 16777215;
13327 : 16777215;
13328 : 16777215;
13329 : 16777215;
13330 : 16777215;
13331 : 16777215;
13332 : 16777215;
13333 : 16777215;
13334 : 16777215;
13335 : 16777215;
13336 : 16777215;
13337 : 16777215;
13338 : 16777215;
13339 : 16777215;
13340 : 16777215;
13341 : 16777215;
13342 : 16777215;
13343 : 16711423;
13344 : 7762276;
13345 : 12889179;
13346 : 14730600;
13347 : 14730602;
13348 : 14665065;
13349 : 14665064;
13350 : 14796650;
13351 : 14928235;
13352 : 14928234;
13353 : 14862441;
13354 : 14928233;
13355 : 14401124;
13356 : 10788747;
13357 : 16777215;
13358 : 16777215;
13359 : 16777215;
13360 : 16777215;
13361 : 16777215;
13362 : 16777215;
13363 : 16777215;
13364 : 16777215;
13365 : 16777215;
13366 : 16777215;
13367 : 16777215;
13368 : 16777215;
13369 : 16777215;
13370 : 16777215;
13371 : 16777215;
13372 : 16777215;
13373 : 13224394;
13374 : 10067621;
13375 : 12305873;
13376 : 10658982;
13377 : 7763831;
13378 : 15330026;
13379 : 16777215;
13380 : 16777215;
13381 : 16777215;
13382 : 16777215;
13383 : 16777215;
13384 : 16777215;
13385 : 16777215;
13386 : 16777215;
13387 : 16777215;
13388 : 16777215;
13389 : 16777215;
13390 : 16777215;
13391 : 16777215;
13392 : 16777215;
13393 : 16777215;
13394 : 16777215;
13395 : 16777215;
13396 : 16777215;
13397 : 16777215;
13398 : 16777215;
13399 : 16777215;
13400 : 16777215;
13401 : 16777215;
13402 : 16777215;
13403 : 16777215;
13404 : 16777215;
13405 : 16777215;
13406 : 16777215;
13407 : 16777215;
13408 : 16777215;
13409 : 16777215;
13410 : 16777215;
13411 : 16777215;
13412 : 16777215;
13413 : 16777215;
13414 : 16777215;
13415 : 16777215;
13416 : 16777215;
13417 : 16777215;
13418 : 16777215;
13419 : 16777215;
13420 : 16777215;
13421 : 16777215;
13422 : 16777215;
13423 : 16777215;
13424 : 16777215;
13425 : 16777215;
13426 : 16777215;
13427 : 16777215;
13428 : 16777215;
13429 : 16777215;
13430 : 16777215;
13431 : 16777215;
13432 : 16777215;
13433 : 16777215;
13434 : 16777215;
13435 : 16777215;
13436 : 16777215;
13437 : 16777215;
13438 : 16777215;
13439 : 16777215;
13440 : 16777215;
13441 : 16777215;
13442 : 16777215;
13443 : 16777215;
13444 : 16777215;
13445 : 16777215;
13446 : 16777215;
13447 : 16777215;
13448 : 16777215;
13449 : 16777215;
13450 : 16777215;
13451 : 16777215;
13452 : 16777215;
13453 : 16777215;
13454 : 16777215;
13455 : 16777215;
13456 : 16777215;
13457 : 16777215;
13458 : 16777215;
13459 : 16777215;
13460 : 16777215;
13461 : 16777215;
13462 : 16777215;
13463 : 16777215;
13464 : 16777215;
13465 : 16777215;
13466 : 16777215;
13467 : 16777215;
13468 : 16777215;
13469 : 16777215;
13470 : 16777215;
13471 : 16777215;
13472 : 9802636;
13473 : 12626267;
13474 : 14993257;
13475 : 14665065;
13476 : 14730857;
13477 : 14730856;
13478 : 14862698;
13479 : 14928234;
13480 : 14928234;
13481 : 14928491;
13482 : 14928234;
13483 : 15059306;
13484 : 10524530;
13485 : 16251131;
13486 : 16777215;
13487 : 16777215;
13488 : 16777215;
13489 : 16777215;
13490 : 16777215;
13491 : 16777215;
13492 : 16777215;
13493 : 16777215;
13494 : 16777215;
13495 : 16777215;
13496 : 16777215;
13497 : 16777215;
13498 : 16777215;
13499 : 16777215;
13500 : 16777215;
13501 : 15132389;
13502 : 9804190;
13503 : 8883860;
13504 : 14803424;
13505 : 16514043;
13506 : 16777215;
13507 : 16777215;
13508 : 16777215;
13509 : 16777215;
13510 : 16777215;
13511 : 16777215;
13512 : 16777215;
13513 : 16777215;
13514 : 16777215;
13515 : 16777215;
13516 : 16777215;
13517 : 16777215;
13518 : 16777215;
13519 : 16777215;
13520 : 16777215;
13521 : 16777215;
13522 : 16777215;
13523 : 16777215;
13524 : 16777215;
13525 : 16777215;
13526 : 16777215;
13527 : 16777215;
13528 : 16777215;
13529 : 16777215;
13530 : 16777215;
13531 : 16777215;
13532 : 16777215;
13533 : 16777215;
13534 : 16777215;
13535 : 16777215;
13536 : 16777215;
13537 : 16777215;
13538 : 16777215;
13539 : 16777215;
13540 : 16777215;
13541 : 16777215;
13542 : 16777215;
13543 : 16777215;
13544 : 16777215;
13545 : 16777215;
13546 : 16777215;
13547 : 16777215;
13548 : 16777215;
13549 : 16777215;
13550 : 16777215;
13551 : 16777215;
13552 : 16777215;
13553 : 16777215;
13554 : 16777215;
13555 : 16777215;
13556 : 16777215;
13557 : 16777215;
13558 : 16777215;
13559 : 16777215;
13560 : 16777215;
13561 : 16777215;
13562 : 16777215;
13563 : 16777215;
13564 : 16777215;
13565 : 16777215;
13566 : 16777215;
13567 : 16777215;
13568 : 16777215;
13569 : 16777215;
13570 : 16777215;
13571 : 16777215;
13572 : 16777215;
13573 : 16777215;
13574 : 16777215;
13575 : 16777215;
13576 : 16777215;
13577 : 16777215;
13578 : 16777215;
13579 : 16777215;
13580 : 16777215;
13581 : 16777215;
13582 : 16777215;
13583 : 16777215;
13584 : 16777215;
13585 : 16777215;
13586 : 16777215;
13587 : 16777215;
13588 : 16777215;
13589 : 16777215;
13590 : 16777215;
13591 : 16777215;
13592 : 16777215;
13593 : 16777215;
13594 : 16777215;
13595 : 16777215;
13596 : 16777215;
13597 : 16777215;
13598 : 16777215;
13599 : 16777215;
13600 : 11974068;
13601 : 11245912;
13602 : 15059305;
13603 : 14796396;
13604 : 14796906;
13605 : 14862439;
13606 : 14994026;
13607 : 14994026;
13608 : 14993770;
13609 : 14993771;
13610 : 14993770;
13611 : 15257194;
13612 : 10720092;
13613 : 14869220;
13614 : 16777215;
13615 : 16777215;
13616 : 16777215;
13617 : 16777215;
13618 : 16777215;
13619 : 16777215;
13620 : 16777215;
13621 : 16777215;
13622 : 16777215;
13623 : 16777215;
13624 : 16777215;
13625 : 16777215;
13626 : 16777215;
13627 : 16777215;
13628 : 16777215;
13629 : 16579836;
13630 : 8487812;
13631 : 9803928;
13632 : 16777215;
13633 : 16777215;
13634 : 16777215;
13635 : 16777215;
13636 : 16777215;
13637 : 16777215;
13638 : 16777215;
13639 : 16777215;
13640 : 16777215;
13641 : 16777215;
13642 : 16777215;
13643 : 16777215;
13644 : 16777215;
13645 : 16777215;
13646 : 16777215;
13647 : 16777215;
13648 : 16777215;
13649 : 16777215;
13650 : 16777215;
13651 : 16777215;
13652 : 16777215;
13653 : 16777215;
13654 : 16777215;
13655 : 16777215;
13656 : 16777215;
13657 : 16777215;
13658 : 16777215;
13659 : 16777215;
13660 : 16777215;
13661 : 16777215;
13662 : 16777215;
13663 : 16777215;
13664 : 16777215;
13665 : 16777215;
13666 : 16777215;
13667 : 16777215;
13668 : 16777215;
13669 : 16777215;
13670 : 16777215;
13671 : 16777215;
13672 : 16777215;
13673 : 16777215;
13674 : 16777215;
13675 : 16777215;
13676 : 16777215;
13677 : 16777215;
13678 : 16777215;
13679 : 16777215;
13680 : 16777215;
13681 : 16777215;
13682 : 16777215;
13683 : 16777215;
13684 : 16777215;
13685 : 16777215;
13686 : 16777215;
13687 : 16777215;
13688 : 16777215;
13689 : 16777215;
13690 : 16777215;
13691 : 16777215;
13692 : 16777215;
13693 : 16777215;
13694 : 16777215;
13695 : 16777215;
13696 : 16777215;
13697 : 16777215;
13698 : 16777215;
13699 : 16777215;
13700 : 16777215;
13701 : 16777215;
13702 : 16777215;
13703 : 16777215;
13704 : 16777215;
13705 : 16777215;
13706 : 16777215;
13707 : 16777215;
13708 : 16777215;
13709 : 16777215;
13710 : 16777215;
13711 : 16777215;
13712 : 16777215;
13713 : 16777215;
13714 : 16777215;
13715 : 16777215;
13716 : 16777215;
13717 : 16777215;
13718 : 16777215;
13719 : 16777215;
13720 : 16777215;
13721 : 16777215;
13722 : 16777215;
13723 : 16777215;
13724 : 16777215;
13725 : 16777215;
13726 : 16777215;
13727 : 16777215;
13728 : 13685203;
13729 : 9733712;
13730 : 15255914;
13731 : 15124584;
13732 : 15124841;
13733 : 15256682;
13734 : 15322476;
13735 : 15255913;
13736 : 15124842;
13737 : 15124329;
13738 : 15453804;
13739 : 15585903;
13740 : 11442774;
13741 : 13026757;
13742 : 16777215;
13743 : 16777215;
13744 : 16777215;
13745 : 16777215;
13746 : 16777215;
13747 : 16777215;
13748 : 16777215;
13749 : 16777215;
13750 : 16777215;
13751 : 16777215;
13752 : 16777215;
13753 : 16777215;
13754 : 16777215;
13755 : 16777215;
13756 : 16777215;
13757 : 16777215;
13758 : 15987699;
13759 : 16513786;
13760 : 16777215;
13761 : 16777215;
13762 : 16777215;
13763 : 16777215;
13764 : 16777215;
13765 : 16777215;
13766 : 16777215;
13767 : 16777215;
13768 : 16777215;
13769 : 16777215;
13770 : 16777215;
13771 : 16777215;
13772 : 16777215;
13773 : 16777215;
13774 : 16777215;
13775 : 16777215;
13776 : 16777215;
13777 : 16777215;
13778 : 16777215;
13779 : 16777215;
13780 : 16777215;
13781 : 16777215;
13782 : 16777215;
13783 : 16777215;
13784 : 16777215;
13785 : 16777215;
13786 : 16777215;
13787 : 16777215;
13788 : 16777215;
13789 : 16777215;
13790 : 16777215;
13791 : 16777215;
13792 : 16777215;
13793 : 16777215;
13794 : 16777215;
13795 : 16777215;
13796 : 16777215;
13797 : 16777215;
13798 : 16777215;
13799 : 16777215;
13800 : 16777215;
13801 : 16777215;
13802 : 16777215;
13803 : 16777215;
13804 : 16777215;
13805 : 16777215;
13806 : 16777215;
13807 : 16777215;
13808 : 16777215;
13809 : 16777215;
13810 : 16777215;
13811 : 16777215;
13812 : 16777215;
13813 : 16777215;
13814 : 16777215;
13815 : 16777215;
13816 : 16777215;
13817 : 16777215;
13818 : 16777215;
13819 : 16777215;
13820 : 16777215;
13821 : 16777215;
13822 : 16777215;
13823 : 16777215;
13824 : 16777215;
13825 : 16777215;
13826 : 16777215;
13827 : 16777215;
13828 : 16777215;
13829 : 16777215;
13830 : 16777215;
13831 : 16777215;
13832 : 16777215;
13833 : 16777215;
13834 : 16777215;
13835 : 16777215;
13836 : 16777215;
13837 : 16777215;
13838 : 16777215;
13839 : 16777215;
13840 : 16777215;
13841 : 16777215;
13842 : 16777215;
13843 : 16777215;
13844 : 16777215;
13845 : 16777215;
13846 : 16777215;
13847 : 16777215;
13848 : 16777215;
13849 : 16777215;
13850 : 16777215;
13851 : 16777215;
13852 : 16777215;
13853 : 16777215;
13854 : 16777215;
13855 : 16777215;
13856 : 15724787;
13857 : 9602913;
13858 : 15124585;
13859 : 15190378;
13860 : 15453294;
13861 : 12889441;
13862 : 12035423;
13863 : 15124588;
13864 : 15124586;
13865 : 15453294;
13866 : 10982489;
13867 : 8944987;
13868 : 9931347;
13869 : 11644587;
13870 : 16777215;
13871 : 16777215;
13872 : 16777215;
13873 : 16777215;
13874 : 16777215;
13875 : 16777215;
13876 : 16777215;
13877 : 16777215;
13878 : 16777215;
13879 : 16777215;
13880 : 16777215;
13881 : 16777215;
13882 : 16777215;
13883 : 16777215;
13884 : 16777215;
13885 : 16777215;
13886 : 16777215;
13887 : 16777215;
13888 : 16777215;
13889 : 16777215;
13890 : 16777215;
13891 : 16777215;
13892 : 16777215;
13893 : 16777215;
13894 : 16777215;
13895 : 16777215;
13896 : 16777215;
13897 : 16777215;
13898 : 16777215;
13899 : 16777215;
13900 : 16777215;
13901 : 16777215;
13902 : 16777215;
13903 : 16777215;
13904 : 16777215;
13905 : 16777215;
13906 : 16777215;
13907 : 16777215;
13908 : 16777215;
13909 : 16777215;
13910 : 16777215;
13911 : 16777215;
13912 : 16777215;
13913 : 16777215;
13914 : 16777215;
13915 : 16777215;
13916 : 16777215;
13917 : 16777215;
13918 : 16777215;
13919 : 16777215;
13920 : 16777215;
13921 : 16777215;
13922 : 16777215;
13923 : 16777215;
13924 : 16777215;
13925 : 16777215;
13926 : 16777215;
13927 : 16777215;
13928 : 16777215;
13929 : 16777215;
13930 : 16777215;
13931 : 16777215;
13932 : 16777215;
13933 : 16777215;
13934 : 16777215;
13935 : 16777215;
13936 : 16777215;
13937 : 16777215;
13938 : 16777215;
13939 : 16777215;
13940 : 16777215;
13941 : 16777215;
13942 : 16777215;
13943 : 16777215;
13944 : 16777215;
13945 : 16777215;
13946 : 16777215;
13947 : 16777215;
13948 : 16777215;
13949 : 16777215;
13950 : 16777215;
13951 : 16777215;
13952 : 16777215;
13953 : 16777215;
13954 : 16777215;
13955 : 16777215;
13956 : 16777215;
13957 : 16777215;
13958 : 16777215;
13959 : 16777215;
13960 : 16777215;
13961 : 16777215;
13962 : 16777215;
13963 : 16777215;
13964 : 16777215;
13965 : 16777215;
13966 : 16777215;
13967 : 16777215;
13968 : 16777215;
13969 : 16777215;
13970 : 16777215;
13971 : 16777215;
13972 : 16777215;
13973 : 16777215;
13974 : 16777215;
13975 : 16777215;
13976 : 16777215;
13977 : 16777215;
13978 : 16777215;
13979 : 16777215;
13980 : 16777215;
13981 : 16777215;
13982 : 16777215;
13983 : 16777215;
13984 : 16777215;
13985 : 9933440;
13986 : 14073189;
13987 : 15454062;
13988 : 10654038;
13989 : 7962750;
13990 : 9675435;
13991 : 10128986;
13992 : 15453800;
13993 : 11574357;
13994 : 4869971;
13995 : 10729427;
13996 : 5857380;
13997 : 9276555;
13998 : 16777215;
13999 : 16777215;
14000 : 16777215;
14001 : 16777215;
14002 : 16777215;
14003 : 16777215;
14004 : 16777215;
14005 : 16777215;
14006 : 16777215;
14007 : 16777215;
14008 : 16777215;
14009 : 16777215;
14010 : 16777215;
14011 : 16777215;
14012 : 16777215;
14013 : 16777215;
14014 : 16777215;
14015 : 16777215;
14016 : 16777215;
14017 : 16777215;
14018 : 16777215;
14019 : 16777215;
14020 : 16777215;
14021 : 16777215;
14022 : 16777215;
14023 : 16777215;
14024 : 16777215;
14025 : 16777215;
14026 : 16777215;
14027 : 16777215;
14028 : 16777215;
14029 : 16777215;
14030 : 16777215;
14031 : 16777215;
14032 : 16777215;
14033 : 16777215;
14034 : 16777215;
14035 : 16777215;
14036 : 16777215;
14037 : 16777215;
14038 : 16777215;
14039 : 16777215;
14040 : 16777215;
14041 : 16777215;
14042 : 16777215;
14043 : 16777215;
14044 : 16777215;
14045 : 16777215;
14046 : 16777215;
14047 : 16777215;
14048 : 16777215;
14049 : 16777215;
14050 : 16777215;
14051 : 16777215;
14052 : 16777215;
14053 : 16777215;
14054 : 16777215;
14055 : 16777215;
14056 : 16777215;
14057 : 16777215;
14058 : 16777215;
14059 : 16777215;
14060 : 16777215;
14061 : 16777215;
14062 : 16777215;
14063 : 16777215;
14064 : 16777215;
14065 : 16777215;
14066 : 16777215;
14067 : 16777215;
14068 : 16777215;
14069 : 16777215;
14070 : 16777215;
14071 : 16777215;
14072 : 16777215;
14073 : 16777215;
14074 : 16777215;
14075 : 16777215;
14076 : 16777215;
14077 : 16777215;
14078 : 16777215;
14079 : 16777215;
14080 : 16777215;
14081 : 16777215;
14082 : 16777215;
14083 : 16777215;
14084 : 16777215;
14085 : 16777215;
14086 : 16777215;
14087 : 16777215;
14088 : 16777215;
14089 : 16777215;
14090 : 16777215;
14091 : 16777215;
14092 : 16777215;
14093 : 16777215;
14094 : 16777215;
14095 : 16777215;
14096 : 16777215;
14097 : 16777215;
14098 : 16777215;
14099 : 16777215;
14100 : 16777215;
14101 : 16777215;
14102 : 16777215;
14103 : 16777215;
14104 : 16777215;
14105 : 16777215;
14106 : 16777215;
14107 : 16777215;
14108 : 16777215;
14109 : 16777215;
14110 : 16777215;
14111 : 16777215;
14112 : 16777215;
14113 : 11908270;
14114 : 12954466;
14115 : 13020255;
14116 : 6513509;
14117 : 13754353;
14118 : 13558262;
14119 : 8028289;
14120 : 13349473;
14121 : 6380101;
14122 : 10136773;
14123 : 12309484;
14124 : 8425639;
14125 : 9211538;
14126 : 16777215;
14127 : 16777215;
14128 : 16777215;
14129 : 16777215;
14130 : 16777215;
14131 : 16777215;
14132 : 16777215;
14133 : 16777215;
14134 : 16777215;
14135 : 16777215;
14136 : 16777215;
14137 : 16777215;
14138 : 16777215;
14139 : 16777215;
14140 : 16777215;
14141 : 16777215;
14142 : 16777215;
14143 : 16777215;
14144 : 16777215;
14145 : 16777215;
14146 : 16777215;
14147 : 16777215;
14148 : 16777215;
14149 : 16777215;
14150 : 16777215;
14151 : 16777215;
14152 : 16777215;
14153 : 16777215;
14154 : 16777215;
14155 : 16777215;
14156 : 16777215;
14157 : 16777215;
14158 : 16777215;
14159 : 16777215;
14160 : 16777215;
14161 : 16777215;
14162 : 16777215;
14163 : 16777215;
14164 : 16777215;
14165 : 16777215;
14166 : 16777215;
14167 : 16777215;
14168 : 16777215;
14169 : 16777215;
14170 : 16777215;
14171 : 16777215;
14172 : 16777215;
14173 : 16777215;
14174 : 16777215;
14175 : 16777215;
14176 : 16777215;
14177 : 16777215;
14178 : 16777215;
14179 : 16777215;
14180 : 16777215;
14181 : 16777215;
14182 : 16777215;
14183 : 16777215;
14184 : 16777215;
14185 : 16777215;
14186 : 16777215;
14187 : 16777215;
14188 : 16777215;
14189 : 16777215;
14190 : 16777215;
14191 : 16777215;
14192 : 16777215;
14193 : 16777215;
14194 : 16777215;
14195 : 16777215;
14196 : 16777215;
14197 : 16777215;
14198 : 16777215;
14199 : 16777215;
14200 : 16777215;
14201 : 16777215;
14202 : 16777215;
14203 : 16777215;
14204 : 16777215;
14205 : 16777215;
14206 : 16777215;
14207 : 16777215;
14208 : 16777215;
14209 : 16777215;
14210 : 16777215;
14211 : 16777215;
14212 : 16777215;
14213 : 16777215;
14214 : 16777215;
14215 : 16777215;
14216 : 16777215;
14217 : 16777215;
14218 : 16777215;
14219 : 16777215;
14220 : 16777215;
14221 : 16777215;
14222 : 16777215;
14223 : 16777215;
14224 : 16777215;
14225 : 16777215;
14226 : 16777215;
14227 : 16777215;
14228 : 16777215;
14229 : 16777215;
14230 : 16777215;
14231 : 16777215;
14232 : 16777215;
14233 : 16777215;
14234 : 16777215;
14235 : 16777215;
14236 : 16777215;
14237 : 16777215;
14238 : 16777215;
14239 : 16777215;
14240 : 16777215;
14241 : 14606047;
14242 : 11508322;
14243 : 7496255;
14244 : 11253187;
14245 : 14477302;
14246 : 14345718;
14247 : 9542824;
14248 : 7825735;
14249 : 7898255;
14250 : 12177130;
14251 : 11848419;
14252 : 10400714;
14253 : 11054257;
14254 : 16777215;
14255 : 16777215;
14256 : 16777215;
14257 : 16777215;
14258 : 16777215;
14259 : 16777215;
14260 : 16777215;
14261 : 16777215;
14262 : 16777215;
14263 : 16777215;
14264 : 16777215;
14265 : 16777215;
14266 : 16777215;
14267 : 16777215;
14268 : 16777215;
14269 : 16777215;
14270 : 16777215;
14271 : 16777215;
14272 : 16777215;
14273 : 16777215;
14274 : 16777215;
14275 : 16777215;
14276 : 16777215;
14277 : 16777215;
14278 : 16777215;
14279 : 16777215;
14280 : 16777215;
14281 : 16777215;
14282 : 16777215;
14283 : 16777215;
14284 : 16777215;
14285 : 16777215;
14286 : 16777215;
14287 : 16777215;
14288 : 16777215;
14289 : 16777215;
14290 : 16777215;
14291 : 16777215;
14292 : 16777215;
14293 : 16777215;
14294 : 16777215;
14295 : 16777215;
14296 : 16777215;
14297 : 16777215;
14298 : 16777215;
14299 : 16777215;
14300 : 16777215;
14301 : 16777215;
14302 : 16777215;
14303 : 16777215;
14304 : 16777215;
14305 : 16777215;
14306 : 16777215;
14307 : 16777215;
14308 : 16777215;
14309 : 16777215;
14310 : 16777215;
14311 : 16777215;
14312 : 16777215;
14313 : 16777215;
14314 : 16777215;
14315 : 16777215;
14316 : 16777215;
14317 : 16777215;
14318 : 16777215;
14319 : 16777215;
14320 : 16777215;
14321 : 16777215;
14322 : 16777215;
14323 : 16777215;
14324 : 16777215;
14325 : 16777215;
14326 : 16777215;
14327 : 16777215;
14328 : 16777215;
14329 : 16777215;
14330 : 16777215;
14331 : 16777215;
14332 : 16777215;
14333 : 16777215;
14334 : 16777215;
14335 : 16777215;
14336 : 16777215;
14337 : 16777215;
14338 : 16777215;
14339 : 16777215;
14340 : 16777215;
14341 : 16777215;
14342 : 16777215;
14343 : 16777215;
14344 : 16777215;
14345 : 16777215;
14346 : 16777215;
14347 : 16777215;
14348 : 16777215;
14349 : 16777215;
14350 : 16777215;
14351 : 16777215;
14352 : 16777215;
14353 : 16777215;
14354 : 16777215;
14355 : 16777215;
14356 : 16777215;
14357 : 16777215;
14358 : 16777215;
14359 : 16777215;
14360 : 16777215;
14361 : 16777215;
14362 : 16777215;
14363 : 16777215;
14364 : 16777215;
14365 : 16777215;
14366 : 16777215;
14367 : 16777215;
14368 : 16777215;
14369 : 16448251;
14370 : 8485218;
14371 : 6381147;
14372 : 14477556;
14373 : 14280178;
14374 : 14412018;
14375 : 11386575;
14376 : 2895925;
14377 : 10728910;
14378 : 12044774;
14379 : 11913699;
14380 : 10597581;
14381 : 10330278;
14382 : 16777215;
14383 : 16777215;
14384 : 16777215;
14385 : 16777215;
14386 : 16777215;
14387 : 16777215;
14388 : 16777215;
14389 : 16777215;
14390 : 16777215;
14391 : 16777215;
14392 : 16777215;
14393 : 16777215;
14394 : 16777215;
14395 : 16777215;
14396 : 16777215;
14397 : 16777215;
14398 : 16777215;
14399 : 16777215;
14400 : 16777215;
14401 : 16777215;
14402 : 16777215;
14403 : 16777215;
14404 : 16777215;
14405 : 16777215;
14406 : 16777215;
14407 : 16777215;
14408 : 16777215;
14409 : 16777215;
14410 : 16777215;
14411 : 16777215;
14412 : 16777215;
14413 : 16777215;
14414 : 16777215;
14415 : 16777215;
14416 : 16777215;
14417 : 16777215;
14418 : 16777215;
14419 : 16777215;
14420 : 16777215;
14421 : 16777215;
14422 : 16777215;
14423 : 16777215;
14424 : 16777215;
14425 : 16777215;
14426 : 16777215;
14427 : 16777215;
14428 : 16777215;
14429 : 16777215;
14430 : 16777215;
14431 : 16777215;
14432 : 16777215;
14433 : 16777215;
14434 : 16777215;
14435 : 16777215;
14436 : 16777215;
14437 : 16777215;
14438 : 16777215;
14439 : 16777215;
14440 : 16777215;
14441 : 16777215;
14442 : 16777215;
14443 : 16777215;
14444 : 16777215;
14445 : 16777215;
14446 : 16777215;
14447 : 16777215;
14448 : 16777215;
14449 : 16777215;
14450 : 16777215;
14451 : 16777215;
14452 : 16777215;
14453 : 16777215;
14454 : 16777215;
14455 : 16777215;
14456 : 16777215;
14457 : 16777215;
14458 : 16777215;
14459 : 16777215;
14460 : 16777215;
14461 : 16777215;
14462 : 16777215;
14463 : 16777215;
14464 : 16777215;
14465 : 16777215;
14466 : 16777215;
14467 : 16777215;
14468 : 16777215;
14469 : 16777215;
14470 : 16777215;
14471 : 16777215;
14472 : 16777215;
14473 : 16777215;
14474 : 16777215;
14475 : 16777215;
14476 : 16777215;
14477 : 16777215;
14478 : 16777215;
14479 : 16777215;
14480 : 16777215;
14481 : 16777215;
14482 : 16777215;
14483 : 16777215;
14484 : 16777215;
14485 : 16777215;
14486 : 16777215;
14487 : 16777215;
14488 : 16777215;
14489 : 16777215;
14490 : 16777215;
14491 : 16777215;
14492 : 16777215;
14493 : 16777215;
14494 : 16777215;
14495 : 16777215;
14496 : 16777215;
14497 : 16777215;
14498 : 9672084;
14499 : 7304822;
14500 : 15529725;
14501 : 14871542;
14502 : 14871541;
14503 : 13359588;
14504 : 5726574;
14505 : 11913181;
14506 : 11979236;
14507 : 12176868;
14508 : 11124437;
14509 : 8619918;
14510 : 16777215;
14511 : 16777215;
14512 : 16777215;
14513 : 16777215;
14514 : 16777215;
14515 : 16777215;
14516 : 16777215;
14517 : 16777215;
14518 : 16777215;
14519 : 16777215;
14520 : 16777215;
14521 : 16777215;
14522 : 16777215;
14523 : 16777215;
14524 : 16777215;
14525 : 16777215;
14526 : 16777215;
14527 : 16777215;
14528 : 16777215;
14529 : 16777215;
14530 : 16777215;
14531 : 16777215;
14532 : 16777215;
14533 : 16777215;
14534 : 16777215;
14535 : 16777215;
14536 : 16777215;
14537 : 16777215;
14538 : 16777215;
14539 : 16777215;
14540 : 16777215;
14541 : 16777215;
14542 : 16777215;
14543 : 16777215;
14544 : 16777215;
14545 : 16777215;
14546 : 16777215;
14547 : 16777215;
14548 : 16777215;
14549 : 16777215;
14550 : 16777215;
14551 : 16777215;
14552 : 16777215;
14553 : 16777215;
14554 : 16777215;
14555 : 16777215;
14556 : 16777215;
14557 : 16777215;
14558 : 16777215;
14559 : 16777215;
14560 : 16777215;
14561 : 16777215;
14562 : 16777215;
14563 : 16777215;
14564 : 16777215;
14565 : 16777215;
14566 : 16777215;
14567 : 16777215;
14568 : 16777215;
14569 : 16777215;
14570 : 16777215;
14571 : 16777215;
14572 : 16777215;
14573 : 16777215;
14574 : 16777215;
14575 : 16777215;
14576 : 16777215;
14577 : 16777215;
14578 : 16777215;
14579 : 16777215;
14580 : 16777215;
14581 : 16777215;
14582 : 16777215;
14583 : 16777215;
14584 : 16777215;
14585 : 16777215;
14586 : 16777215;
14587 : 16777215;
14588 : 16777215;
14589 : 16777215;
14590 : 16777215;
14591 : 16777215;
14592 : 16777215;
14593 : 16777215;
14594 : 16777215;
14595 : 16777215;
14596 : 16777215;
14597 : 16777215;
14598 : 16777215;
14599 : 16777215;
14600 : 16777215;
14601 : 16777215;
14602 : 16777215;
14603 : 16777215;
14604 : 16777215;
14605 : 16777215;
14606 : 16777215;
14607 : 16777215;
14608 : 16777215;
14609 : 16777215;
14610 : 16777215;
14611 : 16777215;
14612 : 16777215;
14613 : 16777215;
14614 : 16777215;
14615 : 16777215;
14616 : 16777215;
14617 : 16777215;
14618 : 16777215;
14619 : 16777215;
14620 : 16777215;
14621 : 16777215;
14622 : 16777215;
14623 : 16777215;
14624 : 16777215;
14625 : 16777215;
14626 : 16053492;
14627 : 7764345;
14628 : 15068656;
14629 : 15528443;
14630 : 15462137;
14631 : 15133945;
14632 : 7502982;
14633 : 11253707;
14634 : 12701930;
14635 : 13228780;
14636 : 11715801;
14637 : 8422539;
14638 : 16777215;
14639 : 16777215;
14640 : 16777215;
14641 : 16777215;
14642 : 16777215;
14643 : 16777215;
14644 : 16777215;
14645 : 16777215;
14646 : 16777215;
14647 : 16777215;
14648 : 16777215;
14649 : 16777215;
14650 : 16777215;
14651 : 16777215;
14652 : 16777215;
14653 : 16777215;
14654 : 16777215;
14655 : 16777215;
14656 : 16777215;
14657 : 16777215;
14658 : 16777215;
14659 : 16777215;
14660 : 16777215;
14661 : 16777215;
14662 : 16777215;
14663 : 16777215;
14664 : 16777215;
14665 : 16777215;
14666 : 16777215;
14667 : 16777215;
14668 : 16777215;
14669 : 16777215;
14670 : 16777215;
14671 : 16777215;
14672 : 16777215;
14673 : 16777215;
14674 : 16777215;
14675 : 16777215;
14676 : 16777215;
14677 : 16777215;
14678 : 16777215;
14679 : 16777215;
14680 : 16777215;
14681 : 16777215;
14682 : 16777215;
14683 : 16777215;
14684 : 16777215;
14685 : 16777215;
14686 : 16777215;
14687 : 16777215;
14688 : 16777215;
14689 : 16777215;
14690 : 16777215;
14691 : 16777215;
14692 : 16777215;
14693 : 16777215;
14694 : 16777215;
14695 : 16777215;
14696 : 16777215;
14697 : 16777215;
14698 : 16777215;
14699 : 16777215;
14700 : 16777215;
14701 : 16777215;
14702 : 16777215;
14703 : 16777215;
14704 : 16777215;
14705 : 16777215;
14706 : 16777215;
14707 : 16777215;
14708 : 16777215;
14709 : 16777215;
14710 : 16777215;
14711 : 16777215;
14712 : 16777215;
14713 : 16777215;
14714 : 16777215;
14715 : 16777215;
14716 : 16777215;
14717 : 16777215;
14718 : 16777215;
14719 : 16777215;
14720 : 16777215;
14721 : 16777215;
14722 : 16777215;
14723 : 16777215;
14724 : 16777215;
14725 : 16777215;
14726 : 16777215;
14727 : 16777215;
14728 : 16777215;
14729 : 16777215;
14730 : 16777215;
14731 : 16777215;
14732 : 16777215;
14733 : 16777215;
14734 : 16777215;
14735 : 16777215;
14736 : 16777215;
14737 : 16777215;
14738 : 16777215;
14739 : 16777215;
14740 : 16777215;
14741 : 16777215;
14742 : 16777215;
14743 : 16777215;
14744 : 16777215;
14745 : 16777215;
14746 : 16777215;
14747 : 16777215;
14748 : 16777215;
14749 : 16777215;
14750 : 16777215;
14751 : 16777215;
14752 : 16777215;
14753 : 16777215;
14754 : 16777215;
14755 : 9869208;
14756 : 13883611;
14757 : 16119806;
14758 : 15921913;
14759 : 15988223;
14760 : 9673891;
14761 : 10135220;
14762 : 13556976;
14763 : 14477814;
14764 : 12832993;
14765 : 7961987;
14766 : 16711422;
14767 : 16777215;
14768 : 16777215;
14769 : 16777215;
14770 : 16777215;
14771 : 16777215;
14772 : 16777215;
14773 : 16777215;
14774 : 16777215;
14775 : 16777215;
14776 : 16777215;
14777 : 16777215;
14778 : 16777215;
14779 : 16777215;
14780 : 16777215;
14781 : 16777215;
14782 : 16777215;
14783 : 16777215;
14784 : 16777215;
14785 : 16777215;
14786 : 16777215;
14787 : 16777215;
14788 : 16777215;
14789 : 16777215;
14790 : 16777215;
14791 : 16777215;
14792 : 16777215;
14793 : 16777215;
14794 : 16777215;
14795 : 16777215;
14796 : 16777215;
14797 : 16777215;
14798 : 16777215;
14799 : 16777215;
14800 : 16777215;
14801 : 16777215;
14802 : 16777215;
14803 : 16777215;
14804 : 16777215;
14805 : 16777215;
14806 : 16777215;
14807 : 16777215;
14808 : 16777215;
14809 : 16777215;
14810 : 16777215;
14811 : 16777215;
14812 : 16777215;
14813 : 16777215;
14814 : 16777215;
14815 : 16777215;
14816 : 16777215;
14817 : 16777215;
14818 : 16777215;
14819 : 16777215;
14820 : 16777215;
14821 : 16777215;
14822 : 16777215;
14823 : 16777215;
14824 : 16777215;
14825 : 16777215;
14826 : 16777215;
14827 : 16777215;
14828 : 16777215;
14829 : 16777215;
14830 : 16777215;
14831 : 16777215;
14832 : 16777215;
14833 : 16777215;
14834 : 16777215;
14835 : 16777215;
14836 : 16777215;
14837 : 16777215;
14838 : 16777215;
14839 : 16777215;
14840 : 16777215;
14841 : 16777215;
14842 : 16777215;
14843 : 16777215;
14844 : 16777215;
14845 : 16777215;
14846 : 16777215;
14847 : 16777215;
14848 : 16777215;
14849 : 16777215;
14850 : 16777215;
14851 : 16777215;
14852 : 16777215;
14853 : 16777215;
14854 : 16777215;
14855 : 16777215;
14856 : 16777215;
14857 : 16777215;
14858 : 16777215;
14859 : 16777215;
14860 : 16777215;
14861 : 16777215;
14862 : 16777215;
14863 : 16777215;
14864 : 16777215;
14865 : 16777215;
14866 : 16777215;
14867 : 16777215;
14868 : 16777215;
14869 : 16777215;
14870 : 16777215;
14871 : 16777215;
14872 : 16777215;
14873 : 16777215;
14874 : 16777215;
14875 : 16777215;
14876 : 16777215;
14877 : 16777215;
14878 : 16777215;
14879 : 16777215;
14880 : 16777215;
14881 : 16777215;
14882 : 16777215;
14883 : 12303292;
14884 : 11317426;
14885 : 16448255;
14886 : 16053498;
14887 : 16185855;
14888 : 11450557;
14889 : 8885405;
14890 : 14149108;
14891 : 15462649;
14892 : 13949928;
14893 : 7896193;
14894 : 16645628;
14895 : 16777215;
14896 : 16777215;
14897 : 16777215;
14898 : 16777215;
14899 : 16777215;
14900 : 16777215;
14901 : 16777215;
14902 : 16777215;
14903 : 16777215;
14904 : 16777215;
14905 : 16777215;
14906 : 16777215;
14907 : 16777215;
14908 : 16777215;
14909 : 16777215;
14910 : 16777215;
14911 : 16777215;
14912 : 16777215;
14913 : 16777215;
14914 : 16777215;
14915 : 16777215;
14916 : 16777215;
14917 : 16777215;
14918 : 16777215;
14919 : 16777215;
14920 : 16777215;
14921 : 16777215;
14922 : 16777215;
14923 : 16777215;
14924 : 16777215;
14925 : 16777215;
14926 : 16777215;
14927 : 16777215;
14928 : 16777215;
14929 : 16777215;
14930 : 16777215;
14931 : 16777215;
14932 : 16777215;
14933 : 16777215;
14934 : 16777215;
14935 : 16777215;
14936 : 16777215;
14937 : 16777215;
14938 : 16777215;
14939 : 16777215;
14940 : 16777215;
14941 : 16777215;
14942 : 16777215;
14943 : 16777215;
14944 : 16777215;
14945 : 16777215;
14946 : 16777215;
14947 : 16777215;
14948 : 16777215;
14949 : 16777215;
14950 : 16777215;
14951 : 16777215;
14952 : 16777215;
14953 : 16777215;
14954 : 16777215;
14955 : 16777215;
14956 : 16777215;
14957 : 16777215;
14958 : 16777215;
14959 : 16777215;
14960 : 16777215;
14961 : 16777215;
14962 : 16777215;
14963 : 16777215;
14964 : 16777215;
14965 : 16777215;
14966 : 16777215;
14967 : 16777215;
14968 : 16777215;
14969 : 16777215;
14970 : 16777215;
14971 : 16777215;
14972 : 16777215;
14973 : 16777215;
14974 : 16777215;
14975 : 16777215;
14976 : 16777215;
14977 : 16777215;
14978 : 16777215;
14979 : 16777215;
14980 : 16777215;
14981 : 16777215;
14982 : 16777215;
14983 : 16777215;
14984 : 16777215;
14985 : 16777215;
14986 : 16777215;
14987 : 16777215;
14988 : 16777215;
14989 : 16777215;
14990 : 16777215;
14991 : 16777215;
14992 : 16777215;
14993 : 16777215;
14994 : 16777215;
14995 : 16777215;
14996 : 16777215;
14997 : 16777215;
14998 : 16777215;
14999 : 16777215;
15000 : 16777215;
15001 : 16777215;
15002 : 16777215;
15003 : 16777215;
15004 : 16777215;
15005 : 16777215;
15006 : 16777215;
15007 : 16777215;
15008 : 16777215;
15009 : 16777215;
15010 : 16777215;
15011 : 15527149;
15012 : 9343379;
15013 : 16185340;
15014 : 16053499;
15015 : 16185854;
15016 : 12700368;
15017 : 6647669;
15018 : 14477042;
15019 : 15987962;
15020 : 14672877;
15021 : 7961728;
15022 : 16579836;
15023 : 16777215;
15024 : 16777215;
15025 : 16777215;
15026 : 16777215;
15027 : 16777215;
15028 : 16777215;
15029 : 16777215;
15030 : 16777215;
15031 : 16777215;
15032 : 16777215;
15033 : 16777215;
15034 : 16777215;
15035 : 16777215;
15036 : 16777215;
15037 : 16777215;
15038 : 16777215;
15039 : 16777215;
15040 : 16777215;
15041 : 16777215;
15042 : 16777215;
15043 : 16777215;
15044 : 16777215;
15045 : 16777215;
15046 : 16777215;
15047 : 16777215;
15048 : 16777215;
15049 : 16777215;
15050 : 16777215;
15051 : 16777215;
15052 : 16777215;
15053 : 16777215;
15054 : 16777215;
15055 : 16777215;
15056 : 16777215;
15057 : 16777215;
15058 : 16777215;
15059 : 16777215;
15060 : 16777215;
15061 : 16777215;
15062 : 16777215;
15063 : 16777215;
15064 : 16777215;
15065 : 16777215;
15066 : 16777215;
15067 : 16777215;
15068 : 16777215;
15069 : 16777215;
15070 : 16777215;
15071 : 16777215;
15072 : 16777215;
15073 : 16777215;
15074 : 16777215;
15075 : 16777215;
15076 : 16777215;
15077 : 16777215;
15078 : 16777215;
15079 : 16777215;
15080 : 16777215;
15081 : 16777215;
15082 : 16777215;
15083 : 16777215;
15084 : 16777215;
15085 : 16777215;
15086 : 16777215;
15087 : 16777215;
15088 : 16777215;
15089 : 16777215;
15090 : 16777215;
15091 : 16777215;
15092 : 16777215;
15093 : 16777215;
15094 : 16777215;
15095 : 16777215;
15096 : 16777215;
15097 : 16777215;
15098 : 16777215;
15099 : 16777215;
15100 : 16777215;
15101 : 16777215;
15102 : 16777215;
15103 : 16777215;
15104 : 16777215;
15105 : 16777215;
15106 : 16777215;
15107 : 16777215;
15108 : 16777215;
15109 : 16777215;
15110 : 16777215;
15111 : 16777215;
15112 : 16777215;
15113 : 16777215;
15114 : 16777215;
15115 : 16777215;
15116 : 16777215;
15117 : 16777215;
15118 : 16777215;
15119 : 16777215;
15120 : 16777215;
15121 : 16777215;
15122 : 16777215;
15123 : 16777215;
15124 : 16777215;
15125 : 16777215;
15126 : 16777215;
15127 : 16777215;
15128 : 16777215;
15129 : 16777215;
15130 : 16777215;
15131 : 16777215;
15132 : 16777215;
15133 : 16777215;
15134 : 16777215;
15135 : 16777215;
15136 : 16777215;
15137 : 16777215;
15138 : 16777215;
15139 : 16777215;
15140 : 10000537;
15141 : 14408672;
15142 : 16251134;
15143 : 16185598;
15144 : 13949925;
15145 : 3422782;
15146 : 13160410;
15147 : 16316926;
15148 : 14804462;
15149 : 8027777;
15150 : 16711166;
15151 : 16777215;
15152 : 16777215;
15153 : 16777215;
15154 : 16777215;
15155 : 16777215;
15156 : 16777215;
15157 : 16777215;
15158 : 16777215;
15159 : 16777215;
15160 : 16777215;
15161 : 16777215;
15162 : 16777215;
15163 : 16777215;
15164 : 16777215;
15165 : 16777215;
15166 : 16777215;
15167 : 16777215;
15168 : 16777215;
15169 : 16777215;
15170 : 16777215;
15171 : 16777215;
15172 : 16777215;
15173 : 16777215;
15174 : 16777215;
15175 : 16777215;
15176 : 16777215;
15177 : 16777215;
15178 : 16777215;
15179 : 16777215;
15180 : 16777215;
15181 : 16777215;
15182 : 16777215;
15183 : 16777215;
15184 : 16777215;
15185 : 16777215;
15186 : 16777215;
15187 : 16777215;
15188 : 16777215;
15189 : 16777215;
15190 : 16777215;
15191 : 16777215;
15192 : 16777215;
15193 : 16777215;
15194 : 16777215;
15195 : 16777215;
15196 : 16777215;
15197 : 16777215;
15198 : 16777215;
15199 : 16777215;
15200 : 16777215;
15201 : 16777215;
15202 : 16777215;
15203 : 16777215;
15204 : 16777215;
15205 : 16777215;
15206 : 16777215;
15207 : 16777215;
15208 : 16777215;
15209 : 16777215;
15210 : 16777215;
15211 : 16777215;
15212 : 16777215;
15213 : 16777215;
15214 : 16777215;
15215 : 16777215;
15216 : 16777215;
15217 : 16777215;
15218 : 16777215;
15219 : 16777215;
15220 : 16777215;
15221 : 16777215;
15222 : 16777215;
15223 : 16777215;
15224 : 16777215;
15225 : 16777215;
15226 : 16777215;
15227 : 16777215;
15228 : 16777215;
15229 : 16777215;
15230 : 16777215;
15231 : 16777215;
15232 : 16777215;
15233 : 16777215;
15234 : 16777215;
15235 : 16777215;
15236 : 16777215;
15237 : 16777215;
15238 : 16777215;
15239 : 16777215;
15240 : 16777215;
15241 : 16777215;
15242 : 16777215;
15243 : 16777215;
15244 : 16777215;
15245 : 16777215;
15246 : 16777215;
15247 : 16777215;
15248 : 16777215;
15249 : 16777215;
15250 : 16777215;
15251 : 16777215;
15252 : 16777215;
15253 : 16777215;
15254 : 16777215;
15255 : 16777215;
15256 : 16777215;
15257 : 16777215;
15258 : 16777215;
15259 : 16777215;
15260 : 16777215;
15261 : 16777215;
15262 : 16777215;
15263 : 16777215;
15264 : 16777215;
15265 : 16777215;
15266 : 16777215;
15267 : 16777215;
15268 : 12632256;
15269 : 11382192;
15270 : 16514303;
15271 : 16119806;
15272 : 14476012;
15273 : 3948100;
15274 : 10461612;
15275 : 16645887;
15276 : 14475496;
15277 : 8816779;
15278 : 16777215;
15279 : 16777215;
15280 : 16777215;
15281 : 16777215;
15282 : 16777215;
15283 : 16777215;
15284 : 16777215;
15285 : 16777215;
15286 : 16777215;
15287 : 16777215;
15288 : 16777215;
15289 : 16777215;
15290 : 16777215;
15291 : 16777215;
15292 : 16777215;
15293 : 16777215;
15294 : 16777215;
15295 : 16777215;
15296 : 16777215;
15297 : 16777215;
15298 : 16777215;
15299 : 16777215;
15300 : 16777215;
15301 : 16777215;
15302 : 16777215;
15303 : 16777215;
15304 : 16777215;
15305 : 16777215;
15306 : 16777215;
15307 : 16777215;
15308 : 16777215;
15309 : 16777215;
15310 : 16777215;
15311 : 16777215;
15312 : 16777215;
15313 : 16777215;
15314 : 16777215;
15315 : 16777215;
15316 : 16777215;
15317 : 16777215;
15318 : 16777215;
15319 : 16777215;
15320 : 16777215;
15321 : 16777215;
15322 : 16777215;
15323 : 16777215;
15324 : 16777215;
15325 : 16777215;
15326 : 16777215;
15327 : 16777215;
15328 : 16777215;
15329 : 16777215;
15330 : 16777215;
15331 : 16777215;
15332 : 16777215;
15333 : 16777215;
15334 : 16777215;
15335 : 16777215;
15336 : 16777215;
15337 : 16777215;
15338 : 16777215;
15339 : 16777215;
15340 : 16777215;
15341 : 16777215;
15342 : 16777215;
15343 : 16777215;
15344 : 16777215;
15345 : 16777215;
15346 : 16777215;
15347 : 16777215;
15348 : 16777215;
15349 : 16777215;
15350 : 16777215;
15351 : 16777215;
15352 : 16777215;
15353 : 16777215;
15354 : 16777215;
15355 : 16777215;
15356 : 16777215;
15357 : 16777215;
15358 : 16777215;
15359 : 16777215;
15360 : 16777215;
15361 : 16777215;
15362 : 16777215;
15363 : 16777215;
15364 : 16777215;
15365 : 16777215;
15366 : 16777215;
15367 : 16777215;
15368 : 16777215;
15369 : 16777215;
15370 : 16777215;
15371 : 16777215;
15372 : 16777215;
15373 : 16777215;
15374 : 16777215;
15375 : 16777215;
15376 : 16777215;
15377 : 16777215;
15378 : 16777215;
15379 : 16777215;
15380 : 16777215;
15381 : 16777215;
15382 : 16777215;
15383 : 16777215;
15384 : 16777215;
15385 : 16777215;
15386 : 16777215;
15387 : 16777215;
15388 : 16777215;
15389 : 16777215;
15390 : 16777215;
15391 : 16777215;
15392 : 16777215;
15393 : 16777215;
15394 : 16777215;
15395 : 16777215;
15396 : 15329769;
15397 : 8947849;
15398 : 16251389;
15399 : 16054269;
15400 : 14542061;
15401 : 6646125;
15402 : 7829629;
15403 : 16447999;
15404 : 14145757;
15405 : 9606036;
15406 : 16777215;
15407 : 16777215;
15408 : 16777215;
15409 : 16777215;
15410 : 16777215;
15411 : 16777215;
15412 : 16777215;
15413 : 16777215;
15414 : 16777215;
15415 : 16777215;
15416 : 16777215;
15417 : 16777215;
15418 : 16777215;
15419 : 16777215;
15420 : 16777215;
15421 : 16777215;
15422 : 16777215;
15423 : 16777215;
15424 : 16777215;
15425 : 16777215;
15426 : 16777215;
15427 : 16777215;
15428 : 16777215;
15429 : 16777215;
15430 : 16777215;
15431 : 16777215;
15432 : 16777215;
15433 : 16777215;
15434 : 16777215;
15435 : 16777215;
15436 : 16777215;
15437 : 16777215;
15438 : 16777215;
15439 : 16777215;
15440 : 16777215;
15441 : 16777215;
15442 : 16777215;
15443 : 16777215;
15444 : 16777215;
15445 : 16777215;
15446 : 16777215;
15447 : 16777215;
15448 : 16777215;
15449 : 16777215;
15450 : 16777215;
15451 : 16777215;
15452 : 16777215;
15453 : 16777215;
15454 : 16777215;
15455 : 16777215;
15456 : 16777215;
15457 : 16777215;
15458 : 16777215;
15459 : 16777215;
15460 : 16777215;
15461 : 16777215;
15462 : 16777215;
15463 : 16777215;
15464 : 16777215;
15465 : 16777215;
15466 : 16777215;
15467 : 16777215;
15468 : 16777215;
15469 : 16777215;
15470 : 16777215;
15471 : 16777215;
15472 : 16777215;
15473 : 16777215;
15474 : 16777215;
15475 : 16777215;
15476 : 16777215;
15477 : 16777215;
15478 : 16777215;
15479 : 16777215;
15480 : 16777215;
15481 : 16777215;
15482 : 16777215;
15483 : 16777215;
15484 : 16777215;
15485 : 16777215;
15486 : 16777215;
15487 : 16777215;
15488 : 16777215;
15489 : 16777215;
15490 : 16777215;
15491 : 16777215;
15492 : 16777215;
15493 : 16777215;
15494 : 16777215;
15495 : 16777215;
15496 : 16777215;
15497 : 16777215;
15498 : 16777215;
15499 : 16777215;
15500 : 16777215;
15501 : 16777215;
15502 : 16777215;
15503 : 16777215;
15504 : 16777215;
15505 : 16777215;
15506 : 16777215;
15507 : 16777215;
15508 : 16777215;
15509 : 16777215;
15510 : 16777215;
15511 : 16777215;
15512 : 16777215;
15513 : 16777215;
15514 : 16777215;
15515 : 16777215;
15516 : 16777215;
15517 : 16777215;
15518 : 16777215;
15519 : 16777215;
15520 : 16777215;
15521 : 16777215;
15522 : 16777215;
15523 : 16777215;
15524 : 16777215;
15525 : 10132123;
15526 : 14540512;
15527 : 16251646;
15528 : 14344679;
15529 : 9146257;
15530 : 9803159;
15531 : 15132141;
15532 : 13027018;
15533 : 10132379;
15534 : 16777215;
15535 : 16777215;
15536 : 16777215;
15537 : 16777215;
15538 : 16777215;
15539 : 16777215;
15540 : 16777215;
15541 : 16777215;
15542 : 16777215;
15543 : 16777215;
15544 : 16777215;
15545 : 16777215;
15546 : 16777215;
15547 : 16777215;
15548 : 16777215;
15549 : 16777215;
15550 : 16777215;
15551 : 16777215;
15552 : 16777215;
15553 : 16777215;
15554 : 16777215;
15555 : 16777215;
15556 : 16777215;
15557 : 16777215;
15558 : 16777215;
15559 : 16777215;
15560 : 16777215;
15561 : 16777215;
15562 : 16777215;
15563 : 16777215;
15564 : 16777215;
15565 : 16777215;
15566 : 16777215;
15567 : 16777215;
15568 : 16777215;
15569 : 16777215;
15570 : 16777215;
15571 : 16777215;
15572 : 16777215;
15573 : 16777215;
15574 : 16777215;
15575 : 16777215;
15576 : 16777215;
15577 : 16777215;
15578 : 16777215;
15579 : 16777215;
15580 : 16777215;
15581 : 16777215;
15582 : 16777215;
15583 : 16777215;
15584 : 16777215;
15585 : 16777215;
15586 : 16777215;
15587 : 16777215;
15588 : 16777215;
15589 : 16777215;
15590 : 16777215;
15591 : 16777215;
15592 : 16777215;
15593 : 16777215;
15594 : 16777215;
15595 : 16777215;
15596 : 16777215;
15597 : 16777215;
15598 : 16777215;
15599 : 16777215;
15600 : 16777215;
15601 : 16777215;
15602 : 16777215;
15603 : 16777215;
15604 : 16777215;
15605 : 16777215;
15606 : 16777215;
15607 : 16777215;
15608 : 16777215;
15609 : 16777215;
15610 : 16777215;
15611 : 16777215;
15612 : 16777215;
15613 : 16777215;
15614 : 16777215;
15615 : 16777215;
15616 : 16777215;
15617 : 16777215;
15618 : 16777215;
15619 : 16777215;
15620 : 16777215;
15621 : 16777215;
15622 : 16777215;
15623 : 16777215;
15624 : 16777215;
15625 : 16777215;
15626 : 16777215;
15627 : 16777215;
15628 : 16777215;
15629 : 16777215;
15630 : 16777215;
15631 : 16777215;
15632 : 16777215;
15633 : 16777215;
15634 : 16777215;
15635 : 16777215;
15636 : 16777215;
15637 : 16777215;
15638 : 16777215;
15639 : 16777215;
15640 : 16777215;
15641 : 16777215;
15642 : 16777215;
15643 : 16777215;
15644 : 16777215;
15645 : 16777215;
15646 : 16777215;
15647 : 16777215;
15648 : 16777215;
15649 : 16777215;
15650 : 16777215;
15651 : 16777215;
15652 : 16777215;
15653 : 13421772;
15654 : 10987690;
15655 : 16514815;
15656 : 14212579;
15657 : 9277842;
15658 : 12369084;
15659 : 12895687;
15660 : 10724519;
15661 : 12369084;
15662 : 16777215;
15663 : 16777215;
15664 : 16777215;
15665 : 16777215;
15666 : 16777215;
15667 : 16777215;
15668 : 16777215;
15669 : 16777215;
15670 : 16777215;
15671 : 16777215;
15672 : 16777215;
15673 : 16777215;
15674 : 16777215;
15675 : 16777215;
15676 : 16777215;
15677 : 16777215;
15678 : 16777215;
15679 : 16777215;
15680 : 16777215;
15681 : 16777215;
15682 : 16777215;
15683 : 16777215;
15684 : 16777215;
15685 : 16777215;
15686 : 16777215;
15687 : 16777215;
15688 : 16777215;
15689 : 16777215;
15690 : 16777215;
15691 : 16777215;
15692 : 16777215;
15693 : 16777215;
15694 : 16777215;
15695 : 16777215;
15696 : 16777215;
15697 : 16777215;
15698 : 16777215;
15699 : 16777215;
15700 : 16777215;
15701 : 16777215;
15702 : 16777215;
15703 : 16777215;
15704 : 16777215;
15705 : 16777215;
15706 : 16777215;
15707 : 16777215;
15708 : 16777215;
15709 : 16777215;
15710 : 16777215;
15711 : 16777215;
15712 : 16777215;
15713 : 16777215;
15714 : 16777215;
15715 : 16777215;
15716 : 16777215;
15717 : 16777215;
15718 : 16777215;
15719 : 16777215;
15720 : 16777215;
15721 : 16777215;
15722 : 16777215;
15723 : 16777215;
15724 : 16777215;
15725 : 16777215;
15726 : 16777215;
15727 : 16777215;
15728 : 16777215;
15729 : 16777215;
15730 : 16777215;
15731 : 16777215;
15732 : 16777215;
15733 : 16777215;
15734 : 16777215;
15735 : 16777215;
15736 : 16777215;
15737 : 16777215;
15738 : 16777215;
15739 : 16777215;
15740 : 16777215;
15741 : 16777215;
15742 : 16777215;
15743 : 16777215;
15744 : 16777215;
15745 : 16777215;
15746 : 16777215;
15747 : 16777215;
15748 : 16777215;
15749 : 16777215;
15750 : 16777215;
15751 : 16777215;
15752 : 16777215;
15753 : 16777215;
15754 : 16777215;
15755 : 16777215;
15756 : 16777215;
15757 : 16777215;
15758 : 16777215;
15759 : 16777215;
15760 : 16777215;
15761 : 16777215;
15762 : 16777215;
15763 : 16777215;
15764 : 16777215;
15765 : 16777215;
15766 : 16777215;
15767 : 16777215;
15768 : 16777215;
15769 : 16777215;
15770 : 16777215;
15771 : 16777215;
15772 : 16777215;
15773 : 16777215;
15774 : 16777215;
15775 : 16777215;
15776 : 16777215;
15777 : 16777215;
15778 : 16777215;
15779 : 16777215;
15780 : 16777215;
15781 : 16316664;
15782 : 9342608;
15783 : 15790839;
15784 : 14212066;
15785 : 8948621;
15786 : 14737632;
15787 : 10132636;
15788 : 9145485;
15789 : 15132390;
15790 : 16777215;
15791 : 16777215;
15792 : 16777215;
15793 : 16777215;
15794 : 16777215;
15795 : 16777215;
15796 : 16777215;
15797 : 16777215;
15798 : 16777215;
15799 : 16777215;
15800 : 16777215;
15801 : 16777215;
15802 : 16777215;
15803 : 16777215;
15804 : 16777215;
15805 : 16777215;
15806 : 16777215;
15807 : 16777215;
15808 : 16777215;
15809 : 16777215;
15810 : 16777215;
15811 : 16777215;
15812 : 16777215;
15813 : 16777215;
15814 : 16777215;
15815 : 16777215;
15816 : 16777215;
15817 : 16777215;
15818 : 16777215;
15819 : 16777215;
15820 : 16777215;
15821 : 16777215;
15822 : 16777215;
15823 : 16777215;
15824 : 16777215;
15825 : 16777215;
15826 : 16777215;
15827 : 16777215;
15828 : 16777215;
15829 : 16777215;
15830 : 16777215;
15831 : 16777215;
15832 : 16777215;
15833 : 16777215;
15834 : 16777215;
15835 : 16777215;
15836 : 16777215;
15837 : 16777215;
15838 : 16777215;
15839 : 16777215;
15840 : 16777215;
15841 : 16777215;
15842 : 16777215;
15843 : 16777215;
15844 : 16777215;
15845 : 16777215;
15846 : 16777215;
15847 : 16777215;
15848 : 16777215;
15849 : 16777215;
15850 : 16777215;
15851 : 16777215;
15852 : 16777215;
15853 : 16777215;
15854 : 16777215;
15855 : 16777215;
15856 : 16777215;
15857 : 16777215;
15858 : 16777215;
15859 : 16777215;
15860 : 16777215;
15861 : 16777215;
15862 : 16777215;
15863 : 16777215;
15864 : 16777215;
15865 : 16777215;
15866 : 16777215;
15867 : 16777215;
15868 : 16777215;
15869 : 16777215;
15870 : 16777215;
15871 : 16777215;
15872 : 16777215;
15873 : 16777215;
15874 : 16777215;
15875 : 16777215;
15876 : 16777215;
15877 : 16777215;
15878 : 16777215;
15879 : 16777215;
15880 : 16777215;
15881 : 16777215;
15882 : 16777215;
15883 : 16777215;
15884 : 16777215;
15885 : 16777215;
15886 : 16777215;
15887 : 16777215;
15888 : 16777215;
15889 : 16777215;
15890 : 16777215;
15891 : 16777215;
15892 : 16777215;
15893 : 16777215;
15894 : 16777215;
15895 : 16777215;
15896 : 16777215;
15897 : 16777215;
15898 : 16777215;
15899 : 16777215;
15900 : 16777215;
15901 : 16777215;
15902 : 16777215;
15903 : 16777215;
15904 : 16777215;
15905 : 16777215;
15906 : 16777215;
15907 : 16777215;
15908 : 16777215;
15909 : 16777215;
15910 : 11447983;
15911 : 12304066;
15912 : 13554648;
15913 : 8816778;
15914 : 16645629;
15915 : 8092797;
15916 : 8619141;
15917 : 16711422;
15918 : 16777215;
15919 : 16777215;
15920 : 16777215;
15921 : 16777215;
15922 : 16777215;
15923 : 16777215;
15924 : 16777215;
15925 : 16777215;
15926 : 16777215;
15927 : 16777215;
15928 : 16777215;
15929 : 16777215;
15930 : 16777215;
15931 : 16777215;
15932 : 16777215;
15933 : 16777215;
15934 : 16777215;
15935 : 16777215;
15936 : 16777215;
15937 : 16777215;
15938 : 16777215;
15939 : 16777215;
15940 : 16777215;
15941 : 16777215;
15942 : 16777215;
15943 : 16777215;
15944 : 16777215;
15945 : 16777215;
15946 : 16777215;
15947 : 16777215;
15948 : 16777215;
15949 : 16777215;
15950 : 16777215;
15951 : 16777215;
15952 : 16777215;
15953 : 16777215;
15954 : 16777215;
15955 : 16777215;
15956 : 16777215;
15957 : 16777215;
15958 : 16777215;
15959 : 16777215;
15960 : 16777215;
15961 : 16777215;
15962 : 16777215;
15963 : 16777215;
15964 : 16777215;
15965 : 16777215;
15966 : 16777215;
15967 : 16777215;
15968 : 16777215;
15969 : 16777215;
15970 : 16777215;
15971 : 16777215;
15972 : 16777215;
15973 : 16777215;
15974 : 16777215;
15975 : 16777215;
15976 : 16777215;
15977 : 16777215;
15978 : 16777215;
15979 : 16777215;
15980 : 16777215;
15981 : 16777215;
15982 : 16777215;
15983 : 16777215;
15984 : 16777215;
15985 : 16777215;
15986 : 16777215;
15987 : 16777215;
15988 : 16777215;
15989 : 16777215;
15990 : 16777215;
15991 : 16777215;
15992 : 16777215;
15993 : 16777215;
15994 : 16777215;
15995 : 16777215;
15996 : 16777215;
15997 : 16777215;
15998 : 16777215;
15999 : 16777215;
16000 : 16777215;
16001 : 16777215;
16002 : 16777215;
16003 : 16777215;
16004 : 16777215;
16005 : 16777215;
16006 : 16777215;
16007 : 16777215;
16008 : 16777215;
16009 : 16777215;
16010 : 16777215;
16011 : 16777215;
16012 : 16777215;
16013 : 16777215;
16014 : 16777215;
16015 : 16777215;
16016 : 16777215;
16017 : 16777215;
16018 : 16777215;
16019 : 16777215;
16020 : 16777215;
16021 : 16777215;
16022 : 16777215;
16023 : 16777215;
16024 : 16777215;
16025 : 16777215;
16026 : 16777215;
16027 : 16777215;
16028 : 16777215;
16029 : 16777215;
16030 : 16777215;
16031 : 16777215;
16032 : 16777215;
16033 : 16777215;
16034 : 16777215;
16035 : 16777215;
16036 : 16777215;
16037 : 16777215;
16038 : 15330026;
16039 : 9737366;
16040 : 10987690;
16041 : 10197917;
16042 : 16777215;
16043 : 10395294;
16044 : 11777203;
16045 : 16777215;
16046 : 16777215;
16047 : 16777215;
16048 : 16777215;
16049 : 16777215;
16050 : 16777215;
16051 : 16777215;
16052 : 16777215;
16053 : 16777215;
16054 : 16777215;
16055 : 16777215;
16056 : 16777215;
16057 : 16777215;
16058 : 16777215;
16059 : 16777215;
16060 : 16777215;
16061 : 16777215;
16062 : 16777215;
16063 : 16777215;
16064 : 16777215;
16065 : 16777215;
16066 : 16777215;
16067 : 16777215;
16068 : 16777215;
16069 : 16777215;
16070 : 16777215;
16071 : 16777215;
16072 : 16777215;
16073 : 16777215;
16074 : 16777215;
16075 : 16777215;
16076 : 16777215;
16077 : 16777215;
16078 : 16777215;
16079 : 16777215;
16080 : 16777215;
16081 : 16777215;
16082 : 16777215;
16083 : 16777215;
16084 : 16777215;
16085 : 16777215;
16086 : 16777215;
16087 : 16777215;
16088 : 16777215;
16089 : 16777215;
16090 : 16777215;
16091 : 16777215;
16092 : 16777215;
16093 : 16777215;
16094 : 16777215;
16095 : 16777215;
16096 : 16777215;
16097 : 16777215;
16098 : 16777215;
16099 : 16777215;
16100 : 16777215;
16101 : 16777215;
16102 : 16777215;
16103 : 16777215;
16104 : 16777215;
16105 : 16777215;
16106 : 16777215;
16107 : 16777215;
16108 : 16777215;
16109 : 16777215;
16110 : 16777215;
16111 : 16777215;
16112 : 16777215;
16113 : 16777215;
16114 : 16777215;
16115 : 16777215;
16116 : 16777215;
16117 : 16777215;
16118 : 16777215;
16119 : 16777215;
16120 : 16777215;
16121 : 16777215;
16122 : 16777215;
16123 : 16777215;
16124 : 16777215;
16125 : 16777215;
16126 : 16777215;
16127 : 16777215;
16128 : 16777215;
16129 : 16777215;
16130 : 16777215;
16131 : 16777215;
16132 : 16777215;
16133 : 16777215;
16134 : 16777215;
16135 : 16777215;
16136 : 16777215;
16137 : 16777215;
16138 : 16777215;
16139 : 16777215;
16140 : 16777215;
16141 : 16777215;
16142 : 16777215;
16143 : 16777215;
16144 : 16777215;
16145 : 16777215;
16146 : 16777215;
16147 : 16777215;
16148 : 16777215;
16149 : 16777215;
16150 : 16777215;
16151 : 16777215;
16152 : 16777215;
16153 : 16777215;
16154 : 16777215;
16155 : 16777215;
16156 : 16777215;
16157 : 16777215;
16158 : 16777215;
16159 : 16777215;
16160 : 16777215;
16161 : 16777215;
16162 : 16777215;
16163 : 16777215;
16164 : 16777215;
16165 : 16777215;
16166 : 16777215;
16167 : 12697792;
16168 : 5197134;
16169 : 14079445;
16170 : 16777215;
16171 : 16645629;
16172 : 16711679;
16173 : 16777215;
16174 : 16777215;
16175 : 16777215;
16176 : 16777215;
16177 : 16777215;
16178 : 16777215;
16179 : 16777215;
16180 : 16777215;
16181 : 16777215;
16182 : 16777215;
16183 : 16777215;
16184 : 16777215;
16185 : 16777215;
16186 : 16777215;
16187 : 16777215;
16188 : 16777215;
16189 : 16777215;
16190 : 16777215;
16191 : 16777215;
16192 : 16777215;
16193 : 16777215;
16194 : 16777215;
16195 : 16777215;
16196 : 16777215;
16197 : 16777215;
16198 : 16777215;
16199 : 16777215;
16200 : 16777215;
16201 : 16777215;
16202 : 16777215;
16203 : 16777215;
16204 : 16777215;
16205 : 16777215;
16206 : 16777215;
16207 : 16777215;
16208 : 16777215;
16209 : 16777215;
16210 : 16777215;
16211 : 16777215;
16212 : 16777215;
16213 : 16777215;
16214 : 16777215;
16215 : 16777215;
16216 : 16777215;
16217 : 16777215;
16218 : 16777215;
16219 : 16777215;
16220 : 16777215;
16221 : 16777215;
16222 : 16777215;
16223 : 16777215;
16224 : 16777215;
16225 : 16777215;
16226 : 16777215;
16227 : 16777215;
16228 : 16777215;
16229 : 16777215;
16230 : 16777215;
16231 : 16777215;
16232 : 16777215;
16233 : 16777215;
16234 : 16777215;
16235 : 16777215;
16236 : 16777215;
16237 : 16777215;
16238 : 16777215;
16239 : 16777215;
16240 : 16777215;
16241 : 16777215;
16242 : 16777215;
16243 : 16777215;
16244 : 16777215;
16245 : 16777215;
16246 : 16777215;
16247 : 16777215;
16248 : 16777215;
16249 : 16777215;
16250 : 16777215;
16251 : 16777215;
16252 : 16777215;
16253 : 16777215;
16254 : 16777215;
16255 : 16777215;
16256 : 16777215;
16257 : 16777215;
16258 : 16777215;
16259 : 16777215;
16260 : 16777215;
16261 : 16777215;
16262 : 16777215;
16263 : 16777215;
16264 : 16777215;
16265 : 16777215;
16266 : 16777215;
16267 : 16777215;
16268 : 16777215;
16269 : 16777215;
16270 : 16777215;
16271 : 16777215;
16272 : 16777215;
16273 : 16777215;
16274 : 16777215;
16275 : 16777215;
16276 : 16777215;
16277 : 16777215;
16278 : 16777215;
16279 : 16777215;
16280 : 16777215;
16281 : 16777215;
16282 : 16777215;
16283 : 16777215;
16284 : 16777215;
16285 : 16777215;
16286 : 16777215;
16287 : 16777215;
16288 : 16777215;
16289 : 16777215;
16290 : 16777215;
16291 : 16777215;
16292 : 16777215;
16293 : 16777215;
16294 : 16777215;
16295 : 16711422;
16296 : 14803425;
16297 : 16777215;
16298 : 16777215;
16299 : 16777215;
16300 : 16777215;
16301 : 16777215;
16302 : 16777215;
16303 : 16777215;
16304 : 16777215;
16305 : 16777215;
16306 : 16777215;
16307 : 16777215;
16308 : 16777215;
16309 : 16777215;
16310 : 16777215;
16311 : 16777215;
16312 : 16777215;
16313 : 16777215;
16314 : 16777215;
16315 : 16777215;
16316 : 16777215;
16317 : 16777215;
16318 : 16777215;
16319 : 16777215;
16320 : 16777215;
16321 : 16777215;
16322 : 16777215;
16323 : 16777215;
16324 : 16777215;
16325 : 16777215;
16326 : 16777215;
16327 : 16777215;
16328 : 16777215;
16329 : 16777215;
16330 : 16777215;
16331 : 16777215;
16332 : 16777215;
16333 : 16777215;
16334 : 16777215;
16335 : 16777215;
16336 : 16777215;
16337 : 16777215;
16338 : 16777215;
16339 : 16777215;
16340 : 16777215;
16341 : 16777215;
16342 : 16777215;
16343 : 16777215;
16344 : 16777215;
16345 : 16777215;
16346 : 16777215;
16347 : 16777215;
16348 : 16777215;
16349 : 16777215;
16350 : 16777215;
16351 : 16777215;
16352 : 16777215;
16353 : 16777215;
16354 : 16777215;
16355 : 16777215;
16356 : 16777215;
16357 : 16777215;
16358 : 16777215;
16359 : 16777215;
16360 : 16777215;
16361 : 16777215;
16362 : 16777215;
16363 : 16777215;
16364 : 16777215;
16365 : 16777215;
16366 : 16777215;
16367 : 16777215;
16368 : 16777215;
16369 : 16777215;
16370 : 16777215;
16371 : 16777215;
16372 : 16777215;
16373 : 16777215;
16374 : 16777215;
16375 : 16777215;
16376 : 16777215;
16377 : 16777215;
16378 : 16777215;
16379 : 16777215;
16380 : 16777215;
16381 : 16777215;
16382 : 16777215;
16383 : 16777215;
END;
