WIDTH=16;
DEPTH=16384;

ADDRESS_RADIX=UNS;
DATA_RADIX=UNS;

CONTENT BEGIN
0 : 65535;
1 : 65535;
2 : 65535;
3 : 65535;
4 : 65535;
5 : 65535;
6 : 65535;
7 : 65535;
8 : 65535;
9 : 65535;
10 : 65535;
11 : 65535;
12 : 65535;
13 : 65535;
14 : 65535;
15 : 65535;
16 : 65535;
17 : 65535;
18 : 65535;
19 : 65535;
20 : 65535;
21 : 65535;
22 : 65535;
23 : 65535;
24 : 65535;
25 : 65535;
26 : 65535;
27 : 65535;
28 : 65535;
29 : 65535;
30 : 65535;
31 : 65535;
32 : 65535;
33 : 65535;
34 : 65535;
35 : 65535;
36 : 65535;
37 : 65535;
38 : 65535;
39 : 65535;
40 : 65535;
41 : 65535;
42 : 65535;
43 : 65535;
44 : 65535;
45 : 65535;
46 : 65535;
47 : 65535;
48 : 65535;
49 : 54970;
50 : 65535;
51 : 65535;
52 : 65535;
53 : 65535;
54 : 65535;
55 : 65535;
56 : 65535;
57 : 65535;
58 : 65535;
59 : 65535;
60 : 65535;
61 : 65535;
62 : 65535;
63 : 65535;
64 : 65535;
65 : 65535;
66 : 65535;
67 : 65535;
68 : 65535;
69 : 65535;
70 : 65535;
71 : 65535;
72 : 65535;
73 : 65535;
74 : 65535;
75 : 65535;
76 : 65535;
77 : 65535;
78 : 65535;
79 : 65535;
80 : 65535;
81 : 65535;
82 : 65535;
83 : 65535;
84 : 65535;
85 : 65535;
86 : 65535;
87 : 65535;
88 : 65535;
89 : 65535;
90 : 65535;
91 : 65535;
92 : 65535;
93 : 65535;
94 : 65535;
95 : 65535;
96 : 65535;
97 : 65535;
98 : 65535;
99 : 65535;
100 : 65535;
101 : 65535;
102 : 65535;
103 : 65535;
104 : 65535;
105 : 65535;
106 : 65535;
107 : 65535;
108 : 65535;
109 : 65535;
110 : 65535;
111 : 65535;
112 : 65535;
113 : 65535;
114 : 65535;
115 : 65535;
116 : 65535;
117 : 65535;
118 : 65535;
119 : 65535;
120 : 65535;
121 : 65535;
122 : 65535;
123 : 65535;
124 : 65535;
125 : 65535;
126 : 65535;
127 : 65535;
128 : 65535;
129 : 65535;
130 : 65535;
131 : 65535;
132 : 65535;
133 : 65535;
134 : 65535;
135 : 65535;
136 : 65535;
137 : 65535;
138 : 65535;
139 : 65535;
140 : 65535;
141 : 65535;
142 : 65535;
143 : 65535;
144 : 65535;
145 : 65535;
146 : 65535;
147 : 65535;
148 : 65535;
149 : 65535;
150 : 65535;
151 : 65535;
152 : 65535;
153 : 65535;
154 : 65535;
155 : 65535;
156 : 65535;
157 : 65535;
158 : 65535;
159 : 65535;
160 : 65535;
161 : 65535;
162 : 65535;
163 : 65535;
164 : 65535;
165 : 65535;
166 : 65535;
167 : 65535;
168 : 65535;
169 : 65535;
170 : 65535;
171 : 65535;
172 : 65535;
173 : 65535;
174 : 65535;
175 : 65535;
176 : 65503;
177 : 16936;
178 : 50744;
179 : 65535;
180 : 65535;
181 : 65535;
182 : 65535;
183 : 65535;
184 : 65535;
185 : 65535;
186 : 65535;
187 : 65535;
188 : 65535;
189 : 65535;
190 : 65535;
191 : 65535;
192 : 65535;
193 : 65535;
194 : 65535;
195 : 65535;
196 : 65535;
197 : 65535;
198 : 65535;
199 : 65535;
200 : 65535;
201 : 65535;
202 : 65535;
203 : 65535;
204 : 65535;
205 : 65535;
206 : 65535;
207 : 65535;
208 : 65535;
209 : 65535;
210 : 65535;
211 : 65535;
212 : 65535;
213 : 65535;
214 : 65535;
215 : 65535;
216 : 65535;
217 : 65535;
218 : 65535;
219 : 65535;
220 : 65535;
221 : 65535;
222 : 65535;
223 : 65535;
224 : 65535;
225 : 65535;
226 : 65535;
227 : 65535;
228 : 65535;
229 : 65535;
230 : 65535;
231 : 65535;
232 : 65535;
233 : 65535;
234 : 65535;
235 : 65535;
236 : 65535;
237 : 65535;
238 : 65535;
239 : 65535;
240 : 65535;
241 : 65535;
242 : 65535;
243 : 65535;
244 : 65535;
245 : 65535;
246 : 65535;
247 : 65535;
248 : 65535;
249 : 65535;
250 : 65535;
251 : 65535;
252 : 65535;
253 : 65535;
254 : 65535;
255 : 65535;
256 : 65535;
257 : 65535;
258 : 65535;
259 : 65535;
260 : 65535;
261 : 65535;
262 : 65535;
263 : 65535;
264 : 65535;
265 : 65535;
266 : 65535;
267 : 65535;
268 : 65535;
269 : 65535;
270 : 65535;
271 : 65535;
272 : 65535;
273 : 65535;
274 : 65535;
275 : 65535;
276 : 65535;
277 : 65535;
278 : 65535;
279 : 65535;
280 : 65535;
281 : 65535;
282 : 65535;
283 : 65535;
284 : 65535;
285 : 65535;
286 : 65535;
287 : 65535;
288 : 65535;
289 : 65535;
290 : 65535;
291 : 65535;
292 : 65535;
293 : 65535;
294 : 65535;
295 : 65535;
296 : 65535;
297 : 65535;
298 : 65535;
299 : 65535;
300 : 65535;
301 : 65535;
302 : 65535;
303 : 65535;
304 : 65503;
305 : 21228;
306 : 23341;
307 : 63422;
308 : 65535;
309 : 65535;
310 : 65535;
311 : 65535;
312 : 65535;
313 : 65535;
314 : 65535;
315 : 65535;
316 : 65535;
317 : 65535;
318 : 65535;
319 : 65535;
320 : 65535;
321 : 65535;
322 : 65535;
323 : 65535;
324 : 65535;
325 : 65535;
326 : 65535;
327 : 65535;
328 : 65535;
329 : 65535;
330 : 65535;
331 : 65535;
332 : 65535;
333 : 65535;
334 : 65535;
335 : 65535;
336 : 65535;
337 : 65535;
338 : 65535;
339 : 65535;
340 : 65535;
341 : 65535;
342 : 65535;
343 : 65535;
344 : 65535;
345 : 65535;
346 : 65535;
347 : 65535;
348 : 65535;
349 : 65535;
350 : 65535;
351 : 65535;
352 : 65535;
353 : 65535;
354 : 65535;
355 : 65535;
356 : 65535;
357 : 65535;
358 : 65535;
359 : 65535;
360 : 65535;
361 : 65535;
362 : 65535;
363 : 65535;
364 : 65535;
365 : 65535;
366 : 65535;
367 : 65535;
368 : 65535;
369 : 65535;
370 : 65535;
371 : 65535;
372 : 65535;
373 : 65535;
374 : 65535;
375 : 65535;
376 : 65535;
377 : 65535;
378 : 65535;
379 : 65535;
380 : 65535;
381 : 65535;
382 : 65535;
383 : 65535;
384 : 65535;
385 : 65535;
386 : 65535;
387 : 65535;
388 : 65535;
389 : 65535;
390 : 65535;
391 : 65535;
392 : 65535;
393 : 65535;
394 : 65535;
395 : 65535;
396 : 65535;
397 : 65535;
398 : 65535;
399 : 65535;
400 : 65535;
401 : 65535;
402 : 65535;
403 : 65535;
404 : 65535;
405 : 65535;
406 : 65535;
407 : 65535;
408 : 65535;
409 : 65535;
410 : 65535;
411 : 65535;
412 : 65535;
413 : 65535;
414 : 65535;
415 : 65535;
416 : 65535;
417 : 65535;
418 : 65535;
419 : 65535;
420 : 65535;
421 : 65535;
422 : 65535;
423 : 65535;
424 : 65535;
425 : 65535;
426 : 65535;
427 : 65535;
428 : 65535;
429 : 65535;
430 : 65535;
431 : 65535;
432 : 65535;
433 : 27599;
434 : 12939;
435 : 46486;
436 : 65535;
437 : 65535;
438 : 65535;
439 : 65535;
440 : 65535;
441 : 65535;
442 : 65535;
443 : 65535;
444 : 65535;
445 : 65535;
446 : 65535;
447 : 65535;
448 : 65535;
449 : 65535;
450 : 65535;
451 : 65535;
452 : 65535;
453 : 65535;
454 : 65535;
455 : 65535;
456 : 65535;
457 : 65535;
458 : 65535;
459 : 65535;
460 : 65535;
461 : 65535;
462 : 65535;
463 : 65535;
464 : 65535;
465 : 65535;
466 : 65535;
467 : 65535;
468 : 65535;
469 : 65535;
470 : 65535;
471 : 65535;
472 : 65535;
473 : 65535;
474 : 65535;
475 : 65535;
476 : 65535;
477 : 65535;
478 : 65535;
479 : 65535;
480 : 65535;
481 : 65535;
482 : 65535;
483 : 65535;
484 : 65535;
485 : 65535;
486 : 65535;
487 : 65535;
488 : 65535;
489 : 65535;
490 : 65535;
491 : 65535;
492 : 65535;
493 : 65535;
494 : 65535;
495 : 65535;
496 : 65535;
497 : 65535;
498 : 65535;
499 : 65535;
500 : 65535;
501 : 65535;
502 : 65535;
503 : 65535;
504 : 65535;
505 : 65535;
506 : 65535;
507 : 65535;
508 : 65535;
509 : 65535;
510 : 65535;
511 : 65535;
512 : 65535;
513 : 65535;
514 : 65535;
515 : 65535;
516 : 65535;
517 : 65535;
518 : 65535;
519 : 65535;
520 : 65535;
521 : 65535;
522 : 65535;
523 : 65535;
524 : 65535;
525 : 65535;
526 : 65535;
527 : 65535;
528 : 65535;
529 : 65535;
530 : 65535;
531 : 65535;
532 : 65535;
533 : 65535;
534 : 65535;
535 : 65535;
536 : 65535;
537 : 65535;
538 : 65535;
539 : 65535;
540 : 65535;
541 : 65535;
542 : 65535;
543 : 65535;
544 : 65535;
545 : 65535;
546 : 65535;
547 : 65535;
548 : 65535;
549 : 65535;
550 : 65535;
551 : 65535;
552 : 65535;
553 : 65535;
554 : 65535;
555 : 65535;
556 : 65535;
557 : 65535;
558 : 65535;
559 : 65535;
560 : 65535;
561 : 35986;
562 : 17231;
563 : 25421;
564 : 65535;
565 : 65535;
566 : 65535;
567 : 65535;
568 : 65535;
569 : 65535;
570 : 65535;
571 : 65535;
572 : 65535;
573 : 65535;
574 : 65535;
575 : 65535;
576 : 65535;
577 : 65535;
578 : 65535;
579 : 65535;
580 : 65535;
581 : 65535;
582 : 65535;
583 : 65535;
584 : 65535;
585 : 65535;
586 : 65535;
587 : 65535;
588 : 65535;
589 : 65535;
590 : 65535;
591 : 65535;
592 : 65535;
593 : 65535;
594 : 65535;
595 : 65535;
596 : 65535;
597 : 65535;
598 : 65535;
599 : 65535;
600 : 65535;
601 : 65535;
602 : 65535;
603 : 65535;
604 : 65535;
605 : 65535;
606 : 65535;
607 : 65535;
608 : 65535;
609 : 65535;
610 : 65535;
611 : 65535;
612 : 65535;
613 : 65535;
614 : 65535;
615 : 65535;
616 : 65535;
617 : 65535;
618 : 65535;
619 : 65535;
620 : 65535;
621 : 65535;
622 : 65535;
623 : 65535;
624 : 65535;
625 : 65535;
626 : 65535;
627 : 65535;
628 : 65535;
629 : 65535;
630 : 65535;
631 : 65535;
632 : 65535;
633 : 65535;
634 : 65535;
635 : 65535;
636 : 65535;
637 : 65535;
638 : 65535;
639 : 65535;
640 : 65535;
641 : 65535;
642 : 65535;
643 : 65535;
644 : 65535;
645 : 65535;
646 : 65535;
647 : 65535;
648 : 65535;
649 : 65535;
650 : 65535;
651 : 65535;
652 : 65535;
653 : 65535;
654 : 65535;
655 : 65535;
656 : 65535;
657 : 65535;
658 : 65535;
659 : 65535;
660 : 65535;
661 : 65535;
662 : 65535;
663 : 65535;
664 : 65535;
665 : 65535;
666 : 65535;
667 : 65535;
668 : 65535;
669 : 65535;
670 : 65535;
671 : 65535;
672 : 65535;
673 : 65535;
674 : 65535;
675 : 65535;
676 : 65535;
677 : 65535;
678 : 65535;
679 : 65535;
680 : 65535;
681 : 65535;
682 : 65535;
683 : 65535;
684 : 65535;
685 : 65535;
686 : 65535;
687 : 65535;
688 : 65535;
689 : 42292;
690 : 19312;
691 : 12939;
692 : 54938;
693 : 65535;
694 : 65535;
695 : 65535;
696 : 65535;
697 : 65535;
698 : 65535;
699 : 65535;
700 : 65535;
701 : 65535;
702 : 65535;
703 : 65535;
704 : 65535;
705 : 65535;
706 : 65535;
707 : 65535;
708 : 65535;
709 : 65535;
710 : 65535;
711 : 65535;
712 : 65535;
713 : 65535;
714 : 65535;
715 : 65535;
716 : 65535;
717 : 65535;
718 : 65535;
719 : 65535;
720 : 65535;
721 : 65535;
722 : 65535;
723 : 65535;
724 : 65535;
725 : 65535;
726 : 65535;
727 : 65535;
728 : 65535;
729 : 65535;
730 : 65535;
731 : 65535;
732 : 65535;
733 : 65535;
734 : 65535;
735 : 65535;
736 : 65535;
737 : 65535;
738 : 65535;
739 : 65535;
740 : 65535;
741 : 65535;
742 : 65535;
743 : 65535;
744 : 65535;
745 : 65535;
746 : 65535;
747 : 65535;
748 : 65535;
749 : 65535;
750 : 65535;
751 : 65535;
752 : 65535;
753 : 65535;
754 : 65535;
755 : 65535;
756 : 65535;
757 : 65535;
758 : 65535;
759 : 65535;
760 : 65535;
761 : 65535;
762 : 65535;
763 : 65535;
764 : 65535;
765 : 65535;
766 : 65535;
767 : 65535;
768 : 65535;
769 : 65535;
770 : 65535;
771 : 65535;
772 : 65535;
773 : 65535;
774 : 65535;
775 : 65535;
776 : 65535;
777 : 65535;
778 : 65535;
779 : 65535;
780 : 65535;
781 : 65535;
782 : 65535;
783 : 65535;
784 : 65535;
785 : 65535;
786 : 65535;
787 : 65535;
788 : 65535;
789 : 65535;
790 : 65535;
791 : 65535;
792 : 65535;
793 : 65535;
794 : 65535;
795 : 65535;
796 : 65535;
797 : 65535;
798 : 65535;
799 : 65535;
800 : 65535;
801 : 65535;
802 : 65535;
803 : 65535;
804 : 65535;
805 : 65535;
806 : 65535;
807 : 65535;
808 : 65535;
809 : 65535;
810 : 65535;
811 : 65535;
812 : 65535;
813 : 65535;
814 : 65535;
815 : 65535;
816 : 65535;
817 : 50744;
818 : 15085;
819 : 13071;
820 : 31760;
821 : 65535;
822 : 65535;
823 : 65535;
824 : 65535;
825 : 65535;
826 : 65535;
827 : 65535;
828 : 65535;
829 : 65535;
830 : 65535;
831 : 65535;
832 : 65535;
833 : 65535;
834 : 65535;
835 : 65535;
836 : 65535;
837 : 65535;
838 : 65535;
839 : 65535;
840 : 65535;
841 : 65535;
842 : 65535;
843 : 65535;
844 : 65535;
845 : 65535;
846 : 65535;
847 : 65535;
848 : 65535;
849 : 65535;
850 : 65535;
851 : 65535;
852 : 65535;
853 : 65535;
854 : 65535;
855 : 65535;
856 : 65535;
857 : 65535;
858 : 65535;
859 : 65535;
860 : 65535;
861 : 65535;
862 : 65535;
863 : 65535;
864 : 65535;
865 : 65535;
866 : 65535;
867 : 65535;
868 : 65535;
869 : 65535;
870 : 65535;
871 : 65535;
872 : 65535;
873 : 65535;
874 : 65535;
875 : 65535;
876 : 65535;
877 : 65535;
878 : 65535;
879 : 65535;
880 : 65535;
881 : 65535;
882 : 65535;
883 : 65535;
884 : 65535;
885 : 65535;
886 : 65535;
887 : 65535;
888 : 65535;
889 : 65535;
890 : 65535;
891 : 65535;
892 : 65535;
893 : 65535;
894 : 65535;
895 : 65535;
896 : 65535;
897 : 65535;
898 : 65535;
899 : 65535;
900 : 65535;
901 : 65535;
902 : 65535;
903 : 65535;
904 : 65535;
905 : 65535;
906 : 65535;
907 : 65535;
908 : 65535;
909 : 65535;
910 : 65535;
911 : 65535;
912 : 65535;
913 : 65535;
914 : 65535;
915 : 65535;
916 : 65535;
917 : 65535;
918 : 65535;
919 : 65535;
920 : 65535;
921 : 65535;
922 : 65535;
923 : 65535;
924 : 65535;
925 : 65535;
926 : 65535;
927 : 65535;
928 : 65535;
929 : 65535;
930 : 65535;
931 : 65535;
932 : 65535;
933 : 65535;
934 : 65535;
935 : 65535;
936 : 65535;
937 : 65535;
938 : 65535;
939 : 65535;
940 : 65535;
941 : 65535;
942 : 65535;
943 : 65535;
944 : 65535;
945 : 59131;
946 : 12940;
947 : 15249;
948 : 14954;
949 : 63357;
950 : 65535;
951 : 65535;
952 : 65535;
953 : 65535;
954 : 65535;
955 : 65535;
956 : 65535;
957 : 65535;
958 : 65535;
959 : 65535;
960 : 65535;
961 : 65535;
962 : 65535;
963 : 65535;
964 : 65535;
965 : 65535;
966 : 65535;
967 : 65535;
968 : 65535;
969 : 65535;
970 : 65535;
971 : 65535;
972 : 65535;
973 : 65535;
974 : 65535;
975 : 65535;
976 : 65535;
977 : 65535;
978 : 65535;
979 : 65535;
980 : 65535;
981 : 65535;
982 : 65535;
983 : 65535;
984 : 65535;
985 : 65535;
986 : 65535;
987 : 65535;
988 : 65535;
989 : 65535;
990 : 65535;
991 : 65535;
992 : 65535;
993 : 65535;
994 : 65535;
995 : 65535;
996 : 65535;
997 : 65535;
998 : 65535;
999 : 65535;
1000 : 65535;
1001 : 65535;
1002 : 61277;
1003 : 42293;
1004 : 21163;
1005 : 23275;
1006 : 65535;
1007 : 65535;
1008 : 65535;
1009 : 65535;
1010 : 65535;
1011 : 65535;
1012 : 65535;
1013 : 65535;
1014 : 65535;
1015 : 65535;
1016 : 65535;
1017 : 65535;
1018 : 65535;
1019 : 65535;
1020 : 65535;
1021 : 65535;
1022 : 65535;
1023 : 65535;
1024 : 65535;
1025 : 65535;
1026 : 65535;
1027 : 65535;
1028 : 65535;
1029 : 65535;
1030 : 65535;
1031 : 65535;
1032 : 65535;
1033 : 65535;
1034 : 65535;
1035 : 65535;
1036 : 65535;
1037 : 65535;
1038 : 65535;
1039 : 65535;
1040 : 65535;
1041 : 65535;
1042 : 65535;
1043 : 65535;
1044 : 65535;
1045 : 65535;
1046 : 65535;
1047 : 65535;
1048 : 65535;
1049 : 65535;
1050 : 65535;
1051 : 65535;
1052 : 65535;
1053 : 65535;
1054 : 65535;
1055 : 65535;
1056 : 65535;
1057 : 65535;
1058 : 65535;
1059 : 65535;
1060 : 65535;
1061 : 65535;
1062 : 65535;
1063 : 65535;
1064 : 65535;
1065 : 65535;
1066 : 65535;
1067 : 65535;
1068 : 65535;
1069 : 65535;
1070 : 65535;
1071 : 65535;
1072 : 65535;
1073 : 65503;
1074 : 19213;
1075 : 13201;
1076 : 8747;
1077 : 44373;
1078 : 65535;
1079 : 65535;
1080 : 65535;
1081 : 65535;
1082 : 65535;
1083 : 65535;
1084 : 65535;
1085 : 65535;
1086 : 65535;
1087 : 65535;
1088 : 65535;
1089 : 65535;
1090 : 65535;
1091 : 65535;
1092 : 65535;
1093 : 65535;
1094 : 65535;
1095 : 65535;
1096 : 65535;
1097 : 65535;
1098 : 65535;
1099 : 65535;
1100 : 65535;
1101 : 65535;
1102 : 65535;
1103 : 65535;
1104 : 65535;
1105 : 65535;
1106 : 65535;
1107 : 65535;
1108 : 65535;
1109 : 65535;
1110 : 65535;
1111 : 65535;
1112 : 65535;
1113 : 65535;
1114 : 65535;
1115 : 65535;
1116 : 65535;
1117 : 65535;
1118 : 65535;
1119 : 65535;
1120 : 65535;
1121 : 65535;
1122 : 65535;
1123 : 65535;
1124 : 65535;
1125 : 65535;
1126 : 65535;
1127 : 65503;
1128 : 52857;
1129 : 31760;
1130 : 12842;
1131 : 10663;
1132 : 14822;
1133 : 31727;
1134 : 65535;
1135 : 65535;
1136 : 65535;
1137 : 65535;
1138 : 65535;
1139 : 65535;
1140 : 65535;
1141 : 65535;
1142 : 65535;
1143 : 65535;
1144 : 65535;
1145 : 65535;
1146 : 65535;
1147 : 65535;
1148 : 65535;
1149 : 65535;
1150 : 65535;
1151 : 65535;
1152 : 65535;
1153 : 65535;
1154 : 65535;
1155 : 65535;
1156 : 65535;
1157 : 65535;
1158 : 65535;
1159 : 65535;
1160 : 65535;
1161 : 65535;
1162 : 65535;
1163 : 65535;
1164 : 65535;
1165 : 65535;
1166 : 65535;
1167 : 65535;
1168 : 65535;
1169 : 65535;
1170 : 65535;
1171 : 65535;
1172 : 65535;
1173 : 65535;
1174 : 65535;
1175 : 65535;
1176 : 65535;
1177 : 65535;
1178 : 65535;
1179 : 65535;
1180 : 65535;
1181 : 65535;
1182 : 65535;
1183 : 65535;
1184 : 65535;
1185 : 65535;
1186 : 65535;
1187 : 65535;
1188 : 65535;
1189 : 65535;
1190 : 65535;
1191 : 65535;
1192 : 65535;
1193 : 65535;
1194 : 65535;
1195 : 65535;
1196 : 65535;
1197 : 65535;
1198 : 65535;
1199 : 65535;
1200 : 65535;
1201 : 65535;
1202 : 29680;
1203 : 11056;
1204 : 10990;
1205 : 23341;
1206 : 65535;
1207 : 65535;
1208 : 65535;
1209 : 65535;
1210 : 65535;
1211 : 65535;
1212 : 65535;
1213 : 65535;
1214 : 65535;
1215 : 65535;
1216 : 65535;
1217 : 65535;
1218 : 65535;
1219 : 65535;
1220 : 65535;
1221 : 65535;
1222 : 65535;
1223 : 65535;
1224 : 65535;
1225 : 65535;
1226 : 65535;
1227 : 65535;
1228 : 65535;
1229 : 65535;
1230 : 65535;
1231 : 65535;
1232 : 65535;
1233 : 65535;
1234 : 65535;
1235 : 65535;
1236 : 65535;
1237 : 65535;
1238 : 65535;
1239 : 65535;
1240 : 65535;
1241 : 65535;
1242 : 65535;
1243 : 65535;
1244 : 65535;
1245 : 65535;
1246 : 65535;
1247 : 65535;
1248 : 65535;
1249 : 65535;
1250 : 65535;
1251 : 65535;
1252 : 65535;
1253 : 63389;
1254 : 44405;
1255 : 25487;
1256 : 12907;
1257 : 12840;
1258 : 29580;
1259 : 46482;
1260 : 29580;
1261 : 54970;
1262 : 65535;
1263 : 65535;
1264 : 65535;
1265 : 65535;
1266 : 65535;
1267 : 65535;
1268 : 65535;
1269 : 65535;
1270 : 65535;
1271 : 65535;
1272 : 65535;
1273 : 65535;
1274 : 65535;
1275 : 65535;
1276 : 65535;
1277 : 65535;
1278 : 65535;
1279 : 65535;
1280 : 65535;
1281 : 65535;
1282 : 65535;
1283 : 65535;
1284 : 65535;
1285 : 65535;
1286 : 65535;
1287 : 65535;
1288 : 65535;
1289 : 65535;
1290 : 65535;
1291 : 65535;
1292 : 65535;
1293 : 65535;
1294 : 65535;
1295 : 65535;
1296 : 65535;
1297 : 65535;
1298 : 65535;
1299 : 65535;
1300 : 65535;
1301 : 65535;
1302 : 65535;
1303 : 65535;
1304 : 65535;
1305 : 65535;
1306 : 65535;
1307 : 65535;
1308 : 65535;
1309 : 65535;
1310 : 65535;
1311 : 65535;
1312 : 65535;
1313 : 65535;
1314 : 65535;
1315 : 65535;
1316 : 65535;
1317 : 65535;
1318 : 65535;
1319 : 65535;
1320 : 65535;
1321 : 65535;
1322 : 65535;
1323 : 65535;
1324 : 65535;
1325 : 65535;
1326 : 65535;
1327 : 65535;
1328 : 65535;
1329 : 65535;
1330 : 44373;
1331 : 8877;
1332 : 13201;
1333 : 10761;
1334 : 57018;
1335 : 65535;
1336 : 65535;
1337 : 65535;
1338 : 65535;
1339 : 65535;
1340 : 65535;
1341 : 65535;
1342 : 65535;
1343 : 65535;
1344 : 65535;
1345 : 65535;
1346 : 65535;
1347 : 65535;
1348 : 65535;
1349 : 65535;
1350 : 65535;
1351 : 65535;
1352 : 65535;
1353 : 65535;
1354 : 65535;
1355 : 65535;
1356 : 65535;
1357 : 65535;
1358 : 65535;
1359 : 65535;
1360 : 65535;
1361 : 65535;
1362 : 65535;
1363 : 65535;
1364 : 65535;
1365 : 65535;
1366 : 65535;
1367 : 65535;
1368 : 65535;
1369 : 65535;
1370 : 65535;
1371 : 65535;
1372 : 65535;
1373 : 65535;
1374 : 65535;
1375 : 65535;
1376 : 65535;
1377 : 65535;
1378 : 65535;
1379 : 63357;
1380 : 42292;
1381 : 21293;
1382 : 12972;
1383 : 17067;
1384 : 31725;
1385 : 46482;
1386 : 50708;
1387 : 46482;
1388 : 29581;
1389 : 65535;
1390 : 65535;
1391 : 65535;
1392 : 65535;
1393 : 65535;
1394 : 65535;
1395 : 65535;
1396 : 65535;
1397 : 65535;
1398 : 65535;
1399 : 65535;
1400 : 65535;
1401 : 65535;
1402 : 65535;
1403 : 65535;
1404 : 65535;
1405 : 65535;
1406 : 65535;
1407 : 65535;
1408 : 65535;
1409 : 65535;
1410 : 65535;
1411 : 65535;
1412 : 65535;
1413 : 65535;
1414 : 65535;
1415 : 65535;
1416 : 65535;
1417 : 65535;
1418 : 65535;
1419 : 65535;
1420 : 65535;
1421 : 65535;
1422 : 65535;
1423 : 65535;
1424 : 65535;
1425 : 65535;
1426 : 65535;
1427 : 65535;
1428 : 65535;
1429 : 65535;
1430 : 65535;
1431 : 65535;
1432 : 65535;
1433 : 65535;
1434 : 65535;
1435 : 65535;
1436 : 65535;
1437 : 65535;
1438 : 65535;
1439 : 65535;
1440 : 65535;
1441 : 65535;
1442 : 65535;
1443 : 65535;
1444 : 65535;
1445 : 65535;
1446 : 65535;
1447 : 65535;
1448 : 65535;
1449 : 65535;
1450 : 65535;
1451 : 65535;
1452 : 65535;
1453 : 65535;
1454 : 65535;
1455 : 65535;
1456 : 65535;
1457 : 65535;
1458 : 57018;
1459 : 10859;
1460 : 13234;
1461 : 8812;
1462 : 35921;
1463 : 65535;
1464 : 65535;
1465 : 65535;
1466 : 65535;
1467 : 65535;
1468 : 65535;
1469 : 65535;
1470 : 65535;
1471 : 65535;
1472 : 65535;
1473 : 65535;
1474 : 65535;
1475 : 65535;
1476 : 65535;
1477 : 65535;
1478 : 65535;
1479 : 65535;
1480 : 65535;
1481 : 65535;
1482 : 65535;
1483 : 65535;
1484 : 65535;
1485 : 65535;
1486 : 65535;
1487 : 65535;
1488 : 65535;
1489 : 65535;
1490 : 65535;
1491 : 65535;
1492 : 65535;
1493 : 65535;
1494 : 65535;
1495 : 65535;
1496 : 65535;
1497 : 65535;
1498 : 65535;
1499 : 65535;
1500 : 65535;
1501 : 65535;
1502 : 65535;
1503 : 65535;
1504 : 65535;
1505 : 65503;
1506 : 44405;
1507 : 23374;
1508 : 15118;
1509 : 17100;
1510 : 31726;
1511 : 46450;
1512 : 50643;
1513 : 50643;
1514 : 50708;
1515 : 42224;
1516 : 42260;
1517 : 65535;
1518 : 65535;
1519 : 65535;
1520 : 65535;
1521 : 65535;
1522 : 65535;
1523 : 65535;
1524 : 65535;
1525 : 65535;
1526 : 65535;
1527 : 65535;
1528 : 65535;
1529 : 65535;
1530 : 65535;
1531 : 65535;
1532 : 65535;
1533 : 65535;
1534 : 65535;
1535 : 65535;
1536 : 65535;
1537 : 65535;
1538 : 65535;
1539 : 65535;
1540 : 65535;
1541 : 65535;
1542 : 65535;
1543 : 65535;
1544 : 65535;
1545 : 65535;
1546 : 65535;
1547 : 65535;
1548 : 65535;
1549 : 65535;
1550 : 65535;
1551 : 65535;
1552 : 65535;
1553 : 65535;
1554 : 65535;
1555 : 65535;
1556 : 65535;
1557 : 65535;
1558 : 65535;
1559 : 65535;
1560 : 65535;
1561 : 65535;
1562 : 65535;
1563 : 65535;
1564 : 65535;
1565 : 65535;
1566 : 65535;
1567 : 65535;
1568 : 65535;
1569 : 65535;
1570 : 65535;
1571 : 65535;
1572 : 65535;
1573 : 65535;
1574 : 65535;
1575 : 65535;
1576 : 65535;
1577 : 65535;
1578 : 65535;
1579 : 65535;
1580 : 65535;
1581 : 65535;
1582 : 65535;
1583 : 65535;
1584 : 65535;
1585 : 65535;
1586 : 65470;
1587 : 17100;
1588 : 13201;
1589 : 13071;
1590 : 17002;
1591 : 63422;
1592 : 65535;
1593 : 65535;
1594 : 65535;
1595 : 65535;
1596 : 65535;
1597 : 65535;
1598 : 65535;
1599 : 65535;
1600 : 65535;
1601 : 65535;
1602 : 65535;
1603 : 65535;
1604 : 65535;
1605 : 65535;
1606 : 65535;
1607 : 65535;
1608 : 65535;
1609 : 65535;
1610 : 65535;
1611 : 65535;
1612 : 65535;
1613 : 65535;
1614 : 65535;
1615 : 65535;
1616 : 65535;
1617 : 65535;
1618 : 65535;
1619 : 65535;
1620 : 65535;
1621 : 65535;
1622 : 65535;
1623 : 65535;
1624 : 65535;
1625 : 65535;
1626 : 65535;
1627 : 65535;
1628 : 65535;
1629 : 65535;
1630 : 65535;
1631 : 65535;
1632 : 50744;
1633 : 25454;
1634 : 17231;
1635 : 15118;
1636 : 25387;
1637 : 44337;
1638 : 50644;
1639 : 48563;
1640 : 50643;
1641 : 52821;
1642 : 59127;
1643 : 40111;
1644 : 54938;
1645 : 65535;
1646 : 65535;
1647 : 65535;
1648 : 65535;
1649 : 65535;
1650 : 65535;
1651 : 65535;
1652 : 65535;
1653 : 65535;
1654 : 65535;
1655 : 65535;
1656 : 65535;
1657 : 65535;
1658 : 65535;
1659 : 65535;
1660 : 65535;
1661 : 65535;
1662 : 65535;
1663 : 65535;
1664 : 65535;
1665 : 65535;
1666 : 65535;
1667 : 65535;
1668 : 65535;
1669 : 65535;
1670 : 65535;
1671 : 65535;
1672 : 65535;
1673 : 65535;
1674 : 65535;
1675 : 65535;
1676 : 65535;
1677 : 65535;
1678 : 65535;
1679 : 65535;
1680 : 65535;
1681 : 65535;
1682 : 65535;
1683 : 65535;
1684 : 65535;
1685 : 65535;
1686 : 65535;
1687 : 65535;
1688 : 65535;
1689 : 65535;
1690 : 65535;
1691 : 65535;
1692 : 65535;
1693 : 65535;
1694 : 65535;
1695 : 65535;
1696 : 65535;
1697 : 65535;
1698 : 65535;
1699 : 65535;
1700 : 65535;
1701 : 65535;
1702 : 65535;
1703 : 65535;
1704 : 65535;
1705 : 65535;
1706 : 65535;
1707 : 65535;
1708 : 65535;
1709 : 65535;
1710 : 65535;
1711 : 65535;
1712 : 65535;
1713 : 65535;
1714 : 65535;
1715 : 29680;
1716 : 11056;
1717 : 13169;
1718 : 8713;
1719 : 50711;
1720 : 65535;
1721 : 65535;
1722 : 65535;
1723 : 65535;
1724 : 65535;
1725 : 65535;
1726 : 65535;
1727 : 65535;
1728 : 65535;
1729 : 65535;
1730 : 65535;
1731 : 65535;
1732 : 65535;
1733 : 65535;
1734 : 65535;
1735 : 65535;
1736 : 65535;
1737 : 65535;
1738 : 65535;
1739 : 65535;
1740 : 65535;
1741 : 65535;
1742 : 65535;
1743 : 65535;
1744 : 65535;
1745 : 65535;
1746 : 65535;
1747 : 65535;
1748 : 65535;
1749 : 65535;
1750 : 65535;
1751 : 65535;
1752 : 65535;
1753 : 65535;
1754 : 65535;
1755 : 65535;
1756 : 65535;
1757 : 65535;
1758 : 61244;
1759 : 33873;
1760 : 17198;
1761 : 17297;
1762 : 12906;
1763 : 31693;
1764 : 48563;
1765 : 48563;
1766 : 48563;
1767 : 50708;
1768 : 56982;
1769 : 61239;
1770 : 63384;
1771 : 35919;
1772 : 61277;
1773 : 65535;
1774 : 65535;
1775 : 65535;
1776 : 65535;
1777 : 65535;
1778 : 65535;
1779 : 65535;
1780 : 65535;
1781 : 65535;
1782 : 65535;
1783 : 65535;
1784 : 65535;
1785 : 65535;
1786 : 65535;
1787 : 65535;
1788 : 65535;
1789 : 65535;
1790 : 65535;
1791 : 65535;
1792 : 65535;
1793 : 65535;
1794 : 65535;
1795 : 65535;
1796 : 65535;
1797 : 65535;
1798 : 65535;
1799 : 65535;
1800 : 65535;
1801 : 65535;
1802 : 65535;
1803 : 65535;
1804 : 65535;
1805 : 65535;
1806 : 65535;
1807 : 65535;
1808 : 65535;
1809 : 65535;
1810 : 65535;
1811 : 65535;
1812 : 65535;
1813 : 65535;
1814 : 65535;
1815 : 65535;
1816 : 65535;
1817 : 65535;
1818 : 65535;
1819 : 65535;
1820 : 65535;
1821 : 65535;
1822 : 65535;
1823 : 65535;
1824 : 65535;
1825 : 65535;
1826 : 65535;
1827 : 65535;
1828 : 65535;
1829 : 65535;
1830 : 65535;
1831 : 65535;
1832 : 65535;
1833 : 65535;
1834 : 65535;
1835 : 65535;
1836 : 65535;
1837 : 65535;
1838 : 65535;
1839 : 65535;
1840 : 65535;
1841 : 65535;
1842 : 65535;
1843 : 44405;
1844 : 8877;
1845 : 13201;
1846 : 8844;
1847 : 27566;
1848 : 65535;
1849 : 65535;
1850 : 65535;
1851 : 65535;
1852 : 65535;
1853 : 65535;
1854 : 65535;
1855 : 65535;
1856 : 65535;
1857 : 65535;
1858 : 65535;
1859 : 65535;
1860 : 65535;
1861 : 65535;
1862 : 65535;
1863 : 65535;
1864 : 65535;
1865 : 65535;
1866 : 65535;
1867 : 65535;
1868 : 65535;
1869 : 65535;
1870 : 65535;
1871 : 65535;
1872 : 65535;
1873 : 65535;
1874 : 65535;
1875 : 65535;
1876 : 65535;
1877 : 65535;
1878 : 65535;
1879 : 65535;
1880 : 65535;
1881 : 65535;
1882 : 65535;
1883 : 65535;
1884 : 65535;
1885 : 46518;
1886 : 19213;
1887 : 17297;
1888 : 13038;
1889 : 16969;
1890 : 42192;
1891 : 50676;
1892 : 48595;
1893 : 50708;
1894 : 54901;
1895 : 59127;
1896 : 63320;
1897 : 63352;
1898 : 63320;
1899 : 33839;
1900 : 65503;
1901 : 65535;
1902 : 65535;
1903 : 65535;
1904 : 65535;
1905 : 65535;
1906 : 65535;
1907 : 65535;
1908 : 65535;
1909 : 65535;
1910 : 65535;
1911 : 65535;
1912 : 65535;
1913 : 65535;
1914 : 65535;
1915 : 65535;
1916 : 65535;
1917 : 65535;
1918 : 65535;
1919 : 65535;
1920 : 65535;
1921 : 65535;
1922 : 65535;
1923 : 65535;
1924 : 65535;
1925 : 65535;
1926 : 65535;
1927 : 65535;
1928 : 65535;
1929 : 65535;
1930 : 65535;
1931 : 65535;
1932 : 65535;
1933 : 65535;
1934 : 65535;
1935 : 65535;
1936 : 65535;
1937 : 65535;
1938 : 65535;
1939 : 65535;
1940 : 65535;
1941 : 65535;
1942 : 65535;
1943 : 65535;
1944 : 65535;
1945 : 65535;
1946 : 65535;
1947 : 65535;
1948 : 65535;
1949 : 65535;
1950 : 65535;
1951 : 65535;
1952 : 65535;
1953 : 65535;
1954 : 65535;
1955 : 65535;
1956 : 65535;
1957 : 65535;
1958 : 65535;
1959 : 65535;
1960 : 65535;
1961 : 65535;
1962 : 65535;
1963 : 65535;
1964 : 65535;
1965 : 65535;
1966 : 65535;
1967 : 65535;
1968 : 65535;
1969 : 65535;
1970 : 65535;
1971 : 59196;
1972 : 12940;
1973 : 13202;
1974 : 13071;
1975 : 12874;
1976 : 61277;
1977 : 65535;
1978 : 65535;
1979 : 65535;
1980 : 65535;
1981 : 65535;
1982 : 65535;
1983 : 65535;
1984 : 65535;
1985 : 65535;
1986 : 65535;
1987 : 65535;
1988 : 65535;
1989 : 65535;
1990 : 65535;
1991 : 65535;
1992 : 65535;
1993 : 65535;
1994 : 65535;
1995 : 65535;
1996 : 65535;
1997 : 65535;
1998 : 65535;
1999 : 65535;
2000 : 65535;
2001 : 65535;
2002 : 65535;
2003 : 65535;
2004 : 65535;
2005 : 65535;
2006 : 65535;
2007 : 65535;
2008 : 65535;
2009 : 65535;
2010 : 65535;
2011 : 59196;
2012 : 29648;
2013 : 13038;
2014 : 15282;
2015 : 8746;
2016 : 25354;
2017 : 48530;
2018 : 50675;
2019 : 50675;
2020 : 52821;
2021 : 57014;
2022 : 61239;
2023 : 63352;
2024 : 63352;
2025 : 63352;
2026 : 59127;
2027 : 29613;
2028 : 65535;
2029 : 65535;
2030 : 65535;
2031 : 65535;
2032 : 65535;
2033 : 65535;
2034 : 65535;
2035 : 65535;
2036 : 65535;
2037 : 65535;
2038 : 65535;
2039 : 65535;
2040 : 65535;
2041 : 65535;
2042 : 65535;
2043 : 65535;
2044 : 65535;
2045 : 65535;
2046 : 65535;
2047 : 65535;
2048 : 65535;
2049 : 65535;
2050 : 65535;
2051 : 65535;
2052 : 65535;
2053 : 65535;
2054 : 65535;
2055 : 65535;
2056 : 65535;
2057 : 65535;
2058 : 65535;
2059 : 65535;
2060 : 65535;
2061 : 65535;
2062 : 65535;
2063 : 65535;
2064 : 65535;
2065 : 65535;
2066 : 65535;
2067 : 65535;
2068 : 65535;
2069 : 65535;
2070 : 65535;
2071 : 65535;
2072 : 65535;
2073 : 65535;
2074 : 65535;
2075 : 65535;
2076 : 65535;
2077 : 65535;
2078 : 65535;
2079 : 65535;
2080 : 65535;
2081 : 65535;
2082 : 65535;
2083 : 65535;
2084 : 65535;
2085 : 65535;
2086 : 65535;
2087 : 65535;
2088 : 65535;
2089 : 65535;
2090 : 65535;
2091 : 65535;
2092 : 65535;
2093 : 65535;
2094 : 65535;
2095 : 65535;
2096 : 65535;
2097 : 65535;
2098 : 65535;
2099 : 65535;
2100 : 21261;
2101 : 11121;
2102 : 13136;
2103 : 8747;
2104 : 42292;
2105 : 65535;
2106 : 65535;
2107 : 65535;
2108 : 65535;
2109 : 65535;
2110 : 65535;
2111 : 65535;
2112 : 65535;
2113 : 65535;
2114 : 65535;
2115 : 65535;
2116 : 65535;
2117 : 65535;
2118 : 65535;
2119 : 65535;
2120 : 65535;
2121 : 65535;
2122 : 65535;
2123 : 65535;
2124 : 65535;
2125 : 65535;
2126 : 65535;
2127 : 65535;
2128 : 65535;
2129 : 65535;
2130 : 65535;
2131 : 65535;
2132 : 65535;
2133 : 65535;
2134 : 65535;
2135 : 65535;
2136 : 65535;
2137 : 65535;
2138 : 46486;
2139 : 14988;
2140 : 8976;
2141 : 11056;
2142 : 10728;
2143 : 35885;
2144 : 50708;
2145 : 50675;
2146 : 50708;
2147 : 54901;
2148 : 59127;
2149 : 61272;
2150 : 63352;
2151 : 63352;
2152 : 63352;
2153 : 63352;
2154 : 57046;
2155 : 33775;
2156 : 65535;
2157 : 65535;
2158 : 65535;
2159 : 65535;
2160 : 65535;
2161 : 65535;
2162 : 65535;
2163 : 65535;
2164 : 65535;
2165 : 65535;
2166 : 65535;
2167 : 65535;
2168 : 65535;
2169 : 65535;
2170 : 65535;
2171 : 65535;
2172 : 65535;
2173 : 65535;
2174 : 65535;
2175 : 65535;
2176 : 65535;
2177 : 65535;
2178 : 65535;
2179 : 65535;
2180 : 65535;
2181 : 65535;
2182 : 65535;
2183 : 65535;
2184 : 65535;
2185 : 65535;
2186 : 65535;
2187 : 65535;
2188 : 65535;
2189 : 65535;
2190 : 65535;
2191 : 65535;
2192 : 65535;
2193 : 65535;
2194 : 65535;
2195 : 65535;
2196 : 65535;
2197 : 65535;
2198 : 65535;
2199 : 65535;
2200 : 65535;
2201 : 65535;
2202 : 65535;
2203 : 65535;
2204 : 65535;
2205 : 65535;
2206 : 65535;
2207 : 65535;
2208 : 65535;
2209 : 65535;
2210 : 65535;
2211 : 65535;
2212 : 65535;
2213 : 65535;
2214 : 65535;
2215 : 65535;
2216 : 65535;
2217 : 65535;
2218 : 65535;
2219 : 65535;
2220 : 65535;
2221 : 65535;
2222 : 65535;
2223 : 65535;
2224 : 65535;
2225 : 65535;
2226 : 65535;
2227 : 65535;
2228 : 31760;
2229 : 11023;
2230 : 13136;
2231 : 10892;
2232 : 23341;
2233 : 65535;
2234 : 65535;
2235 : 65535;
2236 : 65535;
2237 : 65535;
2238 : 65535;
2239 : 65535;
2240 : 65535;
2241 : 65535;
2242 : 65535;
2243 : 65535;
2244 : 65535;
2245 : 65535;
2246 : 65535;
2247 : 65535;
2248 : 65535;
2249 : 65535;
2250 : 65535;
2251 : 65535;
2252 : 65535;
2253 : 65535;
2254 : 65535;
2255 : 65535;
2256 : 65535;
2257 : 65535;
2258 : 65535;
2259 : 65535;
2260 : 65535;
2261 : 65535;
2262 : 65535;
2263 : 65535;
2264 : 63390;
2265 : 31760;
2266 : 8844;
2267 : 11121;
2268 : 8878;
2269 : 14921;
2270 : 42224;
2271 : 50676;
2272 : 50643;
2273 : 52756;
2274 : 56982;
2275 : 61207;
2276 : 63352;
2277 : 63352;
2278 : 63352;
2279 : 63352;
2280 : 63352;
2281 : 63385;
2282 : 57014;
2283 : 29614;
2284 : 65535;
2285 : 65535;
2286 : 65535;
2287 : 65535;
2288 : 65535;
2289 : 65535;
2290 : 65535;
2291 : 65535;
2292 : 65535;
2293 : 65535;
2294 : 65535;
2295 : 65535;
2296 : 65535;
2297 : 65535;
2298 : 65535;
2299 : 65535;
2300 : 65535;
2301 : 65535;
2302 : 65535;
2303 : 65535;
2304 : 65535;
2305 : 65535;
2306 : 65535;
2307 : 65535;
2308 : 65535;
2309 : 65535;
2310 : 65535;
2311 : 65535;
2312 : 65535;
2313 : 65535;
2314 : 65535;
2315 : 65535;
2316 : 65535;
2317 : 65535;
2318 : 65535;
2319 : 65535;
2320 : 65535;
2321 : 65535;
2322 : 65535;
2323 : 65535;
2324 : 65535;
2325 : 65535;
2326 : 65535;
2327 : 65535;
2328 : 65535;
2329 : 65535;
2330 : 65535;
2331 : 65535;
2332 : 65535;
2333 : 65535;
2334 : 65535;
2335 : 65535;
2336 : 65535;
2337 : 65535;
2338 : 65535;
2339 : 65535;
2340 : 65535;
2341 : 65535;
2342 : 65535;
2343 : 65535;
2344 : 65535;
2345 : 65535;
2346 : 65535;
2347 : 65535;
2348 : 65535;
2349 : 65535;
2350 : 65535;
2351 : 65535;
2352 : 65535;
2353 : 65535;
2354 : 65535;
2355 : 65535;
2356 : 46518;
2357 : 8877;
2358 : 13201;
2359 : 10892;
2360 : 12907;
2361 : 57083;
2362 : 65535;
2363 : 65535;
2364 : 65535;
2365 : 65535;
2366 : 65535;
2367 : 65535;
2368 : 65535;
2369 : 65535;
2370 : 65535;
2371 : 65535;
2372 : 65535;
2373 : 65535;
2374 : 65535;
2375 : 65535;
2376 : 65535;
2377 : 65535;
2378 : 65535;
2379 : 65535;
2380 : 65535;
2381 : 65535;
2382 : 65535;
2383 : 65535;
2384 : 65535;
2385 : 65535;
2386 : 65535;
2387 : 65535;
2388 : 65535;
2389 : 65535;
2390 : 65535;
2391 : 57018;
2392 : 19180;
2393 : 8878;
2394 : 13202;
2395 : 8780;
2396 : 21194;
2397 : 46450;
2398 : 48595;
2399 : 48563;
2400 : 52788;
2401 : 57014;
2402 : 61239;
2403 : 61272;
2404 : 61272;
2405 : 61272;
2406 : 61272;
2407 : 63352;
2408 : 63385;
2409 : 54933;
2410 : 29580;
2411 : 52857;
2412 : 65535;
2413 : 65535;
2414 : 65535;
2415 : 65535;
2416 : 65535;
2417 : 65535;
2418 : 65535;
2419 : 65535;
2420 : 65535;
2421 : 65535;
2422 : 65535;
2423 : 65535;
2424 : 65535;
2425 : 65535;
2426 : 65535;
2427 : 65535;
2428 : 65535;
2429 : 65535;
2430 : 65535;
2431 : 65535;
2432 : 65535;
2433 : 65535;
2434 : 65535;
2435 : 65535;
2436 : 65535;
2437 : 65535;
2438 : 65535;
2439 : 65535;
2440 : 65535;
2441 : 65535;
2442 : 65535;
2443 : 65535;
2444 : 65535;
2445 : 65535;
2446 : 65535;
2447 : 65535;
2448 : 65535;
2449 : 65535;
2450 : 65535;
2451 : 65535;
2452 : 65535;
2453 : 65535;
2454 : 65535;
2455 : 65535;
2456 : 65535;
2457 : 65535;
2458 : 65535;
2459 : 65535;
2460 : 65535;
2461 : 65535;
2462 : 65535;
2463 : 65535;
2464 : 65535;
2465 : 65535;
2466 : 65535;
2467 : 65535;
2468 : 65535;
2469 : 65535;
2470 : 65535;
2471 : 65535;
2472 : 65535;
2473 : 65535;
2474 : 65535;
2475 : 65535;
2476 : 65535;
2477 : 65535;
2478 : 65535;
2479 : 65535;
2480 : 65535;
2481 : 65535;
2482 : 65535;
2483 : 65535;
2484 : 59196;
2485 : 12939;
2486 : 13234;
2487 : 10892;
2488 : 8779;
2489 : 38099;
2490 : 65535;
2491 : 65535;
2492 : 65535;
2493 : 65535;
2494 : 65535;
2495 : 65535;
2496 : 65535;
2497 : 65535;
2498 : 65535;
2499 : 65535;
2500 : 65535;
2501 : 65535;
2502 : 65535;
2503 : 65535;
2504 : 65535;
2505 : 65535;
2506 : 65535;
2507 : 65535;
2508 : 65535;
2509 : 65535;
2510 : 65535;
2511 : 65535;
2512 : 65535;
2513 : 65535;
2514 : 65535;
2515 : 65535;
2516 : 65535;
2517 : 65535;
2518 : 46518;
2519 : 12940;
2520 : 11088;
2521 : 13169;
2522 : 8746;
2523 : 27499;
2524 : 48563;
2525 : 48563;
2526 : 48563;
2527 : 50708;
2528 : 57014;
2529 : 61239;
2530 : 61240;
2531 : 61240;
2532 : 61240;
2533 : 61240;
2534 : 63352;
2535 : 63352;
2536 : 46450;
2537 : 23274;
2538 : 52825;
2539 : 65535;
2540 : 65535;
2541 : 65535;
2542 : 65535;
2543 : 65535;
2544 : 65535;
2545 : 65535;
2546 : 65535;
2547 : 65535;
2548 : 65535;
2549 : 65535;
2550 : 65535;
2551 : 65535;
2552 : 65535;
2553 : 65535;
2554 : 65535;
2555 : 65535;
2556 : 65535;
2557 : 65535;
2558 : 65535;
2559 : 65535;
2560 : 65535;
2561 : 65535;
2562 : 65535;
2563 : 65535;
2564 : 65535;
2565 : 65535;
2566 : 65535;
2567 : 65535;
2568 : 65535;
2569 : 65535;
2570 : 65535;
2571 : 65535;
2572 : 65535;
2573 : 65535;
2574 : 65535;
2575 : 65535;
2576 : 65535;
2577 : 65535;
2578 : 65535;
2579 : 65535;
2580 : 65535;
2581 : 65535;
2582 : 65535;
2583 : 65535;
2584 : 65535;
2585 : 65535;
2586 : 65535;
2587 : 65535;
2588 : 65535;
2589 : 65535;
2590 : 65535;
2591 : 65535;
2592 : 65535;
2593 : 65535;
2594 : 65535;
2595 : 65535;
2596 : 65535;
2597 : 65535;
2598 : 65535;
2599 : 65535;
2600 : 65535;
2601 : 65535;
2602 : 65535;
2603 : 65535;
2604 : 65535;
2605 : 65535;
2606 : 65535;
2607 : 65535;
2608 : 65535;
2609 : 65535;
2610 : 65535;
2611 : 65535;
2612 : 65503;
2613 : 19180;
2614 : 13202;
2615 : 10958;
2616 : 8779;
2617 : 19115;
2618 : 63422;
2619 : 44373;
2620 : 44405;
2621 : 59196;
2622 : 65535;
2623 : 65535;
2624 : 65535;
2625 : 65535;
2626 : 65535;
2627 : 61309;
2628 : 52825;
2629 : 59164;
2630 : 65535;
2631 : 65535;
2632 : 65535;
2633 : 65535;
2634 : 65535;
2635 : 65535;
2636 : 65535;
2637 : 65535;
2638 : 65535;
2639 : 65535;
2640 : 65535;
2641 : 65535;
2642 : 65535;
2643 : 65535;
2644 : 63422;
2645 : 33873;
2646 : 8877;
2647 : 13202;
2648 : 13169;
2649 : 8713;
2650 : 31692;
2651 : 50676;
2652 : 48563;
2653 : 48595;
2654 : 52788;
2655 : 57014;
2656 : 61272;
2657 : 63352;
2658 : 61272;
2659 : 61272;
2660 : 63352;
2661 : 63352;
2662 : 52820;
2663 : 29579;
2664 : 19049;
2665 : 59164;
2666 : 65535;
2667 : 65535;
2668 : 65535;
2669 : 65535;
2670 : 65535;
2671 : 65535;
2672 : 65535;
2673 : 65535;
2674 : 65535;
2675 : 65535;
2676 : 65535;
2677 : 65535;
2678 : 65535;
2679 : 65535;
2680 : 65535;
2681 : 65535;
2682 : 65535;
2683 : 65535;
2684 : 65535;
2685 : 65535;
2686 : 65535;
2687 : 65535;
2688 : 65535;
2689 : 65535;
2690 : 65535;
2691 : 65535;
2692 : 65535;
2693 : 65535;
2694 : 65535;
2695 : 65535;
2696 : 65535;
2697 : 65535;
2698 : 65535;
2699 : 65535;
2700 : 65535;
2701 : 65535;
2702 : 65535;
2703 : 65535;
2704 : 65535;
2705 : 65535;
2706 : 65535;
2707 : 65535;
2708 : 65535;
2709 : 65535;
2710 : 65535;
2711 : 65535;
2712 : 65535;
2713 : 65535;
2714 : 65535;
2715 : 65535;
2716 : 65535;
2717 : 65535;
2718 : 65535;
2719 : 65535;
2720 : 65535;
2721 : 65535;
2722 : 65535;
2723 : 65535;
2724 : 65535;
2725 : 65535;
2726 : 65535;
2727 : 65535;
2728 : 65535;
2729 : 65535;
2730 : 65535;
2731 : 65535;
2732 : 65535;
2733 : 65535;
2734 : 65535;
2735 : 65535;
2736 : 65535;
2737 : 63357;
2738 : 65470;
2739 : 65535;
2740 : 65535;
2741 : 33873;
2742 : 8975;
2743 : 13137;
2744 : 8746;
2745 : 8714;
2746 : 29582;
2747 : 46552;
2748 : 48633;
2749 : 33873;
2750 : 33841;
2751 : 42293;
2752 : 44373;
2753 : 42293;
2754 : 38066;
2755 : 40180;
2756 : 42293;
2757 : 23276;
2758 : 50744;
2759 : 65535;
2760 : 65535;
2761 : 65535;
2762 : 65535;
2763 : 65535;
2764 : 65535;
2765 : 65535;
2766 : 65535;
2767 : 65535;
2768 : 65535;
2769 : 65535;
2770 : 65535;
2771 : 57051;
2772 : 21261;
2773 : 8943;
2774 : 13202;
2775 : 11056;
2776 : 8681;
2777 : 35886;
2778 : 50708;
2779 : 48595;
2780 : 50675;
2781 : 52821;
2782 : 57046;
2783 : 61272;
2784 : 63352;
2785 : 63352;
2786 : 63384;
2787 : 63385;
2788 : 54901;
2789 : 40111;
2790 : 37998;
2791 : 25355;
2792 : 59196;
2793 : 65535;
2794 : 65535;
2795 : 65535;
2796 : 65535;
2797 : 65535;
2798 : 65535;
2799 : 65535;
2800 : 65535;
2801 : 65535;
2802 : 65535;
2803 : 65535;
2804 : 65535;
2805 : 65535;
2806 : 65535;
2807 : 65535;
2808 : 65535;
2809 : 65535;
2810 : 65535;
2811 : 65535;
2812 : 65535;
2813 : 65535;
2814 : 65535;
2815 : 65535;
2816 : 65535;
2817 : 65535;
2818 : 65535;
2819 : 65535;
2820 : 65535;
2821 : 65535;
2822 : 65535;
2823 : 65535;
2824 : 65535;
2825 : 65535;
2826 : 65535;
2827 : 65535;
2828 : 65535;
2829 : 65535;
2830 : 65535;
2831 : 65535;
2832 : 65535;
2833 : 65535;
2834 : 65535;
2835 : 65535;
2836 : 65535;
2837 : 65535;
2838 : 65535;
2839 : 65535;
2840 : 65535;
2841 : 65535;
2842 : 65535;
2843 : 65535;
2844 : 65535;
2845 : 65535;
2846 : 65535;
2847 : 65535;
2848 : 65535;
2849 : 65535;
2850 : 65535;
2851 : 65535;
2852 : 65535;
2853 : 65535;
2854 : 65535;
2855 : 65535;
2856 : 65535;
2857 : 65535;
2858 : 65535;
2859 : 65535;
2860 : 65535;
2861 : 65535;
2862 : 65535;
2863 : 65535;
2864 : 50711;
2865 : 27469;
2866 : 38067;
2867 : 40180;
2868 : 38034;
2869 : 25356;
2870 : 8844;
2871 : 13202;
2872 : 6633;
2873 : 8779;
2874 : 23341;
2875 : 61343;
2876 : 59230;
2877 : 59230;
2878 : 52891;
2879 : 48633;
2880 : 48633;
2881 : 52891;
2882 : 57117;
2883 : 61311;
2884 : 61343;
2885 : 48665;
2886 : 27469;
2887 : 33840;
2888 : 52857;
2889 : 63390;
2890 : 65503;
2891 : 65503;
2892 : 65535;
2893 : 65535;
2894 : 65535;
2895 : 65535;
2896 : 65535;
2897 : 65535;
2898 : 50711;
2899 : 12907;
2900 : 11024;
2901 : 13202;
2902 : 11023;
2903 : 10761;
2904 : 37998;
2905 : 50708;
2906 : 48595;
2907 : 50675;
2908 : 52821;
2909 : 57046;
2910 : 61272;
2911 : 63352;
2912 : 63352;
2913 : 65465;
2914 : 59126;
2915 : 40143;
2916 : 37999;
2917 : 48563;
2918 : 31692;
2919 : 52825;
2920 : 65535;
2921 : 65535;
2922 : 65535;
2923 : 65535;
2924 : 65535;
2925 : 65535;
2926 : 65535;
2927 : 65535;
2928 : 65535;
2929 : 65535;
2930 : 65535;
2931 : 65535;
2932 : 65535;
2933 : 65535;
2934 : 65535;
2935 : 65535;
2936 : 65535;
2937 : 65535;
2938 : 65535;
2939 : 65535;
2940 : 65535;
2941 : 65535;
2942 : 65535;
2943 : 65535;
2944 : 65535;
2945 : 65535;
2946 : 65535;
2947 : 65535;
2948 : 65535;
2949 : 65535;
2950 : 65535;
2951 : 65535;
2952 : 65535;
2953 : 65535;
2954 : 65535;
2955 : 65535;
2956 : 65535;
2957 : 65535;
2958 : 65535;
2959 : 65535;
2960 : 65535;
2961 : 65535;
2962 : 65535;
2963 : 65535;
2964 : 65535;
2965 : 65535;
2966 : 65535;
2967 : 65535;
2968 : 65535;
2969 : 65535;
2970 : 65535;
2971 : 65535;
2972 : 65535;
2973 : 65535;
2974 : 65535;
2975 : 65535;
2976 : 65535;
2977 : 65535;
2978 : 65535;
2979 : 65535;
2980 : 65535;
2981 : 65535;
2982 : 65535;
2983 : 65535;
2984 : 65535;
2985 : 65535;
2986 : 65535;
2987 : 65535;
2988 : 65535;
2989 : 65535;
2990 : 65535;
2991 : 57083;
2992 : 25389;
2993 : 52924;
2994 : 57150;
2995 : 52891;
2996 : 50811;
2997 : 50778;
2998 : 12972;
2999 : 13202;
3000 : 8779;
3001 : 10859;
3002 : 10729;
3003 : 52859;
3004 : 61343;
3005 : 59263;
3006 : 61311;
3007 : 61311;
3008 : 59263;
3009 : 59230;
3010 : 59198;
3011 : 57150;
3012 : 57117;
3013 : 52891;
3014 : 50810;
3015 : 44406;
3016 : 35987;
3017 : 38099;
3018 : 40147;
3019 : 38099;
3020 : 31760;
3021 : 59164;
3022 : 65535;
3023 : 65535;
3024 : 65535;
3025 : 40179;
3026 : 8714;
3027 : 11121;
3028 : 13169;
3029 : 10991;
3030 : 10728;
3031 : 40111;
3032 : 50708;
3033 : 48595;
3034 : 50643;
3035 : 52821;
3036 : 57046;
3037 : 61272;
3038 : 63352;
3039 : 63385;
3040 : 61272;
3041 : 46449;
3042 : 33805;
3043 : 44337;
3044 : 52788;
3045 : 37998;
3046 : 44340;
3047 : 65535;
3048 : 65535;
3049 : 65535;
3050 : 65535;
3051 : 65535;
3052 : 65535;
3053 : 65535;
3054 : 65535;
3055 : 65535;
3056 : 65535;
3057 : 65535;
3058 : 65535;
3059 : 65535;
3060 : 65535;
3061 : 65535;
3062 : 65535;
3063 : 65535;
3064 : 65535;
3065 : 65535;
3066 : 65535;
3067 : 65535;
3068 : 65535;
3069 : 65535;
3070 : 65535;
3071 : 65535;
3072 : 65535;
3073 : 65535;
3074 : 65535;
3075 : 65535;
3076 : 65535;
3077 : 65535;
3078 : 65535;
3079 : 65535;
3080 : 65535;
3081 : 65535;
3082 : 65535;
3083 : 65535;
3084 : 65535;
3085 : 65535;
3086 : 65535;
3087 : 65535;
3088 : 65535;
3089 : 65535;
3090 : 65535;
3091 : 65535;
3092 : 65535;
3093 : 65535;
3094 : 65535;
3095 : 65535;
3096 : 65535;
3097 : 65535;
3098 : 65535;
3099 : 65535;
3100 : 65535;
3101 : 65535;
3102 : 65535;
3103 : 65535;
3104 : 65535;
3105 : 65535;
3106 : 65535;
3107 : 65535;
3108 : 65535;
3109 : 65535;
3110 : 65535;
3111 : 65535;
3112 : 65535;
3113 : 65535;
3114 : 65535;
3115 : 65535;
3116 : 65535;
3117 : 65535;
3118 : 54938;
3119 : 29647;
3120 : 52859;
3121 : 59230;
3122 : 57150;
3123 : 59198;
3124 : 59230;
3125 : 59262;
3126 : 23407;
3127 : 11089;
3128 : 10958;
3129 : 8681;
3130 : 8779;
3131 : 19082;
3132 : 40213;
3133 : 42294;
3134 : 40213;
3135 : 44407;
3136 : 50778;
3137 : 57085;
3138 : 59230;
3139 : 61311;
3140 : 57150;
3141 : 46584;
3142 : 46552;
3143 : 50746;
3144 : 55004;
3145 : 59230;
3146 : 59198;
3147 : 59230;
3148 : 44439;
3149 : 38066;
3150 : 65535;
3151 : 63422;
3152 : 29647;
3153 : 8779;
3154 : 13202;
3155 : 13169;
3156 : 10991;
3157 : 10760;
3158 : 40111;
3159 : 50676;
3160 : 48595;
3161 : 48595;
3162 : 52756;
3163 : 57014;
3164 : 61272;
3165 : 63352;
3166 : 63385;
3167 : 52788;
3168 : 33837;
3169 : 38031;
3170 : 50643;
3171 : 52756;
3172 : 50675;
3173 : 33807;
3174 : 65535;
3175 : 65535;
3176 : 65535;
3177 : 65535;
3178 : 65535;
3179 : 65535;
3180 : 65535;
3181 : 65535;
3182 : 65535;
3183 : 65535;
3184 : 65535;
3185 : 65535;
3186 : 65535;
3187 : 65535;
3188 : 65535;
3189 : 65535;
3190 : 65535;
3191 : 65535;
3192 : 65535;
3193 : 65535;
3194 : 65535;
3195 : 65535;
3196 : 65535;
3197 : 65535;
3198 : 65535;
3199 : 65535;
3200 : 65535;
3201 : 65535;
3202 : 65535;
3203 : 65535;
3204 : 65535;
3205 : 65535;
3206 : 65535;
3207 : 65535;
3208 : 65535;
3209 : 65535;
3210 : 65535;
3211 : 65535;
3212 : 65535;
3213 : 65535;
3214 : 65535;
3215 : 65535;
3216 : 65535;
3217 : 65535;
3218 : 65535;
3219 : 65535;
3220 : 65535;
3221 : 65535;
3222 : 65535;
3223 : 65535;
3224 : 65535;
3225 : 65535;
3226 : 65535;
3227 : 65535;
3228 : 65535;
3229 : 65535;
3230 : 65535;
3231 : 65535;
3232 : 65535;
3233 : 65535;
3234 : 65535;
3235 : 65535;
3236 : 65535;
3237 : 65535;
3238 : 65535;
3239 : 65535;
3240 : 65535;
3241 : 65535;
3242 : 65535;
3243 : 65535;
3244 : 59164;
3245 : 40147;
3246 : 33841;
3247 : 55036;
3248 : 59230;
3249 : 57150;
3250 : 59198;
3251 : 59230;
3252 : 61343;
3253 : 63455;
3254 : 21163;
3255 : 8943;
3256 : 13169;
3257 : 6568;
3258 : 13038;
3259 : 10892;
3260 : 8812;
3261 : 8779;
3262 : 8779;
3263 : 8812;
3264 : 10892;
3265 : 15021;
3266 : 21326;
3267 : 31761;
3268 : 40180;
3269 : 33809;
3270 : 48600;
3271 : 50778;
3272 : 52891;
3273 : 57150;
3274 : 57085;
3275 : 52859;
3276 : 50745;
3277 : 27469;
3278 : 57051;
3279 : 23308;
3280 : 6732;
3281 : 13234;
3282 : 13169;
3283 : 11023;
3284 : 10761;
3285 : 40111;
3286 : 50676;
3287 : 48563;
3288 : 48595;
3289 : 50676;
3290 : 54901;
3291 : 61207;
3292 : 65465;
3293 : 61239;
3294 : 40111;
3295 : 35886;
3296 : 48530;
3297 : 50676;
3298 : 52788;
3299 : 59159;
3300 : 38031;
3301 : 52825;
3302 : 65535;
3303 : 65535;
3304 : 65535;
3305 : 65535;
3306 : 65535;
3307 : 65535;
3308 : 65535;
3309 : 65535;
3310 : 65535;
3311 : 65535;
3312 : 65535;
3313 : 65535;
3314 : 65535;
3315 : 65535;
3316 : 65535;
3317 : 65535;
3318 : 65535;
3319 : 65535;
3320 : 65535;
3321 : 65535;
3322 : 65535;
3323 : 65535;
3324 : 65535;
3325 : 65535;
3326 : 65535;
3327 : 65535;
3328 : 65535;
3329 : 65535;
3330 : 65535;
3331 : 65535;
3332 : 65535;
3333 : 65535;
3334 : 65535;
3335 : 65535;
3336 : 65535;
3337 : 65535;
3338 : 65535;
3339 : 65535;
3340 : 65535;
3341 : 65535;
3342 : 65535;
3343 : 65535;
3344 : 65535;
3345 : 65535;
3346 : 65535;
3347 : 65535;
3348 : 65535;
3349 : 65535;
3350 : 65535;
3351 : 65535;
3352 : 65535;
3353 : 65535;
3354 : 65535;
3355 : 65535;
3356 : 65535;
3357 : 65535;
3358 : 65535;
3359 : 65535;
3360 : 65535;
3361 : 65535;
3362 : 65535;
3363 : 65535;
3364 : 65535;
3365 : 65535;
3366 : 65535;
3367 : 65535;
3368 : 65535;
3369 : 65503;
3370 : 44373;
3371 : 31695;
3372 : 31760;
3373 : 46520;
3374 : 59230;
3375 : 59198;
3376 : 57150;
3377 : 57150;
3378 : 59198;
3379 : 61343;
3380 : 57117;
3381 : 33906;
3382 : 8714;
3383 : 11056;
3384 : 13234;
3385 : 8746;
3386 : 10860;
3387 : 13070;
3388 : 13038;
3389 : 13038;
3390 : 13103;
3391 : 13169;
3392 : 13202;
3393 : 13169;
3394 : 11089;
3395 : 11023;
3396 : 8877;
3397 : 8713;
3398 : 21228;
3399 : 40180;
3400 : 52891;
3401 : 55004;
3402 : 50778;
3403 : 50777;
3404 : 52858;
3405 : 42293;
3406 : 8517;
3407 : 8910;
3408 : 13234;
3409 : 13201;
3410 : 13103;
3411 : 12906;
3412 : 42224;
3413 : 50675;
3414 : 48563;
3415 : 48595;
3416 : 48595;
3417 : 52821;
3418 : 59127;
3419 : 65433;
3420 : 50708;
3421 : 33773;
3422 : 42256;
3423 : 50676;
3424 : 50675;
3425 : 54901;
3426 : 61239;
3427 : 57046;
3428 : 35888;
3429 : 65535;
3430 : 65535;
3431 : 65535;
3432 : 65535;
3433 : 65535;
3434 : 65535;
3435 : 65535;
3436 : 65535;
3437 : 65535;
3438 : 65535;
3439 : 65535;
3440 : 65535;
3441 : 65535;
3442 : 65535;
3443 : 65535;
3444 : 65535;
3445 : 65535;
3446 : 65535;
3447 : 65535;
3448 : 65535;
3449 : 65535;
3450 : 65535;
3451 : 65535;
3452 : 65535;
3453 : 65535;
3454 : 65535;
3455 : 65535;
3456 : 65535;
3457 : 65535;
3458 : 65535;
3459 : 65535;
3460 : 65535;
3461 : 65535;
3462 : 65535;
3463 : 65535;
3464 : 65535;
3465 : 65535;
3466 : 65535;
3467 : 65535;
3468 : 65535;
3469 : 65535;
3470 : 65535;
3471 : 65535;
3472 : 65535;
3473 : 65535;
3474 : 65535;
3475 : 65535;
3476 : 65535;
3477 : 65535;
3478 : 65535;
3479 : 65535;
3480 : 65535;
3481 : 65535;
3482 : 65535;
3483 : 65535;
3484 : 65535;
3485 : 65535;
3486 : 65535;
3487 : 65535;
3488 : 65535;
3489 : 65535;
3490 : 65535;
3491 : 65535;
3492 : 65535;
3493 : 65535;
3494 : 65535;
3495 : 65535;
3496 : 65535;
3497 : 54938;
3498 : 29647;
3499 : 55037;
3500 : 59231;
3501 : 59231;
3502 : 57150;
3503 : 57150;
3504 : 57150;
3505 : 59230;
3506 : 59198;
3507 : 42326;
3508 : 17231;
3509 : 8975;
3510 : 13202;
3511 : 13202;
3512 : 13202;
3513 : 8845;
3514 : 8714;
3515 : 13071;
3516 : 13038;
3517 : 13071;
3518 : 13168;
3519 : 13201;
3520 : 13201;
3521 : 13234;
3522 : 13234;
3523 : 13234;
3524 : 13234;
3525 : 13202;
3526 : 8943;
3527 : 8747;
3528 : 23341;
3529 : 44406;
3530 : 52890;
3531 : 52858;
3532 : 52858;
3533 : 25421;
3534 : 8877;
3535 : 13234;
3536 : 13201;
3537 : 13104;
3538 : 10793;
3539 : 40111;
3540 : 50708;
3541 : 48595;
3542 : 48595;
3543 : 48595;
3544 : 50675;
3545 : 57046;
3546 : 59159;
3547 : 40111;
3548 : 33805;
3549 : 46483;
3550 : 48563;
3551 : 50675;
3552 : 54933;
3553 : 61239;
3554 : 65465;
3555 : 42256;
3556 : 50744;
3557 : 65535;
3558 : 65535;
3559 : 65535;
3560 : 65535;
3561 : 65535;
3562 : 65535;
3563 : 65535;
3564 : 65535;
3565 : 65535;
3566 : 65535;
3567 : 65535;
3568 : 65535;
3569 : 65535;
3570 : 65535;
3571 : 65535;
3572 : 65535;
3573 : 65535;
3574 : 65535;
3575 : 65535;
3576 : 65535;
3577 : 65535;
3578 : 65535;
3579 : 65535;
3580 : 65535;
3581 : 65535;
3582 : 65535;
3583 : 65535;
3584 : 65535;
3585 : 65535;
3586 : 65535;
3587 : 65535;
3588 : 65535;
3589 : 65535;
3590 : 65535;
3591 : 65535;
3592 : 65535;
3593 : 65535;
3594 : 65535;
3595 : 65535;
3596 : 65535;
3597 : 65535;
3598 : 65535;
3599 : 65535;
3600 : 65535;
3601 : 65535;
3602 : 65535;
3603 : 65535;
3604 : 65535;
3605 : 65535;
3606 : 65535;
3607 : 65535;
3608 : 65535;
3609 : 65535;
3610 : 65535;
3611 : 65535;
3612 : 65535;
3613 : 65535;
3614 : 65535;
3615 : 65535;
3616 : 65535;
3617 : 65535;
3618 : 65535;
3619 : 65535;
3620 : 65535;
3621 : 65535;
3622 : 65535;
3623 : 65535;
3624 : 65535;
3625 : 42260;
3626 : 46519;
3627 : 59263;
3628 : 57150;
3629 : 57150;
3630 : 59198;
3631 : 59198;
3632 : 61311;
3633 : 52858;
3634 : 21293;
3635 : 13038;
3636 : 19475;
3637 : 19475;
3638 : 17362;
3639 : 13202;
3640 : 13201;
3641 : 11056;
3642 : 6535;
3643 : 13070;
3644 : 13070;
3645 : 13136;
3646 : 13201;
3647 : 13202;
3648 : 13234;
3649 : 10958;
3650 : 10859;
3651 : 10990;
3652 : 8844;
3653 : 11056;
3654 : 13234;
3655 : 13234;
3656 : 11023;
3657 : 10826;
3658 : 29647;
3659 : 48632;
3660 : 31760;
3661 : 8812;
3662 : 13234;
3663 : 13201;
3664 : 13136;
3665 : 10794;
3666 : 37998;
3667 : 50708;
3668 : 48595;
3669 : 50643;
3670 : 50643;
3671 : 48595;
3672 : 52821;
3673 : 50675;
3674 : 33805;
3675 : 40144;
3676 : 48595;
3677 : 48563;
3678 : 50643;
3679 : 54933;
3680 : 61240;
3681 : 63352;
3682 : 61271;
3683 : 35919;
3684 : 65503;
3685 : 65535;
3686 : 65535;
3687 : 65535;
3688 : 65535;
3689 : 65535;
3690 : 65535;
3691 : 65535;
3692 : 65535;
3693 : 65535;
3694 : 65535;
3695 : 65535;
3696 : 65535;
3697 : 65535;
3698 : 65535;
3699 : 65535;
3700 : 65535;
3701 : 65535;
3702 : 65535;
3703 : 65535;
3704 : 65535;
3705 : 65535;
3706 : 65535;
3707 : 65535;
3708 : 65535;
3709 : 65535;
3710 : 65535;
3711 : 65535;
3712 : 65535;
3713 : 65535;
3714 : 65535;
3715 : 65535;
3716 : 65535;
3717 : 65535;
3718 : 65535;
3719 : 65535;
3720 : 65535;
3721 : 65535;
3722 : 65535;
3723 : 65535;
3724 : 65535;
3725 : 65535;
3726 : 65535;
3727 : 65535;
3728 : 65535;
3729 : 65535;
3730 : 65535;
3731 : 65535;
3732 : 65535;
3733 : 65535;
3734 : 65535;
3735 : 65535;
3736 : 65535;
3737 : 65535;
3738 : 65535;
3739 : 65535;
3740 : 65535;
3741 : 65535;
3742 : 65535;
3743 : 65535;
3744 : 65535;
3745 : 65535;
3746 : 65535;
3747 : 65535;
3748 : 65535;
3749 : 65535;
3750 : 65535;
3751 : 65535;
3752 : 63390;
3753 : 27534;
3754 : 57085;
3755 : 57150;
3756 : 57150;
3757 : 59198;
3758 : 52923;
3759 : 57116;
3760 : 44439;
3761 : 12906;
3762 : 17362;
3763 : 25813;
3764 : 27861;
3765 : 27829;
3766 : 23636;
3767 : 17395;
3768 : 13201;
3769 : 13234;
3770 : 6633;
3771 : 13005;
3772 : 13103;
3773 : 13169;
3774 : 13202;
3775 : 13234;
3776 : 10958;
3777 : 13037;
3778 : 30201;
3779 : 28153;
3780 : 23765;
3781 : 13037;
3782 : 8844;
3783 : 13136;
3784 : 15282;
3785 : 13234;
3786 : 10991;
3787 : 10761;
3788 : 8779;
3789 : 13234;
3790 : 13201;
3791 : 13169;
3792 : 8779;
3793 : 31692;
3794 : 52756;
3795 : 50643;
3796 : 50643;
3797 : 50643;
3798 : 50675;
3799 : 50675;
3800 : 35918;
3801 : 33773;
3802 : 48562;
3803 : 50675;
3804 : 48595;
3805 : 50708;
3806 : 57014;
3807 : 61272;
3808 : 63352;
3809 : 65433;
3810 : 48562;
3811 : 44373;
3812 : 65535;
3813 : 65535;
3814 : 65535;
3815 : 65535;
3816 : 65535;
3817 : 65535;
3818 : 65535;
3819 : 65535;
3820 : 65535;
3821 : 65535;
3822 : 65535;
3823 : 65535;
3824 : 65535;
3825 : 65535;
3826 : 65535;
3827 : 65535;
3828 : 65535;
3829 : 65535;
3830 : 65535;
3831 : 65535;
3832 : 65535;
3833 : 65535;
3834 : 65535;
3835 : 65535;
3836 : 65535;
3837 : 65535;
3838 : 65535;
3839 : 65535;
3840 : 65535;
3841 : 65535;
3842 : 65535;
3843 : 65535;
3844 : 65535;
3845 : 65535;
3846 : 65535;
3847 : 65535;
3848 : 65535;
3849 : 65535;
3850 : 65535;
3851 : 65535;
3852 : 65535;
3853 : 65535;
3854 : 65535;
3855 : 65535;
3856 : 65535;
3857 : 65535;
3858 : 65535;
3859 : 65535;
3860 : 65535;
3861 : 65535;
3862 : 65535;
3863 : 65535;
3864 : 65535;
3865 : 65535;
3866 : 65535;
3867 : 65535;
3868 : 65535;
3869 : 65535;
3870 : 65535;
3871 : 65535;
3872 : 65535;
3873 : 65535;
3874 : 65535;
3875 : 65535;
3876 : 65535;
3877 : 65535;
3878 : 65535;
3879 : 65535;
3880 : 31727;
3881 : 40213;
3882 : 59231;
3883 : 57150;
3884 : 59230;
3885 : 61310;
3886 : 57117;
3887 : 27534;
3888 : 12940;
3889 : 23668;
3890 : 27862;
3891 : 25749;
3892 : 23635;
3893 : 27829;
3894 : 25749;
3895 : 19475;
3896 : 15282;
3897 : 13234;
3898 : 10925;
3899 : 10892;
3900 : 13136;
3901 : 13201;
3902 : 13234;
3903 : 10958;
3904 : 15117;
3905 : 30267;
3906 : 32380;
3907 : 30300;
3908 : 32412;
3909 : 32380;
3910 : 28023;
3911 : 17328;
3912 : 10925;
3913 : 13201;
3914 : 13234;
3915 : 13169;
3916 : 13202;
3917 : 13201;
3918 : 13169;
3919 : 10957;
3920 : 21161;
3921 : 50643;
3922 : 50675;
3923 : 48595;
3924 : 50643;
3925 : 50676;
3926 : 46482;
3927 : 29547;
3928 : 35918;
3929 : 50676;
3930 : 50675;
3931 : 48595;
3932 : 50708;
3933 : 57014;
3934 : 61272;
3935 : 63352;
3936 : 63352;
3937 : 63385;
3938 : 33806;
3939 : 59196;
3940 : 65535;
3941 : 65535;
3942 : 65535;
3943 : 65535;
3944 : 65535;
3945 : 65535;
3946 : 65535;
3947 : 65535;
3948 : 65535;
3949 : 65535;
3950 : 65535;
3951 : 65535;
3952 : 65535;
3953 : 65535;
3954 : 65535;
3955 : 65535;
3956 : 65535;
3957 : 65535;
3958 : 65535;
3959 : 65535;
3960 : 65535;
3961 : 65535;
3962 : 65535;
3963 : 65535;
3964 : 65535;
3965 : 65535;
3966 : 65535;
3967 : 65535;
3968 : 65535;
3969 : 65535;
3970 : 65535;
3971 : 65535;
3972 : 65535;
3973 : 65535;
3974 : 57084;
3975 : 57051;
3976 : 59164;
3977 : 61277;
3978 : 63357;
3979 : 63422;
3980 : 65503;
3981 : 65535;
3982 : 65535;
3983 : 65535;
3984 : 65535;
3985 : 65535;
3986 : 65535;
3987 : 65535;
3988 : 65535;
3989 : 65535;
3990 : 65535;
3991 : 65535;
3992 : 65535;
3993 : 65535;
3994 : 65535;
3995 : 65535;
3996 : 65535;
3997 : 65535;
3998 : 65535;
3999 : 65535;
4000 : 65535;
4001 : 65535;
4002 : 65535;
4003 : 65535;
4004 : 65535;
4005 : 65535;
4006 : 54970;
4007 : 29582;
4008 : 40180;
4009 : 59263;
4010 : 59230;
4011 : 59262;
4012 : 59262;
4013 : 61375;
4014 : 50778;
4015 : 15085;
4016 : 23668;
4017 : 27862;
4018 : 23635;
4019 : 12907;
4020 : 17133;
4021 : 21424;
4022 : 21490;
4023 : 17395;
4024 : 15282;
4025 : 13234;
4026 : 13136;
4027 : 8747;
4028 : 13169;
4029 : 13234;
4030 : 10958;
4031 : 17295;
4032 : 30267;
4033 : 30300;
4034 : 30299;
4035 : 30299;
4036 : 32347;
4037 : 32380;
4038 : 32412;
4039 : 32444;
4040 : 23732;
4041 : 8681;
4042 : 13169;
4043 : 13234;
4044 : 13201;
4045 : 13201;
4046 : 13136;
4047 : 10761;
4048 : 44337;
4049 : 50676;
4050 : 48595;
4051 : 48595;
4052 : 50708;
4053 : 42257;
4054 : 27467;
4055 : 42256;
4056 : 50708;
4057 : 50643;
4058 : 48595;
4059 : 50708;
4060 : 57014;
4061 : 61272;
4062 : 63352;
4063 : 63320;
4064 : 61272;
4065 : 57046;
4066 : 31726;
4067 : 65535;
4068 : 65535;
4069 : 65535;
4070 : 65535;
4071 : 65535;
4072 : 65535;
4073 : 65535;
4074 : 65535;
4075 : 65535;
4076 : 65535;
4077 : 65535;
4078 : 65535;
4079 : 65535;
4080 : 65535;
4081 : 65535;
4082 : 65535;
4083 : 65535;
4084 : 65535;
4085 : 65535;
4086 : 65535;
4087 : 65535;
4088 : 65535;
4089 : 65535;
4090 : 65535;
4091 : 65535;
4092 : 65535;
4093 : 65535;
4094 : 65535;
4095 : 65535;
4096 : 65535;
4097 : 65535;
4098 : 65535;
4099 : 65535;
4100 : 63422;
4101 : 25388;
4102 : 25354;
4103 : 19016;
4104 : 10630;
4105 : 10663;
4106 : 12743;
4107 : 16969;
4108 : 19115;
4109 : 29647;
4110 : 31761;
4111 : 33873;
4112 : 33841;
4113 : 40179;
4114 : 44405;
4115 : 48599;
4116 : 52857;
4117 : 59196;
4118 : 63389;
4119 : 63422;
4120 : 65535;
4121 : 65535;
4122 : 65535;
4123 : 65535;
4124 : 65535;
4125 : 65535;
4126 : 65535;
4127 : 65535;
4128 : 65535;
4129 : 65535;
4130 : 65535;
4131 : 65535;
4132 : 65503;
4133 : 40147;
4134 : 29615;
4135 : 48665;
4136 : 61375;
4137 : 59262;
4138 : 59262;
4139 : 59262;
4140 : 61311;
4141 : 57084;
4142 : 17003;
4143 : 19475;
4144 : 27862;
4145 : 21457;
4146 : 19310;
4147 : 36345;
4148 : 40669;
4149 : 38490;
4150 : 29974;
4151 : 17296;
4152 : 10990;
4153 : 13136;
4154 : 13201;
4155 : 10990;
4156 : 13169;
4157 : 8747;
4158 : 19441;
4159 : 32380;
4160 : 30300;
4161 : 30299;
4162 : 30300;
4163 : 30299;
4164 : 32347;
4165 : 32380;
4166 : 32380;
4167 : 32380;
4168 : 34493;
4169 : 23764;
4170 : 8746;
4171 : 13169;
4172 : 13234;
4173 : 13169;
4174 : 10893;
4175 : 27499;
4176 : 52756;
4177 : 48595;
4178 : 50643;
4179 : 50708;
4180 : 37998;
4181 : 27467;
4182 : 46482;
4183 : 50676;
4184 : 50643;
4185 : 48595;
4186 : 50708;
4187 : 54934;
4188 : 61240;
4189 : 63352;
4190 : 61272;
4191 : 61240;
4192 : 61272;
4193 : 48563;
4194 : 40179;
4195 : 65535;
4196 : 65535;
4197 : 65535;
4198 : 65535;
4199 : 65535;
4200 : 65535;
4201 : 65535;
4202 : 65535;
4203 : 65535;
4204 : 65535;
4205 : 65535;
4206 : 65535;
4207 : 65535;
4208 : 65535;
4209 : 65535;
4210 : 65535;
4211 : 65535;
4212 : 65535;
4213 : 65535;
4214 : 65535;
4215 : 65535;
4216 : 65535;
4217 : 65535;
4218 : 65535;
4219 : 65535;
4220 : 65535;
4221 : 65535;
4222 : 65535;
4223 : 65535;
4224 : 65535;
4225 : 65535;
4226 : 65535;
4227 : 65535;
4228 : 65535;
4229 : 48631;
4230 : 27467;
4231 : 57014;
4232 : 57014;
4233 : 48595;
4234 : 42257;
4235 : 35919;
4236 : 27532;
4237 : 25452;
4238 : 21292;
4239 : 17067;
4240 : 17067;
4241 : 14987;
4242 : 12907;
4243 : 12939;
4244 : 15020;
4245 : 17133;
4246 : 19246;
4247 : 21326;
4248 : 25487;
4249 : 31825;
4250 : 40179;
4251 : 48599;
4252 : 50744;
4253 : 59163;
4254 : 65503;
4255 : 65535;
4256 : 65535;
4257 : 65535;
4258 : 65535;
4259 : 65535;
4260 : 63422;
4261 : 35954;
4262 : 61375;
4263 : 61343;
4264 : 59262;
4265 : 59262;
4266 : 59262;
4267 : 59262;
4268 : 61311;
4269 : 31761;
4270 : 13071;
4271 : 27862;
4272 : 21424;
4273 : 21326;
4274 : 44765;
4275 : 42749;
4276 : 40636;
4277 : 40669;
4278 : 40701;
4279 : 36508;
4280 : 27991;
4281 : 17361;
4282 : 10924;
4283 : 10925;
4284 : 8746;
4285 : 21587;
4286 : 32380;
4287 : 30300;
4288 : 30299;
4289 : 30299;
4290 : 30299;
4291 : 30299;
4292 : 30299;
4293 : 32347;
4294 : 32380;
4295 : 32380;
4296 : 32380;
4297 : 32445;
4298 : 25943;
4299 : 10891;
4300 : 11056;
4301 : 13136;
4302 : 10793;
4303 : 46417;
4304 : 50675;
4305 : 50643;
4306 : 50676;
4307 : 33805;
4308 : 31660;
4309 : 48595;
4310 : 48595;
4311 : 48595;
4312 : 48595;
4313 : 50675;
4314 : 54901;
4315 : 59159;
4316 : 61272;
4317 : 61240;
4318 : 61240;
4319 : 61240;
4320 : 61272;
4321 : 40144;
4322 : 50712;
4323 : 65535;
4324 : 65535;
4325 : 65535;
4326 : 65535;
4327 : 65535;
4328 : 65535;
4329 : 65535;
4330 : 65535;
4331 : 65535;
4332 : 65535;
4333 : 65535;
4334 : 65535;
4335 : 65535;
4336 : 65535;
4337 : 65535;
4338 : 65535;
4339 : 65535;
4340 : 65535;
4341 : 65535;
4342 : 65535;
4343 : 65535;
4344 : 65535;
4345 : 65535;
4346 : 65535;
4347 : 65535;
4348 : 65535;
4349 : 65535;
4350 : 65535;
4351 : 65535;
4352 : 65535;
4353 : 65535;
4354 : 65535;
4355 : 65535;
4356 : 65535;
4357 : 65535;
4358 : 48631;
4359 : 21161;
4360 : 57079;
4361 : 63353;
4362 : 61305;
4363 : 63353;
4364 : 63320;
4365 : 61240;
4366 : 59159;
4367 : 57014;
4368 : 52821;
4369 : 48595;
4370 : 42256;
4371 : 33838;
4372 : 25452;
4373 : 19147;
4374 : 12939;
4375 : 13037;
4376 : 13136;
4377 : 13169;
4378 : 15184;
4379 : 13071;
4380 : 8812;
4381 : 10826;
4382 : 17067;
4383 : 27502;
4384 : 38067;
4385 : 50712;
4386 : 61276;
4387 : 65535;
4388 : 65535;
4389 : 33873;
4390 : 61343;
4391 : 61310;
4392 : 59262;
4393 : 59262;
4394 : 59230;
4395 : 59263;
4396 : 46519;
4397 : 10925;
4398 : 21621;
4399 : 21490;
4400 : 19278;
4401 : 44764;
4402 : 46877;
4403 : 42717;
4404 : 40668;
4405 : 40668;
4406 : 38588;
4407 : 34460;
4408 : 32412;
4409 : 32412;
4410 : 28121;
4411 : 15182;
4412 : 23765;
4413 : 32412;
4414 : 30299;
4415 : 30299;
4416 : 30299;
4417 : 30299;
4418 : 30299;
4419 : 30299;
4420 : 32348;
4421 : 32380;
4422 : 32380;
4423 : 32380;
4424 : 32380;
4425 : 32380;
4426 : 34493;
4427 : 30202;
4428 : 10891;
4429 : 8845;
4430 : 21161;
4431 : 50676;
4432 : 50643;
4433 : 50675;
4434 : 31692;
4435 : 33805;
4436 : 50675;
4437 : 48563;
4438 : 48563;
4439 : 48595;
4440 : 48595;
4441 : 52788;
4442 : 57046;
4443 : 61272;
4444 : 61240;
4445 : 61240;
4446 : 61240;
4447 : 61240;
4448 : 63352;
4449 : 35918;
4450 : 54971;
4451 : 65535;
4452 : 65535;
4453 : 65535;
4454 : 65535;
4455 : 65535;
4456 : 65535;
4457 : 65535;
4458 : 65535;
4459 : 65535;
4460 : 65535;
4461 : 65535;
4462 : 65535;
4463 : 65535;
4464 : 65535;
4465 : 65535;
4466 : 65535;
4467 : 65535;
4468 : 65535;
4469 : 65535;
4470 : 65535;
4471 : 65535;
4472 : 65535;
4473 : 65535;
4474 : 65535;
4475 : 65535;
4476 : 65535;
4477 : 65535;
4478 : 65535;
4479 : 65535;
4480 : 65535;
4481 : 65535;
4482 : 65535;
4483 : 65535;
4484 : 65535;
4485 : 65535;
4486 : 65535;
4487 : 44406;
4488 : 23241;
4489 : 59159;
4490 : 61240;
4491 : 61240;
4492 : 61240;
4493 : 61240;
4494 : 61240;
4495 : 61240;
4496 : 61272;
4497 : 63352;
4498 : 63353;
4499 : 63385;
4500 : 63320;
4501 : 57046;
4502 : 50675;
4503 : 40143;
4504 : 29580;
4505 : 19081;
4506 : 10793;
4507 : 8779;
4508 : 8910;
4509 : 13169;
4510 : 11121;
4511 : 11056;
4512 : 8877;
4513 : 8779;
4514 : 12907;
4515 : 19180;
4516 : 25389;
4517 : 21130;
4518 : 54971;
4519 : 59230;
4520 : 61343;
4521 : 61343;
4522 : 59263;
4523 : 55004;
4524 : 17133;
4525 : 15282;
4526 : 23636;
4527 : 17165;
4528 : 40603;
4529 : 46877;
4530 : 44797;
4531 : 40668;
4532 : 40668;
4533 : 40668;
4534 : 36508;
4535 : 32380;
4536 : 32380;
4537 : 32380;
4538 : 32412;
4539 : 32413;
4540 : 32380;
4541 : 32347;
4542 : 30299;
4543 : 30299;
4544 : 30299;
4545 : 32348;
4546 : 32380;
4547 : 32380;
4548 : 32380;
4549 : 32380;
4550 : 32380;
4551 : 32444;
4552 : 32444;
4553 : 32347;
4554 : 30267;
4555 : 32412;
4556 : 28121;
4557 : 6568;
4558 : 31660;
4559 : 50708;
4560 : 48595;
4561 : 31660;
4562 : 35918;
4563 : 50676;
4564 : 48595;
4565 : 48595;
4566 : 48595;
4567 : 48595;
4568 : 50708;
4569 : 57014;
4570 : 61272;
4571 : 61272;
4572 : 61272;
4573 : 61272;
4574 : 61272;
4575 : 61304;
4576 : 65465;
4577 : 33806;
4578 : 59196;
4579 : 65535;
4580 : 65535;
4581 : 65535;
4582 : 65535;
4583 : 65535;
4584 : 65535;
4585 : 65535;
4586 : 65535;
4587 : 65535;
4588 : 65535;
4589 : 65535;
4590 : 65535;
4591 : 65535;
4592 : 65535;
4593 : 65535;
4594 : 65535;
4595 : 65535;
4596 : 65535;
4597 : 65535;
4598 : 65535;
4599 : 65535;
4600 : 65535;
4601 : 65535;
4602 : 65535;
4603 : 65535;
4604 : 65535;
4605 : 65535;
4606 : 65535;
4607 : 65535;
4608 : 65535;
4609 : 65535;
4610 : 65535;
4611 : 65535;
4612 : 65535;
4613 : 65535;
4614 : 65535;
4615 : 65535;
4616 : 42260;
4617 : 27499;
4618 : 61272;
4619 : 61240;
4620 : 61240;
4621 : 61240;
4622 : 61240;
4623 : 61240;
4624 : 61240;
4625 : 61240;
4626 : 61240;
4627 : 61240;
4628 : 61240;
4629 : 63352;
4630 : 63352;
4631 : 61272;
4632 : 59094;
4633 : 52820;
4634 : 46482;
4635 : 37998;
4636 : 25354;
4637 : 17001;
4638 : 10826;
4639 : 10892;
4640 : 11023;
4641 : 13202;
4642 : 13234;
4643 : 11121;
4644 : 8910;
4645 : 8812;
4646 : 10827;
4647 : 19148;
4648 : 31793;
4649 : 46551;
4650 : 57084;
4651 : 29680;
4652 : 8943;
4653 : 15315;
4654 : 15053;
4655 : 34264;
4656 : 42749;
4657 : 42717;
4658 : 40668;
4659 : 40668;
4660 : 40668;
4661 : 38588;
4662 : 34460;
4663 : 32380;
4664 : 32380;
4665 : 32380;
4666 : 32380;
4667 : 30332;
4668 : 32347;
4669 : 32347;
4670 : 32347;
4671 : 32347;
4672 : 32348;
4673 : 32380;
4674 : 32380;
4675 : 32380;
4676 : 32380;
4677 : 32412;
4678 : 32347;
4679 : 19538;
4680 : 10793;
4681 : 4356;
4682 : 6534;
4683 : 30234;
4684 : 34525;
4685 : 19473;
4686 : 37998;
4687 : 50676;
4688 : 31660;
4689 : 40111;
4690 : 50708;
4691 : 50643;
4692 : 48595;
4693 : 48595;
4694 : 48595;
4695 : 50675;
4696 : 56982;
4697 : 63320;
4698 : 63352;
4699 : 59159;
4700 : 54934;
4701 : 52821;
4702 : 50708;
4703 : 46482;
4704 : 44337;
4705 : 27467;
4706 : 63422;
4707 : 65535;
4708 : 65535;
4709 : 65535;
4710 : 65535;
4711 : 65535;
4712 : 65535;
4713 : 65535;
4714 : 65535;
4715 : 65535;
4716 : 65535;
4717 : 65535;
4718 : 65535;
4719 : 65535;
4720 : 65535;
4721 : 65535;
4722 : 65535;
4723 : 65535;
4724 : 65535;
4725 : 65535;
4726 : 65535;
4727 : 65535;
4728 : 65535;
4729 : 65535;
4730 : 65535;
4731 : 65535;
4732 : 65535;
4733 : 65535;
4734 : 65535;
4735 : 65535;
4736 : 65535;
4737 : 65535;
4738 : 65535;
4739 : 65535;
4740 : 65535;
4741 : 65535;
4742 : 65535;
4743 : 65535;
4744 : 65535;
4745 : 33808;
4746 : 38063;
4747 : 63353;
4748 : 61272;
4749 : 61272;
4750 : 61240;
4751 : 61240;
4752 : 61240;
4753 : 61208;
4754 : 61208;
4755 : 61240;
4756 : 61240;
4757 : 61240;
4758 : 61272;
4759 : 61272;
4760 : 61240;
4761 : 59159;
4762 : 59127;
4763 : 54933;
4764 : 52820;
4765 : 50643;
4766 : 44337;
4767 : 37998;
4768 : 27499;
4769 : 14986;
4770 : 10859;
4771 : 8943;
4772 : 13170;
4773 : 13234;
4774 : 13202;
4775 : 11089;
4776 : 8910;
4777 : 10925;
4778 : 12907;
4779 : 8845;
4780 : 13234;
4781 : 10990;
4782 : 21456;
4783 : 42781;
4784 : 40668;
4785 : 40668;
4786 : 40668;
4787 : 40668;
4788 : 38588;
4789 : 36508;
4790 : 32380;
4791 : 32380;
4792 : 32380;
4793 : 32380;
4794 : 30332;
4795 : 32348;
4796 : 32347;
4797 : 32347;
4798 : 30299;
4799 : 30299;
4800 : 32380;
4801 : 32380;
4802 : 32380;
4803 : 32380;
4804 : 32412;
4805 : 28121;
4806 : 10760;
4807 : 19017;
4808 : 4226;
4809 : 0;
4810 : 0;
4811 : 17360;
4812 : 34493;
4813 : 26008;
4814 : 31758;
4815 : 35886;
4816 : 38031;
4817 : 50708;
4818 : 50643;
4819 : 50675;
4820 : 50676;
4821 : 50676;
4822 : 48595;
4823 : 48562;
4824 : 46482;
4825 : 44369;
4826 : 40111;
4827 : 38031;
4828 : 42224;
4829 : 44402;
4830 : 48595;
4831 : 50676;
4832 : 50675;
4833 : 29581;
4834 : 65503;
4835 : 65535;
4836 : 65535;
4837 : 65535;
4838 : 65535;
4839 : 65535;
4840 : 65535;
4841 : 65535;
4842 : 65535;
4843 : 65535;
4844 : 65535;
4845 : 65535;
4846 : 65535;
4847 : 65535;
4848 : 65535;
4849 : 65535;
4850 : 65535;
4851 : 65535;
4852 : 65535;
4853 : 65535;
4854 : 65535;
4855 : 65535;
4856 : 65535;
4857 : 65535;
4858 : 65535;
4859 : 65535;
4860 : 65535;
4861 : 65535;
4862 : 65535;
4863 : 65535;
4864 : 65535;
4865 : 65535;
4866 : 65535;
4867 : 65535;
4868 : 65535;
4869 : 65535;
4870 : 65535;
4871 : 65535;
4872 : 65535;
4873 : 63423;
4874 : 25355;
4875 : 52788;
4876 : 65433;
4877 : 63352;
4878 : 63352;
4879 : 61240;
4880 : 61240;
4881 : 61240;
4882 : 61240;
4883 : 61240;
4884 : 61240;
4885 : 61240;
4886 : 61240;
4887 : 61240;
4888 : 61240;
4889 : 61240;
4890 : 63320;
4891 : 61272;
4892 : 59127;
4893 : 54901;
4894 : 52788;
4895 : 50708;
4896 : 50675;
4897 : 48531;
4898 : 40144;
4899 : 27467;
4900 : 12841;
4901 : 8812;
4902 : 11056;
4903 : 13202;
4904 : 13234;
4905 : 13202;
4906 : 13202;
4907 : 13202;
4908 : 13169;
4909 : 10924;
4910 : 36443;
4911 : 42717;
4912 : 42716;
4913 : 42716;
4914 : 40668;
4915 : 38588;
4916 : 36508;
4917 : 32380;
4918 : 32380;
4919 : 32380;
4920 : 32380;
4921 : 32380;
4922 : 30332;
4923 : 32347;
4924 : 30299;
4925 : 30299;
4926 : 30299;
4927 : 30299;
4928 : 32347;
4929 : 32380;
4930 : 32380;
4931 : 32380;
4932 : 32412;
4933 : 10826;
4934 : 25323;
4935 : 65535;
4936 : 44405;
4937 : 32;
4938 : 0;
4939 : 4324;
4940 : 30234;
4941 : 30300;
4942 : 17066;
4943 : 29515;
4944 : 50676;
4945 : 50676;
4946 : 50675;
4947 : 46450;
4948 : 40144;
4949 : 35886;
4950 : 33805;
4951 : 42224;
4952 : 48595;
4953 : 54933;
4954 : 59159;
4955 : 63320;
4956 : 63352;
4957 : 63352;
4958 : 63385;
4959 : 63385;
4960 : 61272;
4961 : 31694;
4962 : 65535;
4963 : 65535;
4964 : 65535;
4965 : 65535;
4966 : 65535;
4967 : 65535;
4968 : 65535;
4969 : 65535;
4970 : 65535;
4971 : 65535;
4972 : 65535;
4973 : 65535;
4974 : 65535;
4975 : 65535;
4976 : 65535;
4977 : 65535;
4978 : 65535;
4979 : 65535;
4980 : 65535;
4981 : 65535;
4982 : 65535;
4983 : 65535;
4984 : 65535;
4985 : 65535;
4986 : 65535;
4987 : 65535;
4988 : 65535;
4989 : 65535;
4990 : 65535;
4991 : 65535;
4992 : 65535;
4993 : 65535;
4994 : 65535;
4995 : 65535;
4996 : 65535;
4997 : 65535;
4998 : 65535;
4999 : 65535;
5000 : 65535;
5001 : 65535;
5002 : 52857;
5003 : 25354;
5004 : 63385;
5005 : 63352;
5006 : 63352;
5007 : 63320;
5008 : 61240;
5009 : 61240;
5010 : 61240;
5011 : 61272;
5012 : 63320;
5013 : 61272;
5014 : 61272;
5015 : 61240;
5016 : 61272;
5017 : 61272;
5018 : 63352;
5019 : 63352;
5020 : 63352;
5021 : 61240;
5022 : 57047;
5023 : 52821;
5024 : 50676;
5025 : 48563;
5026 : 48563;
5027 : 50644;
5028 : 46450;
5029 : 35918;
5030 : 21194;
5031 : 8746;
5032 : 10991;
5033 : 13202;
5034 : 13234;
5035 : 13234;
5036 : 10990;
5037 : 17295;
5038 : 36573;
5039 : 38620;
5040 : 40701;
5041 : 40701;
5042 : 38621;
5043 : 36540;
5044 : 32412;
5045 : 32380;
5046 : 32380;
5047 : 32380;
5048 : 32380;
5049 : 32347;
5050 : 30299;
5051 : 30299;
5052 : 32347;
5053 : 32348;
5054 : 32348;
5055 : 32380;
5056 : 32380;
5057 : 32380;
5058 : 32380;
5059 : 32380;
5060 : 25975;
5061 : 32;
5062 : 25356;
5063 : 65535;
5064 : 63422;
5065 : 8452;
5066 : 0;
5067 : 0;
5068 : 23798;
5069 : 32380;
5070 : 17230;
5071 : 40144;
5072 : 46450;
5073 : 35886;
5074 : 29547;
5075 : 31660;
5076 : 38031;
5077 : 44369;
5078 : 52821;
5079 : 61240;
5080 : 63385;
5081 : 63352;
5082 : 63352;
5083 : 63352;
5084 : 63352;
5085 : 63352;
5086 : 63352;
5087 : 63352;
5088 : 61272;
5089 : 31693;
5090 : 63423;
5091 : 65535;
5092 : 65535;
5093 : 65535;
5094 : 65535;
5095 : 65535;
5096 : 65535;
5097 : 65535;
5098 : 65535;
5099 : 65535;
5100 : 65535;
5101 : 65535;
5102 : 65535;
5103 : 65535;
5104 : 65535;
5105 : 65535;
5106 : 65535;
5107 : 65535;
5108 : 65535;
5109 : 65535;
5110 : 65535;
5111 : 65535;
5112 : 65535;
5113 : 65535;
5114 : 65535;
5115 : 65535;
5116 : 65535;
5117 : 65535;
5118 : 65535;
5119 : 65535;
5120 : 65535;
5121 : 65535;
5122 : 65535;
5123 : 65535;
5124 : 65535;
5125 : 65535;
5126 : 65535;
5127 : 65535;
5128 : 65535;
5129 : 65535;
5130 : 65535;
5131 : 29614;
5132 : 44369;
5133 : 65530;
5134 : 65465;
5135 : 63385;
5136 : 63384;
5137 : 63384;
5138 : 63385;
5139 : 63352;
5140 : 63384;
5141 : 63352;
5142 : 63352;
5143 : 63353;
5144 : 63385;
5145 : 63385;
5146 : 63385;
5147 : 63385;
5148 : 63385;
5149 : 65433;
5150 : 63385;
5151 : 61240;
5152 : 57014;
5153 : 52789;
5154 : 50644;
5155 : 48563;
5156 : 48563;
5157 : 50676;
5158 : 50675;
5159 : 42224;
5160 : 23306;
5161 : 12842;
5162 : 8877;
5163 : 13201;
5164 : 10925;
5165 : 25910;
5166 : 34492;
5167 : 32282;
5168 : 27925;
5169 : 25747;
5170 : 23732;
5171 : 25943;
5172 : 30234;
5173 : 32445;
5174 : 32412;
5175 : 32380;
5176 : 32380;
5177 : 32380;
5178 : 32380;
5179 : 32380;
5180 : 32380;
5181 : 32380;
5182 : 32380;
5183 : 32380;
5184 : 32380;
5185 : 32380;
5186 : 32380;
5187 : 34493;
5188 : 19376;
5189 : 0;
5190 : 4226;
5191 : 44373;
5192 : 52793;
5193 : 8420;
5194 : 2082;
5195 : 0;
5196 : 21587;
5197 : 32413;
5198 : 21554;
5199 : 21128;
5200 : 27467;
5201 : 35886;
5202 : 44370;
5203 : 48595;
5204 : 50643;
5205 : 52788;
5206 : 59094;
5207 : 63352;
5208 : 63352;
5209 : 63352;
5210 : 63352;
5211 : 63352;
5212 : 63352;
5213 : 63352;
5214 : 63352;
5215 : 63352;
5216 : 63352;
5217 : 31726;
5218 : 63390;
5219 : 65535;
5220 : 65535;
5221 : 65535;
5222 : 65535;
5223 : 65535;
5224 : 65535;
5225 : 65535;
5226 : 65535;
5227 : 65535;
5228 : 65535;
5229 : 65535;
5230 : 65535;
5231 : 65535;
5232 : 65535;
5233 : 65535;
5234 : 65535;
5235 : 65535;
5236 : 65535;
5237 : 65535;
5238 : 65535;
5239 : 65535;
5240 : 65535;
5241 : 65535;
5242 : 65535;
5243 : 65535;
5244 : 65535;
5245 : 65535;
5246 : 65535;
5247 : 65535;
5248 : 65535;
5249 : 65535;
5250 : 65535;
5251 : 65535;
5252 : 65535;
5253 : 65535;
5254 : 65535;
5255 : 65535;
5256 : 65535;
5257 : 65535;
5258 : 65535;
5259 : 59196;
5260 : 29581;
5261 : 31724;
5262 : 31692;
5263 : 38031;
5264 : 37998;
5265 : 35918;
5266 : 33805;
5267 : 33805;
5268 : 33773;
5269 : 33805;
5270 : 31725;
5271 : 33773;
5272 : 33805;
5273 : 35885;
5274 : 35918;
5275 : 37998;
5276 : 38063;
5277 : 42224;
5278 : 46450;
5279 : 48595;
5280 : 52789;
5281 : 52789;
5282 : 50676;
5283 : 48595;
5284 : 48563;
5285 : 48595;
5286 : 50643;
5287 : 50676;
5288 : 50708;
5289 : 46417;
5290 : 31692;
5291 : 14953;
5292 : 8745;
5293 : 30267;
5294 : 32412;
5295 : 12939;
5296 : 0;
5297 : 0;
5298 : 0;
5299 : 8484;
5300 : 14889;
5301 : 12938;
5302 : 28088;
5303 : 32413;
5304 : 32380;
5305 : 32380;
5306 : 32380;
5307 : 32380;
5308 : 32380;
5309 : 32380;
5310 : 32380;
5311 : 32380;
5312 : 32380;
5313 : 32380;
5314 : 32380;
5315 : 34493;
5316 : 15182;
5317 : 0;
5318 : 0;
5319 : 4195;
5320 : 16779;
5321 : 18861;
5322 : 18829;
5323 : 6309;
5324 : 23797;
5325 : 32413;
5326 : 21685;
5327 : 27435;
5328 : 48596;
5329 : 48595;
5330 : 48563;
5331 : 48563;
5332 : 50675;
5333 : 54933;
5334 : 61272;
5335 : 63352;
5336 : 63352;
5337 : 63352;
5338 : 63352;
5339 : 63352;
5340 : 63352;
5341 : 63352;
5342 : 63352;
5343 : 63352;
5344 : 65433;
5345 : 35918;
5346 : 57083;
5347 : 65535;
5348 : 65535;
5349 : 65535;
5350 : 65535;
5351 : 65535;
5352 : 65535;
5353 : 65535;
5354 : 65535;
5355 : 65535;
5356 : 65535;
5357 : 65535;
5358 : 65535;
5359 : 65535;
5360 : 65535;
5361 : 65535;
5362 : 65535;
5363 : 65535;
5364 : 65535;
5365 : 65535;
5366 : 65535;
5367 : 65535;
5368 : 65535;
5369 : 65535;
5370 : 65535;
5371 : 65535;
5372 : 65535;
5373 : 65535;
5374 : 65535;
5375 : 65535;
5376 : 65535;
5377 : 65535;
5378 : 65535;
5379 : 65535;
5380 : 65535;
5381 : 65535;
5382 : 65535;
5383 : 65535;
5384 : 65535;
5385 : 65535;
5386 : 65535;
5387 : 65535;
5388 : 63422;
5389 : 44406;
5390 : 27501;
5391 : 29580;
5392 : 42257;
5393 : 48595;
5394 : 46482;
5395 : 46482;
5396 : 46450;
5397 : 46450;
5398 : 46482;
5399 : 48530;
5400 : 46482;
5401 : 46482;
5402 : 46482;
5403 : 46450;
5404 : 46450;
5405 : 44369;
5406 : 42257;
5407 : 40144;
5408 : 40079;
5409 : 40112;
5410 : 38031;
5411 : 33806;
5412 : 31693;
5413 : 33773;
5414 : 35918;
5415 : 40144;
5416 : 46450;
5417 : 48595;
5418 : 52756;
5419 : 50610;
5420 : 21292;
5421 : 32380;
5422 : 32412;
5423 : 8615;
5424 : 0;
5425 : 0;
5426 : 2145;
5427 : 52825;
5428 : 59196;
5429 : 10565;
5430 : 2243;
5431 : 23830;
5432 : 32380;
5433 : 32347;
5434 : 32380;
5435 : 32380;
5436 : 32380;
5437 : 32380;
5438 : 32380;
5439 : 32380;
5440 : 32380;
5441 : 32380;
5442 : 32380;
5443 : 32444;
5444 : 21554;
5445 : 65;
5446 : 0;
5447 : 10407;
5448 : 20942;
5449 : 20942;
5450 : 14634;
5451 : 15085;
5452 : 32380;
5453 : 30300;
5454 : 25976;
5455 : 27500;
5456 : 50676;
5457 : 48596;
5458 : 50644;
5459 : 50676;
5460 : 54869;
5461 : 61239;
5462 : 65465;
5463 : 65433;
5464 : 63385;
5465 : 63384;
5466 : 63352;
5467 : 63352;
5468 : 63352;
5469 : 63352;
5470 : 63352;
5471 : 63352;
5472 : 65433;
5473 : 48562;
5474 : 44373;
5475 : 65535;
5476 : 65535;
5477 : 65535;
5478 : 65535;
5479 : 65535;
5480 : 65535;
5481 : 65535;
5482 : 65535;
5483 : 65535;
5484 : 65535;
5485 : 65535;
5486 : 65535;
5487 : 65535;
5488 : 65535;
5489 : 65535;
5490 : 65535;
5491 : 65535;
5492 : 65535;
5493 : 65535;
5494 : 65535;
5495 : 65535;
5496 : 65535;
5497 : 65535;
5498 : 65535;
5499 : 65535;
5500 : 65535;
5501 : 65535;
5502 : 65535;
5503 : 65535;
5504 : 65535;
5505 : 65535;
5506 : 65535;
5507 : 65535;
5508 : 65535;
5509 : 65535;
5510 : 65535;
5511 : 65535;
5512 : 65535;
5513 : 65535;
5514 : 65535;
5515 : 65535;
5516 : 65535;
5517 : 65535;
5518 : 65535;
5519 : 54938;
5520 : 33840;
5521 : 37999;
5522 : 54901;
5523 : 56982;
5524 : 52789;
5525 : 50708;
5526 : 48596;
5527 : 48595;
5528 : 48595;
5529 : 48595;
5530 : 48595;
5531 : 50675;
5532 : 50675;
5533 : 50675;
5534 : 48595;
5535 : 48595;
5536 : 48563;
5537 : 48563;
5538 : 48563;
5539 : 48563;
5540 : 48531;
5541 : 46450;
5542 : 44305;
5543 : 40112;
5544 : 35918;
5545 : 33805;
5546 : 38031;
5547 : 46482;
5548 : 23372;
5549 : 30267;
5550 : 32412;
5551 : 6534;
5552 : 0;
5553 : 0;
5554 : 2145;
5555 : 54938;
5556 : 65535;
5557 : 29614;
5558 : 0;
5559 : 4291;
5560 : 28089;
5561 : 32348;
5562 : 32347;
5563 : 32380;
5564 : 32380;
5565 : 32380;
5566 : 32412;
5567 : 34460;
5568 : 32380;
5569 : 32380;
5570 : 32380;
5571 : 32380;
5572 : 32412;
5573 : 25943;
5574 : 15150;
5575 : 10730;
5576 : 14859;
5577 : 12746;
5578 : 17231;
5579 : 30235;
5580 : 32348;
5581 : 30300;
5582 : 28056;
5583 : 19114;
5584 : 35886;
5585 : 31725;
5586 : 31660;
5587 : 31693;
5588 : 33805;
5589 : 40144;
5590 : 44337;
5591 : 46450;
5592 : 50707;
5593 : 54933;
5594 : 59159;
5595 : 61207;
5596 : 61272;
5597 : 63384;
5598 : 65433;
5599 : 65433;
5600 : 63385;
5601 : 59126;
5602 : 31726;
5603 : 65535;
5604 : 65535;
5605 : 65535;
5606 : 65535;
5607 : 65535;
5608 : 65535;
5609 : 65535;
5610 : 65535;
5611 : 65535;
5612 : 65535;
5613 : 65535;
5614 : 65535;
5615 : 65535;
5616 : 65535;
5617 : 65535;
5618 : 65535;
5619 : 65535;
5620 : 65535;
5621 : 65535;
5622 : 65535;
5623 : 65535;
5624 : 65535;
5625 : 65535;
5626 : 65535;
5627 : 65535;
5628 : 65535;
5629 : 65535;
5630 : 65535;
5631 : 65535;
5632 : 65535;
5633 : 65535;
5634 : 65535;
5635 : 65535;
5636 : 65535;
5637 : 65535;
5638 : 65535;
5639 : 65535;
5640 : 65535;
5641 : 65535;
5642 : 65535;
5643 : 65535;
5644 : 65535;
5645 : 65535;
5646 : 65535;
5647 : 65535;
5648 : 65535;
5649 : 50712;
5650 : 31694;
5651 : 44402;
5652 : 61240;
5653 : 59127;
5654 : 57047;
5655 : 54934;
5656 : 52821;
5657 : 50708;
5658 : 50676;
5659 : 48595;
5660 : 48595;
5661 : 48563;
5662 : 48563;
5663 : 48563;
5664 : 48563;
5665 : 48563;
5666 : 48563;
5667 : 48563;
5668 : 48563;
5669 : 48563;
5670 : 48595;
5671 : 48595;
5672 : 50643;
5673 : 46482;
5674 : 42224;
5675 : 35886;
5676 : 19048;
5677 : 28088;
5678 : 34493;
5679 : 12971;
5680 : 0;
5681 : 33;
5682 : 4163;
5683 : 23180;
5684 : 46454;
5685 : 14791;
5686 : 0;
5687 : 0;
5688 : 15182;
5689 : 32412;
5690 : 32348;
5691 : 32380;
5692 : 32380;
5693 : 36540;
5694 : 34232;
5695 : 34264;
5696 : 36540;
5697 : 32380;
5698 : 32380;
5699 : 32380;
5700 : 32348;
5701 : 32380;
5702 : 32412;
5703 : 30300;
5704 : 30267;
5705 : 30267;
5706 : 32380;
5707 : 30300;
5708 : 30299;
5709 : 30202;
5710 : 27991;
5711 : 15019;
5712 : 35922;
5713 : 42325;
5714 : 42325;
5715 : 42326;
5716 : 42326;
5717 : 42293;
5718 : 40213;
5719 : 38067;
5720 : 33841;
5721 : 31695;
5722 : 19049;
5723 : 35920;
5724 : 35952;
5725 : 37999;
5726 : 40112;
5727 : 44369;
5728 : 54901;
5729 : 63385;
5730 : 35951;
5731 : 54970;
5732 : 65535;
5733 : 65535;
5734 : 65535;
5735 : 65535;
5736 : 65535;
5737 : 65535;
5738 : 65535;
5739 : 65535;
5740 : 65535;
5741 : 65535;
5742 : 65535;
5743 : 65535;
5744 : 65535;
5745 : 65535;
5746 : 65535;
5747 : 65535;
5748 : 65535;
5749 : 65535;
5750 : 65535;
5751 : 65535;
5752 : 65535;
5753 : 65535;
5754 : 65535;
5755 : 65535;
5756 : 65535;
5757 : 65535;
5758 : 65535;
5759 : 65535;
5760 : 65535;
5761 : 65535;
5762 : 65535;
5763 : 65535;
5764 : 65535;
5765 : 65535;
5766 : 65535;
5767 : 65535;
5768 : 65535;
5769 : 65535;
5770 : 65535;
5771 : 65535;
5772 : 65535;
5773 : 65535;
5774 : 65535;
5775 : 65535;
5776 : 65535;
5777 : 65535;
5778 : 63422;
5779 : 40147;
5780 : 35886;
5781 : 59159;
5782 : 61272;
5783 : 61240;
5784 : 59160;
5785 : 59159;
5786 : 57047;
5787 : 54901;
5788 : 50708;
5789 : 48595;
5790 : 48563;
5791 : 48563;
5792 : 48563;
5793 : 48563;
5794 : 48563;
5795 : 48563;
5796 : 48563;
5797 : 48563;
5798 : 48595;
5799 : 48595;
5800 : 48595;
5801 : 48595;
5802 : 48595;
5803 : 50676;
5804 : 37966;
5805 : 21619;
5806 : 34525;
5807 : 28056;
5808 : 2145;
5809 : 10439;
5810 : 20942;
5811 : 18861;
5812 : 16715;
5813 : 2082;
5814 : 0;
5815 : 8615;
5816 : 25943;
5817 : 30300;
5818 : 32348;
5819 : 32380;
5820 : 32380;
5821 : 36508;
5822 : 28056;
5823 : 30201;
5824 : 32412;
5825 : 32380;
5826 : 32380;
5827 : 32380;
5828 : 30299;
5829 : 30299;
5830 : 30299;
5831 : 30299;
5832 : 32348;
5833 : 32348;
5834 : 32348;
5835 : 30299;
5836 : 30201;
5837 : 28023;
5838 : 27990;
5839 : 21423;
5840 : 46519;
5841 : 52858;
5842 : 50778;
5843 : 50810;
5844 : 52858;
5845 : 52858;
5846 : 52858;
5847 : 52890;
5848 : 52891;
5849 : 52923;
5850 : 27534;
5851 : 57051;
5852 : 65535;
5853 : 61310;
5854 : 57083;
5855 : 48599;
5856 : 38033;
5857 : 38032;
5858 : 38031;
5859 : 38033;
5860 : 65535;
5861 : 65535;
5862 : 65535;
5863 : 65535;
5864 : 65535;
5865 : 65535;
5866 : 65535;
5867 : 65535;
5868 : 65535;
5869 : 65535;
5870 : 65535;
5871 : 65535;
5872 : 65535;
5873 : 65535;
5874 : 65535;
5875 : 65535;
5876 : 65535;
5877 : 65535;
5878 : 65535;
5879 : 65535;
5880 : 65535;
5881 : 65535;
5882 : 65535;
5883 : 65535;
5884 : 65535;
5885 : 65535;
5886 : 65535;
5887 : 65535;
5888 : 65535;
5889 : 65535;
5890 : 65535;
5891 : 65535;
5892 : 65535;
5893 : 65535;
5894 : 65535;
5895 : 65535;
5896 : 65535;
5897 : 65535;
5898 : 65535;
5899 : 65535;
5900 : 65535;
5901 : 65535;
5902 : 65535;
5903 : 65535;
5904 : 65535;
5905 : 65535;
5906 : 65535;
5907 : 65535;
5908 : 48631;
5909 : 31693;
5910 : 59127;
5911 : 63352;
5912 : 61272;
5913 : 63352;
5914 : 63352;
5915 : 61272;
5916 : 59159;
5917 : 57014;
5918 : 52789;
5919 : 50644;
5920 : 48563;
5921 : 48563;
5922 : 48563;
5923 : 48595;
5924 : 50643;
5925 : 50643;
5926 : 50675;
5927 : 50676;
5928 : 50675;
5929 : 48563;
5930 : 46450;
5931 : 42225;
5932 : 35886;
5933 : 17132;
5934 : 32380;
5935 : 32445;
5936 : 21554;
5937 : 6341;
5938 : 12585;
5939 : 14666;
5940 : 12552;
5941 : 6372;
5942 : 15214;
5943 : 30235;
5944 : 32380;
5945 : 30299;
5946 : 32379;
5947 : 32380;
5948 : 32380;
5949 : 32380;
5950 : 32412;
5951 : 32445;
5952 : 32444;
5953 : 32412;
5954 : 32380;
5955 : 32380;
5956 : 32348;
5957 : 32380;
5958 : 32380;
5959 : 32380;
5960 : 32380;
5961 : 32347;
5962 : 30234;
5963 : 28088;
5964 : 27958;
5965 : 27958;
5966 : 27990;
5967 : 21488;
5968 : 40212;
5969 : 50778;
5970 : 50745;
5971 : 48665;
5972 : 50745;
5973 : 50778;
5974 : 50778;
5975 : 50778;
5976 : 50778;
5977 : 52858;
5978 : 44406;
5979 : 33808;
5980 : 65535;
5981 : 65535;
5982 : 65535;
5983 : 65535;
5984 : 65535;
5985 : 61310;
5986 : 46518;
5987 : 44372;
5988 : 65535;
5989 : 65535;
5990 : 65535;
5991 : 65535;
5992 : 65535;
5993 : 65535;
5994 : 65535;
5995 : 65535;
5996 : 65535;
5997 : 65535;
5998 : 65535;
5999 : 65535;
6000 : 65535;
6001 : 65535;
6002 : 65535;
6003 : 65535;
6004 : 65535;
6005 : 65535;
6006 : 65535;
6007 : 65535;
6008 : 65535;
6009 : 65535;
6010 : 65535;
6011 : 65535;
6012 : 65535;
6013 : 65535;
6014 : 65535;
6015 : 65535;
6016 : 65535;
6017 : 65535;
6018 : 65535;
6019 : 65535;
6020 : 65535;
6021 : 65535;
6022 : 65535;
6023 : 65535;
6024 : 65535;
6025 : 65535;
6026 : 65535;
6027 : 65535;
6028 : 65535;
6029 : 65535;
6030 : 65535;
6031 : 65535;
6032 : 65535;
6033 : 65535;
6034 : 65535;
6035 : 65535;
6036 : 65535;
6037 : 52857;
6038 : 29612;
6039 : 59127;
6040 : 63385;
6041 : 63352;
6042 : 63352;
6043 : 63352;
6044 : 63352;
6045 : 61240;
6046 : 59160;
6047 : 57047;
6048 : 54901;
6049 : 50708;
6050 : 50708;
6051 : 50708;
6052 : 50676;
6053 : 48563;
6054 : 42257;
6055 : 37999;
6056 : 33773;
6057 : 29580;
6058 : 29612;
6059 : 31725;
6060 : 33805;
6061 : 21259;
6062 : 28154;
6063 : 32380;
6064 : 32444;
6065 : 25943;
6066 : 17263;
6067 : 17230;
6068 : 19506;
6069 : 28089;
6070 : 32412;
6071 : 30300;
6072 : 30299;
6073 : 32347;
6074 : 32380;
6075 : 32380;
6076 : 32380;
6077 : 32412;
6078 : 28056;
6079 : 17165;
6080 : 21586;
6081 : 28121;
6082 : 32412;
6083 : 32412;
6084 : 32412;
6085 : 32380;
6086 : 32379;
6087 : 30299;
6088 : 30201;
6089 : 28088;
6090 : 27991;
6091 : 27958;
6092 : 27958;
6093 : 27958;
6094 : 27990;
6095 : 19408;
6096 : 35954;
6097 : 52858;
6098 : 50745;
6099 : 50745;
6100 : 50745;
6101 : 50778;
6102 : 50778;
6103 : 50778;
6104 : 50745;
6105 : 50745;
6106 : 50778;
6107 : 29647;
6108 : 44373;
6109 : 65535;
6110 : 65535;
6111 : 65535;
6112 : 65535;
6113 : 65535;
6114 : 65535;
6115 : 65535;
6116 : 65535;
6117 : 65535;
6118 : 65535;
6119 : 65535;
6120 : 65535;
6121 : 65535;
6122 : 65535;
6123 : 65535;
6124 : 65535;
6125 : 65535;
6126 : 65535;
6127 : 65535;
6128 : 65535;
6129 : 65535;
6130 : 65535;
6131 : 65535;
6132 : 65535;
6133 : 65535;
6134 : 65535;
6135 : 65535;
6136 : 65535;
6137 : 65535;
6138 : 65535;
6139 : 65535;
6140 : 65535;
6141 : 65535;
6142 : 65535;
6143 : 65535;
6144 : 65535;
6145 : 65535;
6146 : 65535;
6147 : 65535;
6148 : 65535;
6149 : 65535;
6150 : 65535;
6151 : 65535;
6152 : 65535;
6153 : 65535;
6154 : 65535;
6155 : 65535;
6156 : 65535;
6157 : 65535;
6158 : 65535;
6159 : 65535;
6160 : 65535;
6161 : 65535;
6162 : 65535;
6163 : 65535;
6164 : 65535;
6165 : 65535;
6166 : 54938;
6167 : 29613;
6168 : 57046;
6169 : 63385;
6170 : 63352;
6171 : 63352;
6172 : 63352;
6173 : 63352;
6174 : 61272;
6175 : 63352;
6176 : 63352;
6177 : 54934;
6178 : 44337;
6179 : 33837;
6180 : 31660;
6181 : 29579;
6182 : 33773;
6183 : 38031;
6184 : 44369;
6185 : 48563;
6186 : 48563;
6187 : 48596;
6188 : 50676;
6189 : 35886;
6190 : 23797;
6191 : 32380;
6192 : 30300;
6193 : 32380;
6194 : 32412;
6195 : 32413;
6196 : 32380;
6197 : 32348;
6198 : 30299;
6199 : 30299;
6200 : 32348;
6201 : 32380;
6202 : 32380;
6203 : 32380;
6204 : 32444;
6205 : 28121;
6206 : 19018;
6207 : 31372;
6208 : 31372;
6209 : 21066;
6210 : 21359;
6211 : 23732;
6212 : 27991;
6213 : 27990;
6214 : 25845;
6215 : 27991;
6216 : 27958;
6217 : 27958;
6218 : 27926;
6219 : 27958;
6220 : 27958;
6221 : 27958;
6222 : 27990;
6223 : 21521;
6224 : 38099;
6225 : 52890;
6226 : 50778;
6227 : 50778;
6228 : 50778;
6229 : 50778;
6230 : 50778;
6231 : 50778;
6232 : 50745;
6233 : 48665;
6234 : 50746;
6235 : 25389;
6236 : 50712;
6237 : 65535;
6238 : 65535;
6239 : 65535;
6240 : 65535;
6241 : 65535;
6242 : 65535;
6243 : 65535;
6244 : 65535;
6245 : 65535;
6246 : 65535;
6247 : 65535;
6248 : 65535;
6249 : 65535;
6250 : 65535;
6251 : 65535;
6252 : 65535;
6253 : 65535;
6254 : 65535;
6255 : 65535;
6256 : 65535;
6257 : 65535;
6258 : 65535;
6259 : 65535;
6260 : 65535;
6261 : 65535;
6262 : 65535;
6263 : 65535;
6264 : 65535;
6265 : 65535;
6266 : 65535;
6267 : 65535;
6268 : 65535;
6269 : 65535;
6270 : 65535;
6271 : 65535;
6272 : 65535;
6273 : 65535;
6274 : 65535;
6275 : 65535;
6276 : 65535;
6277 : 65535;
6278 : 65535;
6279 : 65535;
6280 : 65535;
6281 : 65535;
6282 : 65535;
6283 : 65535;
6284 : 65535;
6285 : 65535;
6286 : 65535;
6287 : 65535;
6288 : 65535;
6289 : 65535;
6290 : 65535;
6291 : 65535;
6292 : 65535;
6293 : 65535;
6294 : 65535;
6295 : 57051;
6296 : 29580;
6297 : 57046;
6298 : 63385;
6299 : 63352;
6300 : 63352;
6301 : 65433;
6302 : 63320;
6303 : 52788;
6304 : 38063;
6305 : 33837;
6306 : 38031;
6307 : 44369;
6308 : 48563;
6309 : 50675;
6310 : 50676;
6311 : 50676;
6312 : 50643;
6313 : 48595;
6314 : 48563;
6315 : 48563;
6316 : 48595;
6317 : 44337;
6318 : 21456;
6319 : 30267;
6320 : 30299;
6321 : 30299;
6322 : 30300;
6323 : 30300;
6324 : 30299;
6325 : 30299;
6326 : 30299;
6327 : 30300;
6328 : 32380;
6329 : 32380;
6330 : 32412;
6331 : 32412;
6332 : 25878;
6333 : 25325;
6334 : 35599;
6335 : 35632;
6336 : 35632;
6337 : 35631;
6338 : 35566;
6339 : 18856;
6340 : 12971;
6341 : 19408;
6342 : 23699;
6343 : 27958;
6344 : 27958;
6345 : 27958;
6346 : 27958;
6347 : 27958;
6348 : 27958;
6349 : 27958;
6350 : 27990;
6351 : 17262;
6352 : 42293;
6353 : 52890;
6354 : 50778;
6355 : 50778;
6356 : 50810;
6357 : 50810;
6358 : 50778;
6359 : 50778;
6360 : 50778;
6361 : 52858;
6362 : 42293;
6363 : 35953;
6364 : 65535;
6365 : 65535;
6366 : 65535;
6367 : 65535;
6368 : 65535;
6369 : 65535;
6370 : 65535;
6371 : 65535;
6372 : 65535;
6373 : 65535;
6374 : 65535;
6375 : 65535;
6376 : 65535;
6377 : 65535;
6378 : 65535;
6379 : 65535;
6380 : 65535;
6381 : 65535;
6382 : 65535;
6383 : 65535;
6384 : 65535;
6385 : 65535;
6386 : 65535;
6387 : 65535;
6388 : 65535;
6389 : 65535;
6390 : 65535;
6391 : 65535;
6392 : 65535;
6393 : 65535;
6394 : 65535;
6395 : 65535;
6396 : 65535;
6397 : 65535;
6398 : 65535;
6399 : 65535;
6400 : 65535;
6401 : 65535;
6402 : 65535;
6403 : 65535;
6404 : 65535;
6405 : 65535;
6406 : 65535;
6407 : 65535;
6408 : 65535;
6409 : 65535;
6410 : 65535;
6411 : 65535;
6412 : 65535;
6413 : 65535;
6414 : 65535;
6415 : 65535;
6416 : 65535;
6417 : 65535;
6418 : 65535;
6419 : 65535;
6420 : 65535;
6421 : 65535;
6422 : 65535;
6423 : 65535;
6424 : 54971;
6425 : 29580;
6426 : 61239;
6427 : 65465;
6428 : 61239;
6429 : 46482;
6430 : 33837;
6431 : 40144;
6432 : 52821;
6433 : 61240;
6434 : 63353;
6435 : 61240;
6436 : 57014;
6437 : 52821;
6438 : 50675;
6439 : 48563;
6440 : 48563;
6441 : 48563;
6442 : 48563;
6443 : 48596;
6444 : 46450;
6445 : 35918;
6446 : 14921;
6447 : 25910;
6448 : 28088;
6449 : 30169;
6450 : 30234;
6451 : 30267;
6452 : 30267;
6453 : 30267;
6454 : 30299;
6455 : 30235;
6456 : 30267;
6457 : 32347;
6458 : 28121;
6459 : 19343;
6460 : 27276;
6461 : 37679;
6462 : 35631;
6463 : 35631;
6464 : 35631;
6465 : 35631;
6466 : 35664;
6467 : 27276;
6468 : 21554;
6469 : 27991;
6470 : 27958;
6471 : 27958;
6472 : 27958;
6473 : 27958;
6474 : 27958;
6475 : 27958;
6476 : 27958;
6477 : 27958;
6478 : 27958;
6479 : 12873;
6480 : 38034;
6481 : 50745;
6482 : 52858;
6483 : 50778;
6484 : 50778;
6485 : 50778;
6486 : 50778;
6487 : 50778;
6488 : 50778;
6489 : 52890;
6490 : 31728;
6491 : 54938;
6492 : 65535;
6493 : 65535;
6494 : 65535;
6495 : 65535;
6496 : 65535;
6497 : 65535;
6498 : 65535;
6499 : 65535;
6500 : 65535;
6501 : 65535;
6502 : 65535;
6503 : 65535;
6504 : 65535;
6505 : 65535;
6506 : 65535;
6507 : 65535;
6508 : 65535;
6509 : 65535;
6510 : 65535;
6511 : 65535;
6512 : 65535;
6513 : 65535;
6514 : 65535;
6515 : 65535;
6516 : 65535;
6517 : 65535;
6518 : 65535;
6519 : 65535;
6520 : 65535;
6521 : 65535;
6522 : 65535;
6523 : 65535;
6524 : 65535;
6525 : 65535;
6526 : 65535;
6527 : 65535;
6528 : 65535;
6529 : 65535;
6530 : 65535;
6531 : 65535;
6532 : 65535;
6533 : 65535;
6534 : 65535;
6535 : 65535;
6536 : 65535;
6537 : 65535;
6538 : 65535;
6539 : 65535;
6540 : 65535;
6541 : 65535;
6542 : 65535;
6543 : 65535;
6544 : 65535;
6545 : 65535;
6546 : 65535;
6547 : 65535;
6548 : 65535;
6549 : 65535;
6550 : 65535;
6551 : 65535;
6552 : 65535;
6553 : 50712;
6554 : 31693;
6555 : 46450;
6556 : 35950;
6557 : 46482;
6558 : 59127;
6559 : 61272;
6560 : 61240;
6561 : 61240;
6562 : 61240;
6563 : 61240;
6564 : 61240;
6565 : 57014;
6566 : 52821;
6567 : 50644;
6568 : 48563;
6569 : 48595;
6570 : 46450;
6571 : 33805;
6572 : 29581;
6573 : 44406;
6574 : 33874;
6575 : 19441;
6576 : 27958;
6577 : 25878;
6578 : 27958;
6579 : 27991;
6580 : 28024;
6581 : 28056;
6582 : 28056;
6583 : 25878;
6584 : 17295;
6585 : 15052;
6586 : 15117;
6587 : 14954;
6588 : 33518;
6589 : 35631;
6590 : 35631;
6591 : 35631;
6592 : 35631;
6593 : 35631;
6594 : 35631;
6595 : 29357;
6596 : 23634;
6597 : 27958;
6598 : 27926;
6599 : 27958;
6600 : 27958;
6601 : 27958;
6602 : 27958;
6603 : 27958;
6604 : 27958;
6605 : 27991;
6606 : 19376;
6607 : 35986;
6608 : 40180;
6609 : 33873;
6610 : 42325;
6611 : 50778;
6612 : 50778;
6613 : 50778;
6614 : 50778;
6615 : 50778;
6616 : 50778;
6617 : 50810;
6618 : 27502;
6619 : 63390;
6620 : 65535;
6621 : 65535;
6622 : 65535;
6623 : 65535;
6624 : 65535;
6625 : 65535;
6626 : 65535;
6627 : 65535;
6628 : 65535;
6629 : 65535;
6630 : 65535;
6631 : 65535;
6632 : 65535;
6633 : 65535;
6634 : 65535;
6635 : 65535;
6636 : 65535;
6637 : 65535;
6638 : 65535;
6639 : 65535;
6640 : 65535;
6641 : 65535;
6642 : 65535;
6643 : 65535;
6644 : 65535;
6645 : 65535;
6646 : 65535;
6647 : 65535;
6648 : 65535;
6649 : 65535;
6650 : 65535;
6651 : 65535;
6652 : 65535;
6653 : 65535;
6654 : 65535;
6655 : 65535;
6656 : 65535;
6657 : 65535;
6658 : 65535;
6659 : 65535;
6660 : 65535;
6661 : 65535;
6662 : 65535;
6663 : 65535;
6664 : 65535;
6665 : 65535;
6666 : 65535;
6667 : 65535;
6668 : 65535;
6669 : 65535;
6670 : 65535;
6671 : 65535;
6672 : 65535;
6673 : 65535;
6674 : 65535;
6675 : 65535;
6676 : 65535;
6677 : 65535;
6678 : 65535;
6679 : 65535;
6680 : 65535;
6681 : 65535;
6682 : 38067;
6683 : 29579;
6684 : 61272;
6685 : 61272;
6686 : 61240;
6687 : 61240;
6688 : 61240;
6689 : 61240;
6690 : 61240;
6691 : 61240;
6692 : 61272;
6693 : 61240;
6694 : 57047;
6695 : 52821;
6696 : 50676;
6697 : 37999;
6698 : 29581;
6699 : 42358;
6700 : 57150;
6701 : 61343;
6702 : 52891;
6703 : 19278;
6704 : 25878;
6705 : 25877;
6706 : 25877;
6707 : 25877;
6708 : 25877;
6709 : 25877;
6710 : 25845;
6711 : 25878;
6712 : 25845;
6713 : 23732;
6714 : 25878;
6715 : 23764;
6716 : 25260;
6717 : 35631;
6718 : 35631;
6719 : 35632;
6720 : 35632;
6721 : 35632;
6722 : 37712;
6723 : 29357;
6724 : 21554;
6725 : 25878;
6726 : 25877;
6727 : 27926;
6728 : 27958;
6729 : 27958;
6730 : 27958;
6731 : 27958;
6732 : 27991;
6733 : 19441;
6734 : 23308;
6735 : 52858;
6736 : 52890;
6737 : 50778;
6738 : 46584;
6739 : 50745;
6740 : 50778;
6741 : 50778;
6742 : 50778;
6743 : 50778;
6744 : 50778;
6745 : 50745;
6746 : 27534;
6747 : 65503;
6748 : 65535;
6749 : 65535;
6750 : 65535;
6751 : 65535;
6752 : 65535;
6753 : 65535;
6754 : 65535;
6755 : 65535;
6756 : 65535;
6757 : 65535;
6758 : 65535;
6759 : 65535;
6760 : 65535;
6761 : 65535;
6762 : 65535;
6763 : 65535;
6764 : 65535;
6765 : 65535;
6766 : 65535;
6767 : 65535;
6768 : 65535;
6769 : 65535;
6770 : 65535;
6771 : 65535;
6772 : 65535;
6773 : 65535;
6774 : 65535;
6775 : 65535;
6776 : 65535;
6777 : 65535;
6778 : 65535;
6779 : 65535;
6780 : 65535;
6781 : 65535;
6782 : 65535;
6783 : 65535;
6784 : 65535;
6785 : 65535;
6786 : 65535;
6787 : 65535;
6788 : 65535;
6789 : 65535;
6790 : 65535;
6791 : 65535;
6792 : 65535;
6793 : 65535;
6794 : 65535;
6795 : 65535;
6796 : 65535;
6797 : 65535;
6798 : 65535;
6799 : 65535;
6800 : 65535;
6801 : 65535;
6802 : 65535;
6803 : 65535;
6804 : 65535;
6805 : 65535;
6806 : 65535;
6807 : 65535;
6808 : 65535;
6809 : 65535;
6810 : 65535;
6811 : 33807;
6812 : 50708;
6813 : 63352;
6814 : 61272;
6815 : 63320;
6816 : 63352;
6817 : 63352;
6818 : 63352;
6819 : 63352;
6820 : 61272;
6821 : 61240;
6822 : 63353;
6823 : 52789;
6824 : 31661;
6825 : 38100;
6826 : 57117;
6827 : 59263;
6828 : 59230;
6829 : 59263;
6830 : 59230;
6831 : 21228;
6832 : 23732;
6833 : 27958;
6834 : 27958;
6835 : 27958;
6836 : 27958;
6837 : 25878;
6838 : 25877;
6839 : 25878;
6840 : 25845;
6841 : 25878;
6842 : 25878;
6843 : 25910;
6844 : 21359;
6845 : 31437;
6846 : 35631;
6847 : 29325;
6848 : 29357;
6849 : 27276;
6850 : 27243;
6851 : 18856;
6852 : 21554;
6853 : 25878;
6854 : 25878;
6855 : 25877;
6856 : 27926;
6857 : 27958;
6858 : 27958;
6859 : 27990;
6860 : 23699;
6861 : 14921;
6862 : 48632;
6863 : 50778;
6864 : 50778;
6865 : 50778;
6866 : 52858;
6867 : 50810;
6868 : 50778;
6869 : 50778;
6870 : 50778;
6871 : 50778;
6872 : 50778;
6873 : 50777;
6874 : 23308;
6875 : 63390;
6876 : 65535;
6877 : 65535;
6878 : 65535;
6879 : 65535;
6880 : 65535;
6881 : 65535;
6882 : 65535;
6883 : 65535;
6884 : 65535;
6885 : 65535;
6886 : 65535;
6887 : 65535;
6888 : 65535;
6889 : 65535;
6890 : 65535;
6891 : 65535;
6892 : 65535;
6893 : 65535;
6894 : 65535;
6895 : 65535;
6896 : 65535;
6897 : 65535;
6898 : 65535;
6899 : 65535;
6900 : 65535;
6901 : 65535;
6902 : 65535;
6903 : 65535;
6904 : 65535;
6905 : 65535;
6906 : 65535;
6907 : 65535;
6908 : 65535;
6909 : 65535;
6910 : 65535;
6911 : 65535;
6912 : 65535;
6913 : 65535;
6914 : 65535;
6915 : 65535;
6916 : 65535;
6917 : 65535;
6918 : 65535;
6919 : 65535;
6920 : 65535;
6921 : 65535;
6922 : 65535;
6923 : 65535;
6924 : 65535;
6925 : 65535;
6926 : 65535;
6927 : 65535;
6928 : 65535;
6929 : 65535;
6930 : 65535;
6931 : 65535;
6932 : 65535;
6933 : 65535;
6934 : 65535;
6935 : 65535;
6936 : 65535;
6937 : 65535;
6938 : 65535;
6939 : 59164;
6940 : 29580;
6941 : 61272;
6942 : 63352;
6943 : 63352;
6944 : 63352;
6945 : 63352;
6946 : 63352;
6947 : 63352;
6948 : 61272;
6949 : 61272;
6950 : 44337;
6951 : 31727;
6952 : 50746;
6953 : 59263;
6954 : 59198;
6955 : 59230;
6956 : 61343;
6957 : 55004;
6958 : 31728;
6959 : 35954;
6960 : 21423;
6961 : 27958;
6962 : 27958;
6963 : 27958;
6964 : 27958;
6965 : 27958;
6966 : 25878;
6967 : 25878;
6968 : 25878;
6969 : 25878;
6970 : 25878;
6971 : 25878;
6972 : 23765;
6973 : 19018;
6974 : 16710;
6975 : 25195;
6976 : 39922;
6977 : 42067;
6978 : 42035;
6979 : 12711;
6980 : 23732;
6981 : 25878;
6982 : 25878;
6983 : 25878;
6984 : 25877;
6985 : 25877;
6986 : 27958;
6987 : 21586;
6988 : 14922;
6989 : 42326;
6990 : 50778;
6991 : 48665;
6992 : 48665;
6993 : 50745;
6994 : 50777;
6995 : 50745;
6996 : 50745;
6997 : 50745;
6998 : 50777;
6999 : 50778;
7000 : 50778;
7001 : 50810;
7002 : 23243;
7003 : 61277;
7004 : 65535;
7005 : 65535;
7006 : 65535;
7007 : 65535;
7008 : 65535;
7009 : 65535;
7010 : 65535;
7011 : 65535;
7012 : 65535;
7013 : 65535;
7014 : 65535;
7015 : 65535;
7016 : 65535;
7017 : 65535;
7018 : 65535;
7019 : 65535;
7020 : 65535;
7021 : 65535;
7022 : 65535;
7023 : 65535;
7024 : 65535;
7025 : 65535;
7026 : 65535;
7027 : 65535;
7028 : 65535;
7029 : 65535;
7030 : 65535;
7031 : 65535;
7032 : 65535;
7033 : 65535;
7034 : 65535;
7035 : 65535;
7036 : 65535;
7037 : 65535;
7038 : 65535;
7039 : 65535;
7040 : 65535;
7041 : 65535;
7042 : 65535;
7043 : 65535;
7044 : 65535;
7045 : 65535;
7046 : 65535;
7047 : 65535;
7048 : 65535;
7049 : 65535;
7050 : 65535;
7051 : 65535;
7052 : 65535;
7053 : 65535;
7054 : 65535;
7055 : 65535;
7056 : 65535;
7057 : 65535;
7058 : 65535;
7059 : 65535;
7060 : 65535;
7061 : 65535;
7062 : 65535;
7063 : 65535;
7064 : 65535;
7065 : 65535;
7066 : 65535;
7067 : 65535;
7068 : 42260;
7069 : 42256;
7070 : 65465;
7071 : 63352;
7072 : 63352;
7073 : 63352;
7074 : 63352;
7075 : 63385;
7076 : 57014;
7077 : 31661;
7078 : 35954;
7079 : 57117;
7080 : 59231;
7081 : 57150;
7082 : 59198;
7083 : 59230;
7084 : 59230;
7085 : 44406;
7086 : 55003;
7087 : 63487;
7088 : 38099;
7089 : 19473;
7090 : 27991;
7091 : 27958;
7092 : 27958;
7093 : 27958;
7094 : 27958;
7095 : 27926;
7096 : 25878;
7097 : 25878;
7098 : 25878;
7099 : 25845;
7100 : 25878;
7101 : 19473;
7102 : 18986;
7103 : 48342;
7104 : 54649;
7105 : 56697;
7106 : 37809;
7107 : 17165;
7108 : 25910;
7109 : 25878;
7110 : 25877;
7111 : 25878;
7112 : 25878;
7113 : 25910;
7114 : 19408;
7115 : 17034;
7116 : 44439;
7117 : 50778;
7118 : 48665;
7119 : 48665;
7120 : 48665;
7121 : 50745;
7122 : 48665;
7123 : 48665;
7124 : 48665;
7125 : 48665;
7126 : 50745;
7127 : 50745;
7128 : 50778;
7129 : 52923;
7130 : 31760;
7131 : 46486;
7132 : 65535;
7133 : 65535;
7134 : 65535;
7135 : 65535;
7136 : 65535;
7137 : 65535;
7138 : 65535;
7139 : 65535;
7140 : 65535;
7141 : 65535;
7142 : 65535;
7143 : 65535;
7144 : 65535;
7145 : 65535;
7146 : 65535;
7147 : 65535;
7148 : 65535;
7149 : 65535;
7150 : 65535;
7151 : 65535;
7152 : 65535;
7153 : 65535;
7154 : 65535;
7155 : 65535;
7156 : 65535;
7157 : 65535;
7158 : 65535;
7159 : 65535;
7160 : 65535;
7161 : 65535;
7162 : 65535;
7163 : 65535;
7164 : 65535;
7165 : 65535;
7166 : 65535;
7167 : 65535;
7168 : 65535;
7169 : 65535;
7170 : 65535;
7171 : 65535;
7172 : 65535;
7173 : 65535;
7174 : 65535;
7175 : 65535;
7176 : 65535;
7177 : 65535;
7178 : 65535;
7179 : 65535;
7180 : 65535;
7181 : 65535;
7182 : 65535;
7183 : 65535;
7184 : 65535;
7185 : 65535;
7186 : 65535;
7187 : 65535;
7188 : 65535;
7189 : 65535;
7190 : 65535;
7191 : 65535;
7192 : 65535;
7193 : 65535;
7194 : 65535;
7195 : 65535;
7196 : 63390;
7197 : 31693;
7198 : 61240;
7199 : 63352;
7200 : 63352;
7201 : 63352;
7202 : 63385;
7203 : 48563;
7204 : 27501;
7205 : 48633;
7206 : 59231;
7207 : 57150;
7208 : 57150;
7209 : 59230;
7210 : 59230;
7211 : 59262;
7212 : 59230;
7213 : 59230;
7214 : 61343;
7215 : 59262;
7216 : 59230;
7217 : 27567;
7218 : 21553;
7219 : 27958;
7220 : 27990;
7221 : 27958;
7222 : 27958;
7223 : 27958;
7224 : 27958;
7225 : 25878;
7226 : 25878;
7227 : 27926;
7228 : 27926;
7229 : 27958;
7230 : 23667;
7231 : 25455;
7232 : 29486;
7233 : 31664;
7234 : 21424;
7235 : 25877;
7236 : 25878;
7237 : 25878;
7238 : 25878;
7239 : 27958;
7240 : 23699;
7241 : 17132;
7242 : 25389;
7243 : 27470;
7244 : 46519;
7245 : 50778;
7246 : 50745;
7247 : 50778;
7248 : 50778;
7249 : 50778;
7250 : 50745;
7251 : 48665;
7252 : 48665;
7253 : 48665;
7254 : 48665;
7255 : 50745;
7256 : 52858;
7257 : 48632;
7258 : 29615;
7259 : 35953;
7260 : 65535;
7261 : 65535;
7262 : 65535;
7263 : 65535;
7264 : 65535;
7265 : 65535;
7266 : 65535;
7267 : 65535;
7268 : 65535;
7269 : 65535;
7270 : 65535;
7271 : 65535;
7272 : 65535;
7273 : 65535;
7274 : 65535;
7275 : 65535;
7276 : 65535;
7277 : 65535;
7278 : 65535;
7279 : 65535;
7280 : 65535;
7281 : 65535;
7282 : 65535;
7283 : 65535;
7284 : 65535;
7285 : 65535;
7286 : 65535;
7287 : 65535;
7288 : 65535;
7289 : 65535;
7290 : 65535;
7291 : 65535;
7292 : 65535;
7293 : 65535;
7294 : 65535;
7295 : 65535;
7296 : 65535;
7297 : 65535;
7298 : 65535;
7299 : 65535;
7300 : 65535;
7301 : 65535;
7302 : 65535;
7303 : 65535;
7304 : 65535;
7305 : 65535;
7306 : 65535;
7307 : 65535;
7308 : 65535;
7309 : 65535;
7310 : 65535;
7311 : 65535;
7312 : 65535;
7313 : 65535;
7314 : 65535;
7315 : 65535;
7316 : 65535;
7317 : 65535;
7318 : 65535;
7319 : 65535;
7320 : 65535;
7321 : 65535;
7322 : 65535;
7323 : 65535;
7324 : 65535;
7325 : 42260;
7326 : 46482;
7327 : 63385;
7328 : 63352;
7329 : 63385;
7330 : 38031;
7331 : 27534;
7332 : 55005;
7333 : 59231;
7334 : 59198;
7335 : 59230;
7336 : 59262;
7337 : 59262;
7338 : 59262;
7339 : 59262;
7340 : 59262;
7341 : 59230;
7342 : 59198;
7343 : 59198;
7344 : 59230;
7345 : 59198;
7346 : 36019;
7347 : 17132;
7348 : 21521;
7349 : 25877;
7350 : 27991;
7351 : 27958;
7352 : 27958;
7353 : 27958;
7354 : 27958;
7355 : 27958;
7356 : 27958;
7357 : 27958;
7358 : 27958;
7359 : 25878;
7360 : 23732;
7361 : 23797;
7362 : 25910;
7363 : 25878;
7364 : 25878;
7365 : 27958;
7366 : 23732;
7367 : 17230;
7368 : 23341;
7369 : 42326;
7370 : 52891;
7371 : 46519;
7372 : 27502;
7373 : 42326;
7374 : 52890;
7375 : 50778;
7376 : 50778;
7377 : 50778;
7378 : 50778;
7379 : 50745;
7380 : 48665;
7381 : 48665;
7382 : 50745;
7383 : 50810;
7384 : 35922;
7385 : 27501;
7386 : 50712;
7387 : 65503;
7388 : 65535;
7389 : 65535;
7390 : 65535;
7391 : 65535;
7392 : 65535;
7393 : 65535;
7394 : 65535;
7395 : 65535;
7396 : 65535;
7397 : 65535;
7398 : 65535;
7399 : 65535;
7400 : 65535;
7401 : 65535;
7402 : 65535;
7403 : 65535;
7404 : 65535;
7405 : 65535;
7406 : 65535;
7407 : 65535;
7408 : 65535;
7409 : 65535;
7410 : 65535;
7411 : 65535;
7412 : 65535;
7413 : 65535;
7414 : 65535;
7415 : 65535;
7416 : 65535;
7417 : 65535;
7418 : 65535;
7419 : 65535;
7420 : 65535;
7421 : 65535;
7422 : 65535;
7423 : 65535;
7424 : 65535;
7425 : 65535;
7426 : 65535;
7427 : 65535;
7428 : 65535;
7429 : 65535;
7430 : 65535;
7431 : 65535;
7432 : 65535;
7433 : 65535;
7434 : 65535;
7435 : 65535;
7436 : 65535;
7437 : 65535;
7438 : 65535;
7439 : 65535;
7440 : 65535;
7441 : 65535;
7442 : 65535;
7443 : 65535;
7444 : 65535;
7445 : 65535;
7446 : 65535;
7447 : 65535;
7448 : 65535;
7449 : 65535;
7450 : 65535;
7451 : 65535;
7452 : 65535;
7453 : 57051;
7454 : 35950;
7455 : 65433;
7456 : 63352;
7457 : 42224;
7458 : 29614;
7459 : 35954;
7460 : 59263;
7461 : 59230;
7462 : 59262;
7463 : 59262;
7464 : 59262;
7465 : 59262;
7466 : 59262;
7467 : 59230;
7468 : 59198;
7469 : 57150;
7470 : 57150;
7471 : 57150;
7472 : 57150;
7473 : 57150;
7474 : 61343;
7475 : 38067;
7476 : 21195;
7477 : 23438;
7478 : 17230;
7479 : 21554;
7480 : 25845;
7481 : 27958;
7482 : 27958;
7483 : 27958;
7484 : 27958;
7485 : 27958;
7486 : 27926;
7487 : 25878;
7488 : 25878;
7489 : 25878;
7490 : 25878;
7491 : 25878;
7492 : 23732;
7493 : 15149;
7494 : 14889;
7495 : 33841;
7496 : 50777;
7497 : 52858;
7498 : 50778;
7499 : 52858;
7500 : 50745;
7501 : 31728;
7502 : 42325;
7503 : 52858;
7504 : 50778;
7505 : 50778;
7506 : 50778;
7507 : 50778;
7508 : 50746;
7509 : 50745;
7510 : 52858;
7511 : 33809;
7512 : 31727;
7513 : 65470;
7514 : 65535;
7515 : 65535;
7516 : 65535;
7517 : 65535;
7518 : 65535;
7519 : 65535;
7520 : 65535;
7521 : 65535;
7522 : 65535;
7523 : 65535;
7524 : 65535;
7525 : 65535;
7526 : 65535;
7527 : 65535;
7528 : 65535;
7529 : 65535;
7530 : 65535;
7531 : 65535;
7532 : 65535;
7533 : 65535;
7534 : 65535;
7535 : 65535;
7536 : 65535;
7537 : 65535;
7538 : 65535;
7539 : 65535;
7540 : 65535;
7541 : 65535;
7542 : 65535;
7543 : 65535;
7544 : 65535;
7545 : 65535;
7546 : 65535;
7547 : 65535;
7548 : 65535;
7549 : 65535;
7550 : 65535;
7551 : 65535;
7552 : 65535;
7553 : 65535;
7554 : 65535;
7555 : 65535;
7556 : 65535;
7557 : 65535;
7558 : 65535;
7559 : 65535;
7560 : 65535;
7561 : 65535;
7562 : 65535;
7563 : 65535;
7564 : 65535;
7565 : 65535;
7566 : 65535;
7567 : 65535;
7568 : 65535;
7569 : 65535;
7570 : 65535;
7571 : 65535;
7572 : 65535;
7573 : 65535;
7574 : 65535;
7575 : 65535;
7576 : 65535;
7577 : 65535;
7578 : 65535;
7579 : 65535;
7580 : 65535;
7581 : 63422;
7582 : 31694;
7583 : 59159;
7584 : 37999;
7585 : 44373;
7586 : 65535;
7587 : 27502;
7588 : 57117;
7589 : 59230;
7590 : 59262;
7591 : 59262;
7592 : 59230;
7593 : 59230;
7594 : 59198;
7595 : 57150;
7596 : 57150;
7597 : 57150;
7598 : 57150;
7599 : 57150;
7600 : 57150;
7601 : 59231;
7602 : 46519;
7603 : 29615;
7604 : 59230;
7605 : 57084;
7606 : 44373;
7607 : 29648;
7608 : 25486;
7609 : 25584;
7610 : 21488;
7611 : 21521;
7612 : 21586;
7613 : 23732;
7614 : 25845;
7615 : 25878;
7616 : 25878;
7617 : 25845;
7618 : 21586;
7619 : 17165;
7620 : 12743;
7621 : 31760;
7622 : 48665;
7623 : 52890;
7624 : 50810;
7625 : 50778;
7626 : 50778;
7627 : 50778;
7628 : 52858;
7629 : 50778;
7630 : 40180;
7631 : 46552;
7632 : 50810;
7633 : 50778;
7634 : 50778;
7635 : 50778;
7636 : 50778;
7637 : 52858;
7638 : 40180;
7639 : 25388;
7640 : 65535;
7641 : 65535;
7642 : 65535;
7643 : 65535;
7644 : 65535;
7645 : 65535;
7646 : 65535;
7647 : 65535;
7648 : 65535;
7649 : 65535;
7650 : 65535;
7651 : 65535;
7652 : 65535;
7653 : 65535;
7654 : 65535;
7655 : 65535;
7656 : 65535;
7657 : 65535;
7658 : 65535;
7659 : 65535;
7660 : 65535;
7661 : 65535;
7662 : 65535;
7663 : 65535;
7664 : 65535;
7665 : 65535;
7666 : 65535;
7667 : 65535;
7668 : 65535;
7669 : 65535;
7670 : 65535;
7671 : 65535;
7672 : 65535;
7673 : 65535;
7674 : 65535;
7675 : 65535;
7676 : 65535;
7677 : 65535;
7678 : 65535;
7679 : 65535;
7680 : 65535;
7681 : 65535;
7682 : 65535;
7683 : 65535;
7684 : 65535;
7685 : 65535;
7686 : 65535;
7687 : 65535;
7688 : 65535;
7689 : 65535;
7690 : 65535;
7691 : 65535;
7692 : 65535;
7693 : 65535;
7694 : 65535;
7695 : 65535;
7696 : 65535;
7697 : 65535;
7698 : 65535;
7699 : 65535;
7700 : 65535;
7701 : 65535;
7702 : 65535;
7703 : 65535;
7704 : 65535;
7705 : 65535;
7706 : 65535;
7707 : 65535;
7708 : 65535;
7709 : 65535;
7710 : 31727;
7711 : 29580;
7712 : 48632;
7713 : 65535;
7714 : 65502;
7715 : 25356;
7716 : 57117;
7717 : 59263;
7718 : 59198;
7719 : 57150;
7720 : 57150;
7721 : 57150;
7722 : 57150;
7723 : 57150;
7724 : 57150;
7725 : 57150;
7726 : 57150;
7727 : 57150;
7728 : 59198;
7729 : 55004;
7730 : 29615;
7731 : 55004;
7732 : 59230;
7733 : 59230;
7734 : 57117;
7735 : 55004;
7736 : 52826;
7737 : 48665;
7738 : 46519;
7739 : 38100;
7740 : 14856;
7741 : 21228;
7742 : 21293;
7743 : 21326;
7744 : 21359;
7745 : 23374;
7746 : 27535;
7747 : 42326;
7748 : 44374;
7749 : 29648;
7750 : 50746;
7751 : 50745;
7752 : 50778;
7753 : 50778;
7754 : 50778;
7755 : 50778;
7756 : 50778;
7757 : 50778;
7758 : 50778;
7759 : 50745;
7760 : 50778;
7761 : 50778;
7762 : 50778;
7763 : 50778;
7764 : 50778;
7765 : 50778;
7766 : 23243;
7767 : 57083;
7768 : 65535;
7769 : 65535;
7770 : 65535;
7771 : 65535;
7772 : 65535;
7773 : 65535;
7774 : 65535;
7775 : 65535;
7776 : 65535;
7777 : 65535;
7778 : 65535;
7779 : 65535;
7780 : 65535;
7781 : 65535;
7782 : 65535;
7783 : 65535;
7784 : 65535;
7785 : 65535;
7786 : 65535;
7787 : 65535;
7788 : 65535;
7789 : 65535;
7790 : 65535;
7791 : 65535;
7792 : 65535;
7793 : 65535;
7794 : 65535;
7795 : 65535;
7796 : 65535;
7797 : 65535;
7798 : 65535;
7799 : 65535;
7800 : 65535;
7801 : 65535;
7802 : 65535;
7803 : 65535;
7804 : 65535;
7805 : 65535;
7806 : 65535;
7807 : 65535;
7808 : 65535;
7809 : 65535;
7810 : 65535;
7811 : 65535;
7812 : 65535;
7813 : 65535;
7814 : 65535;
7815 : 65535;
7816 : 65535;
7817 : 65535;
7818 : 65535;
7819 : 65535;
7820 : 65535;
7821 : 65535;
7822 : 65535;
7823 : 65535;
7824 : 65535;
7825 : 65535;
7826 : 65535;
7827 : 65535;
7828 : 65535;
7829 : 65535;
7830 : 65535;
7831 : 65535;
7832 : 65535;
7833 : 65535;
7834 : 65535;
7835 : 65535;
7836 : 65535;
7837 : 65535;
7838 : 57083;
7839 : 57051;
7840 : 65535;
7841 : 65535;
7842 : 63390;
7843 : 23243;
7844 : 38100;
7845 : 42293;
7846 : 52891;
7847 : 59230;
7848 : 57150;
7849 : 57150;
7850 : 57150;
7851 : 57150;
7852 : 57150;
7853 : 57150;
7854 : 57150;
7855 : 57150;
7856 : 59230;
7857 : 42326;
7858 : 50778;
7859 : 59231;
7860 : 57150;
7861 : 57150;
7862 : 57150;
7863 : 55037;
7864 : 52891;
7865 : 50778;
7866 : 50746;
7867 : 48632;
7868 : 31728;
7869 : 50778;
7870 : 50713;
7871 : 48632;
7872 : 48632;
7873 : 50713;
7874 : 50778;
7875 : 50746;
7876 : 50778;
7877 : 35954;
7878 : 38100;
7879 : 50810;
7880 : 50778;
7881 : 50778;
7882 : 50745;
7883 : 50745;
7884 : 48665;
7885 : 48665;
7886 : 48665;
7887 : 50745;
7888 : 50777;
7889 : 50778;
7890 : 50778;
7891 : 50778;
7892 : 52858;
7893 : 40213;
7894 : 29614;
7895 : 65535;
7896 : 65535;
7897 : 65535;
7898 : 65535;
7899 : 65535;
7900 : 65535;
7901 : 65535;
7902 : 65535;
7903 : 65535;
7904 : 65535;
7905 : 65535;
7906 : 65535;
7907 : 65535;
7908 : 65535;
7909 : 65535;
7910 : 65535;
7911 : 65535;
7912 : 65535;
7913 : 65535;
7914 : 65535;
7915 : 65535;
7916 : 65535;
7917 : 65535;
7918 : 65535;
7919 : 65535;
7920 : 65535;
7921 : 65535;
7922 : 65535;
7923 : 65535;
7924 : 65535;
7925 : 65535;
7926 : 65535;
7927 : 65535;
7928 : 65535;
7929 : 65535;
7930 : 65535;
7931 : 65535;
7932 : 65535;
7933 : 65535;
7934 : 65535;
7935 : 65535;
7936 : 65535;
7937 : 65535;
7938 : 65535;
7939 : 65535;
7940 : 65535;
7941 : 65535;
7942 : 65535;
7943 : 65535;
7944 : 65535;
7945 : 65535;
7946 : 65535;
7947 : 65535;
7948 : 65535;
7949 : 65535;
7950 : 65535;
7951 : 65535;
7952 : 65535;
7953 : 65535;
7954 : 65535;
7955 : 65535;
7956 : 65535;
7957 : 65535;
7958 : 65535;
7959 : 65535;
7960 : 65535;
7961 : 65535;
7962 : 65535;
7963 : 65535;
7964 : 65535;
7965 : 65535;
7966 : 65535;
7967 : 65535;
7968 : 65535;
7969 : 65535;
7970 : 65535;
7971 : 61277;
7972 : 59131;
7973 : 50679;
7974 : 35954;
7975 : 38067;
7976 : 57117;
7977 : 59230;
7978 : 57150;
7979 : 57150;
7980 : 57150;
7981 : 57150;
7982 : 57150;
7983 : 59198;
7984 : 55004;
7985 : 46584;
7986 : 59230;
7987 : 57150;
7988 : 57150;
7989 : 57150;
7990 : 57150;
7991 : 57150;
7992 : 55037;
7993 : 52891;
7994 : 52859;
7995 : 40213;
7996 : 33841;
7997 : 50778;
7998 : 48665;
7999 : 50745;
8000 : 50745;
8001 : 48665;
8002 : 48665;
8003 : 50745;
8004 : 50745;
8005 : 50745;
8006 : 29615;
8007 : 48665;
8008 : 50810;
8009 : 50778;
8010 : 50777;
8011 : 48665;
8012 : 48665;
8013 : 48665;
8014 : 48665;
8015 : 50745;
8016 : 50746;
8017 : 52858;
8018 : 52890;
8019 : 52890;
8020 : 54971;
8021 : 29615;
8022 : 46486;
8023 : 65535;
8024 : 65535;
8025 : 65535;
8026 : 65535;
8027 : 65535;
8028 : 65535;
8029 : 65535;
8030 : 65535;
8031 : 65535;
8032 : 65535;
8033 : 65535;
8034 : 65535;
8035 : 65535;
8036 : 65535;
8037 : 65535;
8038 : 65535;
8039 : 65535;
8040 : 65535;
8041 : 65535;
8042 : 65535;
8043 : 65535;
8044 : 65535;
8045 : 65535;
8046 : 65535;
8047 : 65535;
8048 : 65535;
8049 : 65535;
8050 : 65535;
8051 : 65535;
8052 : 65535;
8053 : 65535;
8054 : 65535;
8055 : 65535;
8056 : 65535;
8057 : 65535;
8058 : 65535;
8059 : 65535;
8060 : 65535;
8061 : 65535;
8062 : 65535;
8063 : 65535;
8064 : 65535;
8065 : 65535;
8066 : 65535;
8067 : 65535;
8068 : 65535;
8069 : 65535;
8070 : 65535;
8071 : 65535;
8072 : 65535;
8073 : 65535;
8074 : 65535;
8075 : 65535;
8076 : 65535;
8077 : 65535;
8078 : 65535;
8079 : 65535;
8080 : 65535;
8081 : 65535;
8082 : 65535;
8083 : 65535;
8084 : 65535;
8085 : 65535;
8086 : 65535;
8087 : 65535;
8088 : 65535;
8089 : 65535;
8090 : 65535;
8091 : 65535;
8092 : 65535;
8093 : 65535;
8094 : 65535;
8095 : 65535;
8096 : 65535;
8097 : 65535;
8098 : 65535;
8099 : 65535;
8100 : 65535;
8101 : 65535;
8102 : 65535;
8103 : 50744;
8104 : 31728;
8105 : 52890;
8106 : 61343;
8107 : 59230;
8108 : 59230;
8109 : 59230;
8110 : 59230;
8111 : 59230;
8112 : 57117;
8113 : 57150;
8114 : 57150;
8115 : 57150;
8116 : 57150;
8117 : 57150;
8118 : 57150;
8119 : 57150;
8120 : 57150;
8121 : 57117;
8122 : 57117;
8123 : 38100;
8124 : 38068;
8125 : 50778;
8126 : 48665;
8127 : 48665;
8128 : 48665;
8129 : 48665;
8130 : 50745;
8131 : 50778;
8132 : 50778;
8133 : 52890;
8134 : 42293;
8135 : 35954;
8136 : 52890;
8137 : 50778;
8138 : 50778;
8139 : 48665;
8140 : 48665;
8141 : 48665;
8142 : 48665;
8143 : 50746;
8144 : 50778;
8145 : 52891;
8146 : 52923;
8147 : 54971;
8148 : 55036;
8149 : 27534;
8150 : 54938;
8151 : 65535;
8152 : 65535;
8153 : 65535;
8154 : 65535;
8155 : 65535;
8156 : 65535;
8157 : 65535;
8158 : 65535;
8159 : 65535;
8160 : 65535;
8161 : 65535;
8162 : 65535;
8163 : 65535;
8164 : 65535;
8165 : 65535;
8166 : 65535;
8167 : 65535;
8168 : 65535;
8169 : 65535;
8170 : 65535;
8171 : 65535;
8172 : 65535;
8173 : 65535;
8174 : 65535;
8175 : 65535;
8176 : 65535;
8177 : 65535;
8178 : 65535;
8179 : 65535;
8180 : 65535;
8181 : 65535;
8182 : 65535;
8183 : 65535;
8184 : 65535;
8185 : 65535;
8186 : 65535;
8187 : 65535;
8188 : 65535;
8189 : 65535;
8190 : 65535;
8191 : 65535;
8192 : 65535;
8193 : 65535;
8194 : 65535;
8195 : 65535;
8196 : 65535;
8197 : 65535;
8198 : 65535;
8199 : 65535;
8200 : 65535;
8201 : 65535;
8202 : 65535;
8203 : 65535;
8204 : 65535;
8205 : 65535;
8206 : 65535;
8207 : 65535;
8208 : 65535;
8209 : 65535;
8210 : 65535;
8211 : 65535;
8212 : 65535;
8213 : 65535;
8214 : 65535;
8215 : 65535;
8216 : 65535;
8217 : 65535;
8218 : 65535;
8219 : 65535;
8220 : 65535;
8221 : 65535;
8222 : 65535;
8223 : 65535;
8224 : 65535;
8225 : 65535;
8226 : 65535;
8227 : 65535;
8228 : 65535;
8229 : 65535;
8230 : 65535;
8231 : 65535;
8232 : 61277;
8233 : 33873;
8234 : 50777;
8235 : 61375;
8236 : 59262;
8237 : 59262;
8238 : 61310;
8239 : 59262;
8240 : 61310;
8241 : 59262;
8242 : 59230;
8243 : 57150;
8244 : 57150;
8245 : 57150;
8246 : 57150;
8247 : 57150;
8248 : 57150;
8249 : 57150;
8250 : 59231;
8251 : 40181;
8252 : 44407;
8253 : 50746;
8254 : 50745;
8255 : 50746;
8256 : 50745;
8257 : 50745;
8258 : 50777;
8259 : 50778;
8260 : 50778;
8261 : 50778;
8262 : 52858;
8263 : 31728;
8264 : 46552;
8265 : 50778;
8266 : 50745;
8267 : 48665;
8268 : 48665;
8269 : 48665;
8270 : 50745;
8271 : 50778;
8272 : 52859;
8273 : 52923;
8274 : 55004;
8275 : 57084;
8276 : 57117;
8277 : 29647;
8278 : 54938;
8279 : 65535;
8280 : 65535;
8281 : 65535;
8282 : 65535;
8283 : 65535;
8284 : 65535;
8285 : 65535;
8286 : 65535;
8287 : 65535;
8288 : 65535;
8289 : 65535;
8290 : 65535;
8291 : 65535;
8292 : 65535;
8293 : 65535;
8294 : 65535;
8295 : 65535;
8296 : 65535;
8297 : 65535;
8298 : 65535;
8299 : 65535;
8300 : 65535;
8301 : 65535;
8302 : 65535;
8303 : 65535;
8304 : 65535;
8305 : 65535;
8306 : 65535;
8307 : 65535;
8308 : 65535;
8309 : 65535;
8310 : 65535;
8311 : 65535;
8312 : 65535;
8313 : 65535;
8314 : 65535;
8315 : 65535;
8316 : 65535;
8317 : 65535;
8318 : 65535;
8319 : 65535;
8320 : 65535;
8321 : 65535;
8322 : 65535;
8323 : 65535;
8324 : 65535;
8325 : 65535;
8326 : 65535;
8327 : 65535;
8328 : 65535;
8329 : 65535;
8330 : 65535;
8331 : 65535;
8332 : 65535;
8333 : 65535;
8334 : 65535;
8335 : 65535;
8336 : 65535;
8337 : 65535;
8338 : 65535;
8339 : 65535;
8340 : 65535;
8341 : 65535;
8342 : 65535;
8343 : 65535;
8344 : 65535;
8345 : 65535;
8346 : 65535;
8347 : 65535;
8348 : 65535;
8349 : 65535;
8350 : 65535;
8351 : 65535;
8352 : 65535;
8353 : 65535;
8354 : 65535;
8355 : 65535;
8356 : 65535;
8357 : 65535;
8358 : 65535;
8359 : 65535;
8360 : 65535;
8361 : 65503;
8362 : 33840;
8363 : 55003;
8364 : 61343;
8365 : 59262;
8366 : 59262;
8367 : 59262;
8368 : 59262;
8369 : 59262;
8370 : 59262;
8371 : 59262;
8372 : 59230;
8373 : 59230;
8374 : 59230;
8375 : 57150;
8376 : 57150;
8377 : 57150;
8378 : 59230;
8379 : 35954;
8380 : 46552;
8381 : 50778;
8382 : 50778;
8383 : 52858;
8384 : 52858;
8385 : 50810;
8386 : 50778;
8387 : 50778;
8388 : 50778;
8389 : 50778;
8390 : 50810;
8391 : 42326;
8392 : 35987;
8393 : 50778;
8394 : 48665;
8395 : 48665;
8396 : 48665;
8397 : 48665;
8398 : 50746;
8399 : 52859;
8400 : 55004;
8401 : 50778;
8402 : 42293;
8403 : 35954;
8404 : 33840;
8405 : 29582;
8406 : 59196;
8407 : 65535;
8408 : 65535;
8409 : 65535;
8410 : 65535;
8411 : 65535;
8412 : 65535;
8413 : 65535;
8414 : 65535;
8415 : 65535;
8416 : 65535;
8417 : 65535;
8418 : 65535;
8419 : 65535;
8420 : 65535;
8421 : 65535;
8422 : 65535;
8423 : 65535;
8424 : 65535;
8425 : 65535;
8426 : 65535;
8427 : 65535;
8428 : 65535;
8429 : 65535;
8430 : 65535;
8431 : 65535;
8432 : 65535;
8433 : 65535;
8434 : 65535;
8435 : 65535;
8436 : 65535;
8437 : 65535;
8438 : 65535;
8439 : 65535;
8440 : 65535;
8441 : 65535;
8442 : 65535;
8443 : 65535;
8444 : 65535;
8445 : 65535;
8446 : 65535;
8447 : 65535;
8448 : 65535;
8449 : 65535;
8450 : 65535;
8451 : 65535;
8452 : 65535;
8453 : 65535;
8454 : 65535;
8455 : 65535;
8456 : 65535;
8457 : 65535;
8458 : 65535;
8459 : 65535;
8460 : 65535;
8461 : 65535;
8462 : 65535;
8463 : 65535;
8464 : 65535;
8465 : 65535;
8466 : 65535;
8467 : 65535;
8468 : 65535;
8469 : 65535;
8470 : 65535;
8471 : 65535;
8472 : 65535;
8473 : 65535;
8474 : 65535;
8475 : 65535;
8476 : 65535;
8477 : 65535;
8478 : 65535;
8479 : 65535;
8480 : 65535;
8481 : 65535;
8482 : 65535;
8483 : 65535;
8484 : 65535;
8485 : 65535;
8486 : 65535;
8487 : 65535;
8488 : 57051;
8489 : 48598;
8490 : 23308;
8491 : 23341;
8492 : 61343;
8493 : 61342;
8494 : 52923;
8495 : 59230;
8496 : 59262;
8497 : 59262;
8498 : 59262;
8499 : 59262;
8500 : 59262;
8501 : 59262;
8502 : 59262;
8503 : 59230;
8504 : 57150;
8505 : 57150;
8506 : 57117;
8507 : 33841;
8508 : 50778;
8509 : 52891;
8510 : 52923;
8511 : 54971;
8512 : 54971;
8513 : 52891;
8514 : 52858;
8515 : 50810;
8516 : 50778;
8517 : 50745;
8518 : 48665;
8519 : 50746;
8520 : 29648;
8521 : 46520;
8522 : 50745;
8523 : 48665;
8524 : 48665;
8525 : 50746;
8526 : 52859;
8527 : 46584;
8528 : 31728;
8529 : 27502;
8530 : 44373;
8531 : 54970;
8532 : 61309;
8533 : 65535;
8534 : 65535;
8535 : 65535;
8536 : 65535;
8537 : 65535;
8538 : 65535;
8539 : 65535;
8540 : 65535;
8541 : 65535;
8542 : 65535;
8543 : 65535;
8544 : 65535;
8545 : 65535;
8546 : 65535;
8547 : 65535;
8548 : 65535;
8549 : 65535;
8550 : 65535;
8551 : 65535;
8552 : 65535;
8553 : 65535;
8554 : 65535;
8555 : 65535;
8556 : 65535;
8557 : 65535;
8558 : 65535;
8559 : 65535;
8560 : 65535;
8561 : 65535;
8562 : 65535;
8563 : 65535;
8564 : 65535;
8565 : 65535;
8566 : 65535;
8567 : 65535;
8568 : 65535;
8569 : 65535;
8570 : 65535;
8571 : 65535;
8572 : 65535;
8573 : 65535;
8574 : 65535;
8575 : 65535;
8576 : 65535;
8577 : 65535;
8578 : 65535;
8579 : 65535;
8580 : 65535;
8581 : 65535;
8582 : 65535;
8583 : 65535;
8584 : 65535;
8585 : 65535;
8586 : 65535;
8587 : 65535;
8588 : 65535;
8589 : 65535;
8590 : 65535;
8591 : 65535;
8592 : 65535;
8593 : 65535;
8594 : 65535;
8595 : 65535;
8596 : 65535;
8597 : 65535;
8598 : 65535;
8599 : 65535;
8600 : 65535;
8601 : 65535;
8602 : 65535;
8603 : 65535;
8604 : 65535;
8605 : 65535;
8606 : 65535;
8607 : 65535;
8608 : 65535;
8609 : 65535;
8610 : 65535;
8611 : 65535;
8612 : 65535;
8613 : 65535;
8614 : 65535;
8615 : 42260;
8616 : 8681;
8617 : 8747;
8618 : 10990;
8619 : 8746;
8620 : 44406;
8621 : 52923;
8622 : 50777;
8623 : 61343;
8624 : 59262;
8625 : 59262;
8626 : 59262;
8627 : 59262;
8628 : 59262;
8629 : 59262;
8630 : 59230;
8631 : 59198;
8632 : 57150;
8633 : 59198;
8634 : 55004;
8635 : 31728;
8636 : 52923;
8637 : 54971;
8638 : 54971;
8639 : 54971;
8640 : 54971;
8641 : 54971;
8642 : 54971;
8643 : 52890;
8644 : 50810;
8645 : 50745;
8646 : 50745;
8647 : 50778;
8648 : 38100;
8649 : 33873;
8650 : 50810;
8651 : 50745;
8652 : 52858;
8653 : 50745;
8654 : 31728;
8655 : 27502;
8656 : 48599;
8657 : 65503;
8658 : 65535;
8659 : 65535;
8660 : 65535;
8661 : 65535;
8662 : 65535;
8663 : 65535;
8664 : 65535;
8665 : 65535;
8666 : 65535;
8667 : 65535;
8668 : 65535;
8669 : 65535;
8670 : 65535;
8671 : 65535;
8672 : 65535;
8673 : 65535;
8674 : 65535;
8675 : 65535;
8676 : 65535;
8677 : 65535;
8678 : 65535;
8679 : 65535;
8680 : 65535;
8681 : 65535;
8682 : 65535;
8683 : 65535;
8684 : 65535;
8685 : 65535;
8686 : 65535;
8687 : 65535;
8688 : 65535;
8689 : 65535;
8690 : 65535;
8691 : 65535;
8692 : 65535;
8693 : 65535;
8694 : 65535;
8695 : 65535;
8696 : 65535;
8697 : 65535;
8698 : 65535;
8699 : 65535;
8700 : 65535;
8701 : 65535;
8702 : 65535;
8703 : 65535;
8704 : 65535;
8705 : 65535;
8706 : 65535;
8707 : 65535;
8708 : 65535;
8709 : 65535;
8710 : 65535;
8711 : 65535;
8712 : 65535;
8713 : 65535;
8714 : 65535;
8715 : 65535;
8716 : 65535;
8717 : 65535;
8718 : 65535;
8719 : 65535;
8720 : 65535;
8721 : 65535;
8722 : 65535;
8723 : 65535;
8724 : 65535;
8725 : 65535;
8726 : 65535;
8727 : 65535;
8728 : 65535;
8729 : 65535;
8730 : 65535;
8731 : 65535;
8732 : 65535;
8733 : 65535;
8734 : 65535;
8735 : 65535;
8736 : 65535;
8737 : 65535;
8738 : 65535;
8739 : 65535;
8740 : 65535;
8741 : 65535;
8742 : 65535;
8743 : 27534;
8744 : 17297;
8745 : 13103;
8746 : 13071;
8747 : 10957;
8748 : 21195;
8749 : 46551;
8750 : 61310;
8751 : 61375;
8752 : 61375;
8753 : 61343;
8754 : 61343;
8755 : 59262;
8756 : 59262;
8757 : 59230;
8758 : 57150;
8759 : 57150;
8760 : 57150;
8761 : 59198;
8762 : 52891;
8763 : 31760;
8764 : 52923;
8765 : 52891;
8766 : 52891;
8767 : 52891;
8768 : 52891;
8769 : 52923;
8770 : 54971;
8771 : 54971;
8772 : 52858;
8773 : 50810;
8774 : 50778;
8775 : 50778;
8776 : 50745;
8777 : 31728;
8778 : 50778;
8779 : 52891;
8780 : 44439;
8781 : 23276;
8782 : 44405;
8783 : 65503;
8784 : 65535;
8785 : 65535;
8786 : 65535;
8787 : 65535;
8788 : 65535;
8789 : 65535;
8790 : 65535;
8791 : 65535;
8792 : 65535;
8793 : 65535;
8794 : 65535;
8795 : 65535;
8796 : 65535;
8797 : 65535;
8798 : 65535;
8799 : 65535;
8800 : 65535;
8801 : 65535;
8802 : 65535;
8803 : 65535;
8804 : 65535;
8805 : 65535;
8806 : 65535;
8807 : 65535;
8808 : 65535;
8809 : 65535;
8810 : 65535;
8811 : 65535;
8812 : 65535;
8813 : 65535;
8814 : 65535;
8815 : 65535;
8816 : 65535;
8817 : 65535;
8818 : 65535;
8819 : 65535;
8820 : 65535;
8821 : 65535;
8822 : 65535;
8823 : 65535;
8824 : 65535;
8825 : 65535;
8826 : 65535;
8827 : 65535;
8828 : 65535;
8829 : 65535;
8830 : 65535;
8831 : 65535;
8832 : 65535;
8833 : 65535;
8834 : 65535;
8835 : 65535;
8836 : 65535;
8837 : 65535;
8838 : 65535;
8839 : 65535;
8840 : 65535;
8841 : 65535;
8842 : 65535;
8843 : 65535;
8844 : 65535;
8845 : 65535;
8846 : 65535;
8847 : 65535;
8848 : 65535;
8849 : 65535;
8850 : 65535;
8851 : 65535;
8852 : 65535;
8853 : 65535;
8854 : 65535;
8855 : 65535;
8856 : 65535;
8857 : 65535;
8858 : 65535;
8859 : 65535;
8860 : 65535;
8861 : 65535;
8862 : 65535;
8863 : 65535;
8864 : 65535;
8865 : 65535;
8866 : 65535;
8867 : 65535;
8868 : 65535;
8869 : 65535;
8870 : 65470;
8871 : 21261;
8872 : 15216;
8873 : 13038;
8874 : 13070;
8875 : 10957;
8876 : 6470;
8877 : 38067;
8878 : 44406;
8879 : 40180;
8880 : 40180;
8881 : 46551;
8882 : 55003;
8883 : 61343;
8884 : 61375;
8885 : 61343;
8886 : 59230;
8887 : 57150;
8888 : 57150;
8889 : 59230;
8890 : 50810;
8891 : 35986;
8892 : 55004;
8893 : 52891;
8894 : 52859;
8895 : 52859;
8896 : 52891;
8897 : 52923;
8898 : 55004;
8899 : 57084;
8900 : 54971;
8901 : 52891;
8902 : 52890;
8903 : 52858;
8904 : 52858;
8905 : 40212;
8906 : 50745;
8907 : 40180;
8908 : 23243;
8909 : 57018;
8910 : 65535;
8911 : 65535;
8912 : 65535;
8913 : 65535;
8914 : 65535;
8915 : 65535;
8916 : 65535;
8917 : 65535;
8918 : 65535;
8919 : 65535;
8920 : 65535;
8921 : 65535;
8922 : 65535;
8923 : 65535;
8924 : 65535;
8925 : 65535;
8926 : 65535;
8927 : 65535;
8928 : 65535;
8929 : 65535;
8930 : 65535;
8931 : 65535;
8932 : 65535;
8933 : 65535;
8934 : 65535;
8935 : 65535;
8936 : 65535;
8937 : 65535;
8938 : 65535;
8939 : 65535;
8940 : 65535;
8941 : 65535;
8942 : 65535;
8943 : 65535;
8944 : 65535;
8945 : 65535;
8946 : 65535;
8947 : 65535;
8948 : 65535;
8949 : 65535;
8950 : 65535;
8951 : 65535;
8952 : 65535;
8953 : 65535;
8954 : 65535;
8955 : 65535;
8956 : 65535;
8957 : 65535;
8958 : 65535;
8959 : 65535;
8960 : 65535;
8961 : 65535;
8962 : 65535;
8963 : 65535;
8964 : 65535;
8965 : 65535;
8966 : 65535;
8967 : 65535;
8968 : 65535;
8969 : 65535;
8970 : 65535;
8971 : 65535;
8972 : 65535;
8973 : 65535;
8974 : 65535;
8975 : 65535;
8976 : 65535;
8977 : 65535;
8978 : 65535;
8979 : 65535;
8980 : 65535;
8981 : 65535;
8982 : 65535;
8983 : 65535;
8984 : 65535;
8985 : 65535;
8986 : 65535;
8987 : 65535;
8988 : 65535;
8989 : 65535;
8990 : 65535;
8991 : 65535;
8992 : 65535;
8993 : 65535;
8994 : 65535;
8995 : 65535;
8996 : 65535;
8997 : 65535;
8998 : 38066;
8999 : 13005;
9000 : 13136;
9001 : 13070;
9002 : 13070;
9003 : 10826;
9004 : 23764;
9005 : 23503;
9006 : 27860;
9007 : 32119;
9008 : 32151;
9009 : 25877;
9010 : 23634;
9011 : 29745;
9012 : 42325;
9013 : 52890;
9014 : 61310;
9015 : 61343;
9016 : 59262;
9017 : 61343;
9018 : 52891;
9019 : 44438;
9020 : 55004;
9021 : 52923;
9022 : 54972;
9023 : 55004;
9024 : 55004;
9025 : 52858;
9026 : 44406;
9027 : 35954;
9028 : 31760;
9029 : 31760;
9030 : 35921;
9031 : 40212;
9032 : 46519;
9033 : 52826;
9034 : 42293;
9035 : 8550;
9036 : 33808;
9037 : 65535;
9038 : 65535;
9039 : 65535;
9040 : 65535;
9041 : 65535;
9042 : 65535;
9043 : 65535;
9044 : 65535;
9045 : 65535;
9046 : 65535;
9047 : 65535;
9048 : 65535;
9049 : 65535;
9050 : 65535;
9051 : 65535;
9052 : 65535;
9053 : 65535;
9054 : 65535;
9055 : 65535;
9056 : 65535;
9057 : 65535;
9058 : 65535;
9059 : 65535;
9060 : 65535;
9061 : 65535;
9062 : 65535;
9063 : 65535;
9064 : 65535;
9065 : 65535;
9066 : 65535;
9067 : 65535;
9068 : 65535;
9069 : 65535;
9070 : 65535;
9071 : 65535;
9072 : 65535;
9073 : 65535;
9074 : 65535;
9075 : 65535;
9076 : 65535;
9077 : 65535;
9078 : 65535;
9079 : 65535;
9080 : 65535;
9081 : 65535;
9082 : 65535;
9083 : 65535;
9084 : 65535;
9085 : 65535;
9086 : 65535;
9087 : 65535;
9088 : 65535;
9089 : 65535;
9090 : 65535;
9091 : 65535;
9092 : 65535;
9093 : 65535;
9094 : 65535;
9095 : 65535;
9096 : 65535;
9097 : 65535;
9098 : 65535;
9099 : 65535;
9100 : 65535;
9101 : 65535;
9102 : 65535;
9103 : 65535;
9104 : 65535;
9105 : 65535;
9106 : 65535;
9107 : 65535;
9108 : 65535;
9109 : 65535;
9110 : 65535;
9111 : 65535;
9112 : 65535;
9113 : 65535;
9114 : 65535;
9115 : 65535;
9116 : 65535;
9117 : 65535;
9118 : 65535;
9119 : 65535;
9120 : 65535;
9121 : 65535;
9122 : 65535;
9123 : 65535;
9124 : 54970;
9125 : 29615;
9126 : 8714;
9127 : 13136;
9128 : 13070;
9129 : 13071;
9130 : 8779;
9131 : 19473;
9132 : 38653;
9133 : 40701;
9134 : 40701;
9135 : 40669;
9136 : 36540;
9137 : 34492;
9138 : 32412;
9139 : 30266;
9140 : 25943;
9141 : 23732;
9142 : 31923;
9143 : 48664;
9144 : 61310;
9145 : 61375;
9146 : 57117;
9147 : 52890;
9148 : 55004;
9149 : 55004;
9150 : 46486;
9151 : 35954;
9152 : 27599;
9153 : 19148;
9154 : 15019;
9155 : 15118;
9156 : 19344;
9157 : 19344;
9158 : 17230;
9159 : 15085;
9160 : 17100;
9161 : 25454;
9162 : 19148;
9163 : 19376;
9164 : 29647;
9165 : 65535;
9166 : 65535;
9167 : 65535;
9168 : 65535;
9169 : 65535;
9170 : 65535;
9171 : 65535;
9172 : 65535;
9173 : 65535;
9174 : 65535;
9175 : 65535;
9176 : 65535;
9177 : 65535;
9178 : 65535;
9179 : 65535;
9180 : 65535;
9181 : 65535;
9182 : 65535;
9183 : 65535;
9184 : 65535;
9185 : 65535;
9186 : 65535;
9187 : 65535;
9188 : 65535;
9189 : 65535;
9190 : 65535;
9191 : 65535;
9192 : 65535;
9193 : 65535;
9194 : 65535;
9195 : 65535;
9196 : 65535;
9197 : 65535;
9198 : 65535;
9199 : 65535;
9200 : 65535;
9201 : 65535;
9202 : 65535;
9203 : 65535;
9204 : 65535;
9205 : 65535;
9206 : 65535;
9207 : 65535;
9208 : 65535;
9209 : 65535;
9210 : 65535;
9211 : 65535;
9212 : 65535;
9213 : 65535;
9214 : 65535;
9215 : 65535;
9216 : 65535;
9217 : 65535;
9218 : 65535;
9219 : 65535;
9220 : 65535;
9221 : 65535;
9222 : 65535;
9223 : 65535;
9224 : 65535;
9225 : 65535;
9226 : 65535;
9227 : 65535;
9228 : 65535;
9229 : 65535;
9230 : 65535;
9231 : 65535;
9232 : 65535;
9233 : 65535;
9234 : 65535;
9235 : 65535;
9236 : 65535;
9237 : 65535;
9238 : 65535;
9239 : 65535;
9240 : 65535;
9241 : 65535;
9242 : 65535;
9243 : 65535;
9244 : 65535;
9245 : 65535;
9246 : 65535;
9247 : 65535;
9248 : 65535;
9249 : 65535;
9250 : 65535;
9251 : 44405;
9252 : 10794;
9253 : 8845;
9254 : 13103;
9255 : 13070;
9256 : 13070;
9257 : 13005;
9258 : 10859;
9259 : 32347;
9260 : 38588;
9261 : 38588;
9262 : 38556;
9263 : 36508;
9264 : 34428;
9265 : 32380;
9266 : 32380;
9267 : 32380;
9268 : 32412;
9269 : 32444;
9270 : 30234;
9271 : 23732;
9272 : 27665;
9273 : 50745;
9274 : 59262;
9275 : 57116;
9276 : 46519;
9277 : 21195;
9278 : 17295;
9279 : 25910;
9280 : 28056;
9281 : 25910;
9282 : 25813;
9283 : 25780;
9284 : 25748;
9285 : 25748;
9286 : 25780;
9287 : 25780;
9288 : 23700;
9289 : 21522;
9290 : 23635;
9291 : 23667;
9292 : 23373;
9293 : 65535;
9294 : 65535;
9295 : 65535;
9296 : 65535;
9297 : 65535;
9298 : 65535;
9299 : 65535;
9300 : 65535;
9301 : 65535;
9302 : 65535;
9303 : 65535;
9304 : 65535;
9305 : 65535;
9306 : 65535;
9307 : 65535;
9308 : 65535;
9309 : 65535;
9310 : 65535;
9311 : 65535;
9312 : 65535;
9313 : 65535;
9314 : 65535;
9315 : 65535;
9316 : 65535;
9317 : 65535;
9318 : 65535;
9319 : 65535;
9320 : 65535;
9321 : 65535;
9322 : 65535;
9323 : 65535;
9324 : 65535;
9325 : 65535;
9326 : 65535;
9327 : 65535;
9328 : 65535;
9329 : 65535;
9330 : 65535;
9331 : 65535;
9332 : 65535;
9333 : 65535;
9334 : 65535;
9335 : 65535;
9336 : 65535;
9337 : 65535;
9338 : 65535;
9339 : 65535;
9340 : 65535;
9341 : 65535;
9342 : 65535;
9343 : 65535;
9344 : 65535;
9345 : 65535;
9346 : 65535;
9347 : 65535;
9348 : 65535;
9349 : 65535;
9350 : 65535;
9351 : 65535;
9352 : 65535;
9353 : 65535;
9354 : 65535;
9355 : 65535;
9356 : 65535;
9357 : 65535;
9358 : 65535;
9359 : 65535;
9360 : 65535;
9361 : 65535;
9362 : 65535;
9363 : 65535;
9364 : 65535;
9365 : 65535;
9366 : 65535;
9367 : 65535;
9368 : 65535;
9369 : 65535;
9370 : 65535;
9371 : 65535;
9372 : 65535;
9373 : 65535;
9374 : 65535;
9375 : 65535;
9376 : 65535;
9377 : 65535;
9378 : 65535;
9379 : 29615;
9380 : 19377;
9381 : 13070;
9382 : 13070;
9383 : 13070;
9384 : 13071;
9385 : 8746;
9386 : 25910;
9387 : 36541;
9388 : 38588;
9389 : 38556;
9390 : 36508;
9391 : 34428;
9392 : 32380;
9393 : 32380;
9394 : 32380;
9395 : 32380;
9396 : 32380;
9397 : 32380;
9398 : 32380;
9399 : 32444;
9400 : 30299;
9401 : 21488;
9402 : 42260;
9403 : 38067;
9404 : 15052;
9405 : 23830;
9406 : 32445;
9407 : 32412;
9408 : 32380;
9409 : 30169;
9410 : 25845;
9411 : 23700;
9412 : 23700;
9413 : 23700;
9414 : 23700;
9415 : 23700;
9416 : 23668;
9417 : 23700;
9418 : 23668;
9419 : 23700;
9420 : 17100;
9421 : 61277;
9422 : 65535;
9423 : 65535;
9424 : 65535;
9425 : 65535;
9426 : 65535;
9427 : 65535;
9428 : 65535;
9429 : 65535;
9430 : 65535;
9431 : 65535;
9432 : 65535;
9433 : 65535;
9434 : 65535;
9435 : 65535;
9436 : 65535;
9437 : 65535;
9438 : 65535;
9439 : 65535;
9440 : 65535;
9441 : 65535;
9442 : 65535;
9443 : 65535;
9444 : 65535;
9445 : 65535;
9446 : 65535;
9447 : 65535;
9448 : 65535;
9449 : 65535;
9450 : 65535;
9451 : 65535;
9452 : 65535;
9453 : 65535;
9454 : 65535;
9455 : 65535;
9456 : 65535;
9457 : 65535;
9458 : 65535;
9459 : 65535;
9460 : 65535;
9461 : 65535;
9462 : 65535;
9463 : 65535;
9464 : 65535;
9465 : 65535;
9466 : 65535;
9467 : 65535;
9468 : 65535;
9469 : 65535;
9470 : 65535;
9471 : 65535;
9472 : 65535;
9473 : 65535;
9474 : 65535;
9475 : 65535;
9476 : 65535;
9477 : 65535;
9478 : 65535;
9479 : 65535;
9480 : 65535;
9481 : 65535;
9482 : 65535;
9483 : 65535;
9484 : 65535;
9485 : 65535;
9486 : 65535;
9487 : 65535;
9488 : 65535;
9489 : 65535;
9490 : 65535;
9491 : 65535;
9492 : 65535;
9493 : 65535;
9494 : 65535;
9495 : 65535;
9496 : 65535;
9497 : 65535;
9498 : 65535;
9499 : 65535;
9500 : 65535;
9501 : 65535;
9502 : 65535;
9503 : 65535;
9504 : 65535;
9505 : 65535;
9506 : 65535;
9507 : 25519;
9508 : 17329;
9509 : 13038;
9510 : 13070;
9511 : 13103;
9512 : 10827;
9513 : 17328;
9514 : 34493;
9515 : 38588;
9516 : 38588;
9517 : 36508;
9518 : 34460;
9519 : 32380;
9520 : 32380;
9521 : 32380;
9522 : 32380;
9523 : 32380;
9524 : 32380;
9525 : 32380;
9526 : 32380;
9527 : 32380;
9528 : 32412;
9529 : 32380;
9530 : 21554;
9531 : 17328;
9532 : 30299;
9533 : 32412;
9534 : 32380;
9535 : 32380;
9536 : 32380;
9537 : 32347;
9538 : 28024;
9539 : 25813;
9540 : 23700;
9541 : 23700;
9542 : 23700;
9543 : 23668;
9544 : 23668;
9545 : 23636;
9546 : 23635;
9547 : 23700;
9548 : 15052;
9549 : 54970;
9550 : 65535;
9551 : 65535;
9552 : 65535;
9553 : 65535;
9554 : 65535;
9555 : 65535;
9556 : 65535;
9557 : 65535;
9558 : 65535;
9559 : 65535;
9560 : 65535;
9561 : 65535;
9562 : 65535;
9563 : 65535;
9564 : 65535;
9565 : 65535;
9566 : 65535;
9567 : 65535;
9568 : 65535;
9569 : 65535;
9570 : 65535;
9571 : 65535;
9572 : 65535;
9573 : 65535;
9574 : 65535;
9575 : 65535;
9576 : 65535;
9577 : 65535;
9578 : 65535;
9579 : 65535;
9580 : 65535;
9581 : 65535;
9582 : 65535;
9583 : 65535;
9584 : 65535;
9585 : 65535;
9586 : 65535;
9587 : 65535;
9588 : 65535;
9589 : 65535;
9590 : 65535;
9591 : 65535;
9592 : 65535;
9593 : 65535;
9594 : 65535;
9595 : 65535;
9596 : 65535;
9597 : 65535;
9598 : 65535;
9599 : 65535;
9600 : 65535;
9601 : 65535;
9602 : 65535;
9603 : 65535;
9604 : 65535;
9605 : 65535;
9606 : 65535;
9607 : 65535;
9608 : 65535;
9609 : 65535;
9610 : 65535;
9611 : 65535;
9612 : 65535;
9613 : 65535;
9614 : 65535;
9615 : 65535;
9616 : 65535;
9617 : 65535;
9618 : 65535;
9619 : 65535;
9620 : 65535;
9621 : 65535;
9622 : 65535;
9623 : 65535;
9624 : 65535;
9625 : 65535;
9626 : 65535;
9627 : 65535;
9628 : 65535;
9629 : 65535;
9630 : 65535;
9631 : 65535;
9632 : 65535;
9633 : 65535;
9634 : 44373;
9635 : 17166;
9636 : 13103;
9637 : 13038;
9638 : 13071;
9639 : 10892;
9640 : 12939;
9641 : 32379;
9642 : 36508;
9643 : 38588;
9644 : 36508;
9645 : 34460;
9646 : 32380;
9647 : 32380;
9648 : 32380;
9649 : 32380;
9650 : 32348;
9651 : 32347;
9652 : 32347;
9653 : 32347;
9654 : 32347;
9655 : 32348;
9656 : 32380;
9657 : 32380;
9658 : 32412;
9659 : 32413;
9660 : 32380;
9661 : 32380;
9662 : 32380;
9663 : 32380;
9664 : 32380;
9665 : 32380;
9666 : 30201;
9667 : 25878;
9668 : 25748;
9669 : 23700;
9670 : 23668;
9671 : 23668;
9672 : 23635;
9673 : 23636;
9674 : 23636;
9675 : 23668;
9676 : 15085;
9677 : 46486;
9678 : 65535;
9679 : 65535;
9680 : 65535;
9681 : 65535;
9682 : 65535;
9683 : 65535;
9684 : 65535;
9685 : 65535;
9686 : 65535;
9687 : 65535;
9688 : 65535;
9689 : 65535;
9690 : 65535;
9691 : 65535;
9692 : 65535;
9693 : 65535;
9694 : 65535;
9695 : 65535;
9696 : 65535;
9697 : 65535;
9698 : 65535;
9699 : 65535;
9700 : 65535;
9701 : 65535;
9702 : 65535;
9703 : 65535;
9704 : 65535;
9705 : 65535;
9706 : 65535;
9707 : 65535;
9708 : 65535;
9709 : 65535;
9710 : 65535;
9711 : 65535;
9712 : 65535;
9713 : 65535;
9714 : 65535;
9715 : 65535;
9716 : 65535;
9717 : 65535;
9718 : 65535;
9719 : 65535;
9720 : 65535;
9721 : 65535;
9722 : 65535;
9723 : 65535;
9724 : 65535;
9725 : 65535;
9726 : 65535;
9727 : 65535;
9728 : 65535;
9729 : 65535;
9730 : 65535;
9731 : 65535;
9732 : 65535;
9733 : 65535;
9734 : 65535;
9735 : 65535;
9736 : 65535;
9737 : 65535;
9738 : 65535;
9739 : 65535;
9740 : 65535;
9741 : 65535;
9742 : 65535;
9743 : 65535;
9744 : 65535;
9745 : 65535;
9746 : 65535;
9747 : 65535;
9748 : 65535;
9749 : 65535;
9750 : 65535;
9751 : 65535;
9752 : 65535;
9753 : 65535;
9754 : 65535;
9755 : 65535;
9756 : 57083;
9757 : 27534;
9758 : 31793;
9759 : 46518;
9760 : 48631;
9761 : 31727;
9762 : 12940;
9763 : 13104;
9764 : 13038;
9765 : 13070;
9766 : 13005;
9767 : 8681;
9768 : 30169;
9769 : 34460;
9770 : 36508;
9771 : 36508;
9772 : 34460;
9773 : 32380;
9774 : 32380;
9775 : 32348;
9776 : 30299;
9777 : 30299;
9778 : 30300;
9779 : 30299;
9780 : 30299;
9781 : 30299;
9782 : 30299;
9783 : 32347;
9784 : 32380;
9785 : 32380;
9786 : 32380;
9787 : 32380;
9788 : 32380;
9789 : 32380;
9790 : 32380;
9791 : 32380;
9792 : 32380;
9793 : 32380;
9794 : 30267;
9795 : 27991;
9796 : 25780;
9797 : 23700;
9798 : 23668;
9799 : 23668;
9800 : 23668;
9801 : 23668;
9802 : 23668;
9803 : 25748;
9804 : 17230;
9805 : 38034;
9806 : 65535;
9807 : 65535;
9808 : 65535;
9809 : 65535;
9810 : 65535;
9811 : 65535;
9812 : 65535;
9813 : 65535;
9814 : 65535;
9815 : 65535;
9816 : 65535;
9817 : 65535;
9818 : 65535;
9819 : 65535;
9820 : 65535;
9821 : 65535;
9822 : 65535;
9823 : 65535;
9824 : 65535;
9825 : 65535;
9826 : 65535;
9827 : 65535;
9828 : 65535;
9829 : 65535;
9830 : 65535;
9831 : 65535;
9832 : 65535;
9833 : 65535;
9834 : 65535;
9835 : 65535;
9836 : 65535;
9837 : 65535;
9838 : 65535;
9839 : 65535;
9840 : 65535;
9841 : 65535;
9842 : 65535;
9843 : 65535;
9844 : 65535;
9845 : 65535;
9846 : 65535;
9847 : 65535;
9848 : 65535;
9849 : 65535;
9850 : 65535;
9851 : 65535;
9852 : 65535;
9853 : 65535;
9854 : 65535;
9855 : 65535;
9856 : 65535;
9857 : 65535;
9858 : 65535;
9859 : 65535;
9860 : 65535;
9861 : 65535;
9862 : 65535;
9863 : 65535;
9864 : 65535;
9865 : 65535;
9866 : 65535;
9867 : 65535;
9868 : 65535;
9869 : 65535;
9870 : 65535;
9871 : 65535;
9872 : 65535;
9873 : 65535;
9874 : 65535;
9875 : 65535;
9876 : 65535;
9877 : 65535;
9878 : 65535;
9879 : 65535;
9880 : 65535;
9881 : 65535;
9882 : 65535;
9883 : 57018;
9884 : 19115;
9885 : 19377;
9886 : 15216;
9887 : 10892;
9888 : 8779;
9889 : 10925;
9890 : 13103;
9891 : 13038;
9892 : 13070;
9893 : 13038;
9894 : 6568;
9895 : 25910;
9896 : 34493;
9897 : 34460;
9898 : 36508;
9899 : 34460;
9900 : 32380;
9901 : 32380;
9902 : 32348;
9903 : 30299;
9904 : 30299;
9905 : 30300;
9906 : 30300;
9907 : 30299;
9908 : 30299;
9909 : 30299;
9910 : 32348;
9911 : 32380;
9912 : 32380;
9913 : 32380;
9914 : 32380;
9915 : 32380;
9916 : 32380;
9917 : 30300;
9918 : 30299;
9919 : 30299;
9920 : 30299;
9921 : 32348;
9922 : 32347;
9923 : 28056;
9924 : 25845;
9925 : 23700;
9926 : 23700;
9927 : 23700;
9928 : 23700;
9929 : 23700;
9930 : 23668;
9931 : 25748;
9932 : 19409;
9933 : 31728;
9934 : 65535;
9935 : 65535;
9936 : 65535;
9937 : 65535;
9938 : 65535;
9939 : 65535;
9940 : 65535;
9941 : 65535;
9942 : 65535;
9943 : 65535;
9944 : 65535;
9945 : 65535;
9946 : 65535;
9947 : 65535;
9948 : 65535;
9949 : 65535;
9950 : 65535;
9951 : 65535;
9952 : 65535;
9953 : 65535;
9954 : 65535;
9955 : 65535;
9956 : 65535;
9957 : 65535;
9958 : 65535;
9959 : 65535;
9960 : 65535;
9961 : 65535;
9962 : 65535;
9963 : 65535;
9964 : 65535;
9965 : 65535;
9966 : 65535;
9967 : 65535;
9968 : 65535;
9969 : 65535;
9970 : 65535;
9971 : 65535;
9972 : 65535;
9973 : 65535;
9974 : 65535;
9975 : 65535;
9976 : 65535;
9977 : 65535;
9978 : 65535;
9979 : 65535;
9980 : 65535;
9981 : 65535;
9982 : 65535;
9983 : 65535;
9984 : 65535;
9985 : 65535;
9986 : 65535;
9987 : 65535;
9988 : 65535;
9989 : 65535;
9990 : 65535;
9991 : 65535;
9992 : 65535;
9993 : 65535;
9994 : 65535;
9995 : 65535;
9996 : 65535;
9997 : 65535;
9998 : 65535;
9999 : 65535;
10000 : 65535;
10001 : 65535;
10002 : 65535;
10003 : 65535;
10004 : 65535;
10005 : 57018;
10006 : 33841;
10007 : 48631;
10008 : 57018;
10009 : 50711;
10010 : 38001;
10011 : 17035;
10012 : 17296;
10013 : 15183;
10014 : 13038;
10015 : 13071;
10016 : 13071;
10017 : 13071;
10018 : 13070;
10019 : 13070;
10020 : 10925;
10021 : 6535;
10022 : 21587;
10023 : 32413;
10024 : 34460;
10025 : 34460;
10026 : 34428;
10027 : 32380;
10028 : 32380;
10029 : 32348;
10030 : 30299;
10031 : 30299;
10032 : 30299;
10033 : 30299;
10034 : 30299;
10035 : 30299;
10036 : 30299;
10037 : 30299;
10038 : 32380;
10039 : 32380;
10040 : 32380;
10041 : 32380;
10042 : 32380;
10043 : 32380;
10044 : 32348;
10045 : 30299;
10046 : 30299;
10047 : 30299;
10048 : 30300;
10049 : 30299;
10050 : 30267;
10051 : 28088;
10052 : 25877;
10053 : 25780;
10054 : 23700;
10055 : 23668;
10056 : 23700;
10057 : 23700;
10058 : 23700;
10059 : 23700;
10060 : 23635;
10061 : 23341;
10062 : 65503;
10063 : 65535;
10064 : 65535;
10065 : 65535;
10066 : 65535;
10067 : 65535;
10068 : 65535;
10069 : 65535;
10070 : 65535;
10071 : 65535;
10072 : 65535;
10073 : 65535;
10074 : 65535;
10075 : 65535;
10076 : 65535;
10077 : 65535;
10078 : 65535;
10079 : 65535;
10080 : 65535;
10081 : 65535;
10082 : 65535;
10083 : 65535;
10084 : 65535;
10085 : 65535;
10086 : 65535;
10087 : 65535;
10088 : 65535;
10089 : 65535;
10090 : 65535;
10091 : 65535;
10092 : 65535;
10093 : 65535;
10094 : 65535;
10095 : 65535;
10096 : 65535;
10097 : 65535;
10098 : 65535;
10099 : 65535;
10100 : 65535;
10101 : 65535;
10102 : 65535;
10103 : 65535;
10104 : 65535;
10105 : 65535;
10106 : 65535;
10107 : 65535;
10108 : 65535;
10109 : 65535;
10110 : 65535;
10111 : 65535;
10112 : 65535;
10113 : 65535;
10114 : 65535;
10115 : 65535;
10116 : 65535;
10117 : 65535;
10118 : 65535;
10119 : 65535;
10120 : 65535;
10121 : 65535;
10122 : 65535;
10123 : 65535;
10124 : 65535;
10125 : 65535;
10126 : 65535;
10127 : 65535;
10128 : 65535;
10129 : 65535;
10130 : 65535;
10131 : 65535;
10132 : 63389;
10133 : 19082;
10134 : 15086;
10135 : 8779;
10136 : 8713;
10137 : 6536;
10138 : 8714;
10139 : 15183;
10140 : 13103;
10141 : 13070;
10142 : 13070;
10143 : 13071;
10144 : 13070;
10145 : 10925;
10146 : 10827;
10147 : 10827;
10148 : 15117;
10149 : 25878;
10150 : 32412;
10151 : 34460;
10152 : 34460;
10153 : 32380;
10154 : 32380;
10155 : 32380;
10156 : 32380;
10157 : 30299;
10158 : 30299;
10159 : 30299;
10160 : 30300;
10161 : 30300;
10162 : 30300;
10163 : 30299;
10164 : 30299;
10165 : 32347;
10166 : 32380;
10167 : 32380;
10168 : 32380;
10169 : 32380;
10170 : 32380;
10171 : 32380;
10172 : 30299;
10173 : 30299;
10174 : 30299;
10175 : 30299;
10176 : 30299;
10177 : 30300;
10178 : 30267;
10179 : 28024;
10180 : 25845;
10181 : 25780;
10182 : 23700;
10183 : 23700;
10184 : 23700;
10185 : 23700;
10186 : 23700;
10187 : 23700;
10188 : 23732;
10189 : 15019;
10190 : 59164;
10191 : 65535;
10192 : 65535;
10193 : 65535;
10194 : 65535;
10195 : 65535;
10196 : 65535;
10197 : 65535;
10198 : 65535;
10199 : 65535;
10200 : 65535;
10201 : 65535;
10202 : 65535;
10203 : 65535;
10204 : 65535;
10205 : 65535;
10206 : 65535;
10207 : 65535;
10208 : 65535;
10209 : 65535;
10210 : 65535;
10211 : 65535;
10212 : 65535;
10213 : 65535;
10214 : 65535;
10215 : 65535;
10216 : 65535;
10217 : 65535;
10218 : 65535;
10219 : 65535;
10220 : 65535;
10221 : 65535;
10222 : 65535;
10223 : 65535;
10224 : 65535;
10225 : 65535;
10226 : 65535;
10227 : 65535;
10228 : 65535;
10229 : 65535;
10230 : 65535;
10231 : 65535;
10232 : 65535;
10233 : 65535;
10234 : 65535;
10235 : 65535;
10236 : 65535;
10237 : 65535;
10238 : 65535;
10239 : 65535;
10240 : 65535;
10241 : 65535;
10242 : 65535;
10243 : 65535;
10244 : 65535;
10245 : 65535;
10246 : 65535;
10247 : 65535;
10248 : 65535;
10249 : 65535;
10250 : 65535;
10251 : 65535;
10252 : 65535;
10253 : 65535;
10254 : 63390;
10255 : 65502;
10256 : 65535;
10257 : 65535;
10258 : 65535;
10259 : 63390;
10260 : 27501;
10261 : 15118;
10262 : 15216;
10263 : 13038;
10264 : 13070;
10265 : 13071;
10266 : 13071;
10267 : 13070;
10268 : 13071;
10269 : 13070;
10270 : 10957;
10271 : 8778;
10272 : 8746;
10273 : 15085;
10274 : 21587;
10275 : 28121;
10276 : 32412;
10277 : 32444;
10278 : 34460;
10279 : 34460;
10280 : 32380;
10281 : 32380;
10282 : 32380;
10283 : 32380;
10284 : 32348;
10285 : 30299;
10286 : 30299;
10287 : 30299;
10288 : 30299;
10289 : 30300;
10290 : 30299;
10291 : 32347;
10292 : 32347;
10293 : 32380;
10294 : 32380;
10295 : 34460;
10296 : 32380;
10297 : 32380;
10298 : 32380;
10299 : 32380;
10300 : 30332;
10301 : 30299;
10302 : 30299;
10303 : 30299;
10304 : 30267;
10305 : 28089;
10306 : 28121;
10307 : 27958;
10308 : 25813;
10309 : 25780;
10310 : 17230;
10311 : 23667;
10312 : 23700;
10313 : 23700;
10314 : 25748;
10315 : 23700;
10316 : 25780;
10317 : 15117;
10318 : 48566;
10319 : 65535;
10320 : 65535;
10321 : 65535;
10322 : 65535;
10323 : 65535;
10324 : 65535;
10325 : 65535;
10326 : 65535;
10327 : 65535;
10328 : 65535;
10329 : 65535;
10330 : 65535;
10331 : 65535;
10332 : 65535;
10333 : 65535;
10334 : 65535;
10335 : 65535;
10336 : 65535;
10337 : 65535;
10338 : 65535;
10339 : 65535;
10340 : 65535;
10341 : 65535;
10342 : 65535;
10343 : 65535;
10344 : 65535;
10345 : 65535;
10346 : 65535;
10347 : 65535;
10348 : 65535;
10349 : 65535;
10350 : 65535;
10351 : 65535;
10352 : 65535;
10353 : 65535;
10354 : 65535;
10355 : 65535;
10356 : 65535;
10357 : 65535;
10358 : 65535;
10359 : 65535;
10360 : 65535;
10361 : 65535;
10362 : 65535;
10363 : 65535;
10364 : 65535;
10365 : 65535;
10366 : 65535;
10367 : 65535;
10368 : 65535;
10369 : 65535;
10370 : 65535;
10371 : 65535;
10372 : 65535;
10373 : 65535;
10374 : 65535;
10375 : 65535;
10376 : 65535;
10377 : 65535;
10378 : 65535;
10379 : 65535;
10380 : 65535;
10381 : 63389;
10382 : 21195;
10383 : 21326;
10384 : 38099;
10385 : 46486;
10386 : 35921;
10387 : 14954;
10388 : 10957;
10389 : 15216;
10390 : 13038;
10391 : 13070;
10392 : 13071;
10393 : 13071;
10394 : 13070;
10395 : 10925;
10396 : 8746;
10397 : 10794;
10398 : 15085;
10399 : 21651;
10400 : 30202;
10401 : 32380;
10402 : 32380;
10403 : 32380;
10404 : 32380;
10405 : 34460;
10406 : 34460;
10407 : 32380;
10408 : 32380;
10409 : 32380;
10410 : 32380;
10411 : 30299;
10412 : 30299;
10413 : 30299;
10414 : 30299;
10415 : 30299;
10416 : 30299;
10417 : 30299;
10418 : 32348;
10419 : 32380;
10420 : 32380;
10421 : 32380;
10422 : 34460;
10423 : 36508;
10424 : 32380;
10425 : 32380;
10426 : 32380;
10427 : 32380;
10428 : 32380;
10429 : 32348;
10430 : 30299;
10431 : 30299;
10432 : 30267;
10433 : 21652;
10434 : 27991;
10435 : 25845;
10436 : 25813;
10437 : 23700;
10438 : 15085;
10439 : 23668;
10440 : 23700;
10441 : 23700;
10442 : 25748;
10443 : 23700;
10444 : 25748;
10445 : 19344;
10446 : 38099;
10447 : 65535;
10448 : 65535;
10449 : 65535;
10450 : 65535;
10451 : 65535;
10452 : 65535;
10453 : 65535;
10454 : 65535;
10455 : 65535;
10456 : 65535;
10457 : 65535;
10458 : 65535;
10459 : 65535;
10460 : 65535;
10461 : 65535;
10462 : 65535;
10463 : 65535;
10464 : 65535;
10465 : 65535;
10466 : 65535;
10467 : 65535;
10468 : 65535;
10469 : 65535;
10470 : 65535;
10471 : 65535;
10472 : 65535;
10473 : 65535;
10474 : 65535;
10475 : 65535;
10476 : 65535;
10477 : 65535;
10478 : 65535;
10479 : 65535;
10480 : 65535;
10481 : 65535;
10482 : 65535;
10483 : 65535;
10484 : 65535;
10485 : 65535;
10486 : 65535;
10487 : 65535;
10488 : 65535;
10489 : 65535;
10490 : 65535;
10491 : 65535;
10492 : 65535;
10493 : 65535;
10494 : 65535;
10495 : 65535;
10496 : 65535;
10497 : 65535;
10498 : 65535;
10499 : 65535;
10500 : 65535;
10501 : 65535;
10502 : 65535;
10503 : 65535;
10504 : 65535;
10505 : 65535;
10506 : 65535;
10507 : 65535;
10508 : 65535;
10509 : 40147;
10510 : 15053;
10511 : 13103;
10512 : 8812;
10513 : 6633;
10514 : 8779;
10515 : 10990;
10516 : 13103;
10517 : 13071;
10518 : 13070;
10519 : 13038;
10520 : 10892;
10521 : 8746;
10522 : 10794;
10523 : 15149;
10524 : 23699;
10525 : 30201;
10526 : 32412;
10527 : 32412;
10528 : 30300;
10529 : 30299;
10530 : 30299;
10531 : 30299;
10532 : 32347;
10533 : 32380;
10534 : 32380;
10535 : 32348;
10536 : 32348;
10537 : 30299;
10538 : 30299;
10539 : 30300;
10540 : 30299;
10541 : 30299;
10542 : 30299;
10543 : 30299;
10544 : 30299;
10545 : 30299;
10546 : 32348;
10547 : 32380;
10548 : 32380;
10549 : 32380;
10550 : 34460;
10551 : 36540;
10552 : 34428;
10553 : 32380;
10554 : 32380;
10555 : 32380;
10556 : 32380;
10557 : 32380;
10558 : 32347;
10559 : 30299;
10560 : 30235;
10561 : 19376;
10562 : 25878;
10563 : 25845;
10564 : 25813;
10565 : 23700;
10566 : 15117;
10567 : 23700;
10568 : 23700;
10569 : 23700;
10570 : 23700;
10571 : 23668;
10572 : 25748;
10573 : 21522;
10574 : 29680;
10575 : 65535;
10576 : 65535;
10577 : 65535;
10578 : 65535;
10579 : 65535;
10580 : 65535;
10581 : 65535;
10582 : 65535;
10583 : 65535;
10584 : 65535;
10585 : 65535;
10586 : 65535;
10587 : 65535;
10588 : 65535;
10589 : 65535;
10590 : 65535;
10591 : 65535;
10592 : 65535;
10593 : 65535;
10594 : 65535;
10595 : 65535;
10596 : 65535;
10597 : 65535;
10598 : 65535;
10599 : 65535;
10600 : 65535;
10601 : 65535;
10602 : 65535;
10603 : 65535;
10604 : 65535;
10605 : 65535;
10606 : 65535;
10607 : 65535;
10608 : 65535;
10609 : 65535;
10610 : 65535;
10611 : 65535;
10612 : 65535;
10613 : 65535;
10614 : 65535;
10615 : 65535;
10616 : 65535;
10617 : 65535;
10618 : 65535;
10619 : 65535;
10620 : 65535;
10621 : 65535;
10622 : 65535;
10623 : 65535;
10624 : 65535;
10625 : 65535;
10626 : 65535;
10627 : 65535;
10628 : 65535;
10629 : 65535;
10630 : 65535;
10631 : 65535;
10632 : 65535;
10633 : 65535;
10634 : 65535;
10635 : 65535;
10636 : 61277;
10637 : 14922;
10638 : 15216;
10639 : 13038;
10640 : 13070;
10641 : 13103;
10642 : 13103;
10643 : 13038;
10644 : 10859;
10645 : 8713;
10646 : 8713;
10647 : 10891;
10648 : 17328;
10649 : 25910;
10650 : 30266;
10651 : 32444;
10652 : 32412;
10653 : 32380;
10654 : 30299;
10655 : 30299;
10656 : 30299;
10657 : 30299;
10658 : 30299;
10659 : 30299;
10660 : 30299;
10661 : 30299;
10662 : 30299;
10663 : 30299;
10664 : 30299;
10665 : 30300;
10666 : 30299;
10667 : 30300;
10668 : 30299;
10669 : 30299;
10670 : 30299;
10671 : 30299;
10672 : 30300;
10673 : 30299;
10674 : 30234;
10675 : 30201;
10676 : 32380;
10677 : 32380;
10678 : 36508;
10679 : 36508;
10680 : 34460;
10681 : 32380;
10682 : 32380;
10683 : 32380;
10684 : 32380;
10685 : 32380;
10686 : 32380;
10687 : 32380;
10688 : 30202;
10689 : 17230;
10690 : 27958;
10691 : 25845;
10692 : 25780;
10693 : 23635;
10694 : 19311;
10695 : 25748;
10696 : 23700;
10697 : 23668;
10698 : 23667;
10699 : 23668;
10700 : 23668;
10701 : 23667;
10702 : 23374;
10703 : 65503;
10704 : 65535;
10705 : 65535;
10706 : 65535;
10707 : 65535;
10708 : 65535;
10709 : 65535;
10710 : 65535;
10711 : 65535;
10712 : 65535;
10713 : 65535;
10714 : 65535;
10715 : 65535;
10716 : 65535;
10717 : 65535;
10718 : 65535;
10719 : 65535;
10720 : 65535;
10721 : 65535;
10722 : 65535;
10723 : 65535;
10724 : 65535;
10725 : 65535;
10726 : 65535;
10727 : 65535;
10728 : 65535;
10729 : 65535;
10730 : 65535;
10731 : 65535;
10732 : 65535;
10733 : 65470;
10734 : 63390;
10735 : 65503;
10736 : 65535;
10737 : 65535;
10738 : 65535;
10739 : 65535;
10740 : 65535;
10741 : 65535;
10742 : 65535;
10743 : 65535;
10744 : 65535;
10745 : 65535;
10746 : 65535;
10747 : 65535;
10748 : 65535;
10749 : 65535;
10750 : 65535;
10751 : 65535;
10752 : 65535;
10753 : 65535;
10754 : 65535;
10755 : 65535;
10756 : 65535;
10757 : 65535;
10758 : 65535;
10759 : 65535;
10760 : 65535;
10761 : 65535;
10762 : 65535;
10763 : 65535;
10764 : 27501;
10765 : 8812;
10766 : 13071;
10767 : 13070;
10768 : 13070;
10769 : 10892;
10770 : 8714;
10771 : 10858;
10772 : 19376;
10773 : 25877;
10774 : 30202;
10775 : 32380;
10776 : 34493;
10777 : 32412;
10778 : 32412;
10779 : 32380;
10780 : 30299;
10781 : 30299;
10782 : 30299;
10783 : 30299;
10784 : 30299;
10785 : 30300;
10786 : 30299;
10787 : 30299;
10788 : 30300;
10789 : 30299;
10790 : 30299;
10791 : 30299;
10792 : 30299;
10793 : 30299;
10794 : 30299;
10795 : 30299;
10796 : 30299;
10797 : 30299;
10798 : 30299;
10799 : 30299;
10800 : 30299;
10801 : 30300;
10802 : 28121;
10803 : 23765;
10804 : 32412;
10805 : 32380;
10806 : 38588;
10807 : 36508;
10808 : 34460;
10809 : 32380;
10810 : 32380;
10811 : 32380;
10812 : 32380;
10813 : 32380;
10814 : 32380;
10815 : 32412;
10816 : 28121;
10817 : 17230;
10818 : 27958;
10819 : 25813;
10820 : 25780;
10821 : 21554;
10822 : 21457;
10823 : 25748;
10824 : 23668;
10825 : 23668;
10826 : 23636;
10827 : 23636;
10828 : 23636;
10829 : 23668;
10830 : 19246;
10831 : 61276;
10832 : 65535;
10833 : 65535;
10834 : 65535;
10835 : 65535;
10836 : 65535;
10837 : 65535;
10838 : 65535;
10839 : 65535;
10840 : 65535;
10841 : 65535;
10842 : 65535;
10843 : 65535;
10844 : 65535;
10845 : 65535;
10846 : 65535;
10847 : 65535;
10848 : 65535;
10849 : 65535;
10850 : 65535;
10851 : 65535;
10852 : 65535;
10853 : 65535;
10854 : 65535;
10855 : 65503;
10856 : 54970;
10857 : 44405;
10858 : 33873;
10859 : 29679;
10860 : 25486;
10861 : 23374;
10862 : 23406;
10863 : 23374;
10864 : 27566;
10865 : 35953;
10866 : 44405;
10867 : 57050;
10868 : 65535;
10869 : 65535;
10870 : 65535;
10871 : 65535;
10872 : 65535;
10873 : 65535;
10874 : 65535;
10875 : 65535;
10876 : 65535;
10877 : 65535;
10878 : 65535;
10879 : 65535;
10880 : 65535;
10881 : 65535;
10882 : 65535;
10883 : 65535;
10884 : 65535;
10885 : 65535;
10886 : 65535;
10887 : 63390;
10888 : 54938;
10889 : 57051;
10890 : 42292;
10891 : 19049;
10892 : 6600;
10893 : 13103;
10894 : 13103;
10895 : 10860;
10896 : 12972;
10897 : 21586;
10898 : 28023;
10899 : 32379;
10900 : 34493;
10901 : 32444;
10902 : 32412;
10903 : 32380;
10904 : 32380;
10905 : 32380;
10906 : 32380;
10907 : 32380;
10908 : 30299;
10909 : 30299;
10910 : 30299;
10911 : 30299;
10912 : 30299;
10913 : 30300;
10914 : 30299;
10915 : 32348;
10916 : 32380;
10917 : 32380;
10918 : 32380;
10919 : 30299;
10920 : 32348;
10921 : 32380;
10922 : 32380;
10923 : 32380;
10924 : 32348;
10925 : 30299;
10926 : 30299;
10927 : 30299;
10928 : 32348;
10929 : 32380;
10930 : 30202;
10931 : 21619;
10932 : 32412;
10933 : 32380;
10934 : 38588;
10935 : 36540;
10936 : 34460;
10937 : 32348;
10938 : 30300;
10939 : 32348;
10940 : 32380;
10941 : 32380;
10942 : 32380;
10943 : 32412;
10944 : 28088;
10945 : 17230;
10946 : 27926;
10947 : 25780;
10948 : 23700;
10949 : 21522;
10950 : 23635;
10951 : 23700;
10952 : 23668;
10953 : 23668;
10954 : 23636;
10955 : 23636;
10956 : 23636;
10957 : 23668;
10958 : 21359;
10959 : 61309;
10960 : 65535;
10961 : 65535;
10962 : 65535;
10963 : 65535;
10964 : 65535;
10965 : 65535;
10966 : 65535;
10967 : 65535;
10968 : 65535;
10969 : 65535;
10970 : 65535;
10971 : 65535;
10972 : 65535;
10973 : 65535;
10974 : 65535;
10975 : 65535;
10976 : 65535;
10977 : 65535;
10978 : 65535;
10979 : 65535;
10980 : 65535;
10981 : 61277;
10982 : 42292;
10983 : 27664;
10984 : 25714;
10985 : 27925;
10986 : 32184;
10987 : 34362;
10988 : 36475;
10989 : 38556;
10990 : 38588;
10991 : 36476;
10992 : 34297;
10993 : 30071;
10994 : 27860;
10995 : 23536;
10996 : 27567;
10997 : 38066;
10998 : 54937;
10999 : 65503;
11000 : 65535;
11001 : 65535;
11002 : 65535;
11003 : 65535;
11004 : 65535;
11005 : 65535;
11006 : 65535;
11007 : 65535;
11008 : 65535;
11009 : 65535;
11010 : 65535;
11011 : 65535;
11012 : 65535;
11013 : 65535;
11014 : 65535;
11015 : 25356;
11016 : 8616;
11017 : 10826;
11018 : 6601;
11019 : 8779;
11020 : 13071;
11021 : 13103;
11022 : 8746;
11023 : 13004;
11024 : 32282;
11025 : 34493;
11026 : 32412;
11027 : 32380;
11028 : 34460;
11029 : 36540;
11030 : 36508;
11031 : 36508;
11032 : 32380;
11033 : 32380;
11034 : 32380;
11035 : 32380;
11036 : 32380;
11037 : 30300;
11038 : 30299;
11039 : 30299;
11040 : 30299;
11041 : 30300;
11042 : 32348;
11043 : 32348;
11044 : 32380;
11045 : 32380;
11046 : 32380;
11047 : 32380;
11048 : 32380;
11049 : 32380;
11050 : 32380;
11051 : 32380;
11052 : 30299;
11053 : 30299;
11054 : 30299;
11055 : 30299;
11056 : 32380;
11057 : 32380;
11058 : 30234;
11059 : 19473;
11060 : 32412;
11061 : 34460;
11062 : 40636;
11063 : 36508;
11064 : 32380;
11065 : 30299;
11066 : 30299;
11067 : 30299;
11068 : 30299;
11069 : 32380;
11070 : 32380;
11071 : 32412;
11072 : 25975;
11073 : 17197;
11074 : 25845;
11075 : 23700;
11076 : 23700;
11077 : 23635;
11078 : 23668;
11079 : 23700;
11080 : 23700;
11081 : 23668;
11082 : 23668;
11083 : 23668;
11084 : 23668;
11085 : 23700;
11086 : 23406;
11087 : 63422;
11088 : 65535;
11089 : 65535;
11090 : 65535;
11091 : 65535;
11092 : 65535;
11093 : 65535;
11094 : 65535;
11095 : 65535;
11096 : 65535;
11097 : 65535;
11098 : 65535;
11099 : 65535;
11100 : 65535;
11101 : 65535;
11102 : 65535;
11103 : 65535;
11104 : 65535;
11105 : 65535;
11106 : 65535;
11107 : 61277;
11108 : 40147;
11109 : 25552;
11110 : 32151;
11111 : 38588;
11112 : 40701;
11113 : 40701;
11114 : 40668;
11115 : 38588;
11116 : 38588;
11117 : 38588;
11118 : 38588;
11119 : 38588;
11120 : 40668;
11121 : 40701;
11122 : 40701;
11123 : 40701;
11124 : 38523;
11125 : 30006;
11126 : 23536;
11127 : 27567;
11128 : 40179;
11129 : 57051;
11130 : 65535;
11131 : 65535;
11132 : 65535;
11133 : 65535;
11134 : 65535;
11135 : 65535;
11136 : 65535;
11137 : 65535;
11138 : 65535;
11139 : 65535;
11140 : 65535;
11141 : 65535;
11142 : 65503;
11143 : 21195;
11144 : 17264;
11145 : 13038;
11146 : 13071;
11147 : 13071;
11148 : 13071;
11149 : 8681;
11150 : 15117;
11151 : 32380;
11152 : 32380;
11153 : 32380;
11154 : 36508;
11155 : 38588;
11156 : 40636;
11157 : 40668;
11158 : 40668;
11159 : 38588;
11160 : 34460;
11161 : 32380;
11162 : 32380;
11163 : 32380;
11164 : 32380;
11165 : 32348;
11166 : 30299;
11167 : 30299;
11168 : 32348;
11169 : 32379;
11170 : 32380;
11171 : 32380;
11172 : 32380;
11173 : 32380;
11174 : 32380;
11175 : 32380;
11176 : 32380;
11177 : 32380;
11178 : 32347;
11179 : 30299;
11180 : 30299;
11181 : 30299;
11182 : 30299;
11183 : 30299;
11184 : 32380;
11185 : 32380;
11186 : 30201;
11187 : 19408;
11188 : 32412;
11189 : 34460;
11190 : 40668;
11191 : 36508;
11192 : 32348;
11193 : 30299;
11194 : 30299;
11195 : 30299;
11196 : 30299;
11197 : 30299;
11198 : 30299;
11199 : 32380;
11200 : 25943;
11201 : 17198;
11202 : 25813;
11203 : 23700;
11204 : 23700;
11205 : 23700;
11206 : 23700;
11207 : 23700;
11208 : 23700;
11209 : 23700;
11210 : 23700;
11211 : 23700;
11212 : 23732;
11213 : 23667;
11214 : 23373;
11215 : 65535;
11216 : 65535;
11217 : 65535;
11218 : 65535;
11219 : 65535;
11220 : 65535;
11221 : 65535;
11222 : 65535;
11223 : 65535;
11224 : 65535;
11225 : 65535;
11226 : 65535;
11227 : 65535;
11228 : 65535;
11229 : 65535;
11230 : 65535;
11231 : 65535;
11232 : 65535;
11233 : 65535;
11234 : 46486;
11235 : 25551;
11236 : 32119;
11237 : 40669;
11238 : 40669;
11239 : 40636;
11240 : 40636;
11241 : 40636;
11242 : 40636;
11243 : 40636;
11244 : 38588;
11245 : 38588;
11246 : 38588;
11247 : 38588;
11248 : 40636;
11249 : 40636;
11250 : 40636;
11251 : 40636;
11252 : 40668;
11253 : 40701;
11254 : 40701;
11255 : 36475;
11256 : 27893;
11257 : 21423;
11258 : 27599;
11259 : 46486;
11260 : 63389;
11261 : 65535;
11262 : 65535;
11263 : 65535;
11264 : 65535;
11265 : 65535;
11266 : 65535;
11267 : 65535;
11268 : 65535;
11269 : 65535;
11270 : 65470;
11271 : 21293;
11272 : 15184;
11273 : 13038;
11274 : 13038;
11275 : 13071;
11276 : 8746;
11277 : 12972;
11278 : 30300;
11279 : 32348;
11280 : 36476;
11281 : 40636;
11282 : 40636;
11283 : 40668;
11284 : 40668;
11285 : 40636;
11286 : 38588;
11287 : 34460;
11288 : 32380;
11289 : 32380;
11290 : 32380;
11291 : 32380;
11292 : 32380;
11293 : 32380;
11294 : 32380;
11295 : 32380;
11296 : 32380;
11297 : 32380;
11298 : 32380;
11299 : 32380;
11300 : 32380;
11301 : 32379;
11302 : 32412;
11303 : 32380;
11304 : 32380;
11305 : 32380;
11306 : 30299;
11307 : 30299;
11308 : 30299;
11309 : 30299;
11310 : 30299;
11311 : 32347;
11312 : 32380;
11313 : 32412;
11314 : 30201;
11315 : 19441;
11316 : 32412;
11317 : 34460;
11318 : 42716;
11319 : 38588;
11320 : 32347;
11321 : 30299;
11322 : 30299;
11323 : 30299;
11324 : 30299;
11325 : 30299;
11326 : 30299;
11327 : 32348;
11328 : 25943;
11329 : 19311;
11330 : 25780;
11331 : 23700;
11332 : 21554;
11333 : 23667;
11334 : 23700;
11335 : 23700;
11336 : 23700;
11337 : 25813;
11338 : 25845;
11339 : 25845;
11340 : 25877;
11341 : 19441;
11342 : 33840;
11343 : 65535;
11344 : 65535;
11345 : 65535;
11346 : 65535;
11347 : 65535;
11348 : 65535;
11349 : 65535;
11350 : 65535;
11351 : 65535;
11352 : 65535;
11353 : 65535;
11354 : 65535;
11355 : 65535;
11356 : 65535;
11357 : 65535;
11358 : 65535;
11359 : 65535;
11360 : 57051;
11361 : 29680;
11362 : 27860;
11363 : 38588;
11364 : 40701;
11365 : 40636;
11366 : 40636;
11367 : 40636;
11368 : 40636;
11369 : 40636;
11370 : 40636;
11371 : 40636;
11372 : 38588;
11373 : 38588;
11374 : 38588;
11375 : 38588;
11376 : 40636;
11377 : 40636;
11378 : 40636;
11379 : 40636;
11380 : 40636;
11381 : 40636;
11382 : 40636;
11383 : 40636;
11384 : 40701;
11385 : 40669;
11386 : 34330;
11387 : 25747;
11388 : 23471;
11389 : 33873;
11390 : 48631;
11391 : 63422;
11392 : 65535;
11393 : 65535;
11394 : 65535;
11395 : 65535;
11396 : 65535;
11397 : 65535;
11398 : 59164;
11399 : 15053;
11400 : 13071;
11401 : 13038;
11402 : 13070;
11403 : 10892;
11404 : 10761;
11405 : 30235;
11406 : 32348;
11407 : 36508;
11408 : 40636;
11409 : 40668;
11410 : 40636;
11411 : 40668;
11412 : 38588;
11413 : 36508;
11414 : 34460;
11415 : 32380;
11416 : 32380;
11417 : 32380;
11418 : 32380;
11419 : 32380;
11420 : 32348;
11421 : 32348;
11422 : 32380;
11423 : 32380;
11424 : 32380;
11425 : 32380;
11426 : 32380;
11427 : 32380;
11428 : 32380;
11429 : 25943;
11430 : 25942;
11431 : 32380;
11432 : 32380;
11433 : 32380;
11434 : 32380;
11435 : 30299;
11436 : 30299;
11437 : 32347;
11438 : 30299;
11439 : 32380;
11440 : 32380;
11441 : 32380;
11442 : 30266;
11443 : 19408;
11444 : 32412;
11445 : 34460;
11446 : 42716;
11447 : 38588;
11448 : 32347;
11449 : 30299;
11450 : 30299;
11451 : 30299;
11452 : 30299;
11453 : 30299;
11454 : 32347;
11455 : 32380;
11456 : 25943;
11457 : 19376;
11458 : 25780;
11459 : 23668;
11460 : 19376;
11461 : 23668;
11462 : 23700;
11463 : 23700;
11464 : 25813;
11465 : 25845;
11466 : 25878;
11467 : 27926;
11468 : 27958;
11469 : 17165;
11470 : 54938;
11471 : 65535;
11472 : 65535;
11473 : 65535;
11474 : 65535;
11475 : 65535;
11476 : 65535;
11477 : 65535;
11478 : 65535;
11479 : 65535;
11480 : 65535;
11481 : 65535;
11482 : 65535;
11483 : 65535;
11484 : 65535;
11485 : 65535;
11486 : 65535;
11487 : 52824;
11488 : 23471;
11489 : 34329;
11490 : 40701;
11491 : 40668;
11492 : 40636;
11493 : 40636;
11494 : 40636;
11495 : 40636;
11496 : 38588;
11497 : 40636;
11498 : 40636;
11499 : 40636;
11500 : 40636;
11501 : 38588;
11502 : 40636;
11503 : 40636;
11504 : 40636;
11505 : 40636;
11506 : 40636;
11507 : 40636;
11508 : 40636;
11509 : 40636;
11510 : 40636;
11511 : 40636;
11512 : 40636;
11513 : 40636;
11514 : 40668;
11515 : 40701;
11516 : 40701;
11517 : 23765;
11518 : 19114;
11519 : 57083;
11520 : 65535;
11521 : 65535;
11522 : 65535;
11523 : 65535;
11524 : 65535;
11525 : 65535;
11526 : 33873;
11527 : 8845;
11528 : 13070;
11529 : 13070;
11530 : 13038;
11531 : 6535;
11532 : 25943;
11533 : 32380;
11534 : 34428;
11535 : 40668;
11536 : 40668;
11537 : 40636;
11538 : 38588;
11539 : 36508;
11540 : 34460;
11541 : 32380;
11542 : 32380;
11543 : 32348;
11544 : 32348;
11545 : 32348;
11546 : 30299;
11547 : 30299;
11548 : 30299;
11549 : 30299;
11550 : 30299;
11551 : 32380;
11552 : 32380;
11553 : 32380;
11554 : 32380;
11555 : 32347;
11556 : 30299;
11557 : 32348;
11558 : 25942;
11559 : 21619;
11560 : 30234;
11561 : 32412;
11562 : 32380;
11563 : 32380;
11564 : 32380;
11565 : 32380;
11566 : 32380;
11567 : 32380;
11568 : 32380;
11569 : 32380;
11570 : 30266;
11571 : 19408;
11572 : 32412;
11573 : 32380;
11574 : 40668;
11575 : 38588;
11576 : 32380;
11577 : 32347;
11578 : 32347;
11579 : 30299;
11580 : 32348;
11581 : 32380;
11582 : 32380;
11583 : 32412;
11584 : 25910;
11585 : 19343;
11586 : 25781;
11587 : 21457;
11588 : 21521;
11589 : 25780;
11590 : 25780;
11591 : 25780;
11592 : 25845;
11593 : 27958;
11594 : 27958;
11595 : 27991;
11596 : 23732;
11597 : 23340;
11598 : 65535;
11599 : 65535;
11600 : 65535;
11601 : 65535;
11602 : 65535;
11603 : 65535;
11604 : 63390;
11605 : 44373;
11606 : 61277;
11607 : 65535;
11608 : 65470;
11609 : 65470;
11610 : 65535;
11611 : 65535;
11612 : 65535;
11613 : 65535;
11614 : 46486;
11615 : 27730;
11616 : 40668;
11617 : 40669;
11618 : 40636;
11619 : 40636;
11620 : 40636;
11621 : 40636;
11622 : 38588;
11623 : 38588;
11624 : 38588;
11625 : 40636;
11626 : 40636;
11627 : 38588;
11628 : 38588;
11629 : 40636;
11630 : 40636;
11631 : 40636;
11632 : 40636;
11633 : 40636;
11634 : 40636;
11635 : 40636;
11636 : 40636;
11637 : 40636;
11638 : 40636;
11639 : 40636;
11640 : 40636;
11641 : 38588;
11642 : 38588;
11643 : 40669;
11644 : 30103;
11645 : 27567;
11646 : 61277;
11647 : 65535;
11648 : 65535;
11649 : 65535;
11650 : 65535;
11651 : 65535;
11652 : 59131;
11653 : 29614;
11654 : 8681;
11655 : 13071;
11656 : 13070;
11657 : 13071;
11658 : 6535;
11659 : 21586;
11660 : 32413;
11661 : 32347;
11662 : 36508;
11663 : 38556;
11664 : 36508;
11665 : 36508;
11666 : 32380;
11667 : 32347;
11668 : 30299;
11669 : 30299;
11670 : 30299;
11671 : 30299;
11672 : 30299;
11673 : 30299;
11674 : 30299;
11675 : 30299;
11676 : 30299;
11677 : 30299;
11678 : 30299;
11679 : 32348;
11680 : 32348;
11681 : 30299;
11682 : 30299;
11683 : 30299;
11684 : 30299;
11685 : 30299;
11686 : 32380;
11687 : 30201;
11688 : 25877;
11689 : 30266;
11690 : 32380;
11691 : 32380;
11692 : 32380;
11693 : 32380;
11694 : 32380;
11695 : 32380;
11696 : 32380;
11697 : 32380;
11698 : 30267;
11699 : 17295;
11700 : 32380;
11701 : 32380;
11702 : 38588;
11703 : 38588;
11704 : 32380;
11705 : 32380;
11706 : 32380;
11707 : 32380;
11708 : 32380;
11709 : 32380;
11710 : 32380;
11711 : 32412;
11712 : 21587;
11713 : 19343;
11714 : 23602;
11715 : 17165;
11716 : 25748;
11717 : 19311;
11718 : 12939;
11719 : 23634;
11720 : 25877;
11721 : 25812;
11722 : 23667;
11723 : 21489;
11724 : 10760;
11725 : 10696;
11726 : 25453;
11727 : 35953;
11728 : 35986;
11729 : 33938;
11730 : 27697;
11731 : 21195;
11732 : 21228;
11733 : 10860;
11734 : 12744;
11735 : 21228;
11736 : 27827;
11737 : 25682;
11738 : 19147;
11739 : 19017;
11740 : 27534;
11741 : 31793;
11742 : 19310;
11743 : 40669;
11744 : 40668;
11745 : 40636;
11746 : 40636;
11747 : 40636;
11748 : 40636;
11749 : 38588;
11750 : 40636;
11751 : 40636;
11752 : 40636;
11753 : 38588;
11754 : 38588;
11755 : 38588;
11756 : 38588;
11757 : 38588;
11758 : 38588;
11759 : 40636;
11760 : 40668;
11761 : 40636;
11762 : 40636;
11763 : 40636;
11764 : 40636;
11765 : 40636;
11766 : 40636;
11767 : 40636;
11768 : 40636;
11769 : 38588;
11770 : 38620;
11771 : 30071;
11772 : 25486;
11773 : 61309;
11774 : 65535;
11775 : 65535;
11776 : 65535;
11777 : 65535;
11778 : 59196;
11779 : 27502;
11780 : 8615;
11781 : 8746;
11782 : 13070;
11783 : 13070;
11784 : 13103;
11785 : 8746;
11786 : 15052;
11787 : 34492;
11788 : 32380;
11789 : 32380;
11790 : 32348;
11791 : 32348;
11792 : 32348;
11793 : 32347;
11794 : 30299;
11795 : 30299;
11796 : 30299;
11797 : 30299;
11798 : 30299;
11799 : 30299;
11800 : 30299;
11801 : 30299;
11802 : 30299;
11803 : 30299;
11804 : 30299;
11805 : 30299;
11806 : 32380;
11807 : 32380;
11808 : 30299;
11809 : 30299;
11810 : 30299;
11811 : 30299;
11812 : 30299;
11813 : 32347;
11814 : 32380;
11815 : 32412;
11816 : 32380;
11817 : 32347;
11818 : 32380;
11819 : 32380;
11820 : 32380;
11821 : 32380;
11822 : 32380;
11823 : 32380;
11824 : 32380;
11825 : 32380;
11826 : 30234;
11827 : 17295;
11828 : 32380;
11829 : 32380;
11830 : 38588;
11831 : 38588;
11832 : 32380;
11833 : 32380;
11834 : 32380;
11835 : 32380;
11836 : 32380;
11837 : 32412;
11838 : 32380;
11839 : 32412;
11840 : 15182;
11841 : 19376;
11842 : 12939;
11843 : 23635;
11844 : 19376;
11845 : 12939;
11846 : 12972;
11847 : 6535;
11848 : 6502;
11849 : 6534;
11850 : 10793;
11851 : 8615;
11852 : 12972;
11853 : 17296;
11854 : 10892;
11855 : 4357;
11856 : 10826;
11857 : 15182;
11858 : 10891;
11859 : 10859;
11860 : 15183;
11861 : 15184;
11862 : 10957;
11863 : 8713;
11864 : 10924;
11865 : 13004;
11866 : 10827;
11867 : 8812;
11868 : 6568;
11869 : 25845;
11870 : 38653;
11871 : 40668;
11872 : 40636;
11873 : 40636;
11874 : 40636;
11875 : 40636;
11876 : 40636;
11877 : 40636;
11878 : 40636;
11879 : 40636;
11880 : 38588;
11881 : 38588;
11882 : 38588;
11883 : 38588;
11884 : 38588;
11885 : 38588;
11886 : 40636;
11887 : 40636;
11888 : 40636;
11889 : 40636;
11890 : 40636;
11891 : 40636;
11892 : 40636;
11893 : 40636;
11894 : 38588;
11895 : 38588;
11896 : 38588;
11897 : 36476;
11898 : 27958;
11899 : 25486;
11900 : 61277;
11901 : 65535;
11902 : 65535;
11903 : 65535;
11904 : 65535;
11905 : 65535;
11906 : 33841;
11907 : 12972;
11908 : 13070;
11909 : 13103;
11910 : 13070;
11911 : 13070;
11912 : 13038;
11913 : 8615;
11914 : 30234;
11915 : 32412;
11916 : 32380;
11917 : 32380;
11918 : 30299;
11919 : 30299;
11920 : 30299;
11921 : 30299;
11922 : 30299;
11923 : 30299;
11924 : 30299;
11925 : 30299;
11926 : 30299;
11927 : 30299;
11928 : 30299;
11929 : 32347;
11930 : 32347;
11931 : 32380;
11932 : 32380;
11933 : 32380;
11934 : 32380;
11935 : 32380;
11936 : 30332;
11937 : 30299;
11938 : 30299;
11939 : 30299;
11940 : 32380;
11941 : 32380;
11942 : 32380;
11943 : 32380;
11944 : 32380;
11945 : 32380;
11946 : 32379;
11947 : 32380;
11948 : 32380;
11949 : 32380;
11950 : 32380;
11951 : 32380;
11952 : 32380;
11953 : 32380;
11954 : 30169;
11955 : 15117;
11956 : 30267;
11957 : 32380;
11958 : 38588;
11959 : 36508;
11960 : 32380;
11961 : 32380;
11962 : 32380;
11963 : 32380;
11964 : 32412;
11965 : 30202;
11966 : 32347;
11967 : 32412;
11968 : 15117;
11969 : 12874;
11970 : 10761;
11971 : 15020;
11972 : 12907;
11973 : 17297;
11974 : 13103;
11975 : 13038;
11976 : 10892;
11977 : 10859;
11978 : 12973;
11979 : 15151;
11980 : 13103;
11981 : 13070;
11982 : 13038;
11983 : 13038;
11984 : 8779;
11985 : 8714;
11986 : 8747;
11987 : 10860;
11988 : 8779;
11989 : 8779;
11990 : 8779;
11991 : 10827;
11992 : 8747;
11993 : 10859;
11994 : 10957;
11995 : 13071;
11996 : 10957;
11997 : 8681;
11998 : 25747;
11999 : 40669;
12000 : 40669;
12001 : 40668;
12002 : 40668;
12003 : 40636;
12004 : 40636;
12005 : 40636;
12006 : 40636;
12007 : 40636;
12008 : 38588;
12009 : 38588;
12010 : 38588;
12011 : 38588;
12012 : 38588;
12013 : 40636;
12014 : 40636;
12015 : 40636;
12016 : 40636;
12017 : 40636;
12018 : 40636;
12019 : 40636;
12020 : 40636;
12021 : 38588;
12022 : 38588;
12023 : 36476;
12024 : 32282;
12025 : 23765;
12026 : 21293;
12027 : 61244;
12028 : 65535;
12029 : 65535;
12030 : 65535;
12031 : 65535;
12032 : 65535;
12033 : 65535;
12034 : 48631;
12035 : 21392;
12036 : 15216;
12037 : 13070;
12038 : 13070;
12039 : 13103;
12040 : 8681;
12041 : 19440;
12042 : 34493;
12043 : 32380;
12044 : 32380;
12045 : 30300;
12046 : 30299;
12047 : 30299;
12048 : 32347;
12049 : 30299;
12050 : 30299;
12051 : 30299;
12052 : 30299;
12053 : 30299;
12054 : 30299;
12055 : 32348;
12056 : 32380;
12057 : 32380;
12058 : 32380;
12059 : 32380;
12060 : 32380;
12061 : 32380;
12062 : 32379;
12063 : 32348;
12064 : 30299;
12065 : 30299;
12066 : 30299;
12067 : 30300;
12068 : 32380;
12069 : 32380;
12070 : 32380;
12071 : 32348;
12072 : 32380;
12073 : 32380;
12074 : 32380;
12075 : 21651;
12076 : 30267;
12077 : 32380;
12078 : 32380;
12079 : 32380;
12080 : 32380;
12081 : 30266;
12082 : 28023;
12083 : 17230;
12084 : 30234;
12085 : 32380;
12086 : 36508;
12087 : 34460;
12088 : 32380;
12089 : 32380;
12090 : 32412;
12091 : 34525;
12092 : 25910;
12093 : 10794;
12094 : 10826;
12095 : 10826;
12096 : 4291;
12097 : 2178;
12098 : 4389;
12099 : 10827;
12100 : 15216;
12101 : 13071;
12102 : 13070;
12103 : 13071;
12104 : 13103;
12105 : 13038;
12106 : 10924;
12107 : 8746;
12108 : 8649;
12109 : 6568;
12110 : 8680;
12111 : 10761;
12112 : 12906;
12113 : 15084;
12114 : 15117;
12115 : 17198;
12116 : 17263;
12117 : 17263;
12118 : 17262;
12119 : 17230;
12120 : 17198;
12121 : 15117;
12122 : 12972;
12123 : 10859;
12124 : 10794;
12125 : 8746;
12126 : 4455;
12127 : 15084;
12128 : 36443;
12129 : 36410;
12130 : 38523;
12131 : 38621;
12132 : 38588;
12133 : 38588;
12134 : 38588;
12135 : 38588;
12136 : 38588;
12137 : 38588;
12138 : 38588;
12139 : 40636;
12140 : 40636;
12141 : 40636;
12142 : 40636;
12143 : 40636;
12144 : 40636;
12145 : 40636;
12146 : 40636;
12147 : 40636;
12148 : 40636;
12149 : 38588;
12150 : 36443;
12151 : 32249;
12152 : 21587;
12153 : 19180;
12154 : 57051;
12155 : 65535;
12156 : 65535;
12157 : 65535;
12158 : 65535;
12159 : 65535;
12160 : 65535;
12161 : 65535;
12162 : 61277;
12163 : 19180;
12164 : 17297;
12165 : 13038;
12166 : 13070;
12167 : 13005;
12168 : 8713;
12169 : 30267;
12170 : 32348;
12171 : 30299;
12172 : 30299;
12173 : 30299;
12174 : 32347;
12175 : 30299;
12176 : 30299;
12177 : 30299;
12178 : 30300;
12179 : 32348;
12180 : 32347;
12181 : 32380;
12182 : 32380;
12183 : 32380;
12184 : 32380;
12185 : 32380;
12186 : 32380;
12187 : 32380;
12188 : 32380;
12189 : 32348;
12190 : 30299;
12191 : 30299;
12192 : 30299;
12193 : 30299;
12194 : 30299;
12195 : 30299;
12196 : 30299;
12197 : 30299;
12198 : 30299;
12199 : 30299;
12200 : 30299;
12201 : 32347;
12202 : 32412;
12203 : 25910;
12204 : 21586;
12205 : 32444;
12206 : 32380;
12207 : 32380;
12208 : 32347;
12209 : 30136;
12210 : 27990;
12211 : 17262;
12212 : 28088;
12213 : 32412;
12214 : 34460;
12215 : 34460;
12216 : 32444;
12217 : 32379;
12218 : 25943;
12219 : 19408;
12220 : 12874;
12221 : 17329;
12222 : 10958;
12223 : 10925;
12224 : 10957;
12225 : 10925;
12226 : 13071;
12227 : 13103;
12228 : 13070;
12229 : 13038;
12230 : 10860;
12231 : 8746;
12232 : 8681;
12233 : 10761;
12234 : 15052;
12235 : 19343;
12236 : 21521;
12237 : 23667;
12238 : 25845;
12239 : 25878;
12240 : 27958;
12241 : 27958;
12242 : 27958;
12243 : 27990;
12244 : 27990;
12245 : 27991;
12246 : 27991;
12247 : 27991;
12248 : 28023;
12249 : 28023;
12250 : 28056;
12251 : 28056;
12252 : 28023;
12253 : 25878;
12254 : 21619;
12255 : 15182;
12256 : 25943;
12257 : 28056;
12258 : 25748;
12259 : 34265;
12260 : 38556;
12261 : 38588;
12262 : 38588;
12263 : 38556;
12264 : 38556;
12265 : 38556;
12266 : 38588;
12267 : 40636;
12268 : 40636;
12269 : 40636;
12270 : 40636;
12271 : 40636;
12272 : 40636;
12273 : 40636;
12274 : 40636;
12275 : 38588;
12276 : 36508;
12277 : 34330;
12278 : 30104;
12279 : 19376;
12280 : 25453;
12281 : 61276;
12282 : 65535;
12283 : 65535;
12284 : 65535;
12285 : 65535;
12286 : 65535;
12287 : 65535;
12288 : 65535;
12289 : 65535;
12290 : 65535;
12291 : 29647;
12292 : 13070;
12293 : 13070;
12294 : 13071;
12295 : 6600;
12296 : 19474;
12297 : 32413;
12298 : 30299;
12299 : 32348;
12300 : 32347;
12301 : 30299;
12302 : 30299;
12303 : 30299;
12304 : 30299;
12305 : 32380;
12306 : 32380;
12307 : 32380;
12308 : 32380;
12309 : 32380;
12310 : 32380;
12311 : 32380;
12312 : 32380;
12313 : 32380;
12314 : 32380;
12315 : 32380;
12316 : 32380;
12317 : 32347;
12318 : 30299;
12319 : 30299;
12320 : 30299;
12321 : 30299;
12322 : 30299;
12323 : 30299;
12324 : 30299;
12325 : 30299;
12326 : 30299;
12327 : 30299;
12328 : 30299;
12329 : 30299;
12330 : 32380;
12331 : 32412;
12332 : 17327;
12333 : 28056;
12334 : 32347;
12335 : 30266;
12336 : 30168;
12337 : 27990;
12338 : 27990;
12339 : 19375;
12340 : 25943;
12341 : 34525;
12342 : 34525;
12343 : 32315;
12344 : 23797;
12345 : 19506;
12346 : 17263;
12347 : 10826;
12348 : 15151;
12349 : 13071;
12350 : 13038;
12351 : 13070;
12352 : 13070;
12353 : 13071;
12354 : 10925;
12355 : 8747;
12356 : 8681;
12357 : 10794;
12358 : 15117;
12359 : 19408;
12360 : 25780;
12361 : 27958;
12362 : 27990;
12363 : 27990;
12364 : 27958;
12365 : 25878;
12366 : 25878;
12367 : 25878;
12368 : 25878;
12369 : 25878;
12370 : 25878;
12371 : 25878;
12372 : 25910;
12373 : 27958;
12374 : 27991;
12375 : 27991;
12376 : 27991;
12377 : 28024;
12378 : 25878;
12379 : 30169;
12380 : 32379;
12381 : 32412;
12382 : 32412;
12383 : 32412;
12384 : 30300;
12385 : 32348;
12386 : 32347;
12387 : 30234;
12388 : 34427;
12389 : 34363;
12390 : 36475;
12391 : 38621;
12392 : 38588;
12393 : 38588;
12394 : 38588;
12395 : 38588;
12396 : 40668;
12397 : 40668;
12398 : 40668;
12399 : 40668;
12400 : 38588;
12401 : 38588;
12402 : 36475;
12403 : 34362;
12404 : 32216;
12405 : 25845;
12406 : 15084;
12407 : 35953;
12408 : 65470;
12409 : 65535;
12410 : 65535;
12411 : 65535;
12412 : 65535;
12413 : 65535;
12414 : 65535;
12415 : 65535;
12416 : 65535;
12417 : 65535;
12418 : 65535;
12419 : 29582;
12420 : 8812;
12421 : 13071;
12422 : 10925;
12423 : 10859;
12424 : 30267;
12425 : 32348;
12426 : 32347;
12427 : 30299;
12428 : 30299;
12429 : 30299;
12430 : 32348;
12431 : 32380;
12432 : 32380;
12433 : 32380;
12434 : 32412;
12435 : 32380;
12436 : 32380;
12437 : 32348;
12438 : 32348;
12439 : 32380;
12440 : 32380;
12441 : 32380;
12442 : 32380;
12443 : 32380;
12444 : 32380;
12445 : 32380;
12446 : 32379;
12447 : 30299;
12448 : 30299;
12449 : 30299;
12450 : 30299;
12451 : 30299;
12452 : 30299;
12453 : 30299;
12454 : 30299;
12455 : 30299;
12456 : 30299;
12457 : 30299;
12458 : 32380;
12459 : 32444;
12460 : 23765;
12461 : 19408;
12462 : 28023;
12463 : 27990;
12464 : 27958;
12465 : 27958;
12466 : 27958;
12467 : 21586;
12468 : 15149;
12469 : 23732;
12470 : 19375;
12471 : 12939;
12472 : 17295;
12473 : 15117;
12474 : 10859;
12475 : 15119;
12476 : 13071;
12477 : 13038;
12478 : 13071;
12479 : 13006;
12480 : 8779;
12481 : 8649;
12482 : 10794;
12483 : 17230;
12484 : 23635;
12485 : 25878;
12486 : 27991;
12487 : 27990;
12488 : 27958;
12489 : 27958;
12490 : 27958;
12491 : 25878;
12492 : 25878;
12493 : 25878;
12494 : 25878;
12495 : 25878;
12496 : 25878;
12497 : 25878;
12498 : 25878;
12499 : 25878;
12500 : 27991;
12501 : 27991;
12502 : 25878;
12503 : 23732;
12504 : 21586;
12505 : 21586;
12506 : 12971;
12507 : 28056;
12508 : 32412;
12509 : 32380;
12510 : 32380;
12511 : 32380;
12512 : 32348;
12513 : 32348;
12514 : 32380;
12515 : 32412;
12516 : 32412;
12517 : 30201;
12518 : 21489;
12519 : 25813;
12520 : 34427;
12521 : 34427;
12522 : 36475;
12523 : 36507;
12524 : 36507;
12525 : 36475;
12526 : 36475;
12527 : 34394;
12528 : 34330;
12529 : 32249;
12530 : 30136;
12531 : 25878;
12532 : 15182;
12533 : 17002;
12534 : 46486;
12535 : 65535;
12536 : 65535;
12537 : 65535;
12538 : 65535;
12539 : 65535;
12540 : 65535;
12541 : 65535;
12542 : 65535;
12543 : 65535;
12544 : 65535;
12545 : 65535;
12546 : 50744;
12547 : 6469;
12548 : 10958;
12549 : 13071;
12550 : 8779;
12551 : 23797;
12552 : 32380;
12553 : 30299;
12554 : 30299;
12555 : 30299;
12556 : 32348;
12557 : 32380;
12558 : 32347;
12559 : 28120;
12560 : 28121;
12561 : 30234;
12562 : 30267;
12563 : 32380;
12564 : 30299;
12565 : 30299;
12566 : 30299;
12567 : 32347;
12568 : 32380;
12569 : 32380;
12570 : 32380;
12571 : 32380;
12572 : 32380;
12573 : 32380;
12574 : 32380;
12575 : 32380;
12576 : 32380;
12577 : 32347;
12578 : 30299;
12579 : 32347;
12580 : 32347;
12581 : 32347;
12582 : 32380;
12583 : 32348;
12584 : 32380;
12585 : 32380;
12586 : 32380;
12587 : 32412;
12588 : 30201;
12589 : 17197;
12590 : 27958;
12591 : 27958;
12592 : 27958;
12593 : 27958;
12594 : 28023;
12595 : 19375;
12596 : 14954;
12597 : 6568;
12598 : 6503;
12599 : 6568;
12600 : 8746;
12601 : 10893;
12602 : 13071;
12603 : 13071;
12604 : 13038;
12605 : 10892;
12606 : 8681;
12607 : 8681;
12608 : 15117;
12609 : 23635;
12610 : 25878;
12611 : 27958;
12612 : 25878;
12613 : 25878;
12614 : 27926;
12615 : 27958;
12616 : 27926;
12617 : 25878;
12618 : 25878;
12619 : 25878;
12620 : 25878;
12621 : 25878;
12622 : 25878;
12623 : 25878;
12624 : 25878;
12625 : 27958;
12626 : 25878;
12627 : 21619;
12628 : 19343;
12629 : 21358;
12630 : 25519;
12631 : 33873;
12632 : 40179;
12633 : 42292;
12634 : 19115;
12635 : 28154;
12636 : 32412;
12637 : 32380;
12638 : 32380;
12639 : 32380;
12640 : 32380;
12641 : 32380;
12642 : 32380;
12643 : 32380;
12644 : 32380;
12645 : 32412;
12646 : 32379;
12647 : 21651;
12648 : 17295;
12649 : 28055;
12650 : 30169;
12651 : 30168;
12652 : 30136;
12653 : 30136;
12654 : 30136;
12655 : 28055;
12656 : 25846;
12657 : 21554;
12658 : 15117;
12659 : 14921;
12660 : 38066;
12661 : 63390;
12662 : 65535;
12663 : 65535;
12664 : 65535;
12665 : 65535;
12666 : 65535;
12667 : 65535;
12668 : 65535;
12669 : 65535;
12670 : 65535;
12671 : 65535;
12672 : 65535;
12673 : 48566;
12674 : 10663;
12675 : 8812;
12676 : 13070;
12677 : 13038;
12678 : 10794;
12679 : 30202;
12680 : 32348;
12681 : 32347;
12682 : 32380;
12683 : 32380;
12684 : 32380;
12685 : 32380;
12686 : 32380;
12687 : 28120;
12688 : 21553;
12689 : 21586;
12690 : 27958;
12691 : 30169;
12692 : 30299;
12693 : 30299;
12694 : 30299;
12695 : 32347;
12696 : 32380;
12697 : 32380;
12698 : 32380;
12699 : 32380;
12700 : 32380;
12701 : 32380;
12702 : 32380;
12703 : 32380;
12704 : 32380;
12705 : 32380;
12706 : 32380;
12707 : 32380;
12708 : 32380;
12709 : 32380;
12710 : 32380;
12711 : 32380;
12712 : 32380;
12713 : 32380;
12714 : 32380;
12715 : 32380;
12716 : 32347;
12717 : 15149;
12718 : 25812;
12719 : 27958;
12720 : 27990;
12721 : 25845;
12722 : 19375;
12723 : 12906;
12724 : 19377;
12725 : 13071;
12726 : 13071;
12727 : 13071;
12728 : 13071;
12729 : 13071;
12730 : 13038;
12731 : 8747;
12732 : 8648;
12733 : 12939;
12734 : 21489;
12735 : 25845;
12736 : 27958;
12737 : 25878;
12738 : 25878;
12739 : 25877;
12740 : 25877;
12741 : 25878;
12742 : 25878;
12743 : 25878;
12744 : 25877;
12745 : 25878;
12746 : 25845;
12747 : 25878;
12748 : 25878;
12749 : 25878;
12750 : 25878;
12751 : 25878;
12752 : 23700;
12753 : 17295;
12754 : 21325;
12755 : 33873;
12756 : 50679;
12757 : 61277;
12758 : 65535;
12759 : 65535;
12760 : 65535;
12761 : 65535;
12762 : 27632;
12763 : 30234;
12764 : 32380;
12765 : 32380;
12766 : 32347;
12767 : 32380;
12768 : 32380;
12769 : 32380;
12770 : 32380;
12771 : 32380;
12772 : 32380;
12773 : 32380;
12774 : 32380;
12775 : 32445;
12776 : 25878;
12777 : 12939;
12778 : 15117;
12779 : 19375;
12780 : 19408;
12781 : 19375;
12782 : 17230;
12783 : 15019;
12784 : 17034;
12785 : 27534;
12786 : 42292;
12787 : 61277;
12788 : 65535;
12789 : 65535;
12790 : 65535;
12791 : 65535;
12792 : 65535;
12793 : 65535;
12794 : 65535;
12795 : 65535;
12796 : 65535;
12797 : 65535;
12798 : 65535;
12799 : 65535;
12800 : 52857;
12801 : 8616;
12802 : 10990;
12803 : 13039;
12804 : 13038;
12805 : 13038;
12806 : 10826;
12807 : 32379;
12808 : 32380;
12809 : 32380;
12810 : 32380;
12811 : 32380;
12812 : 32380;
12813 : 32380;
12814 : 32380;
12815 : 32412;
12816 : 30201;
12817 : 25844;
12818 : 25877;
12819 : 27958;
12820 : 30169;
12821 : 32348;
12822 : 32380;
12823 : 32380;
12824 : 32380;
12825 : 32380;
12826 : 32380;
12827 : 32380;
12828 : 32380;
12829 : 32380;
12830 : 32380;
12831 : 32380;
12832 : 32380;
12833 : 32380;
12834 : 32380;
12835 : 32380;
12836 : 32380;
12837 : 32380;
12838 : 32380;
12839 : 32380;
12840 : 32380;
12841 : 32380;
12842 : 32380;
12843 : 32412;
12844 : 32379;
12845 : 21554;
12846 : 25812;
12847 : 25780;
12848 : 17262;
12849 : 15117;
12850 : 10793;
12851 : 13005;
12852 : 13071;
12853 : 13038;
12854 : 13038;
12855 : 13071;
12856 : 13038;
12857 : 8746;
12858 : 8713;
12859 : 17198;
12860 : 23700;
12861 : 27958;
12862 : 25910;
12863 : 25878;
12864 : 25878;
12865 : 25878;
12866 : 25878;
12867 : 25877;
12868 : 25877;
12869 : 25878;
12870 : 25878;
12871 : 25845;
12872 : 25845;
12873 : 25878;
12874 : 25878;
12875 : 25878;
12876 : 25910;
12877 : 25845;
12878 : 19441;
12879 : 19245;
12880 : 27567;
12881 : 46486;
12882 : 63357;
12883 : 65535;
12884 : 65535;
12885 : 65535;
12886 : 65535;
12887 : 65535;
12888 : 65535;
12889 : 65535;
12890 : 29680;
12891 : 28154;
12892 : 32380;
12893 : 30299;
12894 : 30299;
12895 : 32380;
12896 : 32380;
12897 : 32380;
12898 : 32380;
12899 : 32380;
12900 : 32380;
12901 : 32380;
12902 : 32380;
12903 : 32380;
12904 : 32445;
12905 : 25943;
12906 : 6437;
12907 : 40114;
12908 : 44373;
12909 : 44373;
12910 : 46486;
12911 : 54905;
12912 : 63390;
12913 : 65535;
12914 : 65535;
12915 : 65535;
12916 : 65535;
12917 : 65535;
12918 : 65535;
12919 : 65535;
12920 : 65535;
12921 : 65535;
12922 : 65535;
12923 : 65535;
12924 : 65535;
12925 : 65535;
12926 : 65535;
12927 : 65535;
12928 : 63390;
12929 : 25422;
12930 : 17264;
12931 : 13038;
12932 : 13070;
12933 : 13005;
12934 : 10859;
12935 : 32412;
12936 : 32380;
12937 : 32380;
12938 : 32380;
12939 : 32380;
12940 : 32380;
12941 : 32380;
12942 : 32380;
12943 : 32412;
12944 : 28023;
12945 : 19375;
12946 : 19408;
12947 : 23667;
12948 : 27958;
12949 : 30234;
12950 : 32444;
12951 : 32412;
12952 : 32380;
12953 : 32380;
12954 : 32380;
12955 : 32380;
12956 : 32380;
12957 : 32380;
12958 : 32380;
12959 : 32380;
12960 : 32380;
12961 : 32380;
12962 : 32380;
12963 : 32380;
12964 : 32380;
12965 : 32380;
12966 : 32380;
12967 : 32380;
12968 : 32380;
12969 : 34493;
12970 : 25942;
12971 : 10826;
12972 : 17262;
12973 : 12939;
12974 : 10825;
12975 : 10728;
12976 : 13004;
12977 : 10858;
12978 : 10892;
12979 : 13103;
12980 : 13038;
12981 : 13070;
12982 : 13006;
12983 : 8714;
12984 : 8713;
12985 : 17263;
12986 : 25813;
12987 : 27958;
12988 : 25878;
12989 : 25878;
12990 : 25878;
12991 : 25878;
12992 : 25878;
12993 : 25845;
12994 : 25878;
12995 : 25878;
12996 : 25878;
12997 : 25878;
12998 : 25878;
12999 : 25878;
13000 : 25845;
13001 : 25878;
13002 : 25910;
13003 : 21619;
13004 : 17230;
13005 : 23406;
13006 : 42260;
13007 : 59163;
13008 : 65535;
13009 : 65535;
13010 : 65535;
13011 : 65535;
13012 : 65535;
13013 : 65535;
13014 : 65535;
13015 : 65535;
13016 : 65535;
13017 : 65535;
13018 : 29647;
13019 : 28154;
13020 : 32380;
13021 : 32380;
13022 : 32380;
13023 : 32380;
13024 : 32380;
13025 : 32380;
13026 : 32380;
13027 : 32380;
13028 : 32380;
13029 : 32380;
13030 : 32380;
13031 : 32380;
13032 : 32380;
13033 : 32413;
13034 : 25975;
13035 : 29712;
13036 : 65503;
13037 : 65535;
13038 : 65535;
13039 : 65535;
13040 : 65535;
13041 : 65535;
13042 : 65535;
13043 : 65535;
13044 : 65535;
13045 : 65535;
13046 : 65535;
13047 : 65535;
13048 : 65535;
13049 : 65535;
13050 : 65535;
13051 : 65535;
13052 : 65535;
13053 : 65535;
13054 : 65535;
13055 : 65535;
13056 : 65535;
13057 : 50712;
13058 : 15052;
13059 : 15183;
13060 : 13070;
13061 : 10925;
13062 : 12939;
13063 : 32412;
13064 : 32380;
13065 : 32380;
13066 : 32380;
13067 : 32380;
13068 : 32380;
13069 : 32380;
13070 : 32380;
13071 : 32380;
13072 : 32412;
13073 : 30266;
13074 : 23797;
13075 : 19473;
13076 : 17262;
13077 : 17262;
13078 : 23764;
13079 : 28088;
13080 : 30266;
13081 : 32380;
13082 : 32412;
13083 : 32444;
13084 : 32444;
13085 : 32444;
13086 : 32412;
13087 : 32413;
13088 : 32444;
13089 : 32444;
13090 : 32413;
13091 : 32444;
13092 : 32444;
13093 : 32444;
13094 : 32412;
13095 : 32347;
13096 : 30201;
13097 : 25975;
13098 : 17197;
13099 : 21425;
13100 : 8779;
13101 : 6600;
13102 : 8649;
13103 : 8713;
13104 : 8746;
13105 : 13005;
13106 : 13071;
13107 : 13070;
13108 : 13038;
13109 : 8746;
13110 : 10794;
13111 : 19441;
13112 : 27991;
13113 : 27990;
13114 : 25878;
13115 : 25878;
13116 : 25878;
13117 : 25845;
13118 : 25845;
13119 : 25878;
13120 : 25878;
13121 : 25878;
13122 : 25878;
13123 : 25845;
13124 : 25845;
13125 : 25878;
13126 : 25878;
13127 : 25878;
13128 : 25910;
13129 : 21587;
13130 : 15052;
13131 : 27567;
13132 : 50712;
13133 : 65503;
13134 : 65535;
13135 : 65535;
13136 : 65535;
13137 : 65535;
13138 : 65535;
13139 : 65535;
13140 : 65535;
13141 : 65535;
13142 : 65535;
13143 : 65535;
13144 : 65535;
13145 : 65535;
13146 : 29647;
13147 : 28121;
13148 : 32412;
13149 : 32380;
13150 : 32380;
13151 : 32380;
13152 : 32380;
13153 : 32380;
13154 : 32380;
13155 : 32380;
13156 : 32380;
13157 : 32380;
13158 : 32380;
13159 : 32380;
13160 : 32380;
13161 : 32380;
13162 : 32412;
13163 : 23895;
13164 : 29712;
13165 : 65503;
13166 : 65535;
13167 : 65535;
13168 : 65535;
13169 : 65535;
13170 : 65535;
13171 : 65535;
13172 : 65535;
13173 : 65535;
13174 : 65535;
13175 : 65535;
13176 : 65535;
13177 : 65535;
13178 : 65535;
13179 : 65535;
13180 : 65535;
13181 : 65535;
13182 : 65535;
13183 : 65535;
13184 : 65535;
13185 : 65470;
13186 : 17002;
13187 : 15183;
13188 : 13070;
13189 : 10892;
13190 : 12972;
13191 : 32444;
13192 : 32380;
13193 : 32380;
13194 : 32380;
13195 : 32380;
13196 : 32380;
13197 : 32380;
13198 : 32380;
13199 : 32380;
13200 : 32380;
13201 : 32380;
13202 : 32412;
13203 : 32444;
13204 : 32379;
13205 : 28056;
13206 : 23700;
13207 : 19408;
13208 : 17295;
13209 : 17263;
13210 : 19408;
13211 : 19473;
13212 : 21619;
13213 : 23700;
13214 : 23764;
13215 : 21651;
13216 : 21619;
13217 : 21651;
13218 : 21619;
13219 : 21619;
13220 : 19473;
13221 : 19408;
13222 : 19441;
13223 : 19408;
13224 : 19473;
13225 : 21651;
13226 : 12907;
13227 : 17297;
13228 : 13070;
13229 : 13103;
13230 : 13103;
13231 : 13103;
13232 : 13103;
13233 : 13071;
13234 : 13070;
13235 : 10827;
13236 : 8681;
13237 : 19409;
13238 : 28056;
13239 : 30136;
13240 : 27958;
13241 : 27926;
13242 : 25878;
13243 : 25878;
13244 : 25878;
13245 : 25877;
13246 : 25878;
13247 : 25878;
13248 : 25878;
13249 : 25878;
13250 : 25878;
13251 : 25878;
13252 : 25878;
13253 : 25878;
13254 : 27958;
13255 : 23667;
13256 : 15052;
13257 : 6404;
13258 : 35920;
13259 : 65535;
13260 : 65535;
13261 : 65535;
13262 : 65535;
13263 : 65535;
13264 : 65535;
13265 : 65535;
13266 : 65535;
13267 : 65535;
13268 : 65535;
13269 : 65535;
13270 : 65535;
13271 : 65535;
13272 : 65535;
13273 : 65535;
13274 : 31760;
13275 : 25975;
13276 : 32412;
13277 : 32380;
13278 : 32380;
13279 : 32380;
13280 : 32380;
13281 : 32380;
13282 : 32380;
13283 : 32380;
13284 : 32380;
13285 : 32380;
13286 : 32380;
13287 : 32380;
13288 : 32380;
13289 : 32380;
13290 : 32380;
13291 : 32445;
13292 : 21652;
13293 : 40147;
13294 : 65535;
13295 : 65535;
13296 : 65535;
13297 : 65535;
13298 : 65535;
13299 : 65535;
13300 : 65535;
13301 : 65535;
13302 : 65535;
13303 : 65535;
13304 : 65535;
13305 : 65535;
13306 : 65535;
13307 : 65535;
13308 : 65535;
13309 : 65535;
13310 : 65535;
13311 : 65535;
13312 : 65535;
13313 : 65535;
13314 : 23308;
13315 : 13070;
13316 : 13071;
13317 : 10925;
13318 : 12939;
13319 : 32412;
13320 : 32380;
13321 : 32380;
13322 : 32380;
13323 : 32380;
13324 : 32380;
13325 : 32380;
13326 : 32380;
13327 : 32380;
13328 : 32380;
13329 : 32380;
13330 : 32380;
13331 : 32380;
13332 : 32380;
13333 : 32380;
13334 : 32412;
13335 : 32444;
13336 : 32412;
13337 : 30267;
13338 : 30201;
13339 : 28088;
13340 : 25910;
13341 : 23700;
13342 : 21652;
13343 : 21652;
13344 : 23733;
13345 : 23765;
13346 : 23798;
13347 : 25943;
13348 : 25975;
13349 : 28056;
13350 : 30202;
13351 : 32380;
13352 : 32445;
13353 : 19473;
13354 : 8812;
13355 : 13071;
13356 : 13070;
13357 : 13070;
13358 : 13070;
13359 : 13070;
13360 : 13103;
13361 : 10924;
13362 : 8681;
13363 : 17263;
13364 : 28089;
13365 : 30234;
13366 : 28056;
13367 : 27958;
13368 : 27926;
13369 : 27958;
13370 : 27926;
13371 : 27926;
13372 : 27926;
13373 : 25878;
13374 : 25878;
13375 : 25878;
13376 : 25845;
13377 : 25878;
13378 : 25878;
13379 : 25878;
13380 : 25910;
13381 : 25845;
13382 : 15117;
13383 : 10794;
13384 : 17264;
13385 : 19180;
13386 : 65503;
13387 : 65535;
13388 : 65535;
13389 : 65535;
13390 : 65535;
13391 : 65535;
13392 : 65535;
13393 : 65535;
13394 : 65535;
13395 : 65535;
13396 : 65535;
13397 : 65535;
13398 : 65535;
13399 : 65535;
13400 : 65535;
13401 : 65535;
13402 : 40179;
13403 : 23765;
13404 : 32412;
13405 : 32380;
13406 : 32380;
13407 : 32380;
13408 : 32380;
13409 : 32380;
13410 : 32380;
13411 : 32380;
13412 : 32380;
13413 : 32380;
13414 : 32380;
13415 : 32380;
13416 : 32380;
13417 : 32380;
13418 : 32380;
13419 : 32380;
13420 : 32412;
13421 : 19375;
13422 : 52824;
13423 : 65535;
13424 : 65535;
13425 : 65535;
13426 : 65535;
13427 : 65535;
13428 : 65535;
13429 : 65535;
13430 : 65535;
13431 : 65535;
13432 : 65535;
13433 : 65535;
13434 : 65535;
13435 : 65535;
13436 : 65535;
13437 : 65535;
13438 : 65535;
13439 : 65535;
13440 : 65535;
13441 : 65535;
13442 : 23276;
13443 : 13038;
13444 : 13071;
13445 : 13038;
13446 : 8713;
13447 : 30234;
13448 : 32380;
13449 : 32347;
13450 : 30299;
13451 : 32348;
13452 : 32380;
13453 : 32380;
13454 : 32380;
13455 : 32380;
13456 : 32380;
13457 : 32380;
13458 : 32348;
13459 : 30299;
13460 : 30299;
13461 : 30299;
13462 : 30299;
13463 : 32380;
13464 : 32380;
13465 : 32380;
13466 : 32412;
13467 : 32412;
13468 : 32412;
13469 : 32412;
13470 : 32380;
13471 : 32380;
13472 : 32380;
13473 : 32413;
13474 : 25943;
13475 : 28056;
13476 : 32380;
13477 : 32412;
13478 : 32380;
13479 : 25976;
13480 : 13037;
13481 : 8713;
13482 : 13071;
13483 : 13070;
13484 : 13070;
13485 : 13070;
13486 : 13103;
13487 : 10925;
13488 : 8681;
13489 : 13004;
13490 : 25943;
13491 : 32380;
13492 : 30202;
13493 : 28023;
13494 : 27958;
13495 : 27926;
13496 : 27958;
13497 : 27958;
13498 : 27958;
13499 : 27958;
13500 : 27958;
13501 : 27926;
13502 : 25878;
13503 : 25878;
13504 : 25878;
13505 : 25878;
13506 : 25878;
13507 : 25910;
13508 : 21521;
13509 : 12939;
13510 : 17231;
13511 : 23636;
13512 : 21522;
13513 : 25454;
13514 : 65535;
13515 : 65535;
13516 : 65535;
13517 : 65535;
13518 : 65535;
13519 : 65535;
13520 : 65535;
13521 : 65535;
13522 : 65535;
13523 : 65535;
13524 : 65535;
13525 : 65535;
13526 : 65535;
13527 : 65535;
13528 : 65535;
13529 : 65535;
13530 : 48631;
13531 : 19473;
13532 : 32445;
13533 : 32347;
13534 : 32347;
13535 : 30299;
13536 : 30299;
13537 : 30332;
13538 : 32380;
13539 : 32380;
13540 : 32380;
13541 : 32380;
13542 : 32380;
13543 : 32380;
13544 : 32380;
13545 : 32380;
13546 : 32380;
13547 : 32380;
13548 : 32412;
13549 : 28153;
13550 : 21260;
13551 : 63422;
13552 : 65535;
13553 : 65535;
13554 : 65535;
13555 : 65535;
13556 : 65535;
13557 : 65535;
13558 : 65535;
13559 : 65535;
13560 : 65535;
13561 : 65535;
13562 : 65535;
13563 : 65535;
13564 : 65535;
13565 : 65535;
13566 : 65535;
13567 : 65535;
13568 : 65535;
13569 : 65535;
13570 : 19082;
13571 : 10925;
13572 : 13071;
13573 : 13071;
13574 : 8714;
13575 : 23732;
13576 : 32380;
13577 : 30300;
13578 : 30300;
13579 : 30299;
13580 : 32347;
13581 : 32380;
13582 : 32380;
13583 : 32380;
13584 : 32380;
13585 : 32347;
13586 : 30299;
13587 : 30299;
13588 : 30299;
13589 : 30299;
13590 : 32348;
13591 : 32380;
13592 : 32380;
13593 : 32412;
13594 : 32412;
13595 : 32380;
13596 : 32380;
13597 : 32347;
13598 : 30299;
13599 : 30299;
13600 : 32380;
13601 : 25975;
13602 : 10793;
13603 : 8680;
13604 : 12972;
13605 : 17263;
13606 : 13004;
13607 : 8681;
13608 : 10859;
13609 : 13071;
13610 : 13038;
13611 : 13070;
13612 : 13071;
13613 : 10925;
13614 : 8713;
13615 : 12972;
13616 : 23829;
13617 : 32412;
13618 : 32380;
13619 : 30201;
13620 : 28055;
13621 : 27958;
13622 : 27958;
13623 : 27958;
13624 : 27958;
13625 : 27958;
13626 : 27958;
13627 : 27958;
13628 : 27958;
13629 : 27958;
13630 : 27958;
13631 : 27926;
13632 : 25878;
13633 : 27958;
13634 : 25845;
13635 : 15117;
13636 : 15020;
13637 : 21522;
13638 : 23668;
13639 : 23668;
13640 : 17231;
13641 : 35921;
13642 : 65535;
13643 : 65535;
13644 : 65535;
13645 : 65535;
13646 : 65535;
13647 : 65535;
13648 : 65535;
13649 : 65535;
13650 : 65535;
13651 : 65535;
13652 : 65535;
13653 : 65535;
13654 : 65535;
13655 : 65535;
13656 : 65535;
13657 : 65535;
13658 : 59163;
13659 : 17165;
13660 : 30332;
13661 : 30299;
13662 : 30299;
13663 : 30299;
13664 : 32347;
13665 : 32380;
13666 : 32380;
13667 : 32380;
13668 : 32380;
13669 : 32380;
13670 : 32380;
13671 : 32380;
13672 : 32380;
13673 : 32380;
13674 : 32380;
13675 : 32348;
13676 : 32347;
13677 : 32413;
13678 : 19506;
13679 : 38034;
13680 : 65535;
13681 : 65535;
13682 : 65535;
13683 : 65535;
13684 : 65535;
13685 : 65535;
13686 : 65535;
13687 : 65535;
13688 : 65535;
13689 : 65535;
13690 : 65535;
13691 : 65535;
13692 : 65535;
13693 : 65535;
13694 : 65535;
13695 : 65535;
13696 : 65535;
13697 : 65535;
13698 : 27534;
13699 : 8713;
13700 : 8747;
13701 : 13038;
13702 : 10893;
13703 : 12972;
13704 : 32380;
13705 : 30267;
13706 : 30267;
13707 : 32380;
13708 : 32348;
13709 : 32380;
13710 : 32380;
13711 : 32380;
13712 : 32412;
13713 : 32413;
13714 : 32348;
13715 : 32347;
13716 : 32348;
13717 : 32380;
13718 : 32380;
13719 : 32380;
13720 : 32412;
13721 : 28121;
13722 : 25975;
13723 : 32379;
13724 : 32413;
13725 : 32412;
13726 : 32380;
13727 : 32380;
13728 : 25975;
13729 : 15084;
13730 : 19410;
13731 : 13071;
13732 : 10957;
13733 : 10925;
13734 : 10957;
13735 : 13070;
13736 : 13071;
13737 : 13038;
13738 : 13070;
13739 : 10892;
13740 : 8681;
13741 : 13004;
13742 : 23797;
13743 : 32380;
13744 : 32412;
13745 : 30267;
13746 : 30169;
13747 : 28023;
13748 : 27958;
13749 : 27958;
13750 : 27958;
13751 : 27958;
13752 : 27958;
13753 : 27958;
13754 : 25910;
13755 : 27958;
13756 : 27990;
13757 : 27990;
13758 : 27990;
13759 : 27990;
13760 : 27991;
13761 : 21489;
13762 : 12939;
13763 : 19311;
13764 : 23668;
13765 : 23635;
13766 : 23635;
13767 : 23668;
13768 : 12972;
13769 : 50711;
13770 : 65535;
13771 : 65535;
13772 : 65535;
13773 : 65535;
13774 : 65535;
13775 : 65535;
13776 : 65535;
13777 : 65535;
13778 : 65535;
13779 : 65535;
13780 : 65535;
13781 : 65535;
13782 : 65535;
13783 : 65535;
13784 : 65535;
13785 : 65535;
13786 : 65503;
13787 : 21228;
13788 : 26008;
13789 : 32380;
13790 : 32348;
13791 : 32380;
13792 : 32380;
13793 : 32380;
13794 : 32380;
13795 : 32380;
13796 : 32380;
13797 : 32380;
13798 : 32380;
13799 : 32380;
13800 : 32380;
13801 : 32348;
13802 : 30299;
13803 : 30299;
13804 : 30299;
13805 : 30299;
13806 : 30267;
13807 : 15019;
13808 : 59196;
13809 : 65535;
13810 : 65535;
13811 : 65535;
13812 : 65535;
13813 : 65535;
13814 : 65535;
13815 : 65535;
13816 : 65535;
13817 : 65535;
13818 : 65535;
13819 : 65535;
13820 : 65535;
13821 : 65535;
13822 : 65535;
13823 : 65535;
13824 : 65535;
13825 : 65503;
13826 : 25552;
13827 : 28154;
13828 : 21619;
13829 : 10794;
13830 : 13006;
13831 : 8714;
13832 : 21652;
13833 : 19376;
13834 : 12907;
13835 : 28121;
13836 : 34493;
13837 : 32412;
13838 : 32412;
13839 : 32445;
13840 : 25910;
13841 : 23699;
13842 : 32412;
13843 : 32412;
13844 : 32380;
13845 : 32380;
13846 : 32380;
13847 : 32412;
13848 : 32379;
13849 : 15085;
13850 : 8713;
13851 : 10826;
13852 : 17263;
13853 : 19474;
13854 : 17328;
13855 : 13004;
13856 : 8746;
13857 : 15151;
13858 : 13071;
13859 : 13070;
13860 : 13070;
13861 : 13070;
13862 : 13070;
13863 : 13071;
13864 : 13038;
13865 : 10827;
13866 : 8649;
13867 : 13004;
13868 : 23830;
13869 : 32412;
13870 : 32412;
13871 : 30300;
13872 : 30267;
13873 : 28121;
13874 : 28023;
13875 : 25878;
13876 : 25877;
13877 : 27926;
13878 : 25878;
13879 : 25910;
13880 : 25910;
13881 : 25910;
13882 : 25910;
13883 : 27958;
13884 : 28023;
13885 : 28023;
13886 : 28056;
13887 : 25877;
13888 : 12906;
13889 : 12874;
13890 : 21554;
13891 : 23668;
13892 : 23635;
13893 : 23635;
13894 : 23635;
13895 : 23635;
13896 : 14954;
13897 : 61277;
13898 : 65535;
13899 : 65535;
13900 : 65535;
13901 : 65535;
13902 : 65535;
13903 : 65535;
13904 : 65535;
13905 : 65535;
13906 : 65535;
13907 : 65535;
13908 : 65535;
13909 : 65535;
13910 : 65535;
13911 : 65535;
13912 : 65535;
13913 : 65535;
13914 : 65535;
13915 : 40147;
13916 : 17327;
13917 : 32412;
13918 : 32380;
13919 : 32380;
13920 : 32380;
13921 : 32380;
13922 : 32380;
13923 : 32380;
13924 : 32380;
13925 : 32380;
13926 : 32380;
13927 : 32348;
13928 : 30299;
13929 : 30299;
13930 : 30300;
13931 : 30300;
13932 : 30299;
13933 : 30267;
13934 : 30300;
13935 : 17361;
13936 : 35921;
13937 : 65535;
13938 : 65535;
13939 : 65535;
13940 : 65535;
13941 : 65535;
13942 : 65535;
13943 : 65535;
13944 : 65535;
13945 : 65535;
13946 : 65535;
13947 : 65535;
13948 : 65535;
13949 : 65535;
13950 : 65535;
13951 : 65535;
13952 : 65535;
13953 : 65502;
13954 : 25585;
13955 : 30300;
13956 : 32380;
13957 : 28024;
13958 : 10827;
13959 : 6568;
13960 : 4292;
13961 : 8713;
13962 : 13005;
13963 : 8713;
13964 : 21586;
13965 : 30201;
13966 : 30234;
13967 : 23699;
13968 : 17133;
13969 : 10762;
13970 : 13036;
13971 : 30234;
13972 : 34493;
13973 : 32412;
13974 : 32412;
13975 : 32445;
13976 : 19441;
13977 : 17231;
13978 : 15216;
13979 : 10957;
13980 : 8779;
13981 : 8714;
13982 : 8779;
13983 : 10925;
13984 : 13071;
13985 : 13038;
13986 : 13038;
13987 : 13038;
13988 : 13071;
13989 : 15151;
13990 : 15118;
13991 : 10827;
13992 : 10761;
13993 : 17295;
13994 : 28055;
13995 : 32412;
13996 : 32412;
13997 : 32380;
13998 : 30300;
13999 : 30267;
14000 : 28121;
14001 : 28023;
14002 : 25910;
14003 : 25878;
14004 : 25878;
14005 : 25910;
14006 : 25910;
14007 : 25910;
14008 : 25878;
14009 : 25911;
14010 : 27959;
14011 : 27991;
14012 : 28023;
14013 : 28023;
14014 : 19408;
14015 : 12939;
14016 : 12874;
14017 : 19344;
14018 : 23668;
14019 : 23635;
14020 : 23635;
14021 : 23635;
14022 : 23668;
14023 : 19376;
14024 : 27501;
14025 : 65535;
14026 : 65535;
14027 : 65535;
14028 : 65535;
14029 : 65535;
14030 : 65535;
14031 : 65535;
14032 : 65535;
14033 : 65535;
14034 : 65535;
14035 : 65535;
14036 : 65535;
14037 : 65535;
14038 : 65535;
14039 : 65535;
14040 : 65535;
14041 : 65535;
14042 : 65535;
14043 : 61309;
14044 : 17034;
14045 : 28023;
14046 : 32347;
14047 : 32380;
14048 : 32380;
14049 : 32380;
14050 : 32380;
14051 : 32380;
14052 : 32380;
14053 : 32380;
14054 : 30299;
14055 : 30299;
14056 : 30267;
14057 : 30235;
14058 : 30234;
14059 : 30202;
14060 : 28121;
14061 : 28056;
14062 : 28056;
14063 : 25942;
14064 : 17002;
14065 : 63390;
14066 : 65535;
14067 : 65535;
14068 : 65535;
14069 : 65535;
14070 : 65535;
14071 : 65535;
14072 : 65535;
14073 : 65535;
14074 : 65535;
14075 : 65535;
14076 : 65535;
14077 : 65535;
14078 : 65535;
14079 : 65535;
14080 : 65535;
14081 : 63390;
14082 : 25649;
14083 : 30300;
14084 : 30299;
14085 : 32380;
14086 : 28056;
14087 : 10858;
14088 : 8681;
14089 : 13038;
14090 : 13103;
14091 : 13038;
14092 : 10827;
14093 : 10827;
14094 : 10891;
14095 : 15117;
14096 : 19377;
14097 : 13103;
14098 : 10859;
14099 : 10794;
14100 : 19408;
14101 : 25942;
14102 : 25943;
14103 : 17327;
14104 : 15053;
14105 : 15216;
14106 : 13070;
14107 : 13070;
14108 : 13070;
14109 : 13071;
14110 : 13071;
14111 : 13070;
14112 : 13038;
14113 : 13071;
14114 : 13071;
14115 : 13038;
14116 : 13005;
14117 : 12907;
14118 : 12906;
14119 : 21554;
14120 : 30234;
14121 : 34493;
14122 : 32412;
14123 : 32380;
14124 : 32380;
14125 : 32380;
14126 : 32347;
14127 : 30202;
14128 : 28056;
14129 : 25910;
14130 : 25910;
14131 : 27958;
14132 : 27959;
14133 : 27991;
14134 : 27959;
14135 : 27959;
14136 : 25911;
14137 : 27959;
14138 : 27991;
14139 : 28023;
14140 : 23764;
14141 : 12971;
14142 : 15052;
14143 : 23668;
14144 : 17198;
14145 : 19376;
14146 : 23668;
14147 : 23635;
14148 : 23635;
14149 : 23635;
14150 : 23668;
14151 : 15085;
14152 : 42260;
14153 : 65535;
14154 : 65535;
14155 : 65535;
14156 : 65535;
14157 : 65535;
14158 : 65535;
14159 : 65535;
14160 : 65535;
14161 : 65535;
14162 : 65535;
14163 : 65535;
14164 : 65535;
14165 : 65535;
14166 : 65535;
14167 : 65535;
14168 : 65535;
14169 : 65535;
14170 : 65535;
14171 : 65535;
14172 : 40179;
14173 : 17230;
14174 : 28056;
14175 : 30169;
14176 : 30234;
14177 : 30266;
14178 : 30234;
14179 : 30234;
14180 : 30233;
14181 : 30201;
14182 : 30169;
14183 : 28088;
14184 : 28088;
14185 : 28056;
14186 : 28056;
14187 : 28023;
14188 : 27991;
14189 : 27958;
14190 : 27958;
14191 : 27990;
14192 : 15084;
14193 : 44373;
14194 : 65535;
14195 : 65535;
14196 : 65535;
14197 : 65535;
14198 : 65535;
14199 : 65535;
14200 : 65535;
14201 : 65535;
14202 : 65535;
14203 : 65535;
14204 : 65535;
14205 : 65535;
14206 : 65535;
14207 : 65535;
14208 : 65535;
14209 : 63389;
14210 : 23601;
14211 : 30332;
14212 : 30299;
14213 : 30299;
14214 : 32380;
14215 : 30299;
14216 : 19506;
14217 : 10826;
14218 : 10859;
14219 : 13038;
14220 : 13103;
14221 : 13103;
14222 : 13071;
14223 : 13071;
14224 : 13038;
14225 : 13070;
14226 : 13071;
14227 : 13038;
14228 : 10892;
14229 : 10859;
14230 : 8778;
14231 : 10892;
14232 : 13103;
14233 : 13070;
14234 : 13070;
14235 : 13070;
14236 : 13070;
14237 : 13071;
14238 : 13038;
14239 : 13006;
14240 : 10892;
14241 : 8747;
14242 : 10859;
14243 : 17230;
14244 : 21619;
14245 : 28056;
14246 : 32347;
14247 : 32445;
14248 : 32412;
14249 : 32380;
14250 : 32380;
14251 : 32380;
14252 : 32380;
14253 : 32347;
14254 : 30234;
14255 : 28088;
14256 : 27991;
14257 : 27991;
14258 : 27991;
14259 : 28023;
14260 : 27991;
14261 : 27991;
14262 : 27991;
14263 : 27991;
14264 : 27991;
14265 : 27991;
14266 : 28023;
14267 : 21522;
14268 : 12874;
14269 : 19377;
14270 : 23668;
14271 : 23668;
14272 : 15085;
14273 : 19376;
14274 : 23668;
14275 : 23635;
14276 : 23635;
14277 : 23635;
14278 : 23668;
14279 : 14987;
14280 : 52792;
14281 : 65535;
14282 : 65535;
14283 : 65535;
14284 : 65535;
14285 : 65535;
14286 : 65535;
14287 : 65535;
14288 : 65535;
14289 : 65535;
14290 : 65535;
14291 : 65535;
14292 : 65535;
14293 : 65535;
14294 : 65535;
14295 : 65535;
14296 : 65535;
14297 : 65535;
14298 : 65535;
14299 : 65535;
14300 : 65470;
14301 : 25453;
14302 : 21586;
14303 : 27990;
14304 : 27990;
14305 : 27990;
14306 : 27990;
14307 : 27990;
14308 : 27990;
14309 : 28023;
14310 : 28023;
14311 : 28023;
14312 : 28023;
14313 : 28023;
14314 : 28023;
14315 : 28023;
14316 : 27991;
14317 : 27990;
14318 : 27990;
14319 : 27990;
14320 : 21553;
14321 : 25421;
14322 : 65535;
14323 : 65535;
14324 : 65535;
14325 : 65535;
14326 : 65535;
14327 : 65535;
14328 : 65535;
14329 : 65535;
14330 : 65535;
14331 : 65535;
14332 : 65535;
14333 : 65535;
14334 : 65535;
14335 : 65535;
14336 : 65535;
14337 : 63390;
14338 : 25649;
14339 : 30332;
14340 : 30299;
14341 : 30299;
14342 : 30299;
14343 : 32348;
14344 : 32412;
14345 : 30234;
14346 : 19473;
14347 : 13004;
14348 : 8746;
14349 : 8779;
14350 : 10925;
14351 : 13038;
14352 : 13071;
14353 : 13103;
14354 : 13071;
14355 : 13071;
14356 : 13103;
14357 : 13103;
14358 : 13103;
14359 : 13103;
14360 : 13071;
14361 : 13038;
14362 : 13005;
14363 : 10892;
14364 : 8746;
14365 : 8681;
14366 : 8648;
14367 : 10794;
14368 : 15150;
14369 : 21587;
14370 : 28088;
14371 : 32412;
14372 : 32444;
14373 : 32412;
14374 : 32380;
14375 : 32380;
14376 : 32380;
14377 : 32380;
14378 : 32380;
14379 : 32380;
14380 : 32347;
14381 : 30201;
14382 : 28088;
14383 : 28023;
14384 : 27991;
14385 : 27991;
14386 : 28023;
14387 : 28023;
14388 : 28023;
14389 : 27991;
14390 : 27991;
14391 : 27991;
14392 : 27991;
14393 : 28023;
14394 : 17295;
14395 : 12874;
14396 : 23571;
14397 : 23668;
14398 : 23635;
14399 : 23668;
14400 : 15085;
14401 : 19376;
14402 : 23668;
14403 : 23635;
14404 : 23635;
14405 : 23635;
14406 : 23668;
14407 : 14954;
14408 : 59164;
14409 : 65535;
14410 : 65535;
14411 : 65535;
14412 : 65535;
14413 : 65535;
14414 : 65535;
14415 : 65535;
14416 : 65535;
14417 : 65535;
14418 : 65535;
14419 : 65535;
14420 : 65535;
14421 : 65535;
14422 : 65535;
14423 : 65535;
14424 : 65535;
14425 : 65535;
14426 : 65535;
14427 : 65535;
14428 : 65535;
14429 : 61244;
14430 : 19147;
14431 : 23764;
14432 : 27958;
14433 : 27926;
14434 : 27958;
14435 : 27958;
14436 : 27990;
14437 : 28023;
14438 : 28023;
14439 : 28023;
14440 : 28023;
14441 : 28023;
14442 : 28023;
14443 : 28023;
14444 : 28023;
14445 : 28023;
14446 : 27991;
14447 : 27990;
14448 : 25845;
14449 : 14856;
14450 : 63390;
14451 : 65535;
14452 : 65535;
14453 : 65535;
14454 : 65535;
14455 : 65535;
14456 : 65535;
14457 : 65535;
14458 : 65535;
14459 : 65535;
14460 : 65535;
14461 : 65535;
14462 : 65535;
14463 : 65535;
14464 : 65535;
14465 : 65503;
14466 : 27730;
14467 : 30332;
14468 : 32380;
14469 : 32380;
14470 : 32380;
14471 : 32380;
14472 : 32380;
14473 : 32380;
14474 : 32445;
14475 : 32380;
14476 : 28088;
14477 : 21586;
14478 : 13036;
14479 : 8713;
14480 : 6568;
14481 : 8648;
14482 : 8746;
14483 : 10827;
14484 : 10827;
14485 : 8746;
14486 : 8746;
14487 : 8713;
14488 : 8680;
14489 : 10793;
14490 : 12939;
14491 : 15149;
14492 : 19473;
14493 : 25878;
14494 : 28121;
14495 : 32347;
14496 : 32444;
14497 : 32444;
14498 : 32412;
14499 : 32380;
14500 : 32380;
14501 : 32380;
14502 : 32380;
14503 : 34460;
14504 : 32380;
14505 : 32380;
14506 : 32380;
14507 : 30267;
14508 : 30201;
14509 : 28056;
14510 : 27991;
14511 : 27991;
14512 : 27991;
14513 : 27991;
14514 : 27991;
14515 : 27991;
14516 : 28023;
14517 : 28023;
14518 : 28023;
14519 : 28023;
14520 : 28023;
14521 : 15149;
14522 : 15053;
14523 : 23635;
14524 : 23635;
14525 : 23635;
14526 : 23635;
14527 : 23668;
14528 : 15020;
14529 : 19377;
14530 : 23635;
14531 : 23635;
14532 : 23635;
14533 : 23635;
14534 : 21522;
14535 : 19082;
14536 : 65503;
14537 : 65535;
14538 : 65535;
14539 : 65535;
14540 : 65535;
14541 : 65535;
14542 : 65535;
14543 : 65535;
14544 : 65535;
14545 : 65535;
14546 : 65535;
14547 : 65535;
14548 : 65535;
14549 : 65535;
14550 : 65535;
14551 : 65535;
14552 : 65535;
14553 : 65535;
14554 : 65535;
14555 : 65535;
14556 : 65535;
14557 : 65535;
14558 : 54905;
14559 : 17067;
14560 : 23764;
14561 : 27990;
14562 : 27958;
14563 : 27990;
14564 : 27991;
14565 : 28023;
14566 : 28023;
14567 : 28023;
14568 : 28023;
14569 : 28023;
14570 : 28023;
14571 : 28023;
14572 : 28023;
14573 : 28023;
14574 : 28023;
14575 : 27991;
14576 : 28023;
14577 : 10793;
14578 : 52825;
14579 : 65535;
14580 : 65535;
14581 : 65535;
14582 : 65535;
14583 : 65535;
14584 : 65535;
14585 : 65535;
14586 : 65535;
14587 : 65535;
14588 : 65535;
14589 : 65535;
14590 : 65535;
14591 : 65535;
14592 : 65535;
14593 : 65535;
14594 : 31825;
14595 : 30266;
14596 : 32380;
14597 : 32380;
14598 : 32380;
14599 : 32380;
14600 : 32380;
14601 : 32380;
14602 : 32380;
14603 : 32380;
14604 : 32412;
14605 : 32444;
14606 : 32412;
14607 : 32347;
14608 : 28121;
14609 : 25943;
14610 : 25910;
14611 : 25878;
14612 : 23764;
14613 : 25910;
14614 : 28024;
14615 : 26008;
14616 : 28088;
14617 : 30267;
14618 : 32412;
14619 : 32445;
14620 : 32445;
14621 : 32412;
14622 : 32412;
14623 : 32380;
14624 : 32380;
14625 : 32380;
14626 : 32380;
14627 : 32380;
14628 : 34460;
14629 : 34460;
14630 : 34428;
14631 : 32380;
14632 : 32380;
14633 : 32379;
14634 : 30234;
14635 : 30136;
14636 : 28023;
14637 : 27991;
14638 : 27991;
14639 : 27991;
14640 : 27991;
14641 : 27991;
14642 : 27991;
14643 : 27991;
14644 : 27991;
14645 : 28023;
14646 : 28055;
14647 : 28023;
14648 : 15117;
14649 : 17198;
14650 : 23668;
14651 : 23635;
14652 : 23635;
14653 : 23635;
14654 : 23635;
14655 : 23668;
14656 : 12939;
14657 : 19377;
14658 : 23668;
14659 : 23635;
14660 : 23635;
14661 : 23635;
14662 : 19377;
14663 : 29615;
14664 : 65535;
14665 : 65535;
14666 : 65535;
14667 : 65535;
14668 : 65535;
14669 : 65535;
14670 : 65535;
14671 : 65535;
14672 : 65535;
14673 : 65535;
14674 : 65535;
14675 : 65535;
14676 : 65535;
14677 : 65535;
14678 : 65535;
14679 : 65535;
14680 : 65535;
14681 : 65535;
14682 : 65535;
14683 : 65535;
14684 : 65535;
14685 : 65535;
14686 : 65535;
14687 : 52857;
14688 : 19147;
14689 : 23699;
14690 : 27990;
14691 : 27958;
14692 : 27991;
14693 : 28023;
14694 : 28023;
14695 : 28023;
14696 : 28023;
14697 : 28023;
14698 : 28023;
14699 : 28023;
14700 : 28023;
14701 : 28023;
14702 : 28023;
14703 : 28023;
14704 : 28055;
14705 : 15150;
14706 : 40147;
14707 : 65535;
14708 : 65535;
14709 : 65535;
14710 : 65535;
14711 : 65535;
14712 : 65535;
14713 : 65535;
14714 : 65535;
14715 : 65535;
14716 : 65535;
14717 : 65535;
14718 : 65535;
14719 : 65535;
14720 : 65535;
14721 : 65535;
14722 : 44405;
14723 : 23797;
14724 : 32412;
14725 : 32380;
14726 : 32380;
14727 : 32380;
14728 : 32380;
14729 : 32380;
14730 : 32380;
14731 : 32380;
14732 : 32380;
14733 : 32380;
14734 : 32380;
14735 : 32380;
14736 : 32380;
14737 : 32380;
14738 : 32380;
14739 : 32380;
14740 : 32380;
14741 : 32380;
14742 : 32380;
14743 : 32412;
14744 : 32412;
14745 : 32380;
14746 : 32380;
14747 : 32380;
14748 : 32380;
14749 : 32380;
14750 : 32380;
14751 : 32380;
14752 : 32380;
14753 : 34460;
14754 : 36508;
14755 : 36508;
14756 : 34460;
14757 : 32380;
14758 : 32380;
14759 : 32380;
14760 : 32347;
14761 : 30201;
14762 : 28056;
14763 : 27991;
14764 : 27991;
14765 : 27991;
14766 : 27991;
14767 : 27991;
14768 : 25943;
14769 : 27991;
14770 : 27991;
14771 : 27991;
14772 : 27991;
14773 : 28056;
14774 : 25877;
14775 : 12971;
14776 : 19311;
14777 : 23668;
14778 : 23635;
14779 : 23635;
14780 : 23635;
14781 : 23635;
14782 : 23635;
14783 : 23668;
14784 : 12939;
14785 : 21489;
14786 : 23635;
14787 : 23635;
14788 : 23635;
14789 : 23668;
14790 : 17296;
14791 : 35986;
14792 : 65535;
14793 : 65535;
14794 : 65535;
14795 : 65535;
14796 : 65535;
14797 : 65535;
14798 : 65535;
14799 : 65535;
14800 : 65535;
14801 : 65535;
14802 : 65535;
14803 : 65535;
14804 : 65535;
14805 : 65535;
14806 : 65535;
14807 : 65535;
14808 : 65535;
14809 : 65535;
14810 : 65535;
14811 : 65535;
14812 : 65535;
14813 : 65535;
14814 : 65535;
14815 : 65535;
14816 : 57083;
14817 : 23341;
14818 : 19440;
14819 : 25910;
14820 : 27991;
14821 : 27991;
14822 : 27991;
14823 : 28023;
14824 : 28023;
14825 : 28023;
14826 : 28023;
14827 : 28023;
14828 : 28023;
14829 : 28023;
14830 : 27991;
14831 : 27991;
14832 : 28023;
14833 : 21586;
14834 : 25421;
14835 : 65535;
14836 : 65535;
14837 : 65535;
14838 : 65535;
14839 : 65535;
14840 : 65535;
14841 : 65535;
14842 : 65535;
14843 : 65535;
14844 : 65535;
14845 : 65535;
14846 : 65535;
14847 : 65535;
14848 : 65535;
14849 : 65535;
14850 : 61276;
14851 : 19277;
14852 : 32380;
14853 : 32380;
14854 : 32380;
14855 : 32380;
14856 : 32380;
14857 : 32380;
14858 : 32380;
14859 : 32380;
14860 : 32380;
14861 : 32380;
14862 : 30300;
14863 : 30299;
14864 : 30299;
14865 : 30299;
14866 : 30299;
14867 : 30299;
14868 : 30299;
14869 : 32348;
14870 : 30300;
14871 : 32380;
14872 : 32380;
14873 : 32380;
14874 : 32380;
14875 : 32380;
14876 : 32380;
14877 : 34460;
14878 : 36508;
14879 : 36508;
14880 : 38588;
14881 : 36508;
14882 : 34460;
14883 : 32380;
14884 : 32380;
14885 : 32380;
14886 : 32347;
14887 : 30234;
14888 : 30168;
14889 : 28023;
14890 : 27958;
14891 : 27990;
14892 : 28023;
14893 : 27991;
14894 : 27991;
14895 : 27991;
14896 : 27991;
14897 : 25943;
14898 : 27991;
14899 : 27991;
14900 : 28056;
14901 : 21586;
14902 : 19147;
14903 : 12841;
14904 : 23668;
14905 : 23635;
14906 : 23635;
14907 : 23635;
14908 : 23635;
14909 : 23635;
14910 : 23635;
14911 : 23668;
14912 : 15020;
14913 : 19409;
14914 : 23668;
14915 : 23635;
14916 : 23635;
14917 : 23668;
14918 : 17296;
14919 : 35986;
14920 : 65535;
14921 : 65535;
14922 : 65535;
14923 : 65535;
14924 : 65535;
14925 : 65535;
14926 : 65535;
14927 : 65535;
14928 : 65535;
14929 : 65535;
14930 : 65535;
14931 : 65535;
14932 : 65535;
14933 : 65535;
14934 : 65535;
14935 : 65535;
14936 : 65535;
14937 : 65535;
14938 : 65535;
14939 : 65535;
14940 : 65535;
14941 : 65535;
14942 : 65535;
14943 : 65535;
14944 : 65535;
14945 : 63390;
14946 : 38066;
14947 : 19278;
14948 : 23732;
14949 : 27991;
14950 : 27991;
14951 : 27991;
14952 : 27991;
14953 : 28023;
14954 : 28023;
14955 : 28023;
14956 : 27991;
14957 : 25943;
14958 : 27991;
14959 : 27991;
14960 : 27991;
14961 : 25878;
14962 : 19115;
14963 : 65503;
14964 : 65535;
14965 : 65535;
14966 : 65535;
14967 : 65535;
14968 : 65535;
14969 : 65535;
14970 : 65535;
14971 : 65535;
14972 : 65535;
14973 : 65535;
14974 : 65535;
14975 : 65535;
14976 : 65535;
14977 : 65535;
14978 : 65535;
14979 : 44340;
14980 : 19441;
14981 : 34493;
14982 : 32380;
14983 : 32380;
14984 : 32380;
14985 : 32380;
14986 : 32380;
14987 : 32380;
14988 : 32380;
14989 : 34428;
14990 : 32347;
14991 : 32347;
14992 : 30299;
14993 : 30299;
14994 : 30299;
14995 : 32348;
14996 : 32380;
14997 : 32380;
14998 : 32380;
14999 : 32380;
15000 : 32380;
15001 : 34460;
15002 : 36508;
15003 : 38588;
15004 : 38588;
15005 : 38588;
15006 : 36508;
15007 : 34428;
15008 : 32348;
15009 : 30299;
15010 : 32380;
15011 : 32380;
15012 : 32379;
15013 : 30266;
15014 : 30169;
15015 : 28055;
15016 : 27990;
15017 : 27958;
15018 : 27958;
15019 : 27990;
15020 : 28023;
15021 : 28023;
15022 : 28023;
15023 : 27991;
15024 : 27991;
15025 : 27991;
15026 : 28023;
15027 : 25910;
15028 : 17262;
15029 : 31727;
15030 : 61309;
15031 : 25421;
15032 : 19442;
15033 : 23635;
15034 : 23635;
15035 : 23635;
15036 : 23635;
15037 : 23635;
15038 : 23635;
15039 : 23668;
15040 : 12939;
15041 : 19376;
15042 : 23668;
15043 : 23635;
15044 : 23635;
15045 : 23635;
15046 : 19344;
15047 : 35954;
15048 : 65535;
15049 : 65535;
15050 : 65535;
15051 : 65535;
15052 : 65535;
15053 : 65535;
15054 : 65535;
15055 : 65535;
15056 : 65535;
15057 : 65535;
15058 : 65535;
15059 : 65535;
15060 : 65535;
15061 : 65535;
15062 : 65535;
15063 : 65535;
15064 : 65535;
15065 : 65535;
15066 : 65535;
15067 : 65535;
15068 : 65535;
15069 : 65535;
15070 : 65535;
15071 : 65535;
15072 : 65535;
15073 : 65535;
15074 : 65535;
15075 : 57051;
15076 : 31760;
15077 : 19408;
15078 : 25878;
15079 : 28023;
15080 : 28023;
15081 : 28023;
15082 : 27991;
15083 : 27991;
15084 : 27991;
15085 : 25943;
15086 : 25943;
15087 : 27991;
15088 : 27991;
15089 : 27991;
15090 : 17100;
15091 : 61277;
15092 : 65535;
15093 : 65535;
15094 : 65535;
15095 : 65535;
15096 : 65535;
15097 : 65535;
15098 : 65535;
15099 : 65535;
15100 : 65535;
15101 : 65535;
15102 : 65535;
15103 : 65535;
15104 : 65535;
15105 : 65535;
15106 : 65535;
15107 : 65535;
15108 : 31760;
15109 : 21619;
15110 : 32445;
15111 : 32380;
15112 : 32380;
15113 : 32380;
15114 : 32380;
15115 : 32380;
15116 : 32380;
15117 : 32380;
15118 : 34460;
15119 : 34460;
15120 : 36508;
15121 : 36508;
15122 : 36540;
15123 : 38588;
15124 : 38588;
15125 : 38588;
15126 : 38588;
15127 : 40636;
15128 : 38588;
15129 : 38588;
15130 : 38588;
15131 : 38556;
15132 : 34428;
15133 : 32348;
15134 : 30299;
15135 : 30299;
15136 : 30299;
15137 : 30299;
15138 : 30299;
15139 : 30266;
15140 : 30201;
15141 : 28056;
15142 : 27991;
15143 : 27958;
15144 : 27958;
15145 : 27958;
15146 : 27958;
15147 : 27991;
15148 : 28023;
15149 : 28023;
15150 : 28023;
15151 : 28023;
15152 : 28023;
15153 : 28056;
15154 : 21586;
15155 : 21293;
15156 : 48566;
15157 : 65535;
15158 : 65535;
15159 : 40179;
15160 : 17198;
15161 : 23668;
15162 : 23635;
15163 : 23635;
15164 : 23635;
15165 : 23635;
15166 : 23635;
15167 : 23668;
15168 : 15052;
15169 : 19376;
15170 : 23668;
15171 : 23635;
15172 : 23635;
15173 : 23635;
15174 : 19442;
15175 : 29680;
15176 : 65535;
15177 : 65535;
15178 : 65535;
15179 : 65535;
15180 : 65535;
15181 : 65535;
15182 : 65535;
15183 : 65535;
15184 : 65535;
15185 : 65535;
15186 : 65535;
15187 : 65535;
15188 : 65535;
15189 : 65535;
15190 : 65535;
15191 : 65535;
15192 : 65535;
15193 : 65535;
15194 : 65535;
15195 : 65535;
15196 : 65535;
15197 : 65535;
15198 : 65535;
15199 : 65535;
15200 : 65535;
15201 : 65535;
15202 : 65535;
15203 : 65535;
15204 : 65535;
15205 : 50744;
15206 : 27632;
15207 : 21521;
15208 : 28023;
15209 : 28055;
15210 : 28023;
15211 : 27991;
15212 : 27991;
15213 : 27991;
15214 : 28023;
15215 : 28023;
15216 : 28023;
15217 : 28023;
15218 : 17165;
15219 : 57018;
15220 : 65535;
15221 : 65535;
15222 : 65535;
15223 : 65535;
15224 : 65535;
15225 : 65535;
15226 : 65535;
15227 : 65535;
15228 : 65535;
15229 : 65535;
15230 : 65535;
15231 : 65535;
15232 : 65535;
15233 : 65535;
15234 : 65535;
15235 : 65535;
15236 : 65503;
15237 : 29615;
15238 : 19506;
15239 : 32445;
15240 : 32380;
15241 : 32380;
15242 : 32380;
15243 : 32380;
15244 : 32380;
15245 : 32380;
15246 : 32380;
15247 : 32380;
15248 : 32380;
15249 : 34428;
15250 : 34460;
15251 : 34460;
15252 : 36508;
15253 : 36540;
15254 : 38588;
15255 : 36508;
15256 : 34428;
15257 : 32348;
15258 : 32348;
15259 : 32347;
15260 : 30299;
15261 : 30300;
15262 : 30300;
15263 : 30299;
15264 : 30267;
15265 : 30234;
15266 : 30169;
15267 : 28056;
15268 : 27990;
15269 : 27958;
15270 : 27958;
15271 : 27958;
15272 : 27958;
15273 : 27958;
15274 : 27990;
15275 : 28023;
15276 : 28023;
15277 : 28023;
15278 : 28023;
15279 : 28056;
15280 : 25943;
15281 : 19375;
15282 : 29679;
15283 : 61277;
15284 : 65535;
15285 : 65535;
15286 : 65535;
15287 : 59164;
15288 : 14987;
15289 : 23636;
15290 : 23635;
15291 : 23635;
15292 : 23635;
15293 : 23635;
15294 : 23635;
15295 : 23668;
15296 : 17166;
15297 : 19311;
15298 : 25780;
15299 : 23700;
15300 : 23700;
15301 : 25780;
15302 : 23732;
15303 : 23406;
15304 : 65470;
15305 : 65535;
15306 : 65535;
15307 : 65535;
15308 : 65535;
15309 : 65535;
15310 : 65535;
15311 : 65535;
15312 : 65535;
15313 : 65535;
15314 : 65535;
15315 : 65535;
15316 : 65535;
15317 : 65535;
15318 : 65535;
15319 : 65535;
15320 : 65535;
15321 : 65535;
15322 : 65535;
15323 : 65535;
15324 : 65535;
15325 : 65535;
15326 : 65535;
15327 : 65535;
15328 : 65535;
15329 : 65535;
15330 : 65535;
15331 : 65535;
15332 : 65535;
15333 : 65535;
15334 : 65503;
15335 : 44373;
15336 : 19277;
15337 : 23732;
15338 : 28056;
15339 : 28023;
15340 : 28023;
15341 : 28023;
15342 : 28023;
15343 : 28023;
15344 : 28023;
15345 : 28056;
15346 : 17197;
15347 : 54905;
15348 : 65535;
15349 : 65535;
15350 : 65535;
15351 : 65535;
15352 : 65535;
15353 : 65535;
15354 : 65535;
15355 : 65535;
15356 : 65535;
15357 : 65535;
15358 : 65535;
15359 : 65535;
15360 : 65535;
15361 : 65535;
15362 : 65535;
15363 : 65535;
15364 : 65535;
15365 : 65535;
15366 : 33873;
15367 : 17328;
15368 : 30299;
15369 : 32412;
15370 : 32380;
15371 : 32380;
15372 : 32380;
15373 : 32348;
15374 : 32348;
15375 : 32380;
15376 : 32380;
15377 : 32380;
15378 : 32380;
15379 : 32380;
15380 : 32380;
15381 : 32380;
15382 : 32380;
15383 : 32380;
15384 : 32380;
15385 : 30300;
15386 : 30299;
15387 : 30299;
15388 : 32348;
15389 : 32347;
15390 : 30267;
15391 : 30234;
15392 : 30169;
15393 : 28056;
15394 : 27991;
15395 : 27958;
15396 : 27926;
15397 : 27958;
15398 : 27958;
15399 : 27958;
15400 : 27958;
15401 : 27990;
15402 : 28023;
15403 : 28023;
15404 : 28023;
15405 : 28055;
15406 : 28055;
15407 : 21586;
15408 : 19212;
15409 : 46453;
15410 : 65535;
15411 : 65535;
15412 : 65535;
15413 : 65535;
15414 : 65535;
15415 : 65535;
15416 : 29614;
15417 : 17296;
15418 : 23668;
15419 : 23635;
15420 : 23635;
15421 : 23667;
15422 : 23700;
15423 : 25813;
15424 : 21554;
15425 : 17198;
15426 : 27926;
15427 : 25878;
15428 : 27958;
15429 : 27958;
15430 : 28023;
15431 : 21488;
15432 : 54938;
15433 : 65535;
15434 : 65535;
15435 : 65535;
15436 : 65535;
15437 : 65535;
15438 : 65535;
15439 : 65535;
15440 : 65535;
15441 : 65535;
15442 : 65535;
15443 : 65535;
15444 : 65535;
15445 : 65535;
15446 : 65535;
15447 : 65535;
15448 : 65535;
15449 : 65535;
15450 : 65535;
15451 : 65535;
15452 : 65535;
15453 : 65535;
15454 : 65535;
15455 : 65535;
15456 : 65535;
15457 : 65535;
15458 : 65535;
15459 : 65535;
15460 : 65535;
15461 : 65535;
15462 : 65535;
15463 : 65535;
15464 : 59164;
15465 : 33905;
15466 : 19343;
15467 : 23764;
15468 : 28056;
15469 : 28023;
15470 : 28023;
15471 : 28023;
15472 : 28023;
15473 : 28056;
15474 : 17262;
15475 : 54905;
15476 : 65535;
15477 : 65535;
15478 : 65535;
15479 : 65535;
15480 : 65535;
15481 : 65535;
15482 : 65535;
15483 : 65535;
15484 : 65535;
15485 : 65535;
15486 : 65535;
15487 : 65535;
15488 : 65535;
15489 : 65535;
15490 : 65535;
15491 : 65535;
15492 : 65535;
15493 : 65535;
15494 : 65535;
15495 : 42292;
15496 : 17132;
15497 : 23798;
15498 : 30267;
15499 : 30267;
15500 : 30267;
15501 : 30299;
15502 : 30299;
15503 : 30332;
15504 : 32380;
15505 : 32380;
15506 : 32380;
15507 : 32380;
15508 : 32380;
15509 : 32380;
15510 : 32380;
15511 : 32380;
15512 : 32380;
15513 : 32347;
15514 : 32347;
15515 : 30267;
15516 : 30234;
15517 : 30201;
15518 : 30136;
15519 : 28023;
15520 : 27990;
15521 : 27958;
15522 : 27926;
15523 : 27958;
15524 : 27958;
15525 : 27958;
15526 : 27958;
15527 : 27958;
15528 : 27958;
15529 : 27990;
15530 : 28023;
15531 : 28056;
15532 : 28056;
15533 : 21651;
15534 : 17164;
15535 : 35953;
15536 : 61309;
15537 : 65535;
15538 : 65535;
15539 : 65535;
15540 : 65535;
15541 : 65535;
15542 : 65535;
15543 : 65535;
15544 : 50712;
15545 : 12906;
15546 : 23668;
15547 : 23635;
15548 : 23700;
15549 : 25813;
15550 : 25877;
15551 : 27958;
15552 : 27958;
15553 : 15117;
15554 : 25845;
15555 : 28023;
15556 : 27991;
15557 : 28024;
15558 : 23699;
15559 : 21651;
15560 : 40212;
15561 : 65535;
15562 : 65535;
15563 : 65535;
15564 : 65535;
15565 : 65535;
15566 : 65535;
15567 : 65535;
15568 : 65535;
15569 : 65535;
15570 : 65535;
15571 : 65535;
15572 : 65535;
15573 : 65535;
15574 : 65535;
15575 : 65535;
15576 : 65535;
15577 : 65535;
15578 : 65535;
15579 : 65535;
15580 : 65535;
15581 : 65535;
15582 : 65535;
15583 : 65535;
15584 : 65535;
15585 : 65535;
15586 : 65535;
15587 : 65535;
15588 : 65535;
15589 : 65535;
15590 : 65535;
15591 : 65535;
15592 : 65535;
15593 : 65535;
15594 : 54970;
15595 : 29647;
15596 : 17230;
15597 : 25878;
15598 : 28056;
15599 : 28023;
15600 : 28023;
15601 : 28056;
15602 : 19343;
15603 : 54905;
15604 : 65535;
15605 : 65535;
15606 : 65535;
15607 : 65535;
15608 : 65535;
15609 : 65535;
15610 : 65535;
15611 : 65535;
15612 : 65535;
15613 : 65535;
15614 : 65535;
15615 : 65535;
15616 : 65535;
15617 : 65535;
15618 : 65535;
15619 : 65535;
15620 : 65535;
15621 : 65535;
15622 : 65535;
15623 : 65535;
15624 : 59131;
15625 : 27502;
15626 : 17295;
15627 : 25976;
15628 : 30202;
15629 : 30201;
15630 : 30202;
15631 : 30234;
15632 : 30266;
15633 : 30299;
15634 : 30267;
15635 : 30266;
15636 : 30266;
15637 : 30234;
15638 : 30234;
15639 : 30201;
15640 : 30201;
15641 : 30168;
15642 : 28088;
15643 : 28055;
15644 : 28023;
15645 : 27990;
15646 : 27958;
15647 : 25878;
15648 : 25878;
15649 : 25878;
15650 : 25878;
15651 : 27926;
15652 : 27958;
15653 : 27958;
15654 : 27958;
15655 : 27958;
15656 : 27990;
15657 : 28055;
15658 : 28023;
15659 : 21586;
15660 : 15084;
15661 : 31727;
15662 : 57051;
15663 : 65535;
15664 : 65535;
15665 : 65535;
15666 : 65535;
15667 : 65535;
15668 : 65535;
15669 : 65535;
15670 : 65535;
15671 : 65535;
15672 : 65535;
15673 : 21195;
15674 : 21490;
15675 : 25780;
15676 : 25845;
15677 : 27991;
15678 : 28055;
15679 : 28055;
15680 : 28088;
15681 : 23667;
15682 : 19408;
15683 : 28055;
15684 : 21554;
15685 : 28023;
15686 : 25845;
15687 : 15215;
15688 : 35986;
15689 : 65535;
15690 : 65535;
15691 : 65535;
15692 : 65535;
15693 : 65535;
15694 : 65535;
15695 : 65535;
15696 : 65535;
15697 : 65535;
15698 : 65535;
15699 : 65535;
15700 : 65535;
15701 : 65535;
15702 : 65535;
15703 : 65535;
15704 : 65535;
15705 : 65535;
15706 : 65535;
15707 : 65535;
15708 : 65535;
15709 : 65535;
15710 : 65535;
15711 : 65535;
15712 : 65535;
15713 : 65535;
15714 : 65535;
15715 : 65535;
15716 : 65535;
15717 : 65535;
15718 : 65535;
15719 : 65535;
15720 : 65535;
15721 : 65535;
15722 : 65535;
15723 : 65535;
15724 : 50711;
15725 : 23341;
15726 : 19408;
15727 : 28055;
15728 : 28023;
15729 : 28056;
15730 : 19343;
15731 : 54970;
15732 : 65535;
15733 : 65535;
15734 : 65535;
15735 : 65535;
15736 : 65535;
15737 : 65535;
15738 : 65535;
15739 : 65535;
15740 : 65535;
15741 : 65535;
15742 : 65535;
15743 : 65535;
15744 : 65535;
15745 : 65535;
15746 : 65535;
15747 : 65535;
15748 : 65535;
15749 : 65535;
15750 : 65535;
15751 : 65535;
15752 : 65535;
15753 : 65535;
15754 : 46518;
15755 : 25487;
15756 : 19473;
15757 : 25910;
15758 : 28056;
15759 : 28023;
15760 : 28023;
15761 : 28023;
15762 : 28055;
15763 : 28023;
15764 : 28023;
15765 : 28023;
15766 : 27990;
15767 : 27990;
15768 : 27958;
15769 : 27958;
15770 : 27958;
15771 : 27958;
15772 : 25877;
15773 : 25877;
15774 : 25845;
15775 : 25878;
15776 : 25877;
15777 : 25878;
15778 : 25878;
15779 : 25878;
15780 : 27926;
15781 : 27958;
15782 : 27990;
15783 : 28023;
15784 : 25910;
15785 : 19505;
15786 : 15019;
15787 : 29582;
15788 : 57018;
15789 : 65535;
15790 : 65535;
15791 : 65535;
15792 : 65535;
15793 : 65535;
15794 : 65535;
15795 : 65535;
15796 : 65535;
15797 : 65535;
15798 : 65535;
15799 : 65535;
15800 : 65535;
15801 : 46518;
15802 : 15020;
15803 : 27958;
15804 : 28023;
15805 : 28056;
15806 : 25877;
15807 : 30136;
15808 : 25845;
15809 : 23732;
15810 : 15052;
15811 : 27991;
15812 : 15117;
15813 : 25845;
15814 : 15149;
15815 : 6469;
15816 : 52825;
15817 : 65535;
15818 : 65535;
15819 : 65535;
15820 : 65535;
15821 : 65535;
15822 : 65535;
15823 : 65535;
15824 : 65535;
15825 : 65535;
15826 : 65535;
15827 : 65535;
15828 : 65535;
15829 : 65535;
15830 : 65535;
15831 : 65535;
15832 : 65535;
15833 : 65535;
15834 : 65535;
15835 : 65535;
15836 : 65535;
15837 : 65535;
15838 : 65535;
15839 : 65535;
15840 : 65535;
15841 : 65535;
15842 : 65535;
15843 : 65535;
15844 : 65535;
15845 : 65535;
15846 : 65535;
15847 : 65535;
15848 : 65535;
15849 : 65535;
15850 : 65535;
15851 : 65535;
15852 : 65535;
15853 : 63422;
15854 : 33872;
15855 : 15051;
15856 : 25910;
15857 : 28088;
15858 : 21456;
15859 : 59131;
15860 : 65535;
15861 : 65535;
15862 : 65535;
15863 : 65535;
15864 : 65535;
15865 : 65535;
15866 : 65535;
15867 : 65535;
15868 : 65535;
15869 : 65535;
15870 : 65535;
15871 : 65535;
15872 : 65535;
15873 : 65535;
15874 : 65535;
15875 : 65535;
15876 : 65535;
15877 : 65535;
15878 : 65535;
15879 : 65535;
15880 : 65535;
15881 : 65535;
15882 : 65535;
15883 : 65503;
15884 : 44405;
15885 : 23438;
15886 : 17262;
15887 : 21619;
15888 : 25877;
15889 : 27990;
15890 : 27990;
15891 : 27958;
15892 : 27958;
15893 : 27958;
15894 : 27958;
15895 : 27958;
15896 : 27958;
15897 : 27958;
15898 : 27926;
15899 : 25877;
15900 : 25877;
15901 : 25845;
15902 : 25845;
15903 : 25878;
15904 : 25878;
15905 : 25878;
15906 : 27958;
15907 : 27958;
15908 : 25878;
15909 : 23732;
15910 : 19408;
15911 : 19310;
15912 : 25519;
15913 : 38066;
15914 : 57051;
15915 : 65535;
15916 : 65535;
15917 : 65535;
15918 : 65535;
15919 : 65535;
15920 : 65535;
15921 : 65535;
15922 : 65535;
15923 : 65535;
15924 : 65535;
15925 : 65535;
15926 : 65535;
15927 : 65535;
15928 : 65535;
15929 : 65535;
15930 : 31760;
15931 : 21554;
15932 : 30103;
15933 : 30136;
15934 : 21586;
15935 : 27958;
15936 : 30103;
15937 : 10858;
15938 : 12775;
15939 : 21423;
15940 : 10695;
15941 : 23536;
15942 : 21195;
15943 : 46486;
15944 : 65535;
15945 : 65535;
15946 : 65535;
15947 : 65535;
15948 : 65535;
15949 : 65535;
15950 : 65535;
15951 : 65535;
15952 : 65535;
15953 : 65535;
15954 : 65535;
15955 : 65535;
15956 : 65535;
15957 : 65535;
15958 : 65535;
15959 : 65535;
15960 : 65535;
15961 : 65535;
15962 : 65535;
15963 : 65535;
15964 : 65535;
15965 : 65535;
15966 : 65535;
15967 : 65535;
15968 : 65535;
15969 : 65535;
15970 : 65535;
15971 : 65535;
15972 : 65535;
15973 : 65535;
15974 : 65535;
15975 : 65535;
15976 : 65535;
15977 : 65535;
15978 : 65535;
15979 : 65535;
15980 : 65535;
15981 : 65535;
15982 : 65535;
15983 : 48566;
15984 : 14954;
15985 : 23797;
15986 : 21488;
15987 : 59164;
15988 : 65535;
15989 : 65535;
15990 : 65535;
15991 : 65535;
15992 : 65535;
15993 : 65535;
15994 : 65535;
15995 : 65535;
15996 : 65535;
15997 : 65535;
15998 : 65535;
15999 : 65535;
16000 : 65535;
16001 : 65535;
16002 : 65535;
16003 : 65535;
16004 : 65535;
16005 : 65535;
16006 : 65535;
16007 : 65535;
16008 : 65535;
16009 : 65535;
16010 : 65535;
16011 : 65535;
16012 : 65535;
16013 : 65503;
16014 : 52825;
16015 : 35986;
16016 : 23406;
16017 : 19310;
16018 : 19440;
16019 : 23699;
16020 : 25845;
16021 : 25877;
16022 : 25910;
16023 : 27958;
16024 : 27990;
16025 : 27958;
16026 : 27958;
16027 : 25878;
16028 : 25878;
16029 : 25878;
16030 : 25845;
16031 : 23765;
16032 : 23700;
16033 : 21522;
16034 : 17295;
16035 : 15084;
16036 : 17100;
16037 : 27567;
16038 : 44373;
16039 : 59131;
16040 : 65535;
16041 : 65535;
16042 : 65535;
16043 : 65535;
16044 : 65535;
16045 : 65535;
16046 : 65535;
16047 : 65535;
16048 : 65535;
16049 : 65535;
16050 : 65535;
16051 : 65535;
16052 : 65535;
16053 : 65535;
16054 : 65535;
16055 : 65535;
16056 : 65535;
16057 : 65535;
16058 : 63390;
16059 : 27567;
16060 : 19440;
16061 : 27958;
16062 : 19440;
16063 : 21554;
16064 : 21586;
16065 : 14824;
16066 : 54938;
16067 : 61277;
16068 : 59164;
16069 : 63357;
16070 : 65535;
16071 : 65535;
16072 : 65535;
16073 : 65535;
16074 : 65535;
16075 : 65535;
16076 : 65535;
16077 : 65535;
16078 : 65535;
16079 : 65535;
16080 : 65535;
16081 : 65535;
16082 : 65535;
16083 : 65535;
16084 : 65535;
16085 : 65535;
16086 : 65535;
16087 : 65535;
16088 : 65535;
16089 : 65535;
16090 : 65535;
16091 : 65535;
16092 : 65535;
16093 : 65535;
16094 : 65535;
16095 : 65535;
16096 : 65535;
16097 : 65535;
16098 : 65535;
16099 : 65535;
16100 : 65535;
16101 : 65535;
16102 : 65535;
16103 : 65535;
16104 : 65535;
16105 : 65535;
16106 : 65535;
16107 : 65535;
16108 : 65535;
16109 : 65535;
16110 : 65535;
16111 : 65535;
16112 : 54937;
16113 : 14986;
16114 : 21325;
16115 : 65503;
16116 : 65535;
16117 : 65535;
16118 : 65535;
16119 : 65535;
16120 : 65535;
16121 : 65535;
16122 : 65535;
16123 : 65535;
16124 : 65535;
16125 : 65535;
16126 : 65535;
16127 : 65535;
16128 : 65535;
16129 : 65535;
16130 : 65535;
16131 : 65535;
16132 : 65535;
16133 : 65535;
16134 : 65535;
16135 : 65535;
16136 : 65535;
16137 : 65535;
16138 : 65535;
16139 : 65535;
16140 : 65535;
16141 : 65535;
16142 : 65535;
16143 : 65535;
16144 : 65470;
16145 : 54970;
16146 : 42292;
16147 : 35986;
16148 : 27599;
16149 : 25519;
16150 : 23438;
16151 : 23504;
16152 : 21423;
16153 : 23569;
16154 : 21553;
16155 : 19376;
16156 : 19310;
16157 : 17132;
16158 : 19212;
16159 : 21293;
16160 : 25454;
16161 : 31727;
16162 : 42292;
16163 : 52825;
16164 : 61277;
16165 : 65535;
16166 : 65535;
16167 : 65535;
16168 : 65535;
16169 : 65535;
16170 : 65535;
16171 : 65535;
16172 : 65535;
16173 : 65535;
16174 : 65535;
16175 : 65535;
16176 : 65535;
16177 : 65535;
16178 : 65535;
16179 : 65535;
16180 : 65535;
16181 : 65535;
16182 : 65535;
16183 : 65535;
16184 : 65535;
16185 : 65535;
16186 : 65535;
16187 : 63390;
16188 : 35953;
16189 : 25454;
16190 : 17034;
16191 : 27567;
16192 : 42325;
16193 : 61309;
16194 : 65535;
16195 : 65535;
16196 : 65535;
16197 : 65535;
16198 : 65535;
16199 : 65535;
16200 : 65535;
16201 : 65535;
16202 : 65535;
16203 : 65535;
16204 : 65535;
16205 : 65535;
16206 : 65535;
16207 : 65535;
16208 : 65535;
16209 : 65535;
16210 : 65535;
16211 : 65535;
16212 : 65535;
16213 : 65535;
16214 : 65535;
16215 : 65535;
16216 : 65535;
16217 : 65535;
16218 : 65535;
16219 : 65535;
16220 : 65535;
16221 : 65535;
16222 : 65535;
16223 : 65535;
16224 : 65535;
16225 : 65535;
16226 : 65535;
16227 : 65535;
16228 : 65535;
16229 : 65535;
16230 : 65535;
16231 : 65535;
16232 : 65535;
16233 : 65535;
16234 : 65535;
16235 : 65535;
16236 : 65535;
16237 : 65535;
16238 : 65535;
16239 : 65535;
16240 : 65535;
16241 : 54937;
16242 : 40179;
16243 : 65535;
16244 : 65535;
16245 : 65535;
16246 : 65535;
16247 : 65535;
16248 : 65535;
16249 : 65535;
16250 : 65535;
16251 : 65535;
16252 : 65535;
16253 : 65535;
16254 : 65535;
16255 : 65535;
16256 : 65535;
16257 : 65535;
16258 : 65535;
16259 : 65535;
16260 : 65535;
16261 : 65535;
16262 : 65535;
16263 : 65535;
16264 : 65535;
16265 : 65535;
16266 : 65535;
16267 : 65535;
16268 : 65535;
16269 : 65535;
16270 : 65535;
16271 : 65535;
16272 : 65535;
16273 : 65535;
16274 : 65535;
16275 : 65535;
16276 : 65535;
16277 : 65503;
16278 : 63390;
16279 : 61244;
16280 : 54970;
16281 : 54938;
16282 : 50744;
16283 : 48631;
16284 : 57051;
16285 : 59163;
16286 : 63390;
16287 : 65503;
16288 : 65535;
16289 : 65535;
16290 : 65535;
16291 : 65535;
16292 : 65535;
16293 : 65535;
16294 : 65535;
16295 : 65535;
16296 : 65535;
16297 : 65535;
16298 : 65535;
16299 : 65535;
16300 : 65535;
16301 : 65535;
16302 : 65535;
16303 : 65535;
16304 : 65535;
16305 : 65535;
16306 : 65535;
16307 : 65535;
16308 : 65535;
16309 : 65535;
16310 : 65535;
16311 : 65535;
16312 : 65535;
16313 : 65535;
16314 : 65535;
16315 : 65535;
16316 : 65535;
16317 : 65535;
16318 : 63422;
16319 : 65535;
16320 : 65535;
16321 : 65535;
16322 : 65535;
16323 : 65535;
16324 : 65535;
16325 : 65535;
16326 : 65535;
16327 : 65535;
16328 : 65535;
16329 : 65535;
16330 : 65535;
16331 : 65535;
16332 : 65535;
16333 : 65535;
16334 : 65535;
16335 : 65535;
16336 : 65535;
16337 : 65535;
16338 : 65535;
16339 : 65535;
16340 : 65535;
16341 : 65535;
16342 : 65535;
16343 : 65535;
16344 : 65535;
16345 : 65535;
16346 : 65535;
16347 : 65535;
16348 : 65535;
16349 : 65535;
16350 : 65535;
16351 : 65535;
16352 : 65535;
16353 : 65535;
16354 : 65535;
16355 : 65535;
16356 : 65535;
16357 : 65535;
16358 : 65535;
16359 : 65535;
16360 : 65535;
16361 : 65535;
16362 : 65535;
16363 : 65535;
16364 : 65535;
16365 : 65535;
16366 : 65535;
16367 : 65535;
16368 : 65535;
16369 : 65535;
16370 : 65535;
16371 : 65535;
16372 : 65535;
16373 : 65535;
16374 : 65535;
16375 : 65535;
16376 : 65535;
16377 : 65535;
16378 : 65535;
16379 : 65535;
16380 : 65535;
16381 : 65535;
16382 : 65535;
16383 : 65535;
END;
