WIDTH=24;
DEPTH=16384;

ADDRESS_RADIX=UNS;
DATA_RADIX=UNS;

CONTENT BEGIN
0 : 16777215;
1 : 16777215;
2 : 16777215;
3 : 16777215;
4 : 16777215;
5 : 16777215;
6 : 16777215;
7 : 16777215;
8 : 16777215;
9 : 16777215;
10 : 16777215;
11 : 16777215;
12 : 16777215;
13 : 16777215;
14 : 16777215;
15 : 16777215;
16 : 16777215;
17 : 16777215;
18 : 16777215;
19 : 16777215;
20 : 16777215;
21 : 16777215;
22 : 16777215;
23 : 16777215;
24 : 16777215;
25 : 16777215;
26 : 16777215;
27 : 16777215;
28 : 16777215;
29 : 16777215;
30 : 16777215;
31 : 16777215;
32 : 16777215;
33 : 16777215;
34 : 16777215;
35 : 16777215;
36 : 16711679;
37 : 15461355;
38 : 16777215;
39 : 16777215;
40 : 16777215;
41 : 16777215;
42 : 16777215;
43 : 16777215;
44 : 16777215;
45 : 16777215;
46 : 16777215;
47 : 16777215;
48 : 16777215;
49 : 16777215;
50 : 16777215;
51 : 16777215;
52 : 16777215;
53 : 16777215;
54 : 16777215;
55 : 16777215;
56 : 16777215;
57 : 16777215;
58 : 16777215;
59 : 16777215;
60 : 16777215;
61 : 16777215;
62 : 16777215;
63 : 16777215;
64 : 16777215;
65 : 16777215;
66 : 16777215;
67 : 16777215;
68 : 16777215;
69 : 16777215;
70 : 16777215;
71 : 16777215;
72 : 16777215;
73 : 16777215;
74 : 16777215;
75 : 16777215;
76 : 16777215;
77 : 16777215;
78 : 16777215;
79 : 16777215;
80 : 16777215;
81 : 16777215;
82 : 16777215;
83 : 16777215;
84 : 16777215;
85 : 16777215;
86 : 16777215;
87 : 16777215;
88 : 16777215;
89 : 16777215;
90 : 16777215;
91 : 16777215;
92 : 16777215;
93 : 16777215;
94 : 16777215;
95 : 16777215;
96 : 16777215;
97 : 16777215;
98 : 16777215;
99 : 16777215;
100 : 16777215;
101 : 16777215;
102 : 16777215;
103 : 16777215;
104 : 16777215;
105 : 16777215;
106 : 16777215;
107 : 16777215;
108 : 16777215;
109 : 16777215;
110 : 16777215;
111 : 16777215;
112 : 16777215;
113 : 16777215;
114 : 16777215;
115 : 16777215;
116 : 16777215;
117 : 16777215;
118 : 16777215;
119 : 16777215;
120 : 16777215;
121 : 16777215;
122 : 16777215;
123 : 16777215;
124 : 16777215;
125 : 16777215;
126 : 16777215;
127 : 16777215;
128 : 16777215;
129 : 16777215;
130 : 16777215;
131 : 16777215;
132 : 16777215;
133 : 16777215;
134 : 16777215;
135 : 16777215;
136 : 16777215;
137 : 16777215;
138 : 16777215;
139 : 16777215;
140 : 16777215;
141 : 16777215;
142 : 16777215;
143 : 16777215;
144 : 16777215;
145 : 16777215;
146 : 16777215;
147 : 16777215;
148 : 16777215;
149 : 16777215;
150 : 16777215;
151 : 16777215;
152 : 16777215;
153 : 16777215;
154 : 16777215;
155 : 16777215;
156 : 16777215;
157 : 16777215;
158 : 16777215;
159 : 16777215;
160 : 16777215;
161 : 16777215;
162 : 16777215;
163 : 16777215;
164 : 13487565;
165 : 4342338;
166 : 12829635;
167 : 16777215;
168 : 16777215;
169 : 16777215;
170 : 16777215;
171 : 16777215;
172 : 16777215;
173 : 16777215;
174 : 16777215;
175 : 16777215;
176 : 16777215;
177 : 16777215;
178 : 16777215;
179 : 16777215;
180 : 16777215;
181 : 16777215;
182 : 16777215;
183 : 16777215;
184 : 16777215;
185 : 16777215;
186 : 16777215;
187 : 16777215;
188 : 16777215;
189 : 16777215;
190 : 16777215;
191 : 16777215;
192 : 16777215;
193 : 16777215;
194 : 16777215;
195 : 16777215;
196 : 16777215;
197 : 16777215;
198 : 16777215;
199 : 16777215;
200 : 16777215;
201 : 16777215;
202 : 16777215;
203 : 16777215;
204 : 16777215;
205 : 16777215;
206 : 16777215;
207 : 16777215;
208 : 16777215;
209 : 16777215;
210 : 16777215;
211 : 16777215;
212 : 16777215;
213 : 16777215;
214 : 16777215;
215 : 16777215;
216 : 16777215;
217 : 16777215;
218 : 16777215;
219 : 16777215;
220 : 16777215;
221 : 16777215;
222 : 16777215;
223 : 16777215;
224 : 16777215;
225 : 16777215;
226 : 16777215;
227 : 16777215;
228 : 16777215;
229 : 16777215;
230 : 16777215;
231 : 16777215;
232 : 16777215;
233 : 16777215;
234 : 16777215;
235 : 16777215;
236 : 16777215;
237 : 16777215;
238 : 16777215;
239 : 16777215;
240 : 16777215;
241 : 16777215;
242 : 16777215;
243 : 16777215;
244 : 16777215;
245 : 16777215;
246 : 16777215;
247 : 16777215;
248 : 16777215;
249 : 16777215;
250 : 16777215;
251 : 16777215;
252 : 16777215;
253 : 16777215;
254 : 16777215;
255 : 16777215;
256 : 16777215;
257 : 16777215;
258 : 16777215;
259 : 16777215;
260 : 16777215;
261 : 16777215;
262 : 16777215;
263 : 16777215;
264 : 16777215;
265 : 16777215;
266 : 16777215;
267 : 16777215;
268 : 16777215;
269 : 16777215;
270 : 16777215;
271 : 16777215;
272 : 16777215;
273 : 16777215;
274 : 16777215;
275 : 16777215;
276 : 16777215;
277 : 16777215;
278 : 15921905;
279 : 16777215;
280 : 16777215;
281 : 16777215;
282 : 16777215;
283 : 16777215;
284 : 16777215;
285 : 16777215;
286 : 15987957;
287 : 16119285;
288 : 16777215;
289 : 16777215;
290 : 16777215;
291 : 16119542;
292 : 7105119;
293 : 4803405;
294 : 5987164;
295 : 16053492;
296 : 16777215;
297 : 16777215;
298 : 16777215;
299 : 16777215;
300 : 16777215;
301 : 16777215;
302 : 16777215;
303 : 16777215;
304 : 16777215;
305 : 16777215;
306 : 16777215;
307 : 16777215;
308 : 16777215;
309 : 16777215;
310 : 16777215;
311 : 16777215;
312 : 16777215;
313 : 16777215;
314 : 16777215;
315 : 16777215;
316 : 16777215;
317 : 16777215;
318 : 16777215;
319 : 16777215;
320 : 16777215;
321 : 16777215;
322 : 16777215;
323 : 16777215;
324 : 16777215;
325 : 16777215;
326 : 16777215;
327 : 16777215;
328 : 16777215;
329 : 16777215;
330 : 16777215;
331 : 16777215;
332 : 16777215;
333 : 16777215;
334 : 16777215;
335 : 16777215;
336 : 16777215;
337 : 16777215;
338 : 16777215;
339 : 16777215;
340 : 16777215;
341 : 16777215;
342 : 16777215;
343 : 16777215;
344 : 16777215;
345 : 16777215;
346 : 16777215;
347 : 16777215;
348 : 16777215;
349 : 16777215;
350 : 16777215;
351 : 16777215;
352 : 16777215;
353 : 16777215;
354 : 16777215;
355 : 16777215;
356 : 16777215;
357 : 16777215;
358 : 16777215;
359 : 16777215;
360 : 16777215;
361 : 16777215;
362 : 16777215;
363 : 16777215;
364 : 16777215;
365 : 16777215;
366 : 16777215;
367 : 16777215;
368 : 16777215;
369 : 16777215;
370 : 16777215;
371 : 16777215;
372 : 16777215;
373 : 16777215;
374 : 16777215;
375 : 16777215;
376 : 16777215;
377 : 16777215;
378 : 16777215;
379 : 16777215;
380 : 16777215;
381 : 16777215;
382 : 16777215;
383 : 16777215;
384 : 16777215;
385 : 16777215;
386 : 16777215;
387 : 16777215;
388 : 16777215;
389 : 16777215;
390 : 16777215;
391 : 16777215;
392 : 16777215;
393 : 16777215;
394 : 16777215;
395 : 16777215;
396 : 16777215;
397 : 16777215;
398 : 16777215;
399 : 16777215;
400 : 16777215;
401 : 16777215;
402 : 16777215;
403 : 16777215;
404 : 16777215;
405 : 10527652;
406 : 8356482;
407 : 16777215;
408 : 16777215;
409 : 16777215;
410 : 16777215;
411 : 16777215;
412 : 16777215;
413 : 16711423;
414 : 9210232;
415 : 12236976;
416 : 16777215;
417 : 16777215;
418 : 16777215;
419 : 12105381;
420 : 7367754;
421 : 6185062;
422 : 5658715;
423 : 10132123;
424 : 16777215;
425 : 16777215;
426 : 16777215;
427 : 16777215;
428 : 16777215;
429 : 16777215;
430 : 16777215;
431 : 16777215;
432 : 16777215;
433 : 16777215;
434 : 16777215;
435 : 16777215;
436 : 16777215;
437 : 16777215;
438 : 16777215;
439 : 16777215;
440 : 16777215;
441 : 16777215;
442 : 16777215;
443 : 16777215;
444 : 16777215;
445 : 16777215;
446 : 16777215;
447 : 16777215;
448 : 16777215;
449 : 16777215;
450 : 16777215;
451 : 16777215;
452 : 16777215;
453 : 16777215;
454 : 16777215;
455 : 16777215;
456 : 16777215;
457 : 16777215;
458 : 16777215;
459 : 16777215;
460 : 16777215;
461 : 16777215;
462 : 16777215;
463 : 16777215;
464 : 16777215;
465 : 16777215;
466 : 16777215;
467 : 16777215;
468 : 16777215;
469 : 16777215;
470 : 16777215;
471 : 16777215;
472 : 16777215;
473 : 16777215;
474 : 16777215;
475 : 16777215;
476 : 16777215;
477 : 16777215;
478 : 16777215;
479 : 16777215;
480 : 16777215;
481 : 16777215;
482 : 16777215;
483 : 16777215;
484 : 16777215;
485 : 16777215;
486 : 16777215;
487 : 16777215;
488 : 16777215;
489 : 16777215;
490 : 16777215;
491 : 16777215;
492 : 16777215;
493 : 16777215;
494 : 16777215;
495 : 16777215;
496 : 16777215;
497 : 16777215;
498 : 16777215;
499 : 16777215;
500 : 16777215;
501 : 16777215;
502 : 16777215;
503 : 16777215;
504 : 16777215;
505 : 16777215;
506 : 16777215;
507 : 16777215;
508 : 16777215;
509 : 16777215;
510 : 16777215;
511 : 16777215;
512 : 16777215;
513 : 16777215;
514 : 16777215;
515 : 16777215;
516 : 16777215;
517 : 16777215;
518 : 16777215;
519 : 16777215;
520 : 16777215;
521 : 16777215;
522 : 16777215;
523 : 16777215;
524 : 16777215;
525 : 16777215;
526 : 16777215;
527 : 16777215;
528 : 16777215;
529 : 16777215;
530 : 16777215;
531 : 16777215;
532 : 11777462;
533 : 6584963;
534 : 12501441;
535 : 16777215;
536 : 16777215;
537 : 16777215;
538 : 16777215;
539 : 16777215;
540 : 16777215;
541 : 11645361;
542 : 11246652;
543 : 11512715;
544 : 16777215;
545 : 16777215;
546 : 13224133;
547 : 12169070;
548 : 6841680;
549 : 6316905;
550 : 6250595;
551 : 4868683;
552 : 14474459;
553 : 16777215;
554 : 16777215;
555 : 16777215;
556 : 16777215;
557 : 16777215;
558 : 16777215;
559 : 16777215;
560 : 16777215;
561 : 16777215;
562 : 16777215;
563 : 16777215;
564 : 16777215;
565 : 16777215;
566 : 16777215;
567 : 16777215;
568 : 16777215;
569 : 16777215;
570 : 16777215;
571 : 16777215;
572 : 16777215;
573 : 16777215;
574 : 16777215;
575 : 16777215;
576 : 16777215;
577 : 16777215;
578 : 16777215;
579 : 16777215;
580 : 16777215;
581 : 16777215;
582 : 16777215;
583 : 16777215;
584 : 16777215;
585 : 16777215;
586 : 16777215;
587 : 16777215;
588 : 16777215;
589 : 16777215;
590 : 16777215;
591 : 16777215;
592 : 16777215;
593 : 16777215;
594 : 16777215;
595 : 16777215;
596 : 16777215;
597 : 16777215;
598 : 16777215;
599 : 16777215;
600 : 16777215;
601 : 16777215;
602 : 16777215;
603 : 16777215;
604 : 16777215;
605 : 16777215;
606 : 16777215;
607 : 16777215;
608 : 16777215;
609 : 16777215;
610 : 16777215;
611 : 16777215;
612 : 16777215;
613 : 16777215;
614 : 16777215;
615 : 16777215;
616 : 16777215;
617 : 16777215;
618 : 16777215;
619 : 16777215;
620 : 16777215;
621 : 16777215;
622 : 16777215;
623 : 16777215;
624 : 16777215;
625 : 16777215;
626 : 16777215;
627 : 16777215;
628 : 16777215;
629 : 16777215;
630 : 16777215;
631 : 16777215;
632 : 16777215;
633 : 16777215;
634 : 16777215;
635 : 16777215;
636 : 16777215;
637 : 16777215;
638 : 16777215;
639 : 16777215;
640 : 16777215;
641 : 16777215;
642 : 16777215;
643 : 16777215;
644 : 16777215;
645 : 16777215;
646 : 16777215;
647 : 16777215;
648 : 16777215;
649 : 16777215;
650 : 16777215;
651 : 16777215;
652 : 16777215;
653 : 16777215;
654 : 16777215;
655 : 16777215;
656 : 16777215;
657 : 16777215;
658 : 16777215;
659 : 13026757;
660 : 8361890;
661 : 8361117;
662 : 15395304;
663 : 16777215;
664 : 16777215;
665 : 16777215;
666 : 16777215;
667 : 16777215;
668 : 13224396;
669 : 10129480;
670 : 16179799;
671 : 10985062;
672 : 16645887;
673 : 12829893;
674 : 11774838;
675 : 12498030;
676 : 5066319;
677 : 5592665;
678 : 5066063;
679 : 4210753;
680 : 8816262;
681 : 16777215;
682 : 16777215;
683 : 16777215;
684 : 16777215;
685 : 16777215;
686 : 16777215;
687 : 16777215;
688 : 16777215;
689 : 16777215;
690 : 16777215;
691 : 16777215;
692 : 16777215;
693 : 16777215;
694 : 16777215;
695 : 16777215;
696 : 16777215;
697 : 16777215;
698 : 16777215;
699 : 16777215;
700 : 16777215;
701 : 16777215;
702 : 16777215;
703 : 16777215;
704 : 16777215;
705 : 16777215;
706 : 16777215;
707 : 16777215;
708 : 16777215;
709 : 16777215;
710 : 16777215;
711 : 16777215;
712 : 16777215;
713 : 16777215;
714 : 16777215;
715 : 16777215;
716 : 16777215;
717 : 16777215;
718 : 16777215;
719 : 16777215;
720 : 16777215;
721 : 16777215;
722 : 16777215;
723 : 16777215;
724 : 16777215;
725 : 16777215;
726 : 16777215;
727 : 16777215;
728 : 16777215;
729 : 16777215;
730 : 16777215;
731 : 16777215;
732 : 16777215;
733 : 16777215;
734 : 16777215;
735 : 16777215;
736 : 16777215;
737 : 16777215;
738 : 16777215;
739 : 16777215;
740 : 16777215;
741 : 16777215;
742 : 16777215;
743 : 16777215;
744 : 16777215;
745 : 16777215;
746 : 16777215;
747 : 16777215;
748 : 16777215;
749 : 16777215;
750 : 16777215;
751 : 16777215;
752 : 16777215;
753 : 16777215;
754 : 16777215;
755 : 16777215;
756 : 16777215;
757 : 16777215;
758 : 16777215;
759 : 16777215;
760 : 16777215;
761 : 16777215;
762 : 16777215;
763 : 16777215;
764 : 16777215;
765 : 16777215;
766 : 16777215;
767 : 16777215;
768 : 16777215;
769 : 16777215;
770 : 16777215;
771 : 16777215;
772 : 16777215;
773 : 16777215;
774 : 16777215;
775 : 16777215;
776 : 16777215;
777 : 16777215;
778 : 16777215;
779 : 16777215;
780 : 16777215;
781 : 16777215;
782 : 16777215;
783 : 16777215;
784 : 16777215;
785 : 16777215;
786 : 15263718;
787 : 7964815;
788 : 10799835;
789 : 8950166;
790 : 16711421;
791 : 16777215;
792 : 16777215;
793 : 16777215;
794 : 16777215;
795 : 12237503;
796 : 9537610;
797 : 15916633;
798 : 16442974;
799 : 12036955;
800 : 10197919;
801 : 10458982;
802 : 16181390;
803 : 6644040;
804 : 4605771;
805 : 4802891;
806 : 4868684;
807 : 4802891;
808 : 4605510;
809 : 14935011;
810 : 16777215;
811 : 16777215;
812 : 16777215;
813 : 16777215;
814 : 16777215;
815 : 16777215;
816 : 16777215;
817 : 16777215;
818 : 16777215;
819 : 16777215;
820 : 16777215;
821 : 16777215;
822 : 16777215;
823 : 16777215;
824 : 16777215;
825 : 16777215;
826 : 16777215;
827 : 16777215;
828 : 16777215;
829 : 16777215;
830 : 16777215;
831 : 16777215;
832 : 16777215;
833 : 16777215;
834 : 16777215;
835 : 16777215;
836 : 16777215;
837 : 16777215;
838 : 16777215;
839 : 16777215;
840 : 16777215;
841 : 16777215;
842 : 16777215;
843 : 16777215;
844 : 16777215;
845 : 16777215;
846 : 16777215;
847 : 16777215;
848 : 16777215;
849 : 16777215;
850 : 16777215;
851 : 16777215;
852 : 16777215;
853 : 16777215;
854 : 16777215;
855 : 16777215;
856 : 16777215;
857 : 16777215;
858 : 16777215;
859 : 16777215;
860 : 16777215;
861 : 16777215;
862 : 16777215;
863 : 16777215;
864 : 16777215;
865 : 16777215;
866 : 16777215;
867 : 16777215;
868 : 16777215;
869 : 16777215;
870 : 16777215;
871 : 16777215;
872 : 16777215;
873 : 16777215;
874 : 16777215;
875 : 16777215;
876 : 16777215;
877 : 16777215;
878 : 16777215;
879 : 16777215;
880 : 16777215;
881 : 16777215;
882 : 16777215;
883 : 16777215;
884 : 16777215;
885 : 16777215;
886 : 16777215;
887 : 16777215;
888 : 16777215;
889 : 16777215;
890 : 16777215;
891 : 16777215;
892 : 16777215;
893 : 16777215;
894 : 16777215;
895 : 16777215;
896 : 16777215;
897 : 16777215;
898 : 16777215;
899 : 16777215;
900 : 16777215;
901 : 16777215;
902 : 16777215;
903 : 16777215;
904 : 16777215;
905 : 16777215;
906 : 16777215;
907 : 16777215;
908 : 16777215;
909 : 16777215;
910 : 16777215;
911 : 16777215;
912 : 16777215;
913 : 16711165;
914 : 9936803;
915 : 10601684;
916 : 9943238;
917 : 11777718;
918 : 16777215;
919 : 16777215;
920 : 16777215;
921 : 16316667;
922 : 10657943;
923 : 9800512;
924 : 15587928;
925 : 16245856;
926 : 14733141;
927 : 7827001;
928 : 11248230;
929 : 16774553;
930 : 12234605;
931 : 3947323;
932 : 4868684;
933 : 4868684;
934 : 4868684;
935 : 4868684;
936 : 4079166;
937 : 9868950;
938 : 16777215;
939 : 16777215;
940 : 16777215;
941 : 16777215;
942 : 16777215;
943 : 16777215;
944 : 16777215;
945 : 16777215;
946 : 16777215;
947 : 16777215;
948 : 16777215;
949 : 16777215;
950 : 16777215;
951 : 16777215;
952 : 16777215;
953 : 16777215;
954 : 16777215;
955 : 16777215;
956 : 16777215;
957 : 16777215;
958 : 16777215;
959 : 16777215;
960 : 16777215;
961 : 16777215;
962 : 16777215;
963 : 16777215;
964 : 16777215;
965 : 16777215;
966 : 16777215;
967 : 16777215;
968 : 16777215;
969 : 16777215;
970 : 16777215;
971 : 16777215;
972 : 16777215;
973 : 16777215;
974 : 16777215;
975 : 16777215;
976 : 16777215;
977 : 16777215;
978 : 16777215;
979 : 16777215;
980 : 16777215;
981 : 16777215;
982 : 16777215;
983 : 16777215;
984 : 16777215;
985 : 16777215;
986 : 16777215;
987 : 16777215;
988 : 16777215;
989 : 16777215;
990 : 16777215;
991 : 16777215;
992 : 16777215;
993 : 16777215;
994 : 16777215;
995 : 16777215;
996 : 16777215;
997 : 16777215;
998 : 16777215;
999 : 16777215;
1000 : 16777215;
1001 : 16777215;
1002 : 16777215;
1003 : 16777215;
1004 : 16777215;
1005 : 16777215;
1006 : 16777215;
1007 : 16777215;
1008 : 16777215;
1009 : 16777215;
1010 : 16777215;
1011 : 16777215;
1012 : 16777215;
1013 : 16777215;
1014 : 16777215;
1015 : 16777215;
1016 : 16777215;
1017 : 16777215;
1018 : 16777215;
1019 : 16777215;
1020 : 16777215;
1021 : 16777215;
1022 : 16777215;
1023 : 16777215;
1024 : 16777215;
1025 : 16777215;
1026 : 16777215;
1027 : 16777215;
1028 : 16777215;
1029 : 16777215;
1030 : 16777215;
1031 : 16777215;
1032 : 16777215;
1033 : 16777215;
1034 : 16777215;
1035 : 16777215;
1036 : 16777215;
1037 : 16777215;
1038 : 16777215;
1039 : 16777215;
1040 : 16777215;
1041 : 13422029;
1042 : 9415091;
1043 : 11852522;
1044 : 8954542;
1045 : 14276823;
1046 : 16777215;
1047 : 16777215;
1048 : 15001066;
1049 : 9275503;
1050 : 12891207;
1051 : 16377182;
1052 : 16311391;
1053 : 14075217;
1054 : 9406025;
1055 : 14537093;
1056 : 16773784;
1057 : 14405505;
1058 : 4670520;
1059 : 4671307;
1060 : 4868684;
1061 : 4868684;
1062 : 4868684;
1063 : 4868684;
1064 : 4671303;
1065 : 5395026;
1066 : 15987699;
1067 : 16777215;
1068 : 16777215;
1069 : 16777215;
1070 : 16777215;
1071 : 14079702;
1072 : 13948116;
1073 : 16777215;
1074 : 16777215;
1075 : 16777215;
1076 : 16777215;
1077 : 16777215;
1078 : 16777215;
1079 : 16777215;
1080 : 16777215;
1081 : 16777215;
1082 : 16777215;
1083 : 16777215;
1084 : 16777215;
1085 : 16777215;
1086 : 16777215;
1087 : 16777215;
1088 : 16777215;
1089 : 16777215;
1090 : 16777215;
1091 : 16777215;
1092 : 16777215;
1093 : 16777215;
1094 : 16777215;
1095 : 16777215;
1096 : 16777215;
1097 : 16777215;
1098 : 16777215;
1099 : 16777215;
1100 : 16777215;
1101 : 16777215;
1102 : 16777215;
1103 : 16777215;
1104 : 16777215;
1105 : 16777215;
1106 : 16777215;
1107 : 16777215;
1108 : 16777215;
1109 : 16777215;
1110 : 16777215;
1111 : 16777215;
1112 : 16777215;
1113 : 16777215;
1114 : 16777215;
1115 : 16777215;
1116 : 16777215;
1117 : 16777215;
1118 : 16777215;
1119 : 16777215;
1120 : 16777215;
1121 : 16777215;
1122 : 16777215;
1123 : 16777215;
1124 : 16777215;
1125 : 16777215;
1126 : 16777215;
1127 : 16777215;
1128 : 16777215;
1129 : 16777215;
1130 : 16777215;
1131 : 16777215;
1132 : 16777215;
1133 : 16777215;
1134 : 16777215;
1135 : 16777215;
1136 : 16777215;
1137 : 16777215;
1138 : 16777215;
1139 : 16777215;
1140 : 16777215;
1141 : 16777215;
1142 : 16777215;
1143 : 16777215;
1144 : 16777215;
1145 : 16777215;
1146 : 16777215;
1147 : 16777215;
1148 : 16777215;
1149 : 16777215;
1150 : 16777215;
1151 : 16777215;
1152 : 16777215;
1153 : 16777215;
1154 : 16777215;
1155 : 16777215;
1156 : 16777215;
1157 : 16777215;
1158 : 16777215;
1159 : 16777215;
1160 : 16777215;
1161 : 16777215;
1162 : 16777215;
1163 : 16777215;
1164 : 16777215;
1165 : 16777215;
1166 : 16777215;
1167 : 16777215;
1168 : 16382456;
1169 : 9082523;
1170 : 11653598;
1171 : 11523557;
1172 : 8821668;
1173 : 15329512;
1174 : 16777215;
1175 : 13027275;
1176 : 7235910;
1177 : 14272334;
1178 : 16311391;
1179 : 16048478;
1180 : 14469715;
1181 : 9603143;
1182 : 15457675;
1183 : 16510101;
1184 : 16049808;
1185 : 6709575;
1186 : 4144965;
1187 : 4934477;
1188 : 4868684;
1189 : 4868684;
1190 : 4868684;
1191 : 4868684;
1192 : 4934475;
1193 : 3881787;
1194 : 12829635;
1195 : 16777215;
1196 : 16777215;
1197 : 16777215;
1198 : 12105912;
1199 : 6118749;
1200 : 15329769;
1201 : 16777215;
1202 : 16777215;
1203 : 16777215;
1204 : 16777215;
1205 : 16777215;
1206 : 16777215;
1207 : 16777215;
1208 : 16777215;
1209 : 16777215;
1210 : 16777215;
1211 : 16777215;
1212 : 16777215;
1213 : 16777215;
1214 : 16777215;
1215 : 16777215;
1216 : 16777215;
1217 : 16777215;
1218 : 16777215;
1219 : 16777215;
1220 : 16777215;
1221 : 16777215;
1222 : 16777215;
1223 : 16777215;
1224 : 16777215;
1225 : 16777215;
1226 : 16777215;
1227 : 16777215;
1228 : 16777215;
1229 : 16777215;
1230 : 16777215;
1231 : 16777215;
1232 : 16777215;
1233 : 16777215;
1234 : 16777215;
1235 : 16777215;
1236 : 16777215;
1237 : 16777215;
1238 : 16777215;
1239 : 16777215;
1240 : 16777215;
1241 : 16777215;
1242 : 16777215;
1243 : 16777215;
1244 : 16777215;
1245 : 16777215;
1246 : 16777215;
1247 : 16777215;
1248 : 16777215;
1249 : 16777215;
1250 : 16777215;
1251 : 16777215;
1252 : 16777215;
1253 : 16777215;
1254 : 16777215;
1255 : 16777215;
1256 : 16777215;
1257 : 16777215;
1258 : 16777215;
1259 : 16777215;
1260 : 16777215;
1261 : 16777215;
1262 : 16777215;
1263 : 16777215;
1264 : 16777215;
1265 : 16777215;
1266 : 16777215;
1267 : 16777215;
1268 : 16777215;
1269 : 16777215;
1270 : 16777215;
1271 : 16777215;
1272 : 16777215;
1273 : 16777215;
1274 : 16777215;
1275 : 16777215;
1276 : 16777215;
1277 : 16777215;
1278 : 16777215;
1279 : 16777215;
1280 : 16777215;
1281 : 16777215;
1282 : 16777215;
1283 : 16777215;
1284 : 16777215;
1285 : 16777215;
1286 : 16777215;
1287 : 16777215;
1288 : 16777215;
1289 : 16777215;
1290 : 16777215;
1291 : 16777215;
1292 : 16777215;
1293 : 16777215;
1294 : 16777215;
1295 : 16777215;
1296 : 13092550;
1297 : 8955056;
1298 : 11523301;
1299 : 11326179;
1300 : 8952224;
1301 : 16447993;
1302 : 14672100;
1303 : 8024904;
1304 : 14995794;
1305 : 16179806;
1306 : 15916893;
1307 : 15587930;
1308 : 9931848;
1309 : 15128711;
1310 : 16312979;
1311 : 16641684;
1312 : 10261600;
1313 : 3881791;
1314 : 4934477;
1315 : 4868684;
1316 : 4868683;
1317 : 4868682;
1318 : 4868683;
1319 : 4868684;
1320 : 4868683;
1321 : 4079167;
1322 : 8816262;
1323 : 16777215;
1324 : 16777215;
1325 : 11185324;
1326 : 4803403;
1327 : 14606046;
1328 : 16777215;
1329 : 16777215;
1330 : 16777215;
1331 : 16777215;
1332 : 16777215;
1333 : 16777215;
1334 : 16777215;
1335 : 16777215;
1336 : 16777215;
1337 : 16777215;
1338 : 16777215;
1339 : 16777215;
1340 : 16777215;
1341 : 16777215;
1342 : 16777215;
1343 : 16777215;
1344 : 16777215;
1345 : 16777215;
1346 : 16777215;
1347 : 16777215;
1348 : 16777215;
1349 : 16777215;
1350 : 16777215;
1351 : 16777215;
1352 : 16777215;
1353 : 16777215;
1354 : 16777215;
1355 : 16777215;
1356 : 16777215;
1357 : 16777215;
1358 : 16777215;
1359 : 16777215;
1360 : 16777215;
1361 : 16777215;
1362 : 16777215;
1363 : 16777215;
1364 : 16777215;
1365 : 16777215;
1366 : 16777215;
1367 : 16777215;
1368 : 16777215;
1369 : 16777215;
1370 : 16777215;
1371 : 16777215;
1372 : 16777215;
1373 : 16777215;
1374 : 16777215;
1375 : 16777215;
1376 : 16777215;
1377 : 16777215;
1378 : 16777215;
1379 : 16777215;
1380 : 16777215;
1381 : 16777215;
1382 : 16777215;
1383 : 16777215;
1384 : 16777215;
1385 : 16777215;
1386 : 16777215;
1387 : 16777215;
1388 : 16777215;
1389 : 16777215;
1390 : 16777215;
1391 : 16777215;
1392 : 16777215;
1393 : 16777215;
1394 : 16777215;
1395 : 16777215;
1396 : 16777215;
1397 : 16777215;
1398 : 16777215;
1399 : 16777215;
1400 : 16777215;
1401 : 16777215;
1402 : 16777215;
1403 : 16777215;
1404 : 16777215;
1405 : 16777215;
1406 : 16777215;
1407 : 16777215;
1408 : 16777215;
1409 : 16777215;
1410 : 16777215;
1411 : 16777215;
1412 : 16777215;
1413 : 16777215;
1414 : 16777215;
1415 : 16777215;
1416 : 16777215;
1417 : 16777215;
1418 : 16777215;
1419 : 16777215;
1420 : 16777215;
1421 : 16777215;
1422 : 16777215;
1423 : 16776958;
1424 : 9608094;
1425 : 10799320;
1426 : 11391457;
1427 : 11260129;
1428 : 9346468;
1429 : 16184825;
1430 : 9736046;
1431 : 14798416;
1432 : 16114271;
1433 : 15851101;
1434 : 16180063;
1435 : 11707463;
1436 : 13023595;
1437 : 16509842;
1438 : 16246664;
1439 : 14667629;
1440 : 4670523;
1441 : 4737356;
1442 : 4868684;
1443 : 4868684;
1444 : 4868683;
1445 : 4868682;
1446 : 4868682;
1447 : 4868683;
1448 : 4868683;
1449 : 4539718;
1450 : 6447715;
1451 : 16711165;
1452 : 10396323;
1453 : 5199448;
1454 : 14408667;
1455 : 16777215;
1456 : 16777215;
1457 : 16777215;
1458 : 16777215;
1459 : 16777215;
1460 : 16777215;
1461 : 16777215;
1462 : 16777215;
1463 : 16777215;
1464 : 16777215;
1465 : 16777215;
1466 : 16777215;
1467 : 16777215;
1468 : 16777215;
1469 : 16777215;
1470 : 16777215;
1471 : 16777215;
1472 : 16777215;
1473 : 16777215;
1474 : 16777215;
1475 : 16777215;
1476 : 16777215;
1477 : 16777215;
1478 : 16777215;
1479 : 16777215;
1480 : 16777215;
1481 : 16777215;
1482 : 16777215;
1483 : 16777215;
1484 : 16777215;
1485 : 16777215;
1486 : 16777215;
1487 : 16777215;
1488 : 16777215;
1489 : 16777215;
1490 : 16777215;
1491 : 16777215;
1492 : 16777215;
1493 : 16777215;
1494 : 16777215;
1495 : 16777215;
1496 : 16777215;
1497 : 16777215;
1498 : 16777215;
1499 : 16777215;
1500 : 16777215;
1501 : 16777215;
1502 : 16777215;
1503 : 16777215;
1504 : 16777215;
1505 : 16777215;
1506 : 16777215;
1507 : 16777215;
1508 : 16777215;
1509 : 16777215;
1510 : 16777215;
1511 : 16777215;
1512 : 16777215;
1513 : 16777215;
1514 : 16777215;
1515 : 16777215;
1516 : 16777215;
1517 : 16777215;
1518 : 16777215;
1519 : 16777215;
1520 : 16777215;
1521 : 16777215;
1522 : 16777215;
1523 : 16777215;
1524 : 16777215;
1525 : 16777215;
1526 : 16777215;
1527 : 16777215;
1528 : 16777215;
1529 : 16777215;
1530 : 16777215;
1531 : 16777215;
1532 : 16777215;
1533 : 16777215;
1534 : 16777215;
1535 : 16777215;
1536 : 16777215;
1537 : 16777215;
1538 : 16777215;
1539 : 16777215;
1540 : 16777215;
1541 : 16777215;
1542 : 16777215;
1543 : 16777215;
1544 : 16777215;
1545 : 16777215;
1546 : 16777215;
1547 : 16777215;
1548 : 16777215;
1549 : 16777215;
1550 : 16777215;
1551 : 15000546;
1552 : 8624546;
1553 : 11523301;
1554 : 11325664;
1555 : 11260128;
1556 : 9412263;
1557 : 10854803;
1558 : 13680716;
1559 : 16180062;
1560 : 15851101;
1561 : 15916638;
1562 : 15390811;
1563 : 10721091;
1564 : 16048489;
1565 : 15917165;
1566 : 16442983;
1567 : 9208385;
1568 : 4013380;
1569 : 4934477;
1570 : 4868684;
1571 : 4868684;
1572 : 4868684;
1573 : 4934476;
1574 : 4934219;
1575 : 4868682;
1576 : 4868684;
1577 : 4802891;
1578 : 5000011;
1579 : 9343893;
1580 : 5529701;
1581 : 13816530;
1582 : 16777215;
1583 : 16777215;
1584 : 16777215;
1585 : 16777215;
1586 : 16777215;
1587 : 16777215;
1588 : 16777215;
1589 : 16777215;
1590 : 16777215;
1591 : 16777215;
1592 : 16777215;
1593 : 16777215;
1594 : 16777215;
1595 : 16777215;
1596 : 16777215;
1597 : 16777215;
1598 : 16777215;
1599 : 16777215;
1600 : 16777215;
1601 : 16777215;
1602 : 16777215;
1603 : 16777215;
1604 : 16777215;
1605 : 16777215;
1606 : 16777215;
1607 : 16777215;
1608 : 16777215;
1609 : 16777215;
1610 : 16777215;
1611 : 16777215;
1612 : 16777215;
1613 : 16777215;
1614 : 16777215;
1615 : 16777215;
1616 : 16777215;
1617 : 16777215;
1618 : 16777215;
1619 : 16777215;
1620 : 16777215;
1621 : 16777215;
1622 : 16777215;
1623 : 16777215;
1624 : 16777215;
1625 : 16777215;
1626 : 16777215;
1627 : 16777215;
1628 : 16777215;
1629 : 16777215;
1630 : 16777215;
1631 : 16777215;
1632 : 16777215;
1633 : 16777215;
1634 : 16777215;
1635 : 16777215;
1636 : 16777215;
1637 : 16777215;
1638 : 16777215;
1639 : 16777215;
1640 : 16777215;
1641 : 16777215;
1642 : 16777215;
1643 : 16777215;
1644 : 16777215;
1645 : 16777215;
1646 : 16777215;
1647 : 16777215;
1648 : 16777215;
1649 : 16777215;
1650 : 16777215;
1651 : 16777215;
1652 : 16777215;
1653 : 16777215;
1654 : 16777215;
1655 : 16777215;
1656 : 16777215;
1657 : 16777215;
1658 : 16777215;
1659 : 16777215;
1660 : 16777215;
1661 : 16777215;
1662 : 16777215;
1663 : 16777215;
1664 : 16777215;
1665 : 16777215;
1666 : 16777215;
1667 : 16777215;
1668 : 16777215;
1669 : 16777215;
1670 : 16777215;
1671 : 16777215;
1672 : 16777215;
1673 : 16777215;
1674 : 16777215;
1675 : 16777215;
1676 : 16777215;
1677 : 16777215;
1678 : 16777215;
1679 : 11777719;
1680 : 9811395;
1681 : 11523043;
1682 : 11325664;
1683 : 11589094;
1684 : 7109765;
1685 : 10984005;
1686 : 16311390;
1687 : 15851104;
1688 : 15851365;
1689 : 15916899;
1690 : 15390558;
1691 : 14732887;
1692 : 15916893;
1693 : 15916636;
1694 : 15587930;
1695 : 5657143;
1696 : 4605772;
1697 : 4868684;
1698 : 4868684;
1699 : 4868684;
1700 : 4934476;
1701 : 4144960;
1702 : 4210753;
1703 : 4934476;
1704 : 4934475;
1705 : 4671046;
1706 : 4146247;
1707 : 6057076;
1708 : 12764099;
1709 : 16777215;
1710 : 16777215;
1711 : 16777215;
1712 : 16777215;
1713 : 16777215;
1714 : 16777215;
1715 : 16777215;
1716 : 16777215;
1717 : 16777215;
1718 : 16777215;
1719 : 16777215;
1720 : 16777215;
1721 : 16777215;
1722 : 16777215;
1723 : 16777215;
1724 : 16777215;
1725 : 16777215;
1726 : 16777215;
1727 : 16777215;
1728 : 16777215;
1729 : 16777215;
1730 : 16777215;
1731 : 16777215;
1732 : 16777215;
1733 : 16777215;
1734 : 16777215;
1735 : 16777215;
1736 : 16777215;
1737 : 16777215;
1738 : 16777215;
1739 : 16777215;
1740 : 16777215;
1741 : 16777215;
1742 : 16777215;
1743 : 16777215;
1744 : 16777215;
1745 : 16777215;
1746 : 16777215;
1747 : 16777215;
1748 : 16777215;
1749 : 16777215;
1750 : 16777215;
1751 : 16777215;
1752 : 16777215;
1753 : 16777215;
1754 : 16777215;
1755 : 16777215;
1756 : 16777215;
1757 : 16777215;
1758 : 16777215;
1759 : 16777215;
1760 : 16777215;
1761 : 16777215;
1762 : 16777215;
1763 : 16777215;
1764 : 16777215;
1765 : 16777215;
1766 : 16777215;
1767 : 16777215;
1768 : 16777215;
1769 : 16777215;
1770 : 16777215;
1771 : 16777215;
1772 : 16777215;
1773 : 16777215;
1774 : 16777215;
1775 : 16777215;
1776 : 16777215;
1777 : 16777215;
1778 : 16777215;
1779 : 16777215;
1780 : 16777215;
1781 : 16777215;
1782 : 16777215;
1783 : 16777215;
1784 : 16777215;
1785 : 16777215;
1786 : 16777215;
1787 : 16777215;
1788 : 16777215;
1789 : 16777215;
1790 : 16777215;
1791 : 16777215;
1792 : 16777215;
1793 : 16777215;
1794 : 16777215;
1795 : 16777215;
1796 : 16777215;
1797 : 16777215;
1798 : 16777215;
1799 : 16777215;
1800 : 16777215;
1801 : 16777215;
1802 : 16777215;
1803 : 16777215;
1804 : 16777215;
1805 : 16777215;
1806 : 16776958;
1807 : 9476766;
1808 : 10996699;
1809 : 11325664;
1810 : 11325664;
1811 : 11392231;
1812 : 7374466;
1813 : 14732367;
1814 : 16048223;
1815 : 15917427;
1816 : 15983748;
1817 : 15982695;
1818 : 14996057;
1819 : 15653468;
1820 : 15851101;
1821 : 16179806;
1822 : 13352015;
1823 : 4144700;
1824 : 4868684;
1825 : 4868684;
1826 : 4868683;
1827 : 4868682;
1828 : 4868940;
1829 : 4208431;
1830 : 4472893;
1831 : 4934476;
1832 : 4671046;
1833 : 4278089;
1834 : 6518914;
1835 : 10461602;
1836 : 16777215;
1837 : 16777215;
1838 : 16777215;
1839 : 16777215;
1840 : 16777215;
1841 : 16777215;
1842 : 16777215;
1843 : 16777215;
1844 : 16777215;
1845 : 16777215;
1846 : 16777215;
1847 : 16777215;
1848 : 16777215;
1849 : 16777215;
1850 : 16777215;
1851 : 16777215;
1852 : 16777215;
1853 : 16777215;
1854 : 16777215;
1855 : 16777215;
1856 : 16777215;
1857 : 16777215;
1858 : 16777215;
1859 : 16777215;
1860 : 16777215;
1861 : 16777215;
1862 : 16777215;
1863 : 16777215;
1864 : 16777215;
1865 : 16777215;
1866 : 16777215;
1867 : 16777215;
1868 : 16777215;
1869 : 16777215;
1870 : 16777215;
1871 : 16777215;
1872 : 16777215;
1873 : 16777215;
1874 : 16777215;
1875 : 16777215;
1876 : 16777215;
1877 : 16777215;
1878 : 16777215;
1879 : 16777215;
1880 : 16777215;
1881 : 16777215;
1882 : 16777215;
1883 : 16777215;
1884 : 16777215;
1885 : 16777215;
1886 : 16777215;
1887 : 16777215;
1888 : 16777215;
1889 : 16777215;
1890 : 16777215;
1891 : 16777215;
1892 : 16777215;
1893 : 16777215;
1894 : 16777215;
1895 : 16777215;
1896 : 16777215;
1897 : 16777215;
1898 : 16777215;
1899 : 16777215;
1900 : 16777215;
1901 : 16777215;
1902 : 16777215;
1903 : 16777215;
1904 : 16777215;
1905 : 16777215;
1906 : 16777215;
1907 : 16777215;
1908 : 16777215;
1909 : 16777215;
1910 : 16777215;
1911 : 16777215;
1912 : 16777215;
1913 : 16777215;
1914 : 16777215;
1915 : 16777215;
1916 : 16777215;
1917 : 16777215;
1918 : 16777215;
1919 : 16777215;
1920 : 16777215;
1921 : 16777215;
1922 : 16777215;
1923 : 16777215;
1924 : 16777215;
1925 : 16777215;
1926 : 16777215;
1927 : 16777215;
1928 : 16777215;
1929 : 16777215;
1930 : 16777215;
1931 : 16777215;
1932 : 16777215;
1933 : 16777215;
1934 : 15855599;
1935 : 8360088;
1936 : 10735332;
1937 : 9684447;
1938 : 9553118;
1939 : 9160164;
1940 : 6456456;
1941 : 14666318;
1942 : 16049010;
1943 : 16115606;
1944 : 15983748;
1945 : 16048737;
1946 : 12496969;
1947 : 15127641;
1948 : 15916893;
1949 : 16311391;
1950 : 11773512;
1951 : 4013376;
1952 : 4934476;
1953 : 4868684;
1954 : 4868683;
1955 : 4868682;
1956 : 4473925;
1957 : 6375211;
1958 : 4735806;
1959 : 4737096;
1960 : 4211525;
1961 : 7769753;
1962 : 3422524;
1963 : 12500412;
1964 : 16777215;
1965 : 16777215;
1966 : 16777215;
1967 : 16777215;
1968 : 16777215;
1969 : 16777215;
1970 : 16777215;
1971 : 16777215;
1972 : 16777215;
1973 : 16777215;
1974 : 16777215;
1975 : 16777215;
1976 : 16777215;
1977 : 16777215;
1978 : 16777215;
1979 : 16777215;
1980 : 16777215;
1981 : 16777215;
1982 : 16777215;
1983 : 16777215;
1984 : 16777215;
1985 : 16777215;
1986 : 16777215;
1987 : 16777215;
1988 : 16777215;
1989 : 16777215;
1990 : 16777215;
1991 : 16777215;
1992 : 16777215;
1993 : 16777215;
1994 : 16777215;
1995 : 16777215;
1996 : 16777215;
1997 : 16777215;
1998 : 16777215;
1999 : 16777215;
2000 : 16777215;
2001 : 16777215;
2002 : 16777215;
2003 : 16777215;
2004 : 16777215;
2005 : 16777215;
2006 : 16777215;
2007 : 16777215;
2008 : 16777215;
2009 : 16777215;
2010 : 16777215;
2011 : 16777215;
2012 : 16777215;
2013 : 16777215;
2014 : 16777215;
2015 : 16777215;
2016 : 16777215;
2017 : 16777215;
2018 : 16777215;
2019 : 16777215;
2020 : 16777215;
2021 : 16777215;
2022 : 16777215;
2023 : 16777215;
2024 : 16777215;
2025 : 16777215;
2026 : 16777215;
2027 : 16777215;
2028 : 16777215;
2029 : 16777215;
2030 : 16777215;
2031 : 16777215;
2032 : 16777215;
2033 : 16777215;
2034 : 16777215;
2035 : 16777215;
2036 : 16777215;
2037 : 16777215;
2038 : 16777215;
2039 : 16777215;
2040 : 16777215;
2041 : 16777215;
2042 : 16777215;
2043 : 16777215;
2044 : 16777215;
2045 : 16777215;
2046 : 16777215;
2047 : 16777215;
2048 : 16777215;
2049 : 16777215;
2050 : 16777215;
2051 : 16777215;
2052 : 16777215;
2053 : 16777215;
2054 : 16777215;
2055 : 16777215;
2056 : 16777215;
2057 : 16777215;
2058 : 16777215;
2059 : 16777215;
2060 : 16777215;
2061 : 16777215;
2062 : 14605532;
2063 : 7903143;
2064 : 8831970;
2065 : 7977949;
2066 : 7912156;
2067 : 7912930;
2068 : 6325128;
2069 : 14666320;
2070 : 16181130;
2071 : 16049547;
2072 : 15851366;
2073 : 16114270;
2074 : 11313219;
2075 : 15061848;
2076 : 15916893;
2077 : 16311647;
2078 : 11312710;
2079 : 4013377;
2080 : 4934477;
2081 : 4868684;
2082 : 4868684;
2083 : 4868940;
2084 : 4406843;
2085 : 8411183;
2086 : 4538171;
2087 : 3948095;
2088 : 8362406;
2089 : 5002588;
2090 : 3354931;
2091 : 13158859;
2092 : 16711423;
2093 : 16777215;
2094 : 16777215;
2095 : 16777215;
2096 : 16777215;
2097 : 16777215;
2098 : 16777215;
2099 : 16777215;
2100 : 16777215;
2101 : 16777215;
2102 : 16777215;
2103 : 16777215;
2104 : 16777215;
2105 : 16777215;
2106 : 16777215;
2107 : 16777215;
2108 : 16777215;
2109 : 16777215;
2110 : 16777215;
2111 : 16777215;
2112 : 16777215;
2113 : 16777215;
2114 : 16777215;
2115 : 16777215;
2116 : 16777215;
2117 : 16777215;
2118 : 16777215;
2119 : 16777215;
2120 : 16777215;
2121 : 16777215;
2122 : 16777215;
2123 : 16777215;
2124 : 16777215;
2125 : 16777215;
2126 : 16777215;
2127 : 16777215;
2128 : 16777215;
2129 : 16777215;
2130 : 16777215;
2131 : 16777215;
2132 : 16777215;
2133 : 16777215;
2134 : 16777215;
2135 : 16777215;
2136 : 16777215;
2137 : 16777215;
2138 : 16777215;
2139 : 16777215;
2140 : 16777215;
2141 : 16777215;
2142 : 16777215;
2143 : 16777215;
2144 : 16777215;
2145 : 16777215;
2146 : 16777215;
2147 : 16777215;
2148 : 16777215;
2149 : 16777215;
2150 : 16777215;
2151 : 16777215;
2152 : 16777215;
2153 : 16777215;
2154 : 16777215;
2155 : 16777215;
2156 : 16777215;
2157 : 16777215;
2158 : 16777215;
2159 : 16777215;
2160 : 16777215;
2161 : 16777215;
2162 : 16777215;
2163 : 16777215;
2164 : 16777215;
2165 : 16777215;
2166 : 16777215;
2167 : 16777215;
2168 : 16777215;
2169 : 16777215;
2170 : 16777215;
2171 : 16777215;
2172 : 16777215;
2173 : 16777215;
2174 : 16777215;
2175 : 16777215;
2176 : 16777215;
2177 : 16777215;
2178 : 16777215;
2179 : 16777215;
2180 : 16777215;
2181 : 16777215;
2182 : 16777215;
2183 : 16777215;
2184 : 16777215;
2185 : 16777215;
2186 : 16777215;
2187 : 16777215;
2188 : 16777215;
2189 : 16777215;
2190 : 13553358;
2191 : 7380406;
2192 : 8109792;
2193 : 7912156;
2194 : 7846620;
2195 : 7781858;
2196 : 6587779;
2197 : 15126874;
2198 : 16181396;
2199 : 15917429;
2200 : 15850844;
2201 : 16114270;
2202 : 11312964;
2203 : 14864471;
2204 : 15982686;
2205 : 16377439;
2206 : 11181126;
2207 : 4013378;
2208 : 4934477;
2209 : 4868684;
2210 : 4934477;
2211 : 4868943;
2212 : 4734004;
2213 : 8870447;
2214 : 3485740;
2215 : 8099491;
2216 : 6254194;
2217 : 4538674;
2218 : 5657151;
2219 : 9472881;
2220 : 10526078;
2221 : 10460563;
2222 : 16579837;
2223 : 16777215;
2224 : 16777215;
2225 : 16777215;
2226 : 16777215;
2227 : 16777215;
2228 : 16777215;
2229 : 16777215;
2230 : 16777215;
2231 : 16777215;
2232 : 16777215;
2233 : 16777215;
2234 : 16777215;
2235 : 16777215;
2236 : 16777215;
2237 : 16777215;
2238 : 16777215;
2239 : 16777215;
2240 : 16777215;
2241 : 16777215;
2242 : 16777215;
2243 : 16777215;
2244 : 16777215;
2245 : 16777215;
2246 : 16777215;
2247 : 16777215;
2248 : 16777215;
2249 : 16777215;
2250 : 16777215;
2251 : 16777215;
2252 : 16777215;
2253 : 16777215;
2254 : 16777215;
2255 : 16777215;
2256 : 16777215;
2257 : 16777215;
2258 : 16777215;
2259 : 16777215;
2260 : 16777215;
2261 : 16777215;
2262 : 16777215;
2263 : 16777215;
2264 : 16777215;
2265 : 16777215;
2266 : 16777215;
2267 : 16777215;
2268 : 16777215;
2269 : 16777215;
2270 : 16777215;
2271 : 16777215;
2272 : 16777215;
2273 : 16777215;
2274 : 16777215;
2275 : 16777215;
2276 : 16777215;
2277 : 16777215;
2278 : 16777215;
2279 : 16777215;
2280 : 16777215;
2281 : 16777215;
2282 : 16777215;
2283 : 16777215;
2284 : 16777215;
2285 : 16777215;
2286 : 16777215;
2287 : 16777215;
2288 : 16777215;
2289 : 16777215;
2290 : 16777215;
2291 : 16777215;
2292 : 16777215;
2293 : 16777215;
2294 : 16777215;
2295 : 16777215;
2296 : 16777215;
2297 : 16777215;
2298 : 16777215;
2299 : 16777215;
2300 : 16777215;
2301 : 16777215;
2302 : 16777215;
2303 : 16777215;
2304 : 16777215;
2305 : 16777215;
2306 : 16777215;
2307 : 16777215;
2308 : 16777215;
2309 : 16777215;
2310 : 16777215;
2311 : 16777215;
2312 : 16777215;
2313 : 16777215;
2314 : 16777215;
2315 : 16777215;
2316 : 16777215;
2317 : 16777215;
2318 : 12961478;
2319 : 6593463;
2320 : 7978464;
2321 : 7846620;
2322 : 7715547;
2323 : 7650530;
2324 : 6915192;
2325 : 15521889;
2326 : 16115340;
2327 : 15851363;
2328 : 15851099;
2329 : 16180063;
2330 : 11970887;
2331 : 14403925;
2332 : 15785309;
2333 : 15851100;
2334 : 11904840;
2335 : 4013376;
2336 : 5000270;
2337 : 4802892;
2338 : 4210497;
2339 : 3354927;
2340 : 6050605;
2341 : 7496233;
2342 : 5535625;
2343 : 7968417;
2344 : 12366188;
2345 : 15720845;
2346 : 16049808;
2347 : 16115342;
2348 : 15062912;
2349 : 9999747;
2350 : 16645630;
2351 : 16777215;
2352 : 16777215;
2353 : 16777215;
2354 : 16777215;
2355 : 16777215;
2356 : 16777215;
2357 : 16777215;
2358 : 16777215;
2359 : 16777215;
2360 : 16777215;
2361 : 16777215;
2362 : 16777215;
2363 : 16777215;
2364 : 16777215;
2365 : 16777215;
2366 : 16777215;
2367 : 16777215;
2368 : 16777215;
2369 : 16777215;
2370 : 16777215;
2371 : 16777215;
2372 : 16777215;
2373 : 16777215;
2374 : 16777215;
2375 : 16777215;
2376 : 16777215;
2377 : 16777215;
2378 : 16777215;
2379 : 16777215;
2380 : 16777215;
2381 : 16777215;
2382 : 16777215;
2383 : 16777215;
2384 : 16777215;
2385 : 16777215;
2386 : 16777215;
2387 : 16777215;
2388 : 16777215;
2389 : 16777215;
2390 : 16777215;
2391 : 16777215;
2392 : 16777215;
2393 : 16777215;
2394 : 16777215;
2395 : 16777215;
2396 : 16777215;
2397 : 16777215;
2398 : 16777215;
2399 : 16777215;
2400 : 16777215;
2401 : 16777215;
2402 : 16777215;
2403 : 16777215;
2404 : 16777215;
2405 : 16777215;
2406 : 16777215;
2407 : 16777215;
2408 : 16777215;
2409 : 16777215;
2410 : 16777215;
2411 : 16777215;
2412 : 16777215;
2413 : 16777215;
2414 : 16777215;
2415 : 16777215;
2416 : 16777215;
2417 : 16777215;
2418 : 16777215;
2419 : 16777215;
2420 : 16777215;
2421 : 16777215;
2422 : 16777215;
2423 : 16777215;
2424 : 16777215;
2425 : 16777215;
2426 : 16777215;
2427 : 16777215;
2428 : 16777215;
2429 : 16777215;
2430 : 16777215;
2431 : 16777215;
2432 : 16777215;
2433 : 16777215;
2434 : 16777215;
2435 : 16777215;
2436 : 16777215;
2437 : 16777215;
2438 : 16777215;
2439 : 16777215;
2440 : 16777215;
2441 : 16777215;
2442 : 16777215;
2443 : 16777215;
2444 : 16777215;
2445 : 14145496;
2446 : 11909051;
2447 : 6528183;
2448 : 7847391;
2449 : 7715804;
2450 : 7715547;
2451 : 7452894;
2452 : 7701863;
2453 : 16047455;
2454 : 15916906;
2455 : 15851102;
2456 : 15851105;
2457 : 15916895;
2458 : 15259225;
2459 : 14930520;
2460 : 10589760;
2461 : 15653724;
2462 : 12759628;
2463 : 3684412;
2464 : 4013635;
2465 : 4735791;
2466 : 2832960;
2467 : 9078859;
2468 : 15192655;
2469 : 7243124;
2470 : 6265019;
2471 : 10525799;
2472 : 16641684;
2473 : 16246930;
2474 : 16180881;
2475 : 16575893;
2476 : 11774575;
2477 : 13684945;
2478 : 16777215;
2479 : 16777215;
2480 : 16777215;
2481 : 16777215;
2482 : 16777215;
2483 : 16777215;
2484 : 16777215;
2485 : 16777215;
2486 : 16777215;
2487 : 16777215;
2488 : 16777215;
2489 : 16777215;
2490 : 16777215;
2491 : 16777215;
2492 : 16777215;
2493 : 16777215;
2494 : 16777215;
2495 : 16777215;
2496 : 16777215;
2497 : 16777215;
2498 : 16777215;
2499 : 16777215;
2500 : 16777215;
2501 : 16777215;
2502 : 16777215;
2503 : 16777215;
2504 : 16777215;
2505 : 16777215;
2506 : 16777215;
2507 : 16777215;
2508 : 16777215;
2509 : 16777215;
2510 : 16777215;
2511 : 16777215;
2512 : 16777215;
2513 : 16777215;
2514 : 16777215;
2515 : 16777215;
2516 : 16777215;
2517 : 16777215;
2518 : 16777215;
2519 : 16777215;
2520 : 16777215;
2521 : 16777215;
2522 : 16777215;
2523 : 16777215;
2524 : 16777215;
2525 : 16777215;
2526 : 16777215;
2527 : 16777215;
2528 : 16777215;
2529 : 16777215;
2530 : 16777215;
2531 : 16777215;
2532 : 16777215;
2533 : 16777215;
2534 : 16777215;
2535 : 16777215;
2536 : 16777215;
2537 : 16777215;
2538 : 16777215;
2539 : 16777215;
2540 : 16777215;
2541 : 16777215;
2542 : 16777215;
2543 : 16777215;
2544 : 16777215;
2545 : 16777215;
2546 : 16777215;
2547 : 16777215;
2548 : 16777215;
2549 : 16777215;
2550 : 16777215;
2551 : 16777215;
2552 : 16777215;
2553 : 16777215;
2554 : 16777215;
2555 : 16777215;
2556 : 16777215;
2557 : 16777215;
2558 : 16777215;
2559 : 16777215;
2560 : 16777215;
2561 : 16777215;
2562 : 16777215;
2563 : 16777215;
2564 : 16777215;
2565 : 16777215;
2566 : 16777215;
2567 : 16777215;
2568 : 16777215;
2569 : 16777215;
2570 : 16777215;
2571 : 16777215;
2572 : 16382460;
2573 : 9735780;
2574 : 8682571;
2575 : 6330034;
2576 : 7847648;
2577 : 7715547;
2578 : 7781341;
2579 : 6925264;
2580 : 9474131;
2581 : 16310877;
2582 : 15916642;
2583 : 15851104;
2584 : 15851103;
2585 : 15916894;
2586 : 16180062;
2587 : 6708775;
2588 : 11444548;
2589 : 16508768;
2590 : 14469973;
2591 : 5130540;
2592 : 10655041;
2593 : 9538629;
2594 : 5737644;
2595 : 11183187;
2596 : 8686170;
2597 : 6069704;
2598 : 8094555;
2599 : 16114035;
2600 : 16181136;
2601 : 16115345;
2602 : 16312723;
2603 : 14931331;
2604 : 10460556;
2605 : 16645887;
2606 : 16777215;
2607 : 16777215;
2608 : 16777215;
2609 : 16777215;
2610 : 16777215;
2611 : 16777215;
2612 : 16777215;
2613 : 16777215;
2614 : 16777215;
2615 : 16777215;
2616 : 16777215;
2617 : 16777215;
2618 : 16777215;
2619 : 16777215;
2620 : 16777215;
2621 : 16777215;
2622 : 16777215;
2623 : 16777215;
2624 : 16777215;
2625 : 16777215;
2626 : 16777215;
2627 : 16777215;
2628 : 16777215;
2629 : 16777215;
2630 : 16777215;
2631 : 16777215;
2632 : 16777215;
2633 : 16777215;
2634 : 16777215;
2635 : 16777215;
2636 : 16777215;
2637 : 16777215;
2638 : 16777215;
2639 : 16777215;
2640 : 16777215;
2641 : 16777215;
2642 : 16777215;
2643 : 16777215;
2644 : 16777215;
2645 : 16777215;
2646 : 16777215;
2647 : 16777215;
2648 : 16777215;
2649 : 16777215;
2650 : 16777215;
2651 : 16777215;
2652 : 16777215;
2653 : 16777215;
2654 : 16777215;
2655 : 16777215;
2656 : 16777215;
2657 : 16777215;
2658 : 16777215;
2659 : 16777215;
2660 : 16777215;
2661 : 16777215;
2662 : 16777215;
2663 : 16777215;
2664 : 16777215;
2665 : 16777215;
2666 : 16777215;
2667 : 16777215;
2668 : 16777215;
2669 : 16777215;
2670 : 16777215;
2671 : 16777215;
2672 : 16777215;
2673 : 16777215;
2674 : 16777215;
2675 : 16777215;
2676 : 16777215;
2677 : 16777215;
2678 : 16777215;
2679 : 16777215;
2680 : 16777215;
2681 : 16777215;
2682 : 16777215;
2683 : 16777215;
2684 : 16777215;
2685 : 16777215;
2686 : 16777215;
2687 : 16777215;
2688 : 16777215;
2689 : 16777215;
2690 : 16777215;
2691 : 16777215;
2692 : 16777215;
2693 : 16777215;
2694 : 16777215;
2695 : 16777215;
2696 : 16777215;
2697 : 16777215;
2698 : 16777215;
2699 : 16777215;
2700 : 15658996;
2701 : 11379547;
2702 : 14206025;
2703 : 6394018;
2704 : 7847649;
2705 : 7715547;
2706 : 7847648;
2707 : 6264498;
2708 : 12299595;
2709 : 16245598;
2710 : 15851362;
2711 : 15851101;
2712 : 15851101;
2713 : 16508768;
2714 : 9076533;
2715 : 4013123;
2716 : 10458179;
2717 : 16377183;
2718 : 15785309;
2719 : 15587930;
2720 : 14271821;
2721 : 6391696;
2722 : 6989768;
2723 : 6184762;
2724 : 6462908;
2725 : 6520438;
2726 : 14732111;
2727 : 16179813;
2728 : 16049285;
2729 : 16180882;
2730 : 16181135;
2731 : 10525300;
2732 : 15132393;
2733 : 16777215;
2734 : 16777215;
2735 : 16777215;
2736 : 16777215;
2737 : 16777215;
2738 : 16777215;
2739 : 16777215;
2740 : 16777215;
2741 : 16777215;
2742 : 16777215;
2743 : 13948117;
2744 : 14342873;
2745 : 16777215;
2746 : 16777215;
2747 : 16777215;
2748 : 16777215;
2749 : 16777215;
2750 : 16777215;
2751 : 16777215;
2752 : 16777215;
2753 : 16777215;
2754 : 16777215;
2755 : 16777215;
2756 : 16777215;
2757 : 16777215;
2758 : 16777215;
2759 : 16251132;
2760 : 15527410;
2761 : 14803687;
2762 : 14211293;
2763 : 13750741;
2764 : 13158603;
2765 : 13356239;
2766 : 13882583;
2767 : 13487824;
2768 : 13619153;
2769 : 14145755;
2770 : 14079963;
2771 : 14408672;
2772 : 14935017;
2773 : 15461617;
2774 : 16185082;
2775 : 16777215;
2776 : 16777215;
2777 : 16777215;
2778 : 16777215;
2779 : 16777215;
2780 : 16777215;
2781 : 16777215;
2782 : 16777215;
2783 : 16777215;
2784 : 16777215;
2785 : 16777215;
2786 : 16777215;
2787 : 16777215;
2788 : 16777215;
2789 : 16777215;
2790 : 16777215;
2791 : 16777215;
2792 : 16777215;
2793 : 16777215;
2794 : 16777215;
2795 : 16777215;
2796 : 16777215;
2797 : 16777215;
2798 : 16777215;
2799 : 16777215;
2800 : 16777215;
2801 : 16777215;
2802 : 16777215;
2803 : 16777215;
2804 : 16777215;
2805 : 16777215;
2806 : 16777215;
2807 : 16777215;
2808 : 16777215;
2809 : 16777215;
2810 : 16777215;
2811 : 16777215;
2812 : 16777215;
2813 : 16777215;
2814 : 16777215;
2815 : 16777215;
2816 : 16777215;
2817 : 16777215;
2818 : 16777215;
2819 : 16777215;
2820 : 16777215;
2821 : 16777215;
2822 : 16777215;
2823 : 16777215;
2824 : 16777215;
2825 : 16777215;
2826 : 16777215;
2827 : 16777215;
2828 : 15461616;
2829 : 11313496;
2830 : 15455569;
2831 : 6587522;
2832 : 7716322;
2833 : 7781340;
2834 : 7782115;
2835 : 6325642;
2836 : 14797904;
2837 : 16114014;
2838 : 15851101;
2839 : 15851101;
2840 : 16442976;
2841 : 11181118;
2842 : 5131595;
2843 : 15066602;
2844 : 7169861;
2845 : 15785306;
2846 : 15982686;
2847 : 15850582;
2848 : 7437919;
2849 : 7715039;
2850 : 6527669;
2851 : 4946064;
2852 : 6130590;
2853 : 12825417;
2854 : 16311390;
2855 : 15851103;
2856 : 16049022;
2857 : 16509845;
2858 : 11642986;
2859 : 10921639;
2860 : 16777215;
2861 : 16777215;
2862 : 16777215;
2863 : 16777215;
2864 : 16777215;
2865 : 16777215;
2866 : 16777215;
2867 : 16777215;
2868 : 16777215;
2869 : 16777215;
2870 : 13684947;
2871 : 8287553;
2872 : 9736321;
2873 : 16777215;
2874 : 16777215;
2875 : 16777215;
2876 : 16777215;
2877 : 16777215;
2878 : 16777215;
2879 : 16777215;
2880 : 16777215;
2881 : 16119288;
2882 : 14869220;
2883 : 13487821;
2884 : 11513516;
2885 : 9802637;
2886 : 8223077;
2887 : 8814424;
2888 : 9209167;
2889 : 9339974;
2890 : 10195013;
2891 : 11379016;
2892 : 11378756;
2893 : 11576135;
2894 : 11773258;
2895 : 11970889;
2896 : 11970633;
2897 : 11970894;
2898 : 11313227;
2899 : 10589769;
2900 : 10129484;
2901 : 11116121;
2902 : 8354131;
2903 : 5329234;
2904 : 7170928;
2905 : 9408146;
2906 : 12237501;
2907 : 14474463;
2908 : 16250875;
2909 : 16777215;
2910 : 16777215;
2911 : 16777215;
2912 : 16777215;
2913 : 16777215;
2914 : 16777215;
2915 : 16777215;
2916 : 16777215;
2917 : 16777215;
2918 : 16777215;
2919 : 16777215;
2920 : 16777215;
2921 : 16777215;
2922 : 16777215;
2923 : 16777215;
2924 : 16777215;
2925 : 16777215;
2926 : 16777215;
2927 : 16777215;
2928 : 16777215;
2929 : 16777215;
2930 : 16777215;
2931 : 16777215;
2932 : 16777215;
2933 : 16777215;
2934 : 16777215;
2935 : 16777215;
2936 : 16777215;
2937 : 16777215;
2938 : 16777215;
2939 : 16777215;
2940 : 16777215;
2941 : 16777215;
2942 : 16777215;
2943 : 16777215;
2944 : 16777215;
2945 : 16777215;
2946 : 16777215;
2947 : 16777215;
2948 : 16777215;
2949 : 16777215;
2950 : 16777215;
2951 : 16777215;
2952 : 16777215;
2953 : 16777215;
2954 : 16777215;
2955 : 16777215;
2956 : 15658739;
2957 : 10261077;
2958 : 16442456;
2959 : 8555873;
2960 : 7321051;
2961 : 7781597;
2962 : 7518687;
2963 : 7768171;
2964 : 15192915;
2965 : 15259225;
2966 : 15916893;
2967 : 16114270;
2968 : 14404179;
2969 : 3617313;
2970 : 13882326;
2971 : 16777215;
2972 : 7828580;
2973 : 14469968;
2974 : 16574303;
2975 : 10853708;
2976 : 6331581;
2977 : 7847135;
2978 : 7385039;
2979 : 5869230;
2980 : 10130508;
2981 : 16376924;
2982 : 15851101;
2983 : 15851103;
2984 : 15983746;
2985 : 16246932;
2986 : 14865798;
2987 : 11642992;
2988 : 10131333;
2989 : 14211291;
2990 : 16777215;
2991 : 15132649;
2992 : 13421515;
2993 : 14079703;
2994 : 16382457;
2995 : 16777215;
2996 : 16382717;
2997 : 11316135;
2998 : 9536839;
2999 : 12692547;
3000 : 6643530;
3001 : 16316923;
3002 : 16777215;
3003 : 16777215;
3004 : 16777215;
3005 : 16382716;
3006 : 14606305;
3007 : 12237497;
3008 : 10328975;
3009 : 10262392;
3010 : 11972219;
3011 : 12564346;
3012 : 12628830;
3013 : 13417294;
3014 : 14864210;
3015 : 15785305;
3016 : 16114268;
3017 : 16245597;
3018 : 16311390;
3019 : 16311134;
3020 : 16245854;
3021 : 16245854;
3022 : 16245598;
3023 : 16245598;
3024 : 16245598;
3025 : 16180061;
3026 : 16245854;
3027 : 16311389;
3028 : 16245597;
3029 : 16245596;
3030 : 15653720;
3031 : 11181120;
3032 : 4932647;
3033 : 4406314;
3034 : 3880482;
3035 : 4472615;
3036 : 7038798;
3037 : 8749947;
3038 : 11645363;
3039 : 15001065;
3040 : 16777215;
3041 : 16777215;
3042 : 16777215;
3043 : 16777215;
3044 : 16777215;
3045 : 16777215;
3046 : 16777215;
3047 : 16777215;
3048 : 16777215;
3049 : 16777215;
3050 : 16777215;
3051 : 16777215;
3052 : 16777215;
3053 : 16777215;
3054 : 16777215;
3055 : 16777215;
3056 : 16777215;
3057 : 16777215;
3058 : 16777215;
3059 : 16777215;
3060 : 16777215;
3061 : 16777215;
3062 : 16777215;
3063 : 16777215;
3064 : 16777215;
3065 : 16777215;
3066 : 16777215;
3067 : 16777215;
3068 : 16777215;
3069 : 16777215;
3070 : 16777215;
3071 : 16777215;
3072 : 16777215;
3073 : 16777215;
3074 : 16777215;
3075 : 16777215;
3076 : 16777215;
3077 : 16777215;
3078 : 16777215;
3079 : 16777215;
3080 : 16777215;
3081 : 16777215;
3082 : 16777215;
3083 : 16777215;
3084 : 16185339;
3085 : 10393185;
3086 : 16442714;
3087 : 11905614;
3088 : 6594236;
3089 : 7913441;
3090 : 7057364;
3091 : 9803096;
3092 : 8879163;
3093 : 10984264;
3094 : 16311647;
3095 : 16245598;
3096 : 6380073;
3097 : 3885912;
3098 : 15987442;
3099 : 16777215;
3100 : 8618360;
3101 : 14337870;
3102 : 13943115;
3103 : 6457484;
3104 : 5802401;
3105 : 5669525;
3106 : 7189210;
3107 : 7831382;
3108 : 15916375;
3109 : 15916894;
3110 : 15851101;
3111 : 15785565;
3112 : 15982705;
3113 : 16049546;
3114 : 16246931;
3115 : 16575892;
3116 : 15260549;
3117 : 10722412;
3118 : 7301981;
3119 : 8483908;
3120 : 9206841;
3121 : 8681273;
3122 : 9539725;
3123 : 12171707;
3124 : 7959648;
3125 : 9009718;
3126 : 12100423;
3127 : 10521920;
3128 : 5787437;
3129 : 14474460;
3130 : 16777215;
3131 : 15593199;
3132 : 11579050;
3133 : 9933946;
3134 : 11051377;
3135 : 12958587;
3136 : 15194766;
3137 : 16510620;
3138 : 16773535;
3139 : 16707743;
3140 : 16377985;
3141 : 16114018;
3142 : 15982686;
3143 : 15851101;
3144 : 15851101;
3145 : 15851101;
3146 : 15851101;
3147 : 15851101;
3148 : 15851101;
3149 : 15916893;
3150 : 16048478;
3151 : 16180063;
3152 : 16311391;
3153 : 16377184;
3154 : 16377440;
3155 : 16442976;
3156 : 16377439;
3157 : 16377439;
3158 : 16377183;
3159 : 16311647;
3160 : 15587930;
3161 : 15259224;
3162 : 15325017;
3163 : 15522137;
3164 : 15390550;
3165 : 13548873;
3166 : 11049535;
3167 : 8288065;
3168 : 6644838;
3169 : 12237498;
3170 : 16316664;
3171 : 16777215;
3172 : 16777215;
3173 : 16777215;
3174 : 16777215;
3175 : 16777215;
3176 : 16777215;
3177 : 16777215;
3178 : 16777215;
3179 : 16777215;
3180 : 16777215;
3181 : 16777215;
3182 : 16777215;
3183 : 16777215;
3184 : 16777215;
3185 : 16777215;
3186 : 16777215;
3187 : 16777215;
3188 : 16777215;
3189 : 16777215;
3190 : 16777215;
3191 : 16777215;
3192 : 16777215;
3193 : 16777215;
3194 : 16777215;
3195 : 16777215;
3196 : 16777215;
3197 : 16777215;
3198 : 16777215;
3199 : 16777215;
3200 : 16777215;
3201 : 16777215;
3202 : 16777215;
3203 : 16777215;
3204 : 16777215;
3205 : 16777215;
3206 : 16777215;
3207 : 16777215;
3208 : 16777215;
3209 : 16777215;
3210 : 16777215;
3211 : 16777215;
3212 : 16777215;
3213 : 10985856;
3214 : 15785046;
3215 : 13350727;
3216 : 4614263;
3217 : 8045543;
3218 : 6924748;
3219 : 9604424;
3220 : 5855048;
3221 : 8222537;
3222 : 16705887;
3223 : 11904838;
3224 : 1251872;
3225 : 7179935;
3226 : 14474716;
3227 : 16777215;
3228 : 8552560;
3229 : 11180858;
3230 : 4674634;
3231 : 5738675;
3232 : 7367480;
3233 : 7641234;
3234 : 6193541;
3235 : 14403149;
3236 : 16114270;
3237 : 15851101;
3238 : 15851101;
3239 : 15850845;
3240 : 15851107;
3241 : 15983229;
3242 : 16115345;
3243 : 16115345;
3244 : 16378516;
3245 : 16773784;
3246 : 8748364;
3247 : 9469495;
3248 : 10390591;
3249 : 5195303;
3250 : 6445887;
3251 : 8352052;
3252 : 10521916;
3253 : 11179589;
3254 : 10785092;
3255 : 9601596;
3256 : 7299371;
3257 : 12829373;
3258 : 15263978;
3259 : 7499611;
3260 : 12695154;
3261 : 16050070;
3262 : 16707999;
3263 : 15721367;
3264 : 14471306;
3265 : 13484673;
3266 : 13484417;
3267 : 14076806;
3268 : 15588466;
3269 : 15916639;
3270 : 15851101;
3271 : 15851101;
3272 : 15851101;
3273 : 16048478;
3274 : 16311391;
3275 : 16442976;
3276 : 16311646;
3277 : 15588186;
3278 : 14338387;
3279 : 12891467;
3280 : 11773254;
3281 : 10852418;
3282 : 9997630;
3283 : 9471292;
3284 : 8682041;
3285 : 8024376;
3286 : 10720834;
3287 : 16048221;
3288 : 15916893;
3289 : 15982430;
3290 : 15982430;
3291 : 15916893;
3292 : 15916893;
3293 : 16114014;
3294 : 16377440;
3295 : 15916890;
3296 : 6050858;
3297 : 2959410;
3298 : 5460048;
3299 : 11316394;
3300 : 16119546;
3301 : 16777215;
3302 : 16777215;
3303 : 16777215;
3304 : 16777215;
3305 : 16777215;
3306 : 16777215;
3307 : 16777215;
3308 : 16777215;
3309 : 16777215;
3310 : 16777215;
3311 : 16777215;
3312 : 16777215;
3313 : 16777215;
3314 : 16777215;
3315 : 16777215;
3316 : 16777215;
3317 : 16777215;
3318 : 16777215;
3319 : 16777215;
3320 : 16777215;
3321 : 16777215;
3322 : 16777215;
3323 : 16777215;
3324 : 16777215;
3325 : 16777215;
3326 : 16777215;
3327 : 16777215;
3328 : 16777215;
3329 : 16777215;
3330 : 16777215;
3331 : 16777215;
3332 : 16777215;
3333 : 16777215;
3334 : 16777215;
3335 : 16777215;
3336 : 16777215;
3337 : 16777215;
3338 : 16777215;
3339 : 16777215;
3340 : 16777215;
3341 : 11776682;
3342 : 13877580;
3343 : 14535251;
3344 : 4474415;
3345 : 7056331;
3346 : 7187661;
3347 : 7762751;
3348 : 5789784;
3349 : 6447184;
3350 : 14995795;
3351 : 5393705;
3352 : 4221314;
3353 : 7639455;
3354 : 10399414;
3355 : 16250357;
3356 : 4670522;
3357 : 3815986;
3358 : 5539233;
3359 : 4084065;
3360 : 9339193;
3361 : 6713943;
3362 : 11116621;
3363 : 16574303;
3364 : 16179807;
3365 : 15851101;
3366 : 15851101;
3367 : 15850845;
3368 : 15851106;
3369 : 15983226;
3370 : 16246930;
3371 : 16641686;
3372 : 15260555;
3373 : 9997913;
3374 : 8154679;
3375 : 10259008;
3376 : 7497008;
3377 : 9469755;
3378 : 11048002;
3379 : 11179589;
3380 : 10982468;
3381 : 10719299;
3382 : 10258752;
3383 : 10390593;
3384 : 9469493;
3385 : 11118494;
3386 : 16382458;
3387 : 12303030;
3388 : 10394763;
3389 : 6644044;
3390 : 8090958;
3391 : 9603933;
3392 : 10458981;
3393 : 11182700;
3394 : 11906165;
3395 : 13484923;
3396 : 15522406;
3397 : 15851100;
3398 : 15851101;
3399 : 15851101;
3400 : 15785565;
3401 : 14075219;
3402 : 11510341;
3403 : 9076539;
3404 : 7300407;
3405 : 5261619;
3406 : 4143412;
3407 : 3748920;
3408 : 3814460;
3409 : 3880511;
3410 : 3946306;
3411 : 4143683;
3412 : 4143685;
3413 : 4340554;
3414 : 3946036;
3415 : 14141010;
3416 : 16114014;
3417 : 15851101;
3418 : 15851101;
3419 : 15851101;
3420 : 16114270;
3421 : 16114270;
3422 : 15851101;
3423 : 16048478;
3424 : 15061847;
3425 : 6182452;
3426 : 2959411;
3427 : 8024368;
3428 : 9538149;
3429 : 14013915;
3430 : 16777215;
3431 : 16777215;
3432 : 16777215;
3433 : 16777215;
3434 : 16777215;
3435 : 16777215;
3436 : 16777215;
3437 : 16777215;
3438 : 16777215;
3439 : 16777215;
3440 : 16777215;
3441 : 16777215;
3442 : 16777215;
3443 : 16777215;
3444 : 16777215;
3445 : 16777215;
3446 : 16777215;
3447 : 16777215;
3448 : 16777215;
3449 : 16777215;
3450 : 16777215;
3451 : 16777215;
3452 : 16777215;
3453 : 16777215;
3454 : 16777215;
3455 : 16777215;
3456 : 16777215;
3457 : 16777215;
3458 : 16777215;
3459 : 16777215;
3460 : 16777215;
3461 : 16777215;
3462 : 16777215;
3463 : 16777215;
3464 : 16777215;
3465 : 16777215;
3466 : 16777215;
3467 : 16777215;
3468 : 16777215;
3469 : 14540258;
3470 : 11181390;
3471 : 15719514;
3472 : 8549677;
3473 : 4744555;
3474 : 7254224;
3475 : 5592890;
3476 : 6119009;
3477 : 6250337;
3478 : 8221749;
3479 : 10723741;
3480 : 9807021;
3481 : 8498111;
3482 : 10137271;
3483 : 10986916;
3484 : 3354930;
3485 : 5007223;
3486 : 5008766;
3487 : 5000018;
3488 : 10721095;
3489 : 12957001;
3490 : 15785306;
3491 : 14864469;
3492 : 13154638;
3493 : 15719516;
3494 : 15851101;
3495 : 15785309;
3496 : 15851104;
3497 : 16246396;
3498 : 14997385;
3499 : 10919010;
3500 : 7760696;
3501 : 9272633;
3502 : 11179589;
3503 : 10653506;
3504 : 10850884;
3505 : 11114053;
3506 : 10916676;
3507 : 10916676;
3508 : 11114053;
3509 : 9798209;
3510 : 9206335;
3511 : 10982468;
3512 : 10258746;
3513 : 10262664;
3514 : 16777215;
3515 : 16777215;
3516 : 14737636;
3517 : 6184014;
3518 : 13813633;
3519 : 16774305;
3520 : 16773794;
3521 : 16576158;
3522 : 16509842;
3523 : 16246135;
3524 : 15916897;
3525 : 15851101;
3526 : 15851101;
3527 : 15916893;
3528 : 15456347;
3529 : 9273913;
3530 : 5985319;
3531 : 5196073;
3532 : 4538158;
3533 : 4406578;
3534 : 4538165;
3535 : 4538423;
3536 : 4406584;
3537 : 4143672;
3538 : 4077626;
3539 : 3946042;
3540 : 4077630;
3541 : 4472134;
3542 : 4208963;
3543 : 9471037;
3544 : 16442975;
3545 : 16179807;
3546 : 16442976;
3547 : 16048477;
3548 : 13878096;
3549 : 13812304;
3550 : 16377182;
3551 : 15916893;
3552 : 16114270;
3553 : 15061847;
3554 : 7235125;
3555 : 6379822;
3556 : 14995794;
3557 : 10392654;
3558 : 12631997;
3559 : 16777215;
3560 : 16777215;
3561 : 16777215;
3562 : 16777215;
3563 : 16777215;
3564 : 16777215;
3565 : 16777215;
3566 : 16777215;
3567 : 16777215;
3568 : 16777215;
3569 : 16777215;
3570 : 16777215;
3571 : 16777215;
3572 : 16777215;
3573 : 16777215;
3574 : 16777215;
3575 : 16777215;
3576 : 16777215;
3577 : 16777215;
3578 : 16777215;
3579 : 16777215;
3580 : 16777215;
3581 : 16777215;
3582 : 16777215;
3583 : 16777215;
3584 : 16777215;
3585 : 16777215;
3586 : 16777215;
3587 : 16777215;
3588 : 16777215;
3589 : 16777215;
3590 : 16777215;
3591 : 16777215;
3592 : 16777215;
3593 : 16777215;
3594 : 16777215;
3595 : 16777215;
3596 : 16777215;
3597 : 16579838;
3598 : 9998960;
3599 : 15719511;
3600 : 11510340;
3601 : 4079672;
3602 : 6067120;
3603 : 3556167;
3604 : 6315875;
3605 : 6645611;
3606 : 3092271;
3607 : 9737107;
3608 : 14605531;
3609 : 10461860;
3610 : 6777708;
3611 : 4671046;
3612 : 5199195;
3613 : 4416115;
3614 : 5658459;
3615 : 5658460;
3616 : 11181380;
3617 : 13022796;
3618 : 8353598;
3619 : 5197379;
3620 : 5986103;
3621 : 15851099;
3622 : 15916893;
3623 : 15851101;
3624 : 15851106;
3625 : 9340231;
3626 : 7891767;
3627 : 9404218;
3628 : 10916674;
3629 : 11114053;
3630 : 10916676;
3631 : 10916676;
3632 : 10916676;
3633 : 10916676;
3634 : 10916676;
3635 : 10982469;
3636 : 10522178;
3637 : 8022075;
3638 : 8284990;
3639 : 10916420;
3640 : 10719036;
3641 : 8683110;
3642 : 10987689;
3643 : 7171438;
3644 : 5460821;
3645 : 5263443;
3646 : 5657672;
3647 : 9406558;
3648 : 14076549;
3649 : 16312718;
3650 : 16509047;
3651 : 16048485;
3652 : 15851101;
3653 : 15851101;
3654 : 15851101;
3655 : 15851101;
3656 : 15851101;
3657 : 16180062;
3658 : 16311647;
3659 : 16114269;
3660 : 15522138;
3661 : 15061847;
3662 : 14798933;
3663 : 14601556;
3664 : 14206802;
3665 : 13614927;
3666 : 13154381;
3667 : 12628298;
3668 : 12562506;
3669 : 7037748;
3670 : 4274758;
3671 : 5196083;
3672 : 15127638;
3673 : 13483087;
3674 : 9602621;
3675 : 6248499;
3676 : 4012084;
3677 : 4077619;
3678 : 9602621;
3679 : 15719515;
3680 : 16114270;
3681 : 15982686;
3682 : 16180062;
3683 : 13549135;
3684 : 13286223;
3685 : 11115583;
3686 : 10984262;
3687 : 11645100;
3688 : 16777215;
3689 : 16777215;
3690 : 16777215;
3691 : 16777215;
3692 : 16777215;
3693 : 16777215;
3694 : 16777215;
3695 : 16777215;
3696 : 16777215;
3697 : 16777215;
3698 : 16777215;
3699 : 16777215;
3700 : 16777215;
3701 : 16777215;
3702 : 16777215;
3703 : 16777215;
3704 : 16777215;
3705 : 16777215;
3706 : 16777215;
3707 : 16777215;
3708 : 16777215;
3709 : 16777215;
3710 : 16777215;
3711 : 16777215;
3712 : 16777215;
3713 : 16777215;
3714 : 16777215;
3715 : 16777215;
3716 : 16777215;
3717 : 16777215;
3718 : 16777215;
3719 : 16777215;
3720 : 16777215;
3721 : 16777215;
3722 : 16777215;
3723 : 16777215;
3724 : 16777215;
3725 : 16777215;
3726 : 12829634;
3727 : 12299336;
3728 : 13285964;
3729 : 4671045;
3730 : 4543582;
3731 : 3425100;
3732 : 6381924;
3733 : 6579561;
3734 : 5987425;
3735 : 4079425;
3736 : 4144960;
3737 : 4539461;
3738 : 4605512;
3739 : 6250339;
3740 : 3884878;
3741 : 5331038;
3742 : 6776682;
3743 : 5855836;
3744 : 5000000;
3745 : 5132113;
3746 : 5790564;
3747 : 5724517;
3748 : 9077059;
3749 : 16377182;
3750 : 15851101;
3751 : 15851103;
3752 : 16049014;
3753 : 13747577;
3754 : 8813381;
3755 : 9798461;
3756 : 11048260;
3757 : 10916676;
3758 : 10916676;
3759 : 10916676;
3760 : 10916676;
3761 : 10916676;
3762 : 10916676;
3763 : 11113797;
3764 : 6970414;
3765 : 6246450;
3766 : 5654829;
3767 : 6115886;
3768 : 5525046;
3769 : 4868681;
3770 : 5460823;
3771 : 6119010;
3772 : 6579561;
3773 : 6711147;
3774 : 6513770;
3775 : 5395803;
3776 : 5000265;
3777 : 7038536;
3778 : 10721358;
3779 : 14469973;
3780 : 16180062;
3781 : 16114270;
3782 : 15851101;
3783 : 15851101;
3784 : 15851101;
3785 : 15851101;
3786 : 15851101;
3787 : 15851101;
3788 : 15916893;
3789 : 15982686;
3790 : 15982686;
3791 : 16048478;
3792 : 16048480;
3793 : 16179808;
3794 : 16180063;
3795 : 16245599;
3796 : 16640353;
3797 : 13022795;
3798 : 4011834;
3799 : 4406847;
3800 : 5261617;
3801 : 4077366;
3802 : 3880258;
3803 : 3683136;
3804 : 4011831;
3805 : 4011837;
3806 : 2893621;
3807 : 5525038;
3808 : 14206803;
3809 : 16114014;
3810 : 15851101;
3811 : 16180063;
3812 : 15916893;
3813 : 12036424;
3814 : 9471032;
3815 : 9208648;
3816 : 13619153;
3817 : 16777215;
3818 : 16777215;
3819 : 16777215;
3820 : 16777215;
3821 : 16777215;
3822 : 16777215;
3823 : 16777215;
3824 : 16777215;
3825 : 16777215;
3826 : 16777215;
3827 : 16777215;
3828 : 16777215;
3829 : 16777215;
3830 : 16777215;
3831 : 16777215;
3832 : 16777215;
3833 : 16777215;
3834 : 16777215;
3835 : 16777215;
3836 : 16777215;
3837 : 16777215;
3838 : 16777215;
3839 : 16777215;
3840 : 16777215;
3841 : 16777215;
3842 : 16777215;
3843 : 16777215;
3844 : 16777215;
3845 : 16777215;
3846 : 16777215;
3847 : 16777215;
3848 : 16777215;
3849 : 16777215;
3850 : 16777215;
3851 : 16777215;
3852 : 16777215;
3853 : 16777215;
3854 : 16514045;
3855 : 9538677;
3856 : 11311675;
3857 : 4539190;
3858 : 6250341;
3859 : 5132371;
3860 : 6447975;
3861 : 6513768;
3862 : 6645354;
3863 : 6711147;
3864 : 6514025;
3865 : 6513768;
3866 : 6711147;
3867 : 6316645;
3868 : 5197907;
3869 : 6645097;
3870 : 6513768;
3871 : 6579562;
3872 : 6514027;
3873 : 6645354;
3874 : 6645355;
3875 : 5197906;
3876 : 12825420;
3877 : 16245599;
3878 : 15916892;
3879 : 16114544;
3880 : 16444306;
3881 : 16773785;
3882 : 15655567;
3883 : 7038271;
3884 : 9338169;
3885 : 11048261;
3886 : 10916676;
3887 : 10916676;
3888 : 10916676;
3889 : 10916676;
3890 : 11114053;
3891 : 9338171;
3892 : 2630948;
3893 : 2763053;
3894 : 2894899;
3895 : 4013378;
3896 : 5987682;
3897 : 6777197;
3898 : 6711147;
3899 : 6579561;
3900 : 6119267;
3901 : 5592923;
3902 : 5263700;
3903 : 5329749;
3904 : 5395287;
3905 : 4737359;
3906 : 3355705;
3907 : 3420709;
3908 : 6182960;
3909 : 13483087;
3910 : 16048221;
3911 : 15851101;
3912 : 15851101;
3913 : 15851101;
3914 : 15851101;
3915 : 15851101;
3916 : 15851101;
3917 : 15851101;
3918 : 15851101;
3919 : 15851101;
3920 : 15851105;
3921 : 15851102;
3922 : 15851101;
3923 : 15851101;
3924 : 15916893;
3925 : 15785307;
3926 : 5985333;
3927 : 4801101;
3928 : 4801101;
3929 : 4012098;
3930 : 4669490;
3931 : 9142332;
3932 : 13549134;
3933 : 12233544;
3934 : 9734207;
3935 : 6445616;
3936 : 6906156;
3937 : 15325018;
3938 : 15982686;
3939 : 15325018;
3940 : 15916893;
3941 : 16377439;
3942 : 13877844;
3943 : 8814153;
3944 : 8552301;
3945 : 16514301;
3946 : 16777215;
3947 : 16777215;
3948 : 16777215;
3949 : 16777215;
3950 : 16777215;
3951 : 16777215;
3952 : 16777215;
3953 : 16777215;
3954 : 16777215;
3955 : 16777215;
3956 : 16777215;
3957 : 16777215;
3958 : 16777215;
3959 : 16777215;
3960 : 16777215;
3961 : 16777215;
3962 : 16777215;
3963 : 16777215;
3964 : 16777215;
3965 : 16777215;
3966 : 16777215;
3967 : 16777215;
3968 : 16777215;
3969 : 16777215;
3970 : 16777215;
3971 : 16777215;
3972 : 16777215;
3973 : 16777215;
3974 : 16777215;
3975 : 16777215;
3976 : 16777215;
3977 : 16777215;
3978 : 15790320;
3979 : 15592941;
3980 : 16777215;
3981 : 16777215;
3982 : 16777215;
3983 : 15066857;
3984 : 7761230;
3985 : 6247206;
3986 : 5658717;
3987 : 7106160;
3988 : 8092024;
3989 : 7565939;
3990 : 6513768;
3991 : 6513768;
3992 : 6579561;
3993 : 6645354;
3994 : 6579561;
3995 : 6514025;
3996 : 6645354;
3997 : 6513768;
3998 : 6513768;
3999 : 6513768;
4000 : 6513768;
4001 : 6513768;
4002 : 6119527;
4003 : 7367233;
4004 : 16311388;
4005 : 16311389;
4006 : 15916892;
4007 : 14602354;
4008 : 13024118;
4009 : 10129236;
4010 : 7366459;
4011 : 8154934;
4012 : 10522177;
4013 : 10982468;
4014 : 10916676;
4015 : 10916676;
4016 : 10916676;
4017 : 10916676;
4018 : 11245381;
4019 : 5787440;
4020 : 2895163;
4021 : 3289917;
4022 : 3552574;
4023 : 4605513;
4024 : 6119009;
4025 : 6119526;
4026 : 5527131;
4027 : 6053216;
4028 : 7434869;
4029 : 9539986;
4030 : 11908276;
4031 : 13947860;
4032 : 14408667;
4033 : 14145495;
4034 : 12566465;
4035 : 6380864;
4036 : 8089903;
4037 : 7103533;
4038 : 14469973;
4039 : 16048478;
4040 : 15851101;
4041 : 15851101;
4042 : 15851101;
4043 : 15851101;
4044 : 15851101;
4045 : 15851101;
4046 : 15851101;
4047 : 15851101;
4048 : 15916641;
4049 : 15916640;
4050 : 15851101;
4051 : 15851101;
4052 : 15851101;
4053 : 16377440;
4054 : 10720835;
4055 : 3156792;
4056 : 4209202;
4057 : 8944954;
4058 : 14733141;
4059 : 16443232;
4060 : 16114270;
4061 : 16245855;
4062 : 16442975;
4063 : 16311391;
4064 : 15456347;
4065 : 15653724;
4066 : 16114271;
4067 : 13285966;
4068 : 10457918;
4069 : 15982428;
4070 : 16312184;
4071 : 15062914;
4072 : 9077594;
4073 : 16185082;
4074 : 16777215;
4075 : 16777215;
4076 : 16777215;
4077 : 16777215;
4078 : 16777215;
4079 : 16777215;
4080 : 16777215;
4081 : 16777215;
4082 : 16777215;
4083 : 16777215;
4084 : 16777215;
4085 : 16777215;
4086 : 16777215;
4087 : 16777215;
4088 : 16777215;
4089 : 16777215;
4090 : 16777215;
4091 : 16777215;
4092 : 16777215;
4093 : 16777215;
4094 : 16777215;
4095 : 16777215;
4096 : 16777215;
4097 : 16777215;
4098 : 16777215;
4099 : 16777215;
4100 : 16777215;
4101 : 16777215;
4102 : 16777215;
4103 : 16777215;
4104 : 16777215;
4105 : 16777215;
4106 : 14671582;
4107 : 6382950;
4108 : 15066597;
4109 : 16777215;
4110 : 16777215;
4111 : 16777215;
4112 : 14869475;
4113 : 6972757;
4114 : 5789267;
4115 : 9275782;
4116 : 8552319;
4117 : 6908524;
4118 : 6448232;
4119 : 6645354;
4120 : 5789788;
4121 : 5592665;
4122 : 5922145;
4123 : 6382440;
4124 : 6645611;
4125 : 6579817;
4126 : 6513768;
4127 : 6513768;
4128 : 6513768;
4129 : 6645354;
4130 : 5066580;
4131 : 6314543;
4132 : 8682304;
4133 : 7301177;
4134 : 5327917;
4135 : 6773805;
4136 : 8483381;
4137 : 9469753;
4138 : 10719298;
4139 : 11179846;
4140 : 10982468;
4141 : 10916676;
4142 : 10916676;
4143 : 10916676;
4144 : 10916676;
4145 : 11048260;
4146 : 10127422;
4147 : 3420721;
4148 : 3289661;
4149 : 3289661;
4150 : 3092538;
4151 : 3157813;
4152 : 3683890;
4153 : 5327406;
4154 : 5459514;
4155 : 9342084;
4156 : 10723733;
4157 : 7565666;
4158 : 14606046;
4159 : 16777215;
4160 : 16777215;
4161 : 16777215;
4162 : 16777215;
4163 : 14211031;
4164 : 10919524;
4165 : 14798672;
4166 : 16180060;
4167 : 15982686;
4168 : 15851101;
4169 : 15851101;
4170 : 15851101;
4171 : 15851101;
4172 : 15851101;
4173 : 15851101;
4174 : 15851102;
4175 : 15851362;
4176 : 15851103;
4177 : 15851101;
4178 : 15851101;
4179 : 15851101;
4180 : 15851101;
4181 : 16048222;
4182 : 14469973;
4183 : 8944953;
4184 : 14075474;
4185 : 16442975;
4186 : 16048478;
4187 : 15851101;
4188 : 15851101;
4189 : 15851101;
4190 : 15851101;
4191 : 15851101;
4192 : 16180063;
4193 : 15982430;
4194 : 15851101;
4195 : 16180063;
4196 : 12102214;
4197 : 11510350;
4198 : 16444304;
4199 : 16443250;
4200 : 10590033;
4201 : 15132653;
4202 : 16777215;
4203 : 16777215;
4204 : 16777215;
4205 : 16777215;
4206 : 16777215;
4207 : 16777215;
4208 : 16777215;
4209 : 16777215;
4210 : 16777215;
4211 : 16777215;
4212 : 16777215;
4213 : 16777215;
4214 : 16777215;
4215 : 16777215;
4216 : 16777215;
4217 : 16777215;
4218 : 16777215;
4219 : 16777215;
4220 : 16777215;
4221 : 16777215;
4222 : 16777215;
4223 : 16777215;
4224 : 16777215;
4225 : 16777215;
4226 : 16777215;
4227 : 16777215;
4228 : 16777215;
4229 : 16777215;
4230 : 16777215;
4231 : 16777215;
4232 : 16777215;
4233 : 16777215;
4234 : 16777215;
4235 : 9607580;
4236 : 7503492;
4237 : 15197925;
4238 : 16777215;
4239 : 16777215;
4240 : 16777215;
4241 : 11908534;
4242 : 6775906;
4243 : 6447458;
4244 : 6448232;
4245 : 6513768;
4246 : 6579818;
4247 : 4934991;
4248 : 7961211;
4249 : 5062715;
4250 : 4797228;
4251 : 4207664;
4252 : 4670531;
4253 : 5790558;
4254 : 6514283;
4255 : 6579561;
4256 : 6513768;
4257 : 6513768;
4258 : 6185059;
4259 : 5790561;
4260 : 5000533;
4261 : 4342601;
4262 : 3750465;
4263 : 6181933;
4264 : 11442758;
4265 : 11048261;
4266 : 10916676;
4267 : 10916676;
4268 : 10916676;
4269 : 10916676;
4270 : 10916676;
4271 : 10916676;
4272 : 10916676;
4273 : 11245637;
4274 : 7300149;
4275 : 2895162;
4276 : 2894902;
4277 : 3025966;
4278 : 3748392;
4279 : 6378032;
4280 : 6312746;
4281 : 10324799;
4282 : 10850882;
4283 : 9930041;
4284 : 11311165;
4285 : 7892024;
4286 : 14672099;
4287 : 16777215;
4288 : 16777215;
4289 : 16777215;
4290 : 16777215;
4291 : 16777215;
4292 : 15724530;
4293 : 11118226;
4294 : 10392391;
4295 : 14798417;
4296 : 16311647;
4297 : 15916894;
4298 : 15851101;
4299 : 15851101;
4300 : 15851101;
4301 : 15851101;
4302 : 15851101;
4303 : 15851101;
4304 : 15851101;
4305 : 15851101;
4306 : 15851101;
4307 : 15851101;
4308 : 15851101;
4309 : 15851101;
4310 : 15916893;
4311 : 16377183;
4312 : 16114014;
4313 : 15851101;
4314 : 15851101;
4315 : 15851101;
4316 : 15851101;
4317 : 15851101;
4318 : 15851101;
4319 : 15851101;
4320 : 12101960;
4321 : 15390554;
4322 : 15916893;
4323 : 15851099;
4324 : 16246120;
4325 : 10524506;
4326 : 14602092;
4327 : 16311388;
4328 : 9603149;
4329 : 15330031;
4330 : 16777215;
4331 : 16777215;
4332 : 16777215;
4333 : 16777215;
4334 : 16777215;
4335 : 16777215;
4336 : 16777215;
4337 : 16777215;
4338 : 16777215;
4339 : 16777215;
4340 : 16777215;
4341 : 16777215;
4342 : 16777215;
4343 : 16777215;
4344 : 16777215;
4345 : 16777215;
4346 : 16777215;
4347 : 16777215;
4348 : 16777215;
4349 : 16777215;
4350 : 16777215;
4351 : 16777215;
4352 : 16777215;
4353 : 16777215;
4354 : 16777215;
4355 : 16777215;
4356 : 16777215;
4357 : 16777215;
4358 : 16777215;
4359 : 16777215;
4360 : 16777215;
4361 : 16777215;
4362 : 16777215;
4363 : 15329769;
4364 : 8031895;
4365 : 8753559;
4366 : 12237241;
4367 : 9871009;
4368 : 15066082;
4369 : 8750211;
4370 : 8289661;
4371 : 6711145;
4372 : 6513768;
4373 : 6711147;
4374 : 5395029;
4375 : 4140585;
4376 : 10196885;
4377 : 6837840;
4378 : 7160886;
4379 : 7161400;
4380 : 7621173;
4381 : 5454378;
4382 : 5130308;
4383 : 5922147;
4384 : 6579562;
4385 : 6513768;
4386 : 6579561;
4387 : 6316645;
4388 : 4934733;
4389 : 4868684;
4390 : 4803150;
4391 : 4078384;
4392 : 10456127;
4393 : 10982469;
4394 : 10916676;
4395 : 10916676;
4396 : 10916676;
4397 : 10916676;
4398 : 10916676;
4399 : 10916676;
4400 : 10982468;
4401 : 10851138;
4402 : 4209710;
4403 : 2105124;
4404 : 4668713;
4405 : 6641461;
4406 : 8350781;
4407 : 9600832;
4408 : 7102253;
4409 : 10719298;
4410 : 10982468;
4411 : 11113797;
4412 : 10719040;
4413 : 6576955;
4414 : 15527150;
4415 : 16777215;
4416 : 16777215;
4417 : 16777215;
4418 : 16777215;
4419 : 16777215;
4420 : 16777215;
4421 : 16777215;
4422 : 13750743;
4423 : 9209711;
4424 : 11049795;
4425 : 15324756;
4426 : 16377183;
4427 : 15982686;
4428 : 15851101;
4429 : 15851101;
4430 : 15851101;
4431 : 15851101;
4432 : 15851101;
4433 : 15851101;
4434 : 15851101;
4435 : 15851101;
4436 : 15851101;
4437 : 15851101;
4438 : 15851101;
4439 : 15851101;
4440 : 15851101;
4441 : 15851101;
4442 : 15851101;
4443 : 15851101;
4444 : 15851101;
4445 : 15851101;
4446 : 15851101;
4447 : 16048478;
4448 : 13285967;
4449 : 10391870;
4450 : 16048221;
4451 : 15917422;
4452 : 16180871;
4453 : 14733419;
4454 : 14074963;
4455 : 14600529;
4456 : 8551266;
4457 : 16514302;
4458 : 16777215;
4459 : 16777215;
4460 : 16777215;
4461 : 16777215;
4462 : 16777215;
4463 : 16777215;
4464 : 16777215;
4465 : 16777215;
4466 : 16777215;
4467 : 16777215;
4468 : 16777215;
4469 : 16777215;
4470 : 16777215;
4471 : 16777215;
4472 : 16777215;
4473 : 16777215;
4474 : 16777215;
4475 : 16777215;
4476 : 16777215;
4477 : 16777215;
4478 : 16777215;
4479 : 16777215;
4480 : 16777215;
4481 : 16777215;
4482 : 16777215;
4483 : 16777215;
4484 : 16777215;
4485 : 16777215;
4486 : 16777215;
4487 : 16777215;
4488 : 16777215;
4489 : 16777215;
4490 : 16777215;
4491 : 16777215;
4492 : 11974840;
4493 : 8232364;
4494 : 5400692;
4495 : 5606053;
4496 : 6721443;
4497 : 4541777;
4498 : 5658201;
4499 : 6382182;
4500 : 6645354;
4501 : 6382697;
4502 : 4865080;
4503 : 7095350;
4504 : 6306864;
4505 : 6504501;
4506 : 7161401;
4507 : 7095865;
4508 : 7358777;
4509 : 8409908;
4510 : 12418888;
4511 : 6310970;
4512 : 5856354;
4513 : 6579561;
4514 : 6447975;
4515 : 4737097;
4516 : 4868683;
4517 : 4868684;
4518 : 4868686;
4519 : 4078646;
4520 : 10061373;
4521 : 11048261;
4522 : 10916676;
4523 : 10916676;
4524 : 10916676;
4525 : 10916676;
4526 : 10916676;
4527 : 10916676;
4528 : 11179845;
4529 : 8878139;
4530 : 1776416;
4531 : 2696215;
4532 : 7101753;
4533 : 7693628;
4534 : 9929538;
4535 : 9009466;
4536 : 4340254;
4537 : 6576170;
4538 : 11245381;
4539 : 11114053;
4540 : 8746292;
4541 : 7695433;
4542 : 15987958;
4543 : 16777215;
4544 : 16777215;
4545 : 16777215;
4546 : 16777215;
4547 : 16777215;
4548 : 16777215;
4549 : 16777215;
4550 : 16777215;
4551 : 16645631;
4552 : 12566466;
4553 : 8880995;
4554 : 10918467;
4555 : 14798417;
4556 : 16311389;
4557 : 16114270;
4558 : 15851101;
4559 : 15851101;
4560 : 15851101;
4561 : 15851101;
4562 : 15851101;
4563 : 15851101;
4564 : 15851101;
4565 : 15851101;
4566 : 15851101;
4567 : 15851101;
4568 : 15851101;
4569 : 15851101;
4570 : 15851101;
4571 : 15851101;
4572 : 15851101;
4573 : 15916893;
4574 : 15851101;
4575 : 15851100;
4576 : 16311649;
4577 : 11641932;
4578 : 13221223;
4579 : 16312196;
4580 : 15917164;
4581 : 16180062;
4582 : 11904583;
4583 : 9338420;
4584 : 11184550;
4585 : 16777215;
4586 : 16777215;
4587 : 16777215;
4588 : 16777215;
4589 : 16777215;
4590 : 16777215;
4591 : 16777215;
4592 : 16777215;
4593 : 16777215;
4594 : 16777215;
4595 : 16777215;
4596 : 16777215;
4597 : 16777215;
4598 : 16777215;
4599 : 16777215;
4600 : 16777215;
4601 : 16777215;
4602 : 16777215;
4603 : 16777215;
4604 : 16777215;
4605 : 16777215;
4606 : 16777215;
4607 : 16777215;
4608 : 16777215;
4609 : 16777215;
4610 : 16777215;
4611 : 16777215;
4612 : 16777215;
4613 : 16777215;
4614 : 16777215;
4615 : 16777215;
4616 : 16777215;
4617 : 16777215;
4618 : 16777215;
4619 : 16777215;
4620 : 16579578;
4621 : 8885146;
4622 : 6133427;
4623 : 5010569;
4624 : 6264754;
4625 : 5210523;
4626 : 3949128;
4627 : 6447975;
4628 : 5921630;
4629 : 4407875;
4630 : 6044464;
4631 : 7227194;
4632 : 7161401;
4633 : 7161401;
4634 : 7095865;
4635 : 7161401;
4636 : 6438709;
4637 : 8278838;
4638 : 15573342;
4639 : 15113561;
4640 : 6772295;
4641 : 6382955;
4642 : 4803150;
4643 : 2828842;
4644 : 4210756;
4645 : 4934477;
4646 : 4868941;
4647 : 4078905;
4648 : 9667131;
4649 : 11048261;
4650 : 10916676;
4651 : 10916676;
4652 : 10916676;
4653 : 10916676;
4654 : 10916676;
4655 : 10916676;
4656 : 11245382;
4657 : 5392680;
4658 : 5590058;
4659 : 6181419;
4660 : 6969912;
4661 : 8614206;
4662 : 10653252;
4663 : 8878136;
4664 : 6247466;
4665 : 8220468;
4666 : 11245638;
4667 : 10390592;
4668 : 8812083;
4669 : 8879706;
4670 : 16382460;
4671 : 16777215;
4672 : 16777215;
4673 : 16777215;
4674 : 16777215;
4675 : 16777215;
4676 : 16777215;
4677 : 16777215;
4678 : 16777215;
4679 : 16777215;
4680 : 16777215;
4681 : 16448254;
4682 : 12829895;
4683 : 9341814;
4684 : 10063430;
4685 : 13548874;
4686 : 15851097;
4687 : 16442976;
4688 : 16114270;
4689 : 15916893;
4690 : 15851101;
4691 : 15851101;
4692 : 15851101;
4693 : 15851101;
4694 : 15851101;
4695 : 15851101;
4696 : 15851101;
4697 : 15851101;
4698 : 15851101;
4699 : 16048478;
4700 : 16377184;
4701 : 15456603;
4702 : 15588187;
4703 : 15916898;
4704 : 15982701;
4705 : 15719793;
4706 : 13089116;
4707 : 16114274;
4708 : 15850843;
4709 : 14600790;
4710 : 8286256;
4711 : 5722432;
4712 : 15790321;
4713 : 16777215;
4714 : 16777215;
4715 : 16777215;
4716 : 16777215;
4717 : 16777215;
4718 : 16777215;
4719 : 16777215;
4720 : 16777215;
4721 : 16777215;
4722 : 16777215;
4723 : 16777215;
4724 : 16777215;
4725 : 16777215;
4726 : 16777215;
4727 : 16777215;
4728 : 16777215;
4729 : 16777215;
4730 : 16777215;
4731 : 16777215;
4732 : 16777215;
4733 : 16777215;
4734 : 16777215;
4735 : 16777215;
4736 : 16777215;
4737 : 16777215;
4738 : 16777215;
4739 : 16777215;
4740 : 16777215;
4741 : 16777215;
4742 : 16777215;
4743 : 16777215;
4744 : 16777215;
4745 : 16777215;
4746 : 16777215;
4747 : 16777215;
4748 : 16777215;
4749 : 15592426;
4750 : 7111310;
4751 : 5343654;
4752 : 7043456;
4753 : 9936286;
4754 : 8027775;
4755 : 5592406;
4756 : 5132113;
4757 : 5262926;
4758 : 6176049;
4759 : 7292986;
4760 : 7095865;
4761 : 7095865;
4762 : 7095865;
4763 : 7095865;
4764 : 6701623;
4765 : 8279095;
4766 : 15573598;
4767 : 16296290;
4768 : 12354898;
4769 : 5856098;
4770 : 5262133;
4771 : 8746036;
4772 : 5787435;
4773 : 3881530;
4774 : 5000525;
4775 : 4013372;
4776 : 8943672;
4777 : 11179589;
4778 : 10916676;
4779 : 10916676;
4780 : 10916676;
4781 : 10916676;
4782 : 10916676;
4783 : 10982468;
4784 : 10390593;
4785 : 7694129;
4786 : 10851139;
4787 : 5720873;
4788 : 8153405;
4789 : 9337664;
4790 : 10456130;
4791 : 11245126;
4792 : 8088627;
4793 : 9469755;
4794 : 11114053;
4795 : 10522178;
4796 : 10521660;
4797 : 9209456;
4798 : 16777215;
4799 : 16777215;
4800 : 16777215;
4801 : 16777215;
4802 : 16777215;
4803 : 16777215;
4804 : 16777215;
4805 : 16777215;
4806 : 16777215;
4807 : 16777215;
4808 : 16777215;
4809 : 16777215;
4810 : 16777215;
4811 : 16777215;
4812 : 14540515;
4813 : 11053216;
4814 : 8880475;
4815 : 9931325;
4816 : 13351759;
4817 : 15456346;
4818 : 16180063;
4819 : 16377184;
4820 : 16311648;
4821 : 16311647;
4822 : 16311391;
4823 : 16311392;
4824 : 16311647;
4825 : 16377183;
4826 : 16180062;
4827 : 14272596;
4828 : 10720833;
4829 : 8287539;
4830 : 15653723;
4831 : 16048479;
4832 : 15982687;
4833 : 15916893;
4834 : 14534997;
4835 : 14206291;
4836 : 12627276;
4837 : 11376966;
4838 : 7628337;
4839 : 11645621;
4840 : 16777215;
4841 : 16777215;
4842 : 16777215;
4843 : 16777215;
4844 : 16777215;
4845 : 16777215;
4846 : 16777215;
4847 : 16777215;
4848 : 16777215;
4849 : 16777215;
4850 : 16777215;
4851 : 16777215;
4852 : 16777215;
4853 : 16777215;
4854 : 16777215;
4855 : 16777215;
4856 : 16777215;
4857 : 16777215;
4858 : 16777215;
4859 : 16777215;
4860 : 16777215;
4861 : 16777215;
4862 : 16777215;
4863 : 16777215;
4864 : 16777215;
4865 : 16777215;
4866 : 16777215;
4867 : 16777215;
4868 : 16777215;
4869 : 16777215;
4870 : 16777215;
4871 : 16777215;
4872 : 16777215;
4873 : 16777215;
4874 : 16777215;
4875 : 16777215;
4876 : 16777215;
4877 : 16777215;
4878 : 15263204;
4879 : 7441304;
4880 : 5863044;
4881 : 16316148;
4882 : 16777215;
4883 : 14408667;
4884 : 7105902;
4885 : 4408391;
4886 : 3681835;
4887 : 6241585;
4888 : 7358522;
4889 : 7227194;
4890 : 7095865;
4891 : 7095865;
4892 : 6898745;
4893 : 8344635;
4894 : 15573853;
4895 : 16296546;
4896 : 13143898;
4897 : 4473407;
4898 : 9535548;
4899 : 11442759;
4900 : 11179588;
4901 : 3617054;
4902 : 3815998;
4903 : 4210754;
4904 : 7825973;
4905 : 11245381;
4906 : 10916676;
4907 : 10916676;
4908 : 10916676;
4909 : 10916676;
4910 : 10982468;
4911 : 10916676;
4912 : 10916676;
4913 : 11245382;
4914 : 10061631;
4915 : 3945503;
4916 : 8877119;
4917 : 9929793;
4918 : 10587714;
4919 : 10982468;
4920 : 7036461;
4921 : 10456385;
4922 : 10916932;
4923 : 11048261;
4924 : 9798199;
4925 : 10986908;
4926 : 16777215;
4927 : 16777215;
4928 : 16777215;
4929 : 16777215;
4930 : 16777215;
4931 : 16777215;
4932 : 16777215;
4933 : 16777215;
4934 : 16777215;
4935 : 16777215;
4936 : 16777215;
4937 : 16777215;
4938 : 16777215;
4939 : 15856373;
4940 : 13027016;
4941 : 10526361;
4942 : 6775377;
4943 : 5655334;
4944 : 7233838;
4945 : 7365935;
4946 : 8550197;
4947 : 9997373;
4948 : 10786369;
4949 : 11247171;
4950 : 11707719;
4951 : 11378500;
4952 : 11049538;
4953 : 9866052;
4954 : 7563571;
4955 : 7760177;
4956 : 8812088;
4957 : 8877879;
4958 : 12890190;
4959 : 13219407;
4960 : 13022030;
4961 : 12692812;
4962 : 9469754;
4963 : 9075257;
4964 : 10982468;
4965 : 11113795;
4966 : 7958085;
4967 : 15921910;
4968 : 16777215;
4969 : 16777215;
4970 : 16777215;
4971 : 16777215;
4972 : 16777215;
4973 : 16777215;
4974 : 16777215;
4975 : 16777215;
4976 : 16777215;
4977 : 16777215;
4978 : 16777215;
4979 : 16777215;
4980 : 16777215;
4981 : 16777215;
4982 : 16777215;
4983 : 16777215;
4984 : 16777215;
4985 : 16777215;
4986 : 16777215;
4987 : 16777215;
4988 : 16777215;
4989 : 16777215;
4990 : 16777215;
4991 : 16777215;
4992 : 16777215;
4993 : 16777215;
4994 : 16777215;
4995 : 16777215;
4996 : 16777215;
4997 : 16777215;
4998 : 16777215;
4999 : 16777215;
5000 : 16777215;
5001 : 16777215;
5002 : 16777215;
5003 : 16777215;
5004 : 16777215;
5005 : 16777215;
5006 : 16777215;
5007 : 16250613;
5008 : 11712184;
5009 : 15658734;
5010 : 16777215;
5011 : 16777215;
5012 : 16316664;
5013 : 10724003;
5014 : 4934990;
5015 : 3486257;
5016 : 4140071;
5017 : 5847599;
5018 : 7029815;
5019 : 7292729;
5020 : 7358523;
5021 : 6504499;
5022 : 13339728;
5023 : 13865045;
5024 : 4536626;
5025 : 8945466;
5026 : 12626764;
5027 : 10784835;
5028 : 11311174;
5029 : 6708014;
5030 : 2894896;
5031 : 4276805;
5032 : 6708018;
5033 : 11245381;
5034 : 10916676;
5035 : 10916676;
5036 : 10916676;
5037 : 10982212;
5038 : 10587970;
5039 : 10850883;
5040 : 10916676;
5041 : 11179846;
5042 : 8483383;
5043 : 2696737;
5044 : 9074750;
5045 : 10521667;
5046 : 10785092;
5047 : 10522178;
5048 : 7036717;
5049 : 11048261;
5050 : 10916676;
5051 : 11179845;
5052 : 8154420;
5053 : 12040379;
5054 : 16185337;
5055 : 16777215;
5056 : 16777215;
5057 : 16777215;
5058 : 16777215;
5059 : 16777215;
5060 : 16777215;
5061 : 16777215;
5062 : 16382717;
5063 : 15527151;
5064 : 14145752;
5065 : 12631994;
5066 : 9802114;
5067 : 8089933;
5068 : 8022834;
5069 : 9338165;
5070 : 10719295;
5071 : 11311174;
5072 : 11245382;
5073 : 10850884;
5074 : 10127424;
5075 : 9206843;
5076 : 8812088;
5077 : 8614967;
5078 : 8549174;
5079 : 8548918;
5080 : 8812085;
5081 : 5130303;
5082 : 5459001;
5083 : 11245379;
5084 : 11048261;
5085 : 10785091;
5086 : 10785091;
5087 : 10785091;
5088 : 10785091;
5089 : 11114053;
5090 : 7431215;
5091 : 9338171;
5092 : 11376967;
5093 : 9864507;
5094 : 5459513;
5095 : 12500670;
5096 : 15593457;
5097 : 16777215;
5098 : 16777215;
5099 : 16777215;
5100 : 16777215;
5101 : 16777215;
5102 : 16777215;
5103 : 16777215;
5104 : 16777215;
5105 : 16777215;
5106 : 16777215;
5107 : 16777215;
5108 : 16777215;
5109 : 16777215;
5110 : 16777215;
5111 : 16777215;
5112 : 16777215;
5113 : 16777215;
5114 : 16777215;
5115 : 16777215;
5116 : 16777215;
5117 : 16777215;
5118 : 16777215;
5119 : 16777215;
5120 : 16777215;
5121 : 16777215;
5122 : 16777215;
5123 : 16777215;
5124 : 16777215;
5125 : 16777215;
5126 : 16777215;
5127 : 16777215;
5128 : 16777215;
5129 : 16777215;
5130 : 16777215;
5131 : 16777215;
5132 : 16777215;
5133 : 16777215;
5134 : 16777215;
5135 : 16777215;
5136 : 16777215;
5137 : 16777215;
5138 : 16777215;
5139 : 16777215;
5140 : 16777215;
5141 : 16777215;
5142 : 15198183;
5143 : 10066586;
5144 : 5658714;
5145 : 3421236;
5146 : 3549993;
5147 : 4468263;
5148 : 4993063;
5149 : 4599850;
5150 : 4075304;
5151 : 4142891;
5152 : 6775343;
5153 : 13023052;
5154 : 15324506;
5155 : 12100682;
5156 : 10916676;
5157 : 9732668;
5158 : 3354925;
5159 : 4474186;
5160 : 5393200;
5161 : 11113796;
5162 : 10916676;
5163 : 10916676;
5164 : 10916676;
5165 : 11245381;
5166 : 7629109;
5167 : 7892022;
5168 : 11245381;
5169 : 11311173;
5170 : 6116142;
5171 : 2894899;
5172 : 8483128;
5173 : 10982468;
5174 : 11048005;
5175 : 9601340;
5176 : 7694129;
5177 : 11179846;
5178 : 10916676;
5179 : 11114053;
5180 : 5852457;
5181 : 5524022;
5182 : 6379849;
5183 : 8288106;
5184 : 9143672;
5185 : 9604479;
5186 : 9472633;
5187 : 8814959;
5188 : 8354404;
5189 : 9274984;
5190 : 9405791;
5191 : 9076044;
5192 : 9141311;
5193 : 9469752;
5194 : 10192953;
5195 : 10982209;
5196 : 11179845;
5197 : 11048261;
5198 : 10916676;
5199 : 10916676;
5200 : 10916676;
5201 : 10916676;
5202 : 10982468;
5203 : 11113797;
5204 : 11114053;
5205 : 11179590;
5206 : 11179589;
5207 : 11179589;
5208 : 11245638;
5209 : 9601340;
5210 : 4406306;
5211 : 9206586;
5212 : 11311174;
5213 : 10916676;
5214 : 10916676;
5215 : 10916676;
5216 : 11048005;
5217 : 10390592;
5218 : 6641964;
5219 : 11311430;
5220 : 9601340;
5221 : 5984296;
5222 : 9601339;
5223 : 8549173;
5224 : 7629639;
5225 : 9539203;
5226 : 13290188;
5227 : 16251131;
5228 : 16777215;
5229 : 16777215;
5230 : 16777215;
5231 : 16777215;
5232 : 16777215;
5233 : 16777215;
5234 : 16777215;
5235 : 16777215;
5236 : 16777215;
5237 : 16777215;
5238 : 16777215;
5239 : 16777215;
5240 : 16777215;
5241 : 16777215;
5242 : 16777215;
5243 : 16777215;
5244 : 16777215;
5245 : 16777215;
5246 : 16777215;
5247 : 16777215;
5248 : 16777215;
5249 : 16777215;
5250 : 16777215;
5251 : 16777215;
5252 : 16777215;
5253 : 16777215;
5254 : 16777215;
5255 : 16777215;
5256 : 16777215;
5257 : 16777215;
5258 : 16777215;
5259 : 16777215;
5260 : 16777215;
5261 : 16777215;
5262 : 16777215;
5263 : 16777215;
5264 : 16777215;
5265 : 16777215;
5266 : 16777215;
5267 : 16777215;
5268 : 16777215;
5269 : 16777215;
5270 : 16777215;
5271 : 16777215;
5272 : 16250870;
5273 : 13487565;
5274 : 10527138;
5275 : 8158591;
5276 : 6974316;
5277 : 5461072;
5278 : 7893046;
5279 : 13220431;
5280 : 16377183;
5281 : 16114014;
5282 : 15982686;
5283 : 15456091;
5284 : 12561484;
5285 : 11114053;
5286 : 6510381;
5287 : 3684670;
5288 : 4604470;
5289 : 10587712;
5290 : 10982468;
5291 : 10850884;
5292 : 11048004;
5293 : 11245379;
5294 : 6381373;
5295 : 4542276;
5296 : 10916161;
5297 : 10587713;
5298 : 4341298;
5299 : 4145223;
5300 : 7036724;
5301 : 11245381;
5302 : 11113797;
5303 : 9272635;
5304 : 9535548;
5305 : 11048261;
5306 : 11245382;
5307 : 8943929;
5308 : 5983791;
5309 : 7890235;
5310 : 7627319;
5311 : 7824438;
5312 : 8679735;
5313 : 9732153;
5314 : 10192955;
5315 : 10390331;
5316 : 10521660;
5317 : 10719038;
5318 : 10916416;
5319 : 11048002;
5320 : 11113796;
5321 : 11048261;
5322 : 10982468;
5323 : 10916676;
5324 : 10916676;
5325 : 10916676;
5326 : 10916676;
5327 : 10916676;
5328 : 10916676;
5329 : 10916676;
5330 : 10916676;
5331 : 10916676;
5332 : 10916676;
5333 : 10916676;
5334 : 10916676;
5335 : 10916676;
5336 : 10916676;
5337 : 11179589;
5338 : 10521921;
5339 : 6115880;
5340 : 9403963;
5341 : 11179589;
5342 : 11245638;
5343 : 11376966;
5344 : 11179846;
5345 : 6313257;
5346 : 8089139;
5347 : 7496751;
5348 : 6510634;
5349 : 10061630;
5350 : 11179589;
5351 : 11179589;
5352 : 11048257;
5353 : 9930039;
5354 : 7694387;
5355 : 7564627;
5356 : 11052963;
5357 : 15395822;
5358 : 16777215;
5359 : 16777215;
5360 : 16777215;
5361 : 16777215;
5362 : 16777215;
5363 : 16777215;
5364 : 16777215;
5365 : 16777215;
5366 : 16777215;
5367 : 16777215;
5368 : 16777215;
5369 : 16777215;
5370 : 16777215;
5371 : 16777215;
5372 : 16777215;
5373 : 16777215;
5374 : 16777215;
5375 : 16777215;
5376 : 16777215;
5377 : 16777215;
5378 : 16777215;
5379 : 16777215;
5380 : 16777215;
5381 : 16777215;
5382 : 16777215;
5383 : 16777215;
5384 : 16777215;
5385 : 16777215;
5386 : 16777215;
5387 : 16777215;
5388 : 16777215;
5389 : 16777215;
5390 : 16777215;
5391 : 16777215;
5392 : 16777215;
5393 : 16777215;
5394 : 16777215;
5395 : 16777215;
5396 : 16777215;
5397 : 16777215;
5398 : 16777215;
5399 : 16777215;
5400 : 16777215;
5401 : 16777215;
5402 : 16777215;
5403 : 16777215;
5404 : 16777215;
5405 : 14671839;
5406 : 11839569;
5407 : 16640351;
5408 : 15851101;
5409 : 15851101;
5410 : 15851101;
5411 : 15982685;
5412 : 15785309;
5413 : 13811538;
5414 : 11508550;
5415 : 5590061;
5416 : 2960688;
5417 : 9272634;
5418 : 11376966;
5419 : 8352054;
5420 : 6773805;
5421 : 11441986;
5422 : 5462600;
5423 : 4350316;
5424 : 9403961;
5425 : 8548917;
5426 : 3816252;
5427 : 4803150;
5428 : 4933430;
5429 : 10785089;
5430 : 10982468;
5431 : 10587714;
5432 : 10850627;
5433 : 11179845;
5434 : 9864249;
5435 : 5589543;
5436 : 7561787;
5437 : 7627323;
5438 : 8087868;
5439 : 9403455;
5440 : 10653507;
5441 : 10916676;
5442 : 10916676;
5443 : 10916676;
5444 : 10916676;
5445 : 10916676;
5446 : 10916676;
5447 : 10916676;
5448 : 10916676;
5449 : 10916676;
5450 : 10916676;
5451 : 10916676;
5452 : 10916676;
5453 : 10916676;
5454 : 10916676;
5455 : 10916676;
5456 : 10916676;
5457 : 10916676;
5458 : 10916676;
5459 : 10916676;
5460 : 10916676;
5461 : 10916676;
5462 : 10916676;
5463 : 10916676;
5464 : 10916676;
5465 : 10916676;
5466 : 11113797;
5467 : 10324800;
5468 : 6707756;
5469 : 7168046;
5470 : 8746806;
5471 : 8812342;
5472 : 5327140;
5473 : 5458469;
5474 : 7628849;
5475 : 9535804;
5476 : 11179590;
5477 : 11048261;
5478 : 10916676;
5479 : 10916676;
5480 : 10916676;
5481 : 11048261;
5482 : 11179845;
5483 : 10850367;
5484 : 9009204;
5485 : 7498054;
5486 : 10592669;
5487 : 15922166;
5488 : 16777215;
5489 : 16777215;
5490 : 16777215;
5491 : 16777215;
5492 : 16777215;
5493 : 16777215;
5494 : 16777215;
5495 : 16777215;
5496 : 16777215;
5497 : 16777215;
5498 : 16777215;
5499 : 16777215;
5500 : 16777215;
5501 : 16777215;
5502 : 16777215;
5503 : 16777215;
5504 : 16777215;
5505 : 16777215;
5506 : 16777215;
5507 : 16777215;
5508 : 16777215;
5509 : 16777215;
5510 : 16777215;
5511 : 16777215;
5512 : 16777215;
5513 : 16777215;
5514 : 16777215;
5515 : 16777215;
5516 : 16777215;
5517 : 16777215;
5518 : 16777215;
5519 : 16777215;
5520 : 16777215;
5521 : 16777215;
5522 : 16777215;
5523 : 16777215;
5524 : 16777215;
5525 : 16777215;
5526 : 16777215;
5527 : 16777215;
5528 : 16777215;
5529 : 16777215;
5530 : 16777215;
5531 : 16777215;
5532 : 16777215;
5533 : 15066855;
5534 : 4539194;
5535 : 13548877;
5536 : 16311648;
5537 : 15851101;
5538 : 15851101;
5539 : 15851101;
5540 : 15916893;
5541 : 15982686;
5542 : 15193177;
5543 : 12693068;
5544 : 5590056;
5545 : 6181673;
5546 : 11376966;
5547 : 8813118;
5548 : 3491400;
5549 : 8614193;
5550 : 5004629;
5551 : 5142924;
5552 : 7695678;
5553 : 5655851;
5554 : 4342598;
5555 : 4934477;
5556 : 4013375;
5557 : 7694387;
5558 : 11311173;
5559 : 10916676;
5560 : 11245638;
5561 : 9798457;
5562 : 7038546;
5563 : 5524540;
5564 : 6443565;
5565 : 8614201;
5566 : 10390337;
5567 : 11113796;
5568 : 11179589;
5569 : 11113797;
5570 : 11048261;
5571 : 11048261;
5572 : 11048261;
5573 : 11048261;
5574 : 11048261;
5575 : 11048261;
5576 : 11114053;
5577 : 11114053;
5578 : 11179589;
5579 : 11179589;
5580 : 11179845;
5581 : 11179589;
5582 : 11179589;
5583 : 11179589;
5584 : 11179845;
5585 : 11179589;
5586 : 11114053;
5587 : 11048261;
5588 : 10982468;
5589 : 10916676;
5590 : 10916676;
5591 : 10916676;
5592 : 10916676;
5593 : 10916676;
5594 : 10916676;
5595 : 11048261;
5596 : 11179846;
5597 : 10456385;
5598 : 8943672;
5599 : 8417589;
5600 : 9732668;
5601 : 11179589;
5602 : 11113796;
5603 : 10982211;
5604 : 10785090;
5605 : 10784834;
5606 : 10785090;
5607 : 10784834;
5608 : 10850626;
5609 : 10850883;
5610 : 10916419;
5611 : 10982212;
5612 : 11114053;
5613 : 11048001;
5614 : 9009204;
5615 : 7761747;
5616 : 12369084;
5617 : 16777215;
5618 : 16777215;
5619 : 16777215;
5620 : 16777215;
5621 : 16777215;
5622 : 16777215;
5623 : 16777215;
5624 : 16777215;
5625 : 16777215;
5626 : 16777215;
5627 : 16777215;
5628 : 16777215;
5629 : 16777215;
5630 : 16777215;
5631 : 16777215;
5632 : 16777215;
5633 : 16777215;
5634 : 16777215;
5635 : 16777215;
5636 : 16777215;
5637 : 16777215;
5638 : 16777215;
5639 : 16777215;
5640 : 16777215;
5641 : 16777215;
5642 : 16777215;
5643 : 16777215;
5644 : 16777215;
5645 : 16777215;
5646 : 16777215;
5647 : 16777215;
5648 : 16777215;
5649 : 16777215;
5650 : 16777215;
5651 : 16777215;
5652 : 16777215;
5653 : 16777215;
5654 : 16777215;
5655 : 16777215;
5656 : 16777215;
5657 : 16777215;
5658 : 16777215;
5659 : 16777215;
5660 : 15000803;
5661 : 5263442;
5662 : 2368561;
5663 : 4736045;
5664 : 14206799;
5665 : 16377439;
5666 : 15982430;
5667 : 15851101;
5668 : 15851101;
5669 : 15851101;
5670 : 15916893;
5671 : 16377439;
5672 : 15324249;
5673 : 11311940;
5674 : 11837512;
5675 : 9535548;
5676 : 4745072;
5677 : 3883835;
5678 : 4612197;
5679 : 5801365;
5680 : 3949628;
5681 : 3618096;
5682 : 4934475;
5683 : 4802891;
5684 : 4737100;
5685 : 4275505;
5686 : 10390335;
5687 : 11113797;
5688 : 8614965;
5689 : 9472892;
5690 : 16053751;
5691 : 15066855;
5692 : 10131605;
5693 : 7630164;
5694 : 7760702;
5695 : 8089140;
5696 : 8746291;
5697 : 9140788;
5698 : 9403702;
5699 : 9535030;
5700 : 9601078;
5701 : 9666614;
5702 : 9535286;
5703 : 9272116;
5704 : 9009203;
5705 : 8614963;
5706 : 8351795;
5707 : 8154419;
5708 : 8023090;
5709 : 8023092;
5710 : 8088885;
5711 : 7957301;
5712 : 8023092;
5713 : 8417331;
5714 : 8811827;
5715 : 9403701;
5716 : 9930041;
5717 : 10521660;
5718 : 10982208;
5719 : 11179588;
5720 : 11179589;
5721 : 11048261;
5722 : 10916676;
5723 : 10850626;
5724 : 10718784;
5725 : 10521662;
5726 : 10521148;
5727 : 10520890;
5728 : 10257977;
5729 : 10060343;
5730 : 9994550;
5731 : 9928757;
5732 : 9928758;
5733 : 9994550;
5734 : 9928758;
5735 : 9928758;
5736 : 9994550;
5737 : 9994807;
5738 : 10060600;
5739 : 10191929;
5740 : 10257978;
5741 : 10324027;
5742 : 10718782;
5743 : 10455610;
5744 : 8286003;
5745 : 9538685;
5746 : 15330029;
5747 : 16777215;
5748 : 16777215;
5749 : 16777215;
5750 : 16777215;
5751 : 16777215;
5752 : 16777215;
5753 : 16777215;
5754 : 16777215;
5755 : 16777215;
5756 : 16777215;
5757 : 16777215;
5758 : 16777215;
5759 : 16777215;
5760 : 16777215;
5761 : 16777215;
5762 : 16777215;
5763 : 16777215;
5764 : 16777215;
5765 : 16777215;
5766 : 16777215;
5767 : 16777215;
5768 : 16777215;
5769 : 16777215;
5770 : 16777215;
5771 : 16777215;
5772 : 16777215;
5773 : 16777215;
5774 : 16777215;
5775 : 16777215;
5776 : 16777215;
5777 : 16777215;
5778 : 16777215;
5779 : 16777215;
5780 : 16777215;
5781 : 16777215;
5782 : 16777215;
5783 : 16777215;
5784 : 16777215;
5785 : 13882325;
5786 : 14935011;
5787 : 13948116;
5788 : 4605511;
5789 : 2894901;
5790 : 3158074;
5791 : 2105387;
5792 : 6578249;
5793 : 12365646;
5794 : 14930263;
5795 : 15916893;
5796 : 15851101;
5797 : 16048478;
5798 : 15719516;
5799 : 9799997;
5800 : 15127385;
5801 : 16508769;
5802 : 15719260;
5803 : 13087818;
5804 : 5865353;
5805 : 5999780;
5806 : 5867160;
5807 : 6130844;
5808 : 3624021;
5809 : 4473411;
5810 : 5131854;
5811 : 5197649;
5812 : 5592408;
5813 : 5066580;
5814 : 6576690;
5815 : 11442757;
5816 : 6181933;
5817 : 13487826;
5818 : 16777215;
5819 : 16777215;
5820 : 16777215;
5821 : 16382715;
5822 : 14869478;
5823 : 13224394;
5824 : 11908274;
5825 : 10789534;
5826 : 10394774;
5827 : 10131344;
5828 : 10065550;
5829 : 10131343;
5830 : 10460309;
5831 : 10723741;
5832 : 11381672;
5833 : 11974325;
5834 : 12500927;
5835 : 12698050;
5836 : 12895430;
5837 : 13224395;
5838 : 13421774;
5839 : 13487567;
5840 : 13158602;
5841 : 12434877;
5842 : 11447723;
5843 : 10328981;
5844 : 9078395;
5845 : 8288358;
5846 : 7629900;
5847 : 7563064;
5848 : 8351795;
5849 : 9337649;
5850 : 10126389;
5851 : 10257719;
5852 : 10060086;
5853 : 9796916;
5854 : 9731124;
5855 : 9665331;
5856 : 9665331;
5857 : 9665330;
5858 : 9665330;
5859 : 9665330;
5860 : 9665331;
5861 : 9665331;
5862 : 9665330;
5863 : 9665330;
5864 : 9665331;
5865 : 9665331;
5866 : 9665331;
5867 : 9665331;
5868 : 9665331;
5869 : 9731124;
5870 : 9731124;
5871 : 9862965;
5872 : 10389047;
5873 : 10257712;
5874 : 8484685;
5875 : 13290189;
5876 : 16777215;
5877 : 16777215;
5878 : 16777215;
5879 : 16777215;
5880 : 16777215;
5881 : 16777215;
5882 : 16777215;
5883 : 16777215;
5884 : 16777215;
5885 : 16777215;
5886 : 16777215;
5887 : 16777215;
5888 : 16777215;
5889 : 16777215;
5890 : 16777215;
5891 : 16777215;
5892 : 16777215;
5893 : 16777215;
5894 : 16777215;
5895 : 16777215;
5896 : 16777215;
5897 : 16777215;
5898 : 16777215;
5899 : 16777215;
5900 : 16777215;
5901 : 16777215;
5902 : 16777215;
5903 : 16777215;
5904 : 16777215;
5905 : 16777215;
5906 : 16777215;
5907 : 16777215;
5908 : 15790321;
5909 : 16448250;
5910 : 16777215;
5911 : 14540513;
5912 : 9275771;
5913 : 7300146;
5914 : 6579037;
5915 : 4605512;
5916 : 4473925;
5917 : 3618362;
5918 : 3750205;
5919 : 11579568;
5920 : 10658727;
5921 : 5656616;
5922 : 12430921;
5923 : 16048478;
5924 : 15982686;
5925 : 14207060;
5926 : 15258711;
5927 : 8026185;
5928 : 6318937;
5929 : 13679952;
5930 : 16640096;
5931 : 14600784;
5932 : 6590620;
5933 : 7913444;
5934 : 7714776;
5935 : 7715032;
5936 : 5140610;
5937 : 5723479;
5938 : 6316389;
5939 : 6382438;
5940 : 6514024;
5941 : 6645612;
5942 : 4737094;
5943 : 9403961;
5944 : 10127161;
5945 : 9604994;
5946 : 16777215;
5947 : 16777215;
5948 : 16777215;
5949 : 16777215;
5950 : 16777215;
5951 : 16777215;
5952 : 16777215;
5953 : 16777215;
5954 : 16777215;
5955 : 16777215;
5956 : 16777215;
5957 : 16777215;
5958 : 16777215;
5959 : 16777215;
5960 : 16777215;
5961 : 16777215;
5962 : 16777215;
5963 : 16777215;
5964 : 16777215;
5965 : 16777215;
5966 : 16777215;
5967 : 16777215;
5968 : 16777215;
5969 : 16777215;
5970 : 16777215;
5971 : 16777215;
5972 : 16777215;
5973 : 16777215;
5974 : 15987959;
5975 : 14277597;
5976 : 12039862;
5977 : 9341826;
5978 : 7169356;
5979 : 6904106;
5980 : 8284198;
5981 : 9665071;
5982 : 9862452;
5983 : 9665331;
5984 : 9665331;
5985 : 9665331;
5986 : 9665331;
5987 : 9665331;
5988 : 9665331;
5989 : 9665331;
5990 : 9665331;
5991 : 9665331;
5992 : 9665331;
5993 : 9665331;
5994 : 9665331;
5995 : 9665331;
5996 : 9665331;
5997 : 9665331;
5998 : 9665331;
5999 : 9665331;
6000 : 9599539;
6001 : 10717750;
6002 : 12691255;
6003 : 9403959;
6004 : 11052706;
6005 : 16645887;
6006 : 16777215;
6007 : 16777215;
6008 : 16777215;
6009 : 16777215;
6010 : 16777215;
6011 : 16777215;
6012 : 16777215;
6013 : 16777215;
6014 : 16777215;
6015 : 16777215;
6016 : 16777215;
6017 : 16777215;
6018 : 16777215;
6019 : 16777215;
6020 : 16777215;
6021 : 16777215;
6022 : 16777215;
6023 : 16777215;
6024 : 16777215;
6025 : 16777215;
6026 : 16777215;
6027 : 16777215;
6028 : 16777215;
6029 : 16777215;
6030 : 16777215;
6031 : 16777215;
6032 : 16777215;
6033 : 16777215;
6034 : 16580095;
6035 : 10855069;
6036 : 6512204;
6037 : 15330028;
6038 : 11118758;
6039 : 7497535;
6040 : 10587705;
6041 : 7299630;
6042 : 3092273;
6043 : 4737097;
6044 : 3881787;
6045 : 6710886;
6046 : 14869218;
6047 : 16777215;
6048 : 14211547;
6049 : 9341018;
6050 : 14732880;
6051 : 16377183;
6052 : 16245599;
6053 : 13614927;
6054 : 5856832;
6055 : 8355405;
6056 : 5994118;
6057 : 7177352;
6058 : 10721867;
6059 : 13744963;
6060 : 6391951;
6061 : 7847907;
6062 : 7781598;
6063 : 7979749;
6064 : 5009281;
6065 : 5986395;
6066 : 6645354;
6067 : 6513768;
6068 : 6513768;
6069 : 6514024;
6070 : 6185063;
6071 : 5459252;
6072 : 11047743;
6073 : 8484686;
6074 : 15921909;
6075 : 16777215;
6076 : 16777215;
6077 : 16777215;
6078 : 16777215;
6079 : 16777215;
6080 : 16777215;
6081 : 16777215;
6082 : 16777215;
6083 : 16777215;
6084 : 16777215;
6085 : 16777215;
6086 : 16777215;
6087 : 16777215;
6088 : 16777215;
6089 : 16777215;
6090 : 16777215;
6091 : 16777215;
6092 : 16777215;
6093 : 16777215;
6094 : 16777215;
6095 : 16777215;
6096 : 16777215;
6097 : 16777215;
6098 : 16777215;
6099 : 16777215;
6100 : 16777215;
6101 : 16777215;
6102 : 16777215;
6103 : 16777215;
6104 : 16777215;
6105 : 16777215;
6106 : 16316924;
6107 : 13553617;
6108 : 9473414;
6109 : 6839874;
6110 : 7364135;
6111 : 9205036;
6112 : 9928243;
6113 : 9731123;
6114 : 9665331;
6115 : 9665331;
6116 : 9665331;
6117 : 9665331;
6118 : 9665331;
6119 : 9665331;
6120 : 9665331;
6121 : 9665331;
6122 : 9665331;
6123 : 9665331;
6124 : 9665331;
6125 : 9665331;
6126 : 9665331;
6127 : 9665331;
6128 : 9665331;
6129 : 10191412;
6130 : 12165176;
6131 : 13743674;
6132 : 10390060;
6133 : 9670526;
6134 : 15856375;
6135 : 16777215;
6136 : 16777215;
6137 : 16777215;
6138 : 16777215;
6139 : 16777215;
6140 : 16777215;
6141 : 16777215;
6142 : 16777215;
6143 : 16777215;
6144 : 16777215;
6145 : 16777215;
6146 : 16777215;
6147 : 16777215;
6148 : 16777215;
6149 : 16777215;
6150 : 16777215;
6151 : 16777215;
6152 : 16777215;
6153 : 16777215;
6154 : 16777215;
6155 : 16777215;
6156 : 16777215;
6157 : 16777215;
6158 : 16777215;
6159 : 16777215;
6160 : 16777215;
6161 : 15921909;
6162 : 8815479;
6163 : 8153900;
6164 : 7366996;
6165 : 8552308;
6166 : 8549171;
6167 : 10982207;
6168 : 6116141;
6169 : 3684409;
6170 : 4934476;
6171 : 3881787;
6172 : 9211020;
6173 : 16448250;
6174 : 16777215;
6175 : 16777215;
6176 : 16777215;
6177 : 15395566;
6178 : 9867897;
6179 : 11444550;
6180 : 14798416;
6181 : 16574300;
6182 : 11577683;
6183 : 5472665;
6184 : 6065060;
6185 : 9750501;
6186 : 8694209;
6187 : 6519151;
6188 : 6460325;
6189 : 7913699;
6190 : 7055558;
6191 : 7649754;
6192 : 5008508;
6193 : 6052445;
6194 : 6579561;
6195 : 6513768;
6196 : 6513768;
6197 : 6513768;
6198 : 6645355;
6199 : 5132116;
6200 : 7694385;
6201 : 8812346;
6202 : 13816531;
6203 : 16777215;
6204 : 16777215;
6205 : 13092550;
6206 : 15856113;
6207 : 16777215;
6208 : 16777215;
6209 : 16777215;
6210 : 16777215;
6211 : 16777215;
6212 : 16777215;
6213 : 16777215;
6214 : 16777215;
6215 : 16777215;
6216 : 16777215;
6217 : 16777215;
6218 : 16777215;
6219 : 16777215;
6220 : 16777215;
6221 : 16777215;
6222 : 16777215;
6223 : 16777215;
6224 : 16777215;
6225 : 16777215;
6226 : 16777215;
6227 : 16777215;
6228 : 16777215;
6229 : 16777215;
6230 : 16777215;
6231 : 16777215;
6232 : 16777215;
6233 : 16777215;
6234 : 16777215;
6235 : 16777215;
6236 : 16777215;
6237 : 15856373;
6238 : 11908533;
6239 : 7367255;
6240 : 7101223;
6241 : 9139243;
6242 : 9862708;
6243 : 9730867;
6244 : 9665331;
6245 : 9665331;
6246 : 9665331;
6247 : 9665331;
6248 : 9665331;
6249 : 9665331;
6250 : 9665331;
6251 : 9665331;
6252 : 9665331;
6253 : 9665331;
6254 : 9665331;
6255 : 9665331;
6256 : 9599539;
6257 : 10454581;
6258 : 12362297;
6259 : 13349179;
6260 : 13941052;
6261 : 11704876;
6262 : 9209188;
6263 : 15330030;
6264 : 16777215;
6265 : 16777215;
6266 : 16777215;
6267 : 16777215;
6268 : 16777215;
6269 : 16777215;
6270 : 16777215;
6271 : 16777215;
6272 : 16777215;
6273 : 16777215;
6274 : 16777215;
6275 : 16777215;
6276 : 16777215;
6277 : 16777215;
6278 : 16777215;
6279 : 16777215;
6280 : 16777215;
6281 : 16777215;
6282 : 16777215;
6283 : 16777215;
6284 : 16777215;
6285 : 16777215;
6286 : 16777215;
6287 : 16777215;
6288 : 15395821;
6289 : 7959394;
6290 : 9535286;
6291 : 9272377;
6292 : 5063975;
6293 : 10192956;
6294 : 10456127;
6295 : 4998187;
6296 : 3947584;
6297 : 5000268;
6298 : 3552823;
6299 : 10395294;
6300 : 16777215;
6301 : 16777215;
6302 : 16777215;
6303 : 16777215;
6304 : 16777215;
6305 : 16777215;
6306 : 16580095;
6307 : 13290188;
6308 : 10328452;
6309 : 10590554;
6310 : 11904839;
6311 : 7171646;
6312 : 5738412;
6313 : 8372707;
6314 : 10867435;
6315 : 10211052;
6316 : 7846877;
6317 : 7913184;
6318 : 6132396;
6319 : 5275027;
6320 : 5139579;
6321 : 6315617;
6322 : 6513768;
6323 : 6513768;
6324 : 6513768;
6325 : 6513768;
6326 : 6513768;
6327 : 6645355;
6328 : 4012858;
6329 : 4800804;
6330 : 12500668;
6331 : 16777215;
6332 : 16251130;
6333 : 8616529;
6334 : 10460295;
6335 : 16777215;
6336 : 16777215;
6337 : 16777215;
6338 : 16777215;
6339 : 16777215;
6340 : 16777215;
6341 : 16777215;
6342 : 16777215;
6343 : 16777215;
6344 : 16777215;
6345 : 16777215;
6346 : 16777215;
6347 : 16777215;
6348 : 16777215;
6349 : 16777215;
6350 : 16777215;
6351 : 16777215;
6352 : 16777215;
6353 : 16777215;
6354 : 16777215;
6355 : 16777215;
6356 : 16777215;
6357 : 16777215;
6358 : 16777215;
6359 : 16777215;
6360 : 16777215;
6361 : 16777215;
6362 : 16777215;
6363 : 16777215;
6364 : 16777215;
6365 : 16777215;
6366 : 16777215;
6367 : 16514302;
6368 : 12435135;
6369 : 7564636;
6370 : 7035430;
6371 : 9336365;
6372 : 9862708;
6373 : 9665331;
6374 : 9665331;
6375 : 9665331;
6376 : 9665331;
6377 : 9665331;
6378 : 9665331;
6379 : 9665331;
6380 : 9665331;
6381 : 9665331;
6382 : 9665331;
6383 : 9665331;
6384 : 9665587;
6385 : 10717748;
6386 : 12888634;
6387 : 13546555;
6388 : 13546555;
6389 : 13809468;
6390 : 12757040;
6391 : 9800285;
6392 : 15461615;
6393 : 16777215;
6394 : 16777215;
6395 : 16777215;
6396 : 16777215;
6397 : 16777215;
6398 : 16777215;
6399 : 16777215;
6400 : 16777215;
6401 : 16777215;
6402 : 16777215;
6403 : 16777215;
6404 : 16777215;
6405 : 16777215;
6406 : 16777215;
6407 : 16777215;
6408 : 16777215;
6409 : 16777215;
6410 : 16777215;
6411 : 16777215;
6412 : 16777215;
6413 : 16777215;
6414 : 16777215;
6415 : 15132394;
6416 : 7696217;
6417 : 9798199;
6418 : 11311174;
6419 : 8615223;
6420 : 10785090;
6421 : 9141305;
6422 : 4143918;
6423 : 4342342;
6424 : 5066061;
6425 : 3881531;
6426 : 9474191;
6427 : 16777215;
6428 : 16777215;
6429 : 16777215;
6430 : 16777215;
6431 : 16777215;
6432 : 16777215;
6433 : 16777215;
6434 : 16777215;
6435 : 16777215;
6436 : 16777215;
6437 : 15658997;
6438 : 13684945;
6439 : 12631479;
6440 : 9606294;
6441 : 6394024;
6442 : 7975375;
6443 : 9679814;
6444 : 9489128;
6445 : 7913185;
6446 : 6791614;
6447 : 3227462;
6448 : 4411737;
6449 : 6579303;
6450 : 6513768;
6451 : 6513768;
6452 : 6513768;
6453 : 6513768;
6454 : 6513768;
6455 : 6579817;
6456 : 6053218;
6457 : 5066064;
6458 : 14276825;
6459 : 16777215;
6460 : 14803684;
6461 : 9404739;
6462 : 8812346;
6463 : 13355981;
6464 : 16777215;
6465 : 16777215;
6466 : 16777215;
6467 : 16777215;
6468 : 16777215;
6469 : 16777215;
6470 : 16777215;
6471 : 16777215;
6472 : 16777215;
6473 : 16777215;
6474 : 16777215;
6475 : 16777215;
6476 : 16777215;
6477 : 16777215;
6478 : 16777215;
6479 : 16777215;
6480 : 16777215;
6481 : 16777215;
6482 : 16777215;
6483 : 16777215;
6484 : 16777215;
6485 : 16777215;
6486 : 16777215;
6487 : 16777215;
6488 : 16777215;
6489 : 16777215;
6490 : 16777215;
6491 : 16777215;
6492 : 16777215;
6493 : 16777215;
6494 : 16777215;
6495 : 16777215;
6496 : 16777215;
6497 : 16580095;
6498 : 12105912;
6499 : 6971980;
6500 : 7823909;
6501 : 9796657;
6502 : 9796660;
6503 : 9665331;
6504 : 9665331;
6505 : 9665331;
6506 : 9665331;
6507 : 9665331;
6508 : 9665331;
6509 : 9665331;
6510 : 9599795;
6511 : 9599795;
6512 : 10191668;
6513 : 11835960;
6514 : 13414971;
6515 : 13546555;
6516 : 13546555;
6517 : 13612348;
6518 : 13743932;
6519 : 12757040;
6520 : 9603687;
6521 : 15856374;
6522 : 16777215;
6523 : 16777215;
6524 : 16777215;
6525 : 16777215;
6526 : 16777215;
6527 : 16777215;
6528 : 16777215;
6529 : 16777215;
6530 : 16777215;
6531 : 16777215;
6532 : 16777215;
6533 : 16777215;
6534 : 16777215;
6535 : 16777215;
6536 : 16777215;
6537 : 16777215;
6538 : 16777215;
6539 : 16777215;
6540 : 16777215;
6541 : 16777215;
6542 : 15132394;
6543 : 7630422;
6544 : 9930040;
6545 : 11179589;
6546 : 10916676;
6547 : 11245381;
6548 : 7759923;
6549 : 3749939;
6550 : 4671563;
6551 : 5000270;
6552 : 3684666;
6553 : 6315872;
6554 : 16777215;
6555 : 16777215;
6556 : 16777215;
6557 : 16777215;
6558 : 16777215;
6559 : 16777215;
6560 : 16777215;
6561 : 16777215;
6562 : 16777215;
6563 : 16777215;
6564 : 16777215;
6565 : 16777215;
6566 : 16777215;
6567 : 16777215;
6568 : 16777215;
6569 : 12698050;
6570 : 6126475;
6571 : 4875636;
6572 : 6848140;
6573 : 8896220;
6574 : 6989766;
6575 : 4211526;
6576 : 4868684;
6577 : 6579561;
6578 : 6513768;
6579 : 6513768;
6580 : 6513768;
6581 : 6513768;
6582 : 6513768;
6583 : 6579561;
6584 : 6645611;
6585 : 5066578;
6586 : 4538939;
6587 : 12960963;
6588 : 14803685;
6589 : 8549438;
6590 : 10653244;
6591 : 8419936;
6592 : 16382459;
6593 : 16777215;
6594 : 16777215;
6595 : 16777215;
6596 : 16777215;
6597 : 16777215;
6598 : 16777215;
6599 : 16777215;
6600 : 16777215;
6601 : 16777215;
6602 : 16777215;
6603 : 16777215;
6604 : 16777215;
6605 : 16777215;
6606 : 16777215;
6607 : 16777215;
6608 : 16777215;
6609 : 16777215;
6610 : 16777215;
6611 : 16777215;
6612 : 16777215;
6613 : 16777215;
6614 : 16777215;
6615 : 16777215;
6616 : 16777215;
6617 : 16777215;
6618 : 16777215;
6619 : 16777215;
6620 : 16777215;
6621 : 16777215;
6622 : 16777215;
6623 : 16777215;
6624 : 16777215;
6625 : 16777215;
6626 : 16777215;
6627 : 15987959;
6628 : 10197654;
6629 : 6510388;
6630 : 8875817;
6631 : 9928244;
6632 : 9665331;
6633 : 9665331;
6634 : 9665331;
6635 : 9665331;
6636 : 9665587;
6637 : 9928499;
6638 : 10586421;
6639 : 11244087;
6640 : 12296761;
6641 : 13349179;
6642 : 13546555;
6643 : 13546555;
6644 : 13612348;
6645 : 13612348;
6646 : 13546555;
6647 : 13743932;
6648 : 12099629;
6649 : 10393986;
6650 : 16645631;
6651 : 16777215;
6652 : 16777215;
6653 : 16777215;
6654 : 16777215;
6655 : 16777215;
6656 : 16777215;
6657 : 16777215;
6658 : 16777215;
6659 : 16777215;
6660 : 16777215;
6661 : 16777215;
6662 : 16777215;
6663 : 16777215;
6664 : 16777215;
6665 : 16777215;
6666 : 16777215;
6667 : 16777215;
6668 : 16777215;
6669 : 15330029;
6670 : 7827802;
6671 : 9995576;
6672 : 11114053;
6673 : 10916676;
6674 : 11245381;
6675 : 7168304;
6676 : 3684153;
6677 : 4868685;
6678 : 4934476;
6679 : 4539719;
6680 : 2828057;
6681 : 10460571;
6682 : 16777215;
6683 : 16777215;
6684 : 16777215;
6685 : 16777215;
6686 : 16777215;
6687 : 16777215;
6688 : 16777215;
6689 : 16777215;
6690 : 16777215;
6691 : 16777215;
6692 : 16777215;
6693 : 16777215;
6694 : 16777215;
6695 : 16777215;
6696 : 16777215;
6697 : 16777215;
6698 : 14539482;
6699 : 4607313;
6700 : 2697514;
6701 : 5988453;
6702 : 5335929;
6703 : 5395544;
6704 : 4739671;
6705 : 5330523;
6706 : 6645353;
6707 : 6513768;
6708 : 6513768;
6709 : 6513768;
6710 : 6513768;
6711 : 6579561;
6712 : 6579561;
6713 : 6645611;
6714 : 4539455;
6715 : 6379052;
6716 : 8420726;
6717 : 8352575;
6718 : 11376964;
6719 : 9206839;
6720 : 12171445;
6721 : 16777215;
6722 : 16777215;
6723 : 16711423;
6724 : 16777215;
6725 : 16777215;
6726 : 16777215;
6727 : 16777215;
6728 : 16777215;
6729 : 16777215;
6730 : 16777215;
6731 : 16777215;
6732 : 16777215;
6733 : 16777215;
6734 : 16777215;
6735 : 16777215;
6736 : 16777215;
6737 : 16777215;
6738 : 16777215;
6739 : 16777215;
6740 : 16777215;
6741 : 16777215;
6742 : 16777215;
6743 : 16777215;
6744 : 16777215;
6745 : 16777215;
6746 : 16777215;
6747 : 16777215;
6748 : 16777215;
6749 : 16777215;
6750 : 16777215;
6751 : 16777215;
6752 : 16777215;
6753 : 16777215;
6754 : 16777215;
6755 : 16777215;
6756 : 16777215;
6757 : 14935271;
6758 : 8025189;
6759 : 7626789;
6760 : 9796657;
6761 : 9731123;
6762 : 9665331;
6763 : 10125876;
6764 : 11046966;
6765 : 11836216;
6766 : 12822842;
6767 : 13480763;
6768 : 13546555;
6769 : 13612348;
6770 : 13612348;
6771 : 13612347;
6772 : 13546555;
6773 : 13546554;
6774 : 13612346;
6775 : 13612346;
6776 : 13941051;
6777 : 11047728;
6778 : 12631994;
6779 : 16777215;
6780 : 16777215;
6781 : 16777215;
6782 : 16777215;
6783 : 16777215;
6784 : 16777215;
6785 : 16777215;
6786 : 16777215;
6787 : 16777215;
6788 : 16777215;
6789 : 16777215;
6790 : 16777215;
6791 : 16777215;
6792 : 16777215;
6793 : 16777215;
6794 : 16777215;
6795 : 16777215;
6796 : 15856117;
6797 : 8288355;
6798 : 9863991;
6799 : 11114053;
6800 : 10916676;
6801 : 11179589;
6802 : 8812087;
6803 : 3618614;
6804 : 4934478;
6805 : 4868684;
6806 : 4737099;
6807 : 4341294;
6808 : 6379056;
6809 : 14408412;
6810 : 16777215;
6811 : 16777215;
6812 : 16777215;
6813 : 16777215;
6814 : 16777215;
6815 : 16777215;
6816 : 16777215;
6817 : 16777215;
6818 : 16777215;
6819 : 16777215;
6820 : 16777215;
6821 : 16777215;
6822 : 16777215;
6823 : 16777215;
6824 : 16777215;
6825 : 16777215;
6826 : 16777215;
6827 : 13026757;
6828 : 4934477;
6829 : 7697011;
6830 : 6380636;
6831 : 6381665;
6832 : 4874348;
6833 : 5005676;
6834 : 6513253;
6835 : 6513768;
6836 : 6579561;
6837 : 6513768;
6838 : 6513768;
6839 : 6513768;
6840 : 6579304;
6841 : 6579561;
6842 : 6119011;
6843 : 4998704;
6844 : 8680241;
6845 : 8615224;
6846 : 11048261;
6847 : 11442754;
6848 : 9472091;
6849 : 16185082;
6850 : 10395028;
6851 : 12829374;
6852 : 16777215;
6853 : 16777215;
6854 : 16777215;
6855 : 16777215;
6856 : 16777215;
6857 : 16777215;
6858 : 16777215;
6859 : 16777215;
6860 : 16777215;
6861 : 16777215;
6862 : 16777215;
6863 : 16777215;
6864 : 16777215;
6865 : 16777215;
6866 : 16777215;
6867 : 16777215;
6868 : 16777215;
6869 : 16777215;
6870 : 16777215;
6871 : 16777215;
6872 : 16777215;
6873 : 16777215;
6874 : 16777215;
6875 : 16777215;
6876 : 16777215;
6877 : 16777215;
6878 : 16777215;
6879 : 16777215;
6880 : 16777215;
6881 : 16777215;
6882 : 16777215;
6883 : 16777215;
6884 : 14803425;
6885 : 11382189;
6886 : 14803942;
6887 : 10658209;
6888 : 7102006;
6889 : 9402159;
6890 : 9994036;
6891 : 11573047;
6892 : 12691258;
6893 : 13283386;
6894 : 13546555;
6895 : 13612347;
6896 : 13612348;
6897 : 13612348;
6898 : 13612347;
6899 : 13546555;
6900 : 13612346;
6901 : 13612346;
6902 : 13612346;
6903 : 13612346;
6904 : 13612346;
6905 : 13809463;
6906 : 9667650;
6907 : 14737892;
6908 : 16777215;
6909 : 16777215;
6910 : 16777215;
6911 : 16777215;
6912 : 16777215;
6913 : 16777215;
6914 : 16777215;
6915 : 16777215;
6916 : 16777215;
6917 : 16777215;
6918 : 16777215;
6919 : 16777215;
6920 : 16777215;
6921 : 16777215;
6922 : 16777215;
6923 : 16316923;
6924 : 9275766;
6925 : 10193208;
6926 : 11114053;
6927 : 10916676;
6928 : 10916676;
6929 : 11113796;
6930 : 5393198;
6931 : 4474186;
6932 : 4868684;
6933 : 4934477;
6934 : 3881527;
6935 : 7891244;
6936 : 9670269;
6937 : 16777215;
6938 : 16777215;
6939 : 16777215;
6940 : 16777215;
6941 : 16777215;
6942 : 16777215;
6943 : 16777215;
6944 : 16777215;
6945 : 16777215;
6946 : 16777215;
6947 : 16777215;
6948 : 16777215;
6949 : 16777215;
6950 : 16777215;
6951 : 16777215;
6952 : 16777215;
6953 : 16777215;
6954 : 16777215;
6955 : 16777215;
6956 : 9737364;
6957 : 5592665;
6958 : 4605512;
6959 : 4410192;
6960 : 4678256;
6961 : 5536398;
6962 : 6184030;
6963 : 6579561;
6964 : 6579561;
6965 : 6513768;
6966 : 6513768;
6967 : 6513768;
6968 : 6513768;
6969 : 6514025;
6970 : 6382181;
6971 : 4408391;
6972 : 5327404;
6973 : 10719041;
6974 : 10982468;
6975 : 11639879;
6976 : 11904585;
6977 : 10263710;
6978 : 10589510;
6979 : 10459505;
6980 : 16579838;
6981 : 16777215;
6982 : 16777215;
6983 : 16777215;
6984 : 16777215;
6985 : 16777215;
6986 : 16777215;
6987 : 16777215;
6988 : 16777215;
6989 : 16777215;
6990 : 16777215;
6991 : 16777215;
6992 : 16777215;
6993 : 16777215;
6994 : 16777215;
6995 : 16777215;
6996 : 16777215;
6997 : 16777215;
6998 : 16777215;
6999 : 16777215;
7000 : 16777215;
7001 : 16777215;
7002 : 16777215;
7003 : 16777215;
7004 : 16777215;
7005 : 16777215;
7006 : 16777215;
7007 : 16777215;
7008 : 16777215;
7009 : 16777215;
7010 : 16777215;
7011 : 16777215;
7012 : 15527148;
7013 : 6447195;
7014 : 5655339;
7015 : 9143665;
7016 : 9013385;
7017 : 5656379;
7018 : 9665583;
7019 : 12625466;
7020 : 13348922;
7021 : 13480764;
7022 : 13546555;
7023 : 13546555;
7024 : 13612348;
7025 : 13612348;
7026 : 13612347;
7027 : 13612346;
7028 : 13612346;
7029 : 13612346;
7030 : 13612346;
7031 : 13612346;
7032 : 13612346;
7033 : 13743931;
7034 : 12625455;
7035 : 9012075;
7036 : 16514302;
7037 : 16777215;
7038 : 16777215;
7039 : 16777215;
7040 : 16777215;
7041 : 16777215;
7042 : 16777215;
7043 : 16777215;
7044 : 16777215;
7045 : 16777215;
7046 : 16777215;
7047 : 16777215;
7048 : 16777215;
7049 : 16777215;
7050 : 16777215;
7051 : 10526355;
7052 : 10588219;
7053 : 11245381;
7054 : 10916676;
7055 : 10916676;
7056 : 11048261;
7057 : 10061629;
7058 : 4078646;
7059 : 4868942;
7060 : 5000270;
7061 : 3816255;
7062 : 7299888;
7063 : 8351801;
7064 : 13948117;
7065 : 16777215;
7066 : 16777215;
7067 : 16777215;
7068 : 16777215;
7069 : 16777215;
7070 : 16777215;
7071 : 16777215;
7072 : 16777215;
7073 : 16777215;
7074 : 16777215;
7075 : 16777215;
7076 : 16777215;
7077 : 16777215;
7078 : 16777215;
7079 : 16777215;
7080 : 16777215;
7081 : 16777215;
7082 : 16777215;
7083 : 16777215;
7084 : 16119285;
7085 : 6513508;
7086 : 6513510;
7087 : 5791330;
7088 : 6790328;
7089 : 6461362;
7090 : 5592408;
7091 : 6645353;
7092 : 6513768;
7093 : 6513768;
7094 : 6579561;
7095 : 6579561;
7096 : 6513768;
7097 : 6579561;
7098 : 6250339;
7099 : 5066061;
7100 : 4013634;
7101 : 5524524;
7102 : 10916418;
7103 : 11245382;
7104 : 14403669;
7105 : 7169335;
7106 : 15127383;
7107 : 11379021;
7108 : 14408928;
7109 : 16777215;
7110 : 16777215;
7111 : 16777215;
7112 : 16777215;
7113 : 16777215;
7114 : 16777215;
7115 : 16777215;
7116 : 16777215;
7117 : 16777215;
7118 : 16777215;
7119 : 16777215;
7120 : 16777215;
7121 : 16777215;
7122 : 16777215;
7123 : 16777215;
7124 : 16777215;
7125 : 16777215;
7126 : 16777215;
7127 : 16777215;
7128 : 16777215;
7129 : 16777215;
7130 : 16777215;
7131 : 16777215;
7132 : 16777215;
7133 : 16777215;
7134 : 16777215;
7135 : 16777215;
7136 : 16777215;
7137 : 16777215;
7138 : 16777215;
7139 : 16777215;
7140 : 16777215;
7141 : 16250872;
7142 : 8222566;
7143 : 7560732;
7144 : 8745008;
7145 : 5918508;
7146 : 4997404;
7147 : 12165176;
7148 : 13546299;
7149 : 13546555;
7150 : 13546555;
7151 : 13546555;
7152 : 13612347;
7153 : 13612346;
7154 : 13612346;
7155 : 13612346;
7156 : 13612346;
7157 : 13612346;
7158 : 13612346;
7159 : 13612346;
7160 : 13612346;
7161 : 13612346;
7162 : 14006843;
7163 : 9732394;
7164 : 11974328;
7165 : 16777215;
7166 : 16777215;
7167 : 16777215;
7168 : 16777215;
7169 : 16777215;
7170 : 16777215;
7171 : 16777215;
7172 : 16777215;
7173 : 16777215;
7174 : 16777215;
7175 : 16777215;
7176 : 16777215;
7177 : 16777215;
7178 : 11842737;
7179 : 10786369;
7180 : 11771718;
7181 : 10850884;
7182 : 10916676;
7183 : 10916676;
7184 : 11179845;
7185 : 8417591;
7186 : 4013374;
7187 : 5000270;
7188 : 4276806;
7189 : 4932650;
7190 : 10192952;
7191 : 8288359;
7192 : 16711423;
7193 : 16777215;
7194 : 16777215;
7195 : 16777215;
7196 : 16777215;
7197 : 16777215;
7198 : 16777215;
7199 : 16777215;
7200 : 16777215;
7201 : 16777215;
7202 : 16777215;
7203 : 16777215;
7204 : 16777215;
7205 : 16777215;
7206 : 16777215;
7207 : 16777215;
7208 : 16777215;
7209 : 16777215;
7210 : 16777215;
7211 : 16777215;
7212 : 16777215;
7213 : 13750480;
7214 : 5329492;
7215 : 7565425;
7216 : 5397859;
7217 : 5935017;
7218 : 5265245;
7219 : 6579561;
7220 : 6513768;
7221 : 6513768;
7222 : 6513768;
7223 : 6513768;
7224 : 6513768;
7225 : 6645354;
7226 : 6118752;
7227 : 4868684;
7228 : 4934476;
7229 : 4013632;
7230 : 5590060;
7231 : 9995837;
7232 : 14732375;
7233 : 14667093;
7234 : 16048478;
7235 : 13812044;
7236 : 11250336;
7237 : 16777215;
7238 : 16777215;
7239 : 16777215;
7240 : 16777215;
7241 : 16777215;
7242 : 16777215;
7243 : 16777215;
7244 : 16777215;
7245 : 16777215;
7246 : 16777215;
7247 : 16777215;
7248 : 16777215;
7249 : 16777215;
7250 : 16777215;
7251 : 16777215;
7252 : 16777215;
7253 : 16777215;
7254 : 16777215;
7255 : 16777215;
7256 : 16777215;
7257 : 16777215;
7258 : 16777215;
7259 : 16777215;
7260 : 16777215;
7261 : 16777215;
7262 : 16777215;
7263 : 16777215;
7264 : 16777215;
7265 : 16777215;
7266 : 16777215;
7267 : 16777215;
7268 : 16777215;
7269 : 16777215;
7270 : 15987959;
7271 : 8288879;
7272 : 9205287;
7273 : 12756794;
7274 : 11639350;
7275 : 12099637;
7276 : 13678140;
7277 : 13612092;
7278 : 13546555;
7279 : 13612347;
7280 : 13612346;
7281 : 13612346;
7282 : 13612346;
7283 : 13612346;
7284 : 13612346;
7285 : 13612346;
7286 : 13612346;
7287 : 13612346;
7288 : 13612346;
7289 : 13612346;
7290 : 13678138;
7291 : 13151794;
7292 : 8419674;
7293 : 16514302;
7294 : 16777215;
7295 : 16777215;
7296 : 16777215;
7297 : 16777215;
7298 : 16777215;
7299 : 16777215;
7300 : 16777215;
7301 : 16777215;
7302 : 16777215;
7303 : 16777215;
7304 : 16777215;
7305 : 13027016;
7306 : 10458183;
7307 : 12758602;
7308 : 10785091;
7309 : 10916676;
7310 : 10916676;
7311 : 10916676;
7312 : 11245381;
7313 : 7102770;
7314 : 4276806;
7315 : 4539722;
7316 : 4077867;
7317 : 10390334;
7318 : 8220468;
7319 : 12763843;
7320 : 16777215;
7321 : 16777215;
7322 : 16777215;
7323 : 16777215;
7324 : 16777215;
7325 : 16777215;
7326 : 16777215;
7327 : 16777215;
7328 : 16777215;
7329 : 16777215;
7330 : 16777215;
7331 : 16777215;
7332 : 16777215;
7333 : 16777215;
7334 : 16777215;
7335 : 16777215;
7336 : 16777215;
7337 : 16777215;
7338 : 16777215;
7339 : 16777215;
7340 : 16777215;
7341 : 16777215;
7342 : 9013641;
7343 : 5921630;
7344 : 8025719;
7345 : 4674394;
7346 : 4805208;
7347 : 6645097;
7348 : 6513768;
7349 : 6513768;
7350 : 6513768;
7351 : 6513768;
7352 : 6513768;
7353 : 6579561;
7354 : 5855580;
7355 : 4802891;
7356 : 4868683;
7357 : 5000269;
7358 : 3552826;
7359 : 5655590;
7360 : 14995288;
7361 : 16114271;
7362 : 15851101;
7363 : 15719511;
7364 : 9998698;
7365 : 16448509;
7366 : 16777215;
7367 : 16777215;
7368 : 16777215;
7369 : 16777215;
7370 : 16777215;
7371 : 16777215;
7372 : 16777215;
7373 : 16777215;
7374 : 16777215;
7375 : 16777215;
7376 : 16777215;
7377 : 16777215;
7378 : 16777215;
7379 : 16777215;
7380 : 16777215;
7381 : 16777215;
7382 : 16777215;
7383 : 16777215;
7384 : 16777215;
7385 : 16777215;
7386 : 16777215;
7387 : 16777215;
7388 : 16777215;
7389 : 16777215;
7390 : 16777215;
7391 : 16777215;
7392 : 16777215;
7393 : 16777215;
7394 : 16777215;
7395 : 16777215;
7396 : 16777215;
7397 : 16777215;
7398 : 16777215;
7399 : 16251130;
7400 : 8947063;
7401 : 10915883;
7402 : 14138429;
7403 : 13743676;
7404 : 13546555;
7405 : 13612347;
7406 : 13612347;
7407 : 13612346;
7408 : 13612346;
7409 : 13612346;
7410 : 13612346;
7411 : 13612346;
7412 : 13612346;
7413 : 13612346;
7414 : 13612346;
7415 : 13612346;
7416 : 13612346;
7417 : 13612346;
7418 : 13612346;
7419 : 13941050;
7420 : 10192689;
7421 : 13224395;
7422 : 16777215;
7423 : 16777215;
7424 : 16777215;
7425 : 16777215;
7426 : 16777215;
7427 : 16777215;
7428 : 16777215;
7429 : 16777215;
7430 : 16777215;
7431 : 16777215;
7432 : 14737894;
7433 : 9274959;
7434 : 14074447;
7435 : 10916420;
7436 : 10916676;
7437 : 10916676;
7438 : 10916676;
7439 : 10916676;
7440 : 11245381;
7441 : 6182451;
7442 : 3882053;
7443 : 4143917;
7444 : 9798201;
7445 : 10455610;
7446 : 8551785;
7447 : 16579838;
7448 : 16777215;
7449 : 16777215;
7450 : 16777215;
7451 : 16777215;
7452 : 16777215;
7453 : 16777215;
7454 : 16777215;
7455 : 16777215;
7456 : 16777215;
7457 : 16777215;
7458 : 16777215;
7459 : 16777215;
7460 : 16777215;
7461 : 16777215;
7462 : 16777215;
7463 : 16777215;
7464 : 16777215;
7465 : 16777215;
7466 : 16777215;
7467 : 16777215;
7468 : 16777215;
7469 : 16777215;
7470 : 14935010;
7471 : 5395284;
7472 : 8026491;
7473 : 7631475;
7474 : 5790044;
7475 : 6579561;
7476 : 6513768;
7477 : 6513768;
7478 : 6513768;
7479 : 6513768;
7480 : 6513768;
7481 : 6579561;
7482 : 5526614;
7483 : 4802891;
7484 : 4868684;
7485 : 4868683;
7486 : 4605514;
7487 : 4143656;
7488 : 14732374;
7489 : 15982686;
7490 : 15851101;
7491 : 16245597;
7492 : 10918478;
7493 : 14935016;
7494 : 16777215;
7495 : 16777215;
7496 : 16777215;
7497 : 16777215;
7498 : 16777215;
7499 : 16777215;
7500 : 16777215;
7501 : 16777215;
7502 : 16777215;
7503 : 16777215;
7504 : 16777215;
7505 : 16777215;
7506 : 16777215;
7507 : 16777215;
7508 : 16777215;
7509 : 16777215;
7510 : 16777215;
7511 : 16777215;
7512 : 16777215;
7513 : 16777215;
7514 : 16777215;
7515 : 16777215;
7516 : 16777215;
7517 : 16777215;
7518 : 16777215;
7519 : 16777215;
7520 : 16777215;
7521 : 16777215;
7522 : 16777215;
7523 : 16777215;
7524 : 16777215;
7525 : 16777215;
7526 : 16777215;
7527 : 16777215;
7528 : 16316667;
7529 : 9144181;
7530 : 11375915;
7531 : 13941052;
7532 : 13612346;
7533 : 13612346;
7534 : 13612346;
7535 : 13612346;
7536 : 13612346;
7537 : 13612346;
7538 : 13612346;
7539 : 13612346;
7540 : 13612346;
7541 : 13612346;
7542 : 13612346;
7543 : 13809467;
7544 : 13875515;
7545 : 13612346;
7546 : 13612346;
7547 : 13678138;
7548 : 12888624;
7549 : 9275249;
7550 : 16711679;
7551 : 16777215;
7552 : 16777215;
7553 : 16777215;
7554 : 16777215;
7555 : 16777215;
7556 : 16777215;
7557 : 16777215;
7558 : 16777215;
7559 : 15921910;
7560 : 8354915;
7561 : 14140750;
7562 : 12034889;
7563 : 10785091;
7564 : 10916676;
7565 : 10916676;
7566 : 10916676;
7567 : 10916676;
7568 : 11245381;
7569 : 6182191;
7570 : 4866859;
7571 : 9074740;
7572 : 5790270;
7573 : 3882547;
7574 : 13355721;
7575 : 16777215;
7576 : 16777215;
7577 : 16777215;
7578 : 16777215;
7579 : 16777215;
7580 : 16777215;
7581 : 16777215;
7582 : 16777215;
7583 : 16777215;
7584 : 16777215;
7585 : 16777215;
7586 : 16777215;
7587 : 16777215;
7588 : 16777215;
7589 : 16777215;
7590 : 16777215;
7591 : 16777215;
7592 : 16777215;
7593 : 16777215;
7594 : 16777215;
7595 : 16777215;
7596 : 16777215;
7597 : 16777215;
7598 : 15724528;
7599 : 8355712;
7600 : 6316131;
7601 : 9012871;
7602 : 6842733;
7603 : 6448232;
7604 : 6513768;
7605 : 6513768;
7606 : 6513768;
7607 : 6579561;
7608 : 6513768;
7609 : 6447975;
7610 : 5197649;
7611 : 4802891;
7612 : 4868684;
7613 : 4868684;
7614 : 4737101;
7615 : 5064756;
7616 : 14929750;
7617 : 15982686;
7618 : 15851101;
7619 : 16179806;
7620 : 12957260;
7621 : 12434876;
7622 : 11842739;
7623 : 15856113;
7624 : 16777215;
7625 : 16777215;
7626 : 16777215;
7627 : 16777215;
7628 : 16777215;
7629 : 16777215;
7630 : 16777215;
7631 : 16777215;
7632 : 16777215;
7633 : 16777215;
7634 : 16777215;
7635 : 16777215;
7636 : 16777215;
7637 : 16777215;
7638 : 16777215;
7639 : 16777215;
7640 : 16777215;
7641 : 16777215;
7642 : 16777215;
7643 : 16777215;
7644 : 16777215;
7645 : 16777215;
7646 : 16777215;
7647 : 16777215;
7648 : 16777215;
7649 : 16777215;
7650 : 16777215;
7651 : 16777215;
7652 : 16777215;
7653 : 16777215;
7654 : 16777215;
7655 : 16777215;
7656 : 16777215;
7657 : 16053753;
7658 : 8946544;
7659 : 11705133;
7660 : 13875515;
7661 : 13612346;
7662 : 13612346;
7663 : 13612346;
7664 : 13612346;
7665 : 13612346;
7666 : 13612346;
7667 : 13612346;
7668 : 13612346;
7669 : 13612346;
7670 : 13875260;
7671 : 9272107;
7672 : 10850351;
7673 : 14006586;
7674 : 13612346;
7675 : 13612346;
7676 : 13940792;
7677 : 8944188;
7678 : 15264238;
7679 : 16777215;
7680 : 16777215;
7681 : 16777215;
7682 : 16777215;
7683 : 16777215;
7684 : 16777215;
7685 : 16777215;
7686 : 16514302;
7687 : 9473663;
7688 : 13483338;
7689 : 14205780;
7690 : 10785091;
7691 : 10916676;
7692 : 10916676;
7693 : 10916676;
7694 : 10916676;
7695 : 10916676;
7696 : 10916676;
7697 : 10653506;
7698 : 10719039;
7699 : 5264704;
7700 : 4945545;
7701 : 5400689;
7702 : 15987185;
7703 : 16777215;
7704 : 16777215;
7705 : 16777215;
7706 : 16777215;
7707 : 16777215;
7708 : 16777215;
7709 : 16777215;
7710 : 16777215;
7711 : 16777215;
7712 : 16777215;
7713 : 16777215;
7714 : 16777215;
7715 : 16777215;
7716 : 16777215;
7717 : 16777215;
7718 : 16777215;
7719 : 16777215;
7720 : 16777215;
7721 : 16777215;
7722 : 16777215;
7723 : 16777215;
7724 : 16777215;
7725 : 16777215;
7726 : 7762796;
7727 : 8750209;
7728 : 5526873;
7729 : 8684164;
7730 : 7960698;
7731 : 6447975;
7732 : 6579561;
7733 : 6579561;
7734 : 6579561;
7735 : 6513768;
7736 : 6579561;
7737 : 6118752;
7738 : 4868684;
7739 : 4868684;
7740 : 4868683;
7741 : 4868682;
7742 : 4539721;
7743 : 6314038;
7744 : 15653466;
7745 : 15916893;
7746 : 15851101;
7747 : 15982685;
7748 : 15061848;
7749 : 7433289;
7750 : 8616252;
7751 : 14474461;
7752 : 16777215;
7753 : 16777215;
7754 : 16777215;
7755 : 16777215;
7756 : 16777215;
7757 : 16777215;
7758 : 16777215;
7759 : 16777215;
7760 : 16777215;
7761 : 16777215;
7762 : 16777215;
7763 : 16777215;
7764 : 16777215;
7765 : 16777215;
7766 : 16777215;
7767 : 16777215;
7768 : 16777215;
7769 : 16777215;
7770 : 16777215;
7771 : 16777215;
7772 : 16777215;
7773 : 16777215;
7774 : 16777215;
7775 : 16777215;
7776 : 16777215;
7777 : 16777215;
7778 : 16777215;
7779 : 16777215;
7780 : 16777215;
7781 : 16777215;
7782 : 16777215;
7783 : 16777215;
7784 : 16777215;
7785 : 16777215;
7786 : 15922167;
7787 : 8748635;
7788 : 13086002;
7789 : 13743931;
7790 : 13612346;
7791 : 13612347;
7792 : 13612347;
7793 : 13612346;
7794 : 13612346;
7795 : 13612346;
7796 : 13612346;
7797 : 13612346;
7798 : 13875515;
7799 : 11047471;
7800 : 5591621;
7801 : 10193464;
7802 : 13875000;
7803 : 13678139;
7804 : 13875516;
7805 : 10981933;
7806 : 12105653;
7807 : 16777215;
7808 : 16777215;
7809 : 16777215;
7810 : 16777215;
7811 : 16777215;
7812 : 16777215;
7813 : 16777215;
7814 : 11184806;
7815 : 11773251;
7816 : 15982428;
7817 : 11640391;
7818 : 10850883;
7819 : 10916676;
7820 : 10916676;
7821 : 10916676;
7822 : 10916676;
7823 : 10916676;
7824 : 10916676;
7825 : 11245381;
7826 : 7957814;
7827 : 4614519;
7828 : 5669779;
7829 : 6123124;
7830 : 16447992;
7831 : 16777215;
7832 : 16777215;
7833 : 16777215;
7834 : 16777215;
7835 : 16777215;
7836 : 16777215;
7837 : 16777215;
7838 : 16777215;
7839 : 16777215;
7840 : 16777215;
7841 : 16777215;
7842 : 16777215;
7843 : 16777215;
7844 : 16777215;
7845 : 16777215;
7846 : 16777215;
7847 : 16777215;
7848 : 16777215;
7849 : 16777215;
7850 : 16777215;
7851 : 16777215;
7852 : 16777215;
7853 : 16777215;
7854 : 9341303;
7855 : 7234359;
7856 : 4013633;
7857 : 7237233;
7858 : 9078664;
7859 : 6711146;
7860 : 6514025;
7861 : 6579304;
7862 : 6513768;
7863 : 6513768;
7864 : 6579561;
7865 : 5526614;
7866 : 4802891;
7867 : 4868684;
7868 : 4868683;
7869 : 4934476;
7870 : 4079173;
7871 : 8089400;
7872 : 16179806;
7873 : 15851101;
7874 : 15851101;
7875 : 15851101;
7876 : 15785308;
7877 : 13549131;
7878 : 11247442;
7879 : 15000810;
7880 : 16777215;
7881 : 16777215;
7882 : 16777215;
7883 : 16777215;
7884 : 16777215;
7885 : 16777215;
7886 : 16777215;
7887 : 16777215;
7888 : 16777215;
7889 : 16777215;
7890 : 16777215;
7891 : 16777215;
7892 : 16777215;
7893 : 16777215;
7894 : 16777215;
7895 : 16777215;
7896 : 16777215;
7897 : 16777215;
7898 : 16777215;
7899 : 16777215;
7900 : 16777215;
7901 : 16777215;
7902 : 16777215;
7903 : 16777215;
7904 : 16777215;
7905 : 16777215;
7906 : 16777215;
7907 : 16777215;
7908 : 16777215;
7909 : 16777215;
7910 : 16777215;
7911 : 16777215;
7912 : 16777215;
7913 : 16777215;
7914 : 16777215;
7915 : 14606050;
7916 : 8812862;
7917 : 13612342;
7918 : 13612602;
7919 : 13612346;
7920 : 13612346;
7921 : 13612346;
7922 : 13612346;
7923 : 13612346;
7924 : 13612346;
7925 : 13612346;
7926 : 13612346;
7927 : 13809207;
7928 : 8945232;
7929 : 11250607;
7930 : 9601335;
7931 : 13743670;
7932 : 13743931;
7933 : 12822832;
7934 : 9604471;
7935 : 16777215;
7936 : 16777215;
7937 : 16777215;
7938 : 16777215;
7939 : 16777215;
7940 : 16777215;
7941 : 13487825;
7942 : 10523977;
7943 : 16377437;
7944 : 13679698;
7945 : 10785091;
7946 : 10916676;
7947 : 10916676;
7948 : 10916676;
7949 : 10916676;
7950 : 10916676;
7951 : 10916676;
7952 : 10916676;
7953 : 11113538;
7954 : 5790529;
7955 : 5472145;
7956 : 4813439;
7957 : 8554634;
7958 : 16777215;
7959 : 16777215;
7960 : 16777215;
7961 : 16777215;
7962 : 16777215;
7963 : 16777215;
7964 : 16777215;
7965 : 16777215;
7966 : 16777215;
7967 : 16777215;
7968 : 16777215;
7969 : 16777215;
7970 : 16777215;
7971 : 16777215;
7972 : 16777215;
7973 : 16777215;
7974 : 16777215;
7975 : 16777215;
7976 : 16777215;
7977 : 16777215;
7978 : 16777215;
7979 : 16777215;
7980 : 16777215;
7981 : 16777215;
7982 : 11513257;
7983 : 9140530;
7984 : 5918761;
7985 : 5527131;
7986 : 8749956;
7987 : 7500404;
7988 : 6382439;
7989 : 6513768;
7990 : 6513768;
7991 : 6514025;
7992 : 6250595;
7993 : 5000269;
7994 : 4868427;
7995 : 4868684;
7996 : 4868684;
7997 : 4934477;
7998 : 3750203;
7999 : 11115075;
8000 : 16245855;
8001 : 15851101;
8002 : 15851101;
8003 : 15851101;
8004 : 15851101;
8005 : 16311387;
8006 : 10393180;
8007 : 15922168;
8008 : 16777215;
8009 : 16777215;
8010 : 16777215;
8011 : 16777215;
8012 : 16777215;
8013 : 16777215;
8014 : 16777215;
8015 : 16777215;
8016 : 16777215;
8017 : 16777215;
8018 : 16777215;
8019 : 16777215;
8020 : 16777215;
8021 : 16777215;
8022 : 16777215;
8023 : 16777215;
8024 : 16777215;
8025 : 16777215;
8026 : 16777215;
8027 : 16777215;
8028 : 16777215;
8029 : 16777215;
8030 : 16777215;
8031 : 16777215;
8032 : 16777215;
8033 : 16777215;
8034 : 16777215;
8035 : 16777215;
8036 : 16777215;
8037 : 16777215;
8038 : 16777215;
8039 : 16777215;
8040 : 16777215;
8041 : 16777215;
8042 : 16777215;
8043 : 16777215;
8044 : 11776949;
8045 : 9732394;
8046 : 14006842;
8047 : 13612346;
8048 : 13612346;
8049 : 13612346;
8050 : 13612346;
8051 : 13612346;
8052 : 13612346;
8053 : 13612346;
8054 : 13612346;
8055 : 13941050;
8056 : 10850351;
8057 : 13553359;
8058 : 12961222;
8059 : 9272633;
8060 : 13612085;
8061 : 13743413;
8062 : 10063452;
8063 : 16448510;
8064 : 16777215;
8065 : 16777215;
8066 : 16777215;
8067 : 16777215;
8068 : 15461616;
8069 : 9538139;
8070 : 15719511;
8071 : 15587675;
8072 : 11705928;
8073 : 10785348;
8074 : 10916676;
8075 : 10916676;
8076 : 10916676;
8077 : 10916676;
8078 : 10916676;
8079 : 10916676;
8080 : 10982468;
8081 : 10718783;
8082 : 4937808;
8083 : 5472144;
8084 : 5860210;
8085 : 14803167;
8086 : 16777215;
8087 : 16777215;
8088 : 16777215;
8089 : 16777215;
8090 : 16777215;
8091 : 16777215;
8092 : 16777215;
8093 : 16777215;
8094 : 16777215;
8095 : 16777215;
8096 : 16777215;
8097 : 16711423;
8098 : 16185081;
8099 : 15921909;
8100 : 15461357;
8101 : 15132393;
8102 : 15395565;
8103 : 15001065;
8104 : 14869480;
8105 : 15330031;
8106 : 15922167;
8107 : 16579839;
8108 : 16777215;
8109 : 16777215;
8110 : 15132395;
8111 : 8813124;
8112 : 10850366;
8113 : 5000005;
8114 : 7763578;
8115 : 8486784;
8116 : 6447975;
8117 : 6645354;
8118 : 6579561;
8119 : 6513768;
8120 : 5526614;
8121 : 4802891;
8122 : 4868684;
8123 : 4868684;
8124 : 4868683;
8125 : 4802891;
8126 : 4209969;
8127 : 14272083;
8128 : 16048478;
8129 : 15851101;
8130 : 15851101;
8131 : 15851101;
8132 : 15851101;
8133 : 15587926;
8134 : 9867373;
8135 : 16777215;
8136 : 16777215;
8137 : 16777215;
8138 : 16777215;
8139 : 16777215;
8140 : 16777215;
8141 : 16777215;
8142 : 16777215;
8143 : 16777215;
8144 : 16777215;
8145 : 16777215;
8146 : 16777215;
8147 : 16777215;
8148 : 16777215;
8149 : 16777215;
8150 : 16777215;
8151 : 16777215;
8152 : 16777215;
8153 : 16777215;
8154 : 16777215;
8155 : 16777215;
8156 : 16777215;
8157 : 16777215;
8158 : 16777215;
8159 : 16777215;
8160 : 16777215;
8161 : 16777215;
8162 : 16777215;
8163 : 16777215;
8164 : 16777215;
8165 : 16777215;
8166 : 16777215;
8167 : 16777215;
8168 : 16777215;
8169 : 16777215;
8170 : 16777215;
8171 : 16777215;
8172 : 16645631;
8173 : 9144179;
8174 : 12428335;
8175 : 13743931;
8176 : 13612346;
8177 : 13612346;
8178 : 13612346;
8179 : 13612346;
8180 : 13612346;
8181 : 13612346;
8182 : 13612346;
8183 : 13678138;
8184 : 12822832;
8185 : 10130814;
8186 : 16777215;
8187 : 13290188;
8188 : 9141565;
8189 : 13677873;
8190 : 11443536;
8191 : 15724788;
8192 : 16777215;
8193 : 16777215;
8194 : 16777215;
8195 : 16711679;
8196 : 10131593;
8197 : 14074964;
8198 : 16245855;
8199 : 13877331;
8200 : 10850884;
8201 : 10916676;
8202 : 10916676;
8203 : 10916676;
8204 : 10916676;
8205 : 10916676;
8206 : 10916676;
8207 : 10916676;
8208 : 10916676;
8209 : 10982211;
8210 : 4737587;
8211 : 5530732;
8212 : 14605789;
8213 : 16777215;
8214 : 16777215;
8215 : 16777215;
8216 : 16777215;
8217 : 16777215;
8218 : 16777215;
8219 : 16777215;
8220 : 16777215;
8221 : 16777215;
8222 : 14013909;
8223 : 10790045;
8224 : 8552563;
8225 : 7368278;
8226 : 7170633;
8227 : 7367237;
8228 : 6841405;
8229 : 7038523;
8230 : 8353860;
8231 : 9142597;
8232 : 9208644;
8233 : 9274442;
8234 : 8814416;
8235 : 8946273;
8236 : 10394241;
8237 : 10328975;
8238 : 10263449;
8239 : 6775366;
8240 : 10193978;
8241 : 5656371;
8242 : 6645356;
8243 : 9210251;
8244 : 6777196;
8245 : 4474181;
8246 : 6053731;
8247 : 5921630;
8248 : 4868684;
8249 : 4934477;
8250 : 4868684;
8251 : 4868682;
8252 : 4868682;
8253 : 4211014;
8254 : 7037748;
8255 : 16114013;
8256 : 15851101;
8257 : 15851101;
8258 : 15851101;
8259 : 15851101;
8260 : 15982686;
8261 : 14930261;
8262 : 6643780;
8263 : 15724530;
8264 : 16777215;
8265 : 16777215;
8266 : 16777215;
8267 : 16777215;
8268 : 16777215;
8269 : 16777215;
8270 : 16777215;
8271 : 16777215;
8272 : 16777215;
8273 : 16777215;
8274 : 16777215;
8275 : 16777215;
8276 : 16777215;
8277 : 16777215;
8278 : 16777215;
8279 : 16777215;
8280 : 16777215;
8281 : 16777215;
8282 : 16777215;
8283 : 16777215;
8284 : 16777215;
8285 : 16777215;
8286 : 16777215;
8287 : 16777215;
8288 : 16777215;
8289 : 16777215;
8290 : 16777215;
8291 : 16777215;
8292 : 16777215;
8293 : 16777215;
8294 : 16777215;
8295 : 16777215;
8296 : 16777215;
8297 : 16777215;
8298 : 16777215;
8299 : 16777215;
8300 : 16777215;
8301 : 14869480;
8302 : 9470271;
8303 : 13875256;
8304 : 13612346;
8305 : 13612346;
8306 : 13612346;
8307 : 13612346;
8308 : 13612346;
8309 : 13612346;
8310 : 13612346;
8311 : 13612346;
8312 : 13809719;
8313 : 9207364;
8314 : 15593203;
8315 : 16777215;
8316 : 13421774;
8317 : 9141306;
8318 : 11311159;
8319 : 14540253;
8320 : 16777215;
8321 : 16777215;
8322 : 16777215;
8323 : 12961480;
8324 : 11445087;
8325 : 16377447;
8326 : 15719516;
8327 : 12034889;
8328 : 10785092;
8329 : 10916676;
8330 : 10916676;
8331 : 10916676;
8332 : 10916676;
8333 : 10916676;
8334 : 10916676;
8335 : 10916676;
8336 : 10916676;
8337 : 11048002;
8338 : 7432001;
8339 : 15066342;
8340 : 16777215;
8341 : 16777215;
8342 : 16777215;
8343 : 16777215;
8344 : 16777215;
8345 : 16777215;
8346 : 16777215;
8347 : 16711422;
8348 : 12500671;
8349 : 7565670;
8350 : 6906946;
8351 : 6446138;
8352 : 5195828;
8353 : 4932407;
8354 : 4537911;
8355 : 3748658;
8356 : 3485746;
8357 : 3814709;
8358 : 4209206;
8359 : 5261627;
8360 : 6971455;
8361 : 8616255;
8362 : 11049540;
8363 : 13943374;
8364 : 15258963;
8365 : 14074956;
8366 : 13219913;
8367 : 12430663;
8368 : 8945736;
8369 : 6577724;
8370 : 4737359;
8371 : 6842217;
8372 : 6513512;
8373 : 6578243;
8374 : 5723465;
8375 : 4934735;
8376 : 4539719;
8377 : 3487029;
8378 : 4868684;
8379 : 4868682;
8380 : 4934475;
8381 : 3684152;
8382 : 12101703;
8383 : 16245855;
8384 : 15851101;
8385 : 15851101;
8386 : 15851101;
8387 : 15851101;
8388 : 15916893;
8389 : 15587931;
8390 : 12694087;
8391 : 9671043;
8392 : 16711679;
8393 : 16777215;
8394 : 16777215;
8395 : 16777215;
8396 : 16777215;
8397 : 16777215;
8398 : 16777215;
8399 : 16777215;
8400 : 16777215;
8401 : 16777215;
8402 : 16777215;
8403 : 16777215;
8404 : 16777215;
8405 : 16777215;
8406 : 16777215;
8407 : 16777215;
8408 : 16777215;
8409 : 16777215;
8410 : 16777215;
8411 : 16777215;
8412 : 16777215;
8413 : 16777215;
8414 : 16777215;
8415 : 16777215;
8416 : 16777215;
8417 : 16777215;
8418 : 16777215;
8419 : 16777215;
8420 : 16777215;
8421 : 16777215;
8422 : 16777215;
8423 : 16777215;
8424 : 16777215;
8425 : 16777215;
8426 : 16777215;
8427 : 16777215;
8428 : 16777215;
8429 : 16777215;
8430 : 10328719;
8431 : 11836460;
8432 : 13809467;
8433 : 13612346;
8434 : 13612346;
8435 : 13612346;
8436 : 13612346;
8437 : 13612346;
8438 : 13612346;
8439 : 13612346;
8440 : 13941050;
8441 : 10718766;
8442 : 12960964;
8443 : 16777215;
8444 : 16777215;
8445 : 13553101;
8446 : 7300672;
8447 : 13026754;
8448 : 16777215;
8449 : 16777215;
8450 : 15658993;
8451 : 9801842;
8452 : 15917431;
8453 : 16048223;
8454 : 14601046;
8455 : 11113796;
8456 : 11245381;
8457 : 11245124;
8458 : 11179330;
8459 : 11310916;
8460 : 11048261;
8461 : 10916676;
8462 : 10916676;
8463 : 10916676;
8464 : 11113797;
8465 : 9141044;
8466 : 10789532;
8467 : 16777215;
8468 : 16777215;
8469 : 16777215;
8470 : 16777215;
8471 : 16777215;
8472 : 16777215;
8473 : 16777215;
8474 : 13816530;
8475 : 7630959;
8476 : 5195590;
8477 : 5195330;
8478 : 6642521;
8479 : 6248023;
8480 : 5853516;
8481 : 5985090;
8482 : 7629377;
8483 : 9273920;
8484 : 10128960;
8485 : 10457667;
8486 : 9339711;
8487 : 7629626;
8488 : 4538159;
8489 : 4077637;
8490 : 3354165;
8491 : 11181380;
8492 : 16311647;
8493 : 16048478;
8494 : 16114271;
8495 : 16508767;
8496 : 10786892;
8497 : 14274185;
8498 : 6644038;
8499 : 4209972;
8500 : 5394765;
8501 : 8551508;
8502 : 11248233;
8503 : 3750205;
8504 : 4408128;
8505 : 7300656;
8506 : 4276547;
8507 : 4934476;
8508 : 4474186;
8509 : 5985587;
8510 : 15850843;
8511 : 15916893;
8512 : 15851101;
8513 : 15851101;
8514 : 15851101;
8515 : 15851101;
8516 : 15851101;
8517 : 15916637;
8518 : 16442974;
8519 : 10589766;
8520 : 14014169;
8521 : 16777215;
8522 : 16777215;
8523 : 16777215;
8524 : 16777215;
8525 : 16777215;
8526 : 16777215;
8527 : 16777215;
8528 : 16777215;
8529 : 16777215;
8530 : 16777215;
8531 : 16777215;
8532 : 16777215;
8533 : 16777215;
8534 : 16777215;
8535 : 16777215;
8536 : 16777215;
8537 : 16777215;
8538 : 16777215;
8539 : 16777215;
8540 : 16777215;
8541 : 16777215;
8542 : 16777215;
8543 : 16777215;
8544 : 16777215;
8545 : 16777215;
8546 : 16777215;
8547 : 16777215;
8548 : 16777215;
8549 : 16777215;
8550 : 16777215;
8551 : 16777215;
8552 : 16777215;
8553 : 16777215;
8554 : 16777215;
8555 : 16579836;
8556 : 16777215;
8557 : 16777215;
8558 : 14540515;
8559 : 8943927;
8560 : 13941049;
8561 : 13612347;
8562 : 13612346;
8563 : 13612346;
8564 : 13612346;
8565 : 13612346;
8566 : 13612346;
8567 : 13612346;
8568 : 13678138;
8569 : 12559919;
8570 : 10657420;
8571 : 16777215;
8572 : 16777215;
8573 : 16777215;
8574 : 14869478;
8575 : 15329769;
8576 : 16777215;
8577 : 16777215;
8578 : 10855580;
8579 : 13879160;
8580 : 16180335;
8581 : 15916892;
8582 : 13284687;
8583 : 9863739;
8584 : 7365683;
8585 : 6117945;
8586 : 5987391;
8587 : 6906165;
8588 : 10126907;
8589 : 11114053;
8590 : 10916676;
8591 : 10916676;
8592 : 10916417;
8593 : 7826762;
8594 : 15724530;
8595 : 16777215;
8596 : 16777215;
8597 : 16777215;
8598 : 16777215;
8599 : 16777215;
8600 : 16777215;
8601 : 11908273;
8602 : 5393725;
8603 : 6773598;
8604 : 7628902;
8605 : 7826777;
8606 : 9669471;
8607 : 12431985;
8608 : 14471554;
8609 : 15852429;
8610 : 16443517;
8611 : 16442980;
8612 : 16377183;
8613 : 16377183;
8614 : 16574560;
8615 : 15851098;
8616 : 6379831;
8617 : 3682880;
8618 : 8615994;
8619 : 16311390;
8620 : 15851101;
8621 : 15851101;
8622 : 15851101;
8623 : 16179806;
8624 : 12759884;
8625 : 11971434;
8626 : 16049012;
8627 : 9011268;
8628 : 9669474;
8629 : 5920060;
8630 : 16378516;
8631 : 6051647;
8632 : 3750200;
8633 : 12628040;
8634 : 5196599;
8635 : 4803150;
8636 : 3684669;
8637 : 11312964;
8638 : 16377184;
8639 : 15851101;
8640 : 15851101;
8641 : 15785309;
8642 : 15851102;
8643 : 15851101;
8644 : 15851101;
8645 : 15851101;
8646 : 15982686;
8647 : 14995794;
8648 : 9144176;
8649 : 16514045;
8650 : 16777215;
8651 : 16777215;
8652 : 16777215;
8653 : 16777215;
8654 : 16777215;
8655 : 16777215;
8656 : 16777215;
8657 : 16777215;
8658 : 16777215;
8659 : 16777215;
8660 : 16777215;
8661 : 16777215;
8662 : 16777215;
8663 : 16777215;
8664 : 16777215;
8665 : 16777215;
8666 : 16777215;
8667 : 16777215;
8668 : 16777215;
8669 : 16777215;
8670 : 16777215;
8671 : 16777215;
8672 : 16777215;
8673 : 16777215;
8674 : 16777215;
8675 : 16777215;
8676 : 16777215;
8677 : 16777215;
8678 : 16777215;
8679 : 16777215;
8680 : 16777215;
8681 : 16777215;
8682 : 16777215;
8683 : 13487565;
8684 : 10724260;
8685 : 16777215;
8686 : 16777215;
8687 : 8946546;
8688 : 12428335;
8689 : 13743676;
8690 : 13612346;
8691 : 13612346;
8692 : 13612346;
8693 : 13612346;
8694 : 13612346;
8695 : 13612346;
8696 : 13612346;
8697 : 13480499;
8698 : 9603426;
8699 : 16645631;
8700 : 16777215;
8701 : 16777215;
8702 : 16777215;
8703 : 16777215;
8704 : 16777215;
8705 : 14277340;
8706 : 10787947;
8707 : 16510093;
8708 : 15917156;
8709 : 15653467;
8710 : 8877879;
8711 : 3951690;
8712 : 4680571;
8713 : 5208457;
8714 : 5406095;
8715 : 4812415;
8716 : 4543565;
8717 : 9535547;
8718 : 11048261;
8719 : 11048261;
8720 : 9140788;
8721 : 10921120;
8722 : 16777215;
8723 : 16777215;
8724 : 16777215;
8725 : 16777215;
8726 : 16777215;
8727 : 16777215;
8728 : 11052708;
8729 : 11445608;
8730 : 8090448;
8731 : 8550748;
8732 : 12958327;
8733 : 15852431;
8734 : 16641685;
8735 : 16510101;
8736 : 16312723;
8737 : 16181138;
8738 : 16049544;
8739 : 15916904;
8740 : 15851101;
8741 : 15851101;
8742 : 16245855;
8743 : 8287289;
8744 : 3617089;
8745 : 6182453;
8746 : 15588186;
8747 : 15982685;
8748 : 15851101;
8749 : 15851101;
8750 : 15851101;
8751 : 15851101;
8752 : 15719516;
8753 : 10457921;
8754 : 15850846;
8755 : 11378760;
8756 : 13418616;
8757 : 7695938;
8758 : 15654259;
8759 : 12562513;
8760 : 3026216;
8761 : 13746257;
8762 : 9011006;
8763 : 3816004;
8764 : 5459507;
8765 : 15522137;
8766 : 15916894;
8767 : 15851101;
8768 : 15851102;
8769 : 15850847;
8770 : 15851102;
8771 : 15851101;
8772 : 15851101;
8773 : 15851101;
8774 : 15851101;
8775 : 16377183;
8776 : 10326076;
8777 : 11447986;
8778 : 16777215;
8779 : 16777215;
8780 : 16777215;
8781 : 16777215;
8782 : 16777215;
8783 : 16777215;
8784 : 16777215;
8785 : 16777215;
8786 : 16777215;
8787 : 16777215;
8788 : 16777215;
8789 : 16777215;
8790 : 16777215;
8791 : 16777215;
8792 : 16777215;
8793 : 16777215;
8794 : 16777215;
8795 : 16777215;
8796 : 16777215;
8797 : 16777215;
8798 : 16777215;
8799 : 16777215;
8800 : 16777215;
8801 : 16777215;
8802 : 16777215;
8803 : 16777215;
8804 : 16777215;
8805 : 16777215;
8806 : 16777215;
8807 : 16777215;
8808 : 16777215;
8809 : 16777215;
8810 : 16777215;
8811 : 15658735;
8812 : 5064759;
8813 : 12105651;
8814 : 16777215;
8815 : 12566723;
8816 : 9469226;
8817 : 14006844;
8818 : 13612346;
8819 : 13612348;
8820 : 13612346;
8821 : 13612346;
8822 : 13612347;
8823 : 13612347;
8824 : 13612346;
8825 : 13875256;
8826 : 9207619;
8827 : 15527410;
8828 : 16777215;
8829 : 16777215;
8830 : 16777215;
8831 : 16777215;
8832 : 16777215;
8833 : 10921111;
8834 : 14865795;
8835 : 16377983;
8836 : 16245599;
8837 : 12759113;
8838 : 3952981;
8839 : 6260631;
8840 : 5997715;
8841 : 5735056;
8842 : 5734799;
8843 : 5866642;
8844 : 5406096;
8845 : 5658945;
8846 : 11047745;
8847 : 11376964;
8848 : 8089924;
8849 : 15263980;
8850 : 16777215;
8851 : 16777215;
8852 : 16777215;
8853 : 16777215;
8854 : 16777215;
8855 : 11513772;
8856 : 11314024;
8857 : 16510100;
8858 : 14405506;
8859 : 16246931;
8860 : 16510102;
8861 : 16181395;
8862 : 16181140;
8863 : 16181138;
8864 : 16115345;
8865 : 16115346;
8866 : 16049286;
8867 : 15916905;
8868 : 15851102;
8869 : 16377183;
8870 : 11575877;
8871 : 3748666;
8872 : 4274999;
8873 : 13483598;
8874 : 16245599;
8875 : 15851101;
8876 : 15851101;
8877 : 15851101;
8878 : 15851101;
8879 : 15851101;
8880 : 15916893;
8881 : 15522138;
8882 : 15785308;
8883 : 13680721;
8884 : 11379018;
8885 : 11641674;
8886 : 13746257;
8887 : 16443232;
8888 : 6380076;
8889 : 12036168;
8890 : 13417552;
8891 : 2894635;
8892 : 11576135;
8893 : 16311647;
8894 : 15851101;
8895 : 15851101;
8896 : 15851104;
8897 : 15916644;
8898 : 15851102;
8899 : 15851101;
8900 : 15851101;
8901 : 15851101;
8902 : 15851101;
8903 : 15916894;
8904 : 15390550;
8905 : 8288336;
8906 : 15724787;
8907 : 16777215;
8908 : 16777215;
8909 : 16777215;
8910 : 16777215;
8911 : 16777215;
8912 : 16777215;
8913 : 16777215;
8914 : 16777215;
8915 : 16777215;
8916 : 16777215;
8917 : 16777215;
8918 : 16777215;
8919 : 16777215;
8920 : 16777215;
8921 : 16777215;
8922 : 16777215;
8923 : 16777215;
8924 : 16777215;
8925 : 16777215;
8926 : 16777215;
8927 : 16777215;
8928 : 16777215;
8929 : 16777215;
8930 : 16777215;
8931 : 16777215;
8932 : 16777215;
8933 : 16777215;
8934 : 16777215;
8935 : 16777215;
8936 : 16777215;
8937 : 16777215;
8938 : 16777215;
8939 : 16777215;
8940 : 10196608;
8941 : 7957032;
8942 : 13092808;
8943 : 16382717;
8944 : 8484684;
8945 : 13677878;
8946 : 13612346;
8947 : 13612346;
8948 : 13612346;
8949 : 13612346;
8950 : 13612346;
8951 : 13612346;
8952 : 13612346;
8953 : 13941050;
8954 : 10193204;
8955 : 14079706;
8956 : 16777215;
8957 : 16777215;
8958 : 16777215;
8959 : 16777215;
8960 : 15658994;
8961 : 10788214;
8962 : 16575888;
8963 : 13615195;
8964 : 15982428;
8965 : 9733436;
8966 : 4152425;
8967 : 6064022;
8968 : 5800849;
8969 : 5734799;
8970 : 5734799;
8971 : 5734799;
8972 : 5669780;
8973 : 5069134;
8974 : 10916159;
8975 : 11443007;
8976 : 10394250;
8977 : 16777215;
8978 : 16777215;
8979 : 16777215;
8980 : 16777215;
8981 : 16777215;
8982 : 14408669;
8983 : 10130276;
8984 : 16510099;
8985 : 16115345;
8986 : 16312723;
8987 : 16115345;
8988 : 16115345;
8989 : 16115345;
8990 : 16115345;
8991 : 16181139;
8992 : 16181140;
8993 : 16115345;
8994 : 15983226;
8995 : 15916645;
8996 : 16048223;
8997 : 14930262;
8998 : 4932916;
8999 : 3814464;
9000 : 9865790;
9001 : 16442975;
9002 : 15851101;
9003 : 15851101;
9004 : 15851101;
9005 : 15851101;
9006 : 15851101;
9007 : 15851101;
9008 : 15851101;
9009 : 15916893;
9010 : 15916893;
9011 : 15785308;
9012 : 13877841;
9013 : 14601557;
9014 : 14798679;
9015 : 16245855;
9016 : 13154638;
9017 : 11839303;
9018 : 15719516;
9019 : 9076536;
9020 : 15785308;
9021 : 15916893;
9022 : 15851101;
9023 : 15850845;
9024 : 15916905;
9025 : 15916907;
9026 : 15851102;
9027 : 15851101;
9028 : 15851101;
9029 : 15851101;
9030 : 15851101;
9031 : 15851101;
9032 : 16179807;
9033 : 13746252;
9034 : 11447458;
9035 : 16777215;
9036 : 16777215;
9037 : 16777215;
9038 : 16777215;
9039 : 16777215;
9040 : 16777215;
9041 : 16777215;
9042 : 16777215;
9043 : 16777215;
9044 : 16777215;
9045 : 16777215;
9046 : 16777215;
9047 : 16777215;
9048 : 16777215;
9049 : 16777215;
9050 : 16777215;
9051 : 16777215;
9052 : 16777215;
9053 : 16777215;
9054 : 16777215;
9055 : 16777215;
9056 : 16777215;
9057 : 16777215;
9058 : 16777215;
9059 : 16777215;
9060 : 16777215;
9061 : 16777215;
9062 : 16777215;
9063 : 16777215;
9064 : 16777215;
9065 : 16777215;
9066 : 16777215;
9067 : 16777215;
9068 : 12961221;
9069 : 10652713;
9070 : 8812862;
9071 : 14803687;
9072 : 10394508;
9073 : 12297006;
9074 : 13743930;
9075 : 13612346;
9076 : 13612346;
9077 : 13612346;
9078 : 13612346;
9079 : 13612346;
9080 : 13612346;
9081 : 13875259;
9082 : 11310383;
9083 : 12829375;
9084 : 16777215;
9085 : 16777215;
9086 : 16777215;
9087 : 16777215;
9088 : 13816532;
9089 : 12169330;
9090 : 15785846;
9091 : 9602875;
9092 : 9010741;
9093 : 8024412;
9094 : 5135718;
9095 : 5010305;
9096 : 5009275;
9097 : 5734799;
9098 : 5669006;
9099 : 5932435;
9100 : 5142151;
9101 : 6052666;
9102 : 12429128;
9103 : 9997379;
9104 : 14079961;
9105 : 16777215;
9106 : 16777215;
9107 : 16777215;
9108 : 16777215;
9109 : 16777215;
9110 : 10329242;
9111 : 13352565;
9112 : 16444308;
9113 : 16115345;
9114 : 16115345;
9115 : 16115345;
9116 : 16115345;
9117 : 16115345;
9118 : 16115345;
9119 : 16181139;
9120 : 16115601;
9121 : 16049287;
9122 : 15982445;
9123 : 15851105;
9124 : 16377183;
9125 : 9076540;
9126 : 3748674;
9127 : 6182198;
9128 : 15851099;
9129 : 15916894;
9130 : 15851101;
9131 : 15851101;
9132 : 15851101;
9133 : 15851101;
9134 : 15851101;
9135 : 15851101;
9136 : 15851101;
9137 : 15851101;
9138 : 15851101;
9139 : 15851101;
9140 : 16048478;
9141 : 15982686;
9142 : 15916893;
9143 : 15851101;
9144 : 15982685;
9145 : 15588187;
9146 : 15851101;
9147 : 15851100;
9148 : 15916893;
9149 : 15851101;
9150 : 15851101;
9151 : 15851103;
9152 : 15982967;
9153 : 15982702;
9154 : 15851102;
9155 : 15851101;
9156 : 15851101;
9157 : 15851101;
9158 : 15851101;
9159 : 15851101;
9160 : 15851101;
9161 : 16179803;
9162 : 10524243;
9163 : 15066859;
9164 : 16777215;
9165 : 16777215;
9166 : 16777215;
9167 : 16777215;
9168 : 16777215;
9169 : 16777215;
9170 : 16777215;
9171 : 16777215;
9172 : 16777215;
9173 : 16777215;
9174 : 16777215;
9175 : 16777215;
9176 : 16777215;
9177 : 16777215;
9178 : 16777215;
9179 : 16777215;
9180 : 16777215;
9181 : 16777215;
9182 : 16777215;
9183 : 16777215;
9184 : 16777215;
9185 : 16777215;
9186 : 16777215;
9187 : 16777215;
9188 : 16777215;
9189 : 16777215;
9190 : 16777215;
9191 : 16777215;
9192 : 16777215;
9193 : 16777215;
9194 : 16777215;
9195 : 16777215;
9196 : 15264238;
9197 : 9601856;
9198 : 13151534;
9199 : 9208930;
9200 : 11908793;
9201 : 11113519;
9202 : 13875259;
9203 : 13612346;
9204 : 13612346;
9205 : 13612346;
9206 : 13612346;
9207 : 13612346;
9208 : 13612346;
9209 : 13809466;
9210 : 11836718;
9211 : 11842217;
9212 : 16777215;
9213 : 16777215;
9214 : 16777215;
9215 : 16777215;
9216 : 12500413;
9217 : 12957272;
9218 : 13088850;
9219 : 13022794;
9220 : 8024640;
9221 : 9275533;
9222 : 5459772;
9223 : 3882810;
9224 : 4873315;
9225 : 4481389;
9226 : 3952470;
9227 : 4481388;
9228 : 3948600;
9229 : 10587454;
9230 : 12034881;
9231 : 9604730;
9232 : 16711423;
9233 : 16777215;
9234 : 16777215;
9235 : 16777215;
9236 : 16777215;
9237 : 16777215;
9238 : 9736840;
9239 : 14733952;
9240 : 16246930;
9241 : 16115345;
9242 : 16115345;
9243 : 16115345;
9244 : 16115345;
9245 : 16115345;
9246 : 16115345;
9247 : 16115345;
9248 : 16115344;
9249 : 15983487;
9250 : 15916903;
9251 : 16048223;
9252 : 14206547;
9253 : 4406326;
9254 : 3946045;
9255 : 11838791;
9256 : 16377183;
9257 : 15851101;
9258 : 15851101;
9259 : 15851101;
9260 : 15851101;
9261 : 15851101;
9262 : 15851101;
9263 : 15851101;
9264 : 15851101;
9265 : 15851101;
9266 : 15851101;
9267 : 15851101;
9268 : 15851101;
9269 : 15851101;
9270 : 15851101;
9271 : 15851101;
9272 : 15851101;
9273 : 15916893;
9274 : 15851101;
9275 : 15916893;
9276 : 15851101;
9277 : 15851101;
9278 : 15851100;
9279 : 15916904;
9280 : 15983229;
9281 : 15917165;
9282 : 15851103;
9283 : 15851101;
9284 : 15851101;
9285 : 15851101;
9286 : 15851101;
9287 : 15851101;
9288 : 15851101;
9289 : 16048222;
9290 : 14272334;
9291 : 10855058;
9292 : 16777215;
9293 : 16777215;
9294 : 16777215;
9295 : 16777215;
9296 : 16777215;
9297 : 16777215;
9298 : 16777215;
9299 : 16777215;
9300 : 16777215;
9301 : 16777215;
9302 : 16777215;
9303 : 16777215;
9304 : 16777215;
9305 : 16777215;
9306 : 16777215;
9307 : 16777215;
9308 : 16777215;
9309 : 16777215;
9310 : 16777215;
9311 : 16777215;
9312 : 16777215;
9313 : 16777215;
9314 : 16777215;
9315 : 16777215;
9316 : 16777215;
9317 : 16777215;
9318 : 16777215;
9319 : 16777215;
9320 : 16777215;
9321 : 16777215;
9322 : 16777215;
9323 : 16777215;
9324 : 16580095;
9325 : 9471840;
9326 : 13743413;
9327 : 12033839;
9328 : 8815738;
9329 : 10325314;
9330 : 13941049;
9331 : 13612346;
9332 : 13612346;
9333 : 13612346;
9334 : 13612346;
9335 : 13612346;
9336 : 13612346;
9337 : 13743930;
9338 : 12230957;
9339 : 11184025;
9340 : 16777215;
9341 : 16777215;
9342 : 16777215;
9343 : 16777215;
9344 : 12698049;
9345 : 12496970;
9346 : 16377183;
9347 : 16508509;
9348 : 8879691;
9349 : 7696757;
9350 : 4471581;
9351 : 6577491;
9352 : 5855834;
9353 : 3684912;
9354 : 5985877;
9355 : 2959900;
9356 : 6578012;
9357 : 7036721;
9358 : 8156239;
9359 : 15000807;
9360 : 16777215;
9361 : 16777215;
9362 : 16777215;
9363 : 16777215;
9364 : 16777215;
9365 : 16777215;
9366 : 10526095;
9367 : 15128708;
9368 : 16246930;
9369 : 16115345;
9370 : 16115345;
9371 : 16115345;
9372 : 16115345;
9373 : 16115345;
9374 : 16115345;
9375 : 16115345;
9376 : 16115345;
9377 : 16049283;
9378 : 15916905;
9379 : 16311391;
9380 : 8879164;
9381 : 3748674;
9382 : 6840120;
9383 : 16311646;
9384 : 16114271;
9385 : 15982430;
9386 : 15851101;
9387 : 15851101;
9388 : 15851101;
9389 : 15851101;
9390 : 15851101;
9391 : 15851101;
9392 : 15851101;
9393 : 15851101;
9394 : 15851101;
9395 : 15851101;
9396 : 15851101;
9397 : 15851101;
9398 : 15851101;
9399 : 15851101;
9400 : 15851101;
9401 : 15851101;
9402 : 15851101;
9403 : 15851101;
9404 : 15851101;
9405 : 15851101;
9406 : 15850845;
9407 : 15982966;
9408 : 15983747;
9409 : 15917428;
9410 : 15851105;
9411 : 15851101;
9412 : 15851101;
9413 : 15851101;
9414 : 15851101;
9415 : 15851101;
9416 : 15851101;
9417 : 15851101;
9418 : 16245596;
9419 : 11444819;
9420 : 14803686;
9421 : 16777215;
9422 : 16777215;
9423 : 16777215;
9424 : 16777215;
9425 : 16777215;
9426 : 16777215;
9427 : 16777215;
9428 : 16777215;
9429 : 16777215;
9430 : 16777215;
9431 : 16777215;
9432 : 16777215;
9433 : 16777215;
9434 : 16777215;
9435 : 16777215;
9436 : 16777215;
9437 : 16777215;
9438 : 16777215;
9439 : 16777215;
9440 : 16777215;
9441 : 16777215;
9442 : 16777215;
9443 : 16777215;
9444 : 16777215;
9445 : 16777215;
9446 : 16777215;
9447 : 16777215;
9448 : 16777215;
9449 : 16777215;
9450 : 16777215;
9451 : 16777215;
9452 : 16777215;
9453 : 10328454;
9454 : 12559919;
9455 : 14138427;
9456 : 9075250;
9457 : 6576426;
9458 : 14006843;
9459 : 13612346;
9460 : 13612346;
9461 : 13612346;
9462 : 13612346;
9463 : 13612346;
9464 : 13612346;
9465 : 13743674;
9466 : 12559918;
9467 : 9538682;
9468 : 16777215;
9469 : 16777215;
9470 : 16777215;
9471 : 16777215;
9472 : 14408673;
9473 : 11181647;
9474 : 16311389;
9475 : 15982685;
9476 : 10785860;
9477 : 7497272;
9478 : 7299370;
9479 : 7367264;
9480 : 5985872;
9481 : 5918243;
9482 : 7170408;
9483 : 3485730;
9484 : 5590849;
9485 : 3946279;
9486 : 11776948;
9487 : 16777215;
9488 : 16777215;
9489 : 16777215;
9490 : 16777215;
9491 : 16777215;
9492 : 16777215;
9493 : 16777215;
9494 : 9604994;
9495 : 15062916;
9496 : 16246930;
9497 : 16115345;
9498 : 16115345;
9499 : 16115345;
9500 : 16115345;
9501 : 16115345;
9502 : 16115345;
9503 : 16115345;
9504 : 16115345;
9505 : 16049027;
9506 : 16048230;
9507 : 15061848;
9508 : 5064247;
9509 : 4143426;
9510 : 9208378;
9511 : 13483343;
9512 : 14207058;
9513 : 15324760;
9514 : 16048476;
9515 : 16377439;
9516 : 16311391;
9517 : 16048222;
9518 : 15851101;
9519 : 15851101;
9520 : 15851101;
9521 : 15851101;
9522 : 15851101;
9523 : 15851101;
9524 : 15851101;
9525 : 15851101;
9526 : 15851101;
9527 : 15851101;
9528 : 15851101;
9529 : 15851101;
9530 : 15851101;
9531 : 15851101;
9532 : 15851101;
9533 : 15851100;
9534 : 15851104;
9535 : 15983490;
9536 : 16049547;
9537 : 15982967;
9538 : 15851106;
9539 : 15851101;
9540 : 15851101;
9541 : 15851101;
9542 : 15851101;
9543 : 15851101;
9544 : 15851101;
9545 : 15851101;
9546 : 16377184;
9547 : 14864464;
9548 : 10986638;
9549 : 16777215;
9550 : 16777215;
9551 : 16777215;
9552 : 16777215;
9553 : 16777215;
9554 : 16777215;
9555 : 16777215;
9556 : 16777215;
9557 : 16777215;
9558 : 16777215;
9559 : 16777215;
9560 : 16777215;
9561 : 16777215;
9562 : 16777215;
9563 : 16777215;
9564 : 16777215;
9565 : 16777215;
9566 : 16777215;
9567 : 16777215;
9568 : 16777215;
9569 : 16777215;
9570 : 16777215;
9571 : 16777215;
9572 : 16777215;
9573 : 16777215;
9574 : 16777215;
9575 : 16777215;
9576 : 16777215;
9577 : 16777215;
9578 : 16777215;
9579 : 16777215;
9580 : 16777215;
9581 : 12303029;
9582 : 11376174;
9583 : 13941051;
9584 : 13086263;
9585 : 7101985;
9586 : 13480762;
9587 : 13612346;
9588 : 13612346;
9589 : 13612346;
9590 : 13612346;
9591 : 13612346;
9592 : 13612346;
9593 : 13612346;
9594 : 13151537;
9595 : 9341035;
9596 : 16777215;
9597 : 16777215;
9598 : 16777215;
9599 : 16777215;
9600 : 16382717;
9601 : 9867629;
9602 : 15850838;
9603 : 16048222;
9604 : 12429387;
9605 : 7431214;
9606 : 9601339;
9607 : 7102521;
9608 : 7497015;
9609 : 7168046;
9610 : 8220474;
9611 : 8549432;
9612 : 7759663;
9613 : 9074739;
9614 : 11908273;
9615 : 16777215;
9616 : 16777215;
9617 : 16777215;
9618 : 16777215;
9619 : 16777215;
9620 : 16777215;
9621 : 16777215;
9622 : 10526358;
9623 : 14405246;
9624 : 16312467;
9625 : 16115345;
9626 : 16115345;
9627 : 16115345;
9628 : 16115345;
9629 : 16115345;
9630 : 16115345;
9631 : 16115345;
9632 : 16115346;
9633 : 16048761;
9634 : 16311137;
9635 : 11970633;
9636 : 3222838;
9637 : 4012097;
9638 : 3551288;
9639 : 3748921;
9640 : 4340536;
9641 : 5130038;
9642 : 6445622;
9643 : 9405246;
9644 : 12233545;
9645 : 14733141;
9646 : 16245854;
9647 : 16245855;
9648 : 15851101;
9649 : 15851101;
9650 : 15851101;
9651 : 15851101;
9652 : 15851101;
9653 : 15851101;
9654 : 15851101;
9655 : 15851101;
9656 : 15851101;
9657 : 15851101;
9658 : 15851101;
9659 : 15851101;
9660 : 15851101;
9661 : 15851100;
9662 : 15916905;
9663 : 16115346;
9664 : 16049546;
9665 : 15917427;
9666 : 15851104;
9667 : 15851101;
9668 : 15851101;
9669 : 15851101;
9670 : 15851101;
9671 : 15851101;
9672 : 15851101;
9673 : 15653980;
9674 : 11575878;
9675 : 16048475;
9676 : 11444559;
9677 : 14540513;
9678 : 16777215;
9679 : 16777215;
9680 : 16777215;
9681 : 16777215;
9682 : 16777215;
9683 : 16777215;
9684 : 16777215;
9685 : 16777215;
9686 : 16777215;
9687 : 16777215;
9688 : 16777215;
9689 : 16777215;
9690 : 16777215;
9691 : 16777215;
9692 : 16777215;
9693 : 16777215;
9694 : 16777215;
9695 : 16777215;
9696 : 16777215;
9697 : 16777215;
9698 : 16777215;
9699 : 16777215;
9700 : 16777215;
9701 : 16777215;
9702 : 16777215;
9703 : 16777215;
9704 : 16777215;
9705 : 16777215;
9706 : 16777215;
9707 : 16777215;
9708 : 16777215;
9709 : 13619152;
9710 : 10455857;
9711 : 13875514;
9712 : 13743931;
9713 : 12757303;
9714 : 13414970;
9715 : 13612346;
9716 : 13612346;
9717 : 13612347;
9718 : 13612346;
9719 : 13612346;
9720 : 13612346;
9721 : 13612346;
9722 : 13217586;
9723 : 9603948;
9724 : 16777215;
9725 : 16777215;
9726 : 16777215;
9727 : 16777215;
9728 : 16777215;
9729 : 13619149;
9730 : 10063429;
9731 : 12628294;
9732 : 7891506;
9733 : 7562544;
9734 : 11179590;
9735 : 11245380;
9736 : 9667132;
9737 : 7431216;
9738 : 11640135;
9739 : 10193215;
9740 : 8483123;
9741 : 8746294;
9742 : 13355979;
9743 : 16777215;
9744 : 16777215;
9745 : 16777215;
9746 : 16777215;
9747 : 16777215;
9748 : 16777215;
9749 : 16777215;
9750 : 12500410;
9751 : 13352559;
9752 : 16378770;
9753 : 16115345;
9754 : 16115345;
9755 : 16115345;
9756 : 16115343;
9757 : 16049545;
9758 : 16049547;
9759 : 16115345;
9760 : 16049284;
9761 : 15851110;
9762 : 16048222;
9763 : 14075219;
9764 : 9668413;
9765 : 9010492;
9766 : 7563575;
9767 : 6050612;
9768 : 4998453;
9769 : 3880502;
9770 : 3551291;
9771 : 3156793;
9772 : 3617080;
9773 : 4472627;
9774 : 6642995;
9775 : 11312965;
9776 : 16114270;
9777 : 15851101;
9778 : 15851101;
9779 : 15851101;
9780 : 15851101;
9781 : 15851101;
9782 : 15851101;
9783 : 15851101;
9784 : 15851101;
9785 : 15851101;
9786 : 15851101;
9787 : 15851101;
9788 : 15851101;
9789 : 15851099;
9790 : 15917169;
9791 : 16115607;
9792 : 16049027;
9793 : 15917166;
9794 : 15850847;
9795 : 15851101;
9796 : 15851101;
9797 : 15851101;
9798 : 15851101;
9799 : 15851101;
9800 : 15916893;
9801 : 15851100;
9802 : 5261615;
9803 : 7498040;
9804 : 14469710;
9805 : 10591882;
9806 : 16777215;
9807 : 16777215;
9808 : 16777215;
9809 : 16777215;
9810 : 16777215;
9811 : 16777215;
9812 : 16777215;
9813 : 16777215;
9814 : 16777215;
9815 : 16777215;
9816 : 16777215;
9817 : 16777215;
9818 : 16777215;
9819 : 16777215;
9820 : 16777215;
9821 : 16777215;
9822 : 16777215;
9823 : 16777215;
9824 : 16777215;
9825 : 16777215;
9826 : 16777215;
9827 : 16777215;
9828 : 16777215;
9829 : 16777215;
9830 : 16777215;
9831 : 16777215;
9832 : 16777215;
9833 : 16777215;
9834 : 16777215;
9835 : 16777215;
9836 : 16777215;
9837 : 14737892;
9838 : 10127677;
9839 : 13941051;
9840 : 13612346;
9841 : 13743930;
9842 : 13612346;
9843 : 13612346;
9844 : 13612346;
9845 : 13349433;
9846 : 13612346;
9847 : 13612346;
9848 : 13612346;
9849 : 13678138;
9850 : 12954672;
9851 : 9604210;
9852 : 16777215;
9853 : 16777215;
9854 : 16777215;
9855 : 16777215;
9856 : 16777215;
9857 : 16777215;
9858 : 13750997;
9859 : 7039589;
9860 : 7233831;
9861 : 11179585;
9862 : 11113538;
9863 : 10719039;
9864 : 7759919;
9865 : 9930044;
9866 : 10719294;
9867 : 7628330;
9868 : 7496490;
9869 : 9933701;
9870 : 16514044;
9871 : 16777215;
9872 : 16777215;
9873 : 16777215;
9874 : 16777215;
9875 : 16777215;
9876 : 16777215;
9877 : 16777215;
9878 : 13947862;
9879 : 11971168;
9880 : 16444041;
9881 : 16115347;
9882 : 16115346;
9883 : 16115345;
9884 : 16049287;
9885 : 15983228;
9886 : 15982967;
9887 : 15982961;
9888 : 15851109;
9889 : 15851102;
9890 : 15851101;
9891 : 16048478;
9892 : 16442976;
9893 : 16442975;
9894 : 16311647;
9895 : 15916892;
9896 : 15259224;
9897 : 13614927;
9898 : 11838790;
9899 : 10260288;
9900 : 4274984;
9901 : 4406345;
9902 : 3419954;
9903 : 10852417;
9904 : 16180063;
9905 : 15982686;
9906 : 15982686;
9907 : 16048478;
9908 : 15982686;
9909 : 15916893;
9910 : 15851101;
9911 : 15851101;
9912 : 15851101;
9913 : 15851101;
9914 : 15851101;
9915 : 15851101;
9916 : 15851101;
9917 : 15851099;
9918 : 15983225;
9919 : 16115863;
9920 : 15983488;
9921 : 15917168;
9922 : 15851105;
9923 : 15851102;
9924 : 15851101;
9925 : 15851101;
9926 : 15851101;
9927 : 15851101;
9928 : 15851101;
9929 : 16311647;
9930 : 7826747;
9931 : 3288380;
9932 : 8747320;
9933 : 9273414;
9934 : 14935014;
9935 : 16777215;
9936 : 16777215;
9937 : 16777215;
9938 : 16777215;
9939 : 16777215;
9940 : 16777215;
9941 : 16777215;
9942 : 16777215;
9943 : 16777215;
9944 : 16777215;
9945 : 16777215;
9946 : 16777215;
9947 : 16777215;
9948 : 16777215;
9949 : 16777215;
9950 : 16777215;
9951 : 16777215;
9952 : 16777215;
9953 : 16777215;
9954 : 16777215;
9955 : 16777215;
9956 : 16777215;
9957 : 16777215;
9958 : 16777215;
9959 : 16777215;
9960 : 16777215;
9961 : 16777215;
9962 : 16777215;
9963 : 16777215;
9964 : 16777215;
9965 : 15527410;
9966 : 10325581;
9967 : 14006848;
9968 : 13678141;
9969 : 13612346;
9970 : 13612346;
9971 : 13612346;
9972 : 13612347;
9973 : 9929772;
9974 : 13546554;
9975 : 13612346;
9976 : 13612346;
9977 : 13678138;
9978 : 12757039;
9979 : 9933437;
9980 : 16777215;
9981 : 16777215;
9982 : 16777215;
9983 : 16777215;
9984 : 16777215;
9985 : 16777215;
9986 : 16777215;
9987 : 16250873;
9988 : 9933705;
9989 : 7629641;
9990 : 8023880;
9991 : 7170133;
9992 : 5853492;
9993 : 7891769;
9994 : 9209198;
9995 : 8881272;
9996 : 10855326;
9997 : 16448252;
9998 : 16777215;
9999 : 16777215;
10000 : 16777215;
10001 : 16777215;
10002 : 16777215;
10003 : 16777215;
10004 : 16777215;
10005 : 16777215;
10006 : 15593202;
10007 : 9800792;
10008 : 16311666;
10009 : 16114822;
10010 : 16049288;
10011 : 16049025;
10012 : 15983227;
10013 : 15916909;
10014 : 15851107;
10015 : 15850845;
10016 : 15851100;
10017 : 15851101;
10018 : 15851101;
10019 : 15851101;
10020 : 15851101;
10021 : 15851101;
10022 : 15851101;
10023 : 15851101;
10024 : 15982430;
10025 : 16114270;
10026 : 16771682;
10027 : 14272594;
10028 : 4472119;
10029 : 4472379;
10030 : 12168010;
10031 : 16772191;
10032 : 15719511;
10033 : 14798673;
10034 : 14403919;
10035 : 13943628;
10036 : 14338126;
10037 : 15127379;
10038 : 15850840;
10039 : 16311390;
10040 : 16048478;
10041 : 15851101;
10042 : 15851101;
10043 : 15851101;
10044 : 15851101;
10045 : 15785564;
10046 : 15983488;
10047 : 16116125;
10048 : 16050067;
10049 : 15982965;
10050 : 15916900;
10051 : 15851105;
10052 : 15851101;
10053 : 15851101;
10054 : 15851101;
10055 : 15851101;
10056 : 15851101;
10057 : 16377439;
10058 : 9405502;
10059 : 4340806;
10060 : 3880506;
10061 : 6773286;
10062 : 10854803;
10063 : 16777215;
10064 : 16777215;
10065 : 16777215;
10066 : 16777215;
10067 : 16777215;
10068 : 16777215;
10069 : 16777215;
10070 : 16777215;
10071 : 16777215;
10072 : 16777215;
10073 : 16777215;
10074 : 16777215;
10075 : 16777215;
10076 : 16777215;
10077 : 16777215;
10078 : 16777215;
10079 : 16777215;
10080 : 16777215;
10081 : 16777215;
10082 : 16777215;
10083 : 16777215;
10084 : 16777215;
10085 : 16777215;
10086 : 16777215;
10087 : 16777215;
10088 : 16777215;
10089 : 16777215;
10090 : 16777215;
10091 : 16777215;
10092 : 16777215;
10093 : 15725045;
10094 : 10062933;
10095 : 14204751;
10096 : 13941582;
10097 : 13809990;
10098 : 13678141;
10099 : 13612347;
10100 : 13480762;
10101 : 6247202;
10102 : 12823351;
10103 : 13743674;
10104 : 13612346;
10105 : 13743931;
10106 : 12362543;
10107 : 11183767;
10108 : 16777215;
10109 : 16777215;
10110 : 16777215;
10111 : 16777215;
10112 : 16777215;
10113 : 16777215;
10114 : 16777215;
10115 : 16777215;
10116 : 16777215;
10117 : 15987959;
10118 : 15724786;
10119 : 16514045;
10120 : 15132391;
10121 : 14540256;
10122 : 16579838;
10123 : 16777215;
10124 : 16777215;
10125 : 16777215;
10126 : 16777215;
10127 : 16777215;
10128 : 16777215;
10129 : 16777215;
10130 : 16777215;
10131 : 16777215;
10132 : 16777215;
10133 : 16777215;
10134 : 16777215;
10135 : 10000012;
10136 : 13548881;
10137 : 16311400;
10138 : 15851365;
10139 : 15916644;
10140 : 15851105;
10141 : 15851102;
10142 : 15851101;
10143 : 15851101;
10144 : 15851101;
10145 : 15851101;
10146 : 15851101;
10147 : 15851101;
10148 : 15851101;
10149 : 15851101;
10150 : 15851101;
10151 : 15851101;
10152 : 15851101;
10153 : 16245599;
10154 : 14667093;
10155 : 5327415;
10156 : 4406585;
10157 : 10523712;
10158 : 11839045;
10159 : 10261077;
10160 : 10261867;
10161 : 8683885;
10162 : 8749684;
10163 : 9999755;
10164 : 9407870;
10165 : 9407346;
10166 : 8880472;
10167 : 10063428;
10168 : 14206541;
10169 : 16245853;
10170 : 15982686;
10171 : 15851101;
10172 : 15851101;
10173 : 15850845;
10174 : 16049285;
10175 : 16115868;
10176 : 16115867;
10177 : 16049284;
10178 : 15982702;
10179 : 15916645;
10180 : 15851102;
10181 : 15851101;
10182 : 15851101;
10183 : 15851101;
10184 : 15851101;
10185 : 16377439;
10186 : 10326338;
10187 : 3748668;
10188 : 3090990;
10189 : 3485479;
10190 : 7366210;
10191 : 15790320;
10192 : 16777215;
10193 : 16777215;
10194 : 16777215;
10195 : 16777215;
10196 : 16777215;
10197 : 16777215;
10198 : 16777215;
10199 : 16777215;
10200 : 16777215;
10201 : 16777215;
10202 : 16777215;
10203 : 16777215;
10204 : 16777215;
10205 : 16777215;
10206 : 16777215;
10207 : 16777215;
10208 : 16777215;
10209 : 16777215;
10210 : 16777215;
10211 : 16777215;
10212 : 16777215;
10213 : 16777215;
10214 : 16777215;
10215 : 16777215;
10216 : 16777215;
10217 : 16777215;
10218 : 16777215;
10219 : 16777215;
10220 : 16777215;
10221 : 15658995;
10222 : 10062938;
10223 : 14599779;
10224 : 14336867;
10225 : 14270815;
10226 : 13941838;
10227 : 13941316;
10228 : 12559927;
10229 : 7236447;
10230 : 11179574;
10231 : 13875515;
10232 : 13612346;
10233 : 13875259;
10234 : 11310382;
10235 : 12566203;
10236 : 16777215;
10237 : 16777215;
10238 : 16777215;
10239 : 16777215;
10240 : 16777215;
10241 : 16777215;
10242 : 16777215;
10243 : 16777215;
10244 : 16777215;
10245 : 16777215;
10246 : 16777215;
10247 : 16777215;
10248 : 16777215;
10249 : 16777215;
10250 : 16777215;
10251 : 16777215;
10252 : 16777215;
10253 : 16777215;
10254 : 16777215;
10255 : 16777215;
10256 : 16777215;
10257 : 16777215;
10258 : 16777215;
10259 : 16777215;
10260 : 16777215;
10261 : 16777215;
10262 : 16777215;
10263 : 15198188;
10264 : 8155978;
10265 : 14732115;
10266 : 15850845;
10267 : 15982686;
10268 : 15917149;
10269 : 15916893;
10270 : 15851101;
10271 : 15851101;
10272 : 15851101;
10273 : 15851101;
10274 : 15851101;
10275 : 15916893;
10276 : 15916893;
10277 : 15917150;
10278 : 15982686;
10279 : 16048478;
10280 : 16179807;
10281 : 14535764;
10282 : 4867109;
10283 : 3222312;
10284 : 5853223;
10285 : 8352052;
10286 : 8351538;
10287 : 6972498;
10288 : 15922170;
10289 : 16777215;
10290 : 16777215;
10291 : 16777215;
10292 : 16777215;
10293 : 16777215;
10294 : 16185083;
10295 : 13553364;
10296 : 10131592;
10297 : 9734727;
10298 : 14732881;
10299 : 16245855;
10300 : 15851101;
10301 : 15851102;
10302 : 16049288;
10303 : 16115868;
10304 : 16181659;
10305 : 16049806;
10306 : 15983226;
10307 : 15917167;
10308 : 15851106;
10309 : 15851101;
10310 : 15851101;
10311 : 15851101;
10312 : 15851101;
10313 : 16377183;
10314 : 11115333;
10315 : 3682876;
10316 : 4866343;
10317 : 3222314;
10318 : 3419421;
10319 : 10328979;
10320 : 16777215;
10321 : 16777215;
10322 : 16777215;
10323 : 16777215;
10324 : 16777215;
10325 : 16777215;
10326 : 16777215;
10327 : 16777215;
10328 : 16777215;
10329 : 16777215;
10330 : 16777215;
10331 : 16777215;
10332 : 16777215;
10333 : 16777215;
10334 : 16777215;
10335 : 16777215;
10336 : 16777215;
10337 : 16777215;
10338 : 16777215;
10339 : 16777215;
10340 : 16777215;
10341 : 16777215;
10342 : 16777215;
10343 : 16777215;
10344 : 16777215;
10345 : 16777215;
10346 : 16777215;
10347 : 16777215;
10348 : 16777215;
10349 : 15724787;
10350 : 9866081;
10351 : 14797680;
10352 : 14534768;
10353 : 14600563;
10354 : 14403178;
10355 : 14336338;
10356 : 11047739;
10357 : 11316401;
10358 : 9930821;
10359 : 14006847;
10360 : 13612347;
10361 : 13875513;
10362 : 10456376;
10363 : 14408927;
10364 : 16777215;
10365 : 16777215;
10366 : 16777215;
10367 : 16777215;
10368 : 16777215;
10369 : 16777215;
10370 : 16777215;
10371 : 16777215;
10372 : 16777215;
10373 : 16777215;
10374 : 16777215;
10375 : 16777215;
10376 : 16777215;
10377 : 16777215;
10378 : 16777215;
10379 : 16777215;
10380 : 16777215;
10381 : 16777215;
10382 : 16777215;
10383 : 16777215;
10384 : 16777215;
10385 : 16777215;
10386 : 16777215;
10387 : 16777215;
10388 : 16777215;
10389 : 16777215;
10390 : 16777215;
10391 : 16777215;
10392 : 12171707;
10393 : 7694387;
10394 : 12955724;
10395 : 14008915;
10396 : 14930008;
10397 : 15456347;
10398 : 15785052;
10399 : 15851101;
10400 : 15851101;
10401 : 15850845;
10402 : 15785053;
10403 : 15653468;
10404 : 15390298;
10405 : 15061593;
10406 : 14732631;
10407 : 14140500;
10408 : 13482064;
10409 : 8812599;
10410 : 6247465;
10411 : 10587712;
10412 : 11113796;
10413 : 11114053;
10414 : 9272634;
10415 : 4209706;
10416 : 11908535;
10417 : 16777215;
10418 : 16777215;
10419 : 16777215;
10420 : 16777215;
10421 : 16777215;
10422 : 16777215;
10423 : 16777215;
10424 : 16777215;
10425 : 14211294;
10426 : 9473138;
10427 : 12496710;
10428 : 16245853;
10429 : 15851103;
10430 : 16049546;
10431 : 16115868;
10432 : 16050330;
10433 : 16247450;
10434 : 16049547;
10435 : 15983489;
10436 : 15916906;
10437 : 15851101;
10438 : 15851101;
10439 : 15851101;
10440 : 15851101;
10441 : 16311391;
10442 : 12102217;
10443 : 3288630;
10444 : 6378801;
10445 : 7365425;
10446 : 2433060;
10447 : 3683892;
10448 : 15987442;
10449 : 16777215;
10450 : 16777215;
10451 : 16777215;
10452 : 16777215;
10453 : 16777215;
10454 : 16777215;
10455 : 16777215;
10456 : 16777215;
10457 : 16777215;
10458 : 16777215;
10459 : 16777215;
10460 : 16777215;
10461 : 16777215;
10462 : 16777215;
10463 : 16777215;
10464 : 16777215;
10465 : 16777215;
10466 : 16777215;
10467 : 16777215;
10468 : 16777215;
10469 : 16777215;
10470 : 16777215;
10471 : 16777215;
10472 : 16777215;
10473 : 16777215;
10474 : 16777215;
10475 : 16777215;
10476 : 16777215;
10477 : 15461616;
10478 : 9734752;
10479 : 14995321;
10480 : 14732152;
10481 : 14732153;
10482 : 14666614;
10483 : 14665828;
10484 : 9602124;
10485 : 14672361;
10486 : 9537377;
10487 : 14007116;
10488 : 14007633;
10489 : 14138956;
10490 : 10063190;
10491 : 15987961;
10492 : 16777215;
10493 : 16777215;
10494 : 16777215;
10495 : 16777215;
10496 : 16777215;
10497 : 16777215;
10498 : 16777215;
10499 : 16777215;
10500 : 16777215;
10501 : 16777215;
10502 : 16777215;
10503 : 16777215;
10504 : 16777215;
10505 : 16777215;
10506 : 16777215;
10507 : 16777215;
10508 : 16777215;
10509 : 16777215;
10510 : 16777215;
10511 : 16777215;
10512 : 16777215;
10513 : 16777215;
10514 : 16777215;
10515 : 16777215;
10516 : 16777215;
10517 : 16777215;
10518 : 16777215;
10519 : 16777215;
10520 : 16777215;
10521 : 10724000;
10522 : 7168047;
10523 : 10982210;
10524 : 11377223;
10525 : 11640392;
10526 : 12232266;
10527 : 12561228;
10528 : 12429643;
10529 : 12364106;
10530 : 12232266;
10531 : 11903305;
10532 : 11508551;
10533 : 11245637;
10534 : 11048004;
10535 : 10850627;
10536 : 10784835;
10537 : 10785091;
10538 : 11114053;
10539 : 11048004;
10540 : 11245382;
10541 : 6444843;
10542 : 3421236;
10543 : 4539720;
10544 : 3947579;
10545 : 14408667;
10546 : 16777215;
10547 : 16777215;
10548 : 16777215;
10549 : 16777215;
10550 : 16777215;
10551 : 16777215;
10552 : 16777215;
10553 : 16777215;
10554 : 16251132;
10555 : 10460567;
10556 : 10984003;
10557 : 16180062;
10558 : 16049543;
10559 : 16510623;
10560 : 9735262;
10561 : 14077063;
10562 : 16444829;
10563 : 16115606;
10564 : 15917425;
10565 : 15851103;
10566 : 15851101;
10567 : 15851101;
10568 : 15851101;
10569 : 16245599;
10570 : 12825675;
10571 : 3025198;
10572 : 5195053;
10573 : 11245379;
10574 : 4997674;
10575 : 1972512;
10576 : 11710898;
10577 : 16777215;
10578 : 16777215;
10579 : 16777215;
10580 : 16777215;
10581 : 16777215;
10582 : 16777215;
10583 : 16777215;
10584 : 16777215;
10585 : 16777215;
10586 : 16777215;
10587 : 16777215;
10588 : 16777215;
10589 : 16777215;
10590 : 16777215;
10591 : 16777215;
10592 : 16777215;
10593 : 16777215;
10594 : 16777215;
10595 : 16777215;
10596 : 16777215;
10597 : 16777215;
10598 : 16777215;
10599 : 16777215;
10600 : 16777215;
10601 : 16777215;
10602 : 16777215;
10603 : 16777215;
10604 : 16777215;
10605 : 14737892;
10606 : 10260574;
10607 : 15061114;
10608 : 14732152;
10609 : 14732152;
10610 : 14797945;
10611 : 14337390;
10612 : 9406576;
10613 : 16645887;
10614 : 9867644;
10615 : 13876578;
10616 : 14732148;
10617 : 14074219;
10618 : 10459781;
10619 : 16777215;
10620 : 16777215;
10621 : 16777215;
10622 : 16777215;
10623 : 16777215;
10624 : 16777215;
10625 : 16777215;
10626 : 16777215;
10627 : 16777215;
10628 : 16777215;
10629 : 16777215;
10630 : 16777215;
10631 : 16777215;
10632 : 16777215;
10633 : 16777215;
10634 : 16777215;
10635 : 16777215;
10636 : 16777215;
10637 : 16777215;
10638 : 16777215;
10639 : 16777215;
10640 : 16777215;
10641 : 16777215;
10642 : 16777215;
10643 : 16777215;
10644 : 16777215;
10645 : 16777215;
10646 : 16777215;
10647 : 16777215;
10648 : 16777215;
10649 : 16777215;
10650 : 11776948;
10651 : 6116402;
10652 : 10061369;
10653 : 11179589;
10654 : 10850884;
10655 : 10785091;
10656 : 10785091;
10657 : 10785091;
10658 : 10785091;
10659 : 10850628;
10660 : 10850884;
10661 : 10850884;
10662 : 10851140;
10663 : 10916676;
10664 : 10916676;
10665 : 10916676;
10666 : 10916676;
10667 : 11179589;
10668 : 11508551;
10669 : 9732922;
10670 : 3749423;
10671 : 4934477;
10672 : 3750203;
10673 : 9276813;
10674 : 16777215;
10675 : 16777215;
10676 : 16777215;
10677 : 16777215;
10678 : 16777215;
10679 : 16777215;
10680 : 16777215;
10681 : 16777215;
10682 : 16777215;
10683 : 16777215;
10684 : 11447724;
10685 : 10984261;
10686 : 16509828;
10687 : 16708001;
10688 : 8551257;
10689 : 6972492;
10690 : 16116122;
10691 : 16312987;
10692 : 15982968;
10693 : 15851104;
10694 : 15851101;
10695 : 15851101;
10696 : 15851101;
10697 : 16180063;
10698 : 13088332;
10699 : 2959403;
10700 : 4735022;
10701 : 11245380;
10702 : 9732923;
10703 : 2630429;
10704 : 6578789;
10705 : 16777215;
10706 : 16777215;
10707 : 16777215;
10708 : 16777215;
10709 : 16777215;
10710 : 16777215;
10711 : 16777215;
10712 : 16777215;
10713 : 16777215;
10714 : 16777215;
10715 : 16777215;
10716 : 16777215;
10717 : 16777215;
10718 : 16777215;
10719 : 16777215;
10720 : 16777215;
10721 : 16777215;
10722 : 16777215;
10723 : 16777215;
10724 : 16777215;
10725 : 16777215;
10726 : 16777215;
10727 : 16777215;
10728 : 16777215;
10729 : 16777215;
10730 : 16777215;
10731 : 16777215;
10732 : 16777215;
10733 : 14145753;
10734 : 11246689;
10735 : 15060858;
10736 : 14732152;
10737 : 14732152;
10738 : 14929530;
10739 : 12890468;
10740 : 10592409;
10741 : 16777215;
10742 : 11249821;
10743 : 13416809;
10744 : 15126908;
10745 : 12233059;
10746 : 12500667;
10747 : 16777215;
10748 : 16777215;
10749 : 16777215;
10750 : 16777215;
10751 : 16777215;
10752 : 16777215;
10753 : 16777215;
10754 : 16777215;
10755 : 16777215;
10756 : 16777215;
10757 : 16777215;
10758 : 16777215;
10759 : 16777215;
10760 : 16777215;
10761 : 16777215;
10762 : 16777215;
10763 : 16777215;
10764 : 16777215;
10765 : 16777215;
10766 : 16777215;
10767 : 16777215;
10768 : 16777215;
10769 : 16777215;
10770 : 16777215;
10771 : 16777215;
10772 : 16777215;
10773 : 16777215;
10774 : 16777215;
10775 : 16777215;
10776 : 16777215;
10777 : 16777215;
10778 : 16777215;
10779 : 13356238;
10780 : 7630429;
10781 : 7891505;
10782 : 9995577;
10783 : 11113794;
10784 : 11179589;
10785 : 11048261;
10786 : 10982468;
10787 : 10916676;
10788 : 10982468;
10789 : 10982468;
10790 : 10916676;
10791 : 10916676;
10792 : 10916676;
10793 : 10916676;
10794 : 11376966;
10795 : 8023091;
10796 : 6444844;
10797 : 5984556;
10798 : 3815476;
10799 : 4868683;
10800 : 4473925;
10801 : 6184542;
10802 : 16711422;
10803 : 16777215;
10804 : 16777215;
10805 : 16777215;
10806 : 16777215;
10807 : 16777215;
10808 : 16777215;
10809 : 16777215;
10810 : 16777215;
10811 : 16777215;
10812 : 16777215;
10813 : 10789790;
10814 : 11050327;
10815 : 16774302;
10816 : 11642741;
10817 : 5721684;
10818 : 8880219;
10819 : 16379036;
10820 : 16115074;
10821 : 15851102;
10822 : 15851101;
10823 : 15851101;
10824 : 15851357;
10825 : 15982429;
10826 : 11706182;
10827 : 3090985;
10828 : 4406062;
10829 : 10785090;
10830 : 11376966;
10831 : 7430960;
10832 : 3157552;
10833 : 15263977;
10834 : 16777215;
10835 : 16777215;
10836 : 16777215;
10837 : 16777215;
10838 : 16777215;
10839 : 16777215;
10840 : 16777215;
10841 : 16777215;
10842 : 16777215;
10843 : 16777215;
10844 : 16777215;
10845 : 16777215;
10846 : 16777215;
10847 : 16777215;
10848 : 16777215;
10849 : 16777215;
10850 : 16777215;
10851 : 16777215;
10852 : 16777215;
10853 : 16777215;
10854 : 16777215;
10855 : 16777215;
10856 : 16777215;
10857 : 16777215;
10858 : 16777215;
10859 : 16777215;
10860 : 16777215;
10861 : 13224391;
10862 : 12101474;
10863 : 14995321;
10864 : 14732152;
10865 : 14732152;
10866 : 15126906;
10867 : 10654809;
10868 : 13421774;
10869 : 16777215;
10870 : 12631994;
10871 : 12824678;
10872 : 15126649;
10873 : 10260839;
10874 : 15658737;
10875 : 16777215;
10876 : 16777215;
10877 : 16777215;
10878 : 16777215;
10879 : 16777215;
10880 : 16777215;
10881 : 16777215;
10882 : 16777215;
10883 : 16777215;
10884 : 16777215;
10885 : 16777215;
10886 : 16777215;
10887 : 16777215;
10888 : 16777215;
10889 : 16777215;
10890 : 16777215;
10891 : 16777215;
10892 : 16777215;
10893 : 16777215;
10894 : 16777215;
10895 : 16777215;
10896 : 16777215;
10897 : 16777215;
10898 : 16777215;
10899 : 16777215;
10900 : 16777215;
10901 : 16777215;
10902 : 16777215;
10903 : 16777215;
10904 : 16777215;
10905 : 16777215;
10906 : 16777215;
10907 : 16777215;
10908 : 16448509;
10909 : 12500928;
10910 : 8683893;
10911 : 7103296;
10912 : 8154417;
10913 : 9601078;
10914 : 10192955;
10915 : 10850883;
10916 : 10456386;
10917 : 10193215;
10918 : 10785091;
10919 : 10982469;
10920 : 10916676;
10921 : 10851140;
10922 : 8812084;
10923 : 5524268;
10924 : 3158327;
10925 : 4013633;
10926 : 4934475;
10927 : 4868681;
10928 : 4802889;
10929 : 4276545;
10930 : 15263719;
10931 : 16777215;
10932 : 16777215;
10933 : 16777215;
10934 : 16777215;
10935 : 16777215;
10936 : 16777215;
10937 : 16777215;
10938 : 16777215;
10939 : 16777215;
10940 : 16777215;
10941 : 16645887;
10942 : 10000277;
10943 : 12234598;
10944 : 14142068;
10945 : 7103073;
10946 : 6905699;
10947 : 9209182;
10948 : 16180601;
10949 : 15982686;
10950 : 15851101;
10951 : 15851101;
10952 : 16048221;
10953 : 13877074;
10954 : 10456384;
10955 : 3616809;
10956 : 3814189;
10957 : 10324800;
10958 : 11048005;
10959 : 11311174;
10960 : 4800543;
10961 : 10724263;
10962 : 16777215;
10963 : 16777215;
10964 : 16777215;
10965 : 16777215;
10966 : 16777215;
10967 : 16777215;
10968 : 16777215;
10969 : 16777215;
10970 : 16777215;
10971 : 16777215;
10972 : 16777215;
10973 : 16777215;
10974 : 16777215;
10975 : 16777215;
10976 : 16777215;
10977 : 16777215;
10978 : 16777215;
10979 : 16777215;
10980 : 16777215;
10981 : 16777215;
10982 : 16777215;
10983 : 16777215;
10984 : 16777215;
10985 : 16777215;
10986 : 16777215;
10987 : 16777215;
10988 : 16777215;
10989 : 11118495;
10990 : 13087591;
10991 : 14863737;
10992 : 14732152;
10993 : 14732152;
10994 : 14731892;
10995 : 9274727;
10996 : 16185337;
10997 : 16777215;
10998 : 13092806;
10999 : 12101218;
11000 : 13877100;
11001 : 11052441;
11002 : 16777215;
11003 : 16777215;
11004 : 16777215;
11005 : 16777215;
11006 : 16777215;
11007 : 16777215;
11008 : 16777215;
11009 : 16777215;
11010 : 16777215;
11011 : 16777215;
11012 : 16777215;
11013 : 16777215;
11014 : 16777215;
11015 : 16777215;
11016 : 16777215;
11017 : 16777215;
11018 : 16777215;
11019 : 16777215;
11020 : 16777215;
11021 : 16777215;
11022 : 16777215;
11023 : 16777215;
11024 : 16777215;
11025 : 16777215;
11026 : 16777215;
11027 : 16777215;
11028 : 16777215;
11029 : 16777215;
11030 : 16777215;
11031 : 16777215;
11032 : 16777215;
11033 : 16777215;
11034 : 16777215;
11035 : 16777215;
11036 : 16777215;
11037 : 16777215;
11038 : 16777215;
11039 : 15330029;
11040 : 12105912;
11041 : 9736842;
11042 : 9078648;
11043 : 5656371;
11044 : 7365164;
11045 : 9403962;
11046 : 10982468;
11047 : 10324798;
11048 : 10982212;
11049 : 10324797;
11050 : 7104602;
11051 : 8420727;
11052 : 11119017;
11053 : 3552823;
11054 : 4934477;
11055 : 4868683;
11056 : 4934475;
11057 : 3684408;
11058 : 12303035;
11059 : 16777215;
11060 : 16777215;
11061 : 16777215;
11062 : 16777215;
11063 : 16777215;
11064 : 16777215;
11065 : 16777215;
11066 : 16777215;
11067 : 16777215;
11068 : 16777215;
11069 : 16777215;
11070 : 16777215;
11071 : 10592148;
11072 : 12430923;
11073 : 7366477;
11074 : 8484219;
11075 : 5919319;
11076 : 8221242;
11077 : 15916893;
11078 : 16179806;
11079 : 15917149;
11080 : 14139988;
11081 : 11245382;
11082 : 10719041;
11083 : 4011561;
11084 : 3551278;
11085 : 9995838;
11086 : 11048261;
11087 : 11114054;
11088 : 9732661;
11089 : 8355191;
11090 : 16777215;
11091 : 16777215;
11092 : 16777215;
11093 : 16777215;
11094 : 16777215;
11095 : 16777215;
11096 : 16777215;
11097 : 16777215;
11098 : 16777215;
11099 : 16777215;
11100 : 16777215;
11101 : 16777215;
11102 : 16777215;
11103 : 16777215;
11104 : 16777215;
11105 : 16777215;
11106 : 16777215;
11107 : 16777215;
11108 : 16777215;
11109 : 16777215;
11110 : 16777215;
11111 : 16777215;
11112 : 16777215;
11113 : 16777215;
11114 : 16777215;
11115 : 16777215;
11116 : 16777215;
11117 : 9998975;
11118 : 14271600;
11119 : 14797944;
11120 : 14732152;
11121 : 14995322;
11122 : 12495971;
11123 : 11908271;
11124 : 16777215;
11125 : 16777215;
11126 : 13750995;
11127 : 11838562;
11128 : 11049055;
11129 : 14211546;
11130 : 16777215;
11131 : 16777215;
11132 : 16777215;
11133 : 16777215;
11134 : 16777215;
11135 : 16777215;
11136 : 16777215;
11137 : 16777215;
11138 : 16777215;
11139 : 16777215;
11140 : 16777215;
11141 : 16777215;
11142 : 16777215;
11143 : 16777215;
11144 : 16777215;
11145 : 16777215;
11146 : 16777215;
11147 : 16777215;
11148 : 16777215;
11149 : 16777215;
11150 : 16777215;
11151 : 16777215;
11152 : 16777215;
11153 : 16777215;
11154 : 16777215;
11155 : 16777215;
11156 : 16777215;
11157 : 16777215;
11158 : 16777215;
11159 : 16777215;
11160 : 16777215;
11161 : 16777215;
11162 : 16777215;
11163 : 16777215;
11164 : 16777215;
11165 : 16777215;
11166 : 16777215;
11167 : 16777215;
11168 : 16777215;
11169 : 16777215;
11170 : 16777215;
11171 : 7498840;
11172 : 6840122;
11173 : 8417852;
11174 : 10653505;
11175 : 5458998;
11176 : 9732925;
11177 : 9666870;
11178 : 10855326;
11179 : 16777215;
11180 : 15395305;
11181 : 4276545;
11182 : 4802890;
11183 : 4868684;
11184 : 4868684;
11185 : 4013374;
11186 : 8816006;
11187 : 16777215;
11188 : 16777215;
11189 : 16777215;
11190 : 16777215;
11191 : 16777215;
11192 : 16777215;
11193 : 16777215;
11194 : 16777215;
11195 : 16777215;
11196 : 16777215;
11197 : 16777215;
11198 : 16777215;
11199 : 16448510;
11200 : 10065277;
11201 : 6247980;
11202 : 5261388;
11203 : 4340792;
11204 : 3880256;
11205 : 7234612;
11206 : 14600788;
11207 : 13219151;
11208 : 11048004;
11209 : 10916420;
11210 : 10850882;
11211 : 4208681;
11212 : 3353902;
11213 : 9666876;
11214 : 11113797;
11215 : 10916420;
11216 : 11574081;
11217 : 9209708;
11218 : 16777215;
11219 : 16777215;
11220 : 16777215;
11221 : 16777215;
11222 : 16777215;
11223 : 16777215;
11224 : 16777215;
11225 : 16777215;
11226 : 16777215;
11227 : 16777215;
11228 : 16777215;
11229 : 16777215;
11230 : 16777215;
11231 : 16777215;
11232 : 16777215;
11233 : 16777215;
11234 : 16777215;
11235 : 16777215;
11236 : 16777215;
11237 : 16777215;
11238 : 16777215;
11239 : 16777215;
11240 : 16777215;
11241 : 16777215;
11242 : 16777215;
11243 : 16777215;
11244 : 15856373;
11245 : 10721645;
11246 : 14929271;
11247 : 14732152;
11248 : 14732152;
11249 : 14797686;
11250 : 8879966;
11251 : 15658993;
11252 : 16777215;
11253 : 16777215;
11254 : 14606046;
11255 : 10654809;
11256 : 10920334;
11257 : 16711423;
11258 : 16777215;
11259 : 16777215;
11260 : 16777215;
11261 : 16777215;
11262 : 16777215;
11263 : 16777215;
11264 : 16777215;
11265 : 16777215;
11266 : 16777215;
11267 : 16777215;
11268 : 16777215;
11269 : 16777215;
11270 : 16777215;
11271 : 16777215;
11272 : 16777215;
11273 : 16777215;
11274 : 16777215;
11275 : 16777215;
11276 : 16777215;
11277 : 16777215;
11278 : 16777215;
11279 : 16777215;
11280 : 16777215;
11281 : 16777215;
11282 : 16777215;
11283 : 16777215;
11284 : 16777215;
11285 : 16777215;
11286 : 16777215;
11287 : 16777215;
11288 : 16777215;
11289 : 16777215;
11290 : 16777215;
11291 : 16777215;
11292 : 16777215;
11293 : 16777215;
11294 : 16777215;
11295 : 16777215;
11296 : 16777215;
11297 : 16777215;
11298 : 16777215;
11299 : 13816529;
11300 : 14014171;
11301 : 8944715;
11302 : 7760186;
11303 : 12698311;
11304 : 8090188;
11305 : 9008945;
11306 : 12303289;
11307 : 16777215;
11308 : 16711422;
11309 : 5921114;
11310 : 4473925;
11311 : 4868684;
11312 : 4868684;
11313 : 4539720;
11314 : 5526612;
11315 : 16448250;
11316 : 16777215;
11317 : 16777215;
11318 : 16777215;
11319 : 16777215;
11320 : 16777215;
11321 : 16777215;
11322 : 16777215;
11323 : 16777215;
11324 : 16777215;
11325 : 16777215;
11326 : 16777215;
11327 : 16777215;
11328 : 15790578;
11329 : 4933955;
11330 : 2696229;
11331 : 6774061;
11332 : 3748396;
11333 : 2959411;
11334 : 4208676;
11335 : 9403962;
11336 : 11311174;
11337 : 10982212;
11338 : 10916931;
11339 : 4406313;
11340 : 3156782;
11341 : 9338171;
11342 : 11114053;
11343 : 10850883;
11344 : 11639873;
11345 : 9603945;
11346 : 16711679;
11347 : 16777215;
11348 : 16777215;
11349 : 16777215;
11350 : 16777215;
11351 : 16777215;
11352 : 16777215;
11353 : 16777215;
11354 : 16777215;
11355 : 16777215;
11356 : 16777215;
11357 : 16777215;
11358 : 16777215;
11359 : 16777215;
11360 : 16777215;
11361 : 16777215;
11362 : 16777215;
11363 : 16777215;
11364 : 16777215;
11365 : 16777215;
11366 : 16777215;
11367 : 16777215;
11368 : 16777215;
11369 : 16777215;
11370 : 16777215;
11371 : 16777215;
11372 : 13684943;
11373 : 11970148;
11374 : 14995322;
11375 : 14732152;
11376 : 15061115;
11377 : 11443547;
11378 : 11382187;
11379 : 16777215;
11380 : 16777215;
11381 : 16777215;
11382 : 15066853;
11383 : 6578250;
11384 : 15132388;
11385 : 16777215;
11386 : 16777215;
11387 : 16777215;
11388 : 16777215;
11389 : 16777215;
11390 : 16777215;
11391 : 16777215;
11392 : 16777215;
11393 : 16777215;
11394 : 16777215;
11395 : 16777215;
11396 : 16777215;
11397 : 16777215;
11398 : 16777215;
11399 : 16777215;
11400 : 16777215;
11401 : 16777215;
11402 : 16777215;
11403 : 16777215;
11404 : 16777215;
11405 : 16777215;
11406 : 16777215;
11407 : 16777215;
11408 : 16777215;
11409 : 16777215;
11410 : 16777215;
11411 : 16777215;
11412 : 16777215;
11413 : 16777215;
11414 : 16777215;
11415 : 16777215;
11416 : 16777215;
11417 : 16777215;
11418 : 16777215;
11419 : 16777215;
11420 : 16777215;
11421 : 16777215;
11422 : 16777215;
11423 : 16777215;
11424 : 16777215;
11425 : 16777215;
11426 : 16777215;
11427 : 16777215;
11428 : 16711679;
11429 : 7630420;
11430 : 9868168;
11431 : 16777215;
11432 : 12566202;
11433 : 5721901;
11434 : 13948116;
11435 : 16777215;
11436 : 16777215;
11437 : 8487040;
11438 : 4079167;
11439 : 4868685;
11440 : 4868684;
11441 : 4868684;
11442 : 3815995;
11443 : 14211287;
11444 : 16777215;
11445 : 16777215;
11446 : 16777215;
11447 : 16777215;
11448 : 16777215;
11449 : 16777215;
11450 : 16777215;
11451 : 16777215;
11452 : 16777215;
11453 : 16777215;
11454 : 16777215;
11455 : 16777215;
11456 : 16777215;
11457 : 13356236;
11458 : 2104610;
11459 : 6313006;
11460 : 9667130;
11461 : 4143144;
11462 : 2893617;
11463 : 3156517;
11464 : 7562800;
11465 : 11114053;
11466 : 11179588;
11467 : 4406056;
11468 : 3025454;
11469 : 8812344;
11470 : 11179845;
11471 : 10916676;
11472 : 10982205;
11473 : 9736055;
11474 : 16777215;
11475 : 16777215;
11476 : 16777215;
11477 : 16777215;
11478 : 16777215;
11479 : 16777215;
11480 : 16777215;
11481 : 16777215;
11482 : 16777215;
11483 : 16777215;
11484 : 16777215;
11485 : 16777215;
11486 : 16777215;
11487 : 16777215;
11488 : 16777215;
11489 : 16777215;
11490 : 16777215;
11491 : 16777215;
11492 : 16777215;
11493 : 16777215;
11494 : 16777215;
11495 : 16777215;
11496 : 16777215;
11497 : 16777215;
11498 : 16777215;
11499 : 16777215;
11500 : 10986389;
11501 : 13745259;
11502 : 14863481;
11503 : 14797945;
11504 : 14337393;
11505 : 9012075;
11506 : 16251130;
11507 : 16777215;
11508 : 16777215;
11509 : 16777215;
11510 : 15856112;
11511 : 12500671;
11512 : 16777215;
11513 : 16777215;
11514 : 16777215;
11515 : 16777215;
11516 : 16777215;
11517 : 16777215;
11518 : 16777215;
11519 : 16777215;
11520 : 16777215;
11521 : 16777215;
11522 : 16777215;
11523 : 16777215;
11524 : 16777215;
11525 : 16777215;
11526 : 16777215;
11527 : 16777215;
11528 : 16777215;
11529 : 16777215;
11530 : 16777215;
11531 : 16777215;
11532 : 16777215;
11533 : 16777215;
11534 : 16777215;
11535 : 16777215;
11536 : 16777215;
11537 : 16777215;
11538 : 16777215;
11539 : 16777215;
11540 : 16777215;
11541 : 16777215;
11542 : 16777215;
11543 : 16777215;
11544 : 16777215;
11545 : 16777215;
11546 : 16777215;
11547 : 16777215;
11548 : 16777215;
11549 : 16777215;
11550 : 16777215;
11551 : 16777215;
11552 : 16777215;
11553 : 16777215;
11554 : 16777215;
11555 : 16777215;
11556 : 16777215;
11557 : 14079703;
11558 : 15790577;
11559 : 16777215;
11560 : 16777215;
11561 : 13224652;
11562 : 16185078;
11563 : 16777215;
11564 : 16777215;
11565 : 11184809;
11566 : 3552823;
11567 : 5000269;
11568 : 4868682;
11569 : 4868682;
11570 : 3815995;
11571 : 10461087;
11572 : 16777215;
11573 : 16777215;
11574 : 16777215;
11575 : 16777215;
11576 : 16777215;
11577 : 16777215;
11578 : 16777215;
11579 : 16777215;
11580 : 16777215;
11581 : 16777215;
11582 : 16777215;
11583 : 16777215;
11584 : 16777215;
11585 : 16777215;
11586 : 9539731;
11587 : 3090459;
11588 : 11048260;
11589 : 10324799;
11590 : 4800809;
11591 : 3090993;
11592 : 2827818;
11593 : 5129511;
11594 : 9470010;
11595 : 4208936;
11596 : 3025456;
11597 : 8483638;
11598 : 11179846;
11599 : 11048005;
11600 : 9864248;
11601 : 11513255;
11602 : 16777215;
11603 : 16777215;
11604 : 16777215;
11605 : 16777215;
11606 : 16777215;
11607 : 16777215;
11608 : 16777215;
11609 : 16777215;
11610 : 16777215;
11611 : 16777215;
11612 : 16777215;
11613 : 16777215;
11614 : 16777215;
11615 : 16777215;
11616 : 16777215;
11617 : 16777215;
11618 : 16777215;
11619 : 16777215;
11620 : 16777215;
11621 : 16777215;
11622 : 16777215;
11623 : 16777215;
11624 : 16777215;
11625 : 16777215;
11626 : 16777215;
11627 : 15724787;
11628 : 9931876;
11629 : 14929271;
11630 : 14732152;
11631 : 15126650;
11632 : 9865558;
11633 : 13355982;
11634 : 16777215;
11635 : 16777215;
11636 : 16777215;
11637 : 16777215;
11638 : 16777215;
11639 : 16777215;
11640 : 16777215;
11641 : 16777215;
11642 : 16777215;
11643 : 16777215;
11644 : 16777215;
11645 : 16777215;
11646 : 16777215;
11647 : 16777215;
11648 : 16777215;
11649 : 16777215;
11650 : 16777215;
11651 : 16777215;
11652 : 16777215;
11653 : 16777215;
11654 : 16777215;
11655 : 16777215;
11656 : 16777215;
11657 : 16777215;
11658 : 16777215;
11659 : 16777215;
11660 : 16777215;
11661 : 16777215;
11662 : 16777215;
11663 : 16777215;
11664 : 16777215;
11665 : 16777215;
11666 : 16777215;
11667 : 16777215;
11668 : 16777215;
11669 : 16777215;
11670 : 16777215;
11671 : 16777215;
11672 : 16777215;
11673 : 16777215;
11674 : 16777215;
11675 : 16777215;
11676 : 16777215;
11677 : 16777215;
11678 : 16777215;
11679 : 16777215;
11680 : 16777215;
11681 : 16777215;
11682 : 16777215;
11683 : 16777215;
11684 : 16777215;
11685 : 16777215;
11686 : 16777215;
11687 : 16777215;
11688 : 16777215;
11689 : 16777215;
11690 : 16777215;
11691 : 16777215;
11692 : 16777215;
11693 : 13882323;
11694 : 3618615;
11695 : 4868683;
11696 : 5000268;
11697 : 5460821;
11698 : 5395285;
11699 : 6974058;
11700 : 16777215;
11701 : 16777215;
11702 : 16777215;
11703 : 16777215;
11704 : 16777215;
11705 : 16777215;
11706 : 16777215;
11707 : 16777215;
11708 : 16777215;
11709 : 16777215;
11710 : 16777215;
11711 : 16777215;
11712 : 16777215;
11713 : 16777215;
11714 : 16316665;
11715 : 5262927;
11716 : 8088366;
11717 : 11442759;
11718 : 10785090;
11719 : 6313262;
11720 : 3156781;
11721 : 3156787;
11722 : 2630689;
11723 : 2564899;
11724 : 3288113;
11725 : 8352054;
11726 : 11179846;
11727 : 11245381;
11728 : 8286004;
11729 : 6841433;
11730 : 9472633;
11731 : 9802378;
11732 : 15856114;
11733 : 16777215;
11734 : 16777215;
11735 : 16777215;
11736 : 16777215;
11737 : 16777215;
11738 : 16777215;
11739 : 16777215;
11740 : 16777215;
11741 : 16777215;
11742 : 16777215;
11743 : 16777215;
11744 : 16777215;
11745 : 16777215;
11746 : 16777215;
11747 : 16777215;
11748 : 16777215;
11749 : 16777215;
11750 : 16777215;
11751 : 16777215;
11752 : 16777215;
11753 : 16777215;
11754 : 16777215;
11755 : 12039857;
11756 : 12627557;
11757 : 14929530;
11758 : 15126651;
11759 : 12101215;
11760 : 10263189;
11761 : 16777215;
11762 : 16777215;
11763 : 16777215;
11764 : 16777215;
11765 : 16777215;
11766 : 16777215;
11767 : 16777215;
11768 : 16777215;
11769 : 16777215;
11770 : 16777215;
11771 : 16777215;
11772 : 16777215;
11773 : 16777215;
11774 : 16777215;
11775 : 16777215;
11776 : 16777215;
11777 : 16777215;
11778 : 16777215;
11779 : 16777215;
11780 : 16777215;
11781 : 16777215;
11782 : 16777215;
11783 : 16777215;
11784 : 16777215;
11785 : 16777215;
11786 : 16777215;
11787 : 16777215;
11788 : 16777215;
11789 : 16777215;
11790 : 16777215;
11791 : 16777215;
11792 : 16777215;
11793 : 16777215;
11794 : 16777215;
11795 : 16777215;
11796 : 16777215;
11797 : 16777215;
11798 : 16777215;
11799 : 16777215;
11800 : 16777215;
11801 : 16777215;
11802 : 16777215;
11803 : 16777215;
11804 : 16777215;
11805 : 16777215;
11806 : 16777215;
11807 : 16777215;
11808 : 16777215;
11809 : 16777215;
11810 : 16777215;
11811 : 16777215;
11812 : 16777215;
11813 : 16777215;
11814 : 16777215;
11815 : 16777215;
11816 : 16777215;
11817 : 16777215;
11818 : 16777215;
11819 : 16777215;
11820 : 16777215;
11821 : 15921906;
11822 : 4737096;
11823 : 5197648;
11824 : 6118753;
11825 : 6448231;
11826 : 6580074;
11827 : 4803147;
11828 : 14540252;
11829 : 16777215;
11830 : 16777215;
11831 : 16777215;
11832 : 16777215;
11833 : 16777215;
11834 : 16777215;
11835 : 16777215;
11836 : 16777215;
11837 : 16777215;
11838 : 16777215;
11839 : 16777215;
11840 : 16777215;
11841 : 16777215;
11842 : 16777215;
11843 : 14013912;
11844 : 5853490;
11845 : 11113794;
11846 : 10982469;
11847 : 11245637;
11848 : 8088628;
11849 : 3814440;
11850 : 3156786;
11851 : 3682871;
11852 : 3222575;
11853 : 8549175;
11854 : 11179846;
11855 : 11179846;
11856 : 7431216;
11857 : 9666872;
11858 : 9074732;
11859 : 7104342;
11860 : 15856115;
11861 : 16777215;
11862 : 16777215;
11863 : 16777215;
11864 : 16777215;
11865 : 16777215;
11866 : 16777215;
11867 : 16777215;
11868 : 16777215;
11869 : 16777215;
11870 : 16777215;
11871 : 16777215;
11872 : 16777215;
11873 : 16777215;
11874 : 16777215;
11875 : 16777215;
11876 : 16777215;
11877 : 16777215;
11878 : 16777215;
11879 : 16777215;
11880 : 16777215;
11881 : 16777215;
11882 : 15658737;
11883 : 9011551;
11884 : 14863478;
11885 : 14995322;
11886 : 13745515;
11887 : 8617320;
11888 : 15987701;
11889 : 16777215;
11890 : 16777215;
11891 : 16777215;
11892 : 16777215;
11893 : 16777215;
11894 : 16777215;
11895 : 16777215;
11896 : 16777215;
11897 : 16777215;
11898 : 16777215;
11899 : 16777215;
11900 : 16777215;
11901 : 16777215;
11902 : 16777215;
11903 : 16777215;
11904 : 16777215;
11905 : 16777215;
11906 : 16777215;
11907 : 16777215;
11908 : 16777215;
11909 : 16777215;
11910 : 16777215;
11911 : 16777215;
11912 : 16777215;
11913 : 16777215;
11914 : 16777215;
11915 : 16777215;
11916 : 16777215;
11917 : 16777215;
11918 : 16777215;
11919 : 16777215;
11920 : 16777215;
11921 : 16777215;
11922 : 16777215;
11923 : 16777215;
11924 : 16777215;
11925 : 16777215;
11926 : 16777215;
11927 : 16777215;
11928 : 16777215;
11929 : 16777215;
11930 : 16777215;
11931 : 16777215;
11932 : 16777215;
11933 : 16777215;
11934 : 16777215;
11935 : 16777215;
11936 : 16777215;
11937 : 16777215;
11938 : 16777215;
11939 : 16777215;
11940 : 16777215;
11941 : 16777215;
11942 : 16777215;
11943 : 16777215;
11944 : 16777215;
11945 : 16777215;
11946 : 16777215;
11947 : 16777215;
11948 : 16777215;
11949 : 16711422;
11950 : 6118748;
11951 : 5987424;
11952 : 6579562;
11953 : 6513768;
11954 : 6645354;
11955 : 5197907;
11956 : 8881798;
11957 : 16777215;
11958 : 16777215;
11959 : 16777215;
11960 : 16777215;
11961 : 16777215;
11962 : 16777215;
11963 : 16777215;
11964 : 16777215;
11965 : 16777215;
11966 : 16777215;
11967 : 16777215;
11968 : 16777215;
11969 : 16777215;
11970 : 16777215;
11971 : 16777215;
11972 : 11381928;
11973 : 8483377;
11974 : 11179845;
11975 : 10916676;
11976 : 11245638;
11977 : 10390591;
11978 : 6773551;
11979 : 3682601;
11980 : 2695976;
11981 : 8812344;
11982 : 11245638;
11983 : 9995838;
11984 : 7562544;
11985 : 10324541;
11986 : 8156768;
11987 : 15395821;
11988 : 16777215;
11989 : 16777215;
11990 : 16777215;
11991 : 16777215;
11992 : 16777215;
11993 : 16777215;
11994 : 16777215;
11995 : 16777215;
11996 : 16777215;
11997 : 16777215;
11998 : 16777215;
11999 : 16777215;
12000 : 16777215;
12001 : 16777215;
12002 : 16777215;
12003 : 16777215;
12004 : 16777215;
12005 : 16777215;
12006 : 16777215;
12007 : 16777215;
12008 : 16777215;
12009 : 16777215;
12010 : 10395033;
12011 : 12035422;
12012 : 15258236;
12013 : 14074222;
12014 : 8419419;
12015 : 14540256;
12016 : 16777215;
12017 : 16777215;
12018 : 16777215;
12019 : 16777215;
12020 : 16777215;
12021 : 16777215;
12022 : 16777215;
12023 : 16777215;
12024 : 16777215;
12025 : 16777215;
12026 : 16777215;
12027 : 16777215;
12028 : 16777215;
12029 : 16777215;
12030 : 16777215;
12031 : 16777215;
12032 : 16777215;
12033 : 16777215;
12034 : 16777215;
12035 : 16777215;
12036 : 16777215;
12037 : 16777215;
12038 : 16777215;
12039 : 16777215;
12040 : 16777215;
12041 : 16777215;
12042 : 16777215;
12043 : 16777215;
12044 : 16777215;
12045 : 16777215;
12046 : 16777215;
12047 : 16777215;
12048 : 16777215;
12049 : 16777215;
12050 : 16777215;
12051 : 16777215;
12052 : 16777215;
12053 : 16777215;
12054 : 16777215;
12055 : 16777215;
12056 : 16777215;
12057 : 16777215;
12058 : 16777215;
12059 : 16777215;
12060 : 16777215;
12061 : 16777215;
12062 : 16777215;
12063 : 16777215;
12064 : 16777215;
12065 : 16777215;
12066 : 16777215;
12067 : 16777215;
12068 : 16777215;
12069 : 16777215;
12070 : 16777215;
12071 : 16777215;
12072 : 16777215;
12073 : 16777215;
12074 : 16777215;
12075 : 16777215;
12076 : 16777215;
12077 : 16777215;
12078 : 6842472;
12079 : 5790302;
12080 : 6579561;
12081 : 6513768;
12082 : 6513768;
12083 : 6579561;
12084 : 4539719;
12085 : 13816530;
12086 : 16777215;
12087 : 16777215;
12088 : 16777215;
12089 : 16777215;
12090 : 16777215;
12091 : 16777215;
12092 : 16777215;
12093 : 16777215;
12094 : 16777215;
12095 : 16777215;
12096 : 16777215;
12097 : 16777215;
12098 : 16777215;
12099 : 16777215;
12100 : 16448252;
12101 : 8091498;
12102 : 9469494;
12103 : 11179846;
12104 : 10916676;
12105 : 11048005;
12106 : 11311174;
12107 : 10324799;
12108 : 7430961;
12109 : 9995839;
12110 : 11179589;
12111 : 9404219;
12112 : 10259008;
12113 : 9798456;
12114 : 9144443;
12115 : 16777215;
12116 : 16777215;
12117 : 16777215;
12118 : 16777215;
12119 : 16777215;
12120 : 16777215;
12121 : 16777215;
12122 : 16777215;
12123 : 16777215;
12124 : 16777215;
12125 : 16777215;
12126 : 16777215;
12127 : 16777215;
12128 : 16777215;
12129 : 16777215;
12130 : 16777215;
12131 : 16777215;
12132 : 16777215;
12133 : 16777215;
12134 : 16777215;
12135 : 16777215;
12136 : 16777215;
12137 : 14343134;
12138 : 8813652;
12139 : 15324027;
12140 : 14074478;
12141 : 8616797;
12142 : 14145499;
12143 : 16777215;
12144 : 16777215;
12145 : 16777215;
12146 : 16777215;
12147 : 16777215;
12148 : 16777215;
12149 : 16777215;
12150 : 16777215;
12151 : 16777215;
12152 : 16777215;
12153 : 16777215;
12154 : 16777215;
12155 : 16777215;
12156 : 16777215;
12157 : 16777215;
12158 : 16777215;
12159 : 16777215;
12160 : 16777215;
12161 : 16777215;
12162 : 16777215;
12163 : 16777215;
12164 : 16777215;
12165 : 16777215;
12166 : 16777215;
12167 : 16777215;
12168 : 16777215;
12169 : 16777215;
12170 : 16777215;
12171 : 16777215;
12172 : 16777215;
12173 : 16777215;
12174 : 16777215;
12175 : 16777215;
12176 : 16777215;
12177 : 16777215;
12178 : 16777215;
12179 : 16777215;
12180 : 16777215;
12181 : 16777215;
12182 : 16777215;
12183 : 16777215;
12184 : 16777215;
12185 : 16777215;
12186 : 16777215;
12187 : 16777215;
12188 : 16777215;
12189 : 16777215;
12190 : 16777215;
12191 : 16777215;
12192 : 16777215;
12193 : 16777215;
12194 : 16777215;
12195 : 16777215;
12196 : 16777215;
12197 : 16777215;
12198 : 16777215;
12199 : 16777215;
12200 : 16777215;
12201 : 16777215;
12202 : 16777215;
12203 : 16777215;
12204 : 16777215;
12205 : 16777215;
12206 : 8750469;
12207 : 5592922;
12208 : 6579561;
12209 : 6513768;
12210 : 6513768;
12211 : 6579561;
12212 : 5921631;
12213 : 6579301;
12214 : 16382457;
12215 : 16777215;
12216 : 16777215;
12217 : 16777215;
12218 : 16777215;
12219 : 16777215;
12220 : 16777215;
12221 : 16777215;
12222 : 16777215;
12223 : 16777215;
12224 : 16777215;
12225 : 16777215;
12226 : 16777215;
12227 : 16777215;
12228 : 16777215;
12229 : 15724530;
12230 : 8025185;
12231 : 9601081;
12232 : 11245382;
12233 : 11113797;
12234 : 10982468;
12235 : 11048004;
12236 : 11245382;
12237 : 10982468;
12238 : 10916676;
12239 : 10982212;
12240 : 10982468;
12241 : 11245380;
12242 : 8286005;
12243 : 13158601;
12244 : 16777215;
12245 : 16777215;
12246 : 16777215;
12247 : 16777215;
12248 : 16777215;
12249 : 16777215;
12250 : 16777215;
12251 : 16777215;
12252 : 16777215;
12253 : 16777215;
12254 : 16777215;
12255 : 16777215;
12256 : 16777215;
12257 : 16777215;
12258 : 16777215;
12259 : 16777215;
12260 : 16777215;
12261 : 16777215;
12262 : 16777215;
12263 : 16777215;
12264 : 16053751;
12265 : 8091495;
12266 : 14140013;
12267 : 12430177;
12268 : 9341038;
12269 : 14672099;
12270 : 16777215;
12271 : 16777215;
12272 : 16777215;
12273 : 16777215;
12274 : 16777215;
12275 : 16777215;
12276 : 16777215;
12277 : 16777215;
12278 : 16777215;
12279 : 16777215;
12280 : 16777215;
12281 : 16777215;
12282 : 16777215;
12283 : 16777215;
12284 : 16777215;
12285 : 16777215;
12286 : 16777215;
12287 : 16777215;
12288 : 16777215;
12289 : 16777215;
12290 : 16777215;
12291 : 16777215;
12292 : 16777215;
12293 : 16777215;
12294 : 16777215;
12295 : 16777215;
12296 : 16777215;
12297 : 16777215;
12298 : 16777215;
12299 : 16777215;
12300 : 16777215;
12301 : 16777215;
12302 : 16777215;
12303 : 16777215;
12304 : 16777215;
12305 : 16777215;
12306 : 16777215;
12307 : 16777215;
12308 : 16777215;
12309 : 16777215;
12310 : 16777215;
12311 : 16777215;
12312 : 16777215;
12313 : 16777215;
12314 : 16777215;
12315 : 16777215;
12316 : 16777215;
12317 : 16777215;
12318 : 16777215;
12319 : 16777215;
12320 : 16777215;
12321 : 16777215;
12322 : 16777215;
12323 : 16777215;
12324 : 16777215;
12325 : 16777215;
12326 : 16777215;
12327 : 16777215;
12328 : 16777215;
12329 : 16777215;
12330 : 16777215;
12331 : 16777215;
12332 : 16777215;
12333 : 16777215;
12334 : 9671571;
12335 : 5592922;
12336 : 6579561;
12337 : 6513768;
12338 : 6513768;
12339 : 6513768;
12340 : 6579818;
12341 : 5000785;
12342 : 10000536;
12343 : 16777215;
12344 : 16777215;
12345 : 16777215;
12346 : 16777215;
12347 : 16777215;
12348 : 16777215;
12349 : 16777215;
12350 : 16777215;
12351 : 16777215;
12352 : 16777215;
12353 : 16777215;
12354 : 16777215;
12355 : 16777215;
12356 : 16777215;
12357 : 16777215;
12358 : 12632258;
12359 : 5129508;
12360 : 7365166;
12361 : 9338427;
12362 : 10456386;
12363 : 10916676;
12364 : 10916676;
12365 : 10916676;
12366 : 10916676;
12367 : 10982468;
12368 : 11179589;
12369 : 11179846;
12370 : 10653243;
12371 : 9472888;
12372 : 16711679;
12373 : 16777215;
12374 : 16777215;
12375 : 16777215;
12376 : 16777215;
12377 : 16777215;
12378 : 16777215;
12379 : 16777215;
12380 : 16777215;
12381 : 16777215;
12382 : 16777215;
12383 : 16777215;
12384 : 16777215;
12385 : 16777215;
12386 : 16777215;
12387 : 16777215;
12388 : 16777215;
12389 : 16777215;
12390 : 16777215;
12391 : 16645887;
12392 : 10065549;
12393 : 10851409;
12394 : 10128727;
12395 : 10131859;
12396 : 15856117;
12397 : 16777215;
12398 : 16777215;
12399 : 16777215;
12400 : 16777215;
12401 : 16777215;
12402 : 16777215;
12403 : 16777215;
12404 : 16777215;
12405 : 16777215;
12406 : 16777215;
12407 : 16777215;
12408 : 16777215;
12409 : 16777215;
12410 : 16777215;
12411 : 16777215;
12412 : 16777215;
12413 : 16777215;
12414 : 16777215;
12415 : 16777215;
12416 : 16777215;
12417 : 16777215;
12418 : 16777215;
12419 : 16777215;
12420 : 16777215;
12421 : 16777215;
12422 : 16777215;
12423 : 16777215;
12424 : 16777215;
12425 : 16777215;
12426 : 16777215;
12427 : 16777215;
12428 : 16777215;
12429 : 16777215;
12430 : 16777215;
12431 : 16777215;
12432 : 16777215;
12433 : 16777215;
12434 : 16777215;
12435 : 16777215;
12436 : 16777215;
12437 : 16777215;
12438 : 16777215;
12439 : 16777215;
12440 : 16777215;
12441 : 16777215;
12442 : 16777215;
12443 : 16777215;
12444 : 16777215;
12445 : 16777215;
12446 : 16777215;
12447 : 16777215;
12448 : 16777215;
12449 : 16777215;
12450 : 16777215;
12451 : 16777215;
12452 : 16777215;
12453 : 16777215;
12454 : 16777215;
12455 : 16777215;
12456 : 16777215;
12457 : 16777215;
12458 : 16777215;
12459 : 16777215;
12460 : 16777215;
12461 : 16777215;
12462 : 9145228;
12463 : 5658459;
12464 : 6579561;
12465 : 6513768;
12466 : 6513768;
12467 : 6513768;
12468 : 6513768;
12469 : 6579561;
12470 : 4737355;
12471 : 12763842;
12472 : 16777215;
12473 : 16777215;
12474 : 16777215;
12475 : 16777215;
12476 : 16777215;
12477 : 16777215;
12478 : 16777215;
12479 : 16777215;
12480 : 16777215;
12481 : 16777215;
12482 : 16777215;
12483 : 16777215;
12484 : 16777215;
12485 : 16119543;
12486 : 7235663;
12487 : 8285998;
12488 : 7497009;
12489 : 7628337;
12490 : 8746550;
12491 : 10916676;
12492 : 10916676;
12493 : 11179589;
12494 : 11114053;
12495 : 10193216;
12496 : 8549173;
12497 : 9206841;
12498 : 8483380;
12499 : 8683364;
12500 : 16448252;
12501 : 16777215;
12502 : 16777215;
12503 : 16777215;
12504 : 16777215;
12505 : 16777215;
12506 : 16777215;
12507 : 16777215;
12508 : 16777215;
12509 : 16777215;
12510 : 16777215;
12511 : 16777215;
12512 : 16777215;
12513 : 16777215;
12514 : 16777215;
12515 : 16777215;
12516 : 16777215;
12517 : 16777215;
12518 : 16053493;
12519 : 7960432;
12520 : 7037244;
12521 : 9274987;
12522 : 12961223;
12523 : 16777215;
12524 : 16777215;
12525 : 16777215;
12526 : 16777215;
12527 : 16777215;
12528 : 16777215;
12529 : 16777215;
12530 : 16777215;
12531 : 16777215;
12532 : 16777215;
12533 : 16777215;
12534 : 16777215;
12535 : 16777215;
12536 : 16777215;
12537 : 16777215;
12538 : 16777215;
12539 : 16777215;
12540 : 16777215;
12541 : 16777215;
12542 : 16777215;
12543 : 16777215;
12544 : 16777215;
12545 : 16777215;
12546 : 16777215;
12547 : 16777215;
12548 : 16777215;
12549 : 16777215;
12550 : 16777215;
12551 : 16777215;
12552 : 16777215;
12553 : 16777215;
12554 : 16777215;
12555 : 16777215;
12556 : 16777215;
12557 : 16777215;
12558 : 16777215;
12559 : 16777215;
12560 : 16777215;
12561 : 16777215;
12562 : 16777215;
12563 : 16777215;
12564 : 16777215;
12565 : 16777215;
12566 : 16777215;
12567 : 16777215;
12568 : 16777215;
12569 : 16777215;
12570 : 16777215;
12571 : 16777215;
12572 : 16777215;
12573 : 16777215;
12574 : 16777215;
12575 : 16777215;
12576 : 16777215;
12577 : 16777215;
12578 : 16777215;
12579 : 16777215;
12580 : 16777215;
12581 : 16777215;
12582 : 16777215;
12583 : 16777215;
12584 : 16777215;
12585 : 16777215;
12586 : 16777215;
12587 : 16777215;
12588 : 16777215;
12589 : 16777215;
12590 : 8421504;
12591 : 5790045;
12592 : 6645354;
12593 : 6513768;
12594 : 6513768;
12595 : 6513768;
12596 : 6579561;
12597 : 6579561;
12598 : 6316645;
12599 : 5066062;
12600 : 13948116;
12601 : 16777215;
12602 : 16777215;
12603 : 16777215;
12604 : 16777215;
12605 : 16777215;
12606 : 16777215;
12607 : 16777215;
12608 : 16777215;
12609 : 16777215;
12610 : 16777215;
12611 : 16777215;
12612 : 16777215;
12613 : 16119285;
12614 : 10460567;
12615 : 9803156;
12616 : 7826234;
12617 : 11245122;
12618 : 10061629;
12619 : 10982468;
12620 : 11245637;
12621 : 7496751;
12622 : 9535547;
12623 : 9996094;
12624 : 2434082;
12625 : 2039328;
12626 : 11513775;
12627 : 15724529;
12628 : 16777215;
12629 : 16777215;
12630 : 16777215;
12631 : 16777215;
12632 : 16777215;
12633 : 16777215;
12634 : 16777215;
12635 : 16777215;
12636 : 16777215;
12637 : 16777215;
12638 : 16777215;
12639 : 16777215;
12640 : 16777215;
12641 : 16777215;
12642 : 16777215;
12643 : 16777215;
12644 : 16777215;
12645 : 16777215;
12646 : 15592941;
12647 : 10395033;
12648 : 13816529;
12649 : 16316923;
12650 : 16777215;
12651 : 16777215;
12652 : 16777215;
12653 : 16777215;
12654 : 16777215;
12655 : 16777215;
12656 : 16777215;
12657 : 16777215;
12658 : 16777215;
12659 : 16777215;
12660 : 16777215;
12661 : 16777215;
12662 : 16777215;
12663 : 16777215;
12664 : 16777215;
12665 : 16777215;
12666 : 16777215;
12667 : 16777215;
12668 : 16777215;
12669 : 16777215;
12670 : 16777215;
12671 : 16777215;
12672 : 16777215;
12673 : 16777215;
12674 : 16777215;
12675 : 16777215;
12676 : 16777215;
12677 : 16777215;
12678 : 16777215;
12679 : 16777215;
12680 : 16777215;
12681 : 16777215;
12682 : 16777215;
12683 : 16777215;
12684 : 16777215;
12685 : 16777215;
12686 : 16777215;
12687 : 16777215;
12688 : 16777215;
12689 : 16777215;
12690 : 16777215;
12691 : 16777215;
12692 : 16777215;
12693 : 16777215;
12694 : 16777215;
12695 : 16777215;
12696 : 16777215;
12697 : 16777215;
12698 : 16777215;
12699 : 16777215;
12700 : 16777215;
12701 : 16777215;
12702 : 16777215;
12703 : 16777215;
12704 : 16777215;
12705 : 16777215;
12706 : 16777215;
12707 : 16777215;
12708 : 16777215;
12709 : 16777215;
12710 : 16777215;
12711 : 16777215;
12712 : 16777215;
12713 : 16777215;
12714 : 16777215;
12715 : 16777215;
12716 : 16777215;
12717 : 16777215;
12718 : 7434353;
12719 : 6053217;
12720 : 6184803;
12721 : 6250852;
12722 : 6514025;
12723 : 6382439;
12724 : 5329494;
12725 : 6579561;
12726 : 6579561;
12727 : 5987681;
12728 : 5723992;
12729 : 15658734;
12730 : 16777215;
12731 : 16777215;
12732 : 16777215;
12733 : 16777215;
12734 : 16777215;
12735 : 16777215;
12736 : 16777215;
12737 : 16777215;
12738 : 16777215;
12739 : 16777215;
12740 : 16777215;
12741 : 16777215;
12742 : 16777215;
12743 : 13619150;
12744 : 8285742;
12745 : 7169094;
12746 : 6905660;
12747 : 11311173;
12748 : 9864509;
12749 : 2565154;
12750 : 4340776;
12751 : 9206839;
12752 : 2960431;
12753 : 2763314;
12754 : 14342874;
12755 : 16777215;
12756 : 16777215;
12757 : 16777215;
12758 : 16777215;
12759 : 16777215;
12760 : 16777215;
12761 : 16777215;
12762 : 16777215;
12763 : 16777215;
12764 : 16777215;
12765 : 16777215;
12766 : 16777215;
12767 : 16777215;
12768 : 16777215;
12769 : 16777215;
12770 : 16777215;
12771 : 16777215;
12772 : 16777215;
12773 : 16777215;
12774 : 16777215;
12775 : 16777215;
12776 : 16777215;
12777 : 16777215;
12778 : 16777215;
12779 : 16777215;
12780 : 16777215;
12781 : 16777215;
12782 : 16777215;
12783 : 16777215;
12784 : 16777215;
12785 : 16777215;
12786 : 16777215;
12787 : 16777215;
12788 : 16777215;
12789 : 16777215;
12790 : 16777215;
12791 : 16777215;
12792 : 16777215;
12793 : 16777215;
12794 : 16777215;
12795 : 16777215;
12796 : 16777215;
12797 : 16777215;
12798 : 16777215;
12799 : 16777215;
12800 : 16777215;
12801 : 16777215;
12802 : 16777215;
12803 : 16777215;
12804 : 16777215;
12805 : 16777215;
12806 : 16777215;
12807 : 16777215;
12808 : 16777215;
12809 : 16777215;
12810 : 16777215;
12811 : 16777215;
12812 : 16777215;
12813 : 16777215;
12814 : 16777215;
12815 : 16777215;
12816 : 16777215;
12817 : 16777215;
12818 : 16777215;
12819 : 16777215;
12820 : 16777215;
12821 : 16777215;
12822 : 16777215;
12823 : 16777215;
12824 : 16777215;
12825 : 16777215;
12826 : 16777215;
12827 : 16777215;
12828 : 16777215;
12829 : 16777215;
12830 : 16777215;
12831 : 16777215;
12832 : 16777215;
12833 : 16777215;
12834 : 16777215;
12835 : 16777215;
12836 : 16777215;
12837 : 16777215;
12838 : 16777215;
12839 : 16777215;
12840 : 16777215;
12841 : 16777215;
12842 : 16777215;
12843 : 16777215;
12844 : 16777215;
12845 : 16316664;
12846 : 5987165;
12847 : 6513768;
12848 : 5000528;
12849 : 5527129;
12850 : 6645354;
12851 : 6448232;
12852 : 4145217;
12853 : 6447975;
12854 : 6645354;
12855 : 7434612;
12856 : 5526613;
12857 : 14013908;
12858 : 16777215;
12859 : 16777215;
12860 : 16777215;
12861 : 16777215;
12862 : 16777215;
12863 : 16777215;
12864 : 16777215;
12865 : 16777215;
12866 : 16777215;
12867 : 16777215;
12868 : 16777215;
12869 : 16777215;
12870 : 16777215;
12871 : 12763839;
12872 : 7367515;
12873 : 14540514;
12874 : 8814178;
12875 : 10982206;
12876 : 5129769;
12877 : 2829369;
12878 : 2894903;
12879 : 3288355;
12880 : 3092277;
12881 : 2500143;
12882 : 11908532;
12883 : 16777215;
12884 : 16777215;
12885 : 16777215;
12886 : 16777215;
12887 : 16777215;
12888 : 16777215;
12889 : 16777215;
12890 : 16777215;
12891 : 16777215;
12892 : 16777215;
12893 : 16777215;
12894 : 16777215;
12895 : 16777215;
12896 : 16777215;
12897 : 16777215;
12898 : 16777215;
12899 : 16777215;
12900 : 16777215;
12901 : 16777215;
12902 : 16777215;
12903 : 16777215;
12904 : 16777215;
12905 : 16777215;
12906 : 16777215;
12907 : 16777215;
12908 : 16777215;
12909 : 16777215;
12910 : 16777215;
12911 : 16777215;
12912 : 16777215;
12913 : 16777215;
12914 : 16777215;
12915 : 16777215;
12916 : 16777215;
12917 : 16777215;
12918 : 16777215;
12919 : 16777215;
12920 : 16777215;
12921 : 16777215;
12922 : 16777215;
12923 : 16777215;
12924 : 16777215;
12925 : 16777215;
12926 : 16777215;
12927 : 16777215;
12928 : 16777215;
12929 : 16777215;
12930 : 16777215;
12931 : 16777215;
12932 : 16777215;
12933 : 16777215;
12934 : 16777215;
12935 : 16777215;
12936 : 16777215;
12937 : 16777215;
12938 : 16777215;
12939 : 16777215;
12940 : 16777215;
12941 : 16777215;
12942 : 16777215;
12943 : 16777215;
12944 : 16777215;
12945 : 16777215;
12946 : 16777215;
12947 : 16777215;
12948 : 16777215;
12949 : 16777215;
12950 : 16777215;
12951 : 16777215;
12952 : 16777215;
12953 : 16777215;
12954 : 16777215;
12955 : 16777215;
12956 : 16777215;
12957 : 16777215;
12958 : 16777215;
12959 : 16777215;
12960 : 16777215;
12961 : 16777215;
12962 : 16777215;
12963 : 16777215;
12964 : 16777215;
12965 : 16777215;
12966 : 16777215;
12967 : 16777215;
12968 : 16777215;
12969 : 16777215;
12970 : 16777215;
12971 : 16777215;
12972 : 16777215;
12973 : 14474460;
12974 : 4737354;
12975 : 6711404;
12976 : 4934991;
12977 : 5461336;
12978 : 6645354;
12979 : 6645354;
12980 : 4737098;
12981 : 5921630;
12982 : 7829113;
12983 : 9473165;
12984 : 6381408;
12985 : 14935010;
12986 : 16777215;
12987 : 16777215;
12988 : 16777215;
12989 : 16777215;
12990 : 16777215;
12991 : 16777215;
12992 : 16777215;
12993 : 16777215;
12994 : 16777215;
12995 : 16777215;
12996 : 16777215;
12997 : 16777215;
12998 : 16777215;
12999 : 16514043;
13000 : 16514045;
13001 : 16777215;
13002 : 10262664;
13003 : 6904610;
13004 : 2039332;
13005 : 3355454;
13006 : 3289661;
13007 : 3158076;
13008 : 3289660;
13009 : 2500144;
13010 : 8224126;
13011 : 16777215;
13012 : 16777215;
13013 : 16777215;
13014 : 16777215;
13015 : 16777215;
13016 : 16777215;
13017 : 16777215;
13018 : 16777215;
13019 : 16777215;
13020 : 16777215;
13021 : 16777215;
13022 : 16777215;
13023 : 16777215;
13024 : 16777215;
13025 : 16777215;
13026 : 16777215;
13027 : 16777215;
13028 : 16777215;
13029 : 16777215;
13030 : 16777215;
13031 : 16777215;
13032 : 16777215;
13033 : 16777215;
13034 : 16777215;
13035 : 16777215;
13036 : 16777215;
13037 : 16777215;
13038 : 16777215;
13039 : 16777215;
13040 : 16777215;
13041 : 16777215;
13042 : 16777215;
13043 : 16777215;
13044 : 16777215;
13045 : 16777215;
13046 : 16777215;
13047 : 16777215;
13048 : 16777215;
13049 : 16777215;
13050 : 16777215;
13051 : 16777215;
13052 : 16777215;
13053 : 16777215;
13054 : 16777215;
13055 : 16777215;
13056 : 16777215;
13057 : 16777215;
13058 : 16777215;
13059 : 16777215;
13060 : 16777215;
13061 : 16777215;
13062 : 16777215;
13063 : 16777215;
13064 : 16777215;
13065 : 16777215;
13066 : 16777215;
13067 : 16777215;
13068 : 16777215;
13069 : 16777215;
13070 : 16777215;
13071 : 16777215;
13072 : 16777215;
13073 : 16777215;
13074 : 16777215;
13075 : 16777215;
13076 : 16777215;
13077 : 16777215;
13078 : 16777215;
13079 : 16777215;
13080 : 16777215;
13081 : 16777215;
13082 : 16777215;
13083 : 16777215;
13084 : 16777215;
13085 : 16777215;
13086 : 16777215;
13087 : 16777215;
13088 : 16777215;
13089 : 16777215;
13090 : 16777215;
13091 : 16777215;
13092 : 16777215;
13093 : 16777215;
13094 : 16777215;
13095 : 16777215;
13096 : 16777215;
13097 : 16777215;
13098 : 16777215;
13099 : 16777215;
13100 : 16777215;
13101 : 13158343;
13102 : 4737355;
13103 : 7434612;
13104 : 5197907;
13105 : 5461335;
13106 : 6579561;
13107 : 6579561;
13108 : 6119010;
13109 : 6973804;
13110 : 9670544;
13111 : 10065302;
13112 : 4736326;
13113 : 12961221;
13114 : 16777215;
13115 : 16777215;
13116 : 16777215;
13117 : 16777215;
13118 : 16777215;
13119 : 16777215;
13120 : 16777215;
13121 : 16777215;
13122 : 16777215;
13123 : 16777215;
13124 : 16777215;
13125 : 16777215;
13126 : 16777215;
13127 : 16777215;
13128 : 16777215;
13129 : 16777215;
13130 : 13750735;
13131 : 9078912;
13132 : 5723994;
13133 : 2894902;
13134 : 3289660;
13135 : 3289660;
13136 : 3289660;
13137 : 2894902;
13138 : 5131857;
13139 : 16645629;
13140 : 16777215;
13141 : 16777215;
13142 : 16777215;
13143 : 16777215;
13144 : 16777215;
13145 : 16777215;
13146 : 16777215;
13147 : 16777215;
13148 : 16777215;
13149 : 16777215;
13150 : 16777215;
13151 : 16777215;
13152 : 16777215;
13153 : 16777215;
13154 : 16777215;
13155 : 16777215;
13156 : 16777215;
13157 : 16777215;
13158 : 16777215;
13159 : 16777215;
13160 : 16777215;
13161 : 16777215;
13162 : 16777215;
13163 : 16777215;
13164 : 16777215;
13165 : 16777215;
13166 : 16777215;
13167 : 16777215;
13168 : 16777215;
13169 : 16777215;
13170 : 16777215;
13171 : 16777215;
13172 : 16777215;
13173 : 16777215;
13174 : 16777215;
13175 : 16777215;
13176 : 16777215;
13177 : 16777215;
13178 : 16777215;
13179 : 16777215;
13180 : 16777215;
13181 : 16777215;
13182 : 16777215;
13183 : 16777215;
13184 : 16777215;
13185 : 16777215;
13186 : 16777215;
13187 : 16777215;
13188 : 16777215;
13189 : 16777215;
13190 : 16777215;
13191 : 16777215;
13192 : 16777215;
13193 : 16777215;
13194 : 16777215;
13195 : 16777215;
13196 : 16777215;
13197 : 16777215;
13198 : 16777215;
13199 : 16777215;
13200 : 16777215;
13201 : 16777215;
13202 : 16777215;
13203 : 16777215;
13204 : 16777215;
13205 : 16777215;
13206 : 16777215;
13207 : 16777215;
13208 : 16777215;
13209 : 16777215;
13210 : 16777215;
13211 : 16777215;
13212 : 16777215;
13213 : 16777215;
13214 : 16777215;
13215 : 16777215;
13216 : 16777215;
13217 : 16777215;
13218 : 16777215;
13219 : 16777215;
13220 : 16777215;
13221 : 16777215;
13222 : 16777215;
13223 : 16777215;
13224 : 16777215;
13225 : 16777215;
13226 : 16777215;
13227 : 16777215;
13228 : 16777215;
13229 : 14277080;
13230 : 4605768;
13231 : 8684164;
13232 : 8289406;
13233 : 7500404;
13234 : 7303025;
13235 : 6908525;
13236 : 7697527;
13237 : 7828597;
13238 : 9078663;
13239 : 9144200;
13240 : 8355969;
13241 : 10263709;
13242 : 16777215;
13243 : 16777215;
13244 : 16777215;
13245 : 16777215;
13246 : 16777215;
13247 : 16777215;
13248 : 16777215;
13249 : 16777215;
13250 : 16777215;
13251 : 16777215;
13252 : 16777215;
13253 : 16777215;
13254 : 16777215;
13255 : 16777215;
13256 : 16777215;
13257 : 16777215;
13258 : 16777215;
13259 : 16777215;
13260 : 10921637;
13261 : 2499886;
13262 : 3289661;
13263 : 3289660;
13264 : 3289660;
13265 : 3223867;
13266 : 3223862;
13267 : 15000803;
13268 : 16777215;
13269 : 16777215;
13270 : 16777215;
13271 : 16777215;
13272 : 16777215;
13273 : 16777215;
13274 : 16777215;
13275 : 16777215;
13276 : 16777215;
13277 : 16777215;
13278 : 16777215;
13279 : 16777215;
13280 : 16777215;
13281 : 16777215;
13282 : 16777215;
13283 : 16777215;
13284 : 16777215;
13285 : 16777215;
13286 : 16777215;
13287 : 16777215;
13288 : 16777215;
13289 : 16777215;
13290 : 16777215;
13291 : 16777215;
13292 : 16777215;
13293 : 16777215;
13294 : 16777215;
13295 : 16777215;
13296 : 16777215;
13297 : 16777215;
13298 : 16777215;
13299 : 16777215;
13300 : 16777215;
13301 : 16777215;
13302 : 16777215;
13303 : 16777215;
13304 : 16777215;
13305 : 16777215;
13306 : 16777215;
13307 : 16777215;
13308 : 16777215;
13309 : 16777215;
13310 : 16777215;
13311 : 16777215;
13312 : 16777215;
13313 : 16777215;
13314 : 16777215;
13315 : 16777215;
13316 : 16777215;
13317 : 16777215;
13318 : 16777215;
13319 : 16777215;
13320 : 16777215;
13321 : 16777215;
13322 : 16777215;
13323 : 16777215;
13324 : 16777215;
13325 : 16777215;
13326 : 16777215;
13327 : 16777215;
13328 : 16777215;
13329 : 16777215;
13330 : 16777215;
13331 : 16777215;
13332 : 16777215;
13333 : 16777215;
13334 : 16777215;
13335 : 16777215;
13336 : 16777215;
13337 : 16777215;
13338 : 16777215;
13339 : 16777215;
13340 : 16777215;
13341 : 16777215;
13342 : 16777215;
13343 : 16777215;
13344 : 16777215;
13345 : 16777215;
13346 : 16777215;
13347 : 16777215;
13348 : 16777215;
13349 : 16777215;
13350 : 16777215;
13351 : 16777215;
13352 : 16777215;
13353 : 16777215;
13354 : 16777215;
13355 : 16777215;
13356 : 16777215;
13357 : 16777215;
13358 : 9539985;
13359 : 4539718;
13360 : 6250078;
13361 : 6644323;
13362 : 10065045;
13363 : 9473166;
13364 : 9933716;
13365 : 9341579;
13366 : 4933705;
13367 : 4736326;
13368 : 11382706;
13369 : 9737364;
13370 : 15790320;
13371 : 16777215;
13372 : 16777215;
13373 : 16777215;
13374 : 16777215;
13375 : 16777215;
13376 : 16777215;
13377 : 16777215;
13378 : 16777215;
13379 : 16777215;
13380 : 16777215;
13381 : 16777215;
13382 : 16777215;
13383 : 16777215;
13384 : 16777215;
13385 : 16777215;
13386 : 16777215;
13387 : 16777215;
13388 : 13948115;
13389 : 2829106;
13390 : 3289660;
13391 : 3289660;
13392 : 3289660;
13393 : 3355453;
13394 : 2500143;
13395 : 12368827;
13396 : 16777215;
13397 : 16777215;
13398 : 16777215;
13399 : 16777215;
13400 : 16777215;
13401 : 16777215;
13402 : 16777215;
13403 : 16777215;
13404 : 16777215;
13405 : 16777215;
13406 : 16777215;
13407 : 16777215;
13408 : 16777215;
13409 : 16777215;
13410 : 16777215;
13411 : 16777215;
13412 : 16777215;
13413 : 16777215;
13414 : 16777215;
13415 : 16777215;
13416 : 16777215;
13417 : 16777215;
13418 : 16777215;
13419 : 16777215;
13420 : 16777215;
13421 : 16777215;
13422 : 16777215;
13423 : 16777215;
13424 : 16777215;
13425 : 16777215;
13426 : 16777215;
13427 : 16777215;
13428 : 16777215;
13429 : 16777215;
13430 : 16777215;
13431 : 16777215;
13432 : 16777215;
13433 : 16777215;
13434 : 16777215;
13435 : 16777215;
13436 : 16777215;
13437 : 16777215;
13438 : 16777215;
13439 : 16777215;
13440 : 16777215;
13441 : 16777215;
13442 : 16777215;
13443 : 16777215;
13444 : 16777215;
13445 : 16777215;
13446 : 16777215;
13447 : 16777215;
13448 : 16777215;
13449 : 16777215;
13450 : 16777215;
13451 : 16777215;
13452 : 16777215;
13453 : 16777215;
13454 : 16777215;
13455 : 16777215;
13456 : 16777215;
13457 : 16777215;
13458 : 16777215;
13459 : 16777215;
13460 : 16777215;
13461 : 16777215;
13462 : 16777215;
13463 : 16777215;
13464 : 16777215;
13465 : 16777215;
13466 : 16777215;
13467 : 16777215;
13468 : 16777215;
13469 : 16777215;
13470 : 16777215;
13471 : 16777215;
13472 : 16777215;
13473 : 16777215;
13474 : 16777215;
13475 : 16777215;
13476 : 16777215;
13477 : 16777215;
13478 : 16777215;
13479 : 16777215;
13480 : 16777215;
13481 : 16777215;
13482 : 16777215;
13483 : 16777215;
13484 : 16777215;
13485 : 16777215;
13486 : 13684944;
13487 : 9803929;
13488 : 10725032;
13489 : 3947323;
13490 : 6841702;
13491 : 6973801;
13492 : 6842215;
13493 : 7104874;
13494 : 7171180;
13495 : 13948116;
13496 : 9737107;
13497 : 5855321;
13498 : 14342874;
13499 : 16777215;
13500 : 16777215;
13501 : 16777215;
13502 : 16777215;
13503 : 16777215;
13504 : 16777215;
13505 : 16777215;
13506 : 16777215;
13507 : 16777215;
13508 : 16777215;
13509 : 16777215;
13510 : 16777215;
13511 : 16777215;
13512 : 16777215;
13513 : 16777215;
13514 : 16777215;
13515 : 16777215;
13516 : 16119284;
13517 : 4407878;
13518 : 3092281;
13519 : 3289660;
13520 : 3289660;
13521 : 3355452;
13522 : 2631728;
13523 : 9145227;
13524 : 16777215;
13525 : 16777215;
13526 : 16777215;
13527 : 16777215;
13528 : 16777215;
13529 : 16777215;
13530 : 16777215;
13531 : 16777215;
13532 : 16777215;
13533 : 16777215;
13534 : 16777215;
13535 : 16777215;
13536 : 16777215;
13537 : 16777215;
13538 : 16777215;
13539 : 16777215;
13540 : 16777215;
13541 : 16777215;
13542 : 16777215;
13543 : 16777215;
13544 : 16777215;
13545 : 16777215;
13546 : 16777215;
13547 : 16777215;
13548 : 16777215;
13549 : 16777215;
13550 : 16777215;
13551 : 16777215;
13552 : 16777215;
13553 : 16777215;
13554 : 16777215;
13555 : 16777215;
13556 : 16777215;
13557 : 16777215;
13558 : 16777215;
13559 : 16777215;
13560 : 16777215;
13561 : 16777215;
13562 : 16777215;
13563 : 16777215;
13564 : 16777215;
13565 : 16777215;
13566 : 16777215;
13567 : 16777215;
13568 : 16777215;
13569 : 16777215;
13570 : 16777215;
13571 : 16777215;
13572 : 16777215;
13573 : 16777215;
13574 : 16777215;
13575 : 16777215;
13576 : 16777215;
13577 : 16777215;
13578 : 16777215;
13579 : 16777215;
13580 : 16777215;
13581 : 16777215;
13582 : 16777215;
13583 : 16777215;
13584 : 16777215;
13585 : 16777215;
13586 : 16777215;
13587 : 16777215;
13588 : 16777215;
13589 : 16777215;
13590 : 16777215;
13591 : 16777215;
13592 : 16777215;
13593 : 16777215;
13594 : 16777215;
13595 : 16777215;
13596 : 16777215;
13597 : 16777215;
13598 : 16777215;
13599 : 16777215;
13600 : 16777215;
13601 : 16777215;
13602 : 16777215;
13603 : 16777215;
13604 : 16777215;
13605 : 16777215;
13606 : 16777215;
13607 : 16777215;
13608 : 16777215;
13609 : 16777215;
13610 : 16777215;
13611 : 16777215;
13612 : 16777215;
13613 : 16777215;
13614 : 15592941;
13615 : 9474451;
13616 : 13751767;
13617 : 10329244;
13618 : 9473935;
13619 : 8750727;
13620 : 13949147;
13621 : 8356227;
13622 : 11316395;
13623 : 16777215;
13624 : 16777215;
13625 : 15790320;
13626 : 16382457;
13627 : 16777215;
13628 : 16777215;
13629 : 16777215;
13630 : 16777215;
13631 : 16777215;
13632 : 16777215;
13633 : 16777215;
13634 : 16777215;
13635 : 16777215;
13636 : 16777215;
13637 : 16777215;
13638 : 16777215;
13639 : 16777215;
13640 : 16777215;
13641 : 16777215;
13642 : 16777215;
13643 : 16777215;
13644 : 16777215;
13645 : 6579045;
13646 : 2828852;
13647 : 3289660;
13648 : 3289660;
13649 : 3421245;
13650 : 3092021;
13651 : 6513509;
13652 : 16777215;
13653 : 16777215;
13654 : 16777215;
13655 : 16777215;
13656 : 16777215;
13657 : 16777215;
13658 : 16777215;
13659 : 16777215;
13660 : 16777215;
13661 : 16777215;
13662 : 16777215;
13663 : 16777215;
13664 : 16777215;
13665 : 16777215;
13666 : 16777215;
13667 : 16777215;
13668 : 16777215;
13669 : 16777215;
13670 : 16777215;
13671 : 16777215;
13672 : 16777215;
13673 : 16777215;
13674 : 16777215;
13675 : 16777215;
13676 : 16777215;
13677 : 16777215;
13678 : 16777215;
13679 : 16777215;
13680 : 16777215;
13681 : 16777215;
13682 : 16777215;
13683 : 16777215;
13684 : 16777215;
13685 : 16777215;
13686 : 16777215;
13687 : 16777215;
13688 : 16777215;
13689 : 16777215;
13690 : 16777215;
13691 : 16777215;
13692 : 16777215;
13693 : 16777215;
13694 : 16777215;
13695 : 16777215;
13696 : 16777215;
13697 : 16777215;
13698 : 16777215;
13699 : 16777215;
13700 : 16777215;
13701 : 16777215;
13702 : 16777215;
13703 : 16777215;
13704 : 16777215;
13705 : 16777215;
13706 : 16777215;
13707 : 16777215;
13708 : 16777215;
13709 : 16777215;
13710 : 16777215;
13711 : 16777215;
13712 : 16777215;
13713 : 16777215;
13714 : 16777215;
13715 : 16777215;
13716 : 16777215;
13717 : 16777215;
13718 : 16777215;
13719 : 16777215;
13720 : 16777215;
13721 : 16777215;
13722 : 16777215;
13723 : 16777215;
13724 : 16777215;
13725 : 16777215;
13726 : 16777215;
13727 : 16777215;
13728 : 16777215;
13729 : 16777215;
13730 : 16777215;
13731 : 16777215;
13732 : 16777215;
13733 : 16777215;
13734 : 16777215;
13735 : 16777215;
13736 : 16777215;
13737 : 16777215;
13738 : 16777215;
13739 : 16777215;
13740 : 16777215;
13741 : 16777215;
13742 : 16777215;
13743 : 10790053;
13744 : 9803931;
13745 : 12171962;
13746 : 16777215;
13747 : 10526880;
13748 : 11777720;
13749 : 14277853;
13750 : 10395294;
13751 : 16777215;
13752 : 16777215;
13753 : 16777215;
13754 : 16777215;
13755 : 16777215;
13756 : 16777215;
13757 : 16777215;
13758 : 16777215;
13759 : 16777215;
13760 : 16777215;
13761 : 16777215;
13762 : 16777215;
13763 : 16777215;
13764 : 16777215;
13765 : 16777215;
13766 : 16777215;
13767 : 16777215;
13768 : 16777215;
13769 : 16777215;
13770 : 16777215;
13771 : 16777215;
13772 : 16777215;
13773 : 8355712;
13774 : 2631729;
13775 : 3289660;
13776 : 3289660;
13777 : 3421244;
13778 : 3486780;
13779 : 4539464;
13780 : 16119285;
13781 : 16777215;
13782 : 16777215;
13783 : 16777215;
13784 : 16777215;
13785 : 16777215;
13786 : 16777215;
13787 : 16777215;
13788 : 16777215;
13789 : 16777215;
13790 : 16777215;
13791 : 16777215;
13792 : 16777215;
13793 : 16777215;
13794 : 16777215;
13795 : 16777215;
13796 : 16777215;
13797 : 16777215;
13798 : 16777215;
13799 : 16777215;
13800 : 16777215;
13801 : 16777215;
13802 : 16777215;
13803 : 16777215;
13804 : 16777215;
13805 : 16777215;
13806 : 16777215;
13807 : 16777215;
13808 : 16777215;
13809 : 16777215;
13810 : 16777215;
13811 : 16777215;
13812 : 16777215;
13813 : 16777215;
13814 : 16777215;
13815 : 16777215;
13816 : 16777215;
13817 : 16777215;
13818 : 16777215;
13819 : 16777215;
13820 : 16777215;
13821 : 16777215;
13822 : 16777215;
13823 : 16777215;
13824 : 16777215;
13825 : 16777215;
13826 : 16777215;
13827 : 16777215;
13828 : 16777215;
13829 : 16777215;
13830 : 16777215;
13831 : 16777215;
13832 : 16777215;
13833 : 16777215;
13834 : 16777215;
13835 : 16777215;
13836 : 16777215;
13837 : 16777215;
13838 : 16777215;
13839 : 16777215;
13840 : 16777215;
13841 : 16777215;
13842 : 16777215;
13843 : 16777215;
13844 : 16777215;
13845 : 16777215;
13846 : 16777215;
13847 : 16777215;
13848 : 16777215;
13849 : 16777215;
13850 : 16777215;
13851 : 16777215;
13852 : 16777215;
13853 : 16777215;
13854 : 16777215;
13855 : 16777215;
13856 : 16777215;
13857 : 16777215;
13858 : 16777215;
13859 : 16777215;
13860 : 16777215;
13861 : 16777215;
13862 : 16777215;
13863 : 16777215;
13864 : 16777215;
13865 : 16777215;
13866 : 16777215;
13867 : 16777215;
13868 : 16777215;
13869 : 16777215;
13870 : 16777215;
13871 : 15856113;
13872 : 6974059;
13873 : 13421772;
13874 : 16777215;
13875 : 16185077;
13876 : 8684676;
13877 : 11514291;
13878 : 8881799;
13879 : 16053492;
13880 : 16777215;
13881 : 16777215;
13882 : 16777215;
13883 : 16777215;
13884 : 16777215;
13885 : 16777215;
13886 : 16777215;
13887 : 16777215;
13888 : 16777215;
13889 : 16777215;
13890 : 16777215;
13891 : 16777215;
13892 : 16777215;
13893 : 16777215;
13894 : 16777215;
13895 : 16777215;
13896 : 16777215;
13897 : 16777215;
13898 : 16777215;
13899 : 16777215;
13900 : 16777215;
13901 : 10197915;
13902 : 2500143;
13903 : 3289661;
13904 : 3289660;
13905 : 3420988;
13906 : 3815744;
13907 : 3552569;
13908 : 14606045;
13909 : 16777215;
13910 : 16777215;
13911 : 16777215;
13912 : 16777215;
13913 : 16777215;
13914 : 16777215;
13915 : 16777215;
13916 : 16777215;
13917 : 16777215;
13918 : 16777215;
13919 : 16777215;
13920 : 16777215;
13921 : 16777215;
13922 : 16777215;
13923 : 16777215;
13924 : 16777215;
13925 : 16777215;
13926 : 16777215;
13927 : 16777215;
13928 : 16777215;
13929 : 16777215;
13930 : 16777215;
13931 : 16777215;
13932 : 16777215;
13933 : 16777215;
13934 : 16777215;
13935 : 16777215;
13936 : 16777215;
13937 : 16777215;
13938 : 16777215;
13939 : 16777215;
13940 : 16777215;
13941 : 16777215;
13942 : 16777215;
13943 : 16777215;
13944 : 16777215;
13945 : 16777215;
13946 : 16777215;
13947 : 16777215;
13948 : 16777215;
13949 : 16777215;
13950 : 16777215;
13951 : 16777215;
13952 : 16777215;
13953 : 16777215;
13954 : 16777215;
13955 : 16777215;
13956 : 16777215;
13957 : 16777215;
13958 : 16777215;
13959 : 16777215;
13960 : 16777215;
13961 : 16777215;
13962 : 16777215;
13963 : 16777215;
13964 : 16777215;
13965 : 16777215;
13966 : 16777215;
13967 : 16777215;
13968 : 16777215;
13969 : 16777215;
13970 : 16777215;
13971 : 16777215;
13972 : 16777215;
13973 : 16777215;
13974 : 16777215;
13975 : 16777215;
13976 : 16777215;
13977 : 16777215;
13978 : 16777215;
13979 : 16777215;
13980 : 16777215;
13981 : 16777215;
13982 : 16777215;
13983 : 16777215;
13984 : 16777215;
13985 : 16777215;
13986 : 16777215;
13987 : 16777215;
13988 : 16777215;
13989 : 16777215;
13990 : 16777215;
13991 : 16777215;
13992 : 16777215;
13993 : 16777215;
13994 : 16777215;
13995 : 16777215;
13996 : 16777215;
13997 : 16777215;
13998 : 16777215;
13999 : 16777215;
14000 : 15987699;
14001 : 16448250;
14002 : 16777215;
14003 : 16777215;
14004 : 16119285;
14005 : 11447982;
14006 : 8881798;
14007 : 15724527;
14008 : 16777215;
14009 : 16777215;
14010 : 16777215;
14011 : 16777215;
14012 : 16777215;
14013 : 16777215;
14014 : 16777215;
14015 : 16777215;
14016 : 16777215;
14017 : 16777215;
14018 : 16777215;
14019 : 16777215;
14020 : 16777215;
14021 : 16777215;
14022 : 16777215;
14023 : 16777215;
14024 : 16777215;
14025 : 16777215;
14026 : 16777215;
14027 : 16777215;
14028 : 16777215;
14029 : 11908277;
14030 : 2828849;
14031 : 3355452;
14032 : 3289660;
14033 : 3486781;
14034 : 3815745;
14035 : 3223860;
14036 : 12763842;
14037 : 16777215;
14038 : 16777215;
14039 : 16777215;
14040 : 16777215;
14041 : 16777215;
14042 : 16777215;
14043 : 16777215;
14044 : 16777215;
14045 : 16777215;
14046 : 16777215;
14047 : 16777215;
14048 : 16777215;
14049 : 16777215;
14050 : 16777215;
14051 : 16777215;
14052 : 16777215;
14053 : 16777215;
14054 : 16777215;
14055 : 16777215;
14056 : 16777215;
14057 : 16777215;
14058 : 16777215;
14059 : 16777215;
14060 : 16777215;
14061 : 16777215;
14062 : 16777215;
14063 : 16777215;
14064 : 16777215;
14065 : 16777215;
14066 : 16777215;
14067 : 16777215;
14068 : 16777215;
14069 : 16777215;
14070 : 16777215;
14071 : 16777215;
14072 : 16777215;
14073 : 16777215;
14074 : 16777215;
14075 : 16777215;
14076 : 16777215;
14077 : 16777215;
14078 : 16777215;
14079 : 16777215;
14080 : 16777215;
14081 : 16777215;
14082 : 16777215;
14083 : 16777215;
14084 : 16777215;
14085 : 16777215;
14086 : 16777215;
14087 : 16777215;
14088 : 16777215;
14089 : 16777215;
14090 : 16777215;
14091 : 16777215;
14092 : 16777215;
14093 : 16777215;
14094 : 16777215;
14095 : 16777215;
14096 : 16777215;
14097 : 16777215;
14098 : 16777215;
14099 : 16777215;
14100 : 16777215;
14101 : 16777215;
14102 : 16777215;
14103 : 16777215;
14104 : 16777215;
14105 : 16777215;
14106 : 16777215;
14107 : 16777215;
14108 : 16777215;
14109 : 16777215;
14110 : 16777215;
14111 : 16777215;
14112 : 16777215;
14113 : 16777215;
14114 : 16777215;
14115 : 16777215;
14116 : 16777215;
14117 : 16777215;
14118 : 16777215;
14119 : 16777215;
14120 : 16777215;
14121 : 16777215;
14122 : 16777215;
14123 : 16777215;
14124 : 16777215;
14125 : 16777215;
14126 : 16777215;
14127 : 16777215;
14128 : 16777215;
14129 : 16777215;
14130 : 16777215;
14131 : 16777215;
14132 : 16777215;
14133 : 16777215;
14134 : 16777215;
14135 : 16777215;
14136 : 16777215;
14137 : 16777215;
14138 : 16777215;
14139 : 16777215;
14140 : 16777215;
14141 : 16777215;
14142 : 16777215;
14143 : 16777215;
14144 : 16777215;
14145 : 16777215;
14146 : 16777215;
14147 : 16777215;
14148 : 16777215;
14149 : 16777215;
14150 : 16777215;
14151 : 16777215;
14152 : 16777215;
14153 : 16777215;
14154 : 16777215;
14155 : 16777215;
14156 : 16777215;
14157 : 12763842;
14158 : 3157555;
14159 : 3552830;
14160 : 3421245;
14161 : 3749952;
14162 : 4078915;
14163 : 3750203;
14164 : 9474192;
14165 : 16777215;
14166 : 16777215;
14167 : 16777215;
14168 : 16777215;
14169 : 16777215;
14170 : 16777215;
14171 : 16777215;
14172 : 16777215;
14173 : 16777215;
14174 : 16777215;
14175 : 16777215;
14176 : 16777215;
14177 : 16777215;
14178 : 16777215;
14179 : 16777215;
14180 : 16777215;
14181 : 16777215;
14182 : 16777215;
14183 : 16777215;
14184 : 16777215;
14185 : 16777215;
14186 : 16777215;
14187 : 16777215;
14188 : 16777215;
14189 : 16777215;
14190 : 16777215;
14191 : 16777215;
14192 : 16777215;
14193 : 16777215;
14194 : 16777215;
14195 : 16777215;
14196 : 16777215;
14197 : 16777215;
14198 : 16777215;
14199 : 16777215;
14200 : 16777215;
14201 : 16777215;
14202 : 16777215;
14203 : 16777215;
14204 : 16777215;
14205 : 16777215;
14206 : 16777215;
14207 : 16777215;
14208 : 16777215;
14209 : 16777215;
14210 : 16777215;
14211 : 16777215;
14212 : 16777215;
14213 : 16777215;
14214 : 16777215;
14215 : 16777215;
14216 : 16777215;
14217 : 16777215;
14218 : 16777215;
14219 : 16777215;
14220 : 16777215;
14221 : 16777215;
14222 : 16777215;
14223 : 16777215;
14224 : 16777215;
14225 : 16777215;
14226 : 16777215;
14227 : 16777215;
14228 : 16777215;
14229 : 16777215;
14230 : 16777215;
14231 : 16777215;
14232 : 16777215;
14233 : 16777215;
14234 : 16777215;
14235 : 16777215;
14236 : 16777215;
14237 : 16777215;
14238 : 16777215;
14239 : 16777215;
14240 : 16777215;
14241 : 16777215;
14242 : 16777215;
14243 : 16777215;
14244 : 16777215;
14245 : 16777215;
14246 : 16777215;
14247 : 16777215;
14248 : 16777215;
14249 : 16777215;
14250 : 16777215;
14251 : 16777215;
14252 : 16777215;
14253 : 16777215;
14254 : 16777215;
14255 : 16777215;
14256 : 16777215;
14257 : 16777215;
14258 : 16777215;
14259 : 16777215;
14260 : 16777215;
14261 : 16777215;
14262 : 16777215;
14263 : 16777215;
14264 : 16777215;
14265 : 16777215;
14266 : 16777215;
14267 : 16777215;
14268 : 16777215;
14269 : 16777215;
14270 : 16777215;
14271 : 16777215;
14272 : 16777215;
14273 : 16777215;
14274 : 16777215;
14275 : 16777215;
14276 : 16777215;
14277 : 16777215;
14278 : 16777215;
14279 : 16777215;
14280 : 16777215;
14281 : 16777215;
14282 : 16777215;
14283 : 16777215;
14284 : 16777215;
14285 : 13027013;
14286 : 3552567;
14287 : 4276550;
14288 : 4276293;
14289 : 4276292;
14290 : 4539463;
14291 : 4539718;
14292 : 5066061;
14293 : 16185078;
14294 : 16777215;
14295 : 16777215;
14296 : 16777215;
14297 : 16777215;
14298 : 16777215;
14299 : 16777215;
14300 : 16777215;
14301 : 16777215;
14302 : 16777215;
14303 : 16777215;
14304 : 16777215;
14305 : 16777215;
14306 : 16777215;
14307 : 16777215;
14308 : 16777215;
14309 : 16777215;
14310 : 16777215;
14311 : 16777215;
14312 : 16777215;
14313 : 16777215;
14314 : 16777215;
14315 : 16777215;
14316 : 16777215;
14317 : 16777215;
14318 : 16777215;
14319 : 16777215;
14320 : 16777215;
14321 : 16777215;
14322 : 16777215;
14323 : 16777215;
14324 : 16777215;
14325 : 16777215;
14326 : 16777215;
14327 : 16777215;
14328 : 16777215;
14329 : 16777215;
14330 : 16777215;
14331 : 16777215;
14332 : 16777215;
14333 : 16777215;
14334 : 16777215;
14335 : 16777215;
14336 : 16777215;
14337 : 16777215;
14338 : 16777215;
14339 : 16777215;
14340 : 16777215;
14341 : 16777215;
14342 : 16777215;
14343 : 16777215;
14344 : 16777215;
14345 : 16777215;
14346 : 16777215;
14347 : 16777215;
14348 : 16777215;
14349 : 16777215;
14350 : 16777215;
14351 : 16777215;
14352 : 16777215;
14353 : 16777215;
14354 : 16777215;
14355 : 16777215;
14356 : 16777215;
14357 : 16777215;
14358 : 16777215;
14359 : 16777215;
14360 : 16777215;
14361 : 16777215;
14362 : 16777215;
14363 : 16777215;
14364 : 16777215;
14365 : 16777215;
14366 : 16777215;
14367 : 16777215;
14368 : 16777215;
14369 : 16777215;
14370 : 16777215;
14371 : 16777215;
14372 : 16777215;
14373 : 16777215;
14374 : 16777215;
14375 : 16777215;
14376 : 16777215;
14377 : 16777215;
14378 : 16777215;
14379 : 16777215;
14380 : 16777215;
14381 : 16777215;
14382 : 16777215;
14383 : 16777215;
14384 : 16777215;
14385 : 16777215;
14386 : 16777215;
14387 : 16777215;
14388 : 16777215;
14389 : 16777215;
14390 : 16777215;
14391 : 16777215;
14392 : 16777215;
14393 : 16777215;
14394 : 16777215;
14395 : 16777215;
14396 : 16777215;
14397 : 16777215;
14398 : 16777215;
14399 : 16777215;
14400 : 16777215;
14401 : 16777215;
14402 : 16777215;
14403 : 16777215;
14404 : 16777215;
14405 : 16777215;
14406 : 16777215;
14407 : 16777215;
14408 : 16777215;
14409 : 16777215;
14410 : 16777215;
14411 : 16777215;
14412 : 16777215;
14413 : 12961221;
14414 : 3749945;
14415 : 4737098;
14416 : 4539719;
14417 : 4671305;
14418 : 4802889;
14419 : 4934477;
14420 : 3223858;
14421 : 12566462;
14422 : 16777215;
14423 : 16777215;
14424 : 16777215;
14425 : 16777215;
14426 : 16777215;
14427 : 16777215;
14428 : 16777215;
14429 : 16777215;
14430 : 16777215;
14431 : 16777215;
14432 : 16777215;
14433 : 16777215;
14434 : 16777215;
14435 : 16777215;
14436 : 16777215;
14437 : 16777215;
14438 : 16777215;
14439 : 16777215;
14440 : 16777215;
14441 : 16777215;
14442 : 16777215;
14443 : 16777215;
14444 : 16777215;
14445 : 16777215;
14446 : 16777215;
14447 : 16777215;
14448 : 16777215;
14449 : 16777215;
14450 : 16777215;
14451 : 16777215;
14452 : 16777215;
14453 : 16777215;
14454 : 16777215;
14455 : 16777215;
14456 : 16777215;
14457 : 16777215;
14458 : 16777215;
14459 : 16777215;
14460 : 16777215;
14461 : 16777215;
14462 : 16777215;
14463 : 16777215;
14464 : 16777215;
14465 : 16777215;
14466 : 16777215;
14467 : 16777215;
14468 : 16777215;
14469 : 16777215;
14470 : 16777215;
14471 : 16777215;
14472 : 16777215;
14473 : 16777215;
14474 : 16777215;
14475 : 16777215;
14476 : 16777215;
14477 : 16777215;
14478 : 16777215;
14479 : 16777215;
14480 : 16777215;
14481 : 16777215;
14482 : 16777215;
14483 : 16777215;
14484 : 16777215;
14485 : 16777215;
14486 : 16777215;
14487 : 16777215;
14488 : 16777215;
14489 : 16777215;
14490 : 16777215;
14491 : 16777215;
14492 : 16777215;
14493 : 16777215;
14494 : 16777215;
14495 : 16777215;
14496 : 16777215;
14497 : 16777215;
14498 : 16777215;
14499 : 16777215;
14500 : 16777215;
14501 : 16777215;
14502 : 16777215;
14503 : 16777215;
14504 : 16777215;
14505 : 16777215;
14506 : 16777215;
14507 : 16777215;
14508 : 16777215;
14509 : 16777215;
14510 : 16777215;
14511 : 16777215;
14512 : 16777215;
14513 : 16777215;
14514 : 16777215;
14515 : 16777215;
14516 : 16777215;
14517 : 16777215;
14518 : 16777215;
14519 : 16777215;
14520 : 16777215;
14521 : 16777215;
14522 : 16777215;
14523 : 16777215;
14524 : 16777215;
14525 : 16777215;
14526 : 16777215;
14527 : 16777215;
14528 : 16777215;
14529 : 16777215;
14530 : 16777215;
14531 : 16777215;
14532 : 16777215;
14533 : 16777215;
14534 : 16777215;
14535 : 16777215;
14536 : 16777215;
14537 : 16777215;
14538 : 16777215;
14539 : 16777215;
14540 : 16777215;
14541 : 12763585;
14542 : 3552822;
14543 : 4934476;
14544 : 4802890;
14545 : 4868683;
14546 : 4868683;
14547 : 4934476;
14548 : 4013374;
14549 : 7368816;
14550 : 16777215;
14551 : 16777215;
14552 : 16777215;
14553 : 16777215;
14554 : 16777215;
14555 : 16777215;
14556 : 16777215;
14557 : 16777215;
14558 : 16777215;
14559 : 16777215;
14560 : 16777215;
14561 : 16777215;
14562 : 16777215;
14563 : 16777215;
14564 : 16777215;
14565 : 16777215;
14566 : 16777215;
14567 : 16777215;
14568 : 16777215;
14569 : 16777215;
14570 : 16777215;
14571 : 16777215;
14572 : 16777215;
14573 : 16777215;
14574 : 16777215;
14575 : 16777215;
14576 : 16777215;
14577 : 16777215;
14578 : 16777215;
14579 : 16777215;
14580 : 16777215;
14581 : 16777215;
14582 : 16777215;
14583 : 16777215;
14584 : 16777215;
14585 : 16777215;
14586 : 16777215;
14587 : 16777215;
14588 : 16777215;
14589 : 16777215;
14590 : 16777215;
14591 : 16777215;
14592 : 16777215;
14593 : 16777215;
14594 : 16777215;
14595 : 16777215;
14596 : 16777215;
14597 : 16777215;
14598 : 16777215;
14599 : 16777215;
14600 : 16777215;
14601 : 16777215;
14602 : 16777215;
14603 : 16777215;
14604 : 16777215;
14605 : 16777215;
14606 : 16777215;
14607 : 16777215;
14608 : 16777215;
14609 : 16777215;
14610 : 16777215;
14611 : 16777215;
14612 : 16777215;
14613 : 16777215;
14614 : 16777215;
14615 : 16777215;
14616 : 16777215;
14617 : 16777215;
14618 : 16777215;
14619 : 16777215;
14620 : 16777215;
14621 : 16777215;
14622 : 16777215;
14623 : 16777215;
14624 : 16777215;
14625 : 16777215;
14626 : 16777215;
14627 : 16777215;
14628 : 16777215;
14629 : 16777215;
14630 : 16777215;
14631 : 16777215;
14632 : 16777215;
14633 : 16777215;
14634 : 16777215;
14635 : 16777215;
14636 : 16777215;
14637 : 16777215;
14638 : 16777215;
14639 : 16777215;
14640 : 16777215;
14641 : 16777215;
14642 : 16777215;
14643 : 16777215;
14644 : 16777215;
14645 : 16777215;
14646 : 16777215;
14647 : 16777215;
14648 : 16777215;
14649 : 16777215;
14650 : 16777215;
14651 : 16777215;
14652 : 16777215;
14653 : 16777215;
14654 : 16777215;
14655 : 16777215;
14656 : 16777215;
14657 : 16777215;
14658 : 16777215;
14659 : 16777215;
14660 : 16777215;
14661 : 16777215;
14662 : 16777215;
14663 : 16777215;
14664 : 16777215;
14665 : 16777215;
14666 : 16777215;
14667 : 16777215;
14668 : 16777215;
14669 : 12829377;
14670 : 3750201;
14671 : 4934477;
14672 : 4868684;
14673 : 4868684;
14674 : 4868684;
14675 : 4868682;
14676 : 4868682;
14677 : 4013117;
14678 : 14606046;
14679 : 16777215;
14680 : 16777215;
14681 : 16777215;
14682 : 16777215;
14683 : 16777215;
14684 : 16777215;
14685 : 16777215;
14686 : 16777215;
14687 : 16777215;
14688 : 16777215;
14689 : 16777215;
14690 : 16777215;
14691 : 16777215;
14692 : 16777215;
14693 : 16777215;
14694 : 16777215;
14695 : 16777215;
14696 : 16777215;
14697 : 16777215;
14698 : 16777215;
14699 : 16777215;
14700 : 16777215;
14701 : 16777215;
14702 : 16777215;
14703 : 16777215;
14704 : 16777215;
14705 : 16777215;
14706 : 16777215;
14707 : 16777215;
14708 : 16777215;
14709 : 16777215;
14710 : 16777215;
14711 : 16777215;
14712 : 16777215;
14713 : 16777215;
14714 : 16777215;
14715 : 16777215;
14716 : 16777215;
14717 : 16777215;
14718 : 16777215;
14719 : 16777215;
14720 : 16777215;
14721 : 16777215;
14722 : 16777215;
14723 : 16777215;
14724 : 16777215;
14725 : 16777215;
14726 : 16777215;
14727 : 16777215;
14728 : 16777215;
14729 : 16777215;
14730 : 16777215;
14731 : 16777215;
14732 : 16777215;
14733 : 16777215;
14734 : 16777215;
14735 : 16777215;
14736 : 16777215;
14737 : 16777215;
14738 : 16777215;
14739 : 16777215;
14740 : 16777215;
14741 : 16777215;
14742 : 16777215;
14743 : 16777215;
14744 : 16777215;
14745 : 16777215;
14746 : 16777215;
14747 : 16777215;
14748 : 16777215;
14749 : 16777215;
14750 : 16777215;
14751 : 16777215;
14752 : 16777215;
14753 : 16777215;
14754 : 16777215;
14755 : 16777215;
14756 : 16777215;
14757 : 16777215;
14758 : 16777215;
14759 : 16777215;
14760 : 16777215;
14761 : 16777215;
14762 : 16777215;
14763 : 16777215;
14764 : 16777215;
14765 : 16777215;
14766 : 16777215;
14767 : 16777215;
14768 : 16777215;
14769 : 16777215;
14770 : 16777215;
14771 : 16777215;
14772 : 16777215;
14773 : 16777215;
14774 : 16777215;
14775 : 16777215;
14776 : 16777215;
14777 : 16777215;
14778 : 16777215;
14779 : 16777215;
14780 : 16777215;
14781 : 16777215;
14782 : 16777215;
14783 : 16777215;
14784 : 16777215;
14785 : 16777215;
14786 : 16777215;
14787 : 16777215;
14788 : 16777215;
14789 : 16777215;
14790 : 16777215;
14791 : 16777215;
14792 : 16777215;
14793 : 16777215;
14794 : 16777215;
14795 : 16777215;
14796 : 16777215;
14797 : 11184809;
14798 : 3815995;
14799 : 4934476;
14800 : 4868684;
14801 : 4868684;
14802 : 4868684;
14803 : 4868684;
14804 : 4934477;
14805 : 3881788;
14806 : 8355710;
14807 : 16777215;
14808 : 16777215;
14809 : 16777215;
14810 : 16777215;
14811 : 16777215;
14812 : 16777215;
14813 : 16777215;
14814 : 16777215;
14815 : 16777215;
14816 : 16777215;
14817 : 16777215;
14818 : 16777215;
14819 : 16777215;
14820 : 16777215;
14821 : 16777215;
14822 : 16777215;
14823 : 16777215;
14824 : 16777215;
14825 : 16777215;
14826 : 16777215;
14827 : 16777215;
14828 : 16777215;
14829 : 16777215;
14830 : 16777215;
14831 : 16777215;
14832 : 16777215;
14833 : 16777215;
14834 : 16777215;
14835 : 16777215;
14836 : 16777215;
14837 : 16777215;
14838 : 16777215;
14839 : 16777215;
14840 : 16777215;
14841 : 16777215;
14842 : 16777215;
14843 : 16777215;
14844 : 16777215;
14845 : 16777215;
14846 : 16777215;
14847 : 16777215;
14848 : 16777215;
14849 : 16777215;
14850 : 16777215;
14851 : 16777215;
14852 : 16777215;
14853 : 16777215;
14854 : 16777215;
14855 : 16777215;
14856 : 16777215;
14857 : 16777215;
14858 : 16777215;
14859 : 16777215;
14860 : 16777215;
14861 : 16777215;
14862 : 16777215;
14863 : 16777215;
14864 : 16777215;
14865 : 16777215;
14866 : 16777215;
14867 : 16777215;
14868 : 16777215;
14869 : 16777215;
14870 : 16777215;
14871 : 16777215;
14872 : 16777215;
14873 : 16777215;
14874 : 16777215;
14875 : 16777215;
14876 : 16777215;
14877 : 16777215;
14878 : 16777215;
14879 : 16777215;
14880 : 16777215;
14881 : 16777215;
14882 : 16777215;
14883 : 16777215;
14884 : 16777215;
14885 : 16777215;
14886 : 16777215;
14887 : 16777215;
14888 : 16777215;
14889 : 16777215;
14890 : 16777215;
14891 : 16777215;
14892 : 16777215;
14893 : 16777215;
14894 : 16777215;
14895 : 16777215;
14896 : 16777215;
14897 : 16777215;
14898 : 16777215;
14899 : 16777215;
14900 : 16777215;
14901 : 16777215;
14902 : 16777215;
14903 : 16777215;
14904 : 16777215;
14905 : 16777215;
14906 : 16777215;
14907 : 16777215;
14908 : 16777215;
14909 : 16777215;
14910 : 16777215;
14911 : 16777215;
14912 : 16777215;
14913 : 16777215;
14914 : 16777215;
14915 : 16777215;
14916 : 16777215;
14917 : 16777215;
14918 : 16777215;
14919 : 16777215;
14920 : 16777215;
14921 : 16777215;
14922 : 16777215;
14923 : 16777215;
14924 : 16777215;
14925 : 8553090;
14926 : 4079167;
14927 : 4868682;
14928 : 4868682;
14929 : 4868684;
14930 : 4868684;
14931 : 4868682;
14932 : 4868682;
14933 : 4802889;
14934 : 3881787;
14935 : 14342874;
14936 : 16777215;
14937 : 16777215;
14938 : 16777215;
14939 : 16777215;
14940 : 16777215;
14941 : 16777215;
14942 : 16777215;
14943 : 16777215;
14944 : 16777215;
14945 : 16777215;
14946 : 16777215;
14947 : 16777215;
14948 : 16777215;
14949 : 16777215;
14950 : 16777215;
14951 : 16777215;
14952 : 16777215;
14953 : 16777215;
14954 : 16777215;
14955 : 16777215;
14956 : 16777215;
14957 : 16777215;
14958 : 16777215;
14959 : 16777215;
14960 : 16777215;
14961 : 16777215;
14962 : 16777215;
14963 : 16777215;
14964 : 16777215;
14965 : 16777215;
14966 : 16777215;
14967 : 16777215;
14968 : 16777215;
14969 : 16777215;
14970 : 16777215;
14971 : 16777215;
14972 : 16777215;
14973 : 16777215;
14974 : 16777215;
14975 : 16777215;
14976 : 16777215;
14977 : 16777215;
14978 : 16777215;
14979 : 16777215;
14980 : 16777215;
14981 : 16777215;
14982 : 16777215;
14983 : 16777215;
14984 : 16777215;
14985 : 16777215;
14986 : 16777215;
14987 : 16777215;
14988 : 16777215;
14989 : 16777215;
14990 : 16777215;
14991 : 16777215;
14992 : 16777215;
14993 : 16777215;
14994 : 16777215;
14995 : 16777215;
14996 : 16777215;
14997 : 16777215;
14998 : 16777215;
14999 : 16777215;
15000 : 16777215;
15001 : 16777215;
15002 : 16777215;
15003 : 16777215;
15004 : 16777215;
15005 : 16777215;
15006 : 16777215;
15007 : 16777215;
15008 : 16777215;
15009 : 16777215;
15010 : 16777215;
15011 : 16777215;
15012 : 16777215;
15013 : 16777215;
15014 : 16777215;
15015 : 16777215;
15016 : 16777215;
15017 : 16777215;
15018 : 16777215;
15019 : 16777215;
15020 : 16777215;
15021 : 16777215;
15022 : 16777215;
15023 : 16777215;
15024 : 16777215;
15025 : 16777215;
15026 : 16777215;
15027 : 16777215;
15028 : 16777215;
15029 : 16777215;
15030 : 16777215;
15031 : 16777215;
15032 : 16777215;
15033 : 16777215;
15034 : 16777215;
15035 : 16777215;
15036 : 16777215;
15037 : 16777215;
15038 : 16777215;
15039 : 16777215;
15040 : 16777215;
15041 : 16777215;
15042 : 16777215;
15043 : 16777215;
15044 : 16777215;
15045 : 16777215;
15046 : 16777215;
15047 : 16777215;
15048 : 16777215;
15049 : 16777215;
15050 : 16777215;
15051 : 16777215;
15052 : 16053492;
15053 : 5065804;
15054 : 4671303;
15055 : 4868683;
15056 : 4868683;
15057 : 4868683;
15058 : 4868684;
15059 : 4868682;
15060 : 4868683;
15061 : 4934475;
15062 : 4144960;
15063 : 7303023;
15064 : 16579836;
15065 : 16777215;
15066 : 16777215;
15067 : 16777215;
15068 : 16777215;
15069 : 16777215;
15070 : 16777215;
15071 : 16777215;
15072 : 16777215;
15073 : 16777215;
15074 : 16777215;
15075 : 16777215;
15076 : 16777215;
15077 : 16777215;
15078 : 16777215;
15079 : 16777215;
15080 : 16777215;
15081 : 16777215;
15082 : 16777215;
15083 : 16777215;
15084 : 16777215;
15085 : 16777215;
15086 : 16777215;
15087 : 16777215;
15088 : 16777215;
15089 : 16777215;
15090 : 16777215;
15091 : 16777215;
15092 : 16777215;
15093 : 16777215;
15094 : 16777215;
15095 : 16777215;
15096 : 16777215;
15097 : 16777215;
15098 : 16777215;
15099 : 16777215;
15100 : 16777215;
15101 : 16777215;
15102 : 16777215;
15103 : 16777215;
15104 : 16777215;
15105 : 16777215;
15106 : 16777215;
15107 : 16777215;
15108 : 16777215;
15109 : 16777215;
15110 : 16777215;
15111 : 16777215;
15112 : 16777215;
15113 : 16777215;
15114 : 16777215;
15115 : 16777215;
15116 : 16777215;
15117 : 16777215;
15118 : 16777215;
15119 : 16777215;
15120 : 16777215;
15121 : 16777215;
15122 : 16777215;
15123 : 16777215;
15124 : 16777215;
15125 : 16777215;
15126 : 16777215;
15127 : 16777215;
15128 : 16777215;
15129 : 16777215;
15130 : 16777215;
15131 : 16777215;
15132 : 16777215;
15133 : 16777215;
15134 : 16777215;
15135 : 16777215;
15136 : 16777215;
15137 : 16777215;
15138 : 16777215;
15139 : 16777215;
15140 : 16777215;
15141 : 16777215;
15142 : 16777215;
15143 : 16777215;
15144 : 16777215;
15145 : 16777215;
15146 : 16777215;
15147 : 16777215;
15148 : 16777215;
15149 : 16777215;
15150 : 16777215;
15151 : 16777215;
15152 : 16777215;
15153 : 16777215;
15154 : 16777215;
15155 : 16777215;
15156 : 16777215;
15157 : 16777215;
15158 : 16777215;
15159 : 16777215;
15160 : 16777215;
15161 : 16777215;
15162 : 16777215;
15163 : 16777215;
15164 : 16777215;
15165 : 16777215;
15166 : 16777215;
15167 : 16777215;
15168 : 16777215;
15169 : 16777215;
15170 : 16777215;
15171 : 16777215;
15172 : 16777215;
15173 : 16777215;
15174 : 16777215;
15175 : 16777215;
15176 : 16777215;
15177 : 16777215;
15178 : 16777215;
15179 : 16777215;
15180 : 12237498;
15181 : 3684152;
15182 : 4934475;
15183 : 4868683;
15184 : 4868684;
15185 : 4868683;
15186 : 4868684;
15187 : 4868682;
15188 : 4868683;
15189 : 4868683;
15190 : 4934476;
15191 : 3618616;
15192 : 13619150;
15193 : 16777215;
15194 : 16777215;
15195 : 16777215;
15196 : 16777215;
15197 : 16777215;
15198 : 16777215;
15199 : 16777215;
15200 : 16777215;
15201 : 16777215;
15202 : 16777215;
15203 : 16777215;
15204 : 16777215;
15205 : 16777215;
15206 : 16777215;
15207 : 16777215;
15208 : 16777215;
15209 : 16777215;
15210 : 16777215;
15211 : 16777215;
15212 : 16777215;
15213 : 16777215;
15214 : 16777215;
15215 : 16777215;
15216 : 16777215;
15217 : 16777215;
15218 : 16777215;
15219 : 16777215;
15220 : 16777215;
15221 : 16777215;
15222 : 16777215;
15223 : 16777215;
15224 : 16777215;
15225 : 16777215;
15226 : 16777215;
15227 : 16777215;
15228 : 16777215;
15229 : 16777215;
15230 : 16777215;
15231 : 16777215;
15232 : 16777215;
15233 : 16777215;
15234 : 16777215;
15235 : 16777215;
15236 : 16777215;
15237 : 16777215;
15238 : 16777215;
15239 : 16777215;
15240 : 16777215;
15241 : 16777215;
15242 : 16777215;
15243 : 16777215;
15244 : 16777215;
15245 : 16777215;
15246 : 16777215;
15247 : 16777215;
15248 : 16777215;
15249 : 16777215;
15250 : 16777215;
15251 : 16777215;
15252 : 16777215;
15253 : 16777215;
15254 : 16777215;
15255 : 16777215;
15256 : 16777215;
15257 : 16777215;
15258 : 16777215;
15259 : 16777215;
15260 : 16777215;
15261 : 16777215;
15262 : 16777215;
15263 : 16777215;
15264 : 16777215;
15265 : 16777215;
15266 : 16777215;
15267 : 16777215;
15268 : 16777215;
15269 : 16777215;
15270 : 16777215;
15271 : 16777215;
15272 : 16777215;
15273 : 16777215;
15274 : 16777215;
15275 : 16777215;
15276 : 16777215;
15277 : 16777215;
15278 : 16777215;
15279 : 16777215;
15280 : 16777215;
15281 : 16777215;
15282 : 16777215;
15283 : 16777215;
15284 : 16777215;
15285 : 16777215;
15286 : 16777215;
15287 : 16777215;
15288 : 16777215;
15289 : 16777215;
15290 : 16777215;
15291 : 16777215;
15292 : 16777215;
15293 : 16777215;
15294 : 16777215;
15295 : 16777215;
15296 : 16777215;
15297 : 16777215;
15298 : 16777215;
15299 : 16777215;
15300 : 16777215;
15301 : 16777215;
15302 : 16777215;
15303 : 16777215;
15304 : 16777215;
15305 : 16777215;
15306 : 16777215;
15307 : 16777215;
15308 : 8487297;
15309 : 4079168;
15310 : 4934476;
15311 : 3947580;
15312 : 4671304;
15313 : 4868684;
15314 : 4868684;
15315 : 3618615;
15316 : 4737097;
15317 : 4934477;
15318 : 5000270;
15319 : 3618616;
15320 : 11908533;
15321 : 16777215;
15322 : 16777215;
15323 : 16777215;
15324 : 16777215;
15325 : 16777215;
15326 : 16777215;
15327 : 16777215;
15328 : 16777215;
15329 : 16777215;
15330 : 16777215;
15331 : 16777215;
15332 : 16777215;
15333 : 16777215;
15334 : 16777215;
15335 : 16777215;
15336 : 16777215;
15337 : 16777215;
15338 : 16777215;
15339 : 16777215;
15340 : 16777215;
15341 : 16777215;
15342 : 16777215;
15343 : 16777215;
15344 : 16777215;
15345 : 16777215;
15346 : 16777215;
15347 : 16777215;
15348 : 16777215;
15349 : 16777215;
15350 : 16777215;
15351 : 16777215;
15352 : 16777215;
15353 : 16777215;
15354 : 16777215;
15355 : 16777215;
15356 : 16777215;
15357 : 16777215;
15358 : 16777215;
15359 : 16777215;
15360 : 16777215;
15361 : 16777215;
15362 : 16777215;
15363 : 16777215;
15364 : 16777215;
15365 : 16777215;
15366 : 16777215;
15367 : 16777215;
15368 : 16777215;
15369 : 16777215;
15370 : 16777215;
15371 : 16777215;
15372 : 16777215;
15373 : 16777215;
15374 : 16777215;
15375 : 16777215;
15376 : 16777215;
15377 : 16777215;
15378 : 16777215;
15379 : 16777215;
15380 : 16777215;
15381 : 16777215;
15382 : 16777215;
15383 : 16777215;
15384 : 16777215;
15385 : 16777215;
15386 : 16777215;
15387 : 16777215;
15388 : 16777215;
15389 : 16777215;
15390 : 16777215;
15391 : 16777215;
15392 : 16777215;
15393 : 16777215;
15394 : 16777215;
15395 : 16777215;
15396 : 16777215;
15397 : 16777215;
15398 : 16777215;
15399 : 16777215;
15400 : 16777215;
15401 : 16777215;
15402 : 16777215;
15403 : 16777215;
15404 : 16777215;
15405 : 16777215;
15406 : 16777215;
15407 : 16777215;
15408 : 16777215;
15409 : 16777215;
15410 : 16777215;
15411 : 16777215;
15412 : 16777215;
15413 : 16777215;
15414 : 16777215;
15415 : 16777215;
15416 : 16777215;
15417 : 16777215;
15418 : 16777215;
15419 : 16777215;
15420 : 16777215;
15421 : 16777215;
15422 : 16777215;
15423 : 16777215;
15424 : 16777215;
15425 : 16777215;
15426 : 16777215;
15427 : 16777215;
15428 : 16777215;
15429 : 16777215;
15430 : 16777215;
15431 : 16777215;
15432 : 16777215;
15433 : 16777215;
15434 : 16777215;
15435 : 16777215;
15436 : 7566195;
15437 : 4144961;
15438 : 4802891;
15439 : 2960428;
15440 : 4737097;
15441 : 4868684;
15442 : 4934477;
15443 : 3355443;
15444 : 4539719;
15445 : 4342340;
15446 : 4276545;
15447 : 3947580;
15448 : 14145495;
15449 : 16777215;
15450 : 16777215;
15451 : 16777215;
15452 : 16777215;
15453 : 16777215;
15454 : 16777215;
15455 : 16777215;
15456 : 16777215;
15457 : 16777215;
15458 : 16777215;
15459 : 16777215;
15460 : 16777215;
15461 : 16777215;
15462 : 16777215;
15463 : 16777215;
15464 : 16777215;
15465 : 16777215;
15466 : 16777215;
15467 : 16777215;
15468 : 16777215;
15469 : 16777215;
15470 : 16777215;
15471 : 16777215;
15472 : 16777215;
15473 : 16777215;
15474 : 16777215;
15475 : 16777215;
15476 : 16777215;
15477 : 16777215;
15478 : 16777215;
15479 : 16777215;
15480 : 16777215;
15481 : 16777215;
15482 : 16777215;
15483 : 16777215;
15484 : 16777215;
15485 : 16777215;
15486 : 16777215;
15487 : 16777215;
15488 : 16777215;
15489 : 16777215;
15490 : 16777215;
15491 : 16777215;
15492 : 16777215;
15493 : 16777215;
15494 : 16777215;
15495 : 16777215;
15496 : 16777215;
15497 : 16777215;
15498 : 16777215;
15499 : 16777215;
15500 : 16777215;
15501 : 16777215;
15502 : 16777215;
15503 : 16777215;
15504 : 16777215;
15505 : 16777215;
15506 : 16777215;
15507 : 16777215;
15508 : 16777215;
15509 : 16777215;
15510 : 16777215;
15511 : 16777215;
15512 : 16777215;
15513 : 16777215;
15514 : 16777215;
15515 : 16777215;
15516 : 16777215;
15517 : 16777215;
15518 : 16777215;
15519 : 16777215;
15520 : 16777215;
15521 : 16777215;
15522 : 16777215;
15523 : 16777215;
15524 : 16777215;
15525 : 16777215;
15526 : 16777215;
15527 : 16777215;
15528 : 16777215;
15529 : 16777215;
15530 : 16777215;
15531 : 16777215;
15532 : 16777215;
15533 : 16777215;
15534 : 16777215;
15535 : 16777215;
15536 : 16777215;
15537 : 16777215;
15538 : 16777215;
15539 : 16777215;
15540 : 16777215;
15541 : 16777215;
15542 : 16777215;
15543 : 16777215;
15544 : 16777215;
15545 : 16777215;
15546 : 16777215;
15547 : 16777215;
15548 : 16777215;
15549 : 16777215;
15550 : 16777215;
15551 : 16777215;
15552 : 16777215;
15553 : 16777215;
15554 : 16777215;
15555 : 16777215;
15556 : 16777215;
15557 : 16777215;
15558 : 16777215;
15559 : 16777215;
15560 : 16777215;
15561 : 16777215;
15562 : 16777215;
15563 : 16777215;
15564 : 10856102;
15565 : 3683894;
15566 : 4408132;
15567 : 3355186;
15568 : 4934475;
15569 : 4802890;
15570 : 4868683;
15571 : 4539717;
15572 : 4473925;
15573 : 5328718;
15574 : 4867909;
15575 : 7368816;
15576 : 16777215;
15577 : 16777215;
15578 : 16777215;
15579 : 16777215;
15580 : 16777215;
15581 : 16777215;
15582 : 16777215;
15583 : 16777215;
15584 : 16777215;
15585 : 16777215;
15586 : 16777215;
15587 : 16777215;
15588 : 16777215;
15589 : 16777215;
15590 : 16777215;
15591 : 16777215;
15592 : 16777215;
15593 : 16777215;
15594 : 16777215;
15595 : 16777215;
15596 : 16777215;
15597 : 16777215;
15598 : 16777215;
15599 : 16777215;
15600 : 16777215;
15601 : 16777215;
15602 : 16777215;
15603 : 16777215;
15604 : 16777215;
15605 : 16777215;
15606 : 16777215;
15607 : 16777215;
15608 : 16777215;
15609 : 16777215;
15610 : 16777215;
15611 : 16777215;
15612 : 16777215;
15613 : 16777215;
15614 : 16777215;
15615 : 16777215;
15616 : 16777215;
15617 : 16777215;
15618 : 16777215;
15619 : 16777215;
15620 : 16777215;
15621 : 16777215;
15622 : 16777215;
15623 : 16777215;
15624 : 16777215;
15625 : 16777215;
15626 : 16777215;
15627 : 16777215;
15628 : 16777215;
15629 : 16777215;
15630 : 16777215;
15631 : 16777215;
15632 : 16777215;
15633 : 16777215;
15634 : 16777215;
15635 : 16777215;
15636 : 16777215;
15637 : 16777215;
15638 : 16777215;
15639 : 16777215;
15640 : 16777215;
15641 : 16777215;
15642 : 16777215;
15643 : 16777215;
15644 : 16777215;
15645 : 16777215;
15646 : 16777215;
15647 : 16777215;
15648 : 16777215;
15649 : 16777215;
15650 : 16777215;
15651 : 16777215;
15652 : 16777215;
15653 : 16777215;
15654 : 16777215;
15655 : 16777215;
15656 : 16777215;
15657 : 16777215;
15658 : 16777215;
15659 : 16777215;
15660 : 16777215;
15661 : 16777215;
15662 : 16777215;
15663 : 16777215;
15664 : 16777215;
15665 : 16777215;
15666 : 16777215;
15667 : 16777215;
15668 : 16777215;
15669 : 16777215;
15670 : 16777215;
15671 : 16777215;
15672 : 16777215;
15673 : 16777215;
15674 : 16777215;
15675 : 16777215;
15676 : 16777215;
15677 : 16777215;
15678 : 16777215;
15679 : 16777215;
15680 : 16777215;
15681 : 16777215;
15682 : 16777215;
15683 : 16777215;
15684 : 16777215;
15685 : 16777215;
15686 : 16777215;
15687 : 16777215;
15688 : 16777215;
15689 : 16777215;
15690 : 16777215;
15691 : 16777215;
15692 : 14671839;
15693 : 7696751;
15694 : 6710113;
15695 : 2171169;
15696 : 4737097;
15697 : 4210494;
15698 : 4078652;
15699 : 4671304;
15700 : 3223601;
15701 : 8157301;
15702 : 7828337;
15703 : 12895428;
15704 : 16777215;
15705 : 16777215;
15706 : 16777215;
15707 : 16777215;
15708 : 16777215;
15709 : 16777215;
15710 : 16777215;
15711 : 16777215;
15712 : 16777215;
15713 : 16777215;
15714 : 16777215;
15715 : 16777215;
15716 : 16777215;
15717 : 16777215;
15718 : 16777215;
15719 : 16777215;
15720 : 16777215;
15721 : 16777215;
15722 : 16777215;
15723 : 16777215;
15724 : 16777215;
15725 : 16777215;
15726 : 16777215;
15727 : 16777215;
15728 : 16777215;
15729 : 16777215;
15730 : 16777215;
15731 : 16777215;
15732 : 16777215;
15733 : 16777215;
15734 : 16777215;
15735 : 16777215;
15736 : 16777215;
15737 : 16777215;
15738 : 16777215;
15739 : 16777215;
15740 : 16777215;
15741 : 16777215;
15742 : 16777215;
15743 : 16777215;
15744 : 16777215;
15745 : 16777215;
15746 : 16777215;
15747 : 16777215;
15748 : 16777215;
15749 : 16777215;
15750 : 16777215;
15751 : 16777215;
15752 : 16777215;
15753 : 16777215;
15754 : 16777215;
15755 : 16777215;
15756 : 16777215;
15757 : 16777215;
15758 : 16777215;
15759 : 16777215;
15760 : 16777215;
15761 : 16777215;
15762 : 16777215;
15763 : 16777215;
15764 : 16777215;
15765 : 16777215;
15766 : 16777215;
15767 : 16777215;
15768 : 16777215;
15769 : 16777215;
15770 : 16777215;
15771 : 16777215;
15772 : 16777215;
15773 : 16777215;
15774 : 16777215;
15775 : 16777215;
15776 : 16777215;
15777 : 16777215;
15778 : 16777215;
15779 : 16777215;
15780 : 16777215;
15781 : 16777215;
15782 : 16777215;
15783 : 16777215;
15784 : 16777215;
15785 : 16777215;
15786 : 16777215;
15787 : 16777215;
15788 : 16777215;
15789 : 16777215;
15790 : 16777215;
15791 : 16777215;
15792 : 16777215;
15793 : 16777215;
15794 : 16777215;
15795 : 16777215;
15796 : 16777215;
15797 : 16777215;
15798 : 16777215;
15799 : 16777215;
15800 : 16777215;
15801 : 16777215;
15802 : 16777215;
15803 : 16777215;
15804 : 16777215;
15805 : 16777215;
15806 : 16777215;
15807 : 16777215;
15808 : 16777215;
15809 : 16777215;
15810 : 16777215;
15811 : 16777215;
15812 : 16777215;
15813 : 16777215;
15814 : 16777215;
15815 : 16777215;
15816 : 16777215;
15817 : 16777215;
15818 : 16777215;
15819 : 16777215;
15820 : 16119029;
15821 : 8223352;
15822 : 8486009;
15823 : 5526354;
15824 : 3750200;
15825 : 8683388;
15826 : 8025715;
15827 : 2960685;
15828 : 4671302;
15829 : 8354681;
15830 : 8617596;
15831 : 14539996;
15832 : 16777215;
15833 : 16777215;
15834 : 16777215;
15835 : 16777215;
15836 : 16777215;
15837 : 16777215;
15838 : 16777215;
15839 : 16777215;
15840 : 16777215;
15841 : 16777215;
15842 : 16777215;
15843 : 16777215;
15844 : 16777215;
15845 : 16777215;
15846 : 16777215;
15847 : 16777215;
15848 : 16777215;
15849 : 16777215;
15850 : 16777215;
15851 : 16777215;
15852 : 16777215;
15853 : 16777215;
15854 : 16777215;
15855 : 16777215;
15856 : 16777215;
15857 : 16777215;
15858 : 16777215;
15859 : 16777215;
15860 : 16777215;
15861 : 16777215;
15862 : 16777215;
15863 : 16777215;
15864 : 16777215;
15865 : 16777215;
15866 : 16777215;
15867 : 16777215;
15868 : 16777215;
15869 : 16777215;
15870 : 16777215;
15871 : 16777215;
15872 : 16777215;
15873 : 16777215;
15874 : 16777215;
15875 : 16777215;
15876 : 16777215;
15877 : 16777215;
15878 : 16777215;
15879 : 16777215;
15880 : 16777215;
15881 : 16777215;
15882 : 16777215;
15883 : 16777215;
15884 : 16777215;
15885 : 16777215;
15886 : 16777215;
15887 : 16777215;
15888 : 16777215;
15889 : 16777215;
15890 : 16777215;
15891 : 16777215;
15892 : 16777215;
15893 : 16777215;
15894 : 16777215;
15895 : 16777215;
15896 : 16777215;
15897 : 16777215;
15898 : 16777215;
15899 : 16777215;
15900 : 16777215;
15901 : 16777215;
15902 : 16777215;
15903 : 16777215;
15904 : 16777215;
15905 : 16777215;
15906 : 16777215;
15907 : 16777215;
15908 : 16777215;
15909 : 16777215;
15910 : 16777215;
15911 : 16777215;
15912 : 16777215;
15913 : 16777215;
15914 : 16777215;
15915 : 16777215;
15916 : 16777215;
15917 : 16777215;
15918 : 16777215;
15919 : 16777215;
15920 : 16777215;
15921 : 16777215;
15922 : 16777215;
15923 : 16777215;
15924 : 16777215;
15925 : 16777215;
15926 : 16777215;
15927 : 16777215;
15928 : 16777215;
15929 : 16777215;
15930 : 16777215;
15931 : 16777215;
15932 : 16777215;
15933 : 16777215;
15934 : 16777215;
15935 : 16777215;
15936 : 16777215;
15937 : 16777215;
15938 : 16777215;
15939 : 16777215;
15940 : 16777215;
15941 : 16777215;
15942 : 16777215;
15943 : 16777215;
15944 : 16777215;
15945 : 16777215;
15946 : 16777215;
15947 : 16777215;
15948 : 16777215;
15949 : 10789538;
15950 : 5591632;
15951 : 14671839;
15952 : 9539984;
15953 : 8683388;
15954 : 9538696;
15955 : 8421246;
15956 : 15921906;
15957 : 8684161;
15958 : 7894386;
15959 : 15987699;
15960 : 16777215;
15961 : 16777215;
15962 : 16777215;
15963 : 16777215;
15964 : 16777215;
15965 : 16777215;
15966 : 16777215;
15967 : 16777215;
15968 : 16777215;
15969 : 16777215;
15970 : 16777215;
15971 : 16777215;
15972 : 16777215;
15973 : 16777215;
15974 : 16777215;
15975 : 16777215;
15976 : 16777215;
15977 : 16777215;
15978 : 16777215;
15979 : 16777215;
15980 : 16777215;
15981 : 16777215;
15982 : 16777215;
15983 : 16777215;
15984 : 16777215;
15985 : 16777215;
15986 : 16777215;
15987 : 16777215;
15988 : 16777215;
15989 : 16777215;
15990 : 16777215;
15991 : 16777215;
15992 : 16777215;
15993 : 16777215;
15994 : 16777215;
15995 : 16777215;
15996 : 16777215;
15997 : 16777215;
15998 : 16777215;
15999 : 16777215;
16000 : 16777215;
16001 : 16777215;
16002 : 16777215;
16003 : 16777215;
16004 : 16777215;
16005 : 16777215;
16006 : 16777215;
16007 : 16777215;
16008 : 16777215;
16009 : 16777215;
16010 : 16777215;
16011 : 16777215;
16012 : 16777215;
16013 : 16777215;
16014 : 16777215;
16015 : 16777215;
16016 : 16777215;
16017 : 16777215;
16018 : 16777215;
16019 : 16777215;
16020 : 16777215;
16021 : 16777215;
16022 : 16777215;
16023 : 16777215;
16024 : 16777215;
16025 : 16777215;
16026 : 16777215;
16027 : 16777215;
16028 : 16777215;
16029 : 16777215;
16030 : 16777215;
16031 : 16777215;
16032 : 16777215;
16033 : 16777215;
16034 : 16777215;
16035 : 16777215;
16036 : 16777215;
16037 : 16777215;
16038 : 16777215;
16039 : 16777215;
16040 : 16777215;
16041 : 16777215;
16042 : 16777215;
16043 : 16777215;
16044 : 16777215;
16045 : 16777215;
16046 : 16777215;
16047 : 16777215;
16048 : 16777215;
16049 : 16777215;
16050 : 16777215;
16051 : 16777215;
16052 : 16777215;
16053 : 16777215;
16054 : 16777215;
16055 : 16777215;
16056 : 16777215;
16057 : 16777215;
16058 : 16777215;
16059 : 16777215;
16060 : 16777215;
16061 : 16777215;
16062 : 16777215;
16063 : 16777215;
16064 : 16777215;
16065 : 16777215;
16066 : 16777215;
16067 : 16777215;
16068 : 16777215;
16069 : 16777215;
16070 : 16777215;
16071 : 16777215;
16072 : 16777215;
16073 : 16777215;
16074 : 16777215;
16075 : 16777215;
16076 : 16777215;
16077 : 16250871;
16078 : 11513775;
16079 : 16448250;
16080 : 15461355;
16081 : 7697008;
16082 : 8222837;
16083 : 12961220;
16084 : 16777215;
16085 : 14079446;
16086 : 10855845;
16087 : 16777215;
16088 : 16777215;
16089 : 16777215;
16090 : 16777215;
16091 : 16777215;
16092 : 16777215;
16093 : 16777215;
16094 : 16777215;
16095 : 16777215;
16096 : 16777215;
16097 : 16777215;
16098 : 16777215;
16099 : 16777215;
16100 : 16777215;
16101 : 16777215;
16102 : 16777215;
16103 : 16777215;
16104 : 16777215;
16105 : 16777215;
16106 : 16777215;
16107 : 16777215;
16108 : 16777215;
16109 : 16777215;
16110 : 16777215;
16111 : 16777215;
16112 : 16777215;
16113 : 16777215;
16114 : 16777215;
16115 : 16777215;
16116 : 16777215;
16117 : 16777215;
16118 : 16777215;
16119 : 16777215;
16120 : 16777215;
16121 : 16777215;
16122 : 16777215;
16123 : 16777215;
16124 : 16777215;
16125 : 16777215;
16126 : 16777215;
16127 : 16777215;
16128 : 16777215;
16129 : 16777215;
16130 : 16777215;
16131 : 16777215;
16132 : 16777215;
16133 : 16777215;
16134 : 16777215;
16135 : 16777215;
16136 : 16777215;
16137 : 16777215;
16138 : 16777215;
16139 : 16777215;
16140 : 16777215;
16141 : 16777215;
16142 : 16777215;
16143 : 16777215;
16144 : 16777215;
16145 : 16777215;
16146 : 16777215;
16147 : 16777215;
16148 : 16777215;
16149 : 16777215;
16150 : 16777215;
16151 : 16777215;
16152 : 16777215;
16153 : 16777215;
16154 : 16777215;
16155 : 16777215;
16156 : 16777215;
16157 : 16777215;
16158 : 16777215;
16159 : 16777215;
16160 : 16777215;
16161 : 16777215;
16162 : 16777215;
16163 : 16777215;
16164 : 16777215;
16165 : 16777215;
16166 : 16777215;
16167 : 16777215;
16168 : 16777215;
16169 : 16777215;
16170 : 16777215;
16171 : 16777215;
16172 : 16777215;
16173 : 16777215;
16174 : 16777215;
16175 : 16777215;
16176 : 16777215;
16177 : 16777215;
16178 : 16777215;
16179 : 16777215;
16180 : 16777215;
16181 : 16777215;
16182 : 16777215;
16183 : 16777215;
16184 : 16777215;
16185 : 16777215;
16186 : 16777215;
16187 : 16777215;
16188 : 16777215;
16189 : 16777215;
16190 : 16777215;
16191 : 16777215;
16192 : 16777215;
16193 : 16777215;
16194 : 16777215;
16195 : 16777215;
16196 : 16777215;
16197 : 16777215;
16198 : 16777215;
16199 : 16777215;
16200 : 16777215;
16201 : 16777215;
16202 : 16777215;
16203 : 16777215;
16204 : 16777215;
16205 : 16777215;
16206 : 16777215;
16207 : 16777215;
16208 : 16777215;
16209 : 13816274;
16210 : 6315869;
16211 : 14671839;
16212 : 16777215;
16213 : 16777215;
16214 : 16777215;
16215 : 16777215;
16216 : 16777215;
16217 : 16777215;
16218 : 16777215;
16219 : 16777215;
16220 : 16777215;
16221 : 16777215;
16222 : 16777215;
16223 : 16777215;
16224 : 16777215;
16225 : 16777215;
16226 : 16777215;
16227 : 16777215;
16228 : 16777215;
16229 : 16777215;
16230 : 16777215;
16231 : 16777215;
16232 : 16777215;
16233 : 16777215;
16234 : 16777215;
16235 : 16777215;
16236 : 16777215;
16237 : 16777215;
16238 : 16777215;
16239 : 16777215;
16240 : 16777215;
16241 : 16777215;
16242 : 16777215;
16243 : 16777215;
16244 : 16777215;
16245 : 16777215;
16246 : 16777215;
16247 : 16777215;
16248 : 16777215;
16249 : 16777215;
16250 : 16777215;
16251 : 16777215;
16252 : 16777215;
16253 : 16777215;
16254 : 16777215;
16255 : 16777215;
16256 : 16777215;
16257 : 16777215;
16258 : 16777215;
16259 : 16777215;
16260 : 16777215;
16261 : 16777215;
16262 : 16777215;
16263 : 16777215;
16264 : 16777215;
16265 : 16777215;
16266 : 16777215;
16267 : 16777215;
16268 : 16777215;
16269 : 16777215;
16270 : 16777215;
16271 : 16777215;
16272 : 16777215;
16273 : 16777215;
16274 : 16777215;
16275 : 16777215;
16276 : 16777215;
16277 : 16777215;
16278 : 16777215;
16279 : 16777215;
16280 : 16777215;
16281 : 16777215;
16282 : 16777215;
16283 : 16777215;
16284 : 16777215;
16285 : 16777215;
16286 : 16777215;
16287 : 16777215;
16288 : 16777215;
16289 : 16777215;
16290 : 16777215;
16291 : 16777215;
16292 : 16777215;
16293 : 16777215;
16294 : 16777215;
16295 : 16777215;
16296 : 16777215;
16297 : 16777215;
16298 : 16777215;
16299 : 16777215;
16300 : 16777215;
16301 : 16777215;
16302 : 16777215;
16303 : 16777215;
16304 : 16777215;
16305 : 16777215;
16306 : 16777215;
16307 : 16777215;
16308 : 16777215;
16309 : 16777215;
16310 : 16777215;
16311 : 16777215;
16312 : 16777215;
16313 : 16777215;
16314 : 16777215;
16315 : 16777215;
16316 : 16777215;
16317 : 16777215;
16318 : 16777215;
16319 : 16777215;
16320 : 16777215;
16321 : 16777215;
16322 : 16777215;
16323 : 16777215;
16324 : 16777215;
16325 : 16777215;
16326 : 16777215;
16327 : 16777215;
16328 : 16777215;
16329 : 16777215;
16330 : 16777215;
16331 : 16777215;
16332 : 16777215;
16333 : 16777215;
16334 : 16777215;
16335 : 16777215;
16336 : 16777215;
16337 : 16777215;
16338 : 15856113;
16339 : 16579836;
16340 : 16777215;
16341 : 16777215;
16342 : 16777215;
16343 : 16777215;
16344 : 16777215;
16345 : 16777215;
16346 : 16777215;
16347 : 16777215;
16348 : 16777215;
16349 : 16777215;
16350 : 16777215;
16351 : 16777215;
16352 : 16777215;
16353 : 16777215;
16354 : 16777215;
16355 : 16777215;
16356 : 16777215;
16357 : 16777215;
16358 : 16777215;
16359 : 16777215;
16360 : 16777215;
16361 : 16777215;
16362 : 16777215;
16363 : 16777215;
16364 : 16777215;
16365 : 16777215;
16366 : 16777215;
16367 : 16777215;
16368 : 16777215;
16369 : 16777215;
16370 : 16777215;
16371 : 16777215;
16372 : 16777215;
16373 : 16777215;
16374 : 16777215;
16375 : 16777215;
16376 : 16777215;
16377 : 16777215;
16378 : 16777215;
16379 : 16777215;
16380 : 16777215;
16381 : 16777215;
16382 : 16777215;
16383 : 16777215;
END;
