Analysis & Synthesis report for VGA
Thu May  7 00:06:51 2026
Quartus Prime Version 25.1std.0 Build 1129 10/21/2025 SC Lite Edition


---------------------
; Table of Contents ;
---------------------
  1. Legal Notice
  2. Analysis & Synthesis Summary
  3. Analysis & Synthesis Settings
  4. Parallel Compilation
  5. Analysis & Synthesis Source Files Read
  6. Analysis & Synthesis Resource Usage Summary
  7. Analysis & Synthesis Resource Utilization by Entity
  8. Analysis & Synthesis RAM Summary
  9. Analysis & Synthesis IP Cores Summary
 10. Registers Removed During Synthesis
 11. General Register Statistics
 12. Inverted Register Statistics
 13. Multiplexer Restructuring Statistics (Restructuring Performed)
 14. Source assignments for pixel_generate:COLOR_BLOCK|LEAFEON_OB_ROM:LEAFEON_ROM|altsyncram:altsyncram_component|altsyncram_0134:auto_generated
 15. Parameter Settings for User Entity Instance: move_controller:MOVE_CONT
 16. Parameter Settings for User Entity Instance: move_controller:MOVE_CONT|contador_uni:REFRESH_C
 17. Parameter Settings for User Entity Instance: move_controller:MOVE_CONT|bitn_fullAdder:POS_X_SUM
 18. Parameter Settings for User Entity Instance: move_controller:MOVE_CONT|bitn_fullAdder:POS_Y_SUM
 19. Parameter Settings for User Entity Instance: PLL_40MHz:CLOCK_BLOCK|PLL_40MHz_0002:pll_40mhz_inst|altera_pll:altera_pll_i
 20. Parameter Settings for User Entity Instance: image_sync:SYNC_BLOCK|contador_uni:H_COUNTER
 21. Parameter Settings for User Entity Instance: image_sync:SYNC_BLOCK|contador_uni:V_COUNTER
 22. Parameter Settings for User Entity Instance: pixel_generate:COLOR_BLOCK|LEAFEON_OB_ROM:LEAFEON_ROM|altsyncram:altsyncram_component
 23. altsyncram Parameter Settings by Entity Instance
 24. Port Connectivity Checks: "image_sync:SYNC_BLOCK|contador_uni:V_COUNTER"
 25. Port Connectivity Checks: "image_sync:SYNC_BLOCK|contador_uni:H_COUNTER"
 26. Port Connectivity Checks: "move_controller:MOVE_CONT|bitn_fullAdder:POS_Y_SUM"
 27. Port Connectivity Checks: "move_controller:MOVE_CONT|bitn_fullAdder:POS_X_SUM"
 28. Port Connectivity Checks: "move_controller:MOVE_CONT|contador_uni:REFRESH_C"
 29. Post-Synthesis Netlist Statistics for Top Partition
 30. Elapsed Time Per Partition
 31. Analysis & Synthesis Messages



----------------
; Legal Notice ;
----------------
Copyright (C) 2025  Altera Corporation. All rights reserved.
Your use of Altera Corporation's design tools, logic functions 
and other software and tools, and any partner logic 
functions, and any output files from any of the foregoing 
(including device programming or simulation files), and any 
associated documentation or information are expressly subject 
to the terms and conditions of the Altera Program License 
Subscription Agreement, the Altera Quartus Prime License Agreement,
the Altera IP License Agreement, or other applicable license
agreement, including, without limitation, that your use is for
the sole purpose of programming logic devices manufactured by
Altera and sold by Altera or its authorized distributors.  Please
refer to the Altera Software License Subscription Agreements 
on the Quartus Prime software download page.



+-----------------------------------------------------------------------------------+
; Analysis & Synthesis Summary                                                      ;
+---------------------------------+-------------------------------------------------+
; Analysis & Synthesis Status     ; Successful - Thu May  7 00:06:51 2026           ;
; Quartus Prime Version           ; 25.1std.0 Build 1129 10/21/2025 SC Lite Edition ;
; Revision Name                   ; VGA                                             ;
; Top-level Entity Name           ; VGA                                             ;
; Family                          ; Cyclone V                                       ;
; Logic utilization (in ALMs)     ; N/A                                             ;
; Total registers                 ; 257                                             ;
; Total pins                      ; 33                                              ;
; Total virtual pins              ; 0                                               ;
; Total block memory bits         ; 393,216                                         ;
; Total DSP Blocks                ; 0                                               ;
; Total HSSI RX PCSs              ; 0                                               ;
; Total HSSI PMA RX Deserializers ; 0                                               ;
; Total HSSI TX PCSs              ; 0                                               ;
; Total HSSI PMA TX Serializers   ; 0                                               ;
; Total PLLs                      ; 1                                               ;
; Total DLLs                      ; 0                                               ;
+---------------------------------+-------------------------------------------------+


+---------------------------------------------------------------------------------------------------------------------------+
; Analysis & Synthesis Settings                                                                                             ;
+---------------------------------------------------------------------------------+--------------------+--------------------+
; Option                                                                          ; Setting            ; Default Value      ;
+---------------------------------------------------------------------------------+--------------------+--------------------+
; Device                                                                          ; 5CSEMA5F31C6       ;                    ;
; Top-level entity name                                                           ; VGA                ; VGA                ;
; Family name                                                                     ; Cyclone V          ; Cyclone V          ;
; Use smart compilation                                                           ; Off                ; Off                ;
; Enable parallel Assembler and Timing Analyzer during compilation                ; On                 ; On                 ;
; Enable compact report table                                                     ; Off                ; Off                ;
; Restructure Multiplexers                                                        ; Auto               ; Auto               ;
; MLAB Add Timing Constraints For Mixed-Port Feed-Through Mode Setting Don't Care ; Off                ; Off                ;
; Create Debugging Nodes for IP Cores                                             ; Off                ; Off                ;
; Preserve fewer node names                                                       ; On                 ; On                 ;
; Intel FPGA IP Evaluation Mode                                                   ; Enable             ; Enable             ;
; Verilog Version                                                                 ; Verilog_2001       ; Verilog_2001       ;
; VHDL Version                                                                    ; VHDL_1993          ; VHDL_1993          ;
; State Machine Processing                                                        ; Auto               ; Auto               ;
; Safe State Machine                                                              ; Off                ; Off                ;
; Extract Verilog State Machines                                                  ; On                 ; On                 ;
; Extract VHDL State Machines                                                     ; On                 ; On                 ;
; Ignore Verilog initial constructs                                               ; Off                ; Off                ;
; Iteration limit for constant Verilog loops                                      ; 5000               ; 5000               ;
; Iteration limit for non-constant Verilog loops                                  ; 250                ; 250                ;
; Add Pass-Through Logic to Inferred RAMs                                         ; On                 ; On                 ;
; Infer RAMs from Raw Logic                                                       ; On                 ; On                 ;
; Parallel Synthesis                                                              ; On                 ; On                 ;
; DSP Block Balancing                                                             ; Auto               ; Auto               ;
; NOT Gate Push-Back                                                              ; On                 ; On                 ;
; Power-Up Don't Care                                                             ; On                 ; On                 ;
; Remove Redundant Logic Cells                                                    ; Off                ; Off                ;
; Remove Duplicate Registers                                                      ; On                 ; On                 ;
; Ignore CARRY Buffers                                                            ; Off                ; Off                ;
; Ignore CASCADE Buffers                                                          ; Off                ; Off                ;
; Ignore GLOBAL Buffers                                                           ; Off                ; Off                ;
; Ignore ROW GLOBAL Buffers                                                       ; Off                ; Off                ;
; Ignore LCELL Buffers                                                            ; Off                ; Off                ;
; Ignore SOFT Buffers                                                             ; On                 ; On                 ;
; Limit AHDL Integers to 32 Bits                                                  ; Off                ; Off                ;
; Optimization Technique                                                          ; Balanced           ; Balanced           ;
; Carry Chain Length                                                              ; 70                 ; 70                 ;
; Auto Carry Chains                                                               ; On                 ; On                 ;
; Auto Open-Drain Pins                                                            ; On                 ; On                 ;
; Perform WYSIWYG Primitive Resynthesis                                           ; Off                ; Off                ;
; Auto ROM Replacement                                                            ; On                 ; On                 ;
; Auto RAM Replacement                                                            ; On                 ; On                 ;
; Auto DSP Block Replacement                                                      ; On                 ; On                 ;
; Auto Shift Register Replacement                                                 ; Auto               ; Auto               ;
; Allow Shift Register Merging across Hierarchies                                 ; Auto               ; Auto               ;
; Auto Clock Enable Replacement                                                   ; On                 ; On                 ;
; Strict RAM Replacement                                                          ; Off                ; Off                ;
; Allow Synchronous Control Signals                                               ; On                 ; On                 ;
; Force Use of Synchronous Clear Signals                                          ; Off                ; Off                ;
; Auto Resource Sharing                                                           ; Off                ; Off                ;
; Allow Any RAM Size For Recognition                                              ; Off                ; Off                ;
; Allow Any ROM Size For Recognition                                              ; Off                ; Off                ;
; Allow Any Shift Register Size For Recognition                                   ; Off                ; Off                ;
; Use LogicLock Constraints during Resource Balancing                             ; On                 ; On                 ;
; Ignore translate_off and synthesis_off directives                               ; Off                ; Off                ;
; Timing-Driven Synthesis                                                         ; On                 ; On                 ;
; Report Parameter Settings                                                       ; On                 ; On                 ;
; Report Source Assignments                                                       ; On                 ; On                 ;
; Report Connectivity Checks                                                      ; On                 ; On                 ;
; Ignore Maximum Fan-Out Assignments                                              ; Off                ; Off                ;
; Synchronization Register Chain Length                                           ; 3                  ; 3                  ;
; Power Optimization During Synthesis                                             ; Normal compilation ; Normal compilation ;
; HDL message level                                                               ; Level2             ; Level2             ;
; Suppress Register Optimization Related Messages                                 ; Off                ; Off                ;
; Number of Removed Registers Reported in Synthesis Report                        ; 5000               ; 5000               ;
; Number of Swept Nodes Reported in Synthesis Report                              ; 5000               ; 5000               ;
; Number of Inverted Registers Reported in Synthesis Report                       ; 100                ; 100                ;
; Clock MUX Protection                                                            ; On                 ; On                 ;
; Auto Gated Clock Conversion                                                     ; Off                ; Off                ;
; Block Design Naming                                                             ; Auto               ; Auto               ;
; SDC constraint protection                                                       ; Off                ; Off                ;
; Synthesis Effort                                                                ; Auto               ; Auto               ;
; Shift Register Replacement - Allow Asynchronous Clear Signal                    ; On                 ; On                 ;
; Pre-Mapping Resynthesis Optimization                                            ; Off                ; Off                ;
; Analysis & Synthesis Message Level                                              ; Medium             ; Medium             ;
; Disable Register Merging Across Hierarchies                                     ; Auto               ; Auto               ;
; Resource Aware Inference For Block RAM                                          ; On                 ; On                 ;
; Automatic Parallel Synthesis                                                    ; On                 ; On                 ;
; Partial Reconfiguration Bitstream ID                                            ; Off                ; Off                ;
+---------------------------------------------------------------------------------+--------------------+--------------------+


+------------------------------------------+
; Parallel Compilation                     ;
+----------------------------+-------------+
; Processors                 ; Number      ;
+----------------------------+-------------+
; Number detected on machine ; 8           ;
; Maximum allowed            ; 4           ;
;                            ;             ;
; Average used               ; 1.00        ;
; Maximum used               ; 4           ;
;                            ;             ;
; Usage by Processor         ; % Time Used ;
;     Processor 1            ; 100.0%      ;
;     Processor 2            ;   0.0%      ;
;     Processors 3-4         ;   0.0%      ;
+----------------------------+-------------+


+----------------------------------------------------------------------------------------------------------------------------------------------------------------------------------------------------------------+
; Analysis & Synthesis Source Files Read                                                                                                                                                                         ;
+----------------------------------+-----------------+----------------------------------------+------------------------------------------------------------------------------------------------------+-----------+
; File Name with User-Entered Path ; Used in Netlist ; File Type                              ; File Name with Absolute Path                                                                         ; Library   ;
+----------------------------------+-----------------+----------------------------------------+------------------------------------------------------------------------------------------------------+-----------+
; move_controller.vhd              ; yes             ; User VHDL File                         ; /home/griznu1_/Nextcloud/ERR/UNI/5semestre/digitales/labs/7lab_VGA/codigo/move_controller.vhd        ;           ;
; bit1_fullAdder.vhd               ; yes             ; User VHDL File                         ; /home/griznu1_/Nextcloud/ERR/UNI/5semestre/digitales/labs/7lab_VGA/codigo/bit1_fullAdder.vhd         ;           ;
; bitn_fullAdder.vhd               ; yes             ; User VHDL File                         ; /home/griznu1_/Nextcloud/ERR/UNI/5semestre/digitales/labs/7lab_VGA/codigo/bitn_fullAdder.vhd         ;           ;
; VGA.vhd                          ; yes             ; User VHDL File                         ; /home/griznu1_/Nextcloud/ERR/UNI/5semestre/digitales/labs/7lab_VGA/codigo/VGA.vhd                    ;           ;
; pixel_generate.vhd               ; yes             ; User VHDL File                         ; /home/griznu1_/Nextcloud/ERR/UNI/5semestre/digitales/labs/7lab_VGA/codigo/pixel_generate.vhd         ;           ;
; image_sync.vhd                   ; yes             ; User VHDL File                         ; /home/griznu1_/Nextcloud/ERR/UNI/5semestre/digitales/labs/7lab_VGA/codigo/image_sync.vhd             ;           ;
; contador_uni.vhd                 ; yes             ; User VHDL File                         ; /home/griznu1_/Nextcloud/ERR/UNI/5semestre/digitales/labs/7lab_VGA/codigo/contador_uni.vhd           ;           ;
; basic_package.vhd                ; yes             ; User VHDL File                         ; /home/griznu1_/Nextcloud/ERR/UNI/5semestre/digitales/labs/7lab_VGA/codigo/basic_package.vhd          ;           ;
; VGA_package.vhd                  ; yes             ; User VHDL File                         ; /home/griznu1_/Nextcloud/ERR/UNI/5semestre/digitales/labs/7lab_VGA/codigo/VGA_package.vhd            ;           ;
; PLL_40MHz.vhd                    ; yes             ; User Wizard-Generated File             ; /home/griznu1_/Nextcloud/ERR/UNI/5semestre/digitales/labs/7lab_VGA/codigo/PLL_40MHz.vhd              ; PLL_40MHz ;
; PLL_40MHz/PLL_40MHz_0002.v       ; yes             ; User Verilog HDL File                  ; /home/griznu1_/Nextcloud/ERR/UNI/5semestre/digitales/labs/7lab_VGA/codigo/PLL_40MHz/PLL_40MHz_0002.v ; PLL_40MHz ;
; LEAFEON_OB_ROM.vhd               ; yes             ; User Wizard-Generated File             ; /home/griznu1_/Nextcloud/ERR/UNI/5semestre/digitales/labs/7lab_VGA/codigo/LEAFEON_OB_ROM.vhd         ;           ;
; altera_pll.v                     ; yes             ; Megafunction                           ; /opt/intelFPGA/25.1/quartus/libraries/megafunctions/altera_pll.v                                     ;           ;
; altsyncram.tdf                   ; yes             ; Megafunction                           ; /opt/intelFPGA/25.1/quartus/libraries/megafunctions/altsyncram.tdf                                   ;           ;
; stratix_ram_block.inc            ; yes             ; Megafunction                           ; /opt/intelFPGA/25.1/quartus/libraries/megafunctions/stratix_ram_block.inc                            ;           ;
; lpm_mux.inc                      ; yes             ; Megafunction                           ; /opt/intelFPGA/25.1/quartus/libraries/megafunctions/lpm_mux.inc                                      ;           ;
; lpm_decode.inc                   ; yes             ; Megafunction                           ; /opt/intelFPGA/25.1/quartus/libraries/megafunctions/lpm_decode.inc                                   ;           ;
; aglobal251.inc                   ; yes             ; Megafunction                           ; /opt/intelFPGA/25.1/quartus/libraries/megafunctions/aglobal251.inc                                   ;           ;
; a_rdenreg.inc                    ; yes             ; Megafunction                           ; /opt/intelFPGA/25.1/quartus/libraries/megafunctions/a_rdenreg.inc                                    ;           ;
; altrom.inc                       ; yes             ; Megafunction                           ; /opt/intelFPGA/25.1/quartus/libraries/megafunctions/altrom.inc                                       ;           ;
; altram.inc                       ; yes             ; Megafunction                           ; /opt/intelFPGA/25.1/quartus/libraries/megafunctions/altram.inc                                       ;           ;
; altdpram.inc                     ; yes             ; Megafunction                           ; /opt/intelFPGA/25.1/quartus/libraries/megafunctions/altdpram.inc                                     ;           ;
; db/altsyncram_0134.tdf           ; yes             ; Auto-Generated Megafunction            ; /home/griznu1_/Nextcloud/ERR/UNI/5semestre/digitales/labs/7lab_VGA/codigo/db/altsyncram_0134.tdf     ;           ;
; sprite_mifs/leafeon.mif          ; yes             ; Auto-Found Memory Initialization File  ; /home/griznu1_/Nextcloud/ERR/UNI/5semestre/digitales/labs/7lab_VGA/codigo/sprite_mifs/leafeon.mif    ;           ;
; db/decode_u0a.tdf                ; yes             ; Auto-Generated Megafunction            ; /home/griznu1_/Nextcloud/ERR/UNI/5semestre/digitales/labs/7lab_VGA/codigo/db/decode_u0a.tdf          ;           ;
; db/mux_3hb.tdf                   ; yes             ; Auto-Generated Megafunction            ; /home/griznu1_/Nextcloud/ERR/UNI/5semestre/digitales/labs/7lab_VGA/codigo/db/mux_3hb.tdf             ;           ;
+----------------------------------+-----------------+----------------------------------------+------------------------------------------------------------------------------------------------------+-----------+


+------------------------------------------------------------------------------------------------------------------------------------------+
; Analysis & Synthesis Resource Usage Summary                                                                                              ;
+---------------------------------------------+--------------------------------------------------------------------------------------------+
; Resource                                    ; Usage                                                                                      ;
+---------------------------------------------+--------------------------------------------------------------------------------------------+
; Estimate of Logic utilization (ALMs needed) ; 155                                                                                        ;
;                                             ;                                                                                            ;
; Combinational ALUT usage for logic          ; 226                                                                                        ;
;     -- 7 input functions                    ; 0                                                                                          ;
;     -- 6 input functions                    ; 38                                                                                         ;
;     -- 5 input functions                    ; 32                                                                                         ;
;     -- 4 input functions                    ; 8                                                                                          ;
;     -- <=3 input functions                  ; 148                                                                                        ;
;                                             ;                                                                                            ;
; Dedicated logic registers                   ; 257                                                                                        ;
;                                             ;                                                                                            ;
; I/O pins                                    ; 33                                                                                         ;
; Total MLAB memory bits                      ; 0                                                                                          ;
; Total block memory bits                     ; 393216                                                                                     ;
;                                             ;                                                                                            ;
; Total DSP Blocks                            ; 0                                                                                          ;
;                                             ;                                                                                            ;
; Total PLLs                                  ; 1                                                                                          ;
;     -- PLLs                                 ; 1                                                                                          ;
;                                             ;                                                                                            ;
; Maximum fan-out node                        ; PLL_40MHz:CLOCK_BLOCK|PLL_40MHz_0002:pll_40mhz_inst|altera_pll:altera_pll_i|outclk_wire[0] ;
; Maximum fan-out                             ; 326                                                                                        ;
; Total fan-out                               ; 2171                                                                                       ;
; Average fan-out                             ; 3.63                                                                                       ;
+---------------------------------------------+--------------------------------------------------------------------------------------------+


+-------------------------------------------------------------------------------------------------------------------------------------------------------------------------------------------------------------------------------------------------------------------------------------------------------------------------------+
; Analysis & Synthesis Resource Utilization by Entity                                                                                                                                                                                                                                                                           ;
+---------------------------------------------------------+---------------------+---------------------------+-------------------+------------+------+--------------+---------------------------------------------------------------------------------------------------------------------------+-----------------+--------------+
; Compilation Hierarchy Node                              ; Combinational ALUTs ; Dedicated Logic Registers ; Block Memory Bits ; DSP Blocks ; Pins ; Virtual Pins ; Full Hierarchy Name                                                                                                       ; Entity Name     ; Library Name ;
+---------------------------------------------------------+---------------------+---------------------------+-------------------+------------+------+--------------+---------------------------------------------------------------------------------------------------------------------------+-----------------+--------------+
; |VGA                                                    ; 226 (1)             ; 257 (0)                   ; 393216            ; 0          ; 33   ; 0            ; |VGA                                                                                                                      ; VGA             ; work         ;
;    |PLL_40MHz:CLOCK_BLOCK|                              ; 0 (0)               ; 0 (0)                     ; 0                 ; 0          ; 0    ; 0            ; |VGA|PLL_40MHz:CLOCK_BLOCK                                                                                                ; PLL_40MHz       ; pll_40mhz    ;
;       |PLL_40MHz_0002:pll_40mhz_inst|                   ; 0 (0)               ; 0 (0)                     ; 0                 ; 0          ; 0    ; 0            ; |VGA|PLL_40MHz:CLOCK_BLOCK|PLL_40MHz_0002:pll_40mhz_inst                                                                  ; PLL_40MHz_0002  ; PLL_40MHz    ;
;          |altera_pll:altera_pll_i|                      ; 0 (0)               ; 0 (0)                     ; 0                 ; 0          ; 0    ; 0            ; |VGA|PLL_40MHz:CLOCK_BLOCK|PLL_40MHz_0002:pll_40mhz_inst|altera_pll:altera_pll_i                                          ; altera_pll      ; work         ;
;    |image_sync:SYNC_BLOCK|                              ; 36 (9)              ; 22 (0)                    ; 0                 ; 0          ; 0    ; 0            ; |VGA|image_sync:SYNC_BLOCK                                                                                                ; image_sync      ; work         ;
;       |contador_uni:H_COUNTER|                          ; 14 (14)             ; 11 (11)                   ; 0                 ; 0          ; 0    ; 0            ; |VGA|image_sync:SYNC_BLOCK|contador_uni:H_COUNTER                                                                         ; contador_uni    ; work         ;
;       |contador_uni:V_COUNTER|                          ; 13 (13)             ; 11 (11)                   ; 0                 ; 0          ; 0    ; 0            ; |VGA|image_sync:SYNC_BLOCK|contador_uni:V_COUNTER                                                                         ; contador_uni    ; work         ;
;    |move_controller:MOVE_CONT|                          ; 67 (24)             ; 44 (22)                   ; 0                 ; 0          ; 0    ; 0            ; |VGA|move_controller:MOVE_CONT                                                                                            ; move_controller ; work         ;
;       |bitn_fullAdder:POS_X_SUM|                        ; 8 (0)               ; 0 (0)                     ; 0                 ; 0          ; 0    ; 0            ; |VGA|move_controller:MOVE_CONT|bitn_fullAdder:POS_X_SUM                                                                   ; bitn_fullAdder  ; work         ;
;          |bit1_fullAdder:\fullAdderLoop:10:fullAdder_i| ; 1 (1)               ; 0 (0)                     ; 0                 ; 0          ; 0    ; 0            ; |VGA|move_controller:MOVE_CONT|bitn_fullAdder:POS_X_SUM|bit1_fullAdder:\fullAdderLoop:10:fullAdder_i                      ; bit1_fullAdder  ; work         ;
;          |bit1_fullAdder:\fullAdderLoop:1:fullAdder_i|  ; 1 (1)               ; 0 (0)                     ; 0                 ; 0          ; 0    ; 0            ; |VGA|move_controller:MOVE_CONT|bitn_fullAdder:POS_X_SUM|bit1_fullAdder:\fullAdderLoop:1:fullAdder_i                       ; bit1_fullAdder  ; work         ;
;          |bit1_fullAdder:\fullAdderLoop:2:fullAdder_i|  ; 2 (2)               ; 0 (0)                     ; 0                 ; 0          ; 0    ; 0            ; |VGA|move_controller:MOVE_CONT|bitn_fullAdder:POS_X_SUM|bit1_fullAdder:\fullAdderLoop:2:fullAdder_i                       ; bit1_fullAdder  ; work         ;
;          |bit1_fullAdder:\fullAdderLoop:3:fullAdder_i|  ; 1 (1)               ; 0 (0)                     ; 0                 ; 0          ; 0    ; 0            ; |VGA|move_controller:MOVE_CONT|bitn_fullAdder:POS_X_SUM|bit1_fullAdder:\fullAdderLoop:3:fullAdder_i                       ; bit1_fullAdder  ; work         ;
;          |bit1_fullAdder:\fullAdderLoop:6:fullAdder_i|  ; 2 (2)               ; 0 (0)                     ; 0                 ; 0          ; 0    ; 0            ; |VGA|move_controller:MOVE_CONT|bitn_fullAdder:POS_X_SUM|bit1_fullAdder:\fullAdderLoop:6:fullAdder_i                       ; bit1_fullAdder  ; work         ;
;          |bit1_fullAdder:\fullAdderLoop:7:fullAdder_i|  ; 1 (1)               ; 0 (0)                     ; 0                 ; 0          ; 0    ; 0            ; |VGA|move_controller:MOVE_CONT|bitn_fullAdder:POS_X_SUM|bit1_fullAdder:\fullAdderLoop:7:fullAdder_i                       ; bit1_fullAdder  ; work         ;
;       |bitn_fullAdder:POS_Y_SUM|                        ; 8 (0)               ; 0 (0)                     ; 0                 ; 0          ; 0    ; 0            ; |VGA|move_controller:MOVE_CONT|bitn_fullAdder:POS_Y_SUM                                                                   ; bitn_fullAdder  ; work         ;
;          |bit1_fullAdder:\fullAdderLoop:10:fullAdder_i| ; 1 (1)               ; 0 (0)                     ; 0                 ; 0          ; 0    ; 0            ; |VGA|move_controller:MOVE_CONT|bitn_fullAdder:POS_Y_SUM|bit1_fullAdder:\fullAdderLoop:10:fullAdder_i                      ; bit1_fullAdder  ; work         ;
;          |bit1_fullAdder:\fullAdderLoop:1:fullAdder_i|  ; 1 (1)               ; 0 (0)                     ; 0                 ; 0          ; 0    ; 0            ; |VGA|move_controller:MOVE_CONT|bitn_fullAdder:POS_Y_SUM|bit1_fullAdder:\fullAdderLoop:1:fullAdder_i                       ; bit1_fullAdder  ; work         ;
;          |bit1_fullAdder:\fullAdderLoop:2:fullAdder_i|  ; 2 (2)               ; 0 (0)                     ; 0                 ; 0          ; 0    ; 0            ; |VGA|move_controller:MOVE_CONT|bitn_fullAdder:POS_Y_SUM|bit1_fullAdder:\fullAdderLoop:2:fullAdder_i                       ; bit1_fullAdder  ; work         ;
;          |bit1_fullAdder:\fullAdderLoop:3:fullAdder_i|  ; 1 (1)               ; 0 (0)                     ; 0                 ; 0          ; 0    ; 0            ; |VGA|move_controller:MOVE_CONT|bitn_fullAdder:POS_Y_SUM|bit1_fullAdder:\fullAdderLoop:3:fullAdder_i                       ; bit1_fullAdder  ; work         ;
;          |bit1_fullAdder:\fullAdderLoop:6:fullAdder_i|  ; 2 (2)               ; 0 (0)                     ; 0                 ; 0          ; 0    ; 0            ; |VGA|move_controller:MOVE_CONT|bitn_fullAdder:POS_Y_SUM|bit1_fullAdder:\fullAdderLoop:6:fullAdder_i                       ; bit1_fullAdder  ; work         ;
;          |bit1_fullAdder:\fullAdderLoop:7:fullAdder_i|  ; 1 (1)               ; 0 (0)                     ; 0                 ; 0          ; 0    ; 0            ; |VGA|move_controller:MOVE_CONT|bitn_fullAdder:POS_Y_SUM|bit1_fullAdder:\fullAdderLoop:7:fullAdder_i                       ; bit1_fullAdder  ; work         ;
;       |contador_uni:REFRESH_C|                          ; 27 (27)             ; 22 (22)                   ; 0                 ; 0          ; 0    ; 0            ; |VGA|move_controller:MOVE_CONT|contador_uni:REFRESH_C                                                                     ; contador_uni    ; work         ;
;    |pixel_generate:COLOR_BLOCK|                         ; 122 (122)           ; 191 (189)                 ; 393216            ; 0          ; 0    ; 0            ; |VGA|pixel_generate:COLOR_BLOCK                                                                                           ; pixel_generate  ; work         ;
;       |LEAFEON_OB_ROM:LEAFEON_ROM|                      ; 0 (0)               ; 2 (0)                     ; 393216            ; 0          ; 0    ; 0            ; |VGA|pixel_generate:COLOR_BLOCK|LEAFEON_OB_ROM:LEAFEON_ROM                                                                ; LEAFEON_OB_ROM  ; work         ;
;          |altsyncram:altsyncram_component|              ; 0 (0)               ; 2 (0)                     ; 393216            ; 0          ; 0    ; 0            ; |VGA|pixel_generate:COLOR_BLOCK|LEAFEON_OB_ROM:LEAFEON_ROM|altsyncram:altsyncram_component                                ; altsyncram      ; work         ;
;             |altsyncram_0134:auto_generated|            ; 0 (0)               ; 2 (2)                     ; 393216            ; 0          ; 0    ; 0            ; |VGA|pixel_generate:COLOR_BLOCK|LEAFEON_OB_ROM:LEAFEON_ROM|altsyncram:altsyncram_component|altsyncram_0134:auto_generated ; altsyncram_0134 ; work         ;
+---------------------------------------------------------+---------------------+---------------------------+-------------------+------------+------+--------------+---------------------------------------------------------------------------------------------------------------------------+-----------------+--------------+
Note: For table entries with two numbers listed, the numbers in parentheses indicate the number of resources of the given type used by the specific entity alone. The numbers listed outside of parentheses indicate the total resources of the given type used by the specific entity and all of its sub-entities in the hierarchy.


+-------------------------------------------------------------------------------------------------------------------------------------------------------------------------------------------------------------------------------------------------+
; Analysis & Synthesis RAM Summary                                                                                                                                                                                                                ;
+---------------------------------------------------------------------------------------------------------------------------------+------+------+--------------+--------------+--------------+--------------+--------+----------------------------+
; Name                                                                                                                            ; Type ; Mode ; Port A Depth ; Port A Width ; Port B Depth ; Port B Width ; Size   ; MIF                        ;
+---------------------------------------------------------------------------------------------------------------------------------+------+------+--------------+--------------+--------------+--------------+--------+----------------------------+
; pixel_generate:COLOR_BLOCK|LEAFEON_OB_ROM:LEAFEON_ROM|altsyncram:altsyncram_component|altsyncram_0134:auto_generated|ALTSYNCRAM ; AUTO ; ROM  ; 16384        ; 24           ; --           ; --           ; 393216 ; ../sprite_mifs/leafeon.mif ;
+---------------------------------------------------------------------------------------------------------------------------------+------+------+--------------+--------------+--------------+--------------+--------+----------------------------+


+-------------------------------------------------------------------------------------------------------------------------------------------------+
; Analysis & Synthesis IP Cores Summary                                                                                                           ;
+--------+--------------+---------+--------------+--------------+------------------------------------------------------------+--------------------+
; Vendor ; IP Core Name ; Version ; Release Date ; License Type ; Entity Instance                                            ; IP Include File    ;
+--------+--------------+---------+--------------+--------------+------------------------------------------------------------+--------------------+
; Altera ; altera_pll   ; 25.1    ; N/A          ; N/A          ; |VGA|PLL_40MHz:CLOCK_BLOCK                                 ; PLL_40MHz.vhd      ;
; Altera ; ROM: 1-PORT  ; 25.1    ; N/A          ; N/A          ; |VGA|pixel_generate:COLOR_BLOCK|LEAFEON_OB_ROM:LEAFEON_ROM ; LEAFEON_OB_ROM.vhd ;
+--------+--------------+---------+--------------+--------------+------------------------------------------------------------+--------------------+


+---------------------------------------------------------------------------------------------+
; Registers Removed During Synthesis                                                          ;
+------------------------------------------+--------------------------------------------------+
; Register name                            ; Reason for Removal                               ;
+------------------------------------------+--------------------------------------------------+
; pixel_generate:COLOR_BLOCK|Y_REG[11..30] ; Stuck at GND due to stuck port data_in           ;
; pixel_generate:COLOR_BLOCK|X_REG[11..30] ; Stuck at GND due to stuck port data_in           ;
; pixel_generate:COLOR_BLOCK|X_REG[31]     ; Merged with pixel_generate:COLOR_BLOCK|Y_REG[31] ;
; Total Number of Removed Registers = 41   ;                                                  ;
+------------------------------------------+--------------------------------------------------+


+------------------------------------------------------+
; General Register Statistics                          ;
+----------------------------------------------+-------+
; Statistic                                    ; Value ;
+----------------------------------------------+-------+
; Total registers                              ; 257   ;
; Number of registers using Synchronous Clear  ; 102   ;
; Number of registers using Synchronous Load   ; 0     ;
; Number of registers using Asynchronous Clear ; 44    ;
; Number of registers using Asynchronous Load  ; 0     ;
; Number of registers using Clock Enable       ; 11    ;
; Number of registers using Preset             ; 0     ;
+----------------------------------------------+-------+


+------------------------------------------------------+
; Inverted Register Statistics                         ;
+--------------------------------------------+---------+
; Inverted Register                          ; Fan out ;
+--------------------------------------------+---------+
; pixel_generate:COLOR_BLOCK|LOCAL_Y_REG[31] ; 1       ;
; pixel_generate:COLOR_BLOCK|LOCAL_X_REG[31] ; 1       ;
; pixel_generate:COLOR_BLOCK|LOCAL_Y[31]     ; 2       ;
; pixel_generate:COLOR_BLOCK|LOCAL_X[31]     ; 2       ;
; pixel_generate:COLOR_BLOCK|LOCAL_X_REG[0]  ; 1       ;
; pixel_generate:COLOR_BLOCK|LOCAL_X[0]      ; 1       ;
; pixel_generate:COLOR_BLOCK|LOCAL_Y_REG[0]  ; 1       ;
; pixel_generate:COLOR_BLOCK|Y_REG[31]       ; 2       ;
; pixel_generate:COLOR_BLOCK|LOCAL_Y[0]      ; 1       ;
; pixel_generate:COLOR_BLOCK|X_REG[0]        ; 1       ;
; pixel_generate:COLOR_BLOCK|Y_REG[0]        ; 1       ;
; Total number of inverted registers = 11    ;         ;
+--------------------------------------------+---------+


+-------------------------------------------------------------------------------------------------------------------------------------------------------------------------+
; Multiplexer Restructuring Statistics (Restructuring Performed)                                                                                                          ;
+--------------------+-----------+---------------+----------------------+------------------------+------------+-----------------------------------------------------------+
; Multiplexer Inputs ; Bus Width ; Baseline Area ; Area if Restructured ; Saving if Restructured ; Registered ; Example Multiplexer Output                                ;
+--------------------+-----------+---------------+----------------------+------------------------+------------+-----------------------------------------------------------+
; 3:1                ; 11 bits   ; 22 LEs        ; 0 LEs                ; 22 LEs                 ; Yes        ; |VGA|image_sync:SYNC_BLOCK|contador_uni:V_COUNTER|temp[1] ;
; 4:1                ; 24 bits   ; 48 LEs        ; 24 LEs               ; 24 LEs                 ; Yes        ; |VGA|pixel_generate:COLOR_BLOCK|R[1]                      ;
+--------------------+-----------+---------------+----------------------+------------------------+------------+-----------------------------------------------------------+


+---------------------------------------------------------------------------------------------------------------------------------------------+
; Source assignments for pixel_generate:COLOR_BLOCK|LEAFEON_OB_ROM:LEAFEON_ROM|altsyncram:altsyncram_component|altsyncram_0134:auto_generated ;
+---------------------------------+--------------------+------+-------------------------------------------------------------------------------+
; Assignment                      ; Value              ; From ; To                                                                            ;
+---------------------------------+--------------------+------+-------------------------------------------------------------------------------+
; OPTIMIZE_POWER_DURING_SYNTHESIS ; NORMAL_COMPILATION ; -    ; -                                                                             ;
+---------------------------------+--------------------+------+-------------------------------------------------------------------------------+


+------------------------------------------------------------------------+
; Parameter Settings for User Entity Instance: move_controller:MOVE_CONT ;
+----------------+--------+----------------------------------------------+
; Parameter Name ; Value  ; Type                                         ;
+----------------+--------+----------------------------------------------+
; refresh_rate   ; 500000 ; Signed Integer                               ;
+----------------+--------+----------------------------------------------+
Note: In order to hide this table in the UI and the text report file, please set the "Show Parameter Settings in Synthesis Report" option in "Analysis and Synthesis Settings -> More Settings" to "Off".


+-----------------------------------------------------------------------------------------------+
; Parameter Settings for User Entity Instance: move_controller:MOVE_CONT|contador_uni:REFRESH_C ;
+----------------+-------+----------------------------------------------------------------------+
; Parameter Name ; Value ; Type                                                                 ;
+----------------+-------+----------------------------------------------------------------------+
; n              ; 22    ; Signed Integer                                                       ;
+----------------+-------+----------------------------------------------------------------------+
Note: In order to hide this table in the UI and the text report file, please set the "Show Parameter Settings in Synthesis Report" option in "Analysis and Synthesis Settings -> More Settings" to "Off".


+-------------------------------------------------------------------------------------------------+
; Parameter Settings for User Entity Instance: move_controller:MOVE_CONT|bitn_fullAdder:POS_X_SUM ;
+----------------+-------+------------------------------------------------------------------------+
; Parameter Name ; Value ; Type                                                                   ;
+----------------+-------+------------------------------------------------------------------------+
; b_length       ; 11    ; Signed Integer                                                         ;
+----------------+-------+------------------------------------------------------------------------+
Note: In order to hide this table in the UI and the text report file, please set the "Show Parameter Settings in Synthesis Report" option in "Analysis and Synthesis Settings -> More Settings" to "Off".


+-------------------------------------------------------------------------------------------------+
; Parameter Settings for User Entity Instance: move_controller:MOVE_CONT|bitn_fullAdder:POS_Y_SUM ;
+----------------+-------+------------------------------------------------------------------------+
; Parameter Name ; Value ; Type                                                                   ;
+----------------+-------+------------------------------------------------------------------------+
; b_length       ; 11    ; Signed Integer                                                         ;
+----------------+-------+------------------------------------------------------------------------+
Note: In order to hide this table in the UI and the text report file, please set the "Show Parameter Settings in Synthesis Report" option in "Analysis and Synthesis Settings -> More Settings" to "Off".


+--------------------------------------------------------------------------------------------------------------------------+
; Parameter Settings for User Entity Instance: PLL_40MHz:CLOCK_BLOCK|PLL_40MHz_0002:pll_40mhz_inst|altera_pll:altera_pll_i ;
+--------------------------------------+------------------------+----------------------------------------------------------+
; Parameter Name                       ; Value                  ; Type                                                     ;
+--------------------------------------+------------------------+----------------------------------------------------------+
; reference_clock_frequency            ; 50.0 MHz               ; String                                                   ;
; fractional_vco_multiplier            ; false                  ; String                                                   ;
; pll_type                             ; General                ; String                                                   ;
; pll_subtype                          ; General                ; String                                                   ;
; number_of_clocks                     ; 1                      ; Signed Integer                                           ;
; operation_mode                       ; direct                 ; String                                                   ;
; deserialization_factor               ; 4                      ; Signed Integer                                           ;
; data_rate                            ; 0                      ; Signed Integer                                           ;
; sim_additional_refclk_cycles_to_lock ; 0                      ; Signed Integer                                           ;
; output_clock_frequency0              ; 40.000000 MHz          ; String                                                   ;
; phase_shift0                         ; 0 ps                   ; String                                                   ;
; duty_cycle0                          ; 50                     ; Signed Integer                                           ;
; output_clock_frequency1              ; 0 MHz                  ; String                                                   ;
; phase_shift1                         ; 0 ps                   ; String                                                   ;
; duty_cycle1                          ; 50                     ; Signed Integer                                           ;
; output_clock_frequency2              ; 0 MHz                  ; String                                                   ;
; phase_shift2                         ; 0 ps                   ; String                                                   ;
; duty_cycle2                          ; 50                     ; Signed Integer                                           ;
; output_clock_frequency3              ; 0 MHz                  ; String                                                   ;
; phase_shift3                         ; 0 ps                   ; String                                                   ;
; duty_cycle3                          ; 50                     ; Signed Integer                                           ;
; output_clock_frequency4              ; 0 MHz                  ; String                                                   ;
; phase_shift4                         ; 0 ps                   ; String                                                   ;
; duty_cycle4                          ; 50                     ; Signed Integer                                           ;
; output_clock_frequency5              ; 0 MHz                  ; String                                                   ;
; phase_shift5                         ; 0 ps                   ; String                                                   ;
; duty_cycle5                          ; 50                     ; Signed Integer                                           ;
; output_clock_frequency6              ; 0 MHz                  ; String                                                   ;
; phase_shift6                         ; 0 ps                   ; String                                                   ;
; duty_cycle6                          ; 50                     ; Signed Integer                                           ;
; output_clock_frequency7              ; 0 MHz                  ; String                                                   ;
; phase_shift7                         ; 0 ps                   ; String                                                   ;
; duty_cycle7                          ; 50                     ; Signed Integer                                           ;
; output_clock_frequency8              ; 0 MHz                  ; String                                                   ;
; phase_shift8                         ; 0 ps                   ; String                                                   ;
; duty_cycle8                          ; 50                     ; Signed Integer                                           ;
; output_clock_frequency9              ; 0 MHz                  ; String                                                   ;
; phase_shift9                         ; 0 ps                   ; String                                                   ;
; duty_cycle9                          ; 50                     ; Signed Integer                                           ;
; output_clock_frequency10             ; 0 MHz                  ; String                                                   ;
; phase_shift10                        ; 0 ps                   ; String                                                   ;
; duty_cycle10                         ; 50                     ; Signed Integer                                           ;
; output_clock_frequency11             ; 0 MHz                  ; String                                                   ;
; phase_shift11                        ; 0 ps                   ; String                                                   ;
; duty_cycle11                         ; 50                     ; Signed Integer                                           ;
; output_clock_frequency12             ; 0 MHz                  ; String                                                   ;
; phase_shift12                        ; 0 ps                   ; String                                                   ;
; duty_cycle12                         ; 50                     ; Signed Integer                                           ;
; output_clock_frequency13             ; 0 MHz                  ; String                                                   ;
; phase_shift13                        ; 0 ps                   ; String                                                   ;
; duty_cycle13                         ; 50                     ; Signed Integer                                           ;
; output_clock_frequency14             ; 0 MHz                  ; String                                                   ;
; phase_shift14                        ; 0 ps                   ; String                                                   ;
; duty_cycle14                         ; 50                     ; Signed Integer                                           ;
; output_clock_frequency15             ; 0 MHz                  ; String                                                   ;
; phase_shift15                        ; 0 ps                   ; String                                                   ;
; duty_cycle15                         ; 50                     ; Signed Integer                                           ;
; output_clock_frequency16             ; 0 MHz                  ; String                                                   ;
; phase_shift16                        ; 0 ps                   ; String                                                   ;
; duty_cycle16                         ; 50                     ; Signed Integer                                           ;
; output_clock_frequency17             ; 0 MHz                  ; String                                                   ;
; phase_shift17                        ; 0 ps                   ; String                                                   ;
; duty_cycle17                         ; 50                     ; Signed Integer                                           ;
; clock_name_0                         ;                        ; String                                                   ;
; clock_name_1                         ;                        ; String                                                   ;
; clock_name_2                         ;                        ; String                                                   ;
; clock_name_3                         ;                        ; String                                                   ;
; clock_name_4                         ;                        ; String                                                   ;
; clock_name_5                         ;                        ; String                                                   ;
; clock_name_6                         ;                        ; String                                                   ;
; clock_name_7                         ;                        ; String                                                   ;
; clock_name_8                         ;                        ; String                                                   ;
; clock_name_global_0                  ; false                  ; String                                                   ;
; clock_name_global_1                  ; false                  ; String                                                   ;
; clock_name_global_2                  ; false                  ; String                                                   ;
; clock_name_global_3                  ; false                  ; String                                                   ;
; clock_name_global_4                  ; false                  ; String                                                   ;
; clock_name_global_5                  ; false                  ; String                                                   ;
; clock_name_global_6                  ; false                  ; String                                                   ;
; clock_name_global_7                  ; false                  ; String                                                   ;
; clock_name_global_8                  ; false                  ; String                                                   ;
; m_cnt_hi_div                         ; 1                      ; Signed Integer                                           ;
; m_cnt_lo_div                         ; 1                      ; Signed Integer                                           ;
; m_cnt_bypass_en                      ; false                  ; String                                                   ;
; m_cnt_odd_div_duty_en                ; false                  ; String                                                   ;
; n_cnt_hi_div                         ; 1                      ; Signed Integer                                           ;
; n_cnt_lo_div                         ; 1                      ; Signed Integer                                           ;
; n_cnt_bypass_en                      ; false                  ; String                                                   ;
; n_cnt_odd_div_duty_en                ; false                  ; String                                                   ;
; c_cnt_hi_div0                        ; 1                      ; Signed Integer                                           ;
; c_cnt_lo_div0                        ; 1                      ; Signed Integer                                           ;
; c_cnt_bypass_en0                     ; false                  ; String                                                   ;
; c_cnt_in_src0                        ; ph_mux_clk             ; String                                                   ;
; c_cnt_odd_div_duty_en0               ; false                  ; String                                                   ;
; c_cnt_prst0                          ; 1                      ; Signed Integer                                           ;
; c_cnt_ph_mux_prst0                   ; 0                      ; Signed Integer                                           ;
; c_cnt_hi_div1                        ; 1                      ; Signed Integer                                           ;
; c_cnt_lo_div1                        ; 1                      ; Signed Integer                                           ;
; c_cnt_bypass_en1                     ; false                  ; String                                                   ;
; c_cnt_in_src1                        ; ph_mux_clk             ; String                                                   ;
; c_cnt_odd_div_duty_en1               ; false                  ; String                                                   ;
; c_cnt_prst1                          ; 1                      ; Signed Integer                                           ;
; c_cnt_ph_mux_prst1                   ; 0                      ; Signed Integer                                           ;
; c_cnt_hi_div2                        ; 1                      ; Signed Integer                                           ;
; c_cnt_lo_div2                        ; 1                      ; Signed Integer                                           ;
; c_cnt_bypass_en2                     ; false                  ; String                                                   ;
; c_cnt_in_src2                        ; ph_mux_clk             ; String                                                   ;
; c_cnt_odd_div_duty_en2               ; false                  ; String                                                   ;
; c_cnt_prst2                          ; 1                      ; Signed Integer                                           ;
; c_cnt_ph_mux_prst2                   ; 0                      ; Signed Integer                                           ;
; c_cnt_hi_div3                        ; 1                      ; Signed Integer                                           ;
; c_cnt_lo_div3                        ; 1                      ; Signed Integer                                           ;
; c_cnt_bypass_en3                     ; false                  ; String                                                   ;
; c_cnt_in_src3                        ; ph_mux_clk             ; String                                                   ;
; c_cnt_odd_div_duty_en3               ; false                  ; String                                                   ;
; c_cnt_prst3                          ; 1                      ; Signed Integer                                           ;
; c_cnt_ph_mux_prst3                   ; 0                      ; Signed Integer                                           ;
; c_cnt_hi_div4                        ; 1                      ; Signed Integer                                           ;
; c_cnt_lo_div4                        ; 1                      ; Signed Integer                                           ;
; c_cnt_bypass_en4                     ; false                  ; String                                                   ;
; c_cnt_in_src4                        ; ph_mux_clk             ; String                                                   ;
; c_cnt_odd_div_duty_en4               ; false                  ; String                                                   ;
; c_cnt_prst4                          ; 1                      ; Signed Integer                                           ;
; c_cnt_ph_mux_prst4                   ; 0                      ; Signed Integer                                           ;
; c_cnt_hi_div5                        ; 1                      ; Signed Integer                                           ;
; c_cnt_lo_div5                        ; 1                      ; Signed Integer                                           ;
; c_cnt_bypass_en5                     ; false                  ; String                                                   ;
; c_cnt_in_src5                        ; ph_mux_clk             ; String                                                   ;
; c_cnt_odd_div_duty_en5               ; false                  ; String                                                   ;
; c_cnt_prst5                          ; 1                      ; Signed Integer                                           ;
; c_cnt_ph_mux_prst5                   ; 0                      ; Signed Integer                                           ;
; c_cnt_hi_div6                        ; 1                      ; Signed Integer                                           ;
; c_cnt_lo_div6                        ; 1                      ; Signed Integer                                           ;
; c_cnt_bypass_en6                     ; false                  ; String                                                   ;
; c_cnt_in_src6                        ; ph_mux_clk             ; String                                                   ;
; c_cnt_odd_div_duty_en6               ; false                  ; String                                                   ;
; c_cnt_prst6                          ; 1                      ; Signed Integer                                           ;
; c_cnt_ph_mux_prst6                   ; 0                      ; Signed Integer                                           ;
; c_cnt_hi_div7                        ; 1                      ; Signed Integer                                           ;
; c_cnt_lo_div7                        ; 1                      ; Signed Integer                                           ;
; c_cnt_bypass_en7                     ; false                  ; String                                                   ;
; c_cnt_in_src7                        ; ph_mux_clk             ; String                                                   ;
; c_cnt_odd_div_duty_en7               ; false                  ; String                                                   ;
; c_cnt_prst7                          ; 1                      ; Signed Integer                                           ;
; c_cnt_ph_mux_prst7                   ; 0                      ; Signed Integer                                           ;
; c_cnt_hi_div8                        ; 1                      ; Signed Integer                                           ;
; c_cnt_lo_div8                        ; 1                      ; Signed Integer                                           ;
; c_cnt_bypass_en8                     ; false                  ; String                                                   ;
; c_cnt_in_src8                        ; ph_mux_clk             ; String                                                   ;
; c_cnt_odd_div_duty_en8               ; false                  ; String                                                   ;
; c_cnt_prst8                          ; 1                      ; Signed Integer                                           ;
; c_cnt_ph_mux_prst8                   ; 0                      ; Signed Integer                                           ;
; c_cnt_hi_div9                        ; 1                      ; Signed Integer                                           ;
; c_cnt_lo_div9                        ; 1                      ; Signed Integer                                           ;
; c_cnt_bypass_en9                     ; false                  ; String                                                   ;
; c_cnt_in_src9                        ; ph_mux_clk             ; String                                                   ;
; c_cnt_odd_div_duty_en9               ; false                  ; String                                                   ;
; c_cnt_prst9                          ; 1                      ; Signed Integer                                           ;
; c_cnt_ph_mux_prst9                   ; 0                      ; Signed Integer                                           ;
; c_cnt_hi_div10                       ; 1                      ; Signed Integer                                           ;
; c_cnt_lo_div10                       ; 1                      ; Signed Integer                                           ;
; c_cnt_bypass_en10                    ; false                  ; String                                                   ;
; c_cnt_in_src10                       ; ph_mux_clk             ; String                                                   ;
; c_cnt_odd_div_duty_en10              ; false                  ; String                                                   ;
; c_cnt_prst10                         ; 1                      ; Signed Integer                                           ;
; c_cnt_ph_mux_prst10                  ; 0                      ; Signed Integer                                           ;
; c_cnt_hi_div11                       ; 1                      ; Signed Integer                                           ;
; c_cnt_lo_div11                       ; 1                      ; Signed Integer                                           ;
; c_cnt_bypass_en11                    ; false                  ; String                                                   ;
; c_cnt_in_src11                       ; ph_mux_clk             ; String                                                   ;
; c_cnt_odd_div_duty_en11              ; false                  ; String                                                   ;
; c_cnt_prst11                         ; 1                      ; Signed Integer                                           ;
; c_cnt_ph_mux_prst11                  ; 0                      ; Signed Integer                                           ;
; c_cnt_hi_div12                       ; 1                      ; Signed Integer                                           ;
; c_cnt_lo_div12                       ; 1                      ; Signed Integer                                           ;
; c_cnt_bypass_en12                    ; false                  ; String                                                   ;
; c_cnt_in_src12                       ; ph_mux_clk             ; String                                                   ;
; c_cnt_odd_div_duty_en12              ; false                  ; String                                                   ;
; c_cnt_prst12                         ; 1                      ; Signed Integer                                           ;
; c_cnt_ph_mux_prst12                  ; 0                      ; Signed Integer                                           ;
; c_cnt_hi_div13                       ; 1                      ; Signed Integer                                           ;
; c_cnt_lo_div13                       ; 1                      ; Signed Integer                                           ;
; c_cnt_bypass_en13                    ; false                  ; String                                                   ;
; c_cnt_in_src13                       ; ph_mux_clk             ; String                                                   ;
; c_cnt_odd_div_duty_en13              ; false                  ; String                                                   ;
; c_cnt_prst13                         ; 1                      ; Signed Integer                                           ;
; c_cnt_ph_mux_prst13                  ; 0                      ; Signed Integer                                           ;
; c_cnt_hi_div14                       ; 1                      ; Signed Integer                                           ;
; c_cnt_lo_div14                       ; 1                      ; Signed Integer                                           ;
; c_cnt_bypass_en14                    ; false                  ; String                                                   ;
; c_cnt_in_src14                       ; ph_mux_clk             ; String                                                   ;
; c_cnt_odd_div_duty_en14              ; false                  ; String                                                   ;
; c_cnt_prst14                         ; 1                      ; Signed Integer                                           ;
; c_cnt_ph_mux_prst14                  ; 0                      ; Signed Integer                                           ;
; c_cnt_hi_div15                       ; 1                      ; Signed Integer                                           ;
; c_cnt_lo_div15                       ; 1                      ; Signed Integer                                           ;
; c_cnt_bypass_en15                    ; false                  ; String                                                   ;
; c_cnt_in_src15                       ; ph_mux_clk             ; String                                                   ;
; c_cnt_odd_div_duty_en15              ; false                  ; String                                                   ;
; c_cnt_prst15                         ; 1                      ; Signed Integer                                           ;
; c_cnt_ph_mux_prst15                  ; 0                      ; Signed Integer                                           ;
; c_cnt_hi_div16                       ; 1                      ; Signed Integer                                           ;
; c_cnt_lo_div16                       ; 1                      ; Signed Integer                                           ;
; c_cnt_bypass_en16                    ; false                  ; String                                                   ;
; c_cnt_in_src16                       ; ph_mux_clk             ; String                                                   ;
; c_cnt_odd_div_duty_en16              ; false                  ; String                                                   ;
; c_cnt_prst16                         ; 1                      ; Signed Integer                                           ;
; c_cnt_ph_mux_prst16                  ; 0                      ; Signed Integer                                           ;
; c_cnt_hi_div17                       ; 1                      ; Signed Integer                                           ;
; c_cnt_lo_div17                       ; 1                      ; Signed Integer                                           ;
; c_cnt_bypass_en17                    ; false                  ; String                                                   ;
; c_cnt_in_src17                       ; ph_mux_clk             ; String                                                   ;
; c_cnt_odd_div_duty_en17              ; false                  ; String                                                   ;
; c_cnt_prst17                         ; 1                      ; Signed Integer                                           ;
; c_cnt_ph_mux_prst17                  ; 0                      ; Signed Integer                                           ;
; pll_vco_div                          ; 1                      ; Signed Integer                                           ;
; pll_slf_rst                          ; false                  ; String                                                   ;
; pll_bw_sel                           ; low                    ; String                                                   ;
; pll_output_clk_frequency             ; 0 MHz                  ; String                                                   ;
; pll_cp_current                       ; 0                      ; Signed Integer                                           ;
; pll_bwctrl                           ; 0                      ; Signed Integer                                           ;
; pll_fractional_division              ; 1                      ; Signed Integer                                           ;
; pll_fractional_cout                  ; 24                     ; Signed Integer                                           ;
; pll_dsm_out_sel                      ; 1st_order              ; String                                                   ;
; mimic_fbclk_type                     ; gclk                   ; String                                                   ;
; pll_fbclk_mux_1                      ; glb                    ; String                                                   ;
; pll_fbclk_mux_2                      ; fb_1                   ; String                                                   ;
; pll_m_cnt_in_src                     ; ph_mux_clk             ; String                                                   ;
; pll_vcoph_div                        ; 1                      ; Signed Integer                                           ;
; refclk1_frequency                    ; 0 MHz                  ; String                                                   ;
; pll_clkin_0_src                      ; clk_0                  ; String                                                   ;
; pll_clkin_1_src                      ; clk_0                  ; String                                                   ;
; pll_clk_loss_sw_en                   ; false                  ; String                                                   ;
; pll_auto_clk_sw_en                   ; false                  ; String                                                   ;
; pll_manu_clk_sw_en                   ; false                  ; String                                                   ;
; pll_clk_sw_dly                       ; 0                      ; Signed Integer                                           ;
; pll_extclk_0_cnt_src                 ; pll_extclk_cnt_src_vss ; String                                                   ;
; pll_extclk_1_cnt_src                 ; pll_extclk_cnt_src_vss ; String                                                   ;
+--------------------------------------+------------------------+----------------------------------------------------------+
Note: In order to hide this table in the UI and the text report file, please set the "Show Parameter Settings in Synthesis Report" option in "Analysis and Synthesis Settings -> More Settings" to "Off".


+-------------------------------------------------------------------------------------------+
; Parameter Settings for User Entity Instance: image_sync:SYNC_BLOCK|contador_uni:H_COUNTER ;
+----------------+-------+------------------------------------------------------------------+
; Parameter Name ; Value ; Type                                                             ;
+----------------+-------+------------------------------------------------------------------+
; n              ; 11    ; Signed Integer                                                   ;
+----------------+-------+------------------------------------------------------------------+
Note: In order to hide this table in the UI and the text report file, please set the "Show Parameter Settings in Synthesis Report" option in "Analysis and Synthesis Settings -> More Settings" to "Off".


+-------------------------------------------------------------------------------------------+
; Parameter Settings for User Entity Instance: image_sync:SYNC_BLOCK|contador_uni:V_COUNTER ;
+----------------+-------+------------------------------------------------------------------+
; Parameter Name ; Value ; Type                                                             ;
+----------------+-------+------------------------------------------------------------------+
; n              ; 11    ; Signed Integer                                                   ;
+----------------+-------+------------------------------------------------------------------+
Note: In order to hide this table in the UI and the text report file, please set the "Show Parameter Settings in Synthesis Report" option in "Analysis and Synthesis Settings -> More Settings" to "Off".


+------------------------------------------------------------------------------------------------------------------------------------+
; Parameter Settings for User Entity Instance: pixel_generate:COLOR_BLOCK|LEAFEON_OB_ROM:LEAFEON_ROM|altsyncram:altsyncram_component ;
+------------------------------------+----------------------------+------------------------------------------------------------------+
; Parameter Name                     ; Value                      ; Type                                                             ;
+------------------------------------+----------------------------+------------------------------------------------------------------+
; BYTE_SIZE_BLOCK                    ; 8                          ; Untyped                                                          ;
; AUTO_CARRY_CHAINS                  ; ON                         ; AUTO_CARRY                                                       ;
; IGNORE_CARRY_BUFFERS               ; OFF                        ; IGNORE_CARRY                                                     ;
; AUTO_CASCADE_CHAINS                ; ON                         ; AUTO_CASCADE                                                     ;
; IGNORE_CASCADE_BUFFERS             ; OFF                        ; IGNORE_CASCADE                                                   ;
; WIDTH_BYTEENA                      ; 1                          ; Untyped                                                          ;
; OPERATION_MODE                     ; ROM                        ; Untyped                                                          ;
; WIDTH_A                            ; 24                         ; Signed Integer                                                   ;
; WIDTHAD_A                          ; 14                         ; Signed Integer                                                   ;
; NUMWORDS_A                         ; 16384                      ; Signed Integer                                                   ;
; OUTDATA_REG_A                      ; CLOCK0                     ; Untyped                                                          ;
; ADDRESS_ACLR_A                     ; NONE                       ; Untyped                                                          ;
; OUTDATA_ACLR_A                     ; NONE                       ; Untyped                                                          ;
; WRCONTROL_ACLR_A                   ; NONE                       ; Untyped                                                          ;
; INDATA_ACLR_A                      ; NONE                       ; Untyped                                                          ;
; BYTEENA_ACLR_A                     ; NONE                       ; Untyped                                                          ;
; WIDTH_B                            ; 1                          ; Signed Integer                                                   ;
; WIDTHAD_B                          ; 1                          ; Signed Integer                                                   ;
; NUMWORDS_B                         ; 0                          ; Signed Integer                                                   ;
; INDATA_REG_B                       ; CLOCK1                     ; Untyped                                                          ;
; WRCONTROL_WRADDRESS_REG_B          ; CLOCK1                     ; Untyped                                                          ;
; RDCONTROL_REG_B                    ; CLOCK1                     ; Untyped                                                          ;
; ADDRESS_REG_B                      ; CLOCK1                     ; Untyped                                                          ;
; OUTDATA_REG_B                      ; UNREGISTERED               ; Untyped                                                          ;
; BYTEENA_REG_B                      ; CLOCK1                     ; Untyped                                                          ;
; INDATA_ACLR_B                      ; NONE                       ; Untyped                                                          ;
; WRCONTROL_ACLR_B                   ; NONE                       ; Untyped                                                          ;
; ADDRESS_ACLR_B                     ; NONE                       ; Untyped                                                          ;
; OUTDATA_ACLR_B                     ; NONE                       ; Untyped                                                          ;
; RDCONTROL_ACLR_B                   ; NONE                       ; Untyped                                                          ;
; BYTEENA_ACLR_B                     ; NONE                       ; Untyped                                                          ;
; WIDTH_BYTEENA_A                    ; 1                          ; Signed Integer                                                   ;
; WIDTH_BYTEENA_B                    ; 1                          ; Signed Integer                                                   ;
; RAM_BLOCK_TYPE                     ; AUTO                       ; Untyped                                                          ;
; BYTE_SIZE                          ; 8                          ; Signed Integer                                                   ;
; READ_DURING_WRITE_MODE_MIXED_PORTS ; DONT_CARE                  ; Untyped                                                          ;
; READ_DURING_WRITE_MODE_PORT_A      ; NEW_DATA_NO_NBE_READ       ; Untyped                                                          ;
; READ_DURING_WRITE_MODE_PORT_B      ; NEW_DATA_NO_NBE_READ       ; Untyped                                                          ;
; INIT_FILE                          ; ../sprite_mifs/leafeon.mif ; Untyped                                                          ;
; INIT_FILE_LAYOUT                   ; PORT_A                     ; Untyped                                                          ;
; MAXIMUM_DEPTH                      ; 0                          ; Signed Integer                                                   ;
; CLOCK_ENABLE_INPUT_A               ; BYPASS                     ; Untyped                                                          ;
; CLOCK_ENABLE_INPUT_B               ; NORMAL                     ; Untyped                                                          ;
; CLOCK_ENABLE_OUTPUT_A              ; BYPASS                     ; Untyped                                                          ;
; CLOCK_ENABLE_OUTPUT_B              ; NORMAL                     ; Untyped                                                          ;
; CLOCK_ENABLE_CORE_A                ; USE_INPUT_CLKEN            ; Untyped                                                          ;
; CLOCK_ENABLE_CORE_B                ; USE_INPUT_CLKEN            ; Untyped                                                          ;
; ENABLE_ECC                         ; FALSE                      ; Untyped                                                          ;
; ECC_PIPELINE_STAGE_ENABLED         ; FALSE                      ; Untyped                                                          ;
; WIDTH_ECCSTATUS                    ; 3                          ; Signed Integer                                                   ;
; DEVICE_FAMILY                      ; Cyclone V                  ; Untyped                                                          ;
; CBXI_PARAMETER                     ; altsyncram_0134            ; Untyped                                                          ;
+------------------------------------+----------------------------+------------------------------------------------------------------+
Note: In order to hide this table in the UI and the text report file, please set the "Show Parameter Settings in Synthesis Report" option in "Analysis and Synthesis Settings -> More Settings" to "Off".


+-----------------------------------------------------------------------------------------------------------------------------------+
; altsyncram Parameter Settings by Entity Instance                                                                                  ;
+-------------------------------------------+---------------------------------------------------------------------------------------+
; Name                                      ; Value                                                                                 ;
+-------------------------------------------+---------------------------------------------------------------------------------------+
; Number of entity instances                ; 1                                                                                     ;
; Entity Instance                           ; pixel_generate:COLOR_BLOCK|LEAFEON_OB_ROM:LEAFEON_ROM|altsyncram:altsyncram_component ;
;     -- OPERATION_MODE                     ; ROM                                                                                   ;
;     -- WIDTH_A                            ; 24                                                                                    ;
;     -- NUMWORDS_A                         ; 16384                                                                                 ;
;     -- OUTDATA_REG_A                      ; CLOCK0                                                                                ;
;     -- WIDTH_B                            ; 1                                                                                     ;
;     -- NUMWORDS_B                         ; 0                                                                                     ;
;     -- ADDRESS_REG_B                      ; CLOCK1                                                                                ;
;     -- OUTDATA_REG_B                      ; UNREGISTERED                                                                          ;
;     -- RAM_BLOCK_TYPE                     ; AUTO                                                                                  ;
;     -- READ_DURING_WRITE_MODE_MIXED_PORTS ; DONT_CARE                                                                             ;
+-------------------------------------------+---------------------------------------------------------------------------------------+


+---------------------------------------------------------------------------------------------------------------------+
; Port Connectivity Checks: "image_sync:SYNC_BLOCK|contador_uni:V_COUNTER"                                            ;
+-----------+--------+----------+-------------------------------------------------------------------------------------+
; Port      ; Type   ; Severity ; Details                                                                             ;
+-----------+--------+----------+-------------------------------------------------------------------------------------+
; syn_clr   ; Input  ; Info     ; Stuck at GND                                                                        ;
; ini       ; Input  ; Info     ; Stuck at GND                                                                        ;
; up        ; Input  ; Info     ; Stuck at VCC                                                                        ;
; max[6..5] ; Input  ; Info     ; Stuck at VCC                                                                        ;
; max[3..0] ; Input  ; Info     ; Stuck at VCC                                                                        ;
; max[8..7] ; Input  ; Info     ; Stuck at GND                                                                        ;
; max[10]   ; Input  ; Info     ; Stuck at GND                                                                        ;
; max[9]    ; Input  ; Info     ; Stuck at VCC                                                                        ;
; max[4]    ; Input  ; Info     ; Stuck at GND                                                                        ;
; max_tick  ; Output ; Info     ; Connected to dangling logic. Logic that only feeds a dangling port will be removed. ;
+-----------+--------+----------+-------------------------------------------------------------------------------------+


+--------------------------------------------------------------------------+
; Port Connectivity Checks: "image_sync:SYNC_BLOCK|contador_uni:H_COUNTER" ;
+-----------+-------+----------+-------------------------------------------+
; Port      ; Type  ; Severity ; Details                                   ;
+-----------+-------+----------+-------------------------------------------+
; ena       ; Input ; Info     ; Stuck at VCC                              ;
; syn_clr   ; Input ; Info     ; Stuck at GND                              ;
; ini       ; Input ; Info     ; Stuck at GND                              ;
; up        ; Input ; Info     ; Stuck at VCC                              ;
; max[4..0] ; Input ; Info     ; Stuck at VCC                              ;
; max[9..5] ; Input ; Info     ; Stuck at GND                              ;
; max[10]   ; Input ; Info     ; Stuck at VCC                              ;
+-----------+-------+----------+-------------------------------------------+


+----------------------------------------------------------------------------------------------------------------+
; Port Connectivity Checks: "move_controller:MOVE_CONT|bitn_fullAdder:POS_Y_SUM"                                 ;
+------+--------+----------+-------------------------------------------------------------------------------------+
; Port ; Type   ; Severity ; Details                                                                             ;
+------+--------+----------+-------------------------------------------------------------------------------------+
; cin  ; Input  ; Info     ; Stuck at GND                                                                        ;
; cout ; Output ; Info     ; Connected to dangling logic. Logic that only feeds a dangling port will be removed. ;
+------+--------+----------+-------------------------------------------------------------------------------------+


+----------------------------------------------------------------------------------------------------------------+
; Port Connectivity Checks: "move_controller:MOVE_CONT|bitn_fullAdder:POS_X_SUM"                                 ;
+------+--------+----------+-------------------------------------------------------------------------------------+
; Port ; Type   ; Severity ; Details                                                                             ;
+------+--------+----------+-------------------------------------------------------------------------------------+
; cin  ; Input  ; Info     ; Stuck at GND                                                                        ;
; cout ; Output ; Info     ; Connected to dangling logic. Logic that only feeds a dangling port will be removed. ;
+------+--------+----------+-------------------------------------------------------------------------------------+


+-----------------------------------------------------------------------------------------------------------------------+
; Port Connectivity Checks: "move_controller:MOVE_CONT|contador_uni:REFRESH_C"                                          ;
+-------------+--------+----------+-------------------------------------------------------------------------------------+
; Port        ; Type   ; Severity ; Details                                                                             ;
+-------------+--------+----------+-------------------------------------------------------------------------------------+
; ena         ; Input  ; Info     ; Stuck at VCC                                                                        ;
; syn_clr     ; Input  ; Info     ; Stuck at GND                                                                        ;
; ini         ; Input  ; Info     ; Stuck at GND                                                                        ;
; up          ; Input  ; Info     ; Stuck at VCC                                                                        ;
; max[18..15] ; Input  ; Info     ; Stuck at VCC                                                                        ;
; max[21..19] ; Input  ; Info     ; Stuck at GND                                                                        ;
; max[12..9]  ; Input  ; Info     ; Stuck at GND                                                                        ;
; max[7..6]   ; Input  ; Info     ; Stuck at GND                                                                        ;
; max[4..0]   ; Input  ; Info     ; Stuck at GND                                                                        ;
; max[14]     ; Input  ; Info     ; Stuck at GND                                                                        ;
; max[13]     ; Input  ; Info     ; Stuck at VCC                                                                        ;
; max[8]      ; Input  ; Info     ; Stuck at VCC                                                                        ;
; max[5]      ; Input  ; Info     ; Stuck at VCC                                                                        ;
; counter     ; Output ; Info     ; Connected to dangling logic. Logic that only feeds a dangling port will be removed. ;
+-------------+--------+----------+-------------------------------------------------------------------------------------+


+-----------------------------------------------------+
; Post-Synthesis Netlist Statistics for Top Partition ;
+-----------------------+-----------------------------+
; Type                  ; Count                       ;
+-----------------------+-----------------------------+
; arriav_ff             ; 257                         ;
;     CLR SCLR          ; 33                          ;
;     ENA CLR SCLR      ; 11                          ;
;     SCLR              ; 58                          ;
;     plain             ; 155                         ;
; arriav_lcell_comb     ; 226                         ;
;     arith             ; 51                          ;
;         1 data inputs ; 44                          ;
;         2 data inputs ; 7                           ;
;     normal            ; 111                         ;
;         1 data inputs ; 5                           ;
;         2 data inputs ; 4                           ;
;         3 data inputs ; 24                          ;
;         4 data inputs ; 8                           ;
;         5 data inputs ; 32                          ;
;         6 data inputs ; 38                          ;
;     shared            ; 64                          ;
;         0 data inputs ; 40                          ;
;         1 data inputs ; 2                           ;
;         2 data inputs ; 22                          ;
; boundary_port         ; 33                          ;
; generic_pll           ; 1                           ;
; stratixv_ram_block    ; 48                          ;
;                       ;                             ;
; Max LUT depth         ; 5.10                        ;
; Average LUT depth     ; 2.53                        ;
+-----------------------+-----------------------------+


+-------------------------------+
; Elapsed Time Per Partition    ;
+----------------+--------------+
; Partition Name ; Elapsed Time ;
+----------------+--------------+
; Top            ; 00:00:00     ;
+----------------+--------------+


+-------------------------------+
; Analysis & Synthesis Messages ;
+-------------------------------+
Info: *******************************************************************
Info: Running Quartus Prime Analysis & Synthesis
    Info: Version 25.1std.0 Build 1129 10/21/2025 SC Lite Edition
    Info: Processing started: Thu May  7 00:06:39 2026
Info: Command: quartus_map --read_settings_files=on --write_settings_files=off VGA -c VGA
Warning (18236): Number of processors has not been specified which may cause overloading on shared machines.  Set the global assignment NUM_PARALLEL_PROCESSORS in your QSF to an appropriate value for best performance.
Info (20032): Parallel compilation is enabled and will use up to 4 processors
Info (12021): Found 2 design units, including 1 entities, in source file move_controller.vhd
    Info (12022): Found design unit 1: move_controller-sinchronous File: /home/griznu1_/Nextcloud/ERR/UNI/5semestre/digitales/labs/7lab_VGA/codigo/move_controller.vhd Line: 25
    Info (12023): Found entity 1: move_controller File: /home/griznu1_/Nextcloud/ERR/UNI/5semestre/digitales/labs/7lab_VGA/codigo/move_controller.vhd Line: 7
Info (12021): Found 2 design units, including 1 entities, in source file bit1_fullAdder.vhd
    Info (12022): Found design unit 1: bit1_fullAdder-mux_sumador File: /home/griznu1_/Nextcloud/ERR/UNI/5semestre/digitales/labs/7lab_VGA/codigo/bit1_fullAdder.vhd Line: 14
    Info (12023): Found entity 1: bit1_fullAdder File: /home/griznu1_/Nextcloud/ERR/UNI/5semestre/digitales/labs/7lab_VGA/codigo/bit1_fullAdder.vhd Line: 4
Info (12021): Found 2 design units, including 1 entities, in source file bitn_fullAdder.vhd
    Info (12022): Found design unit 1: bitn_fullAdder-call File: /home/griznu1_/Nextcloud/ERR/UNI/5semestre/digitales/labs/7lab_VGA/codigo/bitn_fullAdder.vhd Line: 16
    Info (12023): Found entity 1: bitn_fullAdder File: /home/griznu1_/Nextcloud/ERR/UNI/5semestre/digitales/labs/7lab_VGA/codigo/bitn_fullAdder.vhd Line: 4
Info (12021): Found 2 design units, including 1 entities, in source file VGA.vhd
    Info (12022): Found design unit 1: VGA-call File: /home/griznu1_/Nextcloud/ERR/UNI/5semestre/digitales/labs/7lab_VGA/codigo/VGA.vhd Line: 30
    Info (12023): Found entity 1: VGA File: /home/griznu1_/Nextcloud/ERR/UNI/5semestre/digitales/labs/7lab_VGA/codigo/VGA.vhd Line: 10
Info (12021): Found 2 design units, including 1 entities, in source file pixel_generate.vhd
    Info (12022): Found design unit 1: pixel_generate-main File: /home/griznu1_/Nextcloud/ERR/UNI/5semestre/digitales/labs/7lab_VGA/codigo/pixel_generate.vhd Line: 24
    Info (12023): Found entity 1: pixel_generate File: /home/griznu1_/Nextcloud/ERR/UNI/5semestre/digitales/labs/7lab_VGA/codigo/pixel_generate.vhd Line: 8
Info (12021): Found 2 design units, including 1 entities, in source file image_sync.vhd
    Info (12022): Found design unit 1: image_sync-main_arch File: /home/griznu1_/Nextcloud/ERR/UNI/5semestre/digitales/labs/7lab_VGA/codigo/image_sync.vhd Line: 21
    Info (12023): Found entity 1: image_sync File: /home/griznu1_/Nextcloud/ERR/UNI/5semestre/digitales/labs/7lab_VGA/codigo/image_sync.vhd Line: 8
Info (12021): Found 2 design units, including 1 entities, in source file contador_uni.vhd
    Info (12022): Found design unit 1: contador_uni-rtl File: /home/griznu1_/Nextcloud/ERR/UNI/5semestre/digitales/labs/7lab_VGA/codigo/contador_uni.vhd Line: 22
    Info (12023): Found entity 1: contador_uni File: /home/griznu1_/Nextcloud/ERR/UNI/5semestre/digitales/labs/7lab_VGA/codigo/contador_uni.vhd Line: 6
Info (12021): Found 2 design units, including 0 entities, in source file basic_package.vhd
    Info (12022): Found design unit 1: basic_package File: /home/griznu1_/Nextcloud/ERR/UNI/5semestre/digitales/labs/7lab_VGA/codigo/basic_package.vhd Line: 5
    Info (12022): Found design unit 2: basic_package-body File: /home/griznu1_/Nextcloud/ERR/UNI/5semestre/digitales/labs/7lab_VGA/codigo/basic_package.vhd Line: 60
Info (12021): Found 2 design units, including 0 entities, in source file VGA_package.vhd
    Info (12022): Found design unit 1: VGA_package File: /home/griznu1_/Nextcloud/ERR/UNI/5semestre/digitales/labs/7lab_VGA/codigo/VGA_package.vhd Line: 7
    Info (12022): Found design unit 2: VGA_package-body File: /home/griznu1_/Nextcloud/ERR/UNI/5semestre/digitales/labs/7lab_VGA/codigo/VGA_package.vhd Line: 65
Info (12021): Found 2 design units, including 1 entities, in source file PLL_40MHz.vhd
    Info (12022): Found design unit 1: PLL_40MHz-rtl File: /home/griznu1_/Nextcloud/ERR/UNI/5semestre/digitales/labs/7lab_VGA/codigo/PLL_40MHz.vhd Line: 20
    Info (12023): Found entity 1: PLL_40MHz File: /home/griznu1_/Nextcloud/ERR/UNI/5semestre/digitales/labs/7lab_VGA/codigo/PLL_40MHz.vhd Line: 11
Info (12021): Found 1 design units, including 1 entities, in source file PLL_40MHz/PLL_40MHz_0002.v
    Info (12023): Found entity 1: PLL_40MHz_0002 File: /home/griznu1_/Nextcloud/ERR/UNI/5semestre/digitales/labs/7lab_VGA/codigo/PLL_40MHz/PLL_40MHz_0002.v Line: 2
Info (12021): Found 2 design units, including 1 entities, in source file LEAFEON_OB_ROM.vhd
    Info (12022): Found design unit 1: leafeon_ob_rom-SYN File: /home/griznu1_/Nextcloud/ERR/UNI/5semestre/digitales/labs/7lab_VGA/codigo/LEAFEON_OB_ROM.vhd Line: 53
    Info (12023): Found entity 1: LEAFEON_OB_ROM File: /home/griznu1_/Nextcloud/ERR/UNI/5semestre/digitales/labs/7lab_VGA/codigo/LEAFEON_OB_ROM.vhd Line: 43
Info (12127): Elaborating entity "VGA" for the top level hierarchy
Info (12128): Elaborating entity "move_controller" for hierarchy "move_controller:MOVE_CONT" File: /home/griznu1_/Nextcloud/ERR/UNI/5semestre/digitales/labs/7lab_VGA/codigo/VGA.vhd Line: 41
Info (12128): Elaborating entity "contador_uni" for hierarchy "move_controller:MOVE_CONT|contador_uni:REFRESH_C" File: /home/griznu1_/Nextcloud/ERR/UNI/5semestre/digitales/labs/7lab_VGA/codigo/move_controller.vhd Line: 53
Info (12128): Elaborating entity "bitn_fullAdder" for hierarchy "move_controller:MOVE_CONT|bitn_fullAdder:POS_X_SUM" File: /home/griznu1_/Nextcloud/ERR/UNI/5semestre/digitales/labs/7lab_VGA/codigo/move_controller.vhd Line: 113
Info (12128): Elaborating entity "bit1_fullAdder" for hierarchy "move_controller:MOVE_CONT|bitn_fullAdder:POS_X_SUM|bit1_fullAdder:fullAdder0" File: /home/griznu1_/Nextcloud/ERR/UNI/5semestre/digitales/labs/7lab_VGA/codigo/bitn_fullAdder.vhd Line: 21
Info (12128): Elaborating entity "PLL_40MHz" for hierarchy "PLL_40MHz:CLOCK_BLOCK" File: /home/griznu1_/Nextcloud/ERR/UNI/5semestre/digitales/labs/7lab_VGA/codigo/VGA.vhd Line: 65
Info (12128): Elaborating entity "PLL_40MHz_0002" for hierarchy "PLL_40MHz:CLOCK_BLOCK|PLL_40MHz_0002:pll_40mhz_inst" File: /home/griznu1_/Nextcloud/ERR/UNI/5semestre/digitales/labs/7lab_VGA/codigo/PLL_40MHz.vhd Line: 32
Info (12128): Elaborating entity "altera_pll" for hierarchy "PLL_40MHz:CLOCK_BLOCK|PLL_40MHz_0002:pll_40mhz_inst|altera_pll:altera_pll_i" File: /home/griznu1_/Nextcloud/ERR/UNI/5semestre/digitales/labs/7lab_VGA/codigo/PLL_40MHz/PLL_40MHz_0002.v Line: 85
Info (10008): Verilog HDL or VHDL information: EDA Netlist Writer cannot regroup multidimensional array "wire_to_nowhere_64" into its bus
Info (12130): Elaborated megafunction instantiation "PLL_40MHz:CLOCK_BLOCK|PLL_40MHz_0002:pll_40mhz_inst|altera_pll:altera_pll_i" File: /home/griznu1_/Nextcloud/ERR/UNI/5semestre/digitales/labs/7lab_VGA/codigo/PLL_40MHz/PLL_40MHz_0002.v Line: 85
Info (12133): Instantiated megafunction "PLL_40MHz:CLOCK_BLOCK|PLL_40MHz_0002:pll_40mhz_inst|altera_pll:altera_pll_i" with the following parameter: File: /home/griznu1_/Nextcloud/ERR/UNI/5semestre/digitales/labs/7lab_VGA/codigo/PLL_40MHz/PLL_40MHz_0002.v Line: 85
    Info (12134): Parameter "fractional_vco_multiplier" = "false"
    Info (12134): Parameter "reference_clock_frequency" = "50.0 MHz"
    Info (12134): Parameter "operation_mode" = "direct"
    Info (12134): Parameter "number_of_clocks" = "1"
    Info (12134): Parameter "output_clock_frequency0" = "40.000000 MHz"
    Info (12134): Parameter "phase_shift0" = "0 ps"
    Info (12134): Parameter "duty_cycle0" = "50"
    Info (12134): Parameter "output_clock_frequency1" = "0 MHz"
    Info (12134): Parameter "phase_shift1" = "0 ps"
    Info (12134): Parameter "duty_cycle1" = "50"
    Info (12134): Parameter "output_clock_frequency2" = "0 MHz"
    Info (12134): Parameter "phase_shift2" = "0 ps"
    Info (12134): Parameter "duty_cycle2" = "50"
    Info (12134): Parameter "output_clock_frequency3" = "0 MHz"
    Info (12134): Parameter "phase_shift3" = "0 ps"
    Info (12134): Parameter "duty_cycle3" = "50"
    Info (12134): Parameter "output_clock_frequency4" = "0 MHz"
    Info (12134): Parameter "phase_shift4" = "0 ps"
    Info (12134): Parameter "duty_cycle4" = "50"
    Info (12134): Parameter "output_clock_frequency5" = "0 MHz"
    Info (12134): Parameter "phase_shift5" = "0 ps"
    Info (12134): Parameter "duty_cycle5" = "50"
    Info (12134): Parameter "output_clock_frequency6" = "0 MHz"
    Info (12134): Parameter "phase_shift6" = "0 ps"
    Info (12134): Parameter "duty_cycle6" = "50"
    Info (12134): Parameter "output_clock_frequency7" = "0 MHz"
    Info (12134): Parameter "phase_shift7" = "0 ps"
    Info (12134): Parameter "duty_cycle7" = "50"
    Info (12134): Parameter "output_clock_frequency8" = "0 MHz"
    Info (12134): Parameter "phase_shift8" = "0 ps"
    Info (12134): Parameter "duty_cycle8" = "50"
    Info (12134): Parameter "output_clock_frequency9" = "0 MHz"
    Info (12134): Parameter "phase_shift9" = "0 ps"
    Info (12134): Parameter "duty_cycle9" = "50"
    Info (12134): Parameter "output_clock_frequency10" = "0 MHz"
    Info (12134): Parameter "phase_shift10" = "0 ps"
    Info (12134): Parameter "duty_cycle10" = "50"
    Info (12134): Parameter "output_clock_frequency11" = "0 MHz"
    Info (12134): Parameter "phase_shift11" = "0 ps"
    Info (12134): Parameter "duty_cycle11" = "50"
    Info (12134): Parameter "output_clock_frequency12" = "0 MHz"
    Info (12134): Parameter "phase_shift12" = "0 ps"
    Info (12134): Parameter "duty_cycle12" = "50"
    Info (12134): Parameter "output_clock_frequency13" = "0 MHz"
    Info (12134): Parameter "phase_shift13" = "0 ps"
    Info (12134): Parameter "duty_cycle13" = "50"
    Info (12134): Parameter "output_clock_frequency14" = "0 MHz"
    Info (12134): Parameter "phase_shift14" = "0 ps"
    Info (12134): Parameter "duty_cycle14" = "50"
    Info (12134): Parameter "output_clock_frequency15" = "0 MHz"
    Info (12134): Parameter "phase_shift15" = "0 ps"
    Info (12134): Parameter "duty_cycle15" = "50"
    Info (12134): Parameter "output_clock_frequency16" = "0 MHz"
    Info (12134): Parameter "phase_shift16" = "0 ps"
    Info (12134): Parameter "duty_cycle16" = "50"
    Info (12134): Parameter "output_clock_frequency17" = "0 MHz"
    Info (12134): Parameter "phase_shift17" = "0 ps"
    Info (12134): Parameter "duty_cycle17" = "50"
    Info (12134): Parameter "pll_type" = "General"
    Info (12134): Parameter "pll_subtype" = "General"
Info (12128): Elaborating entity "image_sync" for hierarchy "image_sync:SYNC_BLOCK" File: /home/griznu1_/Nextcloud/ERR/UNI/5semestre/digitales/labs/7lab_VGA/codigo/VGA.vhd Line: 74
Info (12128): Elaborating entity "contador_uni" for hierarchy "image_sync:SYNC_BLOCK|contador_uni:H_COUNTER" File: /home/griznu1_/Nextcloud/ERR/UNI/5semestre/digitales/labs/7lab_VGA/codigo/image_sync.vhd Line: 64
Info (12128): Elaborating entity "pixel_generate" for hierarchy "pixel_generate:COLOR_BLOCK" File: /home/griznu1_/Nextcloud/ERR/UNI/5semestre/digitales/labs/7lab_VGA/codigo/VGA.vhd Line: 86
Info (12128): Elaborating entity "LEAFEON_OB_ROM" for hierarchy "pixel_generate:COLOR_BLOCK|LEAFEON_OB_ROM:LEAFEON_ROM" File: /home/griznu1_/Nextcloud/ERR/UNI/5semestre/digitales/labs/7lab_VGA/codigo/pixel_generate.vhd Line: 49
Info (12128): Elaborating entity "altsyncram" for hierarchy "pixel_generate:COLOR_BLOCK|LEAFEON_OB_ROM:LEAFEON_ROM|altsyncram:altsyncram_component" File: /home/griznu1_/Nextcloud/ERR/UNI/5semestre/digitales/labs/7lab_VGA/codigo/LEAFEON_OB_ROM.vhd Line: 60
Info (12130): Elaborated megafunction instantiation "pixel_generate:COLOR_BLOCK|LEAFEON_OB_ROM:LEAFEON_ROM|altsyncram:altsyncram_component" File: /home/griznu1_/Nextcloud/ERR/UNI/5semestre/digitales/labs/7lab_VGA/codigo/LEAFEON_OB_ROM.vhd Line: 60
Info (12133): Instantiated megafunction "pixel_generate:COLOR_BLOCK|LEAFEON_OB_ROM:LEAFEON_ROM|altsyncram:altsyncram_component" with the following parameter: File: /home/griznu1_/Nextcloud/ERR/UNI/5semestre/digitales/labs/7lab_VGA/codigo/LEAFEON_OB_ROM.vhd Line: 60
    Info (12134): Parameter "address_aclr_a" = "NONE"
    Info (12134): Parameter "address_aclr_b" = "NONE"
    Info (12134): Parameter "address_reg_b" = "CLOCK1"
    Info (12134): Parameter "byte_size" = "8"
    Info (12134): Parameter "byteena_aclr_a" = "UNUSED"
    Info (12134): Parameter "byteena_aclr_b" = "NONE"
    Info (12134): Parameter "byteena_reg_b" = "CLOCK1"
    Info (12134): Parameter "clock_enable_core_a" = "USE_INPUT_CLKEN"
    Info (12134): Parameter "clock_enable_core_b" = "USE_INPUT_CLKEN"
    Info (12134): Parameter "clock_enable_input_a" = "BYPASS"
    Info (12134): Parameter "clock_enable_input_b" = "NORMAL"
    Info (12134): Parameter "clock_enable_output_a" = "BYPASS"
    Info (12134): Parameter "clock_enable_output_b" = "NORMAL"
    Info (12134): Parameter "intended_device_family" = "Cyclone V"
    Info (12134): Parameter "ecc_pipeline_stage_enabled" = "FALSE"
    Info (12134): Parameter "enable_ecc" = "FALSE"
    Info (12134): Parameter "implement_in_les" = "OFF"
    Info (12134): Parameter "indata_aclr_a" = "UNUSED"
    Info (12134): Parameter "indata_aclr_b" = "NONE"
    Info (12134): Parameter "indata_reg_b" = "CLOCK1"
    Info (12134): Parameter "init_file" = "../sprite_mifs/leafeon.mif"
    Info (12134): Parameter "init_file_layout" = "PORT_A"
    Info (12134): Parameter "maximum_depth" = "0"
    Info (12134): Parameter "numwords_a" = "16384"
    Info (12134): Parameter "numwords_b" = "0"
    Info (12134): Parameter "operation_mode" = "ROM"
    Info (12134): Parameter "outdata_aclr_a" = "NONE"
    Info (12134): Parameter "outdata_aclr_b" = "NONE"
    Info (12134): Parameter "outdata_reg_a" = "CLOCK0"
    Info (12134): Parameter "outdata_reg_b" = "UNREGISTERED"
    Info (12134): Parameter "power_up_uninitialized" = "FALSE"
    Info (12134): Parameter "ram_block_type" = "AUTO"
    Info (12134): Parameter "rdcontrol_aclr_b" = "NONE"
    Info (12134): Parameter "rdcontrol_reg_b" = "CLOCK1"
    Info (12134): Parameter "read_during_write_mode_mixed_ports" = "DONT_CARE"
    Info (12134): Parameter "read_during_write_mode_port_a" = "NEW_DATA_NO_NBE_READ"
    Info (12134): Parameter "read_during_write_mode_port_b" = "NEW_DATA_NO_NBE_READ"
    Info (12134): Parameter "stratixiv_m144k_allow_dual_clocks" = "ON"
    Info (12134): Parameter "width_a" = "24"
    Info (12134): Parameter "width_b" = "1"
    Info (12134): Parameter "width_byteena_a" = "1"
    Info (12134): Parameter "width_byteena_b" = "1"
    Info (12134): Parameter "width_eccstatus" = "3"
    Info (12134): Parameter "widthad_a" = "14"
    Info (12134): Parameter "widthad_b" = "1"
    Info (12134): Parameter "wrcontrol_aclr_a" = "UNUSED"
    Info (12134): Parameter "wrcontrol_aclr_b" = "NONE"
    Info (12134): Parameter "wrcontrol_wraddress_reg_b" = "CLOCK1"
    Info (12134): Parameter "lpm_hint" = "ENABLE_RUNTIME_MOD=NO"
    Info (12134): Parameter "lpm_type" = "altsyncram"
Info (12021): Found 1 design units, including 1 entities, in source file db/altsyncram_0134.tdf
    Info (12023): Found entity 1: altsyncram_0134 File: /home/griznu1_/Nextcloud/ERR/UNI/5semestre/digitales/labs/7lab_VGA/codigo/db/altsyncram_0134.tdf Line: 32
Info (12128): Elaborating entity "altsyncram_0134" for hierarchy "pixel_generate:COLOR_BLOCK|LEAFEON_OB_ROM:LEAFEON_ROM|altsyncram:altsyncram_component|altsyncram_0134:auto_generated" File: /opt/intelFPGA/25.1/quartus/libraries/megafunctions/altsyncram.tdf Line: 792
Info (12021): Found 1 design units, including 1 entities, in source file db/decode_u0a.tdf
    Info (12023): Found entity 1: decode_u0a File: /home/griznu1_/Nextcloud/ERR/UNI/5semestre/digitales/labs/7lab_VGA/codigo/db/decode_u0a.tdf Line: 23
Info (12128): Elaborating entity "decode_u0a" for hierarchy "pixel_generate:COLOR_BLOCK|LEAFEON_OB_ROM:LEAFEON_ROM|altsyncram:altsyncram_component|altsyncram_0134:auto_generated|decode_u0a:rden_decode" File: /home/griznu1_/Nextcloud/ERR/UNI/5semestre/digitales/labs/7lab_VGA/codigo/db/altsyncram_0134.tdf Line: 41
Info (12021): Found 1 design units, including 1 entities, in source file db/mux_3hb.tdf
    Info (12023): Found entity 1: mux_3hb File: /home/griznu1_/Nextcloud/ERR/UNI/5semestre/digitales/labs/7lab_VGA/codigo/db/mux_3hb.tdf Line: 23
Info (12128): Elaborating entity "mux_3hb" for hierarchy "pixel_generate:COLOR_BLOCK|LEAFEON_OB_ROM:LEAFEON_ROM|altsyncram:altsyncram_component|altsyncram_0134:auto_generated|mux_3hb:mux2" File: /home/griznu1_/Nextcloud/ERR/UNI/5semestre/digitales/labs/7lab_VGA/codigo/db/altsyncram_0134.tdf Line: 42
Info (286030): Timing-Driven Synthesis is running
Info (16010): Generating hard_block partition "hard_block:auto_generated_inst"
    Info (16011): Adding 7 node(s), including 0 DDIO, 1 PLL, 0 transceiver and 0 LCELL
Info (21057): Implemented 401 device resources after synthesis - the final resource count might be different
    Info (21058): Implemented 6 input pins
    Info (21059): Implemented 27 output pins
    Info (21061): Implemented 319 logic cells
    Info (21064): Implemented 48 RAM segments
    Info (21065): Implemented 1 PLLs
Info: Quartus Prime Analysis & Synthesis was successful. 0 errors, 1 warning
    Info: Peak virtual memory: 529 megabytes
    Info: Processing ended: Thu May  7 00:06:51 2026
    Info: Elapsed time: 00:00:12
    Info: Total CPU time (on all processors): 00:00:30


